epoch,mol_id,dG_pred_kcal,dG_exp_kcal,abs_err_kcal,mse_ev2
0,mobley_9534740,-120.482033,-25.469999,95.012033,16.975391
0,mobley_6239320,-7.763125,-18.059999,10.296875,0.199376
0,mobley_7794077,-326.458405,-15.460000,310.998405,181.877461
0,mobley_7415647,-166.596939,-11.950000,154.646939,44.972312
0,mobley_1728386,-29.955809,-11.000000,18.955809,0.675690
0,mobley_2269032,-26.332947,-10.210000,16.122947,0.488823
0,mobley_2913224,-88.819763,-9.940000,78.879764,11.700213
0,mobley_2659552,-51.294674,-9.760000,41.534674,3.244025
0,mobley_7176290,-110.240639,-9.620000,100.620639,19.038674
0,mobley_2295058,-22.056831,-9.510000,12.546831,0.296027
0,mobley_6055410,-94.134506,-9.400000,84.734507,13.501536
0,mobley_4639255,-5.740073,-9.300000,3.559927,0.023831
0,mobley_1417007,-227.506989,-9.010000,218.496988,89.774598
0,mobley_6115639,-206.554184,-8.700000,197.854184,73.612749
0,mobley_6353617,-17.376240,-8.260000,9.116240,0.156277
0,mobley_2725215,-571.674438,-7.980000,563.694438,597.516718
0,mobley_7039935,-4.685134,-7.670000,2.984866,0.016754
0,mobley_4059279,-38.197899,-7.580000,30.617899,1.762842
0,mobley_951560,-30.574413,-7.400000,23.174413,1.009904
0,mobley_1922649,-426.028625,-7.190000,418.838625,329.880020
0,mobley_8798016,-15.728658,-7.000000,8.728658,0.143271
0,mobley_1858644,-2.614237,-6.790000,4.175763,0.032789
0,mobley_9114381,-48.070389,-6.720000,41.350389,3.215302
0,mobley_5311804,-1.450871,-6.620000,5.169129,0.050246
0,mobley_6743808,-3.282691,-6.500000,3.217309,0.019465
0,mobley_8789864,-99.204803,-6.400000,92.804803,16.195840
0,mobley_7009711,-4.919130,-6.270000,1.350870,0.003432
0,mobley_8789465,-14.263908,-6.200000,8.063909,0.122280
0,mobley_2923700,-4.349106,-6.130000,1.780894,0.005964
0,mobley_4780078,-2.961541,-6.010000,3.048459,0.017475
0,mobley_5467162,-0.634449,-5.910000,5.275551,0.052336
0,mobley_6257907,-88.831718,-5.820000,83.011718,12.958101
0,mobley_7913234,-12.734751,-5.730000,7.004751,0.092267
0,mobley_5518547,-5.772927,-5.570000,0.202927,0.000077
0,mobley_4883284,-5.420715,-5.490000,0.069285,0.000009
0,mobley_5220185,-43.823738,-5.450000,38.373738,2.769050
0,mobley_3359593,-1.451577,-5.260000,3.808423,0.027274
0,mobley_4683624,-5.379489,-5.210000,0.169489,0.000054
0,mobley_1636752,-0.128890,-5.100000,4.971110,0.046470
0,mobley_2310185,-0.789463,-5.000000,4.210537,0.033338
0,mobley_3682850,-7.542765,-4.910000,2.632765,0.013034
0,mobley_1363784,-9.817186,-4.840000,4.977186,0.046583
0,mobley_2837389,-3.645676,-4.780000,1.134324,0.002420
0,mobley_9507933,-7.598209,-4.720000,2.878209,0.015578
0,mobley_296847,-6.723713,-4.690000,2.033713,0.007778
0,mobley_8208692,-481.894592,-4.610000,477.284592,428.368364
0,mobley_4884177,-9.074898,-4.590000,4.484898,0.037824
0,mobley_6714389,0.270388,-4.550000,4.820388,0.043694
0,mobley_2245668,-1.817630,-4.500000,2.682370,0.013530
0,mobley_5973402,-3.056844,-4.420000,1.363156,0.003494
0,mobley_3546460,-5.707950,-4.400000,1.307950,0.003217
0,mobley_8311303,-487.134735,-4.380000,482.754735,438.243663
0,mobley_9741965,-411.483704,-4.290000,407.193704,311.791785
0,mobley_4603202,-7.012404,-4.230000,2.782404,0.014558
0,mobley_628086,-231.125397,-4.160000,226.965397,96.868341
0,mobley_4620651,-18.215328,-4.100000,14.115328,0.374666
0,mobley_7977115,-5.473198,-4.060000,1.413198,0.003756
0,mobley_2789243,-91.911644,-4.010000,87.901644,14.529697
0,mobley_3968739,-18.481564,-3.920000,14.561563,0.398730
0,mobley_63712,-6.430980,-3.880000,2.550980,0.012237
0,mobley_1046331,-25.212940,-3.820000,21.392940,0.860604
0,mobley_1160109,-10.076827,-3.750000,6.326827,0.075272
0,mobley_4149784,-149.038498,-3.670000,145.368498,39.737740
0,mobley_397645,-22.725693,-3.640000,19.085693,0.684981
0,mobley_4690963,-5.711172,-3.540000,2.171172,0.008864
0,mobley_1967551,-2.207562,-3.500000,1.292438,0.003141
0,mobley_6733657,-1268.767700,-3.440000,1265.327700,3010.707692
0,mobley_9565165,-1.022765,-3.350000,2.327235,0.010185
0,mobley_2487143,-5.649716,-3.280000,2.369716,0.010560
0,mobley_8449031,-2.192012,-3.220000,1.027988,0.001987
0,mobley_172879,-34.997143,-3.150000,31.847143,1.907232
0,mobley_5346580,0.982623,-3.110000,4.092623,0.031497
0,mobley_3573480,-6.312463,-3.040000,3.272463,0.020138
0,mobley_1075836,-18.448208,-2.930000,15.518208,0.452841
0,mobley_6102880,-8.119830,-2.870000,5.249830,0.051827
0,mobley_1827204,-7.216131,-2.810000,4.406131,0.036507
0,mobley_2146331,-2.718943,-2.750000,0.031057,0.000002
0,mobley_7943327,-14.495229,-2.680000,11.815229,0.262511
0,mobley_5110043,-2.768887,-2.630000,0.138886,0.000036
0,mobley_5616693,-12.923067,-2.530000,10.393067,0.203119
0,mobley_6619554,-16.571312,-2.490000,14.081312,0.372863
0,mobley_6359156,-51.612373,-2.460000,49.152373,4.543092
0,mobley_1781152,-16.601292,-2.400000,14.201292,0.379244
0,mobley_859464,-18.277840,-2.360000,15.917840,0.476465
0,mobley_7150646,-7.543586,-2.300000,5.243586,0.051703
0,mobley_1592519,-17.747105,-2.230000,15.517105,0.452777
0,mobley_5538249,-279.183960,-2.160000,277.023960,144.310266
0,mobley_6911232,-1.986585,-2.100000,0.113415,0.000024
0,mobley_3269565,-2.631198,-2.010000,0.621198,0.000726
0,mobley_2484519,-49.260139,-1.930000,47.330140,4.212483
0,mobley_7690440,35.023411,-1.830000,36.853411,2.553983
0,mobley_3802803,-144.779999,-1.660000,143.119999,38.517954
0,mobley_1144156,-1.946224,-1.590000,0.356224,0.000239
0,mobley_2481002,-16.606777,-1.450000,15.156777,0.431993
0,mobley_2489709,-105.887344,-1.360000,104.527344,20.545769
0,mobley_5052949,-23.727039,-1.280000,22.447039,0.947503
0,mobley_2492140,-0.135906,-1.230000,1.094094,0.002251
0,mobley_7542832,-5.919925,-1.160000,4.759925,0.042605
0,mobley_7814642,-100.478981,-1.120000,99.358981,18.564225
0,mobley_1563176,-6.415703,-0.990000,5.425703,0.055357
0,mobley_1873346,-1.173031,-0.900000,0.273031,0.000140
0,mobley_3040612,-2.190614,-0.850000,1.340614,0.003380
0,mobley_4483973,-12.050378,-0.800000,11.250378,0.238011
0,mobley_9913368,-85.850227,-0.780000,85.070227,13.608735
0,mobley_1449384,-3.361533,-0.680000,2.681533,0.013522
0,mobley_7708038,-0.748981,-0.560000,0.188981,0.000067
0,mobley_8311321,-36.082172,-0.500000,35.582172,2.380825
0,mobley_766666,-53.483143,-0.440000,53.043143,5.290797
0,mobley_5445548,-2.509455,-0.300000,2.209455,0.009180
0,mobley_9029594,3.028831,-0.220000,3.248831,0.019848
0,mobley_3370989,-57.977394,-0.110000,57.867394,6.296952
0,mobley_627267,-0.063454,-0.030000,0.033454,0.000002
0,mobley_6250025,-4.367018,0.080000,4.447018,0.037188
0,mobley_4252724,-3.229083,0.160000,3.389083,0.021599
0,mobley_7157427,-52.549309,0.290000,52.839309,5.250212
0,mobley_8885088,-1.626196,0.560000,2.186196,0.008988
0,mobley_8522124,-4.865760,0.710000,5.575760,0.058462
0,mobley_4678740,-316.638031,1.070000,317.708031,189.809938
0,mobley_2689721,-4.867302,1.230000,6.097302,0.069910
0,mobley_1662128,-2.087660,1.380000,3.467660,0.022612
0,mobley_4762983,-4.758956,1.660000,6.418956,0.077480
0,mobley_7732703,-71.140961,1.790000,72.930961,10.001990
0,mobley_2068538,-1.964902,2.000000,3.964902,0.029562
0,mobley_5157661,2.577508,2.300000,0.277508,0.000145
0,mobley_1261349,8.597399,2.510000,6.087399,0.069683
0,mobley_2328633,-8.223381,2.550000,10.773381,0.218256
0,mobley_8436428,-4.328902,2.830000,7.158902,0.096373
0,mobley_3060426,6.224023,2.930000,3.294023,0.020404
0,mobley_2197088,-8.012428,3.160000,11.172428,0.234724
1,mobley_9534740,-33.766155,-25.469999,8.296156,0.129424
1,mobley_6239320,-66.696602,-18.059999,48.636602,4.448248
1,mobley_7794077,-82.897621,-15.460000,67.437621,8.551987
1,mobley_7415647,-41.949486,-11.950000,29.999486,1.692350
1,mobley_1728386,-9.409928,-11.000000,1.590072,0.004754
1,mobley_2269032,-5.493485,-10.210000,4.716515,0.041832
1,mobley_2913224,-27.826962,-9.940000,17.886962,0.601639
1,mobley_2659552,-8.758076,-9.760000,1.001925,0.001888
1,mobley_7176290,-34.422802,-9.620000,24.802802,1.156815
1,mobley_2295058,-3.860720,-9.510000,5.649280,0.060013
1,mobley_6055410,-23.358088,-9.400000,13.958088,0.366365
1,mobley_4639255,-0.194204,-9.300000,9.105796,0.155919
1,mobley_1417007,-191.029160,-9.010000,182.019159,62.301251
1,mobley_6115639,-31.827642,-8.700000,23.127643,1.005832
1,mobley_6353617,-1.922385,-8.260000,6.337615,0.075529
1,mobley_2725215,-170.252045,-7.980000,162.272045,49.516504
1,mobley_7039935,0.184565,-7.670000,7.854565,0.116013
1,mobley_4059279,-9.187072,-7.580000,1.607072,0.004857
1,mobley_951560,-10.001275,-7.400000,2.601275,0.012724
1,mobley_1922649,-90.135933,-7.190000,82.945933,12.937571
1,mobley_8798016,-1.283851,-7.000000,5.716149,0.061443
1,mobley_1858644,-1.172695,-6.790000,5.617305,0.059336
1,mobley_9114381,-15.084754,-6.720000,8.364754,0.131574
1,mobley_5311804,-0.338689,-6.620000,6.281311,0.074193
1,mobley_6743808,-0.350796,-6.500000,6.149204,0.071105
1,mobley_8789864,-22.573473,-6.400000,16.173473,0.491891
1,mobley_7009711,-0.820485,-6.270000,5.449515,0.055844
1,mobley_8789465,-3.447100,-6.200000,2.752900,0.014251
1,mobley_2923700,-0.882248,-6.130000,5.247752,0.051786
1,mobley_4780078,0.027792,-6.010000,6.037792,0.068552
1,mobley_5467162,-1.608870,-5.910000,4.301130,0.034788
1,mobley_6257907,-15.677214,-5.820000,9.857213,0.182714
1,mobley_7913234,-3.821239,-5.730000,1.908761,0.006851
1,mobley_5518547,-1.910547,-5.570000,3.659453,0.025182
1,mobley_4883284,-0.832994,-5.490000,4.657006,0.040783
1,mobley_5220185,-11.740905,-5.450000,6.290905,0.074420
1,mobley_3359593,-5.703703,-5.260000,0.443703,0.000370
1,mobley_4683624,-2.087305,-5.210000,3.122695,0.018337
1,mobley_1636752,0.257637,-5.100000,5.357637,0.053977
1,mobley_2310185,-0.772914,-5.000000,4.227086,0.033600
1,mobley_3682850,-2.311203,-4.910000,2.598797,0.012700
1,mobley_1363784,-3.230104,-4.840000,1.609896,0.004874
1,mobley_2837389,0.641960,-4.780000,5.421960,0.055281
1,mobley_9507933,-1.802174,-4.720000,2.917826,0.016010
1,mobley_296847,-0.105262,-4.690000,4.584738,0.039527
1,mobley_8208692,-223.484329,-4.610000,218.874329,90.084945
1,mobley_4884177,-2.250009,-4.590000,2.339991,0.010297
1,mobley_6714389,-0.451377,-4.550000,4.098624,0.031589
1,mobley_2245668,-2.051099,-4.500000,2.448901,0.011277
1,mobley_5973402,-3.134103,-4.420000,1.285897,0.003109
1,mobley_3546460,-3.335697,-4.400000,1.064303,0.002130
1,mobley_8311303,-159.762665,-4.380000,155.382665,45.401238
1,mobley_9741965,-94.468102,-4.290000,90.178102,15.292016
1,mobley_4603202,-24.584520,-4.230000,20.354520,0.779084
1,mobley_628086,-37.882435,-4.160000,33.722435,2.138456
1,mobley_4620651,-2.929499,-4.100000,1.170501,0.002576
1,mobley_7977115,-3.337867,-4.060000,0.722132,0.000981
1,mobley_2789243,-20.499855,-4.010000,16.489855,0.511324
1,mobley_3968739,-3.760474,-3.920000,0.159526,0.000048
1,mobley_63712,-3.642618,-3.880000,0.237382,0.000106
1,mobley_1046331,-5.837585,-3.820000,2.017585,0.007655
1,mobley_1160109,-4.187532,-3.750000,0.437532,0.000360
1,mobley_4149784,-41.639313,-3.670000,37.969313,2.710991
1,mobley_397645,-4.846585,-3.640000,1.206585,0.002738
1,mobley_4690963,-3.166970,-3.540000,0.373029,0.000262
1,mobley_1967551,-0.191546,-3.500000,3.308454,0.020583
1,mobley_6733657,-387.463074,-3.440000,384.023074,277.317451
1,mobley_9565165,0.235513,-3.350000,3.585513,0.024175
1,mobley_2487143,-2.285665,-3.280000,0.994335,0.001859
1,mobley_8449031,-3.371690,-3.220000,0.151690,0.000043
1,mobley_172879,-9.062226,-3.150000,5.912226,0.065730
1,mobley_5346580,-2.874391,-3.110000,0.235609,0.000104
1,mobley_3573480,-2.941781,-3.040000,0.098219,0.000018
1,mobley_1075836,-2.372735,-2.930000,0.557266,0.000584
1,mobley_6102880,-0.917203,-2.870000,1.952797,0.007171
1,mobley_1827204,-3.002242,-2.810000,0.192242,0.000069
1,mobley_2146331,0.081057,-2.750000,2.831057,0.015072
1,mobley_7943327,-3.123150,-2.680000,0.443150,0.000369
1,mobley_5110043,-1.465362,-2.630000,1.164638,0.002551
1,mobley_5616693,-5.466580,-2.530000,2.936580,0.016216
1,mobley_6619554,-4.905769,-2.490000,2.415769,0.010974
1,mobley_6359156,-41.531933,-2.460000,39.071933,2.870730
1,mobley_1781152,-4.351251,-2.400000,1.951251,0.007160
1,mobley_859464,-4.553050,-2.360000,2.193050,0.009044
1,mobley_7150646,-0.574727,-2.300000,1.725273,0.005597
1,mobley_1592519,-5.373110,-2.230000,3.143110,0.018577
1,mobley_5538249,-73.003380,-2.160000,70.843380,9.437590
1,mobley_6911232,-0.724350,-2.100000,1.375650,0.003559
1,mobley_3269565,-1.031487,-2.010000,0.978513,0.001801
1,mobley_2484519,-11.629763,-1.930000,9.699763,0.176923
1,mobley_7690440,-24.536217,-1.830000,22.706217,0.969510
1,mobley_3802803,-47.730179,-1.660000,46.070179,3.991190
1,mobley_1144156,-1.417897,-1.590000,0.172103,0.000056
1,mobley_2481002,-129.954895,-1.450000,128.504895,31.052881
1,mobley_2489709,-48.737488,-1.360000,47.377488,4.220915
1,mobley_5052949,-7.222346,-1.280000,5.942346,0.066402
1,mobley_2492140,-130.578751,-1.230000,129.348751,31.462051
1,mobley_7542832,-3.402794,-1.160000,2.242794,0.009459
1,mobley_7814642,-68.086052,-1.120000,66.966052,8.432803
1,mobley_1563176,-4.083990,-0.990000,3.093990,0.018001
1,mobley_1873346,-0.436948,-0.900000,0.463052,0.000403
1,mobley_3040612,-0.958324,-0.850000,0.108324,0.000022
1,mobley_4483973,-2.656800,-0.800000,1.856800,0.006483
1,mobley_9913368,-16.331144,-0.780000,15.551144,0.454765
1,mobley_1449384,-2.081604,-0.680000,1.401604,0.003694
1,mobley_7708038,-0.041115,-0.560000,0.518885,0.000506
1,mobley_8311321,-24.871588,-0.500000,24.371588,1.116941
1,mobley_766666,-36.072060,-0.440000,35.632060,2.387506
1,mobley_5445548,-1.247204,-0.300000,0.947204,0.001687
1,mobley_9029594,-0.179169,-0.220000,0.040831,0.000003
1,mobley_3370989,-10.688623,-0.110000,10.578623,0.210436
1,mobley_627267,-1.460399,-0.030000,1.430399,0.003847
1,mobley_6250025,-2.549877,0.080000,2.629877,0.013006
1,mobley_4252724,-2.422068,0.160000,2.582068,0.012537
1,mobley_7157427,-14.824524,0.290000,15.114524,0.429587
1,mobley_8885088,-0.291195,0.560000,0.851195,0.001362
1,mobley_8522124,-2.425129,0.710000,3.135129,0.018483
1,mobley_4678740,-47.087177,1.070000,48.157177,4.360985
1,mobley_2689721,-2.976257,1.230000,4.206257,0.033270
1,mobley_1662128,-0.997377,1.380000,2.377377,0.010628
1,mobley_4762983,-2.948463,1.660000,4.608463,0.039937
1,mobley_7732703,-40.397823,1.790000,42.187823,3.346854
1,mobley_2068538,-1.610410,2.000000,3.610410,0.024512
1,mobley_5157661,-2.291744,2.300000,4.591743,0.039648
1,mobley_1261349,-2.275987,2.510000,4.785987,0.043073
1,mobley_2328633,-5.408732,2.550000,7.958732,0.119111
1,mobley_8436428,-4.465328,2.830000,7.295328,0.100081
1,mobley_3060426,-4.304219,2.930000,7.234219,0.098411
1,mobley_2197088,-5.297943,3.160000,8.457943,0.134522
2,mobley_9534740,-1.376621,-25.469999,24.093378,1.091586
2,mobley_6239320,26.949236,-18.059999,45.009235,3.809481
2,mobley_7794077,32.938297,-15.460000,48.398297,4.404765
2,mobley_7415647,6.779820,-11.950000,18.729820,0.659675
2,mobley_1728386,-6.065478,-11.000000,4.934522,0.045788
2,mobley_2269032,-0.865561,-10.210000,9.344439,0.164198
2,mobley_2913224,-0.460611,-9.940000,9.479388,0.168975
2,mobley_2659552,-2.325651,-9.760000,7.434349,0.103932
2,mobley_7176290,8.449367,-9.620000,18.069366,0.613972
2,mobley_2295058,-2.566686,-9.510000,6.943314,0.090656
2,mobley_6055410,-8.975714,-9.400000,0.424286,0.000339
2,mobley_4639255,-0.339550,-9.300000,8.960450,0.150981
2,mobley_1417007,90.581322,-9.010000,99.591322,18.651147
2,mobley_6115639,5.264434,-8.700000,13.964434,0.366699
2,mobley_6353617,-0.644248,-8.260000,7.615752,0.109066
2,mobley_2725215,40.968277,-7.980000,48.948277,4.505442
2,mobley_7039935,-8.244207,-7.670000,0.574207,0.000620
2,mobley_4059279,-0.227241,-7.580000,7.352759,0.101663
2,mobley_951560,-3.361424,-7.400000,4.038576,0.030670
2,mobley_1922649,26.489597,-7.190000,33.679597,2.133027
2,mobley_8798016,-5.264078,-7.000000,1.735922,0.005667
2,mobley_1858644,-6.221842,-6.790000,0.568158,0.000607
2,mobley_9114381,5.168281,-6.720000,11.888280,0.265767
2,mobley_5311804,-5.648685,-6.620000,0.971315,0.001774
2,mobley_6743808,2.379707,-6.500000,8.879707,0.148272
2,mobley_8789864,1.643361,-6.400000,8.043361,0.121657
2,mobley_7009711,7.066314,-6.270000,13.336314,0.334452
2,mobley_8789465,-3.841946,-6.200000,2.358054,0.010456
2,mobley_2923700,-4.491782,-6.130000,1.638218,0.005047
2,mobley_4780078,4.444665,-6.010000,10.454666,0.205534
2,mobley_5467162,-3.217662,-5.910000,2.692338,0.013631
2,mobley_6257907,-2.349479,-5.820000,3.470521,0.022649
2,mobley_7913234,0.091168,-5.730000,5.821168,0.063721
2,mobley_5518547,-3.610167,-5.570000,1.959833,0.007223
2,mobley_4883284,-7.622880,-5.490000,2.132880,0.008555
2,mobley_5220185,-0.941455,-5.450000,4.508545,0.038224
2,mobley_3359593,5.229808,-5.260000,10.489808,0.206918
2,mobley_4683624,-4.881120,-5.210000,0.328880,0.000203
2,mobley_1636752,5.527178,-5.100000,10.627178,0.212373
2,mobley_2310185,0.638511,-5.000000,5.638511,0.059785
2,mobley_3682850,-1.281294,-4.910000,3.628706,0.024761
2,mobley_1363784,7.968864,-4.840000,12.808864,0.308520
2,mobley_2837389,-2.430283,-4.780000,2.349717,0.010382
2,mobley_9507933,5.641582,-4.720000,10.361582,0.201890
2,mobley_296847,-4.302852,-4.690000,0.387148,0.000282
2,mobley_8208692,98.957108,-4.610000,103.567108,20.170017
2,mobley_4884177,-4.063812,-4.590000,0.526188,0.000521
2,mobley_6714389,1.110474,-4.550000,5.660474,0.060252
2,mobley_2245668,2.330910,-4.500000,6.830910,0.087744
2,mobley_5973402,-1.052458,-4.420000,3.367542,0.021325
2,mobley_3546460,-0.384997,-4.400000,4.015003,0.030313
2,mobley_8311303,54.534607,-4.380000,58.914607,6.526924
2,mobley_9741965,28.102800,-4.290000,32.392800,1.973147
2,mobley_4603202,-1.229585,-4.230000,3.000415,0.016929
2,mobley_628086,17.062195,-4.160000,21.222195,0.846921
2,mobley_4620651,0.131573,-4.100000,4.231573,0.033672
2,mobley_7977115,-0.477272,-4.060000,3.582728,0.024137
2,mobley_2789243,3.139615,-4.010000,7.149616,0.096123
2,mobley_3968739,-2.537857,-3.920000,1.382143,0.003592
2,mobley_63712,-0.486691,-3.880000,3.393310,0.021653
2,mobley_1046331,-5.780811,-3.820000,1.960811,0.007230
2,mobley_1160109,-0.031402,-3.750000,3.718598,0.026003
2,mobley_4149784,-0.065301,-3.670000,3.604699,0.024434
2,mobley_397645,-7.447627,-3.640000,3.807626,0.027263
2,mobley_4690963,-0.974618,-3.540000,2.565382,0.012376
2,mobley_1967551,3.351222,-3.500000,6.851222,0.088267
2,mobley_6733657,146.917908,-3.440000,150.357908,42.512350
2,mobley_9565165,-8.848667,-3.350000,5.498667,0.056856
2,mobley_2487143,3.885983,-3.280000,7.165983,0.096564
2,mobley_8449031,-3.357683,-3.220000,0.137683,0.000036
2,mobley_172879,-9.184102,-3.150000,6.034102,0.068468
2,mobley_5346580,6.329823,-3.110000,9.439823,0.167568
2,mobley_3573480,3.605860,-3.040000,6.645860,0.083055
2,mobley_1075836,2.134917,-2.930000,5.064917,0.048240
2,mobley_6102880,-11.254608,-2.870000,8.384608,0.132199
2,mobley_1827204,-0.716796,-2.810000,2.093204,0.008239
2,mobley_2146331,1.863008,-2.750000,4.613008,0.040016
2,mobley_7943327,-0.308551,-2.680000,2.371449,0.010575
2,mobley_5110043,1.398370,-2.630000,4.028370,0.030516
2,mobley_5616693,-2.529966,-2.530000,0.000034,0.000000
2,mobley_6619554,-2.448318,-2.490000,0.041682,0.000003
2,mobley_6359156,-4.701287,-2.460000,2.241287,0.009446
2,mobley_1781152,8.092619,-2.400000,10.492619,0.207029
2,mobley_859464,1.595096,-2.360000,3.955096,0.029416
2,mobley_7150646,-3.041705,-2.300000,0.741705,0.001034
2,mobley_1592519,-1.474925,-2.230000,0.755075,0.001072
2,mobley_5538249,13.002501,-2.160000,15.162502,0.432319
2,mobley_6911232,6.041296,-2.100000,8.141296,0.124638
2,mobley_3269565,5.906896,-2.010000,7.916896,0.117862
2,mobley_2484519,-1.947581,-1.930000,0.017581,0.000001
2,mobley_7690440,-7.911035,-1.830000,6.081035,0.069537
2,mobley_3802803,17.645388,-1.660000,19.305388,0.700841
2,mobley_1144156,0.917834,-1.590000,2.507834,0.011827
2,mobley_2481002,113.796570,-1.450000,115.246570,24.975752
2,mobley_2489709,12.601089,-1.360000,13.961089,0.366523
2,mobley_5052949,1.262735,-1.280000,2.542735,0.012158
2,mobley_2492140,87.152405,-1.230000,88.382405,14.689066
2,mobley_7542832,0.614125,-1.160000,1.774125,0.005919
2,mobley_7814642,19.703045,-1.120000,20.823045,0.815363
2,mobley_1563176,-0.340755,-0.990000,0.649245,0.000793
2,mobley_1873346,-1.222735,-0.900000,0.322735,0.000196
2,mobley_3040612,-2.343353,-0.850000,1.493353,0.004194
2,mobley_4483973,-4.808458,-0.800000,4.008458,0.030215
2,mobley_9913368,8.262588,-0.780000,9.042588,0.153762
2,mobley_1449384,0.205233,-0.680000,0.885233,0.001474
2,mobley_7708038,2.905636,-0.560000,3.465636,0.022585
2,mobley_8311321,17.407288,-0.500000,17.907288,0.603007
2,mobley_766666,35.820877,-0.440000,36.260877,2.472516
2,mobley_5445548,-4.182319,-0.300000,3.882319,0.028343
2,mobley_9029594,7.340895,-0.220000,7.560895,0.107500
2,mobley_3370989,-0.174541,-0.110000,0.064541,0.000008
2,mobley_627267,4.076680,-0.030000,4.106680,0.031714
2,mobley_6250025,0.360021,0.080000,0.280021,0.000147
2,mobley_4252724,-5.912290,0.160000,6.072290,0.069337
2,mobley_7157427,1.779669,0.290000,1.489669,0.004173
2,mobley_8885088,-0.796613,0.560000,1.356613,0.003461
2,mobley_8522124,-0.023407,0.710000,0.733407,0.001011
2,mobley_4678740,26.852352,1.070000,25.782352,1.249993
2,mobley_2689721,-1.206476,1.230000,2.436476,0.011163
2,mobley_1662128,0.801598,1.380000,0.578402,0.000629
2,mobley_4762983,-0.115725,1.660000,1.775725,0.005929
2,mobley_7732703,19.643028,1.790000,17.853028,0.599358
2,mobley_2068538,1.878672,2.000000,0.121328,0.000028
2,mobley_5157661,3.094396,2.300000,0.794396,0.001187
2,mobley_1261349,6.337182,2.510000,3.827182,0.027544
2,mobley_2328633,-1.045215,2.550000,3.595215,0.024306
2,mobley_8436428,-3.543670,2.830000,6.373670,0.076391
2,mobley_3060426,1.677830,2.930000,1.252170,0.002948
2,mobley_2197088,-1.069445,3.160000,4.229445,0.033638
3,mobley_9534740,-1.074857,-25.469999,24.395143,1.119101
3,mobley_6239320,13.146389,-18.059999,31.206388,1.831258
3,mobley_7794077,16.119049,-15.460000,31.579049,1.875256
3,mobley_7415647,3.522540,-11.950000,15.472539,0.450180
3,mobley_1728386,-2.023779,-11.000000,8.976221,0.151513
3,mobley_2269032,-3.027065,-10.210000,7.182935,0.097021
3,mobley_2913224,1.110631,-9.940000,11.050630,0.229634
3,mobley_2659552,-2.921608,-9.760000,6.838392,0.087937
3,mobley_7176290,4.397177,-9.620000,14.017177,0.369474
3,mobley_2295058,-2.644303,-9.510000,6.865698,0.088640
3,mobley_6055410,-2.694979,-9.400000,6.705021,0.084540
3,mobley_4639255,-1.386681,-9.300000,7.913319,0.117755
3,mobley_1417007,62.544971,-9.010000,71.554972,9.628135
3,mobley_6115639,-0.163859,-8.700000,8.536141,0.137021
3,mobley_6353617,-2.055841,-8.260000,6.204159,0.072382
3,mobley_2725215,31.762718,-7.980000,39.742718,2.970145
3,mobley_7039935,-1.801087,-7.670000,5.868914,0.064771
3,mobley_4059279,-2.689806,-7.580000,4.890194,0.044969
3,mobley_951560,-3.899930,-7.400000,3.500070,0.023036
3,mobley_1922649,13.153010,-7.190000,20.343010,0.778203
3,mobley_8798016,-1.901157,-7.000000,5.098843,0.048888
3,mobley_1858644,-2.326591,-6.790000,4.463409,0.037462
3,mobley_9114381,1.197706,-6.720000,7.917706,0.117886
3,mobley_5311804,-1.710256,-6.620000,4.909744,0.045329
3,mobley_6743808,-1.428727,-6.500000,5.071273,0.048361
3,mobley_8789864,-0.488052,-6.400000,5.911948,0.065724
3,mobley_7009711,-1.495917,-6.270000,4.774083,0.042859
3,mobley_8789465,-0.731454,-6.200000,5.468546,0.056235
3,mobley_2923700,-2.380730,-6.130000,3.749270,0.026434
3,mobley_4780078,-1.130213,-6.010000,4.879787,0.044778
3,mobley_5467162,-2.417660,-5.910000,3.492340,0.022935
3,mobley_6257907,-0.946722,-5.820000,4.873278,0.044659
3,mobley_7913234,-3.423240,-5.730000,2.306760,0.010006
3,mobley_5518547,-3.724817,-5.570000,1.845183,0.006402
3,mobley_4883284,-3.493395,-5.490000,1.996604,0.007496
3,mobley_5220185,-0.642812,-5.450000,4.807188,0.043455
3,mobley_3359593,-3.000892,-5.260000,2.259108,0.009597
3,mobley_4683624,-2.862722,-5.210000,2.347278,0.010361
3,mobley_1636752,-0.630397,-5.100000,4.469603,0.037566
3,mobley_2310185,-1.319897,-5.000000,3.680103,0.025467
3,mobley_3682850,-2.137925,-4.910000,2.772074,0.014450
3,mobley_1363784,-1.905394,-4.840000,2.934606,0.016194
3,mobley_2837389,-1.019211,-4.780000,3.760789,0.026596
3,mobley_9507933,-1.645800,-4.720000,3.074200,0.017772
3,mobley_296847,-1.496955,-4.690000,3.193045,0.019172
3,mobley_8208692,73.192200,-4.610000,77.802200,11.382727
3,mobley_4884177,-2.417913,-4.590000,2.172087,0.008872
3,mobley_6714389,-1.439932,-4.550000,3.110069,0.018189
3,mobley_2245668,-1.918047,-4.500000,2.581953,0.012536
3,mobley_5973402,-2.674345,-4.420000,1.745655,0.005730
3,mobley_3546460,-3.104404,-4.400000,1.295596,0.003156
3,mobley_8311303,41.222599,-4.380000,45.602599,3.910585
3,mobley_9741965,15.869641,-4.290000,20.159641,0.764237
3,mobley_4603202,1.705651,-4.230000,5.935651,0.066252
3,mobley_628086,7.069745,-4.160000,11.229744,0.237139
3,mobley_4620651,-2.064205,-4.100000,2.035795,0.007793
3,mobley_7977115,-3.064282,-4.060000,0.995718,0.001864
3,mobley_2789243,2.976734,-4.010000,6.986734,0.091793
3,mobley_3968739,-2.030968,-3.920000,1.889032,0.006710
3,mobley_63712,-2.785348,-3.880000,1.094652,0.002253
3,mobley_1046331,-2.351301,-3.820000,1.468699,0.004056
3,mobley_1160109,-2.576914,-3.750000,1.173086,0.002588
3,mobley_4149784,2.529401,-3.670000,6.199401,0.072271
3,mobley_397645,-2.421414,-3.640000,1.218586,0.002792
3,mobley_4690963,-2.972934,-3.540000,0.567065,0.000605
3,mobley_1967551,-0.866830,-3.500000,2.633170,0.013038
3,mobley_6733657,123.335686,-3.440000,126.775686,30.222786
3,mobley_9565165,-1.405253,-3.350000,1.944747,0.007112
3,mobley_2487143,-2.480914,-3.280000,0.799086,0.001201
3,mobley_8449031,-2.673553,-3.220000,0.546447,0.000562
3,mobley_172879,-1.875182,-3.150000,1.274818,0.003056
3,mobley_5346580,-1.719961,-3.110000,1.390039,0.003633
3,mobley_3573480,-2.879731,-3.040000,0.160269,0.000048
3,mobley_1075836,-2.070154,-2.930000,0.859846,0.001390
3,mobley_6102880,-2.635580,-2.870000,0.234420,0.000103
3,mobley_1827204,-2.749257,-2.810000,0.060743,0.000007
3,mobley_2146331,0.349883,-2.750000,3.099883,0.018070
3,mobley_7943327,-2.525422,-2.680000,0.154578,0.000045
3,mobley_5110043,-1.770340,-2.630000,0.859660,0.001390
3,mobley_5616693,-3.486078,-2.530000,0.956078,0.001719
3,mobley_6619554,-3.764761,-2.490000,1.274761,0.003056
3,mobley_6359156,4.866226,-2.460000,7.326226,0.100931
3,mobley_1781152,-2.447017,-2.400000,0.047017,0.000004
3,mobley_859464,-3.285067,-2.360000,0.925067,0.001609
3,mobley_7150646,-1.028501,-2.300000,1.271499,0.003040
3,mobley_1592519,-3.893609,-2.230000,1.663609,0.005204
3,mobley_5538249,13.340454,-2.160000,15.500454,0.451805
3,mobley_6911232,-1.279540,-2.100000,0.820460,0.001266
3,mobley_3269565,-1.689639,-2.010000,0.320361,0.000193
3,mobley_2484519,1.428965,-1.930000,3.358965,0.021216
3,mobley_7690440,0.815877,-1.830000,2.645877,0.013164
3,mobley_3802803,5.728967,-1.660000,7.388967,0.102667
3,mobley_1144156,-1.818229,-1.590000,0.228229,0.000098
3,mobley_2481002,65.599297,-1.450000,67.049297,8.453781
3,mobley_2489709,11.113193,-1.360000,12.473193,0.292562
3,mobley_5052949,-2.784827,-1.280000,1.504827,0.004258
3,mobley_2492140,66.815109,-1.230000,68.045109,8.706756
3,mobley_7542832,-2.859908,-1.160000,1.699908,0.005434
3,mobley_7814642,14.578207,-1.120000,15.698207,0.463407
3,mobley_1563176,-2.457780,-0.990000,1.467780,0.004051
3,mobley_1873346,-1.353764,-0.900000,0.453764,0.000387
3,mobley_3040612,-1.658622,-0.850000,0.808622,0.001230
3,mobley_4483973,-1.534023,-0.800000,0.734023,0.001013
3,mobley_9913368,5.001715,-0.780000,5.781715,0.062860
3,mobley_1449384,-2.317682,-0.680000,1.637682,0.005043
3,mobley_7708038,-0.747127,-0.560000,0.187127,0.000066
3,mobley_8311321,11.766628,-0.500000,12.266628,0.282952
3,mobley_766666,22.073606,-0.440000,22.513606,0.953131
3,mobley_5445548,-2.150868,-0.300000,1.850868,0.006442
3,mobley_9029594,-0.559394,-0.220000,0.339394,0.000217
3,mobley_3370989,-1.410944,-0.110000,1.300944,0.003183
3,mobley_627267,-1.023828,-0.030000,0.993828,0.001857
3,mobley_6250025,-2.503113,0.080000,2.583113,0.012547
3,mobley_4252724,-2.658135,0.160000,2.818135,0.014934
3,mobley_7157427,-1.089519,0.290000,1.379519,0.003579
3,mobley_8885088,-1.109834,0.560000,1.669834,0.005243
3,mobley_8522124,-2.345466,0.710000,3.055466,0.017556
3,mobley_4678740,8.988596,1.070000,7.918596,0.117912
3,mobley_2689721,-2.634503,1.230000,3.864503,0.028083
3,mobley_1662128,-1.142832,1.380000,2.522832,0.011968
3,mobley_4762983,-2.479577,1.660000,4.139577,0.032224
3,mobley_7732703,16.268999,1.790000,14.478999,0.394221
3,mobley_2068538,-1.659844,2.000000,3.659844,0.025188
3,mobley_5157661,-1.790196,2.300000,4.090196,0.031459
3,mobley_1261349,-1.055156,2.510000,3.565156,0.023901
3,mobley_2328633,-4.456486,2.550000,7.006486,0.092313
3,mobley_8436428,-2.745614,2.830000,5.575613,0.058459
3,mobley_3060426,-2.445823,2.930000,5.375823,0.054344
3,mobley_2197088,-4.714270,3.160000,7.874270,0.116596
4,mobley_9534740,-12.241047,-25.469999,13.228952,0.329089
4,mobley_6239320,-16.890884,-18.059999,1.169115,0.002570
4,mobley_7794077,-12.987394,-15.460000,2.472606,0.011497
4,mobley_7415647,-8.946594,-11.950000,3.003406,0.016963
4,mobley_1728386,-6.038621,-11.000000,4.961379,0.046288
4,mobley_2269032,-9.489791,-10.210000,0.720209,0.000975
4,mobley_2913224,-7.041903,-9.940000,2.898096,0.015794
4,mobley_2659552,-7.946021,-9.760000,1.813979,0.006188
4,mobley_7176290,-5.029905,-9.620000,4.590095,0.039619
4,mobley_2295058,-7.369606,-9.510000,2.140394,0.008615
4,mobley_6055410,-10.334490,-9.400000,0.934490,0.001642
4,mobley_4639255,-2.912635,-9.300000,6.387365,0.076720
4,mobley_1417007,-18.960581,-9.010000,9.950581,0.186191
4,mobley_6115639,-7.546170,-8.700000,1.153830,0.002503
4,mobley_6353617,-6.693702,-8.260000,1.566298,0.004613
4,mobley_2725215,-4.578317,-7.980000,3.401683,0.021760
4,mobley_7039935,-5.792367,-7.670000,1.877633,0.006630
4,mobley_4059279,-7.783499,-7.580000,0.203499,0.000078
4,mobley_951560,-8.056943,-7.400000,0.656943,0.000812
4,mobley_1922649,-9.327386,-7.190000,2.137386,0.008591
4,mobley_8798016,-5.889717,-7.000000,1.110283,0.002318
4,mobley_1858644,-3.547959,-6.790000,3.242041,0.019765
4,mobley_9114381,-3.753222,-6.720000,2.966778,0.016551
4,mobley_5311804,-3.374271,-6.620000,3.245729,0.019810
4,mobley_6743808,-3.720384,-6.500000,2.779616,0.014529
4,mobley_8789864,-7.075832,-6.400000,0.675832,0.000859
4,mobley_7009711,-4.048586,-6.270000,2.221414,0.009279
4,mobley_8789465,-4.053739,-6.200000,2.146261,0.008662
4,mobley_2923700,-4.982133,-6.130000,1.147867,0.002478
4,mobley_4780078,-3.603304,-6.010000,2.406697,0.010892
4,mobley_5467162,-5.081257,-5.910000,0.828743,0.001292
4,mobley_6257907,-4.929497,-5.820000,0.890503,0.001491
4,mobley_7913234,-4.608851,-5.730000,1.121149,0.002364
4,mobley_5518547,-7.709707,-5.570000,2.139707,0.008609
4,mobley_4883284,-7.873997,-5.490000,2.383997,0.010687
4,mobley_5220185,-5.650391,-5.450000,0.200391,0.000076
4,mobley_3359593,-6.032014,-5.260000,0.772014,0.001121
4,mobley_4683624,-5.070387,-5.210000,0.139613,0.000037
4,mobley_1636752,-1.537575,-5.100000,3.562425,0.023865
4,mobley_2310185,-1.930650,-5.000000,3.069350,0.017716
4,mobley_3682850,-2.992073,-4.910000,1.917927,0.006917
4,mobley_1363784,-3.572150,-4.840000,1.267850,0.003023
4,mobley_2837389,-4.583620,-4.780000,0.196381,0.000073
4,mobley_9507933,-4.164427,-4.720000,0.555573,0.000580
4,mobley_296847,-5.275401,-4.690000,0.585401,0.000644
4,mobley_8208692,-6.643472,-4.610000,2.033472,0.007776
4,mobley_4884177,-4.222782,-4.590000,0.367218,0.000254
4,mobley_6714389,-2.115983,-4.550000,2.434018,0.011141
4,mobley_2245668,-2.783489,-4.500000,1.716511,0.005541
4,mobley_5973402,-2.800771,-4.420000,1.619230,0.004930
4,mobley_3546460,-2.509042,-4.400000,1.890958,0.006724
4,mobley_8311303,-17.660347,-4.380000,13.280347,0.331651
4,mobley_9741965,-10.150043,-4.290000,5.860044,0.064575
4,mobley_4603202,-3.363673,-4.230000,0.866327,0.001411
4,mobley_628086,-6.753195,-4.160000,2.593195,0.012645
4,mobley_4620651,-4.645559,-4.100000,0.545559,0.000560
4,mobley_7977115,-3.016962,-4.060000,1.043038,0.002046
4,mobley_2789243,-3.203019,-4.010000,0.806981,0.001225
4,mobley_3968739,-5.232357,-3.920000,1.312356,0.003239
4,mobley_63712,-4.072321,-3.880000,0.192321,0.000070
4,mobley_1046331,-5.558204,-3.820000,1.738204,0.005682
4,mobley_1160109,-2.483248,-3.750000,1.266752,0.003017
4,mobley_4149784,-5.956190,-3.670000,2.286190,0.009828
4,mobley_397645,-5.833250,-3.640000,2.193249,0.009046
4,mobley_4690963,-4.967432,-3.540000,1.427432,0.003832
4,mobley_1967551,-1.825085,-3.500000,1.674915,0.005275
4,mobley_6733657,-33.362038,-3.440000,29.922038,1.683623
4,mobley_9565165,-4.431364,-3.350000,1.081364,0.002199
4,mobley_2487143,-2.272637,-3.280000,1.007363,0.001908
4,mobley_8449031,-4.685251,-3.220000,1.465251,0.004037
4,mobley_172879,-8.370082,-3.150000,5.220082,0.051241
4,mobley_5346580,-2.568233,-3.110000,0.541766,0.000552
4,mobley_3573480,-2.532317,-3.040000,0.507683,0.000485
4,mobley_1075836,-5.570464,-2.930000,2.640464,0.013111
4,mobley_6102880,-6.734805,-2.870000,3.864805,0.028088
4,mobley_1827204,-2.374282,-2.810000,0.435718,0.000357
4,mobley_2146331,-0.916805,-2.750000,1.833195,0.006319
4,mobley_7943327,-5.511380,-2.680000,2.831380,0.015075
4,mobley_5110043,-4.328182,-2.630000,1.698182,0.005423
4,mobley_5616693,-3.256555,-2.530000,0.726555,0.000993
4,mobley_6619554,-5.227297,-2.490000,2.737297,0.014090
4,mobley_6359156,-5.570521,-2.460000,3.110521,0.018194
4,mobley_1781152,-4.127906,-2.400000,1.727906,0.005614
4,mobley_859464,-5.467537,-2.360000,3.107537,0.018159
4,mobley_7150646,-2.443530,-2.300000,0.143530,0.000039
4,mobley_1592519,-5.292383,-2.230000,3.062383,0.017635
4,mobley_5538249,-5.285634,-2.160000,3.125634,0.018371
4,mobley_6911232,-2.494758,-2.100000,0.394758,0.000293
4,mobley_3269565,-2.897353,-2.010000,0.887353,0.001481
4,mobley_2484519,-4.374041,-1.930000,2.444041,0.011233
4,mobley_7690440,-6.957449,-1.830000,5.127449,0.049439
4,mobley_3802803,-7.373668,-1.660000,5.713668,0.061389
4,mobley_1144156,-2.928373,-1.590000,1.338373,0.003368
4,mobley_2481002,-15.811434,-1.450000,14.361434,0.387845
4,mobley_2489709,-5.490672,-1.360000,4.130672,0.032085
4,mobley_5052949,-3.172398,-1.280000,1.892398,0.006734
4,mobley_2492140,-22.655138,-1.230000,21.425138,0.863197
4,mobley_7542832,-3.081034,-1.160000,1.921034,0.006940
4,mobley_7814642,-5.088598,-1.120000,3.968598,0.029617
4,mobley_1563176,-1.953162,-0.990000,0.963162,0.001744
4,mobley_1873346,-2.428565,-0.900000,1.528565,0.004394
4,mobley_3040612,-2.432143,-0.850000,1.582143,0.004707
4,mobley_4483973,-4.408587,-0.800000,3.608586,0.024487
4,mobley_9913368,-1.678184,-0.780000,0.898184,0.001517
4,mobley_1449384,-3.252189,-0.680000,2.572189,0.012441
4,mobley_7708038,-1.059020,-0.560000,0.499020,0.000468
4,mobley_8311321,-4.276411,-0.500000,3.776411,0.026818
4,mobley_766666,-1.779905,-0.440000,1.339905,0.003376
4,mobley_5445548,-3.035156,-0.300000,2.735156,0.014068
4,mobley_9029594,-1.806597,-0.220000,1.586597,0.004734
4,mobley_3370989,-3.831220,-0.110000,3.721220,0.026040
4,mobley_627267,-2.235902,-0.030000,2.205902,0.009150
4,mobley_6250025,-1.699630,0.080000,1.779630,0.005956
4,mobley_4252724,-3.292523,0.160000,3.452523,0.022415
4,mobley_7157427,-1.499547,0.290000,1.789547,0.006022
4,mobley_8885088,-2.151501,0.560000,2.711501,0.013826
4,mobley_8522124,-2.005059,0.710000,2.715059,0.013862
4,mobley_4678740,-8.349872,1.070000,9.419872,0.166860
4,mobley_2689721,-1.517931,1.230000,2.747931,0.014200
4,mobley_1662128,-1.576141,1.380000,2.956141,0.016433
4,mobley_4762983,-1.743130,1.660000,3.403130,0.021778
4,mobley_7732703,-6.451680,1.790000,8.241680,0.127730
4,mobley_2068538,-1.338597,2.000000,3.338597,0.020960
4,mobley_5157661,-1.676017,2.300000,3.976017,0.029728
4,mobley_1261349,-1.797474,2.510000,4.307474,0.034891
4,mobley_2328633,-1.944295,2.550000,4.494295,0.037983
4,mobley_8436428,-2.250639,2.830000,5.080639,0.048540
4,mobley_3060426,-2.249806,2.930000,5.179806,0.050453
4,mobley_2197088,-1.735327,3.160000,4.895327,0.045064
5,mobley_9534740,-12.566329,-25.469999,12.903670,0.313104
5,mobley_6239320,-18.430622,-18.059999,0.370623,0.000258
5,mobley_7794077,-13.370836,-15.460000,2.089164,0.008207
5,mobley_7415647,-7.743070,-11.950000,4.206930,0.033281
5,mobley_1728386,-6.395115,-11.000000,4.604885,0.039875
5,mobley_2269032,-8.479012,-10.210000,1.730989,0.005634
5,mobley_2913224,-7.209638,-9.940000,2.730362,0.014019
5,mobley_2659552,-5.846622,-9.760000,3.913378,0.028798
5,mobley_7176290,-6.283061,-9.620000,3.336939,0.020939
5,mobley_2295058,-8.056993,-9.510000,1.453008,0.003970
5,mobley_6055410,-11.967462,-9.400000,2.567462,0.012396
5,mobley_4639255,-3.402515,-9.300000,5.897485,0.065403
5,mobley_1417007,-2.481711,-9.010000,6.528289,0.080142
5,mobley_6115639,-5.398884,-8.700000,3.301116,0.020492
5,mobley_6353617,-5.769982,-8.260000,2.490018,0.011659
5,mobley_2725215,-5.957113,-7.980000,2.022887,0.007695
5,mobley_7039935,-5.650427,-7.670000,2.019573,0.007670
5,mobley_4059279,-6.238975,-7.580000,1.341025,0.003382
5,mobley_951560,-8.000634,-7.400000,0.600634,0.000678
5,mobley_1922649,-6.966168,-7.190000,0.223832,0.000094
5,mobley_8798016,-6.058794,-7.000000,0.941206,0.001666
5,mobley_1858644,-3.248155,-6.790000,3.541845,0.023590
5,mobley_9114381,-3.845757,-6.720000,2.874243,0.015535
5,mobley_5311804,-3.308638,-6.620000,3.311362,0.020619
5,mobley_6743808,-4.081184,-6.500000,2.418816,0.011002
5,mobley_8789864,-5.116621,-6.400000,1.283379,0.003097
5,mobley_7009711,-4.758756,-6.270000,1.511244,0.004295
5,mobley_8789465,-4.447137,-6.200000,1.752862,0.005778
5,mobley_2923700,-5.167833,-6.130000,0.962167,0.001741
5,mobley_4780078,-3.986525,-6.010000,2.023475,0.007699
5,mobley_5467162,-4.165344,-5.910000,1.744656,0.005724
5,mobley_6257907,-5.928878,-5.820000,0.108878,0.000022
5,mobley_7913234,-3.148772,-5.730000,2.581228,0.012529
5,mobley_5518547,-6.793750,-5.570000,1.223750,0.002816
5,mobley_4883284,-6.903200,-5.490000,1.413200,0.003756
5,mobley_5220185,-5.102043,-5.450000,0.347957,0.000228
5,mobley_3359593,-5.378121,-5.260000,0.118121,0.000026
5,mobley_4683624,-5.112079,-5.210000,0.097921,0.000018
5,mobley_1636752,-1.259129,-5.100000,3.840871,0.027741
5,mobley_2310185,-1.521762,-5.000000,3.478238,0.022750
5,mobley_3682850,-2.495503,-4.910000,2.414497,0.010963
5,mobley_1363784,-4.180296,-4.840000,0.659704,0.000818
5,mobley_2837389,-5.004091,-4.780000,0.224091,0.000094
5,mobley_9507933,-4.234999,-4.720000,0.485001,0.000442
5,mobley_296847,-4.031540,-4.690000,0.658460,0.000815
5,mobley_8208692,7.713906,-4.610000,12.323906,0.285601
5,mobley_4884177,-4.085450,-4.590000,0.504550,0.000479
5,mobley_6714389,-1.928837,-4.550000,2.621163,0.012920
5,mobley_2245668,-1.817349,-4.500000,2.682651,0.013533
5,mobley_5973402,-1.721416,-4.420000,2.698584,0.013694
5,mobley_3546460,-1.358860,-4.400000,3.041140,0.017391
5,mobley_8311303,-1.715986,-4.380000,2.664014,0.013346
5,mobley_9741965,-8.625945,-4.290000,4.335945,0.035353
5,mobley_4603202,-3.078906,-4.230000,1.151094,0.002492
5,mobley_628086,-5.042379,-4.160000,0.882379,0.001464
5,mobley_4620651,-3.470093,-4.100000,0.629907,0.000746
5,mobley_7977115,-1.502766,-4.060000,2.557234,0.012297
5,mobley_2789243,-3.305184,-4.010000,0.704816,0.000934
5,mobley_3968739,-4.560405,-3.920000,0.640405,0.000771
5,mobley_63712,-3.522580,-3.880000,0.357420,0.000240
5,mobley_1046331,-5.373086,-3.820000,1.553087,0.004536
5,mobley_1160109,-1.548507,-3.750000,2.201493,0.009114
5,mobley_4149784,-7.046913,-3.670000,3.376913,0.021444
5,mobley_397645,-4.876272,-3.640000,1.236272,0.002874
5,mobley_4690963,-3.264719,-3.540000,0.275281,0.000142
5,mobley_1967551,-1.545643,-3.500000,1.954357,0.007182
5,mobley_6733657,0.393491,-3.440000,3.833491,0.027634
5,mobley_9565165,-3.635191,-3.350000,0.285191,0.000153
5,mobley_2487143,-1.220438,-3.280000,2.059562,0.007976
5,mobley_8449031,-2.368134,-3.220000,0.851866,0.001365
5,mobley_172879,-8.449731,-3.150000,5.299731,0.052817
5,mobley_5346580,-0.530628,-3.110000,2.579372,0.012511
5,mobley_3573480,-1.094063,-3.040000,1.945937,0.007121
5,mobley_1075836,-3.202610,-2.930000,0.272610,0.000140
5,mobley_6102880,-6.410729,-2.870000,3.540730,0.023575
5,mobley_1827204,-1.307692,-2.810000,1.502308,0.004244
5,mobley_2146331,-0.947529,-2.750000,1.802471,0.006109
5,mobley_7943327,-3.677901,-2.680000,0.997900,0.001873
5,mobley_5110043,-3.744405,-2.630000,1.114405,0.002335
5,mobley_5616693,-1.635304,-2.530000,0.894696,0.001505
5,mobley_6619554,-3.419446,-2.490000,0.929446,0.001624
5,mobley_6359156,-2.605552,-2.460000,0.145552,0.000040
5,mobley_1781152,-2.047957,-2.400000,0.352043,0.000233
5,mobley_859464,-3.546328,-2.360000,1.186328,0.002647
5,mobley_7150646,-3.202162,-2.300000,0.902162,0.001530
5,mobley_1592519,-3.049677,-2.230000,0.819677,0.001263
5,mobley_5538249,1.240312,-2.160000,3.400312,0.021742
5,mobley_6911232,-1.416276,-2.100000,0.683724,0.000879
5,mobley_3269565,-1.318991,-2.010000,0.691009,0.000898
5,mobley_2484519,-3.145682,-1.930000,1.215682,0.002779
5,mobley_7690440,-1.674371,-1.830000,0.155629,0.000046
5,mobley_3802803,-4.614337,-1.660000,2.954337,0.016413
5,mobley_1144156,-1.729622,-1.590000,0.139622,0.000037
5,mobley_2481002,-0.511233,-1.450000,0.938767,0.001657
5,mobley_2489709,-1.856380,-1.360000,0.496380,0.000463
5,mobley_5052949,-1.889225,-1.280000,0.609225,0.000698
5,mobley_2492140,0.895803,-1.230000,2.125803,0.008498
5,mobley_7542832,-1.530564,-1.160000,0.370564,0.000258
5,mobley_7814642,-2.063036,-1.120000,0.943036,0.001672
5,mobley_1563176,-1.064315,-0.990000,0.074315,0.000010
5,mobley_1873346,-1.756300,-0.900000,0.856300,0.001379
5,mobley_3040612,-1.299037,-0.850000,0.449037,0.000379
5,mobley_4483973,-4.102199,-0.800000,3.302199,0.020505
5,mobley_9913368,-1.604988,-0.780000,0.824988,0.001280
5,mobley_1449384,-1.994792,-0.680000,1.314792,0.003251
5,mobley_7708038,-1.128103,-0.560000,0.568103,0.000607
5,mobley_8311321,-2.410929,-0.500000,1.910929,0.006867
5,mobley_766666,0.085526,-0.440000,0.525526,0.000519
5,mobley_5445548,-1.630372,-0.300000,1.330372,0.003328
5,mobley_9029594,-1.001700,-0.220000,0.781700,0.001149
5,mobley_3370989,-3.122174,-0.110000,3.012174,0.017062
5,mobley_627267,-0.802495,-0.030000,0.772495,0.001122
5,mobley_6250025,-0.506009,0.080000,0.586009,0.000646
5,mobley_4252724,-1.916607,0.160000,2.076607,0.008109
5,mobley_7157427,-1.095437,0.290000,1.385437,0.003609
5,mobley_8885088,-1.738711,0.560000,2.298711,0.009936
5,mobley_8522124,-0.719988,0.710000,1.429988,0.003845
5,mobley_4678740,-7.192174,1.070000,8.262174,0.128366
5,mobley_2689721,-1.557267,1.230000,2.787267,0.014609
5,mobley_1662128,-0.799847,1.380000,2.179847,0.008935
5,mobley_4762983,-0.460077,1.660000,2.120077,0.008452
5,mobley_7732703,-2.858406,1.790000,4.648406,0.040632
5,mobley_2068538,-0.516603,2.000000,2.516603,0.011909
5,mobley_5157661,-0.163013,2.300000,2.463013,0.011408
5,mobley_1261349,0.577800,2.510000,1.932200,0.007020
5,mobley_2328633,-0.610334,2.550000,3.160334,0.018781
5,mobley_8436428,-0.171891,2.830000,3.001891,0.016945
5,mobley_3060426,0.874865,2.930000,2.055135,0.007942
5,mobley_2197088,-0.139880,3.160000,3.299880,0.020477
6,mobley_9534740,-16.841631,-25.469999,8.628368,0.139997
6,mobley_6239320,-24.916540,-18.059999,6.856541,0.088404
6,mobley_7794077,-14.109464,-15.460000,1.350536,0.003430
6,mobley_7415647,-8.962684,-11.950000,2.987316,0.016781
6,mobley_1728386,-7.344966,-11.000000,3.655034,0.025121
6,mobley_2269032,-9.427081,-10.210000,0.782919,0.001153
6,mobley_2913224,-8.111325,-9.940000,1.828674,0.006288
6,mobley_2659552,-6.289249,-9.760000,3.470751,0.022652
6,mobley_7176290,-6.725030,-9.620000,2.894969,0.015760
6,mobley_2295058,-8.630555,-9.510000,0.879445,0.001454
6,mobley_6055410,-13.642278,-9.400000,4.242278,0.033842
6,mobley_4639255,-5.239491,-9.300000,4.060509,0.031004
6,mobley_1417007,-4.259969,-9.010000,4.750031,0.042428
6,mobley_6115639,-6.210426,-8.700000,2.489574,0.011655
6,mobley_6353617,-6.567893,-8.260000,1.692108,0.005384
6,mobley_2725215,-2.193346,-7.980000,5.786654,0.062968
6,mobley_7039935,-4.714234,-7.670000,2.955766,0.016429
6,mobley_4059279,-8.136750,-7.580000,0.556750,0.000583
6,mobley_951560,-10.128157,-7.400000,2.728157,0.013996
6,mobley_1922649,-7.410976,-7.190000,0.220976,0.000092
6,mobley_8798016,-6.676930,-7.000000,0.323070,0.000196
6,mobley_1858644,-3.270274,-6.790000,3.519726,0.023296
6,mobley_9114381,-4.992825,-6.720000,1.727175,0.005610
6,mobley_5311804,-3.026691,-6.620000,3.593308,0.024280
6,mobley_6743808,-4.591263,-6.500000,1.908737,0.006851
6,mobley_8789864,-6.847095,-6.400000,0.447095,0.000376
6,mobley_7009711,-5.597001,-6.270000,0.672999,0.000852
6,mobley_8789465,-4.010935,-6.200000,2.189065,0.009011
6,mobley_2923700,-5.384314,-6.130000,0.745686,0.001046
6,mobley_4780078,-4.555346,-6.010000,1.454654,0.003979
6,mobley_5467162,-4.121892,-5.910000,1.788107,0.006012
6,mobley_6257907,-6.982758,-5.820000,1.162757,0.002542
6,mobley_7913234,-4.826080,-5.730000,0.903920,0.001536
6,mobley_5518547,-7.079266,-5.570000,1.509265,0.004283
6,mobley_4883284,-6.487237,-5.490000,0.997238,0.001870
6,mobley_5220185,-6.527420,-5.450000,1.077420,0.002183
6,mobley_3359593,-6.135161,-5.260000,0.875161,0.001440
6,mobley_4683624,-5.132432,-5.210000,0.077569,0.000011
6,mobley_1636752,-1.702439,-5.100000,3.397561,0.021707
6,mobley_2310185,-2.320766,-5.000000,2.679234,0.013498
6,mobley_3682850,-3.483435,-4.910000,1.426565,0.003827
6,mobley_1363784,-4.594132,-4.840000,0.245868,0.000114
6,mobley_2837389,-5.390744,-4.780000,0.610744,0.000701
6,mobley_9507933,-4.732824,-4.720000,0.012824,0.000000
6,mobley_296847,-4.457868,-4.690000,0.232132,0.000101
6,mobley_8208692,-4.838616,-4.610000,0.228616,0.000098
6,mobley_4884177,-4.324824,-4.590000,0.265176,0.000132
6,mobley_6714389,-2.607196,-4.550000,1.942804,0.007098
6,mobley_2245668,-2.276022,-4.500000,2.223978,0.009301
6,mobley_5973402,-2.251042,-4.420000,2.168958,0.008846
6,mobley_3546460,-2.021562,-4.400000,2.378438,0.010638
6,mobley_8311303,-5.945451,-4.380000,1.565451,0.004608
6,mobley_9741965,-5.524758,-4.290000,1.234758,0.002867
6,mobley_4603202,-3.863004,-4.230000,0.366996,0.000253
6,mobley_628086,-1.822330,-4.160000,2.337669,0.010276
6,mobley_4620651,-4.390310,-4.100000,0.290310,0.000158
6,mobley_7977115,-2.176429,-4.060000,1.883571,0.006672
6,mobley_2789243,-4.442132,-4.010000,0.432132,0.000351
6,mobley_3968739,-4.423683,-3.920000,0.503683,0.000477
6,mobley_63712,-4.444989,-3.880000,0.564989,0.000600
6,mobley_1046331,-4.825714,-3.820000,1.005714,0.001902
6,mobley_1160109,-1.596824,-3.750000,2.153176,0.008718
6,mobley_4149784,-8.579391,-3.670000,4.909391,0.045323
6,mobley_397645,-4.751157,-3.640000,1.111157,0.002322
6,mobley_4690963,-4.966108,-3.540000,1.426108,0.003824
6,mobley_1967551,-2.055849,-3.500000,1.444151,0.003922
6,mobley_6733657,-5.079025,-3.440000,1.639025,0.005052
6,mobley_9565165,-2.090488,-3.350000,1.259511,0.002983
6,mobley_2487143,-1.266526,-3.280000,2.013474,0.007624
6,mobley_8449031,-3.444323,-3.220000,0.224323,0.000095
6,mobley_172879,-6.618289,-3.150000,3.468289,0.022620
6,mobley_5346580,-0.723377,-3.110000,2.386623,0.010711
6,mobley_3573480,-1.370495,-3.040000,1.669505,0.005241
6,mobley_1075836,-4.171753,-2.930000,1.241753,0.002900
6,mobley_6102880,-4.608123,-2.870000,1.738123,0.005681
6,mobley_1827204,-1.416418,-2.810000,1.393582,0.003652
6,mobley_2146331,-1.104620,-2.750000,1.645380,0.005091
6,mobley_7943327,-4.456436,-2.680000,1.776436,0.005934
6,mobley_5110043,-2.728390,-2.630000,0.098390,0.000018
6,mobley_5616693,-1.308522,-2.530000,1.221478,0.002806
6,mobley_6619554,-3.770524,-2.490000,1.280524,0.003083
6,mobley_6359156,-4.506917,-2.460000,2.046916,0.007879
6,mobley_1781152,-2.495372,-2.400000,0.095371,0.000017
6,mobley_859464,-4.163311,-2.360000,1.803312,0.006115
6,mobley_7150646,-2.801832,-2.300000,0.501832,0.000474
6,mobley_1592519,-3.989315,-2.230000,1.759315,0.005820
6,mobley_5538249,-4.106382,-2.160000,1.946382,0.007124
6,mobley_6911232,-2.161036,-2.100000,0.061036,0.000007
6,mobley_3269565,-1.837246,-2.010000,0.172754,0.000056
6,mobley_2484519,-2.943484,-1.930000,1.013484,0.001932
6,mobley_7690440,-2.353001,-1.830000,0.523001,0.000514
6,mobley_3802803,-2.473608,-1.660000,0.813608,0.001245
6,mobley_1144156,-2.383489,-1.590000,0.793489,0.001184
6,mobley_2481002,-1.463417,-1.450000,0.013417,0.000000
6,mobley_2489709,-2.683692,-1.360000,1.323692,0.003295
6,mobley_5052949,-1.859002,-1.280000,0.579002,0.000630
6,mobley_2492140,-0.430762,-1.230000,0.799238,0.001201
6,mobley_7542832,-1.909072,-1.160000,0.749072,0.001055
6,mobley_7814642,-3.375373,-1.120000,2.255373,0.009565
6,mobley_1563176,-0.990543,-0.990000,0.000543,0.000000
6,mobley_1873346,-0.924012,-0.900000,0.024012,0.000001
6,mobley_3040612,-0.453463,-0.850000,0.396537,0.000296
6,mobley_4483973,-3.147435,-0.800000,2.347435,0.010362
6,mobley_9913368,-1.393674,-0.780000,0.613674,0.000708
6,mobley_1449384,-1.023144,-0.680000,0.343144,0.000221
6,mobley_7708038,-0.859974,-0.560000,0.299974,0.000169
6,mobley_8311321,-1.475870,-0.500000,0.975870,0.001791
6,mobley_766666,0.103208,-0.440000,0.543208,0.000555
6,mobley_5445548,-0.460886,-0.300000,0.160886,0.000049
6,mobley_9029594,-1.532690,-0.220000,1.312690,0.003240
6,mobley_3370989,-2.661665,-0.110000,2.551665,0.012244
6,mobley_627267,-0.607017,-0.030000,0.577017,0.000626
6,mobley_6250025,-0.451435,0.080000,0.531435,0.000531
6,mobley_4252724,-0.521266,0.160000,0.681266,0.000873
6,mobley_7157427,-1.084753,0.290000,1.374753,0.003554
6,mobley_8885088,-1.934881,0.560000,2.494881,0.011705
6,mobley_8522124,-0.485598,0.710000,1.195598,0.002688
6,mobley_4678740,-1.425377,1.070000,2.495377,0.011709
6,mobley_2689721,-0.907811,1.230000,2.137811,0.008594
6,mobley_1662128,-0.585476,1.380000,1.965476,0.007264
6,mobley_4762983,-0.299158,1.660000,1.959158,0.007218
6,mobley_7732703,1.402089,1.790000,0.387911,0.000283
6,mobley_2068538,0.056385,2.000000,1.943615,0.007104
6,mobley_5157661,0.241379,2.300000,2.058621,0.007969
6,mobley_1261349,0.738441,2.510000,1.771559,0.005902
6,mobley_2328633,-0.309059,2.550000,2.859059,0.015371
6,mobley_8436428,0.765328,2.830000,2.064672,0.008016
6,mobley_3060426,1.318121,2.930000,1.611879,0.004886
6,mobley_2197088,0.558340,3.160000,2.601660,0.012728
7,mobley_9534740,-18.417295,-25.469999,7.052704,0.093535
7,mobley_6239320,-16.968542,-18.059999,1.091457,0.002240
7,mobley_7794077,-11.370027,-15.460000,4.089973,0.031456
7,mobley_7415647,-9.274912,-11.950000,2.675088,0.013457
7,mobley_1728386,-8.109256,-11.000000,2.890744,0.015714
7,mobley_2269032,-10.453025,-10.210000,0.243025,0.000111
7,mobley_2913224,-7.423419,-9.940000,2.516580,0.011909
7,mobley_2659552,-6.633805,-9.760000,3.126195,0.018378
7,mobley_7176290,-7.292043,-9.620000,2.327957,0.010191
7,mobley_2295058,-9.045413,-9.510000,0.464587,0.000406
7,mobley_6055410,-13.514153,-9.400000,4.114153,0.031829
7,mobley_4639255,-6.193186,-9.300000,3.106814,0.018151
7,mobley_1417007,-4.130624,-9.010000,4.879376,0.044770
7,mobley_6115639,-6.828749,-8.700000,1.871251,0.006585
7,mobley_6353617,-7.021801,-8.260000,1.238199,0.002883
7,mobley_2725215,-5.145481,-7.980000,2.834519,0.015109
7,mobley_7039935,-6.338192,-7.670000,1.331808,0.003335
7,mobley_4059279,-7.841075,-7.580000,0.261075,0.000128
7,mobley_951560,-10.226722,-7.400000,2.826722,0.015025
7,mobley_1922649,-7.638665,-7.190000,0.448665,0.000379
7,mobley_8798016,-7.322873,-7.000000,0.322873,0.000196
7,mobley_1858644,-4.835266,-6.790000,1.954734,0.007185
7,mobley_9114381,-4.940443,-6.720000,1.779557,0.005955
7,mobley_5311804,-4.301182,-6.620000,2.318818,0.010111
7,mobley_6743808,-5.336045,-6.500000,1.163955,0.002548
7,mobley_8789864,-5.993768,-6.400000,0.406232,0.000310
7,mobley_7009711,-6.276834,-6.270000,0.006834,0.000000
7,mobley_8789465,-4.908035,-6.200000,1.291965,0.003139
7,mobley_2923700,-6.236102,-6.130000,0.106102,0.000021
7,mobley_4780078,-5.421918,-6.010000,0.588082,0.000650
7,mobley_5467162,-4.609913,-5.910000,1.300087,0.003178
7,mobley_6257907,-5.920232,-5.820000,0.100232,0.000019
7,mobley_7913234,-5.535673,-5.730000,0.194327,0.000071
7,mobley_5518547,-7.173492,-5.570000,1.603492,0.004835
7,mobley_4883284,-6.752457,-5.490000,1.262457,0.002997
7,mobley_5220185,-6.258372,-5.450000,0.808372,0.001229
7,mobley_3359593,-6.536685,-5.260000,1.276685,0.003065
7,mobley_4683624,-6.233218,-5.210000,1.023218,0.001969
7,mobley_1636752,-1.779801,-5.100000,3.320199,0.020730
7,mobley_2310185,-2.760650,-5.000000,2.239350,0.009430
7,mobley_3682850,-3.942545,-4.910000,0.967455,0.001760
7,mobley_1363784,-4.936937,-4.840000,0.096937,0.000018
7,mobley_2837389,-5.678377,-4.780000,0.898376,0.001518
7,mobley_9507933,-5.019066,-4.720000,0.299066,0.000168
7,mobley_296847,-5.221323,-4.690000,0.531322,0.000531
7,mobley_8208692,-3.707009,-4.610000,0.902991,0.001533
7,mobley_4884177,-4.933201,-4.590000,0.343201,0.000221
7,mobley_6714389,-2.714313,-4.550000,1.835687,0.006337
7,mobley_2245668,-2.638177,-4.500000,1.861823,0.006518
7,mobley_5973402,-2.723659,-4.420000,1.696341,0.005411
7,mobley_3546460,-2.653389,-4.400000,1.746611,0.005737
7,mobley_8311303,-4.485224,-4.380000,0.105224,0.000021
7,mobley_9741965,-5.972730,-4.290000,1.682730,0.005325
7,mobley_4603202,-2.252769,-4.230000,1.977231,0.007352
7,mobley_628086,-2.782997,-4.160000,1.377003,0.003566
7,mobley_4620651,-4.278640,-4.100000,0.178640,0.000060
7,mobley_7977115,-2.824304,-4.060000,1.235696,0.002871
7,mobley_2789243,-3.587628,-4.010000,0.422373,0.000335
7,mobley_3968739,-4.585845,-3.920000,0.665844,0.000834
7,mobley_63712,-4.609528,-3.880000,0.729527,0.001001
7,mobley_1046331,-4.970214,-3.820000,1.150214,0.002488
7,mobley_1160109,-2.298981,-3.750000,1.451019,0.003959
7,mobley_4149784,-5.408203,-3.670000,1.738203,0.005682
7,mobley_397645,-4.792764,-3.640000,1.152764,0.002499
7,mobley_4690963,-5.017327,-3.540000,1.477327,0.004104
7,mobley_1967551,-1.978330,-3.500000,1.521670,0.004354
7,mobley_6733657,-4.963870,-3.440000,1.523870,0.004367
7,mobley_9565165,-3.893668,-3.350000,0.543668,0.000556
7,mobley_2487143,-1.373938,-3.280000,1.906062,0.006832
7,mobley_8449031,-3.199136,-3.220000,0.020864,0.000001
7,mobley_172879,-6.677833,-3.150000,3.527833,0.023403
7,mobley_5346580,-0.441461,-3.110000,2.668539,0.013391
7,mobley_3573480,-1.546417,-3.040000,1.493583,0.004195
7,mobley_1075836,-3.759807,-2.930000,0.829807,0.001295
7,mobley_6102880,-5.751791,-2.870000,2.881791,0.015617
7,mobley_1827204,-1.529149,-2.810000,1.280851,0.003085
7,mobley_2146331,-1.181180,-2.750000,1.568820,0.004628
7,mobley_7943327,-3.731869,-2.680000,1.051869,0.002081
7,mobley_5110043,-4.119392,-2.630000,1.489392,0.004171
7,mobley_5616693,-1.735840,-2.530000,0.794160,0.001186
7,mobley_6619554,-3.206524,-2.490000,0.716524,0.000965
7,mobley_6359156,-3.587286,-2.460000,1.127286,0.002390
7,mobley_1781152,-2.128307,-2.400000,0.271693,0.000139
7,mobley_859464,-3.453376,-2.360000,1.093376,0.002248
7,mobley_7150646,-3.202082,-2.300000,0.902082,0.001530
7,mobley_1592519,-3.672438,-2.230000,1.442438,0.003913
7,mobley_5538249,-3.052269,-2.160000,0.892269,0.001497
7,mobley_6911232,-1.940936,-2.100000,0.159064,0.000048
7,mobley_3269565,-1.678894,-2.010000,0.331106,0.000206
7,mobley_2484519,-3.266475,-1.930000,1.336475,0.003359
7,mobley_7690440,-2.964151,-1.830000,1.134151,0.002419
7,mobley_3802803,-2.546798,-1.660000,0.886798,0.001479
7,mobley_1144156,-2.060903,-1.590000,0.470903,0.000417
7,mobley_2481002,-1.218800,-1.450000,0.231200,0.000101
7,mobley_2489709,-2.018900,-1.360000,0.658900,0.000816
7,mobley_5052949,-1.820373,-1.280000,0.540373,0.000549
7,mobley_2492140,-1.367352,-1.230000,0.137352,0.000035
7,mobley_7542832,-1.955806,-1.160000,0.795806,0.001191
7,mobley_7814642,-2.161932,-1.120000,1.041932,0.002041
7,mobley_1563176,-1.066226,-0.990000,0.076226,0.000011
7,mobley_1873346,-1.495613,-0.900000,0.595613,0.000667
7,mobley_3040612,-0.913020,-0.850000,0.063020,0.000007
7,mobley_4483973,-3.573618,-0.800000,2.773618,0.014466
7,mobley_9913368,-1.125422,-0.780000,0.345423,0.000224
7,mobley_1449384,-1.330155,-0.680000,0.650155,0.000795
7,mobley_7708038,-0.817913,-0.560000,0.257913,0.000125
7,mobley_8311321,-0.858463,-0.500000,0.358463,0.000242
7,mobley_766666,-0.231468,-0.440000,0.208532,0.000082
7,mobley_5445548,-0.687855,-0.300000,0.387855,0.000283
7,mobley_9029594,-1.514547,-0.220000,1.294547,0.003151
7,mobley_3370989,-2.562528,-0.110000,2.452528,0.011311
7,mobley_627267,-0.393899,-0.030000,0.363899,0.000249
7,mobley_6250025,-0.614456,0.080000,0.694456,0.000907
7,mobley_4252724,-1.125059,0.160000,1.285059,0.003105
7,mobley_7157427,-0.657842,0.290000,0.947842,0.001689
7,mobley_8885088,-2.289332,0.560000,2.849332,0.015267
7,mobley_8522124,-0.656170,0.710000,1.366170,0.003510
7,mobley_4678740,-1.410877,1.070000,2.480877,0.011574
7,mobley_2689721,-0.673645,1.230000,1.903645,0.006815
7,mobley_1662128,-0.352767,1.380000,1.732767,0.005646
7,mobley_4762983,-0.246224,1.660000,1.906224,0.006833
7,mobley_7732703,0.385745,1.790000,1.404255,0.003708
7,mobley_2068538,0.433091,2.000000,1.566909,0.004617
7,mobley_5157661,0.806123,2.300000,1.493877,0.004197
7,mobley_1261349,1.187916,2.510000,1.322084,0.003287
7,mobley_2328633,-0.140642,2.550000,2.690642,0.013614
7,mobley_8436428,1.342446,2.830000,1.487554,0.004161
7,mobley_3060426,1.962830,2.930000,0.967170,0.001759
7,mobley_2197088,1.194829,3.160000,1.965171,0.007262
8,mobley_9534740,-20.750532,-25.469999,4.719467,0.041884
8,mobley_6239320,-21.614397,-18.059999,3.554398,0.023757
8,mobley_7794077,-13.676497,-15.460000,1.783504,0.005982
8,mobley_7415647,-9.643714,-11.950000,2.306286,0.010002
8,mobley_1728386,-8.913805,-11.000000,2.086195,0.008184
8,mobley_2269032,-10.133389,-10.210000,0.076612,0.000011
8,mobley_2913224,-7.419065,-9.940000,2.520935,0.011950
8,mobley_2659552,-6.877176,-9.760000,2.882824,0.015628
8,mobley_7176290,-7.493246,-9.620000,2.126754,0.008505
8,mobley_2295058,-8.931586,-9.510000,0.578414,0.000629
8,mobley_6055410,-12.974908,-9.400000,3.574908,0.024032
8,mobley_4639255,-7.361096,-9.300000,1.938904,0.007069
8,mobley_1417007,-5.081462,-9.010000,3.928538,0.029022
8,mobley_6115639,-10.165664,-8.700000,1.465664,0.004040
8,mobley_6353617,-7.103845,-8.260000,1.156155,0.002514
8,mobley_2725215,-4.347229,-7.980000,3.632771,0.024816
8,mobley_7039935,-5.948118,-7.670000,1.721882,0.005575
8,mobley_4059279,-7.220692,-7.580000,0.359308,0.000243
8,mobley_951560,-10.383096,-7.400000,2.983096,0.016734
8,mobley_1922649,-8.617068,-7.190000,1.427068,0.003830
8,mobley_8798016,-7.288689,-7.000000,0.288689,0.000157
8,mobley_1858644,-5.028246,-6.790000,1.761754,0.005837
8,mobley_9114381,-5.343544,-6.720000,1.376456,0.003563
8,mobley_5311804,-4.190217,-6.620000,2.429782,0.011102
8,mobley_6743808,-5.704177,-6.500000,0.795823,0.001191
8,mobley_8789864,-5.882081,-6.400000,0.517920,0.000504
8,mobley_7009711,-6.627271,-6.270000,0.357271,0.000240
8,mobley_8789465,-4.685390,-6.200000,1.514609,0.004314
8,mobley_2923700,-6.038516,-6.130000,0.091485,0.000016
8,mobley_4780078,-5.724753,-6.010000,0.285247,0.000153
8,mobley_5467162,-4.669157,-5.910000,1.240843,0.002895
8,mobley_6257907,-5.744254,-5.820000,0.075747,0.000011
8,mobley_7913234,-5.911673,-5.730000,0.181673,0.000062
8,mobley_5518547,-6.923244,-5.570000,1.353244,0.003444
8,mobley_4883284,-6.443781,-5.490000,0.953781,0.001711
8,mobley_5220185,-6.064495,-5.450000,0.614495,0.000710
8,mobley_3359593,-6.201862,-5.260000,0.941862,0.001668
8,mobley_4683624,-5.953588,-5.210000,0.743588,0.001040
8,mobley_1636752,-2.099066,-5.100000,3.000934,0.016935
8,mobley_2310185,-3.387912,-5.000000,1.612088,0.004887
8,mobley_3682850,-3.562041,-4.910000,1.347959,0.003417
8,mobley_1363784,-5.242171,-4.840000,0.402171,0.000304
8,mobley_2837389,-5.700283,-4.780000,0.920283,0.001593
8,mobley_9507933,-5.208932,-4.720000,0.488932,0.000450
8,mobley_296847,-5.074200,-4.690000,0.384200,0.000278
8,mobley_8208692,-2.276344,-4.610000,2.333656,0.010241
8,mobley_4884177,-4.754756,-4.590000,0.164756,0.000051
8,mobley_6714389,-3.166877,-4.550000,1.383123,0.003597
8,mobley_2245668,-3.294790,-4.500000,1.205210,0.002731
8,mobley_5973402,-3.276634,-4.420000,1.143367,0.002458
8,mobley_3546460,-2.989812,-4.400000,1.410188,0.003740
8,mobley_8311303,-3.480561,-4.380000,0.899439,0.001521
8,mobley_9741965,-7.025485,-4.290000,2.735485,0.014071
8,mobley_4603202,-1.852824,-4.230000,2.377176,0.010626
8,mobley_628086,-3.265691,-4.160000,0.894309,0.001504
8,mobley_4620651,-4.604270,-4.100000,0.504270,0.000478
8,mobley_7977115,-3.283568,-4.060000,0.776432,0.001134
8,mobley_2789243,-3.426616,-4.010000,0.583384,0.000640
8,mobley_3968739,-4.189225,-3.920000,0.269225,0.000136
8,mobley_63712,-4.071261,-3.880000,0.191261,0.000069
8,mobley_1046331,-4.401147,-3.820000,0.581147,0.000635
8,mobley_1160109,-2.317597,-3.750000,1.432403,0.003858
8,mobley_4149784,-4.143063,-3.670000,0.473063,0.000421
8,mobley_397645,-4.263761,-3.640000,0.623761,0.000732
8,mobley_4690963,-5.021712,-3.540000,1.481712,0.004128
8,mobley_1967551,-2.244692,-3.500000,1.255308,0.002963
8,mobley_6733657,-3.875248,-3.440000,0.435248,0.000356
8,mobley_9565165,-3.106406,-3.350000,0.243594,0.000112
8,mobley_2487143,-1.589007,-3.280000,1.690993,0.005377
8,mobley_8449031,-3.045536,-3.220000,0.174464,0.000057
8,mobley_172879,-5.133119,-3.150000,1.983119,0.007395
8,mobley_5346580,-1.101310,-3.110000,2.008690,0.007587
8,mobley_3573480,-1.755518,-3.040000,1.284482,0.003103
8,mobley_1075836,-3.849424,-2.930000,0.919424,0.001590
8,mobley_6102880,-4.585756,-2.870000,1.715756,0.005536
8,mobley_1827204,-1.374106,-2.810000,1.435894,0.003877
8,mobley_2146331,-1.231367,-2.750000,1.518633,0.004337
8,mobley_7943327,-3.588476,-2.680000,0.908476,0.001552
8,mobley_5110043,-3.566366,-2.630000,0.936366,0.001649
8,mobley_5616693,-1.532710,-2.530000,0.997290,0.001870
8,mobley_6619554,-2.848960,-2.490000,0.358960,0.000242
8,mobley_6359156,-2.463995,-2.460000,0.003995,0.000000
8,mobley_1781152,-2.588244,-2.400000,0.188244,0.000067
8,mobley_859464,-3.413595,-2.360000,1.053596,0.002087
8,mobley_7150646,-2.605376,-2.300000,0.305376,0.000175
8,mobley_1592519,-3.437234,-2.230000,1.207234,0.002741
8,mobley_5538249,-1.554357,-2.160000,0.605643,0.000690
8,mobley_6911232,-2.036402,-2.100000,0.063598,0.000008
8,mobley_3269565,-2.001098,-2.010000,0.008902,0.000000
8,mobley_2484519,-2.467077,-1.930000,0.537077,0.000542
8,mobley_7690440,-2.779141,-1.830000,0.949141,0.001694
8,mobley_3802803,-3.122258,-1.660000,1.462258,0.004021
8,mobley_1144156,-2.107854,-1.590000,0.517854,0.000504
8,mobley_2481002,-1.919135,-1.450000,0.469135,0.000414
8,mobley_2489709,-1.548513,-1.360000,0.188513,0.000067
8,mobley_5052949,-1.477364,-1.280000,0.197364,0.000073
8,mobley_2492140,-2.179503,-1.230000,0.949503,0.001695
8,mobley_7542832,-1.767827,-1.160000,0.607827,0.000695
8,mobley_7814642,-1.806222,-1.120000,0.686222,0.000886
8,mobley_1563176,-0.802539,-0.990000,0.187461,0.000066
8,mobley_1873346,-1.109217,-0.900000,0.209217,0.000082
8,mobley_3040612,-0.543450,-0.850000,0.306550,0.000177
8,mobley_4483973,-2.978457,-0.800000,2.178457,0.008924
8,mobley_9913368,-0.990029,-0.780000,0.210029,0.000083
8,mobley_1449384,-0.857147,-0.680000,0.177147,0.000059
8,mobley_7708038,-0.587494,-0.560000,0.027494,0.000001
8,mobley_8311321,-1.529141,-0.500000,1.029141,0.001992
8,mobley_766666,-0.031343,-0.440000,0.408657,0.000314
8,mobley_5445548,-0.220859,-0.300000,0.079141,0.000012
8,mobley_9029594,-1.695729,-0.220000,1.475729,0.004095
8,mobley_3370989,-2.752419,-0.110000,2.642419,0.013130
8,mobley_627267,-0.271140,-0.030000,0.241140,0.000109
8,mobley_6250025,-0.380365,0.080000,0.460365,0.000399
8,mobley_4252724,-0.494711,0.160000,0.654711,0.000806
8,mobley_7157427,-0.247696,0.290000,0.537696,0.000544
8,mobley_8885088,-1.984752,0.560000,2.544752,0.012177
8,mobley_8522124,-0.336950,0.710000,1.046950,0.002061
8,mobley_4678740,-0.988201,1.070000,2.058201,0.007966
8,mobley_2689721,-0.081845,1.230000,1.311845,0.003236
8,mobley_1662128,-0.186171,1.380000,1.566171,0.004613
8,mobley_4762983,0.137397,1.660000,1.522603,0.004359
8,mobley_7732703,0.046491,1.790000,1.743509,0.005716
8,mobley_2068538,0.686220,2.000000,1.313780,0.003246
8,mobley_5157661,1.037260,2.300000,1.262740,0.002998
8,mobley_1261349,1.075565,2.510000,1.434435,0.003869
8,mobley_2328633,0.449722,2.550000,2.100278,0.008295
8,mobley_8436428,1.779813,2.830000,1.050187,0.002074
8,mobley_3060426,2.248088,2.930000,0.681912,0.000874
8,mobley_2197088,1.639058,3.160000,1.520942,0.004350
9,mobley_9534740,-23.697206,-25.469999,1.772793,0.005910
9,mobley_6239320,-21.269848,-18.059999,3.209848,0.019375
9,mobley_7794077,-12.972980,-15.460000,2.487020,0.011631
9,mobley_7415647,-10.114511,-11.950000,1.835488,0.006335
9,mobley_1728386,-9.920585,-11.000000,1.079415,0.002191
9,mobley_2269032,-11.823059,-10.210000,1.613059,0.004893
9,mobley_2913224,-7.968134,-9.940000,1.971865,0.007312
9,mobley_2659552,-7.977979,-9.760000,1.782021,0.005972
9,mobley_7176290,-7.531443,-9.620000,2.088557,0.008203
9,mobley_2295058,-9.465958,-9.510000,0.044043,0.000004
9,mobley_6055410,-14.096189,-9.400000,4.696189,0.041472
9,mobley_4639255,-8.342086,-9.300000,0.957914,0.001726
9,mobley_1417007,-4.371368,-9.010000,4.638632,0.040462
9,mobley_6115639,-9.365165,-8.700000,0.665165,0.000832
9,mobley_6353617,-8.420040,-8.260000,0.160040,0.000048
9,mobley_2725215,-5.470983,-7.980000,2.509017,0.011838
9,mobley_7039935,-7.152803,-7.670000,0.517197,0.000503
9,mobley_4059279,-7.554245,-7.580000,0.025755,0.000001
9,mobley_951560,-11.164752,-7.400000,3.764752,0.026652
9,mobley_1922649,-8.383008,-7.190000,1.193008,0.002676
9,mobley_8798016,-7.984530,-7.000000,0.984530,0.001823
9,mobley_1858644,-6.364964,-6.790000,0.425036,0.000340
9,mobley_9114381,-5.743857,-6.720000,0.976143,0.001792
9,mobley_5311804,-5.277550,-6.620000,1.342450,0.003389
9,mobley_6743808,-6.537447,-6.500000,0.037447,0.000003
9,mobley_8789864,-6.416755,-6.400000,0.016755,0.000001
9,mobley_7009711,-7.253746,-6.270000,0.983746,0.001820
9,mobley_8789465,-5.287552,-6.200000,0.912448,0.001566
9,mobley_2923700,-6.708787,-6.130000,0.578787,0.000630
9,mobley_4780078,-6.468656,-6.010000,0.458655,0.000396
9,mobley_5467162,-5.723067,-5.910000,0.186933,0.000066
9,mobley_6257907,-6.333759,-5.820000,0.513759,0.000496
9,mobley_7913234,-6.410549,-5.730000,0.680549,0.000871
9,mobley_5518547,-7.232105,-5.570000,1.662105,0.005195
9,mobley_4883284,-6.681801,-5.490000,1.191802,0.002671
9,mobley_5220185,-6.320475,-5.450000,0.870475,0.001425
9,mobley_3359593,-6.788783,-5.260000,1.528783,0.004395
9,mobley_4683624,-6.690101,-5.210000,1.480101,0.004120
9,mobley_1636752,-2.409734,-5.100000,2.690266,0.013610
9,mobley_2310185,-3.911951,-5.000000,1.088049,0.002226
9,mobley_3682850,-4.254692,-4.910000,0.655308,0.000808
9,mobley_1363784,-5.759329,-4.840000,0.919329,0.001589
9,mobley_2837389,-5.868929,-4.780000,1.088929,0.002230
9,mobley_9507933,-5.752945,-4.720000,1.032946,0.002006
9,mobley_296847,-5.669183,-4.690000,0.979183,0.001803
9,mobley_8208692,-1.817444,-4.610000,2.792557,0.014664
9,mobley_4884177,-5.278977,-4.590000,0.688977,0.000893
9,mobley_6714389,-3.379487,-4.550000,1.170513,0.002576
9,mobley_2245668,-3.954354,-4.500000,0.545646,0.000560
9,mobley_5973402,-4.168351,-4.420000,0.251649,0.000119
9,mobley_3546460,-3.599783,-4.400000,0.800217,0.001204
9,mobley_8311303,-3.928426,-4.380000,0.451574,0.000383
9,mobley_9741965,-5.508104,-4.290000,1.218104,0.002790
9,mobley_4603202,-2.349364,-4.230000,1.880636,0.006651
9,mobley_628086,-2.753404,-4.160000,1.406596,0.003721
9,mobley_4620651,-4.775075,-4.100000,0.675076,0.000857
9,mobley_7977115,-3.995225,-4.060000,0.064775,0.000008
9,mobley_2789243,-3.744908,-4.010000,0.265092,0.000132
9,mobley_3968739,-4.438578,-3.920000,0.518578,0.000506
9,mobley_63712,-4.532130,-3.880000,0.652130,0.000800
9,mobley_1046331,-4.690483,-3.820000,0.870483,0.001425
9,mobley_1160109,-3.361365,-3.750000,0.388635,0.000284
9,mobley_4149784,-5.157370,-3.670000,1.487370,0.004160
9,mobley_397645,-4.360848,-3.640000,0.720848,0.000977
9,mobley_4690963,-5.217648,-3.540000,1.677648,0.005293
9,mobley_1967551,-2.443909,-3.500000,1.056091,0.002097
9,mobley_6733657,-2.365427,-3.440000,1.074573,0.002171
9,mobley_9565165,-4.479665,-3.350000,1.129665,0.002400
9,mobley_2487143,-1.909119,-3.280000,1.370881,0.003534
9,mobley_8449031,-3.435673,-3.220000,0.215672,0.000087
9,mobley_172879,-5.985544,-3.150000,2.835544,0.015119
9,mobley_5346580,-1.800609,-3.110000,1.309391,0.003224
9,mobley_3573480,-2.073365,-3.040000,0.966635,0.001757
9,mobley_1075836,-3.785067,-2.930000,0.855067,0.001375
9,mobley_6102880,-5.614414,-2.870000,2.744414,0.014163
9,mobley_1827204,-1.564580,-2.810000,1.245420,0.002917
9,mobley_2146331,-1.307323,-2.750000,1.442677,0.003914
9,mobley_7943327,-3.694254,-2.680000,1.014254,0.001934
9,mobley_5110043,-4.707851,-2.630000,2.077851,0.008119
9,mobley_5616693,-2.491051,-2.530000,0.038949,0.000003
9,mobley_6619554,-2.870861,-2.490000,0.380861,0.000273
9,mobley_6359156,-4.197411,-2.460000,1.737411,0.005676
9,mobley_1781152,-3.088146,-2.400000,0.688146,0.000890
9,mobley_859464,-3.618470,-2.360000,1.258471,0.002978
9,mobley_7150646,-2.895371,-2.300000,0.595371,0.000667
9,mobley_1592519,-3.351159,-2.230000,1.121159,0.002364
9,mobley_5538249,-1.694488,-2.160000,0.465513,0.000407
9,mobley_6911232,-2.055616,-2.100000,0.044384,0.000004
9,mobley_3269565,-2.106998,-2.010000,0.096998,0.000018
9,mobley_2484519,-3.249162,-1.930000,1.319162,0.003272
9,mobley_7690440,-3.283796,-1.830000,1.453796,0.003974
9,mobley_3802803,-1.492335,-1.660000,0.167665,0.000053
9,mobley_1144156,-2.054919,-1.590000,0.464919,0.000406
9,mobley_2481002,-0.417553,-1.450000,1.032447,0.002004
9,mobley_2489709,-2.032034,-1.360000,0.672034,0.000849
9,mobley_5052949,-1.329561,-1.280000,0.049561,0.000005
9,mobley_2492140,-0.935662,-1.230000,0.294338,0.000163
9,mobley_7542832,-1.780675,-1.160000,0.620675,0.000724
9,mobley_7814642,-2.260574,-1.120000,1.140574,0.002446
9,mobley_1563176,-0.844487,-0.990000,0.145513,0.000040
9,mobley_1873346,-1.501462,-0.900000,0.601462,0.000680
9,mobley_3040612,-0.904835,-0.850000,0.054835,0.000006
9,mobley_4483973,-3.314224,-0.800000,2.514224,0.011887
9,mobley_9913368,-0.879958,-0.780000,0.099958,0.000019
9,mobley_1449384,-1.335021,-0.680000,0.655021,0.000807
9,mobley_7708038,-0.442241,-0.560000,0.117759,0.000026
9,mobley_8311321,-0.890277,-0.500000,0.390277,0.000286
9,mobley_766666,0.198709,-0.440000,0.638709,0.000767
9,mobley_5445548,-0.608548,-0.300000,0.308548,0.000179
9,mobley_9029594,-1.715982,-0.220000,1.495982,0.004208
9,mobley_3370989,-2.651229,-0.110000,2.541229,0.012144
9,mobley_627267,-0.385954,-0.030000,0.355954,0.000238
9,mobley_6250025,-0.386689,0.080000,0.466689,0.000410
9,mobley_4252724,-1.126485,0.160000,1.286485,0.003112
9,mobley_7157427,-0.146378,0.290000,0.436378,0.000358
9,mobley_8885088,-2.094571,0.560000,2.654571,0.013251
9,mobley_8522124,-0.263457,0.710000,0.973457,0.001782
9,mobley_4678740,0.741566,1.070000,0.328434,0.000203
9,mobley_2689721,0.222415,1.230000,1.007585,0.001909
9,mobley_1662128,0.141662,1.380000,1.238338,0.002884
9,mobley_4762983,0.312739,1.660000,1.347261,0.003413
9,mobley_7732703,1.217923,1.790000,0.572077,0.000615
9,mobley_2068538,0.831565,2.000000,1.168435,0.002567
9,mobley_5157661,1.022666,2.300000,1.277334,0.003068
9,mobley_1261349,0.690747,2.510000,1.819253,0.006224
9,mobley_2328633,0.645780,2.550000,1.904220,0.006819
9,mobley_8436428,1.651986,2.830000,1.178013,0.002610
9,mobley_3060426,1.691900,2.930000,1.238100,0.002883
9,mobley_2197088,2.180771,3.160000,0.979229,0.001803
10,mobley_9534740,-23.025824,-25.469999,2.444176,0.011234
10,mobley_6239320,-21.773005,-18.059999,3.713005,0.025925
10,mobley_7794077,-13.804305,-15.460000,1.655695,0.005155
10,mobley_7415647,-11.265150,-11.950000,0.684850,0.000882
10,mobley_1728386,-10.141637,-11.000000,0.858363,0.001385
10,mobley_2269032,-11.105625,-10.210000,0.895625,0.001508
10,mobley_2913224,-7.871431,-9.940000,2.068569,0.008046
10,mobley_2659552,-7.922373,-9.760000,1.837627,0.006350
10,mobley_7176290,-8.622032,-9.620000,0.997968,0.001873
10,mobley_2295058,-8.973403,-9.510000,0.536597,0.000541
10,mobley_6055410,-13.665190,-9.400000,4.265190,0.034209
10,mobley_4639255,-8.466423,-9.300000,0.833577,0.001307
10,mobley_1417007,-5.836299,-9.010000,3.173701,0.018941
10,mobley_6115639,-10.387586,-8.700000,1.687586,0.005355
10,mobley_6353617,-8.197065,-8.260000,0.062935,0.000007
10,mobley_2725215,-6.312256,-7.980000,1.667744,0.005230
10,mobley_7039935,-6.840212,-7.670000,0.829788,0.001295
10,mobley_4059279,-6.759886,-7.580000,0.820114,0.001265
10,mobley_951560,-10.535063,-7.400000,3.135063,0.018482
10,mobley_1922649,-9.820260,-7.190000,2.630260,0.013009
10,mobley_8798016,-7.974609,-7.000000,0.974609,0.001786
10,mobley_1858644,-6.461224,-6.790000,0.328776,0.000203
10,mobley_9114381,-5.651148,-6.720000,1.068851,0.002148
10,mobley_5311804,-5.161198,-6.620000,1.458802,0.004002
10,mobley_6743808,-6.258297,-6.500000,0.241703,0.000110
10,mobley_8789864,-6.264906,-6.400000,0.135094,0.000034
10,mobley_7009711,-6.800165,-6.270000,0.530165,0.000529
10,mobley_8789465,-4.982491,-6.200000,1.217508,0.002787
10,mobley_2923700,-6.308192,-6.130000,0.178192,0.000060
10,mobley_4780078,-5.903980,-6.010000,0.106020,0.000021
10,mobley_5467162,-5.209451,-5.910000,0.700549,0.000923
10,mobley_6257907,-6.131735,-5.820000,0.311735,0.000183
10,mobley_7913234,-6.336971,-5.730000,0.606971,0.000693
10,mobley_5518547,-6.529148,-5.570000,0.959147,0.001730
10,mobley_4883284,-6.213351,-5.490000,0.723351,0.000984
10,mobley_5220185,-6.112920,-5.450000,0.662920,0.000826
10,mobley_3359593,-6.403075,-5.260000,1.143075,0.002457
10,mobley_4683624,-6.365125,-5.210000,1.155125,0.002509
10,mobley_1636752,-2.559880,-5.100000,2.540119,0.012133
10,mobley_2310185,-4.159338,-5.000000,0.840662,0.001329
10,mobley_3682850,-3.731499,-4.910000,1.178501,0.002612
10,mobley_1363784,-5.574934,-4.840000,0.734934,0.001016
10,mobley_2837389,-5.592184,-4.780000,0.812184,0.001240
10,mobley_9507933,-5.404209,-4.720000,0.684209,0.000880
10,mobley_296847,-5.520580,-4.690000,0.830580,0.001297
10,mobley_8208692,-3.274879,-4.610000,1.335121,0.003352
10,mobley_4884177,-5.218522,-4.590000,0.628522,0.000743
10,mobley_6714389,-3.610705,-4.550000,0.939296,0.001659
10,mobley_2245668,-3.917764,-4.500000,0.582236,0.000637
10,mobley_5973402,-4.136436,-4.420000,0.283565,0.000151
10,mobley_3546460,-3.781948,-4.400000,0.618052,0.000718
10,mobley_8311303,-3.908747,-4.380000,0.471253,0.000418
10,mobley_9741965,-7.666864,-4.290000,3.376864,0.021443
10,mobley_4603202,-2.516976,-4.230000,1.713024,0.005518
10,mobley_628086,-4.479093,-4.160000,0.319093,0.000191
10,mobley_4620651,-4.186758,-4.100000,0.086758,0.000014
10,mobley_7977115,-3.890207,-4.060000,0.169793,0.000054
10,mobley_2789243,-3.711750,-4.010000,0.298251,0.000167
10,mobley_3968739,-4.230792,-3.920000,0.310792,0.000182
10,mobley_63712,-4.100323,-3.880000,0.220323,0.000091
10,mobley_1046331,-4.285098,-3.820000,0.465098,0.000407
10,mobley_1160109,-3.130464,-3.750000,0.619536,0.000722
10,mobley_4149784,-4.730221,-3.670000,1.060221,0.002114
10,mobley_397645,-4.147993,-3.640000,0.507993,0.000485
10,mobley_4690963,-4.871433,-3.540000,1.331433,0.003334
10,mobley_1967551,-2.405717,-3.500000,1.094283,0.002252
10,mobley_6733657,-4.676112,-3.440000,1.236112,0.002873
10,mobley_9565165,-4.175520,-3.350000,0.825521,0.001281
10,mobley_2487143,-2.180983,-3.280000,1.099017,0.002271
10,mobley_8449031,-3.039228,-3.220000,0.180772,0.000061
10,mobley_172879,-5.335081,-3.150000,2.185081,0.008978
10,mobley_5346580,-1.483621,-3.110000,1.626379,0.004974
10,mobley_3573480,-2.189920,-3.040000,0.850080,0.001359
10,mobley_1075836,-3.547047,-2.930000,0.617047,0.000716
10,mobley_6102880,-5.035485,-2.870000,2.165485,0.008818
10,mobley_1827204,-1.679243,-2.810000,1.130757,0.002404
10,mobley_2146331,-1.257993,-2.750000,1.492007,0.004186
10,mobley_7943327,-3.299730,-2.680000,0.619730,0.000722
10,mobley_5110043,-4.250148,-2.630000,1.620148,0.004936
10,mobley_5616693,-2.445175,-2.530000,0.084825,0.000014
10,mobley_6619554,-2.776229,-2.490000,0.286229,0.000154
10,mobley_6359156,-3.670990,-2.460000,1.210989,0.002758
10,mobley_1781152,-2.821484,-2.400000,0.421484,0.000334
10,mobley_859464,-3.247979,-2.360000,0.887979,0.001483
10,mobley_7150646,-2.631997,-2.300000,0.331997,0.000207
10,mobley_1592519,-3.103204,-2.230000,0.873204,0.001434
10,mobley_5538249,-1.662471,-2.160000,0.497529,0.000465
10,mobley_6911232,-1.960074,-2.100000,0.139926,0.000037
10,mobley_3269565,-1.909894,-2.010000,0.100106,0.000019
10,mobley_2484519,-2.841100,-1.930000,0.911101,0.001561
10,mobley_7690440,-3.428546,-1.830000,1.598546,0.004805
10,mobley_3802803,-3.341924,-1.660000,1.681924,0.005320
10,mobley_1144156,-1.837328,-1.590000,0.247328,0.000115
10,mobley_2481002,-3.009333,-1.450000,1.559333,0.004572
10,mobley_2489709,-1.812620,-1.360000,0.452620,0.000385
10,mobley_5052949,-1.510968,-1.280000,0.230968,0.000100
10,mobley_2492140,-2.407403,-1.230000,1.177402,0.002607
10,mobley_7542832,-2.002549,-1.160000,0.842549,0.001335
10,mobley_7814642,-2.147346,-1.120000,1.027346,0.001985
10,mobley_1563176,-0.756058,-0.990000,0.233942,0.000103
10,mobley_1873346,-1.263460,-0.900000,0.363460,0.000248
10,mobley_3040612,-1.038379,-0.850000,0.188379,0.000067
10,mobley_4483973,-3.044825,-0.800000,2.244825,0.009476
10,mobley_9913368,-1.094112,-0.780000,0.314112,0.000186
10,mobley_1449384,-1.222977,-0.680000,0.542977,0.000554
10,mobley_7708038,-0.636327,-0.560000,0.076327,0.000011
10,mobley_8311321,-1.124223,-0.500000,0.624223,0.000733
10,mobley_766666,-0.462258,-0.440000,0.022258,0.000001
10,mobley_5445548,-0.651868,-0.300000,0.351867,0.000233
10,mobley_9029594,-1.882232,-0.220000,1.662232,0.005196
10,mobley_3370989,-2.650714,-0.110000,2.540714,0.012139
10,mobley_627267,-0.263296,-0.030000,0.233296,0.000102
10,mobley_6250025,-0.133824,0.080000,0.213824,0.000086
10,mobley_4252724,-1.089341,0.160000,1.249341,0.002935
10,mobley_7157427,-0.164471,0.290000,0.454471,0.000388
10,mobley_8885088,-1.666983,0.560000,2.226983,0.009326
10,mobley_8522124,0.003024,0.710000,0.706976,0.000940
10,mobley_4678740,-2.592204,1.070000,3.662204,0.025220
10,mobley_2689721,-0.653517,1.230000,1.883517,0.006671
10,mobley_1662128,0.005958,1.380000,1.374042,0.003550
10,mobley_4762983,0.582765,1.660000,1.077235,0.002182
10,mobley_7732703,0.029764,1.790000,1.760236,0.005826
10,mobley_2068538,0.816410,2.000000,1.183590,0.002634
10,mobley_5157661,1.142666,2.300000,1.157334,0.002519
10,mobley_1261349,1.203861,2.510000,1.306139,0.003208
10,mobley_2328633,0.208628,2.550000,2.341372,0.010309
10,mobley_8436428,1.724625,2.830000,1.105375,0.002298
10,mobley_3060426,2.324015,2.930000,0.605985,0.000691
10,mobley_2197088,1.550710,3.160000,1.609290,0.004870
11,mobley_9534740,-24.347368,-25.469999,1.122631,0.002370
11,mobley_6239320,-22.021494,-18.059999,3.961494,0.029511
11,mobley_7794077,-14.400384,-15.460000,1.059616,0.002111
11,mobley_7415647,-11.627089,-11.950000,0.322911,0.000196
11,mobley_1728386,-10.206927,-11.000000,0.793073,0.001183
11,mobley_2269032,-11.105453,-10.210000,0.895453,0.001508
11,mobley_2913224,-7.617700,-9.940000,2.322299,0.010141
11,mobley_2659552,-8.424076,-9.760000,1.335924,0.003356
11,mobley_7176290,-8.119909,-9.620000,1.500091,0.004232
11,mobley_2295058,-8.948598,-9.510000,0.561402,0.000593
11,mobley_6055410,-12.968461,-9.400000,3.568461,0.023946
11,mobley_4639255,-8.954961,-9.300000,0.345039,0.000224
11,mobley_1417007,-5.437932,-9.010000,3.572069,0.023994
11,mobley_6115639,-10.599398,-8.700000,1.899398,0.006784
11,mobley_6353617,-8.025972,-8.260000,0.234028,0.000103
11,mobley_2725215,-5.946833,-7.980000,2.033167,0.007773
11,mobley_7039935,-6.439364,-7.670000,1.230636,0.002848
11,mobley_4059279,-6.649904,-7.580000,0.930096,0.001627
11,mobley_951560,-10.866860,-7.400000,3.466860,0.022601
11,mobley_1922649,-9.994577,-7.190000,2.804577,0.014791
11,mobley_8798016,-7.429048,-7.000000,0.429048,0.000346
11,mobley_1858644,-6.369263,-6.790000,0.420737,0.000333
11,mobley_9114381,-6.016156,-6.720000,0.703844,0.000932
11,mobley_5311804,-5.067980,-6.620000,1.552020,0.004530
11,mobley_6743808,-6.063092,-6.500000,0.436908,0.000359
11,mobley_8789864,-6.326731,-6.400000,0.073269,0.000010
11,mobley_7009711,-6.451250,-6.270000,0.181250,0.000062
11,mobley_8789465,-4.712098,-6.200000,1.487902,0.004163
11,mobley_2923700,-6.047474,-6.130000,0.082526,0.000013
11,mobley_4780078,-5.589220,-6.010000,0.420780,0.000333
11,mobley_5467162,-4.875316,-5.910000,1.034684,0.002013
11,mobley_6257907,-6.025460,-5.820000,0.205460,0.000079
11,mobley_7913234,-6.247548,-5.730000,0.517548,0.000504
11,mobley_5518547,-6.068089,-5.570000,0.498089,0.000467
11,mobley_4883284,-5.888048,-5.490000,0.398048,0.000298
11,mobley_5220185,-5.797011,-5.450000,0.347011,0.000226
11,mobley_3359593,-6.182555,-5.260000,0.922554,0.001600
11,mobley_4683624,-6.005242,-5.210000,0.795242,0.001189
11,mobley_1636752,-2.772892,-5.100000,2.327108,0.010183
11,mobley_2310185,-4.478750,-5.000000,0.521250,0.000511
11,mobley_3682850,-3.703364,-4.910000,1.206636,0.002738
11,mobley_1363784,-5.111786,-4.840000,0.271786,0.000139
11,mobley_2837389,-5.131432,-4.780000,0.351432,0.000232
11,mobley_9507933,-5.098492,-4.720000,0.378492,0.000269
11,mobley_296847,-4.987295,-4.690000,0.297295,0.000166
11,mobley_8208692,-3.722219,-4.610000,0.887781,0.001482
11,mobley_4884177,-4.702281,-4.590000,0.112280,0.000024
11,mobley_6714389,-3.740483,-4.550000,0.809518,0.001232
11,mobley_2245668,-3.736264,-4.500000,0.763736,0.001097
11,mobley_5973402,-4.111989,-4.420000,0.308012,0.000178
11,mobley_3546460,-3.802575,-4.400000,0.597425,0.000671
11,mobley_8311303,-4.692446,-4.380000,0.312446,0.000184
11,mobley_9741965,-5.989096,-4.290000,1.699096,0.005429
11,mobley_4603202,-2.427687,-4.230000,1.802313,0.006108
11,mobley_628086,-4.636621,-4.160000,0.476622,0.000427
11,mobley_4620651,-4.439972,-4.100000,0.339972,0.000217
11,mobley_7977115,-4.160166,-4.060000,0.100166,0.000019
11,mobley_2789243,-3.587426,-4.010000,0.422574,0.000336
11,mobley_3968739,-3.979019,-3.920000,0.059019,0.000007
11,mobley_63712,-3.842482,-3.880000,0.037518,0.000003
11,mobley_1046331,-3.962584,-3.820000,0.142584,0.000038
11,mobley_1160109,-2.892985,-3.750000,0.857015,0.001381
11,mobley_4149784,-4.369525,-3.670000,0.699525,0.000920
11,mobley_397645,-3.862309,-3.640000,0.222309,0.000093
11,mobley_4690963,-4.743042,-3.540000,1.203043,0.002722
11,mobley_1967551,-2.578701,-3.500000,0.921299,0.001596
11,mobley_6733657,-5.607850,-3.440000,2.167850,0.008837
11,mobley_9565165,-3.411260,-3.350000,0.061260,0.000007
11,mobley_2487143,-2.273424,-3.280000,1.006576,0.001905
11,mobley_8449031,-2.930809,-3.220000,0.289191,0.000157
11,mobley_172879,-4.567135,-3.150000,1.417135,0.003776
11,mobley_5346580,-1.371878,-3.110000,1.738122,0.005681
11,mobley_3573480,-2.338968,-3.040000,0.701032,0.000924
11,mobley_1075836,-3.659115,-2.930000,0.729115,0.001000
11,mobley_6102880,-4.371228,-2.870000,1.501228,0.004238
11,mobley_1827204,-1.403373,-2.810000,1.406627,0.003721
11,mobley_2146331,-1.078382,-2.750000,1.671618,0.005255
11,mobley_7943327,-3.279171,-2.680000,0.599170,0.000675
11,mobley_5110043,-3.287032,-2.630000,0.657032,0.000812
11,mobley_5616693,-1.832774,-2.530000,0.697226,0.000914
11,mobley_6619554,-2.466892,-2.490000,0.023108,0.000001
11,mobley_6359156,-3.642437,-2.460000,1.182437,0.002629
11,mobley_1781152,-2.375127,-2.400000,0.024873,0.000001
11,mobley_859464,-2.816078,-2.360000,0.456078,0.000391
11,mobley_7150646,-2.293024,-2.300000,0.006976,0.000000
11,mobley_1592519,-2.730249,-2.230000,0.500249,0.000471
11,mobley_5538249,-1.604254,-2.160000,0.555747,0.000581
11,mobley_6911232,-1.913849,-2.100000,0.186151,0.000065
11,mobley_3269565,-1.759367,-2.010000,0.250633,0.000118
11,mobley_2484519,-2.385339,-1.930000,0.455339,0.000390
11,mobley_7690440,-3.227465,-1.830000,1.397465,0.003672
11,mobley_3802803,-1.587848,-1.660000,0.072152,0.000010
11,mobley_1144156,-1.792174,-1.590000,0.202173,0.000077
11,mobley_2481002,-1.900812,-1.450000,0.450812,0.000382
11,mobley_2489709,-1.671573,-1.360000,0.311573,0.000183
11,mobley_5052949,-0.913567,-1.280000,0.366432,0.000252
11,mobley_2492140,-1.802761,-1.230000,0.572761,0.000617
11,mobley_7542832,-1.423116,-1.160000,0.263116,0.000130
11,mobley_7814642,-2.421821,-1.120000,1.301821,0.003187
11,mobley_1563176,-0.495111,-0.990000,0.494889,0.000461
11,mobley_1873346,-0.757471,-0.900000,0.142529,0.000038
11,mobley_3040612,-0.483396,-0.850000,0.366604,0.000253
11,mobley_4483973,-2.623360,-0.800000,1.823360,0.006252
11,mobley_9913368,-1.048362,-0.780000,0.268362,0.000135
11,mobley_1449384,-0.373253,-0.680000,0.306747,0.000177
11,mobley_7708038,-0.211104,-0.560000,0.348896,0.000229
11,mobley_8311321,-0.954769,-0.500000,0.454769,0.000389
11,mobley_766666,-0.343969,-0.440000,0.096031,0.000017
11,mobley_5445548,-0.010219,-0.300000,0.289781,0.000158
11,mobley_9029594,-1.850616,-0.220000,1.630616,0.005000
11,mobley_3370989,-2.722032,-0.110000,2.612032,0.012830
11,mobley_627267,0.122310,-0.030000,0.152310,0.000044
11,mobley_6250025,0.243498,0.080000,0.163498,0.000050
11,mobley_4252724,-0.223165,0.160000,0.383165,0.000276
11,mobley_7157427,0.137347,0.290000,0.152653,0.000044
11,mobley_8885088,-1.389840,0.560000,1.949840,0.007149
11,mobley_8522124,0.550707,0.710000,0.159293,0.000048
11,mobley_4678740,-1.726991,1.070000,2.796991,0.014711
11,mobley_2689721,0.102327,1.230000,1.127673,0.002391
11,mobley_1662128,0.506158,1.380000,0.873842,0.001436
11,mobley_4762983,1.211323,1.660000,0.448677,0.000379
11,mobley_7732703,0.291633,1.790000,1.498367,0.004222
11,mobley_2068538,1.129833,2.000000,0.870167,0.001424
11,mobley_5157661,1.595711,2.300000,0.704288,0.000933
11,mobley_1261349,1.809335,2.510000,0.700665,0.000923
11,mobley_2328633,0.922659,2.550000,1.627341,0.004980
11,mobley_8436428,2.486042,2.830000,0.343958,0.000222
11,mobley_3060426,3.097800,2.930000,0.167800,0.000053
11,mobley_2197088,2.405475,3.160000,0.754525,0.001071
12,mobley_9534740,-23.249657,-25.469999,2.220343,0.009270
12,mobley_6239320,-19.662718,-18.059999,1.602718,0.004830
12,mobley_7794077,-13.033339,-15.460000,2.426661,0.011073
12,mobley_7415647,-10.655291,-11.950000,1.294709,0.003152
12,mobley_1728386,-9.736403,-11.000000,1.263597,0.003002
12,mobley_2269032,-9.848364,-10.210000,0.361636,0.000246
12,mobley_2913224,-6.770300,-9.940000,3.169699,0.018893
12,mobley_2659552,-7.806059,-9.760000,1.953941,0.007179
12,mobley_7176290,-7.710056,-9.620000,1.909944,0.006860
12,mobley_2295058,-8.400573,-9.510000,1.109427,0.002315
12,mobley_6055410,-11.766291,-9.400000,2.366291,0.010529
12,mobley_4639255,-8.737678,-9.300000,0.562323,0.000595
12,mobley_1417007,-4.613207,-9.010000,4.396793,0.036353
12,mobley_6115639,-9.742738,-8.700000,1.042738,0.002045
12,mobley_6353617,-7.530770,-8.260000,0.729230,0.001000
12,mobley_2725215,-4.896941,-7.980000,3.083059,0.017874
12,mobley_7039935,-6.082706,-7.670000,1.587294,0.004738
12,mobley_4059279,-5.728846,-7.580000,1.851154,0.006444
12,mobley_951560,-9.788995,-7.400000,2.388995,0.010732
12,mobley_1922649,-9.064888,-7.190000,1.874888,0.006610
12,mobley_8798016,-6.880458,-7.000000,0.119542,0.000027
12,mobley_1858644,-6.312593,-6.790000,0.477407,0.000429
12,mobley_9114381,-5.712190,-6.720000,1.007810,0.001910
12,mobley_5311804,-4.867013,-6.620000,1.752987,0.005779
12,mobley_6743808,-5.905404,-6.500000,0.594596,0.000665
12,mobley_8789864,-5.590415,-6.400000,0.809585,0.001233
12,mobley_7009711,-6.213140,-6.270000,0.056860,0.000006
12,mobley_8789465,-4.470895,-6.200000,1.729105,0.005622
12,mobley_2923700,-5.759067,-6.130000,0.370933,0.000259
12,mobley_4780078,-5.132708,-6.010000,0.877292,0.001447
12,mobley_5467162,-4.522767,-5.910000,1.387233,0.003619
12,mobley_6257907,-5.540635,-5.820000,0.279366,0.000147
12,mobley_7913234,-5.776139,-5.730000,0.046139,0.000004
12,mobley_5518547,-5.548204,-5.570000,0.021796,0.000001
12,mobley_4883284,-5.531609,-5.490000,0.041609,0.000003
12,mobley_5220185,-5.170464,-5.450000,0.279536,0.000147
12,mobley_3359593,-5.452619,-5.260000,0.192619,0.000070
12,mobley_4683624,-5.723087,-5.210000,0.513087,0.000495
12,mobley_1636752,-2.676742,-5.100000,2.423258,0.011042
12,mobley_2310185,-4.496941,-5.000000,0.503059,0.000476
12,mobley_3682850,-3.482486,-4.910000,1.427513,0.003832
12,mobley_1363784,-4.721061,-4.840000,0.118939,0.000027
12,mobley_2837389,-4.695992,-4.780000,0.084008,0.000013
12,mobley_9507933,-4.654408,-4.720000,0.065592,0.000008
12,mobley_296847,-4.634779,-4.690000,0.055221,0.000006
12,mobley_8208692,-3.154035,-4.610000,1.455965,0.003986
12,mobley_4884177,-4.279656,-4.590000,0.310344,0.000181
12,mobley_6714389,-3.513812,-4.550000,1.036189,0.002019
12,mobley_2245668,-3.631161,-4.500000,0.868839,0.001420
12,mobley_5973402,-4.033534,-4.420000,0.386467,0.000281
12,mobley_3546460,-3.691069,-4.400000,0.708931,0.000945
12,mobley_8311303,-4.089362,-4.380000,0.290638,0.000159
12,mobley_9741965,-5.444293,-4.290000,1.154293,0.002506
12,mobley_4603202,-2.186018,-4.230000,2.043982,0.007856
12,mobley_628086,-4.101011,-4.160000,0.058989,0.000007
12,mobley_4620651,-4.000888,-4.100000,0.099112,0.000018
12,mobley_7977115,-4.090669,-4.060000,0.030669,0.000002
12,mobley_2789243,-3.245713,-4.010000,0.764288,0.001098
12,mobley_3968739,-3.633965,-3.920000,0.286035,0.000154
12,mobley_63712,-3.162431,-3.880000,0.717569,0.000968
12,mobley_1046331,-3.660275,-3.820000,0.159724,0.000048
12,mobley_1160109,-2.622754,-3.750000,1.127246,0.002389
12,mobley_4149784,-3.198628,-3.670000,0.471372,0.000418
12,mobley_397645,-3.576975,-3.640000,0.063025,0.000007
12,mobley_4690963,-4.217366,-3.540000,0.677366,0.000863
12,mobley_1967551,-2.539386,-3.500000,0.960614,0.001735
12,mobley_6733657,-4.582240,-3.440000,1.142240,0.002453
12,mobley_9565165,-3.107177,-3.350000,0.242823,0.000111
12,mobley_2487143,-2.314254,-3.280000,0.965746,0.001754
12,mobley_8449031,-2.491991,-3.220000,0.728009,0.000997
12,mobley_172879,-3.657045,-3.150000,0.507045,0.000483
12,mobley_5346580,-1.171781,-3.110000,1.938218,0.007064
12,mobley_3573480,-2.352273,-3.040000,0.687727,0.000889
12,mobley_1075836,-3.355217,-2.930000,0.425217,0.000340
12,mobley_6102880,-3.926185,-2.870000,1.056185,0.002098
12,mobley_1827204,-1.361952,-2.810000,1.448048,0.003943
12,mobley_2146331,-1.010076,-2.750000,1.739924,0.005693
12,mobley_7943327,-2.988955,-2.680000,0.308955,0.000179
12,mobley_5110043,-2.860677,-2.630000,0.230677,0.000100
12,mobley_5616693,-1.674649,-2.530000,0.855351,0.001376
12,mobley_6619554,-2.129191,-2.490000,0.360809,0.000245
12,mobley_6359156,-3.543669,-2.460000,1.083669,0.002208
12,mobley_1781152,-1.828462,-2.400000,0.571538,0.000614
12,mobley_859464,-2.402858,-2.360000,0.042859,0.000003
12,mobley_7150646,-2.162093,-2.300000,0.137907,0.000036
12,mobley_1592519,-2.389728,-2.230000,0.159728,0.000048
12,mobley_5538249,-1.475230,-2.160000,0.684770,0.000882
12,mobley_6911232,-1.565334,-2.100000,0.534666,0.000538
12,mobley_3269565,-1.358186,-2.010000,0.651814,0.000799
12,mobley_2484519,-2.204644,-1.930000,0.274644,0.000142
12,mobley_7690440,-3.032645,-1.830000,1.202645,0.002720
12,mobley_3802803,-1.280805,-1.660000,0.379195,0.000270
12,mobley_1144156,-1.481083,-1.590000,0.108917,0.000022
12,mobley_2481002,-1.492809,-1.450000,0.042809,0.000003
12,mobley_2489709,-1.451630,-1.360000,0.091630,0.000016
12,mobley_5052949,-0.740958,-1.280000,0.539042,0.000546
12,mobley_2492140,-1.582624,-1.230000,0.352624,0.000234
12,mobley_7542832,-1.120115,-1.160000,0.039885,0.000003
12,mobley_7814642,-2.030138,-1.120000,0.910138,0.001558
12,mobley_1563176,-0.444943,-0.990000,0.545057,0.000559
12,mobley_1873346,-0.648690,-0.900000,0.251310,0.000119
12,mobley_3040612,-0.416248,-0.850000,0.433753,0.000354
12,mobley_4483973,-2.411977,-0.800000,1.611977,0.004886
12,mobley_9913368,-0.976450,-0.780000,0.196450,0.000073
12,mobley_1449384,-0.150316,-0.680000,0.529684,0.000528
12,mobley_7708038,-0.161739,-0.560000,0.398261,0.000298
12,mobley_8311321,-0.692309,-0.500000,0.192309,0.000070
12,mobley_766666,-0.214853,-0.440000,0.225147,0.000095
12,mobley_5445548,0.049002,-0.300000,0.349002,0.000229
12,mobley_9029594,-1.573128,-0.220000,1.353128,0.003443
12,mobley_3370989,-2.489526,-0.110000,2.379526,0.010647
12,mobley_627267,0.178141,-0.030000,0.208141,0.000081
12,mobley_6250025,0.304582,0.080000,0.224582,0.000095
12,mobley_4252724,-0.104573,0.160000,0.264573,0.000132
12,mobley_7157427,0.447254,0.290000,0.157254,0.000047
12,mobley_8885088,-1.093777,0.560000,1.653777,0.005143
12,mobley_8522124,0.703793,0.710000,0.006207,0.000000
12,mobley_4678740,-1.080364,1.070000,2.150364,0.008695
12,mobley_2689721,0.352181,1.230000,0.877819,0.001449
12,mobley_1662128,0.614605,1.380000,0.765395,0.001102
12,mobley_4762983,1.418904,1.660000,0.241096,0.000109
12,mobley_7732703,0.735952,1.790000,1.054048,0.002089
12,mobley_2068538,1.153187,2.000000,0.846813,0.001348
12,mobley_5157661,1.607720,2.300000,0.692280,0.000901
12,mobley_1261349,1.946032,2.510000,0.563968,0.000598
12,mobley_2328633,1.338284,2.550000,1.211716,0.002761
12,mobley_8436428,2.584514,2.830000,0.245486,0.000113
12,mobley_3060426,3.383680,2.930000,0.453680,0.000387
12,mobley_2197088,2.605800,3.160000,0.554200,0.000578
13,mobley_9534740,-24.164883,-25.469999,1.305117,0.003203
13,mobley_6239320,-20.237768,-18.059999,2.177769,0.008918
13,mobley_7794077,-13.808889,-15.460000,1.651111,0.005126
13,mobley_7415647,-11.523063,-11.950000,0.426937,0.000343
13,mobley_1728386,-10.015573,-11.000000,0.984427,0.001822
13,mobley_2269032,-10.323699,-10.210000,0.113699,0.000024
13,mobley_2913224,-7.077275,-9.940000,2.862724,0.015411
13,mobley_2659552,-8.364883,-9.760000,1.395117,0.003660
13,mobley_7176290,-8.031704,-9.620000,1.588296,0.004744
13,mobley_2295058,-8.710003,-9.510000,0.799997,0.001203
13,mobley_6055410,-12.221064,-9.400000,2.821064,0.014965
13,mobley_4639255,-9.228362,-9.300000,0.071638,0.000010
13,mobley_1417007,-5.453704,-9.010000,3.556296,0.023783
13,mobley_6115639,-10.773680,-8.700000,2.073680,0.008086
13,mobley_6353617,-7.698454,-8.260000,0.561546,0.000593
13,mobley_2725215,-6.323941,-7.980000,1.656059,0.005157
13,mobley_7039935,-6.353596,-7.670000,1.316404,0.003259
13,mobley_4059279,-6.212519,-7.580000,1.367481,0.003516
13,mobley_951560,-10.292150,-7.400000,2.892150,0.015729
13,mobley_1922649,-9.442677,-7.190000,2.252676,0.009542
13,mobley_8798016,-7.241418,-7.000000,0.241418,0.000110
13,mobley_1858644,-6.749450,-6.790000,0.040550,0.000003
13,mobley_9114381,-5.903334,-6.720000,0.816666,0.001254
13,mobley_5311804,-5.260979,-6.620000,1.359021,0.003473
13,mobley_6743808,-6.075724,-6.500000,0.424276,0.000339
13,mobley_8789864,-6.066657,-6.400000,0.333343,0.000209
13,mobley_7009711,-6.315660,-6.270000,0.045660,0.000004
13,mobley_8789465,-4.604904,-6.200000,1.595096,0.004784
13,mobley_2923700,-5.937232,-6.130000,0.192769,0.000070
13,mobley_4780078,-5.207004,-6.010000,0.802996,0.001213
13,mobley_5467162,-4.700626,-5.910000,1.209373,0.002750
13,mobley_6257907,-5.895351,-5.820000,0.075351,0.000011
13,mobley_7913234,-6.265680,-5.730000,0.535680,0.000540
13,mobley_5518547,-5.691286,-5.570000,0.121286,0.000028
13,mobley_4883284,-5.718559,-5.490000,0.228559,0.000098
13,mobley_5220185,-5.367618,-5.450000,0.082382,0.000013
13,mobley_3359593,-5.788755,-5.260000,0.528755,0.000526
13,mobley_4683624,-5.970678,-5.210000,0.760678,0.001088
13,mobley_1636752,-2.934822,-5.100000,2.165178,0.008816
13,mobley_2310185,-4.740733,-5.000000,0.259267,0.000126
13,mobley_3682850,-3.738030,-4.910000,1.171970,0.002583
13,mobley_1363784,-4.860562,-4.840000,0.020562,0.000001
13,mobley_2837389,-4.659702,-4.780000,0.120298,0.000027
13,mobley_9507933,-4.823772,-4.720000,0.103772,0.000020
13,mobley_296847,-4.797503,-4.690000,0.107503,0.000022
13,mobley_8208692,-3.617528,-4.610000,0.992472,0.001852
13,mobley_4884177,-4.520430,-4.590000,0.069571,0.000009
13,mobley_6714389,-3.710310,-4.550000,0.839690,0.001326
13,mobley_2245668,-3.962114,-4.500000,0.537886,0.000544
13,mobley_5973402,-4.424464,-4.420000,0.004464,0.000000
13,mobley_3546460,-4.121092,-4.400000,0.278908,0.000146
13,mobley_8311303,-4.612100,-4.380000,0.232100,0.000101
13,mobley_9741965,-6.317922,-4.290000,2.027922,0.007733
13,mobley_4603202,-2.555395,-4.230000,1.674605,0.005273
13,mobley_628086,-4.494997,-4.160000,0.334997,0.000211
13,mobley_4620651,-4.287578,-4.100000,0.187578,0.000066
13,mobley_7977115,-4.467144,-4.060000,0.407144,0.000312
13,mobley_2789243,-3.470114,-4.010000,0.539886,0.000548
13,mobley_3968739,-3.805794,-3.920000,0.114207,0.000025
13,mobley_63712,-3.486008,-3.880000,0.393992,0.000292
13,mobley_1046331,-3.766584,-3.820000,0.053416,0.000005
13,mobley_1160109,-3.034938,-3.750000,0.715062,0.000962
13,mobley_4149784,-3.563159,-3.670000,0.106841,0.000021
13,mobley_397645,-3.712291,-3.640000,0.072291,0.000010
13,mobley_4690963,-4.655866,-3.540000,1.115866,0.002341
13,mobley_1967551,-2.698662,-3.500000,0.801338,0.001208
13,mobley_6733657,-5.461682,-3.440000,2.021682,0.007686
13,mobley_9565165,-3.344519,-3.350000,0.005481,0.000000
13,mobley_2487143,-2.685020,-3.280000,0.594980,0.000666
13,mobley_8449031,-2.726284,-3.220000,0.493716,0.000458
13,mobley_172879,-3.836827,-3.150000,0.686826,0.000887
13,mobley_5346580,-1.390662,-3.110000,1.719338,0.005559
13,mobley_3573480,-2.729531,-3.040000,0.310469,0.000181
13,mobley_1075836,-3.331724,-2.930000,0.401724,0.000303
13,mobley_6102880,-4.245080,-2.870000,1.375080,0.003556
13,mobley_1827204,-1.644871,-2.810000,1.165129,0.002553
13,mobley_2146331,-1.072830,-2.750000,1.677170,0.005290
13,mobley_7943327,-2.796850,-2.680000,0.116850,0.000026
13,mobley_5110043,-2.907041,-2.630000,0.277041,0.000144
13,mobley_5616693,-2.168138,-2.530000,0.361862,0.000246
13,mobley_6619554,-2.057853,-2.490000,0.432147,0.000351
13,mobley_6359156,-3.593036,-2.460000,1.133036,0.002414
13,mobley_1781152,-1.953490,-2.400000,0.446510,0.000375
13,mobley_859464,-2.661681,-2.360000,0.301681,0.000171
13,mobley_7150646,-2.151644,-2.300000,0.148355,0.000041
13,mobley_1592519,-2.516828,-2.230000,0.286828,0.000155
13,mobley_5538249,-1.778493,-2.160000,0.381507,0.000274
13,mobley_6911232,-1.673893,-2.100000,0.426107,0.000341
13,mobley_3269565,-1.463126,-2.010000,0.546874,0.000562
13,mobley_2484519,-2.019796,-1.930000,0.089796,0.000015
13,mobley_7690440,-3.401006,-1.830000,1.571006,0.004641
13,mobley_3802803,-1.963197,-1.660000,0.303197,0.000173
13,mobley_1144156,-1.608436,-1.590000,0.018436,0.000001
13,mobley_2481002,-1.705684,-1.450000,0.255684,0.000123
13,mobley_2489709,-1.715209,-1.360000,0.355209,0.000237
13,mobley_5052949,-1.053293,-1.280000,0.226707,0.000097
13,mobley_2492140,-1.849216,-1.230000,0.619216,0.000721
13,mobley_7542832,-1.528850,-1.160000,0.368850,0.000256
13,mobley_7814642,-2.417511,-1.120000,1.297511,0.003166
13,mobley_1563176,-0.629365,-0.990000,0.360635,0.000245
13,mobley_1873346,-0.655454,-0.900000,0.244546,0.000112
13,mobley_3040612,-0.512128,-0.850000,0.337872,0.000215
13,mobley_4483973,-2.477040,-0.800000,1.677040,0.005289
13,mobley_9913368,-1.049505,-0.780000,0.269505,0.000137
13,mobley_1449384,-0.195749,-0.680000,0.484251,0.000441
13,mobley_7708038,-0.370597,-0.560000,0.189403,0.000067
13,mobley_8311321,-1.104983,-0.500000,0.604983,0.000688
13,mobley_766666,-0.400997,-0.440000,0.039003,0.000003
13,mobley_5445548,-0.054495,-0.300000,0.245505,0.000113
13,mobley_9029594,-1.596240,-0.220000,1.376240,0.003562
13,mobley_3370989,-2.630387,-0.110000,2.520387,0.011945
13,mobley_627267,-0.063405,-0.030000,0.033405,0.000002
13,mobley_6250025,0.150938,0.080000,0.070938,0.000009
13,mobley_4252724,-0.273768,0.160000,0.433768,0.000354
13,mobley_7157427,0.061565,0.290000,0.228435,0.000098
13,mobley_8885088,-1.072040,0.560000,1.632040,0.005009
13,mobley_8522124,0.643406,0.710000,0.066594,0.000008
13,mobley_4678740,-2.139514,1.070000,3.209514,0.019371
13,mobley_2689721,0.397488,1.230000,0.832512,0.001303
13,mobley_1662128,0.670091,1.380000,0.709909,0.000948
13,mobley_4762983,1.459979,1.660000,0.200021,0.000075
13,mobley_7732703,-0.322432,1.790000,2.112432,0.008391
13,mobley_2068538,1.163393,2.000000,0.836607,0.001316
13,mobley_5157661,1.599112,2.300000,0.700888,0.000924
13,mobley_1261349,2.044389,2.510000,0.465611,0.000408
13,mobley_2328633,1.253425,2.550000,1.296575,0.003161
13,mobley_8436428,2.526103,2.830000,0.303897,0.000174
13,mobley_3060426,3.375478,2.930000,0.445478,0.000373
13,mobley_2197088,2.576451,3.160000,0.583549,0.000640
14,mobley_9534740,-23.527834,-25.469999,1.942165,0.007093
14,mobley_6239320,-19.023556,-18.059999,0.963556,0.001746
14,mobley_7794077,-12.414589,-15.460000,3.045411,0.017440
14,mobley_7415647,-11.331040,-11.950000,0.618959,0.000720
14,mobley_1728386,-9.996448,-11.000000,1.003552,0.001894
14,mobley_2269032,-10.140536,-10.210000,0.069464,0.000009
14,mobley_2913224,-6.919637,-9.940000,3.020363,0.017155
14,mobley_2659552,-8.281638,-9.760000,1.478362,0.004110
14,mobley_7176290,-8.231297,-9.620000,1.388703,0.003626
14,mobley_2295058,-8.570547,-9.510000,0.939453,0.001660
14,mobley_6055410,-12.137980,-9.400000,2.737980,0.014097
14,mobley_4639255,-8.897812,-9.300000,0.402188,0.000304
14,mobley_1417007,-4.766380,-9.010000,4.243620,0.033864
14,mobley_6115639,-9.539086,-8.700000,0.839087,0.001324
14,mobley_6353617,-7.889818,-8.260000,0.370183,0.000258
14,mobley_2725215,-5.469723,-7.980000,2.510277,0.011850
14,mobley_7039935,-6.247582,-7.670000,1.422418,0.003805
14,mobley_4059279,-5.637625,-7.580000,1.942375,0.007095
14,mobley_951560,-9.844338,-7.400000,2.444338,0.011235
14,mobley_1922649,-9.329165,-7.190000,2.139164,0.008605
14,mobley_8798016,-6.994025,-7.000000,0.005975,0.000000
14,mobley_1858644,-6.514570,-6.790000,0.275430,0.000143
14,mobley_9114381,-5.962888,-6.720000,0.757112,0.001078
14,mobley_5311804,-5.110805,-6.620000,1.509195,0.004283
14,mobley_6743808,-6.185225,-6.500000,0.314775,0.000186
14,mobley_8789864,-5.235475,-6.400000,1.164526,0.002550
14,mobley_7009711,-6.343626,-6.270000,0.073626,0.000010
14,mobley_8789465,-4.509377,-6.200000,1.690623,0.005375
14,mobley_2923700,-5.889598,-6.130000,0.240402,0.000109
14,mobley_4780078,-5.156181,-6.010000,0.853819,0.001371
14,mobley_5467162,-4.761389,-5.910000,1.148611,0.002481
14,mobley_6257907,-5.832360,-5.820000,0.012360,0.000000
14,mobley_7913234,-5.713187,-5.730000,0.016813,0.000001
14,mobley_5518547,-5.670749,-5.570000,0.100749,0.000019
14,mobley_4883284,-5.661936,-5.490000,0.171936,0.000056
14,mobley_5220185,-5.243893,-5.450000,0.206107,0.000080
14,mobley_3359593,-5.584898,-5.260000,0.324897,0.000198
14,mobley_4683624,-5.786064,-5.210000,0.576064,0.000624
14,mobley_1636752,-2.851994,-5.100000,2.248006,0.009503
14,mobley_2310185,-4.560060,-5.000000,0.439940,0.000364
14,mobley_3682850,-3.555610,-4.910000,1.354390,0.003449
14,mobley_1363784,-4.931127,-4.840000,0.091126,0.000016
14,mobley_2837389,-4.408032,-4.780000,0.371968,0.000260
14,mobley_9507933,-4.826382,-4.720000,0.106382,0.000021
14,mobley_296847,-4.782118,-4.690000,0.092118,0.000016
14,mobley_8208692,-3.338940,-4.610000,1.271060,0.003038
14,mobley_4884177,-4.411471,-4.590000,0.178529,0.000060
14,mobley_6714389,-3.624151,-4.550000,0.925849,0.001612
14,mobley_2245668,-3.764948,-4.500000,0.735052,0.001016
14,mobley_5973402,-4.101672,-4.420000,0.318328,0.000191
14,mobley_3546460,-3.639353,-4.400000,0.760647,0.001088
14,mobley_8311303,-4.305681,-4.380000,0.074319,0.000010
14,mobley_9741965,-5.658381,-4.290000,1.368382,0.003521
14,mobley_4603202,-2.327059,-4.230000,1.902941,0.006809
14,mobley_628086,-3.592559,-4.160000,0.567441,0.000605
14,mobley_4620651,-4.011640,-4.100000,0.088360,0.000015
14,mobley_7977115,-3.915178,-4.060000,0.144822,0.000039
14,mobley_2789243,-3.342419,-4.010000,0.667581,0.000838
14,mobley_3968739,-3.643887,-3.920000,0.276114,0.000143
14,mobley_63712,-3.077917,-3.880000,0.802083,0.001210
14,mobley_1046331,-3.632592,-3.820000,0.187407,0.000066
14,mobley_1160109,-2.785361,-3.750000,0.964639,0.001750
14,mobley_4149784,-3.415572,-3.670000,0.254428,0.000122
14,mobley_397645,-3.456766,-3.640000,0.183234,0.000063
14,mobley_4690963,-4.134946,-3.540000,0.594946,0.000666
14,mobley_1967551,-2.713920,-3.500000,0.786080,0.001162
14,mobley_6733657,-4.751537,-3.440000,1.311537,0.003235
14,mobley_9565165,-3.122126,-3.350000,0.227874,0.000098
14,mobley_2487143,-2.516220,-3.280000,0.763780,0.001097
14,mobley_8449031,-2.281594,-3.220000,0.938406,0.001656
14,mobley_172879,-3.606494,-3.150000,0.456494,0.000392
14,mobley_5346580,-1.464449,-3.110000,1.645551,0.005092
14,mobley_3573480,-2.498945,-3.040000,0.541055,0.000550
14,mobley_1075836,-3.380378,-2.930000,0.450378,0.000381
14,mobley_6102880,-3.898722,-2.870000,1.028722,0.001990
14,mobley_1827204,-1.426144,-2.810000,1.383856,0.003601
14,mobley_2146331,-0.920512,-2.750000,1.829488,0.006294
14,mobley_7943327,-2.888337,-2.680000,0.208337,0.000082
14,mobley_5110043,-2.929885,-2.630000,0.299885,0.000169
14,mobley_5616693,-1.792401,-2.530000,0.737599,0.001023
14,mobley_6619554,-1.888494,-2.490000,0.601506,0.000680
14,mobley_6359156,-4.064506,-2.460000,1.604506,0.004841
14,mobley_1781152,-1.824974,-2.400000,0.575026,0.000622
14,mobley_859464,-2.308115,-2.360000,0.051885,0.000005
14,mobley_7150646,-1.959721,-2.300000,0.340279,0.000218
14,mobley_1592519,-2.234051,-2.230000,0.004051,0.000000
14,mobley_5538249,-1.365864,-2.160000,0.794136,0.001186
14,mobley_6911232,-1.522840,-2.100000,0.577160,0.000626
14,mobley_3269565,-1.356985,-2.010000,0.653015,0.000802
14,mobley_2484519,-2.551361,-1.930000,0.621361,0.000726
14,mobley_7690440,-3.490252,-1.830000,1.660252,0.005183
14,mobley_3802803,-1.395012,-1.660000,0.264988,0.000132
14,mobley_1144156,-1.319956,-1.590000,0.270044,0.000137
14,mobley_2481002,-1.617273,-1.450000,0.167273,0.000053
14,mobley_2489709,-1.594807,-1.360000,0.234807,0.000104
14,mobley_5052949,-0.705294,-1.280000,0.574706,0.000621
14,mobley_2492140,-1.750670,-1.230000,0.520670,0.000510
14,mobley_7542832,-1.043546,-1.160000,0.116454,0.000026
14,mobley_7814642,-2.242307,-1.120000,1.122307,0.002369
14,mobley_1563176,-0.376584,-0.990000,0.613416,0.000708
14,mobley_1873346,-0.669836,-0.900000,0.230164,0.000100
14,mobley_3040612,-0.566588,-0.850000,0.283412,0.000151
14,mobley_4483973,-2.427728,-0.800000,1.627728,0.004982
14,mobley_9913368,-1.009937,-0.780000,0.229937,0.000099
14,mobley_1449384,-0.231149,-0.680000,0.448851,0.000379
14,mobley_7708038,-0.198131,-0.560000,0.361869,0.000246
14,mobley_8311321,-0.582862,-0.500000,0.082862,0.000013
14,mobley_766666,-0.369154,-0.440000,0.070846,0.000009
14,mobley_5445548,-0.035692,-0.300000,0.264308,0.000131
14,mobley_9029594,-1.580362,-0.220000,1.360362,0.003480
14,mobley_3370989,-2.472030,-0.110000,2.362030,0.010491
14,mobley_627267,0.184938,-0.030000,0.214938,0.000087
14,mobley_6250025,0.530945,0.080000,0.450945,0.000382
14,mobley_4252724,-0.160715,0.160000,0.320715,0.000193
14,mobley_7157427,0.639103,0.290000,0.349103,0.000229
14,mobley_8885088,-0.841307,0.560000,1.401307,0.003693
14,mobley_8522124,1.074660,0.710000,0.364660,0.000250
14,mobley_4678740,0.368068,1.070000,0.701932,0.000927
14,mobley_2689721,0.615233,1.230000,0.614767,0.000711
14,mobley_1662128,0.826643,1.380000,0.553357,0.000576
14,mobley_4762983,1.873901,1.660000,0.213901,0.000086
14,mobley_7732703,1.465383,1.790000,0.324617,0.000198
14,mobley_2068538,1.258857,2.000000,0.741143,0.001033
14,mobley_5157661,1.669298,2.300000,0.630702,0.000748
14,mobley_1261349,2.115298,2.510000,0.394702,0.000293
14,mobley_2328633,1.762619,2.550000,0.787381,0.001166
14,mobley_8436428,2.700548,2.830000,0.129452,0.000032
14,mobley_3060426,3.556578,2.930000,0.626578,0.000738
14,mobley_2197088,3.053809,3.160000,0.106191,0.000021
15,mobley_9534740,-23.843884,-25.469999,1.626116,0.004972
15,mobley_6239320,-19.866377,-18.059999,1.806377,0.006136
15,mobley_7794077,-13.432016,-15.460000,2.027984,0.007734
15,mobley_7415647,-12.173835,-11.950000,0.223835,0.000094
15,mobley_1728386,-10.244299,-11.000000,0.755701,0.001074
15,mobley_2269032,-10.595301,-10.210000,0.385301,0.000279
15,mobley_2913224,-7.173153,-9.940000,2.766847,0.014396
15,mobley_2659552,-9.096919,-9.760000,0.663081,0.000827
15,mobley_7176290,-8.160143,-9.620000,1.459857,0.004008
15,mobley_2295058,-8.996966,-9.510000,0.513034,0.000495
15,mobley_6055410,-12.090409,-9.400000,2.690410,0.013611
15,mobley_4639255,-9.377772,-9.300000,0.077772,0.000011
15,mobley_1417007,-5.138191,-9.010000,3.871809,0.028190
15,mobley_6115639,-10.683416,-8.700000,1.983417,0.007398
15,mobley_6353617,-8.170190,-8.260000,0.089810,0.000015
15,mobley_2725215,-6.425853,-7.980000,1.554147,0.004542
15,mobley_7039935,-6.757825,-7.670000,0.912175,0.001565
15,mobley_4059279,-6.284132,-7.580000,1.295867,0.003158
15,mobley_951560,-10.329467,-7.400000,2.929467,0.016138
15,mobley_1922649,-9.230938,-7.190000,2.040938,0.007833
15,mobley_8798016,-7.290797,-7.000000,0.290797,0.000159
15,mobley_1858644,-7.233458,-6.790000,0.443458,0.000370
15,mobley_9114381,-6.269894,-6.720000,0.450106,0.000381
15,mobley_5311804,-5.649493,-6.620000,0.970507,0.001771
15,mobley_6743808,-6.429151,-6.500000,0.070849,0.000009
15,mobley_8789864,-6.298167,-6.400000,0.101833,0.000020
15,mobley_7009711,-6.524707,-6.270000,0.254707,0.000122
15,mobley_8789465,-4.748182,-6.200000,1.451818,0.003964
15,mobley_2923700,-6.256093,-6.130000,0.126092,0.000030
15,mobley_4780078,-5.344088,-6.010000,0.665912,0.000834
15,mobley_5467162,-5.117384,-5.910000,0.792615,0.001181
15,mobley_6257907,-5.882261,-5.820000,0.062261,0.000007
15,mobley_7913234,-6.335514,-5.730000,0.605514,0.000689
15,mobley_5518547,-5.805401,-5.570000,0.235401,0.000104
15,mobley_4883284,-5.862974,-5.490000,0.372974,0.000262
15,mobley_5220185,-5.313920,-5.450000,0.136079,0.000035
15,mobley_3359593,-5.967588,-5.260000,0.707588,0.000942
15,mobley_4683624,-6.261151,-5.210000,1.051151,0.002078
15,mobley_1636752,-3.225459,-5.100000,1.874541,0.006608
15,mobley_2310185,-4.926013,-5.000000,0.073987,0.000010
15,mobley_3682850,-4.089207,-4.910000,0.820793,0.001267
15,mobley_1363784,-5.047571,-4.840000,0.207571,0.000081
15,mobley_2837389,-4.533895,-4.780000,0.246105,0.000114
15,mobley_9507933,-5.036611,-4.720000,0.316611,0.000189
15,mobley_296847,-5.084801,-4.690000,0.394801,0.000293
15,mobley_8208692,-3.031444,-4.610000,1.578556,0.004686
15,mobley_4884177,-4.721338,-4.590000,0.131338,0.000032
15,mobley_6714389,-3.970146,-4.550000,0.579854,0.000632
15,mobley_2245668,-4.198798,-4.500000,0.301202,0.000171
15,mobley_5973402,-4.641633,-4.420000,0.221632,0.000092
15,mobley_3546460,-4.338413,-4.400000,0.061587,0.000007
15,mobley_8311303,-4.108407,-4.380000,0.271593,0.000139
15,mobley_9741965,-6.569012,-4.290000,2.279012,0.009767
15,mobley_4603202,-2.497253,-4.230000,1.732747,0.005646
15,mobley_628086,-4.476551,-4.160000,0.316551,0.000188
15,mobley_4620651,-4.463930,-4.100000,0.363930,0.000249
15,mobley_7977115,-4.543867,-4.060000,0.483867,0.000440
15,mobley_2789243,-3.402117,-4.010000,0.607883,0.000695
15,mobley_3968739,-3.984505,-3.920000,0.064505,0.000008
15,mobley_63712,-3.769045,-3.880000,0.110955,0.000023
15,mobley_1046331,-3.839340,-3.820000,0.019341,0.000001
15,mobley_1160109,-3.528843,-3.750000,0.221157,0.000092
15,mobley_4149784,-3.395637,-3.670000,0.274363,0.000142
15,mobley_397645,-3.852457,-3.640000,0.212456,0.000085
15,mobley_4690963,-4.823995,-3.540000,1.283995,0.003100
15,mobley_1967551,-2.832288,-3.500000,0.667712,0.000838
15,mobley_6733657,-4.776501,-3.440000,1.336501,0.003359
15,mobley_9565165,-3.793535,-3.350000,0.443536,0.000370
15,mobley_2487143,-2.968307,-3.280000,0.311693,0.000183
15,mobley_8449031,-2.738317,-3.220000,0.481683,0.000436
15,mobley_172879,-3.718263,-3.150000,0.568263,0.000607
15,mobley_5346580,-1.884496,-3.110000,1.225504,0.002824
15,mobley_3573480,-3.042940,-3.040000,0.002940,0.000000
15,mobley_1075836,-3.464770,-2.930000,0.534770,0.000538
15,mobley_6102880,-4.515155,-2.870000,1.645155,0.005090
15,mobley_1827204,-1.953034,-2.810000,0.856966,0.001381
15,mobley_2146331,-1.140729,-2.750000,1.609271,0.004870
15,mobley_7943327,-3.101922,-2.680000,0.421921,0.000335
15,mobley_5110043,-3.183517,-2.630000,0.553517,0.000576
15,mobley_5616693,-2.572969,-2.530000,0.042969,0.000003
15,mobley_6619554,-2.196172,-2.490000,0.293828,0.000162
15,mobley_6359156,-3.896588,-2.460000,1.436588,0.003881
15,mobley_1781152,-2.145582,-2.400000,0.254418,0.000122
15,mobley_859464,-2.589696,-2.360000,0.229696,0.000099
15,mobley_7150646,-2.004843,-2.300000,0.295157,0.000164
15,mobley_1592519,-2.592065,-2.230000,0.362065,0.000247
15,mobley_5538249,-1.660185,-2.160000,0.499815,0.000470
15,mobley_6911232,-1.781398,-2.100000,0.318602,0.000191
15,mobley_3269565,-1.596874,-2.010000,0.413126,0.000321
15,mobley_2484519,-2.412388,-1.930000,0.482388,0.000438
15,mobley_7690440,-3.590632,-1.830000,1.760632,0.005829
15,mobley_3802803,-2.039327,-1.660000,0.379327,0.000271
15,mobley_1144156,-1.610844,-1.590000,0.020844,0.000001
15,mobley_2481002,-1.719467,-1.450000,0.269467,0.000137
15,mobley_2489709,-1.570285,-1.360000,0.210285,0.000083
15,mobley_5052949,-1.066465,-1.280000,0.213535,0.000086
15,mobley_2492140,-1.740279,-1.230000,0.510279,0.000490
15,mobley_7542832,-1.647516,-1.160000,0.487516,0.000447
15,mobley_7814642,-2.130409,-1.120000,1.010409,0.001920
15,mobley_1563176,-0.686207,-0.990000,0.303793,0.000174
15,mobley_1873346,-0.827491,-0.900000,0.072509,0.000010
15,mobley_3040612,-0.748163,-0.850000,0.101837,0.000020
15,mobley_4483973,-2.612721,-0.800000,1.812721,0.006179
15,mobley_9913368,-1.053674,-0.780000,0.273674,0.000141
15,mobley_1449384,-0.410339,-0.680000,0.269661,0.000137
15,mobley_7708038,-0.438114,-0.560000,0.121886,0.000028
15,mobley_8311321,-0.912632,-0.500000,0.412632,0.000320
15,mobley_766666,-0.386585,-0.440000,0.053415,0.000005
15,mobley_5445548,-0.271480,-0.300000,0.028520,0.000002
15,mobley_9029594,-1.670146,-0.220000,1.450146,0.003954
15,mobley_3370989,-2.688845,-0.110000,2.578845,0.012506
15,mobley_627267,-0.125739,-0.030000,0.095739,0.000017
15,mobley_6250025,0.092414,0.080000,0.012414,0.000000
15,mobley_4252724,-0.543487,0.160000,0.703487,0.000931
15,mobley_7157427,0.052787,0.290000,0.237213,0.000106
15,mobley_8885088,-1.092238,0.560000,1.652238,0.005133
15,mobley_8522124,0.692005,0.710000,0.017995,0.000001
15,mobley_4678740,-1.788938,1.070000,2.858938,0.015370
15,mobley_2689721,0.665949,1.230000,0.564051,0.000598
15,mobley_1662128,0.842012,1.380000,0.537988,0.000544
15,mobley_4762983,1.620477,1.660000,0.039523,0.000003
15,mobley_7732703,0.662730,1.790000,1.127270,0.002390
15,mobley_2068538,1.247550,2.000000,0.752450,0.001065
15,mobley_5157661,1.601098,2.300000,0.698902,0.000919
15,mobley_1261349,1.960763,2.510000,0.549237,0.000567
15,mobley_2328633,1.301464,2.550000,1.248536,0.002931
15,mobley_8436428,2.546790,2.830000,0.283210,0.000151
15,mobley_3060426,3.295084,2.930000,0.365084,0.000251
15,mobley_2197088,2.725886,3.160000,0.434114,0.000354
16,mobley_9534740,-23.556385,-25.469999,1.913614,0.006886
16,mobley_6239320,-19.721104,-18.059999,1.661104,0.005189
16,mobley_7794077,-13.223673,-15.460000,2.236327,0.009404
16,mobley_7415647,-11.585655,-11.950000,0.364345,0.000250
16,mobley_1728386,-10.092722,-11.000000,0.907278,0.001548
16,mobley_2269032,-9.811090,-10.210000,0.398911,0.000299
16,mobley_2913224,-6.880842,-9.940000,3.059157,0.017598
16,mobley_2659552,-8.805896,-9.760000,0.954104,0.001712
16,mobley_7176290,-7.814253,-9.620000,1.805747,0.006132
16,mobley_2295058,-8.605346,-9.510000,0.904655,0.001539
16,mobley_6055410,-11.275577,-9.400000,1.875577,0.006615
16,mobley_4639255,-9.201530,-9.300000,0.098470,0.000018
16,mobley_1417007,-4.652102,-9.010000,4.357898,0.035712
16,mobley_6115639,-10.066699,-8.700000,1.366699,0.003512
16,mobley_6353617,-7.739915,-8.260000,0.520085,0.000509
16,mobley_2725215,-6.394419,-7.980000,1.585581,0.004728
16,mobley_7039935,-5.923959,-7.670000,1.746041,0.005733
16,mobley_4059279,-5.421736,-7.580000,2.158264,0.008759
16,mobley_951560,-9.724689,-7.400000,2.324688,0.010162
16,mobley_1922649,-8.860718,-7.190000,1.670718,0.005249
16,mobley_8798016,-6.843308,-7.000000,0.156692,0.000046
16,mobley_1858644,-6.602612,-6.790000,0.187388,0.000066
16,mobley_9114381,-6.179935,-6.720000,0.540065,0.000548
16,mobley_5311804,-5.045645,-6.620000,1.574355,0.004661
16,mobley_6743808,-6.074902,-6.500000,0.425098,0.000340
16,mobley_8789864,-5.762864,-6.400000,0.637136,0.000763
16,mobley_7009711,-6.323360,-6.270000,0.053360,0.000005
16,mobley_8789465,-4.317611,-6.200000,1.882389,0.006663
16,mobley_2923700,-5.720947,-6.130000,0.409053,0.000315
16,mobley_4780078,-4.943450,-6.010000,1.066550,0.002139
16,mobley_5467162,-4.704885,-5.910000,1.205114,0.002731
16,mobley_6257907,-5.701027,-5.820000,0.118973,0.000027
16,mobley_7913234,-5.913793,-5.730000,0.183793,0.000064
16,mobley_5518547,-5.393213,-5.570000,0.176787,0.000059
16,mobley_4883284,-5.437267,-5.490000,0.052733,0.000005
16,mobley_5220185,-5.145066,-5.450000,0.304934,0.000175
16,mobley_3359593,-5.397146,-5.260000,0.137146,0.000035
16,mobley_4683624,-5.696914,-5.210000,0.486914,0.000446
16,mobley_1636752,-3.130096,-5.100000,1.969903,0.007297
16,mobley_2310185,-4.844565,-5.000000,0.155435,0.000045
16,mobley_3682850,-3.577412,-4.910000,1.332588,0.003339
16,mobley_1363784,-4.940789,-4.840000,0.100789,0.000019
16,mobley_2837389,-4.120565,-4.780000,0.659435,0.000818
16,mobley_9507933,-4.778993,-4.720000,0.058993,0.000007
16,mobley_296847,-4.781200,-4.690000,0.091200,0.000016
16,mobley_8208692,-2.833501,-4.610000,1.776500,0.005935
16,mobley_4884177,-4.282900,-4.590000,0.307100,0.000177
16,mobley_6714389,-3.844585,-4.550000,0.705415,0.000936
16,mobley_2245668,-4.155279,-4.500000,0.344721,0.000223
16,mobley_5973402,-4.472507,-4.420000,0.052507,0.000005
16,mobley_3546460,-4.004756,-4.400000,0.395244,0.000294
16,mobley_8311303,-3.925137,-4.380000,0.454863,0.000389
16,mobley_9741965,-5.506912,-4.290000,1.216912,0.002785
16,mobley_4603202,-2.427380,-4.230000,1.802620,0.006110
16,mobley_628086,-4.160658,-4.160000,0.000658,0.000000
16,mobley_4620651,-4.049517,-4.100000,0.050483,0.000005
16,mobley_7977115,-4.190206,-4.060000,0.130206,0.000032
16,mobley_2789243,-3.249123,-4.010000,0.760878,0.001089
16,mobley_3968739,-3.619134,-3.920000,0.300866,0.000170
16,mobley_63712,-2.963091,-3.880000,0.916909,0.001581
16,mobley_1046331,-3.529661,-3.820000,0.290339,0.000159
16,mobley_1160109,-2.881125,-3.750000,0.868875,0.001420
16,mobley_4149784,-2.821870,-3.670000,0.848130,0.001353
16,mobley_397645,-3.568312,-3.640000,0.071688,0.000010
16,mobley_4690963,-4.295768,-3.540000,0.755768,0.001074
16,mobley_1967551,-2.918920,-3.500000,0.581080,0.000635
16,mobley_6733657,-4.450071,-3.440000,1.010071,0.001919
16,mobley_9565165,-2.684234,-3.350000,0.665766,0.000833
16,mobley_2487143,-2.863256,-3.280000,0.416744,0.000327
16,mobley_8449031,-2.257612,-3.220000,0.962388,0.001742
16,mobley_172879,-3.005426,-3.150000,0.144574,0.000039
16,mobley_5346580,-1.783367,-3.110000,1.326633,0.003310
16,mobley_3573480,-2.847998,-3.040000,0.192002,0.000069
16,mobley_1075836,-3.423310,-2.930000,0.493310,0.000458
16,mobley_6102880,-3.612239,-2.870000,0.742239,0.001036
16,mobley_1827204,-1.734806,-2.810000,1.075194,0.002174
16,mobley_2146331,-0.893267,-2.750000,1.856733,0.006483
16,mobley_7943327,-2.931676,-2.680000,0.251676,0.000119
16,mobley_5110043,-2.477754,-2.630000,0.152246,0.000044
16,mobley_5616693,-2.163380,-2.530000,0.366620,0.000253
16,mobley_6619554,-2.002192,-2.490000,0.487808,0.000447
16,mobley_6359156,-3.796903,-2.460000,1.336903,0.003361
16,mobley_1781152,-2.035449,-2.400000,0.364551,0.000250
16,mobley_859464,-2.664135,-2.360000,0.304135,0.000174
16,mobley_7150646,-1.758797,-2.300000,0.541203,0.000551
16,mobley_1592519,-2.346644,-2.230000,0.116644,0.000026
16,mobley_5538249,-1.627042,-2.160000,0.532958,0.000534
16,mobley_6911232,-1.529950,-2.100000,0.570050,0.000611
16,mobley_3269565,-1.438608,-2.010000,0.571392,0.000614
16,mobley_2484519,-2.058514,-1.930000,0.128514,0.000031
16,mobley_7690440,-3.800363,-1.830000,1.970363,0.007301
16,mobley_3802803,-1.216310,-1.660000,0.443690,0.000370
16,mobley_1144156,-1.322863,-1.590000,0.267137,0.000134
16,mobley_2481002,-1.676607,-1.450000,0.226607,0.000097
16,mobley_2489709,-1.369513,-1.360000,0.009513,0.000000
16,mobley_5052949,-0.888673,-1.280000,0.391326,0.000288
16,mobley_2492140,-1.558537,-1.230000,0.328537,0.000203
16,mobley_7542832,-1.262698,-1.160000,0.102698,0.000020
16,mobley_7814642,-2.015906,-1.120000,0.895906,0.001509
16,mobley_1563176,-0.527447,-0.990000,0.462553,0.000402
16,mobley_1873346,-0.493872,-0.900000,0.406128,0.000310
16,mobley_3040612,-0.291757,-0.850000,0.558243,0.000586
16,mobley_4483973,-2.235299,-0.800000,1.435299,0.003874
16,mobley_9913368,-1.052529,-0.780000,0.272529,0.000140
16,mobley_1449384,-0.101297,-0.680000,0.578703,0.000630
16,mobley_7708038,-0.335666,-0.560000,0.224334,0.000095
16,mobley_8311321,-0.782677,-0.500000,0.282677,0.000150
16,mobley_766666,-0.411650,-0.440000,0.028350,0.000002
16,mobley_5445548,0.044128,-0.300000,0.344128,0.000223
16,mobley_9029594,-1.553202,-0.220000,1.333202,0.003342
16,mobley_3370989,-2.678332,-0.110000,2.568332,0.012404
16,mobley_627267,-0.038513,-0.030000,0.008513,0.000000
16,mobley_6250025,0.401648,0.080000,0.321648,0.000195
16,mobley_4252724,-0.126781,0.160000,0.286781,0.000155
16,mobley_7157427,0.449102,0.290000,0.159102,0.000048
16,mobley_8885088,-0.650025,0.560000,1.210025,0.002753
16,mobley_8522124,1.043320,0.710000,0.333320,0.000209
16,mobley_4678740,-1.459729,1.070000,2.529729,0.012034
16,mobley_2689721,0.903481,1.230000,0.326519,0.000200
16,mobley_1662128,0.902762,1.380000,0.477238,0.000428
16,mobley_4762983,1.940139,1.660000,0.280139,0.000148
16,mobley_7732703,1.012338,1.790000,0.777662,0.001137
16,mobley_2068538,1.216336,2.000000,0.783664,0.001155
16,mobley_5157661,1.515156,2.300000,0.784844,0.001158
16,mobley_1261349,2.027566,2.510000,0.482434,0.000438
16,mobley_2328633,1.847483,2.550000,0.702517,0.000928
16,mobley_8436428,2.530587,2.830000,0.299412,0.000169
16,mobley_3060426,3.454854,2.930000,0.524854,0.000518
16,mobley_2197088,2.974323,3.160000,0.185677,0.000065
17,mobley_9534740,-23.611641,-25.469999,1.858358,0.006494
17,mobley_6239320,-20.103476,-18.059999,2.043476,0.007852
17,mobley_7794077,-13.562230,-15.460000,1.897770,0.006773
17,mobley_7415647,-12.376818,-11.950000,0.426818,0.000343
17,mobley_1728386,-9.936858,-11.000000,1.063142,0.002125
17,mobley_2269032,-9.901718,-10.210000,0.308282,0.000179
17,mobley_2913224,-6.850882,-9.940000,3.089118,0.017945
17,mobley_2659552,-9.148207,-9.760000,0.611794,0.000704
17,mobley_7176290,-8.317245,-9.620000,1.302754,0.003191
17,mobley_2295058,-8.788294,-9.510000,0.721706,0.000979
17,mobley_6055410,-11.506864,-9.400000,2.106864,0.008347
17,mobley_4639255,-9.127755,-9.300000,0.172245,0.000056
17,mobley_1417007,-5.405581,-9.010000,3.604420,0.024431
17,mobley_6115639,-10.620945,-8.700000,1.920945,0.006939
17,mobley_6353617,-7.879293,-8.260000,0.380707,0.000273
17,mobley_2725215,-5.852438,-7.980000,2.127562,0.008512
17,mobley_7039935,-6.431683,-7.670000,1.238317,0.002884
17,mobley_4059279,-5.955394,-7.580000,1.624606,0.004963
17,mobley_951560,-9.875873,-7.400000,2.475873,0.011527
17,mobley_1922649,-8.752882,-7.190000,1.562882,0.004593
17,mobley_8798016,-6.990374,-7.000000,0.009626,0.000000
17,mobley_1858644,-6.931479,-6.790000,0.141479,0.000038
17,mobley_9114381,-6.102205,-6.720000,0.617795,0.000718
17,mobley_5311804,-5.444898,-6.620000,1.175102,0.002597
17,mobley_6743808,-6.213000,-6.500000,0.287000,0.000155
17,mobley_8789864,-6.162947,-6.400000,0.237053,0.000106
17,mobley_7009711,-6.363297,-6.270000,0.093297,0.000016
17,mobley_8789465,-4.546022,-6.200000,1.653977,0.005144
17,mobley_2923700,-5.973066,-6.130000,0.156934,0.000046
17,mobley_4780078,-5.078001,-6.010000,0.931999,0.001633
17,mobley_5467162,-4.946764,-5.910000,0.963236,0.001745
17,mobley_6257907,-5.895966,-5.820000,0.075966,0.000011
17,mobley_7913234,-6.121158,-5.730000,0.391158,0.000288
17,mobley_5518547,-5.709680,-5.570000,0.139679,0.000037
17,mobley_4883284,-5.797770,-5.490000,0.307770,0.000178
17,mobley_5220185,-5.091609,-5.450000,0.358391,0.000242
17,mobley_3359593,-5.743914,-5.260000,0.483914,0.000440
17,mobley_4683624,-6.010730,-5.210000,0.800730,0.001206
17,mobley_1636752,-3.165304,-5.100000,1.934696,0.007039
17,mobley_2310185,-4.720084,-5.000000,0.279916,0.000147
17,mobley_3682850,-3.907548,-4.910000,1.002452,0.001890
17,mobley_1363784,-4.933560,-4.840000,0.093560,0.000016
17,mobley_2837389,-4.156650,-4.780000,0.623351,0.000731
17,mobley_9507933,-4.811409,-4.720000,0.091409,0.000016
17,mobley_296847,-4.850401,-4.690000,0.160401,0.000048
17,mobley_8208692,-3.453393,-4.610000,1.156607,0.002516
17,mobley_4884177,-4.449635,-4.590000,0.140365,0.000037
17,mobley_6714389,-4.017638,-4.550000,0.532362,0.000533
17,mobley_2245668,-4.058492,-4.500000,0.441508,0.000367
17,mobley_5973402,-4.425987,-4.420000,0.005987,0.000000
17,mobley_3546460,-4.217366,-4.400000,0.182634,0.000063
17,mobley_8311303,-4.336167,-4.380000,0.043833,0.000004
17,mobley_9741965,-6.975163,-4.290000,2.685163,0.013558
17,mobley_4603202,-2.531353,-4.230000,1.698647,0.005426
17,mobley_628086,-4.270705,-4.160000,0.110705,0.000023
17,mobley_4620651,-4.065372,-4.100000,0.034627,0.000002
17,mobley_7977115,-4.264713,-4.060000,0.204713,0.000079
17,mobley_2789243,-3.332582,-4.010000,0.677418,0.000863
17,mobley_3968739,-3.839887,-3.920000,0.080113,0.000012
17,mobley_63712,-3.484204,-3.880000,0.395796,0.000295
17,mobley_1046331,-3.648934,-3.820000,0.171066,0.000055
17,mobley_1160109,-3.505121,-3.750000,0.244879,0.000113
17,mobley_4149784,-3.119828,-3.670000,0.550172,0.000569
17,mobley_397645,-3.665939,-3.640000,0.025939,0.000001
17,mobley_4690963,-4.514932,-3.540000,0.974932,0.001787
17,mobley_1967551,-2.774798,-3.500000,0.725202,0.000989
17,mobley_6733657,-5.069134,-3.440000,1.629134,0.004991
17,mobley_9565165,-3.410388,-3.350000,0.060388,0.000007
17,mobley_2487143,-2.959911,-3.280000,0.320089,0.000193
17,mobley_8449031,-2.416082,-3.220000,0.803918,0.001215
17,mobley_172879,-3.419379,-3.150000,0.269379,0.000136
17,mobley_5346580,-1.922231,-3.110000,1.187769,0.002653
17,mobley_3573480,-3.041308,-3.040000,0.001308,0.000000
17,mobley_1075836,-3.243662,-2.930000,0.313662,0.000185
17,mobley_6102880,-4.150792,-2.870000,1.280792,0.003085
17,mobley_1827204,-2.053955,-2.810000,0.756045,0.001075
17,mobley_2146331,-1.034580,-2.750000,1.715420,0.005534
17,mobley_7943327,-2.863661,-2.680000,0.183661,0.000063
17,mobley_5110043,-2.980845,-2.630000,0.350845,0.000231
17,mobley_5616693,-2.518590,-2.530000,0.011410,0.000000
17,mobley_6619554,-2.065920,-2.490000,0.424080,0.000338
17,mobley_6359156,-3.888746,-2.460000,1.428746,0.003839
17,mobley_1781152,-2.069726,-2.400000,0.330274,0.000205
17,mobley_859464,-2.482660,-2.360000,0.122660,0.000028
17,mobley_7150646,-1.703992,-2.300000,0.596008,0.000668
17,mobley_1592519,-2.413355,-2.230000,0.183355,0.000063
17,mobley_5538249,-1.922311,-2.160000,0.237689,0.000106
17,mobley_6911232,-1.607536,-2.100000,0.492464,0.000456
17,mobley_3269565,-1.513029,-2.010000,0.496971,0.000464
17,mobley_2484519,-2.213586,-1.930000,0.283586,0.000151
17,mobley_7690440,-3.788615,-1.830000,1.958615,0.007214
17,mobley_3802803,-2.407556,-1.660000,0.747556,0.001051
17,mobley_1144156,-1.390372,-1.590000,0.199628,0.000075
17,mobley_2481002,-2.027790,-1.450000,0.577790,0.000628
17,mobley_2489709,-1.577203,-1.360000,0.217203,0.000089
17,mobley_5052949,-0.971807,-1.280000,0.308193,0.000179
17,mobley_2492140,-1.860976,-1.230000,0.630976,0.000749
17,mobley_7542832,-1.458087,-1.160000,0.298087,0.000167
17,mobley_7814642,-2.216389,-1.120000,1.096389,0.002260
17,mobley_1563176,-0.607579,-0.990000,0.382421,0.000275
17,mobley_1873346,-0.729862,-0.900000,0.170138,0.000054
17,mobley_3040612,-0.619725,-0.850000,0.230275,0.000100
17,mobley_4483973,-2.448981,-0.800000,1.648981,0.005113
17,mobley_9913368,-1.128325,-0.780000,0.348325,0.000228
17,mobley_1449384,-0.362682,-0.680000,0.317318,0.000189
17,mobley_7708038,-0.390039,-0.560000,0.169961,0.000054
17,mobley_8311321,-1.226101,-0.500000,0.726101,0.000991
17,mobley_766666,-0.585127,-0.440000,0.145127,0.000040
17,mobley_5445548,-0.217036,-0.300000,0.082964,0.000013
17,mobley_9029594,-1.596092,-0.220000,1.376092,0.003561
17,mobley_3370989,-2.613189,-0.110000,2.503189,0.011783
17,mobley_627267,0.018988,-0.030000,0.048988,0.000005
17,mobley_6250025,0.071823,0.080000,0.008177,0.000000
17,mobley_4252724,-0.484400,0.160000,0.644400,0.000781
17,mobley_7157427,0.083391,0.290000,0.206609,0.000080
17,mobley_8885088,-0.932011,0.560000,1.492011,0.004186
17,mobley_8522124,0.639408,0.710000,0.070592,0.000009
17,mobley_4678740,-2.438504,1.070000,3.508504,0.023148
17,mobley_2689721,0.874571,1.230000,0.355429,0.000238
17,mobley_1662128,0.882868,1.380000,0.497132,0.000465
17,mobley_4762983,1.629581,1.660000,0.030419,0.000002
17,mobley_7732703,0.012600,1.790000,1.777400,0.005941
17,mobley_2068538,1.306609,2.000000,0.693391,0.000904
17,mobley_5157661,1.629273,2.300000,0.670727,0.000846
17,mobley_1261349,2.080328,2.510000,0.429672,0.000347
17,mobley_2328633,1.331563,2.550000,1.218436,0.002792
17,mobley_8436428,2.538874,2.830000,0.291126,0.000159
17,mobley_3060426,3.357634,2.930000,0.427634,0.000344
17,mobley_2197088,2.654541,3.160000,0.505460,0.000480
18,mobley_9534740,-22.975460,-25.469999,2.494539,0.011702
18,mobley_6239320,-17.791170,-18.059999,0.268829,0.000136
18,mobley_7794077,-11.989031,-15.460000,3.470969,0.022655
18,mobley_7415647,-11.458133,-11.950000,0.491867,0.000455
18,mobley_1728386,-9.707938,-11.000000,1.292062,0.003139
18,mobley_2269032,-9.428852,-10.210000,0.781148,0.001147
18,mobley_2913224,-6.422771,-9.940000,3.517229,0.023263
18,mobley_2659552,-8.452894,-9.760000,1.307106,0.003213
18,mobley_7176290,-7.976841,-9.620000,1.643159,0.005077
18,mobley_2295058,-8.367130,-9.510000,1.142870,0.002456
18,mobley_6055410,-10.741405,-9.400000,1.341405,0.003384
18,mobley_4639255,-8.957283,-9.300000,0.342717,0.000221
18,mobley_1417007,-4.673810,-9.010000,4.336190,0.035357
18,mobley_6115639,-10.095129,-8.700000,1.395129,0.003660
18,mobley_6353617,-7.587246,-8.260000,0.672754,0.000851
18,mobley_2725215,-6.210376,-7.980000,1.769624,0.005889
18,mobley_7039935,-5.993346,-7.670000,1.676654,0.005286
18,mobley_4059279,-5.566515,-7.580000,2.013485,0.007624
18,mobley_951560,-9.575244,-7.400000,2.175244,0.008898
18,mobley_1922649,-8.768333,-7.190000,1.578333,0.004684
18,mobley_8798016,-6.698877,-7.000000,0.301123,0.000171
18,mobley_1858644,-6.510549,-6.790000,0.279451,0.000147
18,mobley_9114381,-5.984016,-6.720000,0.735984,0.001019
18,mobley_5311804,-5.115037,-6.620000,1.504962,0.004259
18,mobley_6743808,-5.768453,-6.500000,0.731547,0.001006
18,mobley_8789864,-5.444764,-6.400000,0.955236,0.001716
18,mobley_7009711,-5.905962,-6.270000,0.364038,0.000249
18,mobley_8789465,-4.273959,-6.200000,1.926041,0.006976
18,mobley_2923700,-5.524683,-6.130000,0.605317,0.000689
18,mobley_4780078,-4.625740,-6.010000,1.384260,0.003603
18,mobley_5467162,-4.480783,-5.910000,1.429216,0.003841
18,mobley_6257907,-5.533492,-5.820000,0.286508,0.000154
18,mobley_7913234,-5.670989,-5.730000,0.059011,0.000007
18,mobley_5518547,-5.240777,-5.570000,0.329223,0.000204
18,mobley_4883284,-5.474440,-5.490000,0.015560,0.000000
18,mobley_5220185,-4.861780,-5.450000,0.588220,0.000651
18,mobley_3359593,-5.160884,-5.260000,0.099116,0.000018
18,mobley_4683624,-5.460924,-5.210000,0.250924,0.000118
18,mobley_1636752,-3.111460,-5.100000,1.988540,0.007436
18,mobley_2310185,-4.688156,-5.000000,0.311844,0.000183
18,mobley_3682850,-3.635043,-4.910000,1.274957,0.003057
18,mobley_1363784,-4.624023,-4.840000,0.215977,0.000088
18,mobley_2837389,-3.855196,-4.780000,0.924804,0.001608
18,mobley_9507933,-4.529099,-4.720000,0.190901,0.000069
18,mobley_296847,-4.759567,-4.690000,0.069567,0.000009
18,mobley_8208692,-3.129236,-4.610000,1.480765,0.004123
18,mobley_4884177,-4.112912,-4.590000,0.477088,0.000428
18,mobley_6714389,-3.870224,-4.550000,0.679776,0.000869
18,mobley_2245668,-3.878448,-4.500000,0.621552,0.000726
18,mobley_5973402,-4.138089,-4.420000,0.281911,0.000149
18,mobley_3546460,-3.845852,-4.400000,0.554148,0.000577
18,mobley_8311303,-4.275614,-4.380000,0.104386,0.000020
18,mobley_9741965,-5.385073,-4.290000,1.095073,0.002255
18,mobley_4603202,-2.613583,-4.230000,1.616417,0.004913
18,mobley_628086,-3.774621,-4.160000,0.385379,0.000279
18,mobley_4620651,-3.806253,-4.100000,0.293747,0.000162
18,mobley_7977115,-3.893125,-4.060000,0.166875,0.000052
18,mobley_2789243,-3.107213,-4.010000,0.902787,0.001533
18,mobley_3968739,-3.550004,-3.920000,0.369996,0.000257
18,mobley_63712,-3.003779,-3.880000,0.876221,0.001444
18,mobley_1046331,-3.460089,-3.820000,0.359910,0.000244
18,mobley_1160109,-2.777422,-3.750000,0.972578,0.001779
18,mobley_4149784,-2.427776,-3.670000,1.242224,0.002902
18,mobley_397645,-3.473462,-3.640000,0.166538,0.000052
18,mobley_4690963,-4.343307,-3.540000,0.803308,0.001213
18,mobley_1967551,-2.732744,-3.500000,0.767256,0.001107
18,mobley_6733657,-4.413040,-3.440000,0.973040,0.001780
18,mobley_9565165,-2.844439,-3.350000,0.505561,0.000481
18,mobley_2487143,-2.590080,-3.280000,0.689920,0.000895
18,mobley_8449031,-2.193525,-3.220000,1.026475,0.001981
18,mobley_172879,-2.924833,-3.150000,0.225167,0.000095
18,mobley_5346580,-1.647275,-3.110000,1.462725,0.004023
18,mobley_3573480,-2.571475,-3.040000,0.468525,0.000413
18,mobley_1075836,-3.177670,-2.930000,0.247670,0.000115
18,mobley_6102880,-3.734467,-2.870000,0.864467,0.001405
18,mobley_1827204,-1.744647,-2.810000,1.065353,0.002134
18,mobley_2146331,-1.002732,-2.750000,1.747268,0.005741
18,mobley_7943327,-2.791984,-2.680000,0.111984,0.000024
18,mobley_5110043,-2.265784,-2.630000,0.364216,0.000249
18,mobley_5616693,-1.809107,-2.530000,0.720893,0.000977
18,mobley_6619554,-1.822276,-2.490000,0.667724,0.000838
18,mobley_6359156,-3.532686,-2.460000,1.072686,0.002164
18,mobley_1781152,-1.695391,-2.400000,0.704609,0.000934
18,mobley_859464,-2.233507,-2.360000,0.126493,0.000030
18,mobley_7150646,-1.473114,-2.300000,0.826886,0.001286
18,mobley_1592519,-2.094905,-2.230000,0.135095,0.000034
18,mobley_5538249,-1.569199,-2.160000,0.590801,0.000656
18,mobley_6911232,-1.519571,-2.100000,0.580428,0.000634
18,mobley_3269565,-1.356053,-2.010000,0.653947,0.000804
18,mobley_2484519,-2.089749,-1.930000,0.159749,0.000048
18,mobley_7690440,-3.686342,-1.830000,1.856342,0.006480
18,mobley_3802803,-0.966004,-1.660000,0.693996,0.000906
18,mobley_1144156,-1.273113,-1.590000,0.316887,0.000189
18,mobley_2481002,-1.590475,-1.450000,0.140475,0.000037
18,mobley_2489709,-1.408748,-1.360000,0.048748,0.000004
18,mobley_5052949,-0.764313,-1.280000,0.515687,0.000500
18,mobley_2492140,-1.827383,-1.230000,0.597383,0.000671
18,mobley_7542832,-1.165354,-1.160000,0.005354,0.000000
18,mobley_7814642,-1.888267,-1.120000,0.768267,0.001110
18,mobley_1563176,-0.423226,-0.990000,0.566774,0.000604
18,mobley_1873346,-0.468310,-0.900000,0.431690,0.000350
18,mobley_3040612,-0.207002,-0.850000,0.642998,0.000777
18,mobley_4483973,-2.286273,-0.800000,1.486273,0.004154
18,mobley_9913368,-1.028951,-0.780000,0.248951,0.000117
18,mobley_1449384,0.108938,-0.680000,0.788938,0.001170
18,mobley_7708038,-0.251288,-0.560000,0.308712,0.000179
18,mobley_8311321,-0.839591,-0.500000,0.339591,0.000217
18,mobley_766666,-0.359531,-0.440000,0.080469,0.000012
18,mobley_5445548,0.060130,-0.300000,0.360130,0.000244
18,mobley_9029594,-1.498224,-0.220000,1.278224,0.003072
18,mobley_3370989,-2.424755,-0.110000,2.314755,0.010076
18,mobley_627267,0.202373,-0.030000,0.232373,0.000102
18,mobley_6250025,0.513498,0.080000,0.433498,0.000353
18,mobley_4252724,-0.010542,0.160000,0.170542,0.000055
18,mobley_7157427,0.478213,0.290000,0.188213,0.000067
18,mobley_8885088,-0.612400,0.560000,1.172400,0.002585
18,mobley_8522124,1.197641,0.710000,0.487641,0.000447
18,mobley_4678740,-1.103105,1.070000,2.173105,0.008880
18,mobley_2689721,1.246880,1.230000,0.016880,0.000001
18,mobley_1662128,1.027915,1.380000,0.352085,0.000233
18,mobley_4762983,2.076206,1.660000,0.416206,0.000326
18,mobley_7732703,0.369140,1.790000,1.420860,0.003796
18,mobley_2068538,1.337695,2.000000,0.662305,0.000825
18,mobley_5157661,1.697585,2.300000,0.602415,0.000682
18,mobley_1261349,2.319275,2.510000,0.190725,0.000068
18,mobley_2328633,2.121704,2.550000,0.428296,0.000345
18,mobley_8436428,2.834072,2.830000,0.004072,0.000000
18,mobley_3060426,3.888662,2.930000,0.958662,0.001728
18,mobley_2197088,3.216564,3.160000,0.056564,0.000006
19,mobley_9534740,-23.851379,-25.469999,1.618620,0.004927
19,mobley_6239320,-20.358255,-18.059999,2.298256,0.009933
19,mobley_7794077,-13.598252,-15.460000,1.861748,0.006518
19,mobley_7415647,-11.969576,-11.950000,0.019576,0.000001
19,mobley_1728386,-10.556131,-11.000000,0.443869,0.000370
19,mobley_2269032,-10.301243,-10.210000,0.091243,0.000016
19,mobley_2913224,-7.229321,-9.940000,2.710679,0.013817
19,mobley_2659552,-9.078850,-9.760000,0.681150,0.000872
19,mobley_7176290,-8.311271,-9.620000,1.308729,0.003221
19,mobley_2295058,-8.839789,-9.510000,0.670211,0.000845
19,mobley_6055410,-11.970383,-9.400000,2.570383,0.012424
19,mobley_4639255,-9.204885,-9.300000,0.095115,0.000017
19,mobley_1417007,-5.074948,-9.010000,3.935052,0.029118
19,mobley_6115639,-9.447971,-8.700000,0.747972,0.001052
19,mobley_6353617,-8.201745,-8.260000,0.058255,0.000006
19,mobley_2725215,-5.670778,-7.980000,2.309222,0.010028
19,mobley_7039935,-6.640346,-7.670000,1.029654,0.001994
19,mobley_4059279,-5.944659,-7.580000,1.635341,0.005029
19,mobley_951560,-9.994391,-7.400000,2.594391,0.012657
19,mobley_1922649,-8.296384,-7.190000,1.106384,0.002302
19,mobley_8798016,-7.232933,-7.000000,0.232933,0.000102
19,mobley_1858644,-7.092679,-6.790000,0.302679,0.000172
19,mobley_9114381,-6.209593,-6.720000,0.510407,0.000490
19,mobley_5311804,-5.594001,-6.620000,1.025999,0.001980
19,mobley_6743808,-6.331169,-6.500000,0.168831,0.000054
19,mobley_8789864,-5.869051,-6.400000,0.530950,0.000530
19,mobley_7009711,-6.510308,-6.270000,0.240308,0.000109
19,mobley_8789465,-4.581619,-6.200000,1.618381,0.004925
19,mobley_2923700,-6.003909,-6.130000,0.126091,0.000030
19,mobley_4780078,-5.200803,-6.010000,0.809197,0.001231
19,mobley_5467162,-5.134419,-5.910000,0.775580,0.001131
19,mobley_6257907,-5.867230,-5.820000,0.047230,0.000004
19,mobley_7913234,-5.995744,-5.730000,0.265744,0.000133
19,mobley_5518547,-5.728177,-5.570000,0.158177,0.000047
19,mobley_4883284,-5.864145,-5.490000,0.374146,0.000263
19,mobley_5220185,-5.249963,-5.450000,0.200037,0.000075
19,mobley_3359593,-5.604174,-5.260000,0.344173,0.000223
19,mobley_4683624,-5.995745,-5.210000,0.785745,0.001161
19,mobley_1636752,-3.141148,-5.100000,1.958852,0.007215
19,mobley_2310185,-4.783512,-5.000000,0.216488,0.000088
19,mobley_3682850,-4.059719,-4.910000,0.850281,0.001360
19,mobley_1363784,-5.208495,-4.840000,0.368495,0.000255
19,mobley_2837389,-4.122951,-4.780000,0.657049,0.000812
19,mobley_9507933,-5.090162,-4.720000,0.370162,0.000258
19,mobley_296847,-5.114619,-4.690000,0.424619,0.000339
19,mobley_8208692,-2.993155,-4.610000,1.616845,0.004916
19,mobley_4884177,-4.596498,-4.590000,0.006497,0.000000
19,mobley_6714389,-3.996241,-4.550000,0.553759,0.000577
19,mobley_2245668,-4.144929,-4.500000,0.355071,0.000237
19,mobley_5973402,-4.513975,-4.420000,0.093975,0.000017
19,mobley_3546460,-4.203413,-4.400000,0.196588,0.000073
19,mobley_8311303,-4.322884,-4.380000,0.057116,0.000006
19,mobley_9741965,-5.659077,-4.290000,1.369077,0.003525
19,mobley_4603202,-2.620350,-4.230000,1.609650,0.004872
19,mobley_628086,-3.875718,-4.160000,0.284282,0.000152
19,mobley_4620651,-4.020690,-4.100000,0.079309,0.000012
19,mobley_7977115,-4.252403,-4.060000,0.192403,0.000070
19,mobley_2789243,-3.327256,-4.010000,0.682744,0.000877
19,mobley_3968739,-3.958710,-3.920000,0.038710,0.000003
19,mobley_63712,-3.546983,-3.880000,0.333017,0.000209
19,mobley_1046331,-3.754370,-3.820000,0.065630,0.000008
19,mobley_1160109,-3.634822,-3.750000,0.115178,0.000025
19,mobley_4149784,-3.128105,-3.670000,0.541895,0.000552
19,mobley_397645,-3.874897,-3.640000,0.234897,0.000104
19,mobley_4690963,-4.600460,-3.540000,1.060460,0.002115
19,mobley_1967551,-2.868714,-3.500000,0.631286,0.000749
19,mobley_6733657,-4.359376,-3.440000,0.919376,0.001589
19,mobley_9565165,-3.638876,-3.350000,0.288876,0.000157
19,mobley_2487143,-2.921203,-3.280000,0.358797,0.000242
19,mobley_8449031,-2.499798,-3.220000,0.720202,0.000975
19,mobley_172879,-3.434096,-3.150000,0.284096,0.000152
19,mobley_5346580,-2.069668,-3.110000,1.040332,0.002035
19,mobley_3573480,-2.958276,-3.040000,0.081724,0.000013
19,mobley_1075836,-3.223657,-2.930000,0.293657,0.000162
19,mobley_6102880,-4.486563,-2.870000,1.616563,0.004914
19,mobley_1827204,-2.153151,-2.810000,0.656849,0.000811
19,mobley_2146331,-1.019200,-2.750000,1.730800,0.005633
19,mobley_7943327,-3.051896,-2.680000,0.371896,0.000260
19,mobley_5110043,-3.090442,-2.630000,0.460442,0.000399
19,mobley_5616693,-2.651208,-2.530000,0.121208,0.000028
19,mobley_6619554,-2.181882,-2.490000,0.308118,0.000179
19,mobley_6359156,-4.187761,-2.460000,1.727761,0.005613
19,mobley_1781152,-2.041387,-2.400000,0.358613,0.000242
19,mobley_859464,-2.479818,-2.360000,0.119818,0.000027
19,mobley_7150646,-1.620072,-2.300000,0.679927,0.000869
19,mobley_1592519,-2.432686,-2.230000,0.202686,0.000077
19,mobley_5538249,-1.773277,-2.160000,0.386723,0.000281
19,mobley_6911232,-1.577461,-2.100000,0.522539,0.000513
19,mobley_3269565,-1.528984,-2.010000,0.481016,0.000435
19,mobley_2484519,-2.592716,-1.930000,0.662716,0.000826
19,mobley_7690440,-3.571855,-1.830000,1.741855,0.005705
19,mobley_3802803,-1.274441,-1.660000,0.385559,0.000280
19,mobley_1144156,-1.399213,-1.590000,0.190787,0.000068
19,mobley_2481002,-1.440370,-1.450000,0.009630,0.000000
19,mobley_2489709,-1.506364,-1.360000,0.146364,0.000040
19,mobley_5052949,-0.875958,-1.280000,0.404042,0.000307
19,mobley_2492140,-1.541373,-1.230000,0.311373,0.000182
19,mobley_7542832,-1.370241,-1.160000,0.210241,0.000083
19,mobley_7814642,-1.978528,-1.120000,0.858528,0.001386
19,mobley_1563176,-0.595313,-0.990000,0.394687,0.000293
19,mobley_1873346,-0.811151,-0.900000,0.088849,0.000015
19,mobley_3040612,-0.703137,-0.850000,0.146863,0.000041
19,mobley_4483973,-2.522894,-0.800000,1.722894,0.005582
19,mobley_9913368,-1.007264,-0.780000,0.227264,0.000097
19,mobley_1449384,-0.461442,-0.680000,0.218558,0.000090
19,mobley_7708038,-0.332201,-0.560000,0.227799,0.000098
19,mobley_8311321,-0.676159,-0.500000,0.176159,0.000058
19,mobley_766666,-0.338739,-0.440000,0.101261,0.000019
19,mobley_5445548,-0.394366,-0.300000,0.094366,0.000017
19,mobley_9029594,-1.542648,-0.220000,1.322648,0.003290
19,mobley_3370989,-2.434494,-0.110000,2.324494,0.010161
19,mobley_627267,0.020375,-0.030000,0.050375,0.000005
19,mobley_6250025,0.202872,0.080000,0.122872,0.000028
19,mobley_4252724,-0.602082,0.160000,0.762082,0.001092
19,mobley_7157427,0.239214,0.290000,0.050786,0.000005
19,mobley_8885088,-0.868603,0.560000,1.428603,0.003838
19,mobley_8522124,0.846325,0.710000,0.136325,0.000035
19,mobley_4678740,-1.220365,1.070000,2.290365,0.009864
19,mobley_2689721,1.121868,1.230000,0.108132,0.000022
19,mobley_1662128,0.959472,1.380000,0.420528,0.000333
19,mobley_4762983,1.794258,1.660000,0.134258,0.000034
19,mobley_7732703,0.748510,1.790000,1.041490,0.002040
19,mobley_2068538,1.316220,2.000000,0.683780,0.000879
19,mobley_5157661,1.561473,2.300000,0.738527,0.001026
19,mobley_1261349,2.062480,2.510000,0.447520,0.000377
19,mobley_2328633,1.645609,2.550000,0.904391,0.001538
19,mobley_8436428,2.541296,2.830000,0.288704,0.000157
19,mobley_3060426,3.386896,2.930000,0.456896,0.000393
19,mobley_2197088,2.935108,3.160000,0.224892,0.000095
20,mobley_9534740,-24.406815,-25.469999,1.063185,0.002126
20,mobley_6239320,-20.127253,-18.059999,2.067253,0.008036
20,mobley_7794077,-13.531691,-15.460000,1.928309,0.006992
20,mobley_7415647,-11.626108,-11.950000,0.323892,0.000197
20,mobley_1728386,-10.681742,-11.000000,0.318258,0.000190
20,mobley_2269032,-10.549883,-10.210000,0.339883,0.000217
20,mobley_2913224,-7.204113,-9.940000,2.735887,0.014075
20,mobley_2659552,-9.124865,-9.760000,0.635136,0.000759
20,mobley_7176290,-7.936468,-9.620000,1.683532,0.005330
20,mobley_2295058,-8.969109,-9.510000,0.540892,0.000550
20,mobley_6055410,-11.972853,-9.400000,2.572853,0.012448
20,mobley_4639255,-9.377690,-9.300000,0.077690,0.000011
20,mobley_1417007,-5.112140,-9.010000,3.897860,0.028570
20,mobley_6115639,-10.305427,-8.700000,1.605427,0.004847
20,mobley_6353617,-7.962024,-8.260000,0.297976,0.000167
20,mobley_2725215,-5.933089,-7.980000,2.046911,0.007879
20,mobley_7039935,-6.782663,-7.670000,0.887337,0.001481
20,mobley_4059279,-5.510121,-7.580000,2.069879,0.008057
20,mobley_951560,-10.027433,-7.400000,2.627433,0.012982
20,mobley_1922649,-7.993407,-7.190000,0.803407,0.001214
20,mobley_8798016,-7.199599,-7.000000,0.199599,0.000075
20,mobley_1858644,-7.051733,-6.790000,0.261734,0.000129
20,mobley_9114381,-6.122432,-6.720000,0.597568,0.000671
20,mobley_5311804,-5.600753,-6.620000,1.019247,0.001954
20,mobley_6743808,-6.204920,-6.500000,0.295080,0.000164
20,mobley_8789864,-5.635218,-6.400000,0.764782,0.001100
20,mobley_7009711,-6.322665,-6.270000,0.052665,0.000005
20,mobley_8789465,-4.654226,-6.200000,1.545774,0.004493
20,mobley_2923700,-6.008165,-6.130000,0.121835,0.000028
20,mobley_4780078,-5.037542,-6.010000,0.972458,0.001778
20,mobley_5467162,-5.068782,-5.910000,0.841218,0.001331
20,mobley_6257907,-5.982479,-5.820000,0.162478,0.000050
20,mobley_7913234,-5.905486,-5.730000,0.175486,0.000058
20,mobley_5518547,-5.563217,-5.570000,0.006783,0.000000
20,mobley_4883284,-5.836267,-5.490000,0.346267,0.000225
20,mobley_5220185,-5.161176,-5.450000,0.288824,0.000157
20,mobley_3359593,-5.557106,-5.260000,0.297105,0.000166
20,mobley_4683624,-5.979816,-5.210000,0.769816,0.001114
20,mobley_1636752,-3.190534,-5.100000,1.909466,0.006856
20,mobley_2310185,-4.820548,-5.000000,0.179452,0.000061
20,mobley_3682850,-3.753903,-4.910000,1.156097,0.002513
20,mobley_1363784,-4.987929,-4.840000,0.147929,0.000041
20,mobley_2837389,-3.994950,-4.780000,0.785050,0.001159
20,mobley_9507933,-4.866241,-4.720000,0.146241,0.000040
20,mobley_296847,-5.053565,-4.690000,0.363565,0.000249
20,mobley_8208692,-3.009103,-4.610000,1.600897,0.004819
20,mobley_4884177,-4.406898,-4.590000,0.183102,0.000063
20,mobley_6714389,-3.947359,-4.550000,0.602641,0.000683
20,mobley_2245668,-4.100979,-4.500000,0.399021,0.000299
20,mobley_5973402,-4.392275,-4.420000,0.027725,0.000001
20,mobley_3546460,-4.137465,-4.400000,0.262535,0.000130
20,mobley_8311303,-4.308367,-4.380000,0.071633,0.000010
20,mobley_9741965,-5.128807,-4.290000,0.838807,0.001323
20,mobley_4603202,-2.821836,-4.230000,1.408165,0.003729
20,mobley_628086,-3.897315,-4.160000,0.262685,0.000130
20,mobley_4620651,-3.945624,-4.100000,0.154376,0.000045
20,mobley_7977115,-4.106010,-4.060000,0.046010,0.000004
20,mobley_2789243,-3.445294,-4.010000,0.564706,0.000600
20,mobley_3968739,-3.967620,-3.920000,0.047620,0.000004
20,mobley_63712,-2.991364,-3.880000,0.888636,0.001485
20,mobley_1046331,-3.766448,-3.820000,0.053551,0.000005
20,mobley_1160109,-3.141166,-3.750000,0.608834,0.000697
20,mobley_4149784,-3.075828,-3.670000,0.594172,0.000664
20,mobley_397645,-3.965207,-3.640000,0.325207,0.000199
20,mobley_4690963,-4.332246,-3.540000,0.792246,0.001180
20,mobley_1967551,-2.884063,-3.500000,0.615937,0.000713
20,mobley_6733657,-4.316885,-3.440000,0.876885,0.001446
20,mobley_9565165,-3.486142,-3.350000,0.136142,0.000035
20,mobley_2487143,-2.759375,-3.280000,0.520625,0.000510
20,mobley_8449031,-2.138409,-3.220000,1.081591,0.002200
20,mobley_172879,-3.527935,-3.150000,0.377935,0.000269
20,mobley_5346580,-1.816827,-3.110000,1.293173,0.003145
20,mobley_3573480,-2.774155,-3.040000,0.265845,0.000133
20,mobley_1075836,-3.162430,-2.930000,0.232430,0.000102
20,mobley_6102880,-4.516340,-2.870000,1.646340,0.005097
20,mobley_1827204,-1.991774,-2.810000,0.818226,0.001259
20,mobley_2146331,-0.957399,-2.750000,1.792601,0.006043
20,mobley_7943327,-2.704129,-2.680000,0.024129,0.000001
20,mobley_5110043,-2.855309,-2.630000,0.225309,0.000095
20,mobley_5616693,-2.217657,-2.530000,0.312343,0.000183
20,mobley_6619554,-1.804387,-2.490000,0.685613,0.000884
20,mobley_6359156,-4.009405,-2.460000,1.549405,0.004514
20,mobley_1781152,-1.818979,-2.400000,0.581021,0.000635
20,mobley_859464,-2.443857,-2.360000,0.083858,0.000013
20,mobley_7150646,-1.668088,-2.300000,0.631912,0.000751
20,mobley_1592519,-2.180170,-2.230000,0.049830,0.000005
20,mobley_5538249,-1.865770,-2.160000,0.294230,0.000163
20,mobley_6911232,-1.424980,-2.100000,0.675020,0.000857
20,mobley_3269565,-1.418178,-2.010000,0.591822,0.000659
20,mobley_2484519,-2.237653,-1.930000,0.307653,0.000178
20,mobley_7690440,-3.702860,-1.830000,1.872860,0.006596
20,mobley_3802803,-0.868715,-1.660000,0.791285,0.001177
20,mobley_1144156,-1.199161,-1.590000,0.390839,0.000287
20,mobley_2481002,-1.612668,-1.450000,0.162668,0.000050
20,mobley_2489709,-1.445301,-1.360000,0.085301,0.000014
20,mobley_5052949,-0.750518,-1.280000,0.529482,0.000527
20,mobley_2492140,-1.722531,-1.230000,0.492531,0.000456
20,mobley_7542832,-1.150509,-1.160000,0.009491,0.000000
20,mobley_7814642,-2.075018,-1.120000,0.955018,0.001715
20,mobley_1563176,-0.455178,-0.990000,0.534822,0.000538
20,mobley_1873346,-0.682747,-0.900000,0.217253,0.000089
20,mobley_3040612,-0.474718,-0.850000,0.375282,0.000265
20,mobley_4483973,-2.536870,-0.800000,1.736870,0.005673
20,mobley_9913368,-1.062591,-0.780000,0.282591,0.000150
20,mobley_1449384,-0.226533,-0.680000,0.453467,0.000387
20,mobley_7708038,-0.222658,-0.560000,0.337342,0.000214
20,mobley_8311321,-0.843301,-0.500000,0.343301,0.000222
20,mobley_766666,-0.382192,-0.440000,0.057808,0.000006
20,mobley_5445548,-0.309557,-0.300000,0.009557,0.000000
20,mobley_9029594,-1.453773,-0.220000,1.233773,0.002862
20,mobley_3370989,-2.519838,-0.110000,2.409838,0.010920
20,mobley_627267,0.187733,-0.030000,0.217733,0.000089
20,mobley_6250025,0.425977,0.080000,0.345977,0.000225
20,mobley_4252724,-0.378859,0.160000,0.538859,0.000546
20,mobley_7157427,0.320187,0.290000,0.030187,0.000002
20,mobley_8885088,-0.596742,0.560000,1.156742,0.002516
20,mobley_8522124,1.065246,0.710000,0.355246,0.000237
20,mobley_4678740,-1.076780,1.070000,2.146780,0.008666
20,mobley_2689721,1.321540,1.230000,0.091540,0.000016
20,mobley_1662128,1.060600,1.380000,0.319400,0.000192
20,mobley_4762983,2.030930,1.660000,0.370930,0.000259
20,mobley_7732703,0.704345,1.790000,1.085655,0.002216
20,mobley_2068538,1.369554,2.000000,0.630446,0.000747
20,mobley_5157661,1.674517,2.300000,0.625483,0.000736
20,mobley_1261349,2.344592,2.510000,0.165408,0.000051
20,mobley_2328633,2.069756,2.550000,0.480244,0.000434
20,mobley_8436428,2.770653,2.830000,0.059347,0.000007
20,mobley_3060426,3.819862,2.930000,0.889862,0.001489
20,mobley_2197088,3.135849,3.160000,0.024151,0.000001
21,mobley_9534740,-24.139193,-25.469999,1.330807,0.003330
21,mobley_6239320,-20.747742,-18.059999,2.687742,0.013584
21,mobley_7794077,-13.723312,-15.460000,1.736688,0.005672
21,mobley_7415647,-12.001996,-11.950000,0.051996,0.000005
21,mobley_1728386,-10.696973,-11.000000,0.303027,0.000173
21,mobley_2269032,-10.239635,-10.210000,0.029634,0.000002
21,mobley_2913224,-7.030079,-9.940000,2.909920,0.015923
21,mobley_2659552,-9.423812,-9.760000,0.336188,0.000213
21,mobley_7176290,-8.450118,-9.620000,1.169882,0.002574
21,mobley_2295058,-9.023642,-9.510000,0.486359,0.000445
21,mobley_6055410,-11.852496,-9.400000,2.452497,0.011310
21,mobley_4639255,-9.341694,-9.300000,0.041694,0.000003
21,mobley_1417007,-4.915037,-9.010000,4.094964,0.031533
21,mobley_6115639,-9.496112,-8.700000,0.796112,0.001192
21,mobley_6353617,-8.182801,-8.260000,0.077199,0.000011
21,mobley_2725215,-5.929718,-7.980000,2.050282,0.007905
21,mobley_7039935,-6.756098,-7.670000,0.913902,0.001571
21,mobley_4059279,-6.156373,-7.580000,1.423627,0.003811
21,mobley_951560,-10.283980,-7.400000,2.883980,0.015640
21,mobley_1922649,-8.067017,-7.190000,0.877017,0.001446
21,mobley_8798016,-7.304532,-7.000000,0.304532,0.000174
21,mobley_1858644,-7.218752,-6.790000,0.428752,0.000346
21,mobley_9114381,-6.273974,-6.720000,0.446025,0.000374
21,mobley_5311804,-5.654520,-6.620000,0.965480,0.001753
21,mobley_6743808,-6.551704,-6.500000,0.051704,0.000005
21,mobley_8789864,-5.874170,-6.400000,0.525830,0.000520
21,mobley_7009711,-6.762833,-6.270000,0.492833,0.000457
21,mobley_8789465,-4.698100,-6.200000,1.501900,0.004242
21,mobley_2923700,-6.195438,-6.130000,0.065438,0.000008
21,mobley_4780078,-5.354174,-6.010000,0.655826,0.000809
21,mobley_5467162,-5.333792,-5.910000,0.576208,0.000624
21,mobley_6257907,-5.951184,-5.820000,0.131184,0.000032
21,mobley_7913234,-6.237776,-5.730000,0.507776,0.000485
21,mobley_5518547,-5.711397,-5.570000,0.141397,0.000038
21,mobley_4883284,-5.862674,-5.490000,0.372674,0.000261
21,mobley_5220185,-5.142010,-5.450000,0.307990,0.000178
21,mobley_3359593,-5.739913,-5.260000,0.479913,0.000433
21,mobley_4683624,-6.219492,-5.210000,1.009492,0.001916
21,mobley_1636752,-3.153235,-5.100000,1.946765,0.007127
21,mobley_2310185,-4.856793,-5.000000,0.143207,0.000039
21,mobley_3682850,-4.211910,-4.910000,0.698090,0.000916
21,mobley_1363784,-5.422006,-4.840000,0.582006,0.000637
21,mobley_2837389,-4.196393,-4.780000,0.583607,0.000640
21,mobley_9507933,-5.194909,-4.720000,0.474909,0.000424
21,mobley_296847,-5.208980,-4.690000,0.518980,0.000506
21,mobley_8208692,-2.514525,-4.610000,2.095475,0.008257
21,mobley_4884177,-4.757983,-4.590000,0.167983,0.000053
21,mobley_6714389,-3.932860,-4.550000,0.617141,0.000716
21,mobley_2245668,-4.271623,-4.500000,0.228377,0.000098
21,mobley_5973402,-4.610703,-4.420000,0.190702,0.000068
21,mobley_3546460,-4.449212,-4.400000,0.049212,0.000005
21,mobley_8311303,-4.313299,-4.380000,0.066701,0.000008
21,mobley_9741965,-5.506746,-4.290000,1.216746,0.002784
21,mobley_4603202,-2.942432,-4.230000,1.287568,0.003117
21,mobley_628086,-3.726614,-4.160000,0.433386,0.000353
21,mobley_4620651,-4.208208,-4.100000,0.108208,0.000022
21,mobley_7977115,-4.466221,-4.060000,0.406221,0.000310
21,mobley_2789243,-3.365649,-4.010000,0.644351,0.000781
21,mobley_3968739,-3.985231,-3.920000,0.065231,0.000008
21,mobley_63712,-3.740867,-3.880000,0.139133,0.000036
21,mobley_1046331,-3.705104,-3.820000,0.114896,0.000025
21,mobley_1160109,-3.873198,-3.750000,0.123198,0.000029
21,mobley_4149784,-3.020097,-3.670000,0.649903,0.000794
21,mobley_397645,-3.967324,-3.640000,0.327324,0.000201
21,mobley_4690963,-4.769154,-3.540000,1.229154,0.002841
21,mobley_1967551,-2.933398,-3.500000,0.566602,0.000604
21,mobley_6733657,-4.239270,-3.440000,0.799270,0.001201
21,mobley_9565165,-3.724996,-3.350000,0.374996,0.000264
21,mobley_2487143,-3.040978,-3.280000,0.239022,0.000107
21,mobley_8449031,-2.523090,-3.220000,0.696910,0.000913
21,mobley_172879,-3.363116,-3.150000,0.213115,0.000085
21,mobley_5346580,-2.119956,-3.110000,0.990043,0.001843
21,mobley_3573480,-3.092823,-3.040000,0.052823,0.000005
21,mobley_1075836,-3.263418,-2.930000,0.333418,0.000209
21,mobley_6102880,-4.449380,-2.870000,1.579381,0.004691
21,mobley_1827204,-2.383506,-2.810000,0.426494,0.000342
21,mobley_2146331,-1.163589,-2.750000,1.586411,0.004733
21,mobley_7943327,-2.912652,-2.680000,0.232651,0.000102
21,mobley_5110043,-3.162774,-2.630000,0.532774,0.000534
21,mobley_5616693,-2.892174,-2.530000,0.362174,0.000247
21,mobley_6619554,-2.179726,-2.490000,0.310274,0.000181
21,mobley_6359156,-4.149263,-2.460000,1.689263,0.005366
21,mobley_1781152,-2.011132,-2.400000,0.388869,0.000284
21,mobley_859464,-2.459722,-2.360000,0.099722,0.000019
21,mobley_7150646,-1.721086,-2.300000,0.578914,0.000630
21,mobley_1592519,-2.506837,-2.230000,0.276837,0.000144
21,mobley_5538249,-2.028374,-2.160000,0.131626,0.000033
21,mobley_6911232,-1.617854,-2.100000,0.482146,0.000437
21,mobley_3269565,-1.583762,-2.010000,0.426238,0.000342
21,mobley_2484519,-2.392997,-1.930000,0.462997,0.000403
21,mobley_7690440,-3.098392,-1.830000,1.268391,0.003025
21,mobley_3802803,-1.193573,-1.660000,0.466427,0.000409
21,mobley_1144156,-1.471571,-1.590000,0.118429,0.000026
21,mobley_2481002,-1.389827,-1.450000,0.060174,0.000007
21,mobley_2489709,-1.461593,-1.360000,0.101593,0.000019
21,mobley_5052949,-1.133197,-1.280000,0.146803,0.000041
21,mobley_2492140,-1.375768,-1.230000,0.145768,0.000040
21,mobley_7542832,-1.686752,-1.160000,0.526752,0.000522
21,mobley_7814642,-1.986486,-1.120000,0.866486,0.001412
21,mobley_1563176,-0.783299,-0.990000,0.206701,0.000080
21,mobley_1873346,-0.803898,-0.900000,0.096102,0.000017
21,mobley_3040612,-0.781010,-0.850000,0.068990,0.000009
21,mobley_4483973,-2.520550,-0.800000,1.720550,0.005567
21,mobley_9913368,-1.029514,-0.780000,0.249514,0.000117
21,mobley_1449384,-0.519917,-0.680000,0.160083,0.000048
21,mobley_7708038,-0.510286,-0.560000,0.049714,0.000005
21,mobley_8311321,-0.545921,-0.500000,0.045921,0.000004
21,mobley_766666,-0.440193,-0.440000,0.000193,0.000000
21,mobley_5445548,-0.424813,-0.300000,0.124813,0.000029
21,mobley_9029594,-1.473138,-0.220000,1.253138,0.002953
21,mobley_3370989,-2.413546,-0.110000,2.303546,0.009978
21,mobley_627267,-0.049169,-0.030000,0.019169,0.000001
21,mobley_6250025,-0.021999,0.080000,0.101999,0.000020
21,mobley_4252724,-0.618874,0.160000,0.778874,0.001141
21,mobley_7157427,0.030567,0.290000,0.259433,0.000127
21,mobley_8885088,-0.971184,0.560000,1.531184,0.004409
21,mobley_8522124,0.534631,0.710000,0.175369,0.000058
21,mobley_4678740,-0.606035,1.070000,1.676035,0.005282
21,mobley_2689721,1.007667,1.230000,0.222333,0.000093
21,mobley_1662128,0.931237,1.380000,0.448763,0.000379
21,mobley_4762983,1.660082,1.660000,0.000082,0.000000
21,mobley_7732703,1.079564,1.790000,0.710436,0.000949
21,mobley_2068538,1.370522,2.000000,0.629478,0.000745
21,mobley_5157661,1.642077,2.300000,0.657923,0.000814
21,mobley_1261349,2.197233,2.510000,0.312767,0.000184
21,mobley_2328633,1.404382,2.550000,1.145618,0.002468
21,mobley_8436428,2.577410,2.830000,0.252590,0.000120
21,mobley_3060426,3.507180,2.930000,0.577180,0.000626
21,mobley_2197088,2.717231,3.160000,0.442770,0.000369
22,mobley_9534740,-24.089380,-25.469999,1.380619,0.003584
22,mobley_6239320,-17.963326,-18.059999,0.096674,0.000018
22,mobley_7794077,-12.315619,-15.460000,3.144382,0.018592
22,mobley_7415647,-11.942088,-11.950000,0.007912,0.000000
22,mobley_1728386,-10.086473,-11.000000,0.913527,0.001569
22,mobley_2269032,-10.094801,-10.210000,0.115199,0.000025
22,mobley_2913224,-6.826407,-9.940000,3.113593,0.018230
22,mobley_2659552,-9.209884,-9.760000,0.550117,0.000569
22,mobley_7176290,-8.677839,-9.620000,0.942161,0.001669
22,mobley_2295058,-8.937557,-9.510000,0.572443,0.000616
22,mobley_6055410,-11.837688,-9.400000,2.437689,0.011174
22,mobley_4639255,-9.048500,-9.300000,0.251500,0.000119
22,mobley_1417007,-5.183897,-9.010000,3.826104,0.027528
22,mobley_6115639,-9.847525,-8.700000,1.147525,0.002476
22,mobley_6353617,-8.143833,-8.260000,0.116167,0.000025
22,mobley_2725215,-4.946723,-7.980000,3.033277,0.017302
22,mobley_7039935,-6.699703,-7.670000,0.970297,0.001770
22,mobley_4059279,-5.599787,-7.580000,1.980213,0.007374
22,mobley_951560,-9.606128,-7.400000,2.206128,0.009152
22,mobley_1922649,-8.575199,-7.190000,1.385199,0.003608
22,mobley_8798016,-7.322527,-7.000000,0.322527,0.000196
22,mobley_1858644,-6.975070,-6.790000,0.185070,0.000064
22,mobley_9114381,-6.200937,-6.720000,0.519063,0.000507
22,mobley_5311804,-5.556308,-6.620000,1.063692,0.002128
22,mobley_6743808,-6.390986,-6.500000,0.109014,0.000022
22,mobley_8789864,-5.784979,-6.400000,0.615021,0.000711
22,mobley_7009711,-6.585141,-6.270000,0.315141,0.000187
22,mobley_8789465,-4.587905,-6.200000,1.612095,0.004887
22,mobley_2923700,-6.056729,-6.130000,0.073271,0.000010
22,mobley_4780078,-5.265512,-6.010000,0.744489,0.001042
22,mobley_5467162,-5.372000,-5.910000,0.538000,0.000544
22,mobley_6257907,-5.840420,-5.820000,0.020420,0.000001
22,mobley_7913234,-5.760333,-5.730000,0.030333,0.000002
22,mobley_5518547,-5.686500,-5.570000,0.116500,0.000026
22,mobley_4883284,-5.846455,-5.490000,0.356455,0.000239
22,mobley_5220185,-5.236924,-5.450000,0.213076,0.000085
22,mobley_3359593,-5.506920,-5.260000,0.246920,0.000115
22,mobley_4683624,-6.022856,-5.210000,0.812856,0.001242
22,mobley_1636752,-3.108659,-5.100000,1.991341,0.007457
22,mobley_2310185,-4.670226,-5.000000,0.329774,0.000205
22,mobley_3682850,-3.920909,-4.910000,0.989091,0.001840
22,mobley_1363784,-5.347466,-4.840000,0.507465,0.000484
22,mobley_2837389,-4.048936,-4.780000,0.731064,0.001005
22,mobley_9507933,-5.087855,-4.720000,0.367856,0.000254
22,mobley_296847,-5.305706,-4.690000,0.615706,0.000713
22,mobley_8208692,-3.137465,-4.610000,1.472536,0.004078
22,mobley_4884177,-4.680420,-4.590000,0.090420,0.000015
22,mobley_6714389,-3.884773,-4.550000,0.665228,0.000832
22,mobley_2245668,-4.092607,-4.500000,0.407393,0.000312
22,mobley_5973402,-4.357172,-4.420000,0.062829,0.000007
22,mobley_3546460,-3.967135,-4.400000,0.432865,0.000352
22,mobley_8311303,-4.169508,-4.380000,0.210492,0.000083
22,mobley_9741965,-5.579171,-4.290000,1.289171,0.003125
22,mobley_4603202,-2.792493,-4.230000,1.437507,0.003886
22,mobley_628086,-3.857882,-4.160000,0.302118,0.000172
22,mobley_4620651,-3.940350,-4.100000,0.159650,0.000048
22,mobley_7977115,-4.102285,-4.060000,0.042285,0.000003
22,mobley_2789243,-3.344265,-4.010000,0.665735,0.000833
22,mobley_3968739,-3.923742,-3.920000,0.003742,0.000000
22,mobley_63712,-3.120962,-3.880000,0.759038,0.001083
22,mobley_1046331,-3.685989,-3.820000,0.134011,0.000034
22,mobley_1160109,-3.490475,-3.750000,0.259525,0.000127
22,mobley_4149784,-2.948373,-3.670000,0.721627,0.000979
22,mobley_397645,-3.864313,-3.640000,0.224313,0.000095
22,mobley_4690963,-4.226030,-3.540000,0.686030,0.000885
22,mobley_1967551,-2.892707,-3.500000,0.607293,0.000694
22,mobley_6733657,-4.660861,-3.440000,1.220861,0.002803
22,mobley_9565165,-3.575622,-3.350000,0.225622,0.000096
22,mobley_2487143,-2.840421,-3.280000,0.439579,0.000363
22,mobley_8449031,-2.154248,-3.220000,1.065752,0.002136
22,mobley_172879,-3.355673,-3.150000,0.205673,0.000080
22,mobley_5346580,-2.201126,-3.110000,0.908874,0.001553
22,mobley_3573480,-2.820419,-3.040000,0.219581,0.000091
22,mobley_1075836,-3.125496,-2.930000,0.195496,0.000072
22,mobley_6102880,-4.331344,-2.870000,1.461344,0.004016
22,mobley_1827204,-2.087224,-2.810000,0.722776,0.000982
22,mobley_2146331,-1.058214,-2.750000,1.691786,0.005382
22,mobley_7943327,-2.736548,-2.680000,0.056548,0.000006
22,mobley_5110043,-3.036896,-2.630000,0.406896,0.000311
22,mobley_5616693,-2.514211,-2.530000,0.015789,0.000000
22,mobley_6619554,-2.027170,-2.490000,0.462830,0.000403
22,mobley_6359156,-4.040696,-2.460000,1.580696,0.004699
22,mobley_1781152,-2.124759,-2.400000,0.275241,0.000142
22,mobley_859464,-2.440916,-2.360000,0.080916,0.000012
22,mobley_7150646,-1.638842,-2.300000,0.661158,0.000822
22,mobley_1592519,-2.345302,-2.230000,0.115302,0.000025
22,mobley_5538249,-1.807064,-2.160000,0.352936,0.000234
22,mobley_6911232,-1.402282,-2.100000,0.697718,0.000915
22,mobley_3269565,-1.434430,-2.010000,0.575570,0.000623
22,mobley_2484519,-2.619172,-1.930000,0.689172,0.000893
22,mobley_7690440,-3.912756,-1.830000,2.082756,0.008157
22,mobley_3802803,-1.206050,-1.660000,0.453950,0.000388
22,mobley_1144156,-1.096073,-1.590000,0.493927,0.000459
22,mobley_2481002,-1.900919,-1.450000,0.450919,0.000382
22,mobley_2489709,-1.389942,-1.360000,0.029942,0.000002
22,mobley_5052949,-0.777805,-1.280000,0.502195,0.000474
22,mobley_2492140,-1.599441,-1.230000,0.369441,0.000257
22,mobley_7542832,-1.100487,-1.160000,0.059513,0.000007
22,mobley_7814642,-1.922226,-1.120000,0.802226,0.001210
22,mobley_1563176,-0.491609,-0.990000,0.498391,0.000467
22,mobley_1873346,-0.760920,-0.900000,0.139080,0.000036
22,mobley_3040612,-0.638532,-0.850000,0.211468,0.000084
22,mobley_4483973,-2.470648,-0.800000,1.670648,0.005248
22,mobley_9913368,-1.069816,-0.780000,0.289816,0.000158
22,mobley_1449384,-0.461491,-0.680000,0.218509,0.000090
22,mobley_7708038,-0.298860,-0.560000,0.261140,0.000128
22,mobley_8311321,-0.763041,-0.500000,0.263041,0.000130
22,mobley_766666,-0.464040,-0.440000,0.024040,0.000001
22,mobley_5445548,-0.403776,-0.300000,0.103776,0.000020
22,mobley_9029594,-1.442050,-0.220000,1.222050,0.002808
22,mobley_3370989,-2.551558,-0.110000,2.441558,0.011210
22,mobley_627267,0.091003,-0.030000,0.121003,0.000028
22,mobley_6250025,0.369210,0.080000,0.289210,0.000157
22,mobley_4252724,-0.554830,0.160000,0.714830,0.000961
22,mobley_7157427,0.454391,0.290000,0.164391,0.000051
22,mobley_8885088,-0.673592,0.560000,1.233592,0.002862
22,mobley_8522124,0.946424,0.710000,0.236424,0.000105
22,mobley_4678740,0.009804,1.070000,1.060196,0.002114
22,mobley_2689721,1.240629,1.230000,0.010629,0.000000
22,mobley_1662128,1.041242,1.380000,0.338758,0.000216
22,mobley_4762983,1.995134,1.660000,0.335134,0.000211
22,mobley_7732703,0.974689,1.790000,0.815311,0.001250
22,mobley_2068538,1.387174,2.000000,0.612826,0.000706
22,mobley_5157661,1.589505,2.300000,0.710495,0.000949
22,mobley_1261349,2.050666,2.510000,0.459334,0.000397
22,mobley_2328633,2.029157,2.550000,0.520843,0.000510
22,mobley_8436428,2.646605,2.830000,0.183395,0.000063
22,mobley_3060426,3.505632,2.930000,0.575632,0.000623
22,mobley_2197088,3.197166,3.160000,0.037166,0.000003
23,mobley_9534740,-23.667036,-25.469999,1.802963,0.006113
23,mobley_6239320,-19.601604,-18.059999,1.541605,0.004469
23,mobley_7794077,-13.144578,-15.460000,2.315422,0.010081
23,mobley_7415647,-12.065578,-11.950000,0.115579,0.000025
23,mobley_1728386,-10.287548,-11.000000,0.712452,0.000954
23,mobley_2269032,-10.002206,-10.210000,0.207794,0.000081
23,mobley_2913224,-6.793097,-9.940000,3.146903,0.018622
23,mobley_2659552,-9.443013,-9.760000,0.316987,0.000189
23,mobley_7176290,-8.426489,-9.620000,1.193511,0.002679
23,mobley_2295058,-8.765160,-9.510000,0.744841,0.001043
23,mobley_6055410,-11.351370,-9.400000,1.951370,0.007160
23,mobley_4639255,-9.057091,-9.300000,0.242909,0.000111
23,mobley_1417007,-5.283556,-9.010000,3.726444,0.026113
23,mobley_6115639,-10.615991,-8.700000,1.915991,0.006903
23,mobley_6353617,-7.699461,-8.260000,0.560539,0.000591
23,mobley_2725215,-5.506319,-7.980000,2.473681,0.011507
23,mobley_7039935,-6.308613,-7.670000,1.361387,0.003485
23,mobley_4059279,-5.733869,-7.580000,1.846131,0.006409
23,mobley_951560,-9.725730,-7.400000,2.325730,0.010171
23,mobley_1922649,-8.835935,-7.190000,1.645935,0.005094
23,mobley_8798016,-6.847457,-7.000000,0.152543,0.000044
23,mobley_1858644,-6.845610,-6.790000,0.055610,0.000006
23,mobley_9114381,-6.054324,-6.720000,0.665676,0.000833
23,mobley_5311804,-5.356092,-6.620000,1.263908,0.003004
23,mobley_6743808,-6.407294,-6.500000,0.092706,0.000016
23,mobley_8789864,-5.814759,-6.400000,0.585241,0.000644
23,mobley_7009711,-6.567211,-6.270000,0.297211,0.000166
23,mobley_8789465,-4.346880,-6.200000,1.853120,0.006458
23,mobley_2923700,-5.916121,-6.130000,0.213879,0.000086
23,mobley_4780078,-5.200823,-6.010000,0.809177,0.001231
23,mobley_5467162,-5.141125,-5.910000,0.768875,0.001112
23,mobley_6257907,-5.639504,-5.820000,0.180496,0.000061
23,mobley_7913234,-5.842531,-5.730000,0.112531,0.000024
23,mobley_5518547,-5.523616,-5.570000,0.046384,0.000004
23,mobley_4883284,-5.610568,-5.490000,0.120568,0.000027
23,mobley_5220185,-5.029146,-5.450000,0.420854,0.000333
23,mobley_3359593,-5.335245,-5.260000,0.075245,0.000011
23,mobley_4683624,-5.875695,-5.210000,0.665695,0.000833
23,mobley_1636752,-3.148514,-5.100000,1.951486,0.007161
23,mobley_2310185,-4.688430,-5.000000,0.311570,0.000183
23,mobley_3682850,-3.774662,-4.910000,1.135337,0.002424
23,mobley_1363784,-5.249328,-4.840000,0.409328,0.000315
23,mobley_2837389,-3.687277,-4.780000,1.092723,0.002245
23,mobley_9507933,-5.017994,-4.720000,0.297995,0.000167
23,mobley_296847,-4.861337,-4.690000,0.171337,0.000055
23,mobley_8208692,-2.502201,-4.610000,2.107799,0.008355
23,mobley_4884177,-4.457311,-4.590000,0.132689,0.000033
23,mobley_6714389,-3.858530,-4.550000,0.691470,0.000899
23,mobley_2245668,-4.092142,-4.500000,0.407858,0.000313
23,mobley_5973402,-4.350431,-4.420000,0.069569,0.000009
23,mobley_3546460,-4.125600,-4.400000,0.274400,0.000142
23,mobley_8311303,-3.695131,-4.380000,0.684869,0.000882
23,mobley_9741965,-5.936238,-4.290000,1.646238,0.005096
23,mobley_4603202,-2.631977,-4.230000,1.598023,0.004802
23,mobley_628086,-4.270610,-4.160000,0.110610,0.000023
23,mobley_4620651,-3.961490,-4.100000,0.138510,0.000036
23,mobley_7977115,-4.291752,-4.060000,0.231752,0.000101
23,mobley_2789243,-3.090007,-4.010000,0.919993,0.001592
23,mobley_3968739,-3.754851,-3.920000,0.165149,0.000051
23,mobley_63712,-3.210090,-3.880000,0.669910,0.000844
23,mobley_1046331,-3.426801,-3.820000,0.393198,0.000291
23,mobley_1160109,-3.489766,-3.750000,0.260234,0.000127
23,mobley_4149784,-2.488556,-3.670000,1.181444,0.002625
23,mobley_397645,-3.684521,-3.640000,0.044521,0.000004
23,mobley_4690963,-4.260747,-3.540000,0.720747,0.000977
23,mobley_1967551,-2.892454,-3.500000,0.607546,0.000694
23,mobley_6733657,-4.162375,-3.440000,0.722375,0.000981
23,mobley_9565165,-3.210499,-3.350000,0.139501,0.000037
23,mobley_2487143,-2.895913,-3.280000,0.384087,0.000277
23,mobley_8449031,-2.117905,-3.220000,1.102095,0.002284
23,mobley_172879,-2.828697,-3.150000,0.321303,0.000194
23,mobley_5346580,-2.002538,-3.110000,1.107462,0.002306
23,mobley_3573480,-2.876573,-3.040000,0.163427,0.000050
23,mobley_1075836,-3.107496,-2.930000,0.177496,0.000059
23,mobley_6102880,-3.894447,-2.870000,1.024447,0.001974
23,mobley_1827204,-2.095115,-2.810000,0.714885,0.000961
23,mobley_2146331,-0.967921,-2.750000,1.782079,0.005972
23,mobley_7943327,-2.667839,-2.680000,0.012161,0.000000
23,mobley_5110043,-2.947339,-2.630000,0.317339,0.000189
23,mobley_5616693,-2.547367,-2.530000,0.017367,0.000001
23,mobley_6619554,-2.052508,-2.490000,0.437492,0.000360
23,mobley_6359156,-3.550910,-2.460000,1.090910,0.002238
23,mobley_1781152,-2.039634,-2.400000,0.360366,0.000244
23,mobley_859464,-2.437013,-2.360000,0.077013,0.000011
23,mobley_7150646,-1.488712,-2.300000,0.811288,0.001238
23,mobley_1592519,-2.334353,-2.230000,0.104353,0.000020
23,mobley_5538249,-1.678496,-2.160000,0.481504,0.000436
23,mobley_6911232,-1.447658,-2.100000,0.652342,0.000800
23,mobley_3269565,-1.449877,-2.010000,0.560123,0.000590
23,mobley_2484519,-2.159349,-1.930000,0.229349,0.000099
23,mobley_7690440,-3.724775,-1.830000,1.894775,0.006751
23,mobley_3802803,-1.422553,-1.660000,0.237447,0.000106
23,mobley_1144156,-1.113568,-1.590000,0.476432,0.000427
23,mobley_2481002,-1.724848,-1.450000,0.274848,0.000142
23,mobley_2489709,-1.222891,-1.360000,0.137109,0.000035
23,mobley_5052949,-0.833663,-1.280000,0.446337,0.000375
23,mobley_2492140,-1.499362,-1.230000,0.269362,0.000136
23,mobley_7542832,-1.233449,-1.160000,0.073449,0.000010
23,mobley_7814642,-1.672334,-1.120000,0.552334,0.000574
23,mobley_1563176,-0.492197,-0.990000,0.497803,0.000466
23,mobley_1873346,-0.629011,-0.900000,0.270989,0.000138
23,mobley_3040612,-0.689839,-0.850000,0.160161,0.000048
23,mobley_4483973,-2.203809,-0.800000,1.403809,0.003706
23,mobley_9913368,-1.004887,-0.780000,0.224887,0.000095
23,mobley_1449384,-0.493613,-0.680000,0.186387,0.000065
23,mobley_7708038,-0.329174,-0.560000,0.230826,0.000100
23,mobley_8311321,-0.671319,-0.500000,0.171319,0.000055
23,mobley_766666,-0.339126,-0.440000,0.100874,0.000019
23,mobley_5445548,-0.313939,-0.300000,0.013939,0.000000
23,mobley_9029594,-1.484724,-0.220000,1.264724,0.003008
23,mobley_3370989,-2.602540,-0.110000,2.492540,0.011683
23,mobley_627267,0.096552,-0.030000,0.126552,0.000030
23,mobley_6250025,0.316076,0.080000,0.236076,0.000105
23,mobley_4252724,-0.426249,0.160000,0.586249,0.000646
23,mobley_7157427,0.366070,0.290000,0.076070,0.000011
23,mobley_8885088,-0.545365,0.560000,1.105365,0.002298
23,mobley_8522124,0.954523,0.710000,0.244523,0.000112
23,mobley_4678740,-1.090929,1.070000,2.160929,0.008781
23,mobley_2689721,1.011207,1.230000,0.218793,0.000090
23,mobley_1662128,1.027521,1.380000,0.352479,0.000234
23,mobley_4762983,1.959492,1.660000,0.299492,0.000169
23,mobley_7732703,0.719788,1.790000,1.070212,0.002154
23,mobley_2068538,1.426644,2.000000,0.573356,0.000618
23,mobley_5157661,1.685515,2.300000,0.614485,0.000710
23,mobley_1261349,2.351415,2.510000,0.158585,0.000047
23,mobley_2328633,1.814690,2.550000,0.735310,0.001017
23,mobley_8436428,2.672763,2.830000,0.157237,0.000046
23,mobley_3060426,3.745821,2.930000,0.815821,0.001252
23,mobley_2197088,3.026259,3.160000,0.133741,0.000034
24,mobley_9534740,-23.777233,-25.469999,1.692766,0.005388
24,mobley_6239320,-18.385799,-18.059999,0.325800,0.000200
24,mobley_7794077,-12.046154,-15.460000,3.413846,0.021915
24,mobley_7415647,-12.540998,-11.950000,0.590998,0.000657
24,mobley_1728386,-10.207145,-11.000000,0.792855,0.001182
24,mobley_2269032,-9.781243,-10.210000,0.428757,0.000346
24,mobley_2913224,-6.960915,-9.940000,2.979084,0.016689
24,mobley_2659552,-9.598726,-9.760000,0.161274,0.000049
24,mobley_7176290,-8.583463,-9.620000,1.036537,0.002020
24,mobley_2295058,-8.858063,-9.510000,0.651937,0.000799
24,mobley_6055410,-11.336440,-9.400000,1.936440,0.007051
24,mobley_4639255,-9.240095,-9.300000,0.059905,0.000007
24,mobley_1417007,-4.798117,-9.010000,4.211884,0.033359
24,mobley_6115639,-9.929399,-8.700000,1.229400,0.002842
24,mobley_6353617,-7.909667,-8.260000,0.350333,0.000231
24,mobley_2725215,-5.744123,-7.980000,2.235877,0.009401
24,mobley_7039935,-6.234318,-7.670000,1.435682,0.003876
24,mobley_4059279,-5.854345,-7.580000,1.725655,0.005600
24,mobley_951560,-9.906446,-7.400000,2.506446,0.011814
24,mobley_1922649,-8.447811,-7.190000,1.257811,0.002975
24,mobley_8798016,-6.906878,-7.000000,0.093122,0.000016
24,mobley_1858644,-6.742100,-6.790000,0.047900,0.000004
24,mobley_9114381,-6.288651,-6.720000,0.431348,0.000350
24,mobley_5311804,-5.371848,-6.620000,1.248152,0.002930
24,mobley_6743808,-6.224225,-6.500000,0.275775,0.000143
24,mobley_8789864,-6.099599,-6.400000,0.300401,0.000170
24,mobley_7009711,-6.266447,-6.270000,0.003553,0.000000
24,mobley_8789465,-4.301180,-6.200000,1.898820,0.006780
24,mobley_2923700,-5.827252,-6.130000,0.302748,0.000172
24,mobley_4780078,-5.080344,-6.010000,0.929656,0.001625
24,mobley_5467162,-4.973320,-5.910000,0.936680,0.001650
24,mobley_6257907,-5.868088,-5.820000,0.048088,0.000004
24,mobley_7913234,-5.864307,-5.730000,0.134307,0.000034
24,mobley_5518547,-5.604596,-5.570000,0.034596,0.000002
24,mobley_4883284,-5.732259,-5.490000,0.242260,0.000110
24,mobley_5220185,-5.086154,-5.450000,0.363846,0.000249
24,mobley_3359593,-5.324409,-5.260000,0.064409,0.000008
24,mobley_4683624,-5.743324,-5.210000,0.533324,0.000535
24,mobley_1636752,-3.290467,-5.100000,1.809533,0.006157
24,mobley_2310185,-4.797615,-5.000000,0.202385,0.000077
24,mobley_3682850,-3.922064,-4.910000,0.987936,0.001835
24,mobley_1363784,-4.994047,-4.840000,0.154047,0.000045
24,mobley_2837389,-3.720115,-4.780000,1.059885,0.002112
24,mobley_9507933,-4.826472,-4.720000,0.106472,0.000021
24,mobley_296847,-4.816108,-4.690000,0.126108,0.000030
24,mobley_8208692,-2.947274,-4.610000,1.662726,0.005199
24,mobley_4884177,-4.228677,-4.590000,0.361323,0.000246
24,mobley_6714389,-4.093203,-4.550000,0.456797,0.000392
24,mobley_2245668,-4.015295,-4.500000,0.484705,0.000442
24,mobley_5973402,-4.372252,-4.420000,0.047748,0.000004
24,mobley_3546460,-4.189239,-4.400000,0.210761,0.000084
24,mobley_8311303,-4.356419,-4.380000,0.023582,0.000001
24,mobley_9741965,-5.581790,-4.290000,1.291790,0.003138
24,mobley_4603202,-3.031830,-4.230000,1.198170,0.002700
24,mobley_628086,-4.032263,-4.160000,0.127737,0.000031
24,mobley_4620651,-3.951044,-4.100000,0.148956,0.000042
24,mobley_7977115,-4.355079,-4.060000,0.295079,0.000164
24,mobley_2789243,-3.219807,-4.010000,0.790193,0.001174
24,mobley_3968739,-3.718473,-3.920000,0.201527,0.000076
24,mobley_63712,-3.207150,-3.880000,0.672851,0.000851
24,mobley_1046331,-3.366994,-3.820000,0.453006,0.000386
24,mobley_1160109,-3.418271,-3.750000,0.331729,0.000207
24,mobley_4149784,-2.907943,-3.670000,0.762058,0.001092
24,mobley_397645,-3.618744,-3.640000,0.021256,0.000001
24,mobley_4690963,-4.339517,-3.540000,0.799517,0.001202
24,mobley_1967551,-2.963981,-3.500000,0.536019,0.000540
24,mobley_6733657,-3.859488,-3.440000,0.419487,0.000331
24,mobley_9565165,-3.016942,-3.350000,0.333058,0.000209
24,mobley_2487143,-2.999981,-3.280000,0.280019,0.000147
24,mobley_8449031,-2.150580,-3.220000,1.069420,0.002151
24,mobley_172879,-2.845658,-3.150000,0.304342,0.000174
24,mobley_5346580,-2.122644,-3.110000,0.987356,0.001833
24,mobley_3573480,-2.981431,-3.040000,0.058569,0.000006
24,mobley_1075836,-3.131553,-2.930000,0.201553,0.000076
24,mobley_6102880,-3.737223,-2.870000,0.867223,0.001414
24,mobley_1827204,-2.160897,-2.810000,0.649103,0.000792
24,mobley_2146331,-1.026012,-2.750000,1.723988,0.005589
24,mobley_7943327,-2.916540,-2.680000,0.236540,0.000105
24,mobley_5110043,-2.484004,-2.630000,0.145996,0.000040
24,mobley_5616693,-2.346718,-2.530000,0.183282,0.000063
24,mobley_6619554,-2.189478,-2.490000,0.300522,0.000170
24,mobley_6359156,-4.016369,-2.460000,1.556369,0.004555
24,mobley_1781152,-1.920862,-2.400000,0.479138,0.000432
24,mobley_859464,-2.426929,-2.360000,0.066929,0.000008
24,mobley_7150646,-1.359538,-2.300000,0.940462,0.001663
24,mobley_1592519,-2.424819,-2.230000,0.194819,0.000071
24,mobley_5538249,-1.361990,-2.160000,0.798010,0.001198
24,mobley_6911232,-1.514381,-2.100000,0.585618,0.000645
24,mobley_3269565,-1.472240,-2.010000,0.537760,0.000544
24,mobley_2484519,-2.397444,-1.930000,0.467444,0.000411
24,mobley_7690440,-4.121928,-1.830000,2.291928,0.009878
24,mobley_3802803,-1.168585,-1.660000,0.491415,0.000454
24,mobley_1144156,-1.199042,-1.590000,0.390958,0.000287
24,mobley_2481002,-1.275375,-1.450000,0.174625,0.000057
24,mobley_2489709,-1.376901,-1.360000,0.016901,0.000001
24,mobley_5052949,-0.699275,-1.280000,0.580725,0.000634
24,mobley_2492140,-1.812627,-1.230000,0.582627,0.000638
24,mobley_7542832,-1.099538,-1.160000,0.060462,0.000007
24,mobley_7814642,-1.925002,-1.120000,0.805002,0.001219
24,mobley_1563176,-0.485907,-0.990000,0.504093,0.000478
24,mobley_1873346,-0.443683,-0.900000,0.456317,0.000392
24,mobley_3040612,-0.319686,-0.850000,0.530314,0.000529
24,mobley_4483973,-2.117479,-0.800000,1.317479,0.003264
24,mobley_9913368,-0.959837,-0.780000,0.179837,0.000061
24,mobley_1449384,-0.077718,-0.680000,0.602282,0.000682
24,mobley_7708038,-0.198450,-0.560000,0.361550,0.000246
24,mobley_8311321,-0.457943,-0.500000,0.042057,0.000003
24,mobley_766666,-0.239484,-0.440000,0.200516,0.000076
24,mobley_5445548,0.010339,-0.300000,0.310339,0.000181
24,mobley_9029594,-1.558324,-0.220000,1.338324,0.003368
24,mobley_3370989,-2.422647,-0.110000,2.312647,0.010057
24,mobley_627267,0.172891,-0.030000,0.202891,0.000077
24,mobley_6250025,0.389700,0.080000,0.309700,0.000180
24,mobley_4252724,-0.081749,0.160000,0.241749,0.000110
24,mobley_7157427,0.372001,0.290000,0.082001,0.000013
24,mobley_8885088,-0.494910,0.560000,1.054910,0.002093
24,mobley_8522124,1.122014,0.710000,0.412014,0.000319
24,mobley_4678740,-0.727154,1.070000,1.797154,0.006073
24,mobley_2689721,1.426009,1.230000,0.196009,0.000072
24,mobley_1662128,1.211368,1.380000,0.168632,0.000053
24,mobley_4762983,2.075187,1.660000,0.415187,0.000324
24,mobley_7732703,1.388569,1.790000,0.401431,0.000303
24,mobley_2068538,1.474765,2.000000,0.525235,0.000519
24,mobley_5157661,1.698432,2.300000,0.601568,0.000681
24,mobley_1261349,2.352781,2.510000,0.157219,0.000046
24,mobley_2328633,2.137048,2.550000,0.412952,0.000321
24,mobley_8436428,2.821885,2.830000,0.008115,0.000000
24,mobley_3060426,3.830183,2.930000,0.900183,0.001524
24,mobley_2197088,3.337573,3.160000,0.177572,0.000059
25,mobley_9534740,-23.646038,-25.469999,1.823961,0.006256
25,mobley_6239320,-17.788498,-18.059999,0.271502,0.000139
25,mobley_7794077,-11.852331,-15.460000,3.607669,0.024475
25,mobley_7415647,-11.895317,-11.950000,0.054683,0.000006
25,mobley_1728386,-9.968122,-11.000000,1.031878,0.002002
25,mobley_2269032,-9.740901,-10.210000,0.469099,0.000414
25,mobley_2913224,-6.648108,-9.940000,3.291891,0.020378
25,mobley_2659552,-9.229892,-9.760000,0.530108,0.000528
25,mobley_7176290,-8.503992,-9.620000,1.116008,0.002342
25,mobley_2295058,-8.833779,-9.510000,0.676221,0.000860
25,mobley_6055410,-11.253578,-9.400000,1.853579,0.006461
25,mobley_4639255,-9.206261,-9.300000,0.093740,0.000017
25,mobley_1417007,-4.992127,-9.010000,4.017873,0.030357
25,mobley_6115639,-9.712293,-8.700000,1.012293,0.001927
25,mobley_6353617,-7.835923,-8.260000,0.424078,0.000338
25,mobley_2725215,-5.372754,-7.980000,2.607246,0.012783
25,mobley_7039935,-6.501361,-7.670000,1.168639,0.002568
25,mobley_4059279,-5.802520,-7.580000,1.777480,0.005941
25,mobley_951560,-9.742887,-7.400000,2.342886,0.010322
25,mobley_1922649,-8.411406,-7.190000,1.221406,0.002805
25,mobley_8798016,-7.038416,-7.000000,0.038416,0.000003
25,mobley_1858644,-6.954406,-6.790000,0.164406,0.000051
25,mobley_9114381,-6.088475,-6.720000,0.631525,0.000750
25,mobley_5311804,-5.574366,-6.620000,1.045634,0.002056
25,mobley_6743808,-6.063313,-6.500000,0.436687,0.000359
25,mobley_8789864,-5.385430,-6.400000,1.014570,0.001936
25,mobley_7009711,-6.134058,-6.270000,0.135942,0.000035
25,mobley_8789465,-4.447672,-6.200000,1.752328,0.005774
25,mobley_2923700,-5.930886,-6.130000,0.199114,0.000075
25,mobley_4780078,-5.011195,-6.010000,0.998806,0.001876
25,mobley_5467162,-4.991840,-5.910000,0.918160,0.001585
25,mobley_6257907,-5.760480,-5.820000,0.059520,0.000007
25,mobley_7913234,-5.966770,-5.730000,0.236770,0.000105
25,mobley_5518547,-5.423848,-5.570000,0.146152,0.000040
25,mobley_4883284,-5.691091,-5.490000,0.201091,0.000076
25,mobley_5220185,-5.101975,-5.450000,0.348024,0.000228
25,mobley_3359593,-5.233719,-5.260000,0.026281,0.000001
25,mobley_4683624,-5.845819,-5.210000,0.635819,0.000760
25,mobley_1636752,-3.141994,-5.100000,1.958006,0.007209
25,mobley_2310185,-4.759772,-5.000000,0.240228,0.000109
25,mobley_3682850,-4.002018,-4.910000,0.907981,0.001550
25,mobley_1363784,-4.829932,-4.840000,0.010068,0.000000
25,mobley_2837389,-3.754003,-4.780000,1.025997,0.001979
25,mobley_9507933,-4.692997,-4.720000,0.027003,0.000001
25,mobley_296847,-5.013191,-4.690000,0.323191,0.000196
25,mobley_8208692,-2.711839,-4.610000,1.898161,0.006775
25,mobley_4884177,-4.329243,-4.590000,0.260757,0.000128
25,mobley_6714389,-3.816768,-4.550000,0.733232,0.001011
25,mobley_2245668,-4.101291,-4.500000,0.398709,0.000299
25,mobley_5973402,-4.397998,-4.420000,0.022002,0.000001
25,mobley_3546460,-4.238626,-4.400000,0.161374,0.000049
25,mobley_8311303,-4.080685,-4.380000,0.299315,0.000168
25,mobley_9741965,-4.938422,-4.290000,0.648422,0.000791
25,mobley_4603202,-2.860566,-4.230000,1.369434,0.003527
25,mobley_628086,-3.860698,-4.160000,0.299302,0.000168
25,mobley_4620651,-3.964958,-4.100000,0.135042,0.000034
25,mobley_7977115,-4.271688,-4.060000,0.211688,0.000084
25,mobley_2789243,-3.202539,-4.010000,0.807461,0.001226
25,mobley_3968739,-3.840183,-3.920000,0.079817,0.000012
25,mobley_63712,-3.264046,-3.880000,0.615954,0.000713
25,mobley_1046331,-3.558393,-3.820000,0.261607,0.000129
25,mobley_1160109,-3.460172,-3.750000,0.289828,0.000158
25,mobley_4149784,-2.828161,-3.670000,0.841839,0.001333
25,mobley_397645,-3.859171,-3.640000,0.219171,0.000090
25,mobley_4690963,-4.613081,-3.540000,1.073081,0.002165
25,mobley_1967551,-2.922783,-3.500000,0.577217,0.000627
25,mobley_6733657,-4.551348,-3.440000,1.111348,0.002323
25,mobley_9565165,-3.319114,-3.350000,0.030885,0.000002
25,mobley_2487143,-2.905812,-3.280000,0.374188,0.000263
25,mobley_8449031,-2.189689,-3.220000,1.030311,0.001996
25,mobley_172879,-3.152317,-3.150000,0.002317,0.000000
25,mobley_5346580,-2.033457,-3.110000,1.076543,0.002179
25,mobley_3573480,-2.904663,-3.040000,0.135337,0.000034
25,mobley_1075836,-3.074824,-2.930000,0.144824,0.000039
25,mobley_6102880,-4.147075,-2.870000,1.277075,0.003067
25,mobley_1827204,-2.262313,-2.810000,0.547687,0.000564
25,mobley_2146331,-1.001384,-2.750000,1.748616,0.005750
25,mobley_7943327,-2.818807,-2.680000,0.138807,0.000036
25,mobley_5110043,-2.535316,-2.630000,0.094684,0.000017
25,mobley_5616693,-2.490104,-2.530000,0.039896,0.000003
25,mobley_6619554,-2.177246,-2.490000,0.312754,0.000184
25,mobley_6359156,-3.848030,-2.460000,1.388030,0.003623
25,mobley_1781152,-1.859062,-2.400000,0.540938,0.000550
25,mobley_859464,-2.327612,-2.360000,0.032388,0.000002
25,mobley_7150646,-1.563651,-2.300000,0.736349,0.001020
25,mobley_1592519,-2.423300,-2.230000,0.193300,0.000070
25,mobley_5538249,-1.703538,-2.160000,0.456463,0.000392
25,mobley_6911232,-1.488718,-2.100000,0.611282,0.000703
25,mobley_3269565,-1.436789,-2.010000,0.573211,0.000618
25,mobley_2484519,-2.392415,-1.930000,0.462415,0.000402
25,mobley_7690440,-3.774834,-1.830000,1.944834,0.007113
25,mobley_3802803,-0.631419,-1.660000,1.028581,0.001989
25,mobley_1144156,-1.276704,-1.590000,0.313296,0.000185
25,mobley_2481002,-1.912611,-1.450000,0.462611,0.000402
25,mobley_2489709,-1.305030,-1.360000,0.054970,0.000006
25,mobley_5052949,-0.853414,-1.280000,0.426586,0.000342
25,mobley_2492140,-1.544367,-1.230000,0.314367,0.000186
25,mobley_7542832,-1.393029,-1.160000,0.233029,0.000102
25,mobley_7814642,-1.903279,-1.120000,0.783279,0.001154
25,mobley_1563176,-0.565582,-0.990000,0.424418,0.000339
25,mobley_1873346,-0.591993,-0.900000,0.308007,0.000178
25,mobley_3040612,-0.447343,-0.850000,0.402657,0.000305
25,mobley_4483973,-2.337746,-0.800000,1.537746,0.004447
25,mobley_9913368,-1.065933,-0.780000,0.285933,0.000154
25,mobley_1449384,-0.202891,-0.680000,0.477109,0.000428
25,mobley_7708038,-0.412728,-0.560000,0.147272,0.000041
25,mobley_8311321,-0.526885,-0.500000,0.026885,0.000001
25,mobley_766666,-0.524674,-0.440000,0.084674,0.000013
25,mobley_5445548,-0.240538,-0.300000,0.059462,0.000007
25,mobley_9029594,-1.330764,-0.220000,1.110764,0.002320
25,mobley_3370989,-2.427805,-0.110000,2.317805,0.010102
25,mobley_627267,0.036474,-0.030000,0.066474,0.000008
25,mobley_6250025,0.259344,0.080000,0.179344,0.000060
25,mobley_4252724,-0.366311,0.160000,0.526311,0.000521
25,mobley_7157427,0.227100,0.290000,0.062900,0.000007
25,mobley_8885088,-0.640974,0.560000,1.200974,0.002712
25,mobley_8522124,0.914944,0.710000,0.204944,0.000079
25,mobley_4678740,0.240399,1.070000,0.829601,0.001294
25,mobley_2689721,1.286442,1.230000,0.056442,0.000006
25,mobley_1662128,1.152349,1.380000,0.227651,0.000097
25,mobley_4762983,1.976269,1.660000,0.316270,0.000188
25,mobley_7732703,0.960983,1.790000,0.829017,0.001292
25,mobley_2068538,1.472589,2.000000,0.527411,0.000523
25,mobley_5157661,1.709914,2.300000,0.590086,0.000655
25,mobley_1261349,2.448202,2.510000,0.061798,0.000007
25,mobley_2328633,1.965562,2.550000,0.584438,0.000642
25,mobley_8436428,2.766563,2.830000,0.063437,0.000008
25,mobley_3060426,3.831105,2.930000,0.901105,0.001527
25,mobley_2197088,3.171300,3.160000,0.011300,0.000000
26,mobley_9534740,-24.206137,-25.469999,1.263863,0.003004
26,mobley_6239320,-20.023781,-18.059999,1.963781,0.007252
26,mobley_7794077,-13.140773,-15.460000,2.319227,0.010115
26,mobley_7415647,-12.004842,-11.950000,0.054842,0.000006
26,mobley_1728386,-10.356342,-11.000000,0.643658,0.000779
26,mobley_2269032,-10.177067,-10.210000,0.032933,0.000002
26,mobley_2913224,-7.200923,-9.940000,2.739077,0.014108
26,mobley_2659552,-9.375388,-9.760000,0.384612,0.000278
26,mobley_7176290,-8.609998,-9.620000,1.010002,0.001918
26,mobley_2295058,-9.149316,-9.510000,0.360684,0.000245
26,mobley_6055410,-12.124356,-9.400000,2.724357,0.013957
26,mobley_4639255,-9.206391,-9.300000,0.093609,0.000016
26,mobley_1417007,-5.201654,-9.010000,3.808346,0.027273
26,mobley_6115639,-9.659261,-8.700000,0.959261,0.001730
26,mobley_6353617,-8.186796,-8.260000,0.073204,0.000010
26,mobley_2725215,-6.012811,-7.980000,1.967189,0.007277
26,mobley_7039935,-6.717158,-7.670000,0.952842,0.001707
26,mobley_4059279,-5.872965,-7.580000,1.707035,0.005480
26,mobley_951560,-9.575972,-7.400000,2.175972,0.008904
26,mobley_1922649,-8.847382,-7.190000,1.657382,0.005165
26,mobley_8798016,-7.282271,-7.000000,0.282271,0.000150
26,mobley_1858644,-6.984423,-6.790000,0.194423,0.000071
26,mobley_9114381,-6.257751,-6.720000,0.462248,0.000402
26,mobley_5311804,-5.604237,-6.620000,1.015763,0.001940
26,mobley_6743808,-6.221678,-6.500000,0.278322,0.000146
26,mobley_8789864,-6.103237,-6.400000,0.296763,0.000166
26,mobley_7009711,-6.379639,-6.270000,0.109639,0.000023
26,mobley_8789465,-4.542590,-6.200000,1.657410,0.005166
26,mobley_2923700,-6.042387,-6.130000,0.087614,0.000014
26,mobley_4780078,-5.124713,-6.010000,0.885287,0.001474
26,mobley_5467162,-5.183002,-5.910000,0.726998,0.000994
26,mobley_6257907,-5.890819,-5.820000,0.070819,0.000009
26,mobley_7913234,-5.837903,-5.730000,0.107903,0.000022
26,mobley_5518547,-5.569145,-5.570000,0.000855,0.000000
26,mobley_4883284,-5.756478,-5.490000,0.266479,0.000134
26,mobley_5220185,-5.289662,-5.450000,0.160337,0.000048
26,mobley_3359593,-5.542996,-5.260000,0.282996,0.000151
26,mobley_4683624,-5.952406,-5.210000,0.742406,0.001036
26,mobley_1636752,-3.104332,-5.100000,1.995667,0.007489
26,mobley_2310185,-4.688404,-5.000000,0.311596,0.000183
26,mobley_3682850,-3.885388,-4.910000,1.024612,0.001974
26,mobley_1363784,-5.105357,-4.840000,0.265357,0.000132
26,mobley_2837389,-3.910459,-4.780000,0.869542,0.001422
26,mobley_9507933,-4.916963,-4.720000,0.196963,0.000073
26,mobley_296847,-5.110067,-4.690000,0.420067,0.000332
26,mobley_8208692,-3.248725,-4.610000,1.361275,0.003485
26,mobley_4884177,-4.433402,-4.590000,0.156599,0.000046
26,mobley_6714389,-3.804502,-4.550000,0.745498,0.001045
26,mobley_2245668,-4.122735,-4.500000,0.377265,0.000268
26,mobley_5973402,-4.362310,-4.420000,0.057690,0.000006
26,mobley_3546460,-4.109750,-4.400000,0.290250,0.000158
26,mobley_8311303,-4.475490,-4.380000,0.095490,0.000017
26,mobley_9741965,-5.683152,-4.290000,1.393152,0.003650
26,mobley_4603202,-2.903195,-4.230000,1.326805,0.003310
26,mobley_628086,-4.253281,-4.160000,0.093281,0.000016
26,mobley_4620651,-3.847539,-4.100000,0.252461,0.000120
26,mobley_7977115,-4.046031,-4.060000,0.013969,0.000000
26,mobley_2789243,-3.388203,-4.010000,0.621797,0.000727
26,mobley_3968739,-4.089447,-3.920000,0.169447,0.000054
26,mobley_63712,-3.057918,-3.880000,0.822082,0.001271
26,mobley_1046331,-3.749737,-3.820000,0.070263,0.000009
26,mobley_1160109,-3.205842,-3.750000,0.544158,0.000557
26,mobley_4149784,-3.546204,-3.670000,0.123796,0.000029
26,mobley_397645,-4.064964,-3.640000,0.424964,0.000340
26,mobley_4690963,-4.479848,-3.540000,0.939848,0.001661
26,mobley_1967551,-2.824090,-3.500000,0.675910,0.000859
26,mobley_6733657,-4.820677,-3.440000,1.380677,0.003585
26,mobley_9565165,-3.563218,-3.350000,0.213218,0.000085
26,mobley_2487143,-2.874066,-3.280000,0.405934,0.000310
26,mobley_8449031,-1.999812,-3.220000,1.220188,0.002800
26,mobley_172879,-3.723644,-3.150000,0.573643,0.000619
26,mobley_5346580,-1.946627,-3.110000,1.163373,0.002545
26,mobley_3573480,-2.821207,-3.040000,0.218793,0.000090
26,mobley_1075836,-3.131895,-2.930000,0.201895,0.000077
26,mobley_6102880,-4.719587,-2.870000,1.849587,0.006433
26,mobley_1827204,-2.196776,-2.810000,0.613224,0.000707
26,mobley_2146331,-0.954050,-2.750000,1.795950,0.006065
26,mobley_7943327,-2.978364,-2.680000,0.298364,0.000167
26,mobley_5110043,-2.894935,-2.630000,0.264935,0.000132
26,mobley_5616693,-2.362198,-2.530000,0.167802,0.000053
26,mobley_6619554,-2.303465,-2.490000,0.186535,0.000065
26,mobley_6359156,-4.526004,-2.460000,2.066004,0.008026
26,mobley_1781152,-2.018975,-2.400000,0.381025,0.000273
26,mobley_859464,-2.341122,-2.360000,0.018878,0.000001
26,mobley_7150646,-1.549101,-2.300000,0.750899,0.001060
26,mobley_1592519,-2.464475,-2.230000,0.234475,0.000103
26,mobley_5538249,-2.036180,-2.160000,0.123820,0.000029
26,mobley_6911232,-1.457240,-2.100000,0.642760,0.000777
26,mobley_3269565,-1.377742,-2.010000,0.632258,0.000752
26,mobley_2484519,-2.608392,-1.930000,0.678393,0.000865
26,mobley_7690440,-3.369944,-1.830000,1.539944,0.004459
26,mobley_3802803,-1.239739,-1.660000,0.420261,0.000332
26,mobley_1144156,-1.147050,-1.590000,0.442950,0.000369
26,mobley_2481002,-1.408468,-1.450000,0.041532,0.000003
26,mobley_2489709,-1.422280,-1.360000,0.062280,0.000007
26,mobley_5052949,-0.817817,-1.280000,0.462183,0.000402
26,mobley_2492140,-1.527843,-1.230000,0.297843,0.000167
26,mobley_7542832,-1.288328,-1.160000,0.128328,0.000031
26,mobley_7814642,-1.968828,-1.120000,0.848828,0.001355
26,mobley_1563176,-0.556004,-0.990000,0.433996,0.000354
26,mobley_1873346,-0.659386,-0.900000,0.240614,0.000109
26,mobley_3040612,-0.426399,-0.850000,0.423601,0.000337
26,mobley_4483973,-2.485129,-0.800000,1.685129,0.005340
26,mobley_9913368,-1.138255,-0.780000,0.358255,0.000241
26,mobley_1449384,-0.295889,-0.680000,0.384111,0.000277
26,mobley_7708038,-0.310782,-0.560000,0.249218,0.000117
26,mobley_8311321,-0.639180,-0.500000,0.139180,0.000036
26,mobley_766666,-0.353280,-0.440000,0.086720,0.000014
26,mobley_5445548,-0.255807,-0.300000,0.044193,0.000004
26,mobley_9029594,-1.374031,-0.220000,1.154031,0.002504
26,mobley_3370989,-2.498141,-0.110000,2.388141,0.010725
26,mobley_627267,0.149274,-0.030000,0.179274,0.000060
26,mobley_6250025,0.372489,0.080000,0.292489,0.000161
26,mobley_4252724,-0.369951,0.160000,0.529951,0.000528
26,mobley_7157427,0.453549,0.290000,0.163549,0.000050
26,mobley_8885088,-0.542501,0.560000,1.102501,0.002286
26,mobley_8522124,0.999010,0.710000,0.289010,0.000157
26,mobley_4678740,-1.671260,1.070000,2.741260,0.014131
26,mobley_2689721,1.313967,1.230000,0.083967,0.000013
26,mobley_1662128,1.129285,1.380000,0.250715,0.000118
26,mobley_4762983,2.060522,1.660000,0.400522,0.000302
26,mobley_7732703,0.746249,1.790000,1.043751,0.002049
26,mobley_2068538,1.360611,2.000000,0.639389,0.000769
26,mobley_5157661,1.587621,2.300000,0.712379,0.000954
26,mobley_1261349,2.207241,2.510000,0.302759,0.000172
26,mobley_2328633,2.157388,2.550000,0.392612,0.000290
26,mobley_8436428,2.764095,2.830000,0.065905,0.000008
26,mobley_3060426,3.712809,2.930000,0.782809,0.001152
26,mobley_2197088,3.217432,3.160000,0.057432,0.000006
27,mobley_9534740,-23.361025,-25.469999,2.108974,0.008364
27,mobley_6239320,-18.759550,-18.059999,0.699551,0.000920
27,mobley_7794077,-13.055120,-15.460000,2.404880,0.010875
27,mobley_7415647,-12.138157,-11.950000,0.188157,0.000067
27,mobley_1728386,-9.879950,-11.000000,1.120050,0.002359
27,mobley_2269032,-9.710048,-10.210000,0.499952,0.000470
27,mobley_2913224,-6.823208,-9.940000,3.116791,0.018267
27,mobley_2659552,-9.401937,-9.760000,0.358064,0.000241
27,mobley_7176290,-8.280135,-9.620000,1.339865,0.003376
27,mobley_2295058,-8.885345,-9.510000,0.624655,0.000734
27,mobley_6055410,-11.135421,-9.400000,1.735421,0.005663
27,mobley_4639255,-9.272486,-9.300000,0.027514,0.000001
27,mobley_1417007,-5.171253,-9.010000,3.838747,0.027710
27,mobley_6115639,-9.416421,-8.700000,0.716421,0.000965
27,mobley_6353617,-7.954725,-8.260000,0.305275,0.000175
27,mobley_2725215,-5.680558,-7.980000,2.299442,0.009943
27,mobley_7039935,-6.396544,-7.670000,1.273457,0.003050
27,mobley_4059279,-6.064526,-7.580000,1.515474,0.004319
27,mobley_951560,-9.727599,-7.400000,2.327599,0.010188
27,mobley_1922649,-8.585076,-7.190000,1.395076,0.003660
27,mobley_8798016,-7.017878,-7.000000,0.017878,0.000001
27,mobley_1858644,-6.893482,-6.790000,0.103482,0.000020
27,mobley_9114381,-6.076819,-6.720000,0.643181,0.000778
27,mobley_5311804,-5.501202,-6.620000,1.118798,0.002354
27,mobley_6743808,-6.186752,-6.500000,0.313248,0.000185
27,mobley_8789864,-5.506780,-6.400000,0.893220,0.001500
27,mobley_7009711,-6.100733,-6.270000,0.169267,0.000054
27,mobley_8789465,-4.369817,-6.200000,1.830183,0.006299
27,mobley_2923700,-5.786973,-6.130000,0.343028,0.000221
27,mobley_4780078,-4.936504,-6.010000,1.073496,0.002167
27,mobley_5467162,-4.997374,-5.910000,0.912626,0.001566
27,mobley_6257907,-5.766488,-5.820000,0.053513,0.000005
27,mobley_7913234,-5.852787,-5.730000,0.122787,0.000028
27,mobley_5518547,-5.467516,-5.570000,0.102484,0.000020
27,mobley_4883284,-5.679925,-5.490000,0.189926,0.000068
27,mobley_5220185,-4.913621,-5.450000,0.536379,0.000541
27,mobley_3359593,-5.239458,-5.260000,0.020543,0.000001
27,mobley_4683624,-5.658671,-5.210000,0.448671,0.000379
27,mobley_1636752,-3.342702,-5.100000,1.757298,0.005807
27,mobley_2310185,-4.788792,-5.000000,0.211208,0.000084
27,mobley_3682850,-3.985265,-4.910000,0.924735,0.001608
27,mobley_1363784,-4.780776,-4.840000,0.059224,0.000007
27,mobley_2837389,-3.708033,-4.780000,1.071967,0.002161
27,mobley_9507933,-4.747943,-4.720000,0.027944,0.000001
27,mobley_296847,-4.805603,-4.690000,0.115603,0.000025
27,mobley_8208692,-2.749177,-4.610000,1.860824,0.006511
27,mobley_4884177,-4.136427,-4.590000,0.453573,0.000387
27,mobley_6714389,-4.027247,-4.550000,0.522753,0.000514
27,mobley_2245668,-4.115119,-4.500000,0.384881,0.000279
27,mobley_5973402,-4.398089,-4.420000,0.021911,0.000001
27,mobley_3546460,-4.277999,-4.400000,0.122001,0.000028
27,mobley_8311303,-3.854970,-4.380000,0.525030,0.000518
27,mobley_9741965,-4.947595,-4.290000,0.657595,0.000813
27,mobley_4603202,-2.820015,-4.230000,1.409985,0.003738
27,mobley_628086,-4.174970,-4.160000,0.014970,0.000000
27,mobley_4620651,-3.850300,-4.100000,0.249700,0.000117
27,mobley_7977115,-4.191231,-4.060000,0.131231,0.000032
27,mobley_2789243,-3.176957,-4.010000,0.833043,0.001305
27,mobley_3968739,-3.903350,-3.920000,0.016650,0.000001
27,mobley_63712,-3.039993,-3.880000,0.840007,0.001327
27,mobley_1046331,-3.571820,-3.820000,0.248180,0.000116
27,mobley_1160109,-3.303830,-3.750000,0.446170,0.000374
27,mobley_4149784,-2.731224,-3.670000,0.938776,0.001657
27,mobley_397645,-3.823894,-3.640000,0.183894,0.000064
27,mobley_4690963,-4.707431,-3.540000,1.167431,0.002563
27,mobley_1967551,-3.041761,-3.500000,0.458239,0.000395
27,mobley_6733657,-4.265523,-3.440000,0.825523,0.001282
27,mobley_9565165,-3.295417,-3.350000,0.054583,0.000006
27,mobley_2487143,-3.072998,-3.280000,0.207002,0.000081
27,mobley_8449031,-2.148990,-3.220000,1.071010,0.002157
27,mobley_172879,-3.027829,-3.150000,0.122171,0.000028
27,mobley_5346580,-2.236090,-3.110000,0.873910,0.001436
27,mobley_3573480,-3.082613,-3.040000,0.042613,0.000003
27,mobley_1075836,-3.103559,-2.930000,0.173558,0.000057
27,mobley_6102880,-4.299104,-2.870000,1.429104,0.003841
27,mobley_1827204,-2.322116,-2.810000,0.487884,0.000448
27,mobley_2146331,-1.053632,-2.750000,1.696368,0.005411
27,mobley_7943327,-2.807944,-2.680000,0.127944,0.000031
27,mobley_5110043,-2.517780,-2.630000,0.112220,0.000024
27,mobley_5616693,-2.363179,-2.530000,0.166821,0.000052
27,mobley_6619554,-2.117058,-2.490000,0.372942,0.000262
27,mobley_6359156,-3.380163,-2.460000,0.920163,0.001592
27,mobley_1781152,-2.094615,-2.400000,0.305385,0.000175
27,mobley_859464,-2.432567,-2.360000,0.072567,0.000010
27,mobley_7150646,-1.511009,-2.300000,0.788991,0.001171
27,mobley_1592519,-2.351010,-2.230000,0.121010,0.000028
27,mobley_5538249,-1.876636,-2.160000,0.283364,0.000151
27,mobley_6911232,-1.621912,-2.100000,0.478088,0.000430
27,mobley_3269565,-1.596062,-2.010000,0.413938,0.000322
27,mobley_2484519,-2.194617,-1.930000,0.264617,0.000132
27,mobley_7690440,-4.178486,-1.830000,2.348486,0.010371
27,mobley_3802803,-0.675900,-1.660000,0.984100,0.001821
27,mobley_1144156,-1.282402,-1.590000,0.307598,0.000178
27,mobley_2481002,-1.814581,-1.450000,0.364581,0.000250
27,mobley_2489709,-1.237797,-1.360000,0.122203,0.000028
27,mobley_5052949,-0.822961,-1.280000,0.457039,0.000393
27,mobley_2492140,-1.500763,-1.230000,0.270763,0.000138
27,mobley_7542832,-1.196771,-1.160000,0.036771,0.000003
27,mobley_7814642,-1.792865,-1.120000,0.672865,0.000851
27,mobley_1563176,-0.585080,-0.990000,0.404920,0.000308
27,mobley_1873346,-0.585566,-0.900000,0.314434,0.000186
27,mobley_3040612,-0.362944,-0.850000,0.487056,0.000446
27,mobley_4483973,-2.252675,-0.800000,1.452675,0.003968
27,mobley_9913368,-1.121442,-0.780000,0.341442,0.000219
27,mobley_1449384,-0.114006,-0.680000,0.565994,0.000602
27,mobley_7708038,-0.342755,-0.560000,0.217245,0.000089
27,mobley_8311321,-0.759256,-0.500000,0.259256,0.000126
27,mobley_766666,-0.476736,-0.440000,0.036736,0.000003
27,mobley_5445548,-0.143104,-0.300000,0.156896,0.000046
27,mobley_9029594,-1.436041,-0.220000,1.216041,0.002781
27,mobley_3370989,-2.549812,-0.110000,2.439812,0.011194
27,mobley_627267,0.049168,-0.030000,0.079168,0.000012
27,mobley_6250025,0.167708,0.080000,0.087708,0.000014
27,mobley_4252724,-0.175762,0.160000,0.335762,0.000212
27,mobley_7157427,0.263585,0.290000,0.026415,0.000001
27,mobley_8885088,-0.638952,0.560000,1.198952,0.002703
27,mobley_8522124,0.857314,0.710000,0.147314,0.000041
27,mobley_4678740,-2.046743,1.070000,3.116743,0.018267
27,mobley_2689721,1.444937,1.230000,0.214937,0.000087
27,mobley_1662128,1.215014,1.380000,0.164986,0.000051
27,mobley_4762983,1.988801,1.660000,0.328801,0.000203
27,mobley_7732703,0.546060,1.790000,1.243940,0.002910
27,mobley_2068538,1.408545,2.000000,0.591455,0.000658
27,mobley_5157661,1.631295,2.300000,0.668705,0.000841
27,mobley_1261349,2.230695,2.510000,0.279305,0.000147
27,mobley_2328633,2.188973,2.550000,0.361027,0.000245
27,mobley_8436428,2.818052,2.830000,0.011948,0.000000
27,mobley_3060426,3.750529,2.930000,0.820529,0.001266
27,mobley_2197088,3.209556,3.160000,0.049556,0.000005
28,mobley_9534740,-23.997240,-25.469999,1.472759,0.004079
28,mobley_6239320,-18.461584,-18.059999,0.401585,0.000303
28,mobley_7794077,-12.347713,-15.460000,3.112288,0.018215
28,mobley_7415647,-12.934423,-11.950000,0.984424,0.001822
28,mobley_1728386,-10.231532,-11.000000,0.768468,0.001110
28,mobley_2269032,-9.559081,-10.210000,0.650919,0.000797
28,mobley_2913224,-7.251219,-9.940000,2.688780,0.013595
28,mobley_2659552,-9.787512,-9.760000,0.027512,0.000001
28,mobley_7176290,-8.820558,-9.620000,0.799442,0.001202
28,mobley_2295058,-8.952204,-9.510000,0.557796,0.000585
28,mobley_6055410,-11.765518,-9.400000,2.365519,0.010522
28,mobley_4639255,-9.110654,-9.300000,0.189346,0.000067
28,mobley_1417007,-5.635165,-9.010000,3.374835,0.021417
28,mobley_6115639,-9.863191,-8.700000,1.163191,0.002544
28,mobley_6353617,-7.939645,-8.260000,0.320355,0.000193
28,mobley_2725215,-8.115526,-7.980000,0.135526,0.000035
28,mobley_7039935,-6.630504,-7.670000,1.039496,0.002032
28,mobley_4059279,-5.936813,-7.580000,1.643187,0.005077
28,mobley_951560,-9.798441,-7.400000,2.398441,0.010817
28,mobley_1922649,-9.686007,-7.190000,2.496006,0.011715
28,mobley_8798016,-7.173020,-7.000000,0.173020,0.000056
28,mobley_1858644,-7.027483,-6.790000,0.237484,0.000106
28,mobley_9114381,-6.199526,-6.720000,0.520473,0.000509
28,mobley_5311804,-5.603693,-6.620000,1.016307,0.001942
28,mobley_6743808,-6.258530,-6.500000,0.241470,0.000110
28,mobley_8789864,-6.408660,-6.400000,0.008660,0.000000
28,mobley_7009711,-6.160058,-6.270000,0.109942,0.000023
28,mobley_8789465,-4.524056,-6.200000,1.675944,0.005282
28,mobley_2923700,-5.878085,-6.130000,0.251915,0.000119
28,mobley_4780078,-5.005036,-6.010000,1.004964,0.001899
28,mobley_5467162,-5.087687,-5.910000,0.822313,0.001272
28,mobley_6257907,-5.974853,-5.820000,0.154852,0.000045
28,mobley_7913234,-5.708290,-5.730000,0.021710,0.000001
28,mobley_5518547,-5.428707,-5.570000,0.141294,0.000038
28,mobley_4883284,-5.708495,-5.490000,0.218495,0.000090
28,mobley_5220185,-5.296633,-5.450000,0.153367,0.000044
28,mobley_3359593,-5.404252,-5.260000,0.144252,0.000039
28,mobley_4683624,-5.806887,-5.210000,0.596887,0.000670
28,mobley_1636752,-3.173183,-5.100000,1.926816,0.006981
28,mobley_2310185,-4.613632,-5.000000,0.386368,0.000281
28,mobley_3682850,-3.837563,-4.910000,1.072437,0.002163
28,mobley_1363784,-4.855328,-4.840000,0.015328,0.000000
28,mobley_2837389,-3.916118,-4.780000,0.863882,0.001403
28,mobley_9507933,-4.720304,-4.720000,0.000305,0.000000
28,mobley_296847,-5.077715,-4.690000,0.387715,0.000283
28,mobley_8208692,-3.168169,-4.610000,1.441832,0.003909
28,mobley_4884177,-4.347494,-4.590000,0.242507,0.000111
28,mobley_6714389,-3.882299,-4.550000,0.667701,0.000838
28,mobley_2245668,-4.046107,-4.500000,0.453893,0.000387
28,mobley_5973402,-4.321980,-4.420000,0.098021,0.000018
28,mobley_3546460,-4.087461,-4.400000,0.312539,0.000184
28,mobley_8311303,-4.623708,-4.380000,0.243708,0.000112
28,mobley_9741965,-6.559647,-4.290000,2.269647,0.009687
28,mobley_4603202,-2.892691,-4.230000,1.337309,0.003363
28,mobley_628086,-4.214974,-4.160000,0.054975,0.000006
28,mobley_4620651,-3.901795,-4.100000,0.198205,0.000074
28,mobley_7977115,-3.949850,-4.060000,0.110150,0.000023
28,mobley_2789243,-3.496293,-4.010000,0.513708,0.000496
28,mobley_3968739,-4.083226,-3.920000,0.163226,0.000050
28,mobley_63712,-2.939393,-3.880000,0.940607,0.001664
28,mobley_1046331,-3.842168,-3.820000,0.022168,0.000001
28,mobley_1160109,-3.280061,-3.750000,0.469939,0.000415
28,mobley_4149784,-3.884448,-3.670000,0.214448,0.000086
28,mobley_397645,-4.005540,-3.640000,0.365540,0.000251
28,mobley_4690963,-4.322535,-3.540000,0.782535,0.001152
28,mobley_1967551,-2.885715,-3.500000,0.614285,0.000710
28,mobley_6733657,-4.475563,-3.440000,1.035563,0.002017
28,mobley_9565165,-3.629742,-3.350000,0.279742,0.000147
28,mobley_2487143,-2.846152,-3.280000,0.433848,0.000354
28,mobley_8449031,-1.927203,-3.220000,1.292797,0.003143
28,mobley_172879,-3.609016,-3.150000,0.459016,0.000396
28,mobley_5346580,-1.940951,-3.110000,1.169049,0.002570
28,mobley_3573480,-2.775294,-3.040000,0.264706,0.000132
28,mobley_1075836,-3.048653,-2.930000,0.118653,0.000026
28,mobley_6102880,-4.601817,-2.870000,1.731817,0.005640
28,mobley_1827204,-2.212737,-2.810000,0.597263,0.000671
28,mobley_2146331,-1.050393,-2.750000,1.699607,0.005432
28,mobley_7943327,-2.695992,-2.680000,0.015992,0.000000
28,mobley_5110043,-2.655881,-2.630000,0.025881,0.000001
28,mobley_5616693,-2.351884,-2.530000,0.178116,0.000060
28,mobley_6619554,-2.082861,-2.490000,0.407139,0.000312
28,mobley_6359156,-4.571560,-2.460000,2.111560,0.008384
28,mobley_1781152,-2.099194,-2.400000,0.300806,0.000170
28,mobley_859464,-2.497298,-2.360000,0.137298,0.000035
28,mobley_7150646,-1.504949,-2.300000,0.795051,0.001189
28,mobley_1592519,-2.453322,-2.230000,0.223322,0.000094
28,mobley_5538249,-2.463641,-2.160000,0.303641,0.000173
28,mobley_6911232,-1.360509,-2.100000,0.739491,0.001028
28,mobley_3269565,-1.285388,-2.010000,0.724612,0.000987
28,mobley_2484519,-2.942917,-1.930000,1.012917,0.001929
28,mobley_7690440,-4.023469,-1.830000,2.193469,0.009047
28,mobley_3802803,-1.960034,-1.660000,0.300034,0.000169
28,mobley_1144156,-0.960061,-1.590000,0.629939,0.000746
28,mobley_2481002,-1.360904,-1.450000,0.089096,0.000015
28,mobley_2489709,-1.565779,-1.360000,0.205779,0.000080
28,mobley_5052949,-0.867157,-1.280000,0.412843,0.000321
28,mobley_2492140,-1.470410,-1.230000,0.240410,0.000109
28,mobley_7542832,-1.084913,-1.160000,0.075087,0.000011
28,mobley_7814642,-1.909181,-1.120000,0.789181,0.001171
28,mobley_1563176,-0.625645,-0.990000,0.364356,0.000250
28,mobley_1873346,-0.717128,-0.900000,0.182872,0.000063
28,mobley_3040612,-0.571505,-0.850000,0.278495,0.000146
28,mobley_4483973,-2.442700,-0.800000,1.642700,0.005074
28,mobley_9913368,-1.052609,-0.780000,0.272609,0.000140
28,mobley_1449384,-0.233246,-0.680000,0.446754,0.000375
28,mobley_7708038,-0.321678,-0.560000,0.238322,0.000107
28,mobley_8311321,-0.995586,-0.500000,0.495586,0.000462
28,mobley_766666,-0.205157,-0.440000,0.234843,0.000104
28,mobley_5445548,-0.339844,-0.300000,0.039844,0.000003
28,mobley_9029594,-1.299559,-0.220000,1.079559,0.002192
28,mobley_3370989,-2.637160,-0.110000,2.527160,0.012010
28,mobley_627267,0.153976,-0.030000,0.183976,0.000064
28,mobley_6250025,0.308186,0.080000,0.228186,0.000098
28,mobley_4252724,-0.421462,0.160000,0.581462,0.000636
28,mobley_7157427,0.318659,0.290000,0.028659,0.000002
28,mobley_8885088,-0.580534,0.560000,1.140534,0.002446
28,mobley_8522124,0.890792,0.710000,0.180793,0.000061
28,mobley_4678740,-0.643134,1.070000,1.713134,0.005519
28,mobley_2689721,1.046406,1.230000,0.183594,0.000063
28,mobley_1662128,1.115761,1.380000,0.264239,0.000131
28,mobley_4762983,2.027392,1.660000,0.367392,0.000254
28,mobley_7732703,0.611292,1.790000,1.178708,0.002613
28,mobley_2068538,1.359550,2.000000,0.640450,0.000771
28,mobley_5157661,1.577431,2.300000,0.722569,0.000982
28,mobley_1261349,2.282915,2.510000,0.227085,0.000097
28,mobley_2328633,1.993475,2.550000,0.556525,0.000582
28,mobley_8436428,2.711216,2.830000,0.118784,0.000027
28,mobley_3060426,3.699567,2.930000,0.769567,0.001114
28,mobley_2197088,3.086467,3.160000,0.073533,0.000010
29,mobley_9534740,-24.041233,-25.469999,1.428766,0.003839
29,mobley_6239320,-19.597589,-18.059999,1.537590,0.004446
29,mobley_7794077,-13.181267,-15.460000,2.278733,0.009764
29,mobley_7415647,-12.747268,-11.950000,0.797268,0.001195
29,mobley_1728386,-10.641223,-11.000000,0.358777,0.000242
29,mobley_2269032,-10.341552,-10.210000,0.131552,0.000033
29,mobley_2913224,-7.711527,-9.940000,2.228473,0.009339
29,mobley_2659552,-9.610867,-9.760000,0.149134,0.000042
29,mobley_7176290,-8.580279,-9.620000,1.039721,0.002033
29,mobley_2295058,-9.243547,-9.510000,0.266453,0.000134
29,mobley_6055410,-12.047344,-9.400000,2.647345,0.013179
29,mobley_4639255,-9.407388,-9.300000,0.107388,0.000022
29,mobley_1417007,-5.502507,-9.010000,3.507493,0.023134
29,mobley_6115639,-10.646690,-8.700000,1.946691,0.007126
29,mobley_6353617,-8.507099,-8.260000,0.247099,0.000115
29,mobley_2725215,-5.950913,-7.980000,2.029087,0.007742
29,mobley_7039935,-6.858078,-7.670000,0.811923,0.001240
29,mobley_4059279,-6.037675,-7.580000,1.542325,0.004473
29,mobley_951560,-10.048793,-7.400000,2.648793,0.013193
29,mobley_1922649,-8.666983,-7.190000,1.476983,0.004102
29,mobley_8798016,-7.619176,-7.000000,0.619176,0.000721
29,mobley_1858644,-7.220376,-6.790000,0.430377,0.000348
29,mobley_9114381,-6.324816,-6.720000,0.395184,0.000294
29,mobley_5311804,-5.708415,-6.620000,0.911585,0.001563
29,mobley_6743808,-6.415684,-6.500000,0.084316,0.000013
29,mobley_8789864,-6.081937,-6.400000,0.318063,0.000190
29,mobley_7009711,-6.421836,-6.270000,0.151836,0.000043
29,mobley_8789465,-4.559280,-6.200000,1.640720,0.005062
29,mobley_2923700,-6.121784,-6.130000,0.008216,0.000000
29,mobley_4780078,-5.373584,-6.010000,0.636416,0.000762
29,mobley_5467162,-5.375096,-5.910000,0.534904,0.000538
29,mobley_6257907,-6.122060,-5.820000,0.302060,0.000172
29,mobley_7913234,-5.926720,-5.730000,0.196720,0.000073
29,mobley_5518547,-5.818689,-5.570000,0.248689,0.000116
29,mobley_4883284,-5.941841,-5.490000,0.451841,0.000384
29,mobley_5220185,-5.441829,-5.450000,0.008171,0.000000
29,mobley_3359593,-5.674555,-5.260000,0.414555,0.000323
29,mobley_4683624,-6.014857,-5.210000,0.804857,0.001218
29,mobley_1636752,-3.417121,-5.100000,1.682879,0.005326
29,mobley_2310185,-4.856331,-5.000000,0.143669,0.000039
29,mobley_3682850,-4.235606,-4.910000,0.674394,0.000855
29,mobley_1363784,-5.189925,-4.840000,0.349925,0.000230
29,mobley_2837389,-4.031398,-4.780000,0.748602,0.001054
29,mobley_9507933,-5.054385,-4.720000,0.334385,0.000210
29,mobley_296847,-5.275016,-4.690000,0.585016,0.000644
29,mobley_8208692,-3.097301,-4.610000,1.512699,0.004303
29,mobley_4884177,-4.543273,-4.590000,0.046727,0.000004
29,mobley_6714389,-4.172840,-4.550000,0.377160,0.000267
29,mobley_2245668,-4.245508,-4.500000,0.254492,0.000122
29,mobley_5973402,-4.548710,-4.420000,0.128710,0.000031
29,mobley_3546460,-4.265656,-4.400000,0.134344,0.000034
29,mobley_8311303,-4.483117,-4.380000,0.103117,0.000020
29,mobley_9741965,-5.233537,-4.290000,0.943537,0.001674
29,mobley_4603202,-2.875823,-4.230000,1.354177,0.003448
29,mobley_628086,-3.774920,-4.160000,0.385079,0.000279
29,mobley_4620651,-3.976919,-4.100000,0.123081,0.000028
29,mobley_7977115,-4.206132,-4.060000,0.146132,0.000040
29,mobley_2789243,-3.507166,-4.010000,0.502835,0.000475
29,mobley_3968739,-4.056564,-3.920000,0.136564,0.000035
29,mobley_63712,-3.245628,-3.880000,0.634372,0.000757
29,mobley_1046331,-3.713815,-3.820000,0.106185,0.000021
29,mobley_1160109,-3.648929,-3.750000,0.101071,0.000019
29,mobley_4149784,-3.623812,-3.670000,0.046188,0.000004
29,mobley_397645,-3.933519,-3.640000,0.293519,0.000162
29,mobley_4690963,-4.572394,-3.540000,1.032394,0.002004
29,mobley_1967551,-3.030316,-3.500000,0.469684,0.000415
29,mobley_6733657,-4.186287,-3.440000,0.746287,0.001047
29,mobley_9565165,-3.646354,-3.350000,0.296354,0.000165
29,mobley_2487143,-3.083613,-3.280000,0.196387,0.000073
29,mobley_8449031,-2.117188,-3.220000,1.102812,0.002287
29,mobley_172879,-3.506859,-3.150000,0.356859,0.000239
29,mobley_5346580,-2.517418,-3.110000,0.592582,0.000660
29,mobley_3573480,-3.015027,-3.040000,0.024973,0.000001
29,mobley_1075836,-3.097883,-2.930000,0.167882,0.000053
29,mobley_6102880,-4.480705,-2.870000,1.610705,0.004879
29,mobley_1827204,-2.363790,-2.810000,0.446210,0.000374
29,mobley_2146331,-1.058557,-2.750000,1.691443,0.005380
29,mobley_7943327,-2.898213,-2.680000,0.218213,0.000090
29,mobley_5110043,-2.880842,-2.630000,0.250842,0.000118
29,mobley_5616693,-2.776480,-2.530000,0.246480,0.000114
29,mobley_6619554,-2.270753,-2.490000,0.219247,0.000090
29,mobley_6359156,-4.500012,-2.460000,2.040012,0.007826
29,mobley_1781152,-2.480545,-2.400000,0.080545,0.000012
29,mobley_859464,-2.545313,-2.360000,0.185313,0.000065
29,mobley_7150646,-1.340416,-2.300000,0.959584,0.001732
29,mobley_1592519,-2.266183,-2.230000,0.036183,0.000002
29,mobley_5538249,-1.693747,-2.160000,0.466253,0.000409
29,mobley_6911232,-1.527009,-2.100000,0.572991,0.000617
29,mobley_3269565,-1.482449,-2.010000,0.527551,0.000523
29,mobley_2484519,-2.846684,-1.930000,0.916684,0.001580
29,mobley_7690440,-4.180734,-1.830000,2.350734,0.010391
29,mobley_3802803,-1.125584,-1.660000,0.534416,0.000537
29,mobley_1144156,-1.138274,-1.590000,0.451726,0.000384
29,mobley_2481002,-1.473690,-1.450000,0.023690,0.000001
29,mobley_2489709,-1.391578,-1.360000,0.031578,0.000002
29,mobley_5052949,-0.789638,-1.280000,0.490362,0.000452
29,mobley_2492140,-2.151112,-1.230000,0.921112,0.001595
29,mobley_7542832,-1.156530,-1.160000,0.003470,0.000000
29,mobley_7814642,-1.932006,-1.120000,0.812006,0.001240
29,mobley_1563176,-0.527532,-0.990000,0.462468,0.000402
29,mobley_1873346,-0.655725,-0.900000,0.244275,0.000112
29,mobley_3040612,-0.492524,-0.850000,0.357476,0.000240
29,mobley_4483973,-2.383352,-0.800000,1.583352,0.004714
29,mobley_9913368,-0.996836,-0.780000,0.216836,0.000088
29,mobley_1449384,-0.253511,-0.680000,0.426489,0.000342
29,mobley_7708038,-0.297985,-0.560000,0.262015,0.000129
29,mobley_8311321,-1.153270,-0.500000,0.653270,0.000803
29,mobley_766666,-0.307239,-0.440000,0.132761,0.000033
29,mobley_5445548,-0.174686,-0.300000,0.125314,0.000030
29,mobley_9029594,-1.437371,-0.220000,1.217371,0.002787
29,mobley_3370989,-2.454755,-0.110000,2.344755,0.010338
29,mobley_627267,0.063473,-0.030000,0.093473,0.000016
29,mobley_6250025,0.388841,0.080000,0.308841,0.000179
29,mobley_4252724,-0.409389,0.160000,0.569389,0.000610
29,mobley_7157427,0.464907,0.290000,0.174907,0.000058
29,mobley_8885088,-0.544380,0.560000,1.104380,0.002294
29,mobley_8522124,1.065850,0.710000,0.355850,0.000238
29,mobley_4678740,-1.305802,1.070000,2.375802,0.010614
29,mobley_2689721,1.446643,1.230000,0.216643,0.000088
29,mobley_1662128,1.315536,1.380000,0.064464,0.000008
29,mobley_4762983,2.165723,1.660000,0.505723,0.000481
29,mobley_7732703,0.758875,1.790000,1.031125,0.001999
29,mobley_2068538,1.476406,2.000000,0.523594,0.000516
29,mobley_5157661,1.643491,2.300000,0.656509,0.000810
29,mobley_1261349,2.272708,2.510000,0.237292,0.000106
29,mobley_2328633,2.318726,2.550000,0.231274,0.000101
29,mobley_8436428,2.811966,2.830000,0.018034,0.000001
29,mobley_3060426,3.649710,2.930000,0.719710,0.000974
29,mobley_2197088,3.548439,3.160000,0.388439,0.000284
30,mobley_9534740,-24.174141,-25.469999,1.295858,0.003158
30,mobley_6239320,-18.815905,-18.059999,0.755905,0.001074
30,mobley_7794077,-12.768612,-15.460000,2.691388,0.013621
30,mobley_7415647,-11.799832,-11.950000,0.150167,0.000042
30,mobley_1728386,-10.282281,-11.000000,0.717719,0.000969
30,mobley_2269032,-10.119432,-10.210000,0.090568,0.000015
30,mobley_2913224,-7.380863,-9.940000,2.559137,0.012315
30,mobley_2659552,-9.095634,-9.760000,0.664367,0.000830
30,mobley_7176290,-8.874216,-9.620000,0.745784,0.001046
30,mobley_2295058,-9.032648,-9.510000,0.477352,0.000428
30,mobley_6055410,-11.889647,-9.400000,2.489648,0.011656
30,mobley_4639255,-9.514935,-9.300000,0.214935,0.000087
30,mobley_1417007,-5.082271,-9.010000,3.927729,0.029010
30,mobley_6115639,-7.522494,-8.700000,1.177505,0.002607
30,mobley_6353617,-8.390850,-8.260000,0.130850,0.000032
30,mobley_2725215,-6.211393,-7.980000,1.768607,0.005882
30,mobley_7039935,-6.670646,-7.670000,0.999354,0.001878
30,mobley_4059279,-6.025899,-7.580000,1.554101,0.004542
30,mobley_951560,-9.970771,-7.400000,2.570771,0.012428
30,mobley_1922649,-7.979887,-7.190000,0.789887,0.001173
30,mobley_8798016,-7.616138,-7.000000,0.616138,0.000714
30,mobley_1858644,-7.150392,-6.790000,0.360392,0.000244
30,mobley_9114381,-6.117010,-6.720000,0.602990,0.000684
30,mobley_5311804,-5.582108,-6.620000,1.037892,0.002026
30,mobley_6743808,-6.509036,-6.500000,0.009036,0.000000
30,mobley_8789864,-5.331705,-6.400000,1.068295,0.002146
30,mobley_7009711,-6.688925,-6.270000,0.418925,0.000330
30,mobley_8789465,-4.576036,-6.200000,1.623963,0.004959
30,mobley_2923700,-6.183083,-6.130000,0.053083,0.000005
30,mobley_4780078,-5.491027,-6.010000,0.518973,0.000506
30,mobley_5467162,-5.436755,-5.910000,0.473245,0.000421
30,mobley_6257907,-5.811564,-5.820000,0.008436,0.000000
30,mobley_7913234,-6.065865,-5.730000,0.335865,0.000212
30,mobley_5518547,-5.895319,-5.570000,0.325318,0.000199
30,mobley_4883284,-5.896248,-5.490000,0.406248,0.000310
30,mobley_5220185,-5.285192,-5.450000,0.164807,0.000051
30,mobley_3359593,-5.720128,-5.260000,0.460127,0.000398
30,mobley_4683624,-6.061537,-5.210000,0.851537,0.001364
30,mobley_1636752,-3.158146,-5.100000,1.941854,0.007091
30,mobley_2310185,-4.865407,-5.000000,0.134593,0.000034
30,mobley_3682850,-4.262228,-4.910000,0.647771,0.000789
30,mobley_1363784,-5.627062,-4.840000,0.787062,0.001165
30,mobley_2837389,-4.204255,-4.780000,0.575746,0.000623
30,mobley_9507933,-5.329783,-4.720000,0.609784,0.000699
30,mobley_296847,-5.461777,-4.690000,0.771777,0.001120
30,mobley_8208692,-2.963922,-4.610000,1.646078,0.005095
30,mobley_4884177,-4.876141,-4.590000,0.286141,0.000154
30,mobley_6714389,-3.863352,-4.550000,0.686649,0.000887
30,mobley_2245668,-4.447553,-4.500000,0.052447,0.000005
30,mobley_5973402,-4.734972,-4.420000,0.314971,0.000187
30,mobley_3546460,-4.445282,-4.400000,0.045282,0.000004
30,mobley_8311303,-4.018601,-4.380000,0.361399,0.000246
30,mobley_9741965,-5.637068,-4.290000,1.347068,0.003412
30,mobley_4603202,-2.865146,-4.230000,1.364854,0.003503
30,mobley_628086,-3.837910,-4.160000,0.322090,0.000195
30,mobley_4620651,-3.879944,-4.100000,0.220056,0.000091
30,mobley_7977115,-4.475958,-4.060000,0.415958,0.000325
30,mobley_2789243,-3.106773,-4.010000,0.903227,0.001534
30,mobley_3968739,-3.856548,-3.920000,0.063452,0.000008
30,mobley_63712,-3.406727,-3.880000,0.473274,0.000421
30,mobley_1046331,-3.645950,-3.820000,0.174050,0.000057
30,mobley_1160109,-3.859625,-3.750000,0.109625,0.000023
30,mobley_4149784,-2.961163,-3.670000,0.708837,0.000945
30,mobley_397645,-3.770481,-3.640000,0.130481,0.000032
30,mobley_4690963,-4.651714,-3.540000,1.111714,0.002324
30,mobley_1967551,-3.140316,-3.500000,0.359684,0.000243
30,mobley_6733657,-4.617302,-3.440000,1.177302,0.002606
30,mobley_9565165,-3.515810,-3.350000,0.165811,0.000052
30,mobley_2487143,-3.285643,-3.280000,0.005643,0.000000
30,mobley_8449031,-2.215436,-3.220000,1.004564,0.001898
30,mobley_172879,-3.321866,-3.150000,0.171865,0.000056
30,mobley_5346580,-2.173448,-3.110000,0.936552,0.001649
30,mobley_3573480,-3.232967,-3.040000,0.192967,0.000070
30,mobley_1075836,-3.055253,-2.930000,0.125253,0.000030
30,mobley_6102880,-4.212518,-2.870000,1.342518,0.003389
30,mobley_1827204,-2.625094,-2.810000,0.184906,0.000064
30,mobley_2146331,-1.109953,-2.750000,1.640047,0.005058
30,mobley_7943327,-2.896889,-2.680000,0.216889,0.000088
30,mobley_5110043,-3.067930,-2.630000,0.437930,0.000361
30,mobley_5616693,-2.903521,-2.530000,0.373521,0.000262
30,mobley_6619554,-2.388086,-2.490000,0.101914,0.000020
30,mobley_6359156,-3.622131,-2.460000,1.162131,0.002540
30,mobley_1781152,-1.851789,-2.400000,0.548211,0.000565
30,mobley_859464,-2.432207,-2.360000,0.072207,0.000010
30,mobley_7150646,-1.588318,-2.300000,0.711682,0.000952
30,mobley_1592519,-2.548996,-2.230000,0.318996,0.000191
30,mobley_5538249,-1.849432,-2.160000,0.310568,0.000181
30,mobley_6911232,-1.561535,-2.100000,0.538464,0.000545
30,mobley_3269565,-1.526497,-2.010000,0.483503,0.000440
30,mobley_2484519,-2.422840,-1.930000,0.492840,0.000457
30,mobley_7690440,-3.552214,-1.830000,1.722214,0.005577
30,mobley_3802803,-1.751162,-1.660000,0.091162,0.000016
30,mobley_1144156,-1.249929,-1.590000,0.340071,0.000217
30,mobley_2481002,-1.105165,-1.450000,0.344835,0.000224
30,mobley_2489709,-1.170098,-1.360000,0.189902,0.000068
30,mobley_5052949,-0.998287,-1.280000,0.281713,0.000149
30,mobley_2492140,-0.903682,-1.230000,0.326318,0.000200
30,mobley_7542832,-1.433327,-1.160000,0.273327,0.000140
30,mobley_7814642,-1.426510,-1.120000,0.306510,0.000177
30,mobley_1563176,-0.802956,-0.990000,0.187044,0.000066
30,mobley_1873346,-0.662783,-0.900000,0.237217,0.000106
30,mobley_3040612,-0.621145,-0.850000,0.228855,0.000098
30,mobley_4483973,-2.352202,-0.800000,1.552202,0.004531
30,mobley_9913368,-1.019278,-0.780000,0.239278,0.000108
30,mobley_1449384,-0.559253,-0.680000,0.120747,0.000027
30,mobley_7708038,-0.536824,-0.560000,0.023176,0.000001
30,mobley_8311321,-0.741189,-0.500000,0.241189,0.000109
30,mobley_766666,-0.196665,-0.440000,0.243335,0.000111
30,mobley_5445548,-0.320924,-0.300000,0.020924,0.000001
30,mobley_9029594,-1.218179,-0.220000,0.998179,0.001874
30,mobley_3370989,-2.438506,-0.110000,2.328506,0.010196
30,mobley_627267,-0.144208,-0.030000,0.114208,0.000025
30,mobley_6250025,0.101264,0.080000,0.021264,0.000001
30,mobley_4252724,-0.507696,0.160000,0.667696,0.000838
30,mobley_7157427,0.381023,0.290000,0.091023,0.000016
30,mobley_8885088,-0.696797,0.560000,1.256797,0.002970
30,mobley_8522124,0.706504,0.710000,0.003496,0.000000
30,mobley_4678740,-0.969762,1.070000,2.039762,0.007824
30,mobley_2689721,1.121833,1.230000,0.108167,0.000022
30,mobley_1662128,0.996994,1.380000,0.383006,0.000276
30,mobley_4762983,1.785293,1.660000,0.125293,0.000030
30,mobley_7732703,0.949477,1.790000,0.840523,0.001329
30,mobley_2068538,1.267341,2.000000,0.732659,0.001009
30,mobley_5157661,1.411217,2.300000,0.888783,0.001485
30,mobley_1261349,2.221040,2.510000,0.288960,0.000157
30,mobley_2328633,1.918521,2.550000,0.631479,0.000750
30,mobley_8436428,2.502204,2.830000,0.327796,0.000202
30,mobley_3060426,3.445483,2.930000,0.515483,0.000500
30,mobley_2197088,3.082176,3.160000,0.077824,0.000011
31,mobley_9534740,-22.997465,-25.469999,2.472534,0.011496
31,mobley_6239320,-19.422832,-18.059999,1.362833,0.003493
31,mobley_7794077,-12.801026,-15.460000,2.658974,0.013295
31,mobley_7415647,-12.038741,-11.950000,0.088741,0.000015
31,mobley_1728386,-9.967183,-11.000000,1.032817,0.002006
31,mobley_2269032,-9.480639,-10.210000,0.729361,0.001000
31,mobley_2913224,-6.804450,-9.940000,3.135550,0.018488
31,mobley_2659552,-9.352975,-9.760000,0.407025,0.000312
31,mobley_7176290,-8.288363,-9.620000,1.331637,0.003335
31,mobley_2295058,-8.789626,-9.510000,0.720374,0.000976
31,mobley_6055410,-10.658927,-9.400000,1.258927,0.002980
31,mobley_4639255,-9.326851,-9.300000,0.026851,0.000001
31,mobley_1417007,-5.355395,-9.010000,3.654605,0.025116
31,mobley_6115639,-9.801118,-8.700000,1.101118,0.002280
31,mobley_6353617,-7.662954,-8.260000,0.597046,0.000670
31,mobley_2725215,-6.949393,-7.980000,1.030607,0.001997
31,mobley_7039935,-6.297730,-7.670000,1.372270,0.003541
31,mobley_4059279,-5.623588,-7.580000,1.956412,0.007198
31,mobley_951560,-9.601686,-7.400000,2.201686,0.009115
31,mobley_1922649,-8.638006,-7.190000,1.448006,0.003943
31,mobley_8798016,-6.975989,-7.000000,0.024011,0.000001
31,mobley_1858644,-6.866172,-6.790000,0.076172,0.000011
31,mobley_9114381,-6.043316,-6.720000,0.676683,0.000861
31,mobley_5311804,-5.369994,-6.620000,1.250006,0.002938
31,mobley_6743808,-6.059280,-6.500000,0.440720,0.000365
31,mobley_8789864,-5.987955,-6.400000,0.412045,0.000319
31,mobley_7009711,-6.148252,-6.270000,0.121748,0.000028
31,mobley_8789465,-4.382720,-6.200000,1.817280,0.006210
31,mobley_2923700,-5.807984,-6.130000,0.322016,0.000195
31,mobley_4780078,-5.053725,-6.010000,0.956275,0.001720
31,mobley_5467162,-5.112205,-5.910000,0.797795,0.001197
31,mobley_6257907,-5.614352,-5.820000,0.205648,0.000080
31,mobley_7913234,-5.805840,-5.730000,0.075840,0.000011
31,mobley_5518547,-5.514629,-5.570000,0.055371,0.000006
31,mobley_4883284,-5.668015,-5.490000,0.178015,0.000060
31,mobley_5220185,-4.751950,-5.450000,0.698050,0.000916
31,mobley_3359593,-5.324728,-5.260000,0.064728,0.000008
31,mobley_4683624,-5.673984,-5.210000,0.463984,0.000405
31,mobley_1636752,-3.285070,-5.100000,1.814930,0.006194
31,mobley_2310185,-4.758929,-5.000000,0.241071,0.000109
31,mobley_3682850,-3.908665,-4.910000,1.001334,0.001885
31,mobley_1363784,-4.986246,-4.840000,0.146245,0.000040
31,mobley_2837389,-3.706898,-4.780000,1.073102,0.002165
31,mobley_9507933,-4.721555,-4.720000,0.001555,0.000000
31,mobley_296847,-4.868119,-4.690000,0.178119,0.000060
31,mobley_8208692,-2.981493,-4.610000,1.628507,0.004987
31,mobley_4884177,-4.223965,-4.590000,0.366035,0.000252
31,mobley_6714389,-3.959385,-4.550000,0.590616,0.000656
31,mobley_2245668,-4.215858,-4.500000,0.284142,0.000152
31,mobley_5973402,-4.419654,-4.420000,0.000346,0.000000
31,mobley_3546460,-4.242094,-4.400000,0.157906,0.000047
31,mobley_8311303,-4.106946,-4.380000,0.273055,0.000140
31,mobley_9741965,-4.890287,-4.290000,0.600287,0.000678
31,mobley_4603202,-3.056297,-4.230000,1.173703,0.002590
31,mobley_628086,-4.225686,-4.160000,0.065686,0.000008
31,mobley_4620651,-3.698850,-4.100000,0.401150,0.000303
31,mobley_7977115,-4.192511,-4.060000,0.132511,0.000033
31,mobley_2789243,-3.150265,-4.010000,0.859735,0.001390
31,mobley_3968739,-3.854985,-3.920000,0.065016,0.000008
31,mobley_63712,-2.906903,-3.880000,0.973098,0.001781
31,mobley_1046331,-3.487167,-3.820000,0.332833,0.000208
31,mobley_1160109,-3.333439,-3.750000,0.416561,0.000326
31,mobley_4149784,-2.497553,-3.670000,1.172447,0.002585
31,mobley_397645,-3.728438,-3.640000,0.088438,0.000015
31,mobley_4690963,-4.432247,-3.540000,0.892247,0.001497
31,mobley_1967551,-2.993350,-3.500000,0.506650,0.000483
31,mobley_6733657,-4.877114,-3.440000,1.437114,0.003884
31,mobley_9565165,-3.135596,-3.350000,0.214404,0.000086
31,mobley_2487143,-3.073583,-3.280000,0.206417,0.000080
31,mobley_8449031,-1.961244,-3.220000,1.258756,0.002980
31,mobley_172879,-2.674354,-3.150000,0.475646,0.000425
31,mobley_5346580,-2.139693,-3.110000,0.970307,0.001770
31,mobley_3573480,-3.029534,-3.040000,0.010466,0.000000
31,mobley_1075836,-2.985177,-2.930000,0.055176,0.000006
31,mobley_6102880,-4.006358,-2.870000,1.136358,0.002428
31,mobley_1827204,-2.356136,-2.810000,0.453864,0.000387
31,mobley_2146331,-1.078496,-2.750000,1.671504,0.005254
31,mobley_7943327,-2.764033,-2.680000,0.084033,0.000013
31,mobley_5110043,-2.488998,-2.630000,0.141002,0.000037
31,mobley_5616693,-2.462282,-2.530000,0.067718,0.000009
31,mobley_6619554,-2.230859,-2.490000,0.259141,0.000126
31,mobley_6359156,-3.681930,-2.460000,1.221930,0.002808
31,mobley_1781152,-1.880862,-2.400000,0.519138,0.000507
31,mobley_859464,-2.344019,-2.360000,0.015981,0.000000
31,mobley_7150646,-1.407419,-2.300000,0.892581,0.001498
31,mobley_1592519,-2.401200,-2.230000,0.171200,0.000055
31,mobley_5538249,-1.874136,-2.160000,0.285864,0.000154
31,mobley_6911232,-1.526865,-2.100000,0.573135,0.000618
31,mobley_3269565,-1.562144,-2.010000,0.447856,0.000377
31,mobley_2484519,-2.378685,-1.930000,0.448686,0.000379
31,mobley_7690440,-4.087106,-1.830000,2.257106,0.009580
31,mobley_3802803,-1.096170,-1.660000,0.563830,0.000598
31,mobley_1144156,-1.123928,-1.590000,0.466072,0.000408
31,mobley_2481002,-1.698307,-1.450000,0.248307,0.000116
31,mobley_2489709,-1.250738,-1.360000,0.109262,0.000022
31,mobley_5052949,-0.915574,-1.280000,0.364426,0.000250
31,mobley_2492140,-1.808931,-1.230000,0.578931,0.000630
31,mobley_7542832,-1.173420,-1.160000,0.013420,0.000000
31,mobley_7814642,-1.682837,-1.120000,0.562837,0.000596
31,mobley_1563176,-0.624431,-0.990000,0.365569,0.000251
31,mobley_1873346,-0.589330,-0.900000,0.310670,0.000181
31,mobley_3040612,-0.434368,-0.850000,0.415632,0.000325
31,mobley_4483973,-2.171722,-0.800000,1.371722,0.003538
31,mobley_9913368,-1.070278,-0.780000,0.290278,0.000158
31,mobley_1449384,-0.267454,-0.680000,0.412546,0.000320
31,mobley_7708038,-0.429445,-0.560000,0.130555,0.000032
31,mobley_8311321,-1.011822,-0.500000,0.511822,0.000493
31,mobley_766666,-0.441573,-0.440000,0.001573,0.000000
31,mobley_5445548,-0.242454,-0.300000,0.057546,0.000006
31,mobley_9029594,-1.395218,-0.220000,1.175218,0.002597
31,mobley_3370989,-2.520376,-0.110000,2.410376,0.010925
31,mobley_627267,-0.002347,-0.030000,0.027653,0.000001
31,mobley_6250025,0.163612,0.080000,0.083612,0.000013
31,mobley_4252724,-0.274108,0.160000,0.434108,0.000354
31,mobley_7157427,0.472213,0.290000,0.182213,0.000062
31,mobley_8885088,-0.495776,0.560000,1.055776,0.002096
31,mobley_8522124,0.758819,0.710000,0.048819,0.000004
31,mobley_4678740,-1.258515,1.070000,2.328515,0.010196
31,mobley_2689721,1.095246,1.230000,0.134754,0.000034
31,mobley_1662128,1.081049,1.380000,0.298951,0.000168
31,mobley_4762983,1.923746,1.660000,0.263746,0.000131
31,mobley_7732703,0.765524,1.790000,1.024476,0.001974
31,mobley_2068538,1.288086,2.000000,0.711914,0.000953
31,mobley_5157661,1.463739,2.300000,0.836261,0.001315
31,mobley_1261349,2.119964,2.510000,0.390036,0.000286
31,mobley_2328633,2.086694,2.550000,0.463306,0.000404
31,mobley_8436428,2.651575,2.830000,0.178425,0.000060
31,mobley_3060426,3.485940,2.930000,0.555940,0.000581
31,mobley_2197088,3.042701,3.160000,0.117299,0.000026
32,mobley_9534740,-22.354240,-25.469999,3.115759,0.018255
32,mobley_6239320,-19.595301,-18.059999,1.535301,0.004433
32,mobley_7794077,-12.533090,-15.460000,2.926910,0.016109
32,mobley_7415647,-12.518193,-11.950000,0.568193,0.000607
32,mobley_1728386,-10.279912,-11.000000,0.720088,0.000975
32,mobley_2269032,-9.968493,-10.210000,0.241507,0.000110
32,mobley_2913224,-7.219307,-9.940000,2.720693,0.013919
32,mobley_2659552,-9.766554,-9.760000,0.006554,0.000000
32,mobley_7176290,-8.476309,-9.620000,1.143691,0.002460
32,mobley_2295058,-9.162963,-9.510000,0.347037,0.000226
32,mobley_6055410,-11.298915,-9.400000,1.898915,0.006781
32,mobley_4639255,-9.078355,-9.300000,0.221645,0.000092
32,mobley_1417007,-4.944565,-9.010000,4.065435,0.031080
32,mobley_6115639,-9.536326,-8.700000,0.836327,0.001315
32,mobley_6353617,-7.746054,-8.260000,0.513947,0.000497
32,mobley_2725215,-6.885359,-7.980000,1.094641,0.002253
32,mobley_7039935,-6.901392,-7.670000,0.768608,0.001111
32,mobley_4059279,-5.873367,-7.580000,1.706633,0.005477
32,mobley_951560,-9.491610,-7.400000,2.091609,0.008227
32,mobley_1922649,-8.527933,-7.190000,1.337933,0.003366
32,mobley_8798016,-7.323496,-7.000000,0.323496,0.000197
32,mobley_1858644,-7.126737,-6.790000,0.336737,0.000213
32,mobley_9114381,-6.048005,-6.720000,0.671995,0.000849
32,mobley_5311804,-5.666608,-6.620000,0.953392,0.001709
32,mobley_6743808,-6.478823,-6.500000,0.021177,0.000001
32,mobley_8789864,-5.730753,-6.400000,0.669247,0.000842
32,mobley_7009711,-6.673678,-6.270000,0.403678,0.000306
32,mobley_8789465,-4.565888,-6.200000,1.634112,0.005021
32,mobley_2923700,-6.178064,-6.130000,0.048064,0.000004
32,mobley_4780078,-5.486372,-6.010000,0.523629,0.000516
32,mobley_5467162,-5.465237,-5.910000,0.444763,0.000372
32,mobley_6257907,-5.801074,-5.820000,0.018926,0.000001
32,mobley_7913234,-5.840827,-5.730000,0.110827,0.000023
32,mobley_5518547,-5.930774,-5.570000,0.360774,0.000245
32,mobley_4883284,-6.013875,-5.490000,0.523875,0.000516
32,mobley_5220185,-4.981925,-5.450000,0.468074,0.000412
32,mobley_3359593,-5.485045,-5.260000,0.225045,0.000095
32,mobley_4683624,-6.047810,-5.210000,0.837810,0.001320
32,mobley_1636752,-3.186942,-5.100000,1.913058,0.006882
32,mobley_2310185,-4.672821,-5.000000,0.327179,0.000201
32,mobley_3682850,-4.082391,-4.910000,0.827609,0.001288
32,mobley_1363784,-5.501311,-4.840000,0.661311,0.000822
32,mobley_2837389,-4.037413,-4.780000,0.742587,0.001037
32,mobley_9507933,-5.279523,-4.720000,0.559523,0.000589
32,mobley_296847,-4.766377,-4.690000,0.076377,0.000011
32,mobley_8208692,-3.467151,-4.610000,1.142849,0.002456
32,mobley_4884177,-4.432037,-4.590000,0.157963,0.000047
32,mobley_6714389,-3.987930,-4.550000,0.562070,0.000594
32,mobley_2245668,-4.279027,-4.500000,0.220973,0.000092
32,mobley_5973402,-4.395883,-4.420000,0.024117,0.000001
32,mobley_3546460,-4.160568,-4.400000,0.239432,0.000108
32,mobley_8311303,-4.607317,-4.380000,0.227317,0.000097
32,mobley_9741965,-5.526043,-4.290000,1.236043,0.002873
32,mobley_4603202,-3.531665,-4.230000,0.698335,0.000917
32,mobley_628086,-4.312115,-4.160000,0.152115,0.000044
32,mobley_4620651,-3.912727,-4.100000,0.187273,0.000066
32,mobley_7977115,-4.177684,-4.060000,0.117684,0.000026
32,mobley_2789243,-3.333432,-4.010000,0.676569,0.000861
32,mobley_3968739,-4.245325,-3.920000,0.325325,0.000199
32,mobley_63712,-3.218237,-3.880000,0.661763,0.000824
32,mobley_1046331,-3.774315,-3.820000,0.045685,0.000004
32,mobley_1160109,-3.677361,-3.750000,0.072639,0.000010
32,mobley_4149784,-2.860152,-3.670000,0.809848,0.001233
32,mobley_397645,-4.125998,-3.640000,0.485998,0.000444
32,mobley_4690963,-4.495816,-3.540000,0.955816,0.001718
32,mobley_1967551,-3.077645,-3.500000,0.422355,0.000335
32,mobley_6733657,-4.657702,-3.440000,1.217702,0.002788
32,mobley_9565165,-3.868070,-3.350000,0.518070,0.000505
32,mobley_2487143,-3.104156,-3.280000,0.175844,0.000058
32,mobley_8449031,-2.141559,-3.220000,1.078441,0.002187
32,mobley_172879,-2.931256,-3.150000,0.218745,0.000090
32,mobley_5346580,-2.256520,-3.110000,0.853480,0.001370
32,mobley_3573480,-3.060013,-3.040000,0.020013,0.000001
32,mobley_1075836,-3.051905,-2.930000,0.121905,0.000028
32,mobley_6102880,-4.266385,-2.870000,1.396385,0.003667
32,mobley_1827204,-2.124723,-2.810000,0.685277,0.000883
32,mobley_2146331,-1.167314,-2.750000,1.582686,0.004710
32,mobley_7943327,-2.802784,-2.680000,0.122784,0.000028
32,mobley_5110043,-3.342499,-2.630000,0.712498,0.000955
32,mobley_5616693,-2.825412,-2.530000,0.295412,0.000164
32,mobley_6619554,-2.230069,-2.490000,0.259931,0.000127
32,mobley_6359156,-3.984485,-2.460000,1.524485,0.004370
32,mobley_1781152,-2.145341,-2.400000,0.254659,0.000122
32,mobley_859464,-2.504913,-2.360000,0.144913,0.000039
32,mobley_7150646,-1.667537,-2.300000,0.632463,0.000752
32,mobley_1592519,-2.407613,-2.230000,0.177613,0.000059
32,mobley_5538249,-2.204925,-2.160000,0.044925,0.000004
32,mobley_6911232,-1.539451,-2.100000,0.560549,0.000591
32,mobley_3269565,-1.618733,-2.010000,0.391267,0.000288
32,mobley_2484519,-2.524817,-1.930000,0.594817,0.000665
32,mobley_7690440,-3.882868,-1.830000,2.052868,0.007925
32,mobley_3802803,-1.401149,-1.660000,0.258851,0.000126
32,mobley_1144156,-1.144354,-1.590000,0.445646,0.000373
32,mobley_2481002,-0.942839,-1.450000,0.507161,0.000484
32,mobley_2489709,-1.493662,-1.360000,0.133662,0.000034
32,mobley_5052949,-1.030244,-1.280000,0.249756,0.000117
32,mobley_2492140,-1.287637,-1.230000,0.057637,0.000006
32,mobley_7542832,-1.282736,-1.160000,0.122736,0.000028
32,mobley_7814642,-1.897641,-1.120000,0.777641,0.001137
32,mobley_1563176,-0.644835,-0.990000,0.345165,0.000224
32,mobley_1873346,-0.983541,-0.900000,0.083541,0.000013
32,mobley_3040612,-0.881385,-0.850000,0.031385,0.000002
32,mobley_4483973,-2.433705,-0.800000,1.633705,0.005019
32,mobley_9913368,-1.128444,-0.780000,0.348444,0.000228
32,mobley_1449384,-0.812545,-0.680000,0.132545,0.000033
32,mobley_7708038,-0.638093,-0.560000,0.078093,0.000011
32,mobley_8311321,-1.077040,-0.500000,0.577040,0.000626
32,mobley_766666,-0.240605,-0.440000,0.199395,0.000075
32,mobley_5445548,-0.650892,-0.300000,0.350892,0.000232
32,mobley_9029594,-1.301971,-0.220000,1.081971,0.002201
32,mobley_3370989,-2.680311,-0.110000,2.570311,0.012423
32,mobley_627267,-0.245683,-0.030000,0.215683,0.000087
32,mobley_6250025,0.107264,0.080000,0.027264,0.000001
32,mobley_4252724,-0.765975,0.160000,0.925975,0.001612
32,mobley_7157427,0.186443,0.290000,0.103557,0.000020
32,mobley_8885088,-0.728013,0.560000,1.288013,0.003120
32,mobley_8522124,0.655029,0.710000,0.054971,0.000006
32,mobley_4678740,-1.474447,1.070000,2.544447,0.012174
32,mobley_2689721,1.082352,1.230000,0.147648,0.000041
32,mobley_1662128,0.980706,1.380000,0.399294,0.000300
32,mobley_4762983,1.805185,1.660000,0.145185,0.000040
32,mobley_7732703,0.605282,1.790000,1.184718,0.002639
32,mobley_2068538,1.285904,2.000000,0.714096,0.000959
32,mobley_5157661,1.409924,2.300000,0.890076,0.001490
32,mobley_1261349,2.053100,2.510000,0.456900,0.000393
32,mobley_2328633,1.940657,2.550000,0.609343,0.000698
32,mobley_8436428,2.554344,2.830000,0.275656,0.000143
32,mobley_3060426,3.407541,2.930000,0.477541,0.000429
32,mobley_2197088,3.055442,3.160000,0.104558,0.000021
33,mobley_9534740,-23.466055,-25.469999,2.003944,0.007552
33,mobley_6239320,-19.487509,-18.059999,1.427509,0.003832
33,mobley_7794077,-12.747968,-15.460000,2.712032,0.013831
33,mobley_7415647,-12.307386,-11.950000,0.357387,0.000240
33,mobley_1728386,-10.591690,-11.000000,0.408310,0.000314
33,mobley_2269032,-10.110609,-10.210000,0.099391,0.000019
33,mobley_2913224,-7.028149,-9.940000,2.911851,0.015944
33,mobley_2659552,-9.691874,-9.760000,0.068127,0.000009
33,mobley_7176290,-8.569947,-9.620000,1.050053,0.002073
33,mobley_2295058,-9.195764,-9.510000,0.314237,0.000186
33,mobley_6055410,-11.164488,-9.400000,1.764488,0.005855
33,mobley_4639255,-9.390708,-9.300000,0.090708,0.000015
33,mobley_1417007,-5.524379,-9.010000,3.485621,0.022847
33,mobley_6115639,-9.809742,-8.700000,1.109742,0.002316
33,mobley_6353617,-7.614963,-8.260000,0.645038,0.000782
33,mobley_2725215,-6.422178,-7.980000,1.557822,0.004564
33,mobley_7039935,-6.907752,-7.670000,0.762248,0.001093
33,mobley_4059279,-5.698518,-7.580000,1.881482,0.006657
33,mobley_951560,-9.496551,-7.400000,2.096550,0.008266
33,mobley_1922649,-8.997734,-7.190000,1.807734,0.006145
33,mobley_8798016,-7.060575,-7.000000,0.060575,0.000007
33,mobley_1858644,-7.322692,-6.790000,0.532692,0.000534
33,mobley_9114381,-6.070776,-6.720000,0.649224,0.000793
33,mobley_5311804,-5.806401,-6.620000,0.813599,0.001245
33,mobley_6743808,-6.492640,-6.500000,0.007360,0.000000
33,mobley_8789864,-5.768960,-6.400000,0.631040,0.000749
33,mobley_7009711,-6.550537,-6.270000,0.280537,0.000148
33,mobley_8789465,-4.594506,-6.200000,1.605494,0.004847
33,mobley_2923700,-6.272395,-6.130000,0.142395,0.000038
33,mobley_4780078,-5.495862,-6.010000,0.514138,0.000497
33,mobley_5467162,-5.553486,-5.910000,0.356514,0.000239
33,mobley_6257907,-5.676668,-5.820000,0.143332,0.000039
33,mobley_7913234,-6.032824,-5.730000,0.302824,0.000172
33,mobley_5518547,-5.780683,-5.570000,0.210683,0.000083
33,mobley_4883284,-5.904569,-5.490000,0.414569,0.000323
33,mobley_5220185,-4.936340,-5.450000,0.513659,0.000496
33,mobley_3359593,-5.691385,-5.260000,0.431385,0.000350
33,mobley_4683624,-6.185280,-5.210000,0.975280,0.001789
33,mobley_1636752,-3.355643,-5.100000,1.744357,0.005722
33,mobley_2310185,-4.847783,-5.000000,0.152217,0.000044
33,mobley_3682850,-4.300659,-4.910000,0.609341,0.000698
33,mobley_1363784,-5.251059,-4.840000,0.411058,0.000318
33,mobley_2837389,-3.854379,-4.780000,0.925621,0.001611
33,mobley_9507933,-5.023720,-4.720000,0.303720,0.000173
33,mobley_296847,-4.966004,-4.690000,0.276004,0.000143
33,mobley_8208692,-3.304382,-4.610000,1.305618,0.003205
33,mobley_4884177,-4.506458,-4.590000,0.083542,0.000013
33,mobley_6714389,-4.006507,-4.550000,0.543493,0.000555
33,mobley_2245668,-4.330200,-4.500000,0.169800,0.000054
33,mobley_5973402,-4.593676,-4.420000,0.173676,0.000057
33,mobley_3546460,-4.476581,-4.400000,0.076581,0.000011
33,mobley_8311303,-4.657827,-4.380000,0.277827,0.000145
33,mobley_9741965,-4.640657,-4.290000,0.350657,0.000231
33,mobley_4603202,-3.148543,-4.230000,1.081457,0.002199
33,mobley_628086,-4.211165,-4.160000,0.051165,0.000005
33,mobley_4620651,-3.958033,-4.100000,0.141967,0.000038
33,mobley_7977115,-4.474745,-4.060000,0.414745,0.000323
33,mobley_2789243,-3.173326,-4.010000,0.836675,0.001316
33,mobley_3968739,-4.118358,-3.920000,0.198358,0.000074
33,mobley_63712,-3.294063,-3.880000,0.585937,0.000646
33,mobley_1046331,-3.651738,-3.820000,0.168262,0.000053
33,mobley_1160109,-3.947047,-3.750000,0.197047,0.000073
33,mobley_4149784,-2.358308,-3.670000,1.311692,0.003235
33,mobley_397645,-4.019158,-3.640000,0.379158,0.000270
33,mobley_4690963,-4.487912,-3.540000,0.947912,0.001690
33,mobley_1967551,-3.029047,-3.500000,0.470953,0.000417
33,mobley_6733657,-4.975781,-3.440000,1.535781,0.004435
33,mobley_9565165,-3.727597,-3.350000,0.377597,0.000268
33,mobley_2487143,-3.136615,-3.280000,0.143385,0.000039
33,mobley_8449031,-2.035104,-3.220000,1.184896,0.002640
33,mobley_172879,-2.875245,-3.150000,0.274755,0.000142
33,mobley_5346580,-2.285247,-3.110000,0.824753,0.001279
33,mobley_3573480,-3.119782,-3.040000,0.079782,0.000012
33,mobley_1075836,-3.002641,-2.930000,0.072641,0.000010
33,mobley_6102880,-4.311256,-2.870000,1.441257,0.003906
33,mobley_1827204,-2.465618,-2.810000,0.344382,0.000223
33,mobley_2146331,-1.143974,-2.750000,1.606026,0.004850
33,mobley_7943327,-2.763473,-2.680000,0.083472,0.000013
33,mobley_5110043,-3.063055,-2.630000,0.433055,0.000353
33,mobley_5616693,-3.046980,-2.530000,0.516980,0.000503
33,mobley_6619554,-2.269788,-2.490000,0.220212,0.000091
33,mobley_6359156,-3.855652,-2.460000,1.395652,0.003663
33,mobley_1781152,-1.846035,-2.400000,0.553965,0.000577
33,mobley_859464,-2.375834,-2.360000,0.015834,0.000000
33,mobley_7150646,-1.508432,-2.300000,0.791568,0.001178
33,mobley_1592519,-2.526469,-2.230000,0.296469,0.000165
33,mobley_5538249,-2.100976,-2.160000,0.059024,0.000007
33,mobley_6911232,-1.522784,-2.100000,0.577215,0.000627
33,mobley_3269565,-1.511381,-2.010000,0.498619,0.000468
33,mobley_2484519,-2.310993,-1.930000,0.380993,0.000273
33,mobley_7690440,-3.780765,-1.830000,1.950765,0.007156
33,mobley_3802803,-0.713947,-1.660000,0.946053,0.001683
33,mobley_1144156,-1.125026,-1.590000,0.464974,0.000407
33,mobley_2481002,-1.715320,-1.450000,0.265320,0.000132
33,mobley_2489709,-1.395873,-1.360000,0.035873,0.000002
33,mobley_5052949,-0.983659,-1.280000,0.296341,0.000165
33,mobley_2492140,-1.660299,-1.230000,0.430299,0.000348
33,mobley_7542832,-1.326101,-1.160000,0.166101,0.000052
33,mobley_7814642,-1.855286,-1.120000,0.735286,0.001017
33,mobley_1563176,-0.664521,-0.990000,0.325479,0.000199
33,mobley_1873346,-0.848276,-0.900000,0.051723,0.000005
33,mobley_3040612,-0.880735,-0.850000,0.030735,0.000002
33,mobley_4483973,-2.336715,-0.800000,1.536715,0.004441
33,mobley_9913368,-1.139371,-0.780000,0.359371,0.000243
33,mobley_1449384,-0.705731,-0.680000,0.025731,0.000001
33,mobley_7708038,-0.514522,-0.560000,0.045478,0.000004
33,mobley_8311321,-0.973276,-0.500000,0.473276,0.000421
33,mobley_766666,-0.546514,-0.440000,0.106514,0.000021
33,mobley_5445548,-0.591817,-0.300000,0.291817,0.000160
33,mobley_9029594,-1.151633,-0.220000,0.931633,0.001632
33,mobley_3370989,-2.577232,-0.110000,2.467232,0.011447
33,mobley_627267,-0.150768,-0.030000,0.120768,0.000027
33,mobley_6250025,0.030959,0.080000,0.049041,0.000005
33,mobley_4252724,-0.777823,0.160000,0.937823,0.001654
33,mobley_7157427,0.166060,0.290000,0.123940,0.000029
33,mobley_8885088,-0.755043,0.560000,1.315043,0.003252
33,mobley_8522124,0.634081,0.710000,0.075919,0.000011
33,mobley_4678740,-1.462889,1.070000,2.532889,0.012064
33,mobley_2689721,0.950068,1.230000,0.279932,0.000147
33,mobley_1662128,1.057927,1.380000,0.322073,0.000195
33,mobley_4762983,1.717594,1.660000,0.057594,0.000006
33,mobley_7732703,0.630890,1.790000,1.159110,0.002526
33,mobley_2068538,1.365055,2.000000,0.634945,0.000758
33,mobley_5157661,1.522322,2.300000,0.777678,0.001137
33,mobley_1261349,2.197418,2.510000,0.312582,0.000184
33,mobley_2328633,1.659892,2.550000,0.890108,0.001490
33,mobley_8436428,2.564593,2.830000,0.265407,0.000132
33,mobley_3060426,3.438356,2.930000,0.508356,0.000486
33,mobley_2197088,2.918992,3.160000,0.241008,0.000109
34,mobley_9534740,-23.164555,-25.469999,2.305445,0.009995
34,mobley_6239320,-19.424620,-18.059999,1.364620,0.003502
34,mobley_7794077,-12.666232,-15.460000,2.793768,0.014677
34,mobley_7415647,-12.733695,-11.950000,0.783695,0.001155
34,mobley_1728386,-10.375780,-11.000000,0.624220,0.000733
34,mobley_2269032,-9.674674,-10.210000,0.535326,0.000539
34,mobley_2913224,-7.362329,-9.940000,2.577671,0.012494
34,mobley_2659552,-9.494658,-9.760000,0.265343,0.000132
34,mobley_7176290,-8.830798,-9.620000,0.789202,0.001171
34,mobley_2295058,-9.041320,-9.510000,0.468680,0.000413
34,mobley_6055410,-11.449655,-9.400000,2.049655,0.007900
34,mobley_4639255,-9.243248,-9.300000,0.056752,0.000006
34,mobley_1417007,-5.137154,-9.010000,3.872847,0.028205
34,mobley_6115639,-9.226246,-8.700000,0.526246,0.000521
34,mobley_6353617,-7.753494,-8.260000,0.506506,0.000482
34,mobley_2725215,-6.993378,-7.980000,0.986622,0.001830
34,mobley_7039935,-6.727742,-7.670000,0.942258,0.001670
34,mobley_4059279,-5.752405,-7.580000,1.827595,0.006281
34,mobley_951560,-9.427629,-7.400000,2.027628,0.007731
34,mobley_1922649,-8.571704,-7.190000,1.381704,0.003590
34,mobley_8798016,-7.196459,-7.000000,0.196459,0.000073
34,mobley_1858644,-7.064302,-6.790000,0.274302,0.000141
34,mobley_9114381,-6.055088,-6.720000,0.664912,0.000831
34,mobley_5311804,-5.613269,-6.620000,1.006731,0.001906
34,mobley_6743808,-6.187952,-6.500000,0.312048,0.000183
34,mobley_8789864,-5.940195,-6.400000,0.459805,0.000398
34,mobley_7009711,-6.233501,-6.270000,0.036499,0.000003
34,mobley_8789465,-4.504086,-6.200000,1.695914,0.005408
34,mobley_2923700,-6.033049,-6.130000,0.096951,0.000018
34,mobley_4780078,-5.203112,-6.010000,0.806889,0.001224
34,mobley_5467162,-5.398298,-5.910000,0.511702,0.000492
34,mobley_6257907,-5.771480,-5.820000,0.048520,0.000004
34,mobley_7913234,-5.717103,-5.730000,0.012897,0.000000
34,mobley_5518547,-5.662566,-5.570000,0.092566,0.000016
34,mobley_4883284,-5.903618,-5.490000,0.413618,0.000322
34,mobley_5220185,-5.006012,-5.450000,0.443987,0.000371
34,mobley_3359593,-5.457911,-5.260000,0.197911,0.000074
34,mobley_4683624,-5.914155,-5.210000,0.704154,0.000932
34,mobley_1636752,-3.305690,-5.100000,1.794310,0.006054
34,mobley_2310185,-4.742094,-5.000000,0.257906,0.000125
34,mobley_3682850,-4.127857,-4.910000,0.782143,0.001150
34,mobley_1363784,-4.962970,-4.840000,0.122970,0.000028
34,mobley_2837389,-3.719147,-4.780000,1.060853,0.002116
34,mobley_9507933,-4.717959,-4.720000,0.002041,0.000000
34,mobley_296847,-4.968216,-4.690000,0.278216,0.000146
34,mobley_8208692,-3.053178,-4.610000,1.556823,0.004558
34,mobley_4884177,-4.293377,-4.590000,0.296623,0.000165
34,mobley_6714389,-4.013245,-4.550000,0.536755,0.000542
34,mobley_2245668,-4.151845,-4.500000,0.348155,0.000228
34,mobley_5973402,-4.429924,-4.420000,0.009924,0.000000
34,mobley_3546460,-4.227384,-4.400000,0.172616,0.000056
34,mobley_8311303,-4.422706,-4.380000,0.042706,0.000003
34,mobley_9741965,-5.847898,-4.290000,1.557899,0.004564
34,mobley_4603202,-2.994202,-4.230000,1.235798,0.002872
34,mobley_628086,-4.110348,-4.160000,0.049652,0.000005
34,mobley_4620651,-3.769394,-4.100000,0.330606,0.000206
34,mobley_7977115,-4.175811,-4.060000,0.115811,0.000025
34,mobley_2789243,-3.176180,-4.010000,0.833821,0.001307
34,mobley_3968739,-4.011380,-3.920000,0.091380,0.000016
34,mobley_63712,-3.026854,-3.880000,0.853146,0.001369
34,mobley_1046331,-3.609298,-3.820000,0.210702,0.000083
34,mobley_1160109,-3.593049,-3.750000,0.156951,0.000046
34,mobley_4149784,-2.851466,-3.670000,0.818534,0.001260
34,mobley_397645,-3.906463,-3.640000,0.266463,0.000134
34,mobley_4690963,-4.352273,-3.540000,0.812273,0.001241
34,mobley_1967551,-2.936815,-3.500000,0.563185,0.000596
34,mobley_6733657,-4.441798,-3.440000,1.001798,0.001887
34,mobley_9565165,-3.432709,-3.350000,0.082709,0.000013
34,mobley_2487143,-2.911657,-3.280000,0.368343,0.000255
34,mobley_8449031,-1.893599,-3.220000,1.326401,0.003308
34,mobley_172879,-3.133465,-3.150000,0.016535,0.000001
34,mobley_5346580,-2.223228,-3.110000,0.886772,0.001479
34,mobley_3573480,-2.848338,-3.040000,0.191662,0.000069
34,mobley_1075836,-2.910025,-2.930000,0.019975,0.000001
34,mobley_6102880,-4.343290,-2.870000,1.473290,0.004082
34,mobley_1827204,-2.303451,-2.810000,0.506549,0.000483
34,mobley_2146331,-1.114658,-2.750000,1.635342,0.005029
34,mobley_7943327,-2.650773,-2.680000,0.029227,0.000002
34,mobley_5110043,-2.614442,-2.630000,0.015558,0.000000
34,mobley_5616693,-2.676808,-2.530000,0.146808,0.000041
34,mobley_6619554,-2.106576,-2.490000,0.383424,0.000276
34,mobley_6359156,-4.159287,-2.460000,1.699287,0.005430
34,mobley_1781152,-2.085934,-2.400000,0.314066,0.000185
34,mobley_859464,-2.285986,-2.360000,0.074013,0.000010
34,mobley_7150646,-1.369750,-2.300000,0.930250,0.001627
34,mobley_1592519,-2.270042,-2.230000,0.040042,0.000003
34,mobley_5538249,-1.982245,-2.160000,0.177755,0.000059
34,mobley_6911232,-1.402314,-2.100000,0.697686,0.000915
34,mobley_3269565,-1.319864,-2.010000,0.690136,0.000896
34,mobley_2484519,-2.616027,-1.930000,0.686027,0.000885
34,mobley_7690440,-3.925527,-1.830000,2.095527,0.008258
34,mobley_3802803,-1.381508,-1.660000,0.278492,0.000146
34,mobley_1144156,-1.012381,-1.590000,0.577619,0.000627
34,mobley_2481002,-1.500916,-1.450000,0.050916,0.000005
34,mobley_2489709,-1.316595,-1.360000,0.043405,0.000004
34,mobley_5052949,-0.842048,-1.280000,0.437952,0.000361
34,mobley_2492140,-1.562308,-1.230000,0.332308,0.000208
34,mobley_7542832,-1.138976,-1.160000,0.021024,0.000001
34,mobley_7814642,-1.753447,-1.120000,0.633447,0.000755
34,mobley_1563176,-0.515042,-0.990000,0.474958,0.000424
34,mobley_1873346,-0.644910,-0.900000,0.255090,0.000122
34,mobley_3040612,-0.544658,-0.850000,0.305342,0.000175
34,mobley_4483973,-2.302112,-0.800000,1.502112,0.004243
34,mobley_9913368,-1.087105,-0.780000,0.307105,0.000177
34,mobley_1449384,-0.327236,-0.680000,0.352764,0.000234
34,mobley_7708038,-0.377282,-0.560000,0.182718,0.000063
34,mobley_8311321,-0.889493,-0.500000,0.389493,0.000285
34,mobley_766666,-0.428709,-0.440000,0.011291,0.000000
34,mobley_5445548,-0.351258,-0.300000,0.051258,0.000005
34,mobley_9029594,-1.201900,-0.220000,0.981900,0.001813
34,mobley_3370989,-2.534473,-0.110000,2.424473,0.011053
34,mobley_627267,0.049394,-0.030000,0.079394,0.000012
34,mobley_6250025,0.248597,0.080000,0.168597,0.000053
34,mobley_4252724,-0.460666,0.160000,0.620666,0.000724
34,mobley_7157427,0.462167,0.290000,0.172167,0.000056
34,mobley_8885088,-0.559329,0.560000,1.119329,0.002356
34,mobley_8522124,0.810926,0.710000,0.100926,0.000019
34,mobley_4678740,-1.594623,1.070000,2.664623,0.013352
34,mobley_2689721,1.173550,1.230000,0.056450,0.000006
34,mobley_1662128,1.202850,1.380000,0.177150,0.000059
34,mobley_4762983,1.977547,1.660000,0.317547,0.000190
34,mobley_7732703,0.660136,1.790000,1.129864,0.002401
34,mobley_2068538,1.413957,2.000000,0.586043,0.000646
34,mobley_5157661,1.577456,2.300000,0.722544,0.000982
34,mobley_1261349,2.152265,2.510000,0.357735,0.000241
34,mobley_2328633,2.133134,2.550000,0.416866,0.000327
34,mobley_8436428,2.724757,2.830000,0.105243,0.000021
34,mobley_3060426,3.525070,2.930000,0.595070,0.000666
34,mobley_2197088,3.244825,3.160000,0.084825,0.000014
35,mobley_9534740,-23.452513,-25.469999,2.017487,0.007654
35,mobley_6239320,-19.856787,-18.059999,1.796787,0.006071
35,mobley_7794077,-13.042718,-15.460000,2.417282,0.010988
35,mobley_7415647,-12.582739,-11.950000,0.632739,0.000753
35,mobley_1728386,-10.530443,-11.000000,0.469557,0.000415
35,mobley_2269032,-9.941818,-10.210000,0.268182,0.000135
35,mobley_2913224,-7.447915,-9.940000,2.492085,0.011679
35,mobley_2659552,-9.740482,-9.760000,0.019518,0.000001
35,mobley_7176290,-8.670118,-9.620000,0.949882,0.001697
35,mobley_2295058,-9.060848,-9.510000,0.449152,0.000379
35,mobley_6055410,-11.436085,-9.400000,2.036085,0.007796
35,mobley_4639255,-9.267276,-9.300000,0.032724,0.000002
35,mobley_1417007,-5.244094,-9.010000,3.765906,0.026669
35,mobley_6115639,-9.568735,-8.700000,0.868735,0.001419
35,mobley_6353617,-7.970843,-8.260000,0.289157,0.000157
35,mobley_2725215,-5.984032,-7.980000,1.995968,0.007492
35,mobley_7039935,-6.774480,-7.670000,0.895520,0.001508
35,mobley_4059279,-5.972052,-7.580000,1.607948,0.004862
35,mobley_951560,-9.626533,-7.400000,2.226532,0.009322
35,mobley_1922649,-8.747437,-7.190000,1.557437,0.004561
35,mobley_8798016,-7.449842,-7.000000,0.449842,0.000381
35,mobley_1858644,-7.128070,-6.790000,0.338070,0.000215
35,mobley_9114381,-6.179484,-6.720000,0.540516,0.000549
35,mobley_5311804,-5.621500,-6.620000,0.998500,0.001875
35,mobley_6743808,-6.291754,-6.500000,0.208246,0.000082
35,mobley_8789864,-6.038964,-6.400000,0.361036,0.000245
35,mobley_7009711,-6.381829,-6.270000,0.111829,0.000024
35,mobley_8789465,-4.521808,-6.200000,1.678192,0.005296
35,mobley_2923700,-6.059545,-6.130000,0.070456,0.000009
35,mobley_4780078,-5.363537,-6.010000,0.646463,0.000786
35,mobley_5467162,-5.458174,-5.910000,0.451826,0.000384
35,mobley_6257907,-5.750144,-5.820000,0.069856,0.000009
35,mobley_7913234,-6.054992,-5.730000,0.324992,0.000199
35,mobley_5518547,-5.769180,-5.570000,0.199180,0.000075
35,mobley_4883284,-5.942809,-5.490000,0.452809,0.000386
35,mobley_5220185,-5.261989,-5.450000,0.188011,0.000066
35,mobley_3359593,-5.596909,-5.260000,0.336909,0.000213
35,mobley_4683624,-6.005293,-5.210000,0.795293,0.001189
35,mobley_1636752,-3.282213,-5.100000,1.817787,0.006214
35,mobley_2310185,-4.801778,-5.000000,0.198222,0.000074
35,mobley_3682850,-4.278783,-4.910000,0.631217,0.000749
35,mobley_1363784,-5.326486,-4.840000,0.486485,0.000445
35,mobley_2837389,-3.987449,-4.780000,0.792552,0.001181
35,mobley_9507933,-5.082390,-4.720000,0.362391,0.000247
35,mobley_296847,-5.135378,-4.690000,0.445378,0.000373
35,mobley_8208692,-2.927779,-4.610000,1.682221,0.005321
35,mobley_4884177,-4.530450,-4.590000,0.059550,0.000007
35,mobley_6714389,-3.983667,-4.550000,0.566333,0.000603
35,mobley_2245668,-4.350603,-4.500000,0.149397,0.000042
35,mobley_5973402,-4.571053,-4.420000,0.151053,0.000043
35,mobley_3546460,-4.391723,-4.400000,0.008277,0.000000
35,mobley_8311303,-4.371705,-4.380000,0.008295,0.000000
35,mobley_9741965,-5.227367,-4.290000,0.937367,0.001652
35,mobley_4603202,-3.226233,-4.230000,1.003767,0.001895
35,mobley_628086,-4.168605,-4.160000,0.008605,0.000000
35,mobley_4620651,-3.977275,-4.100000,0.122725,0.000028
35,mobley_7977115,-4.429087,-4.060000,0.369087,0.000256
35,mobley_2789243,-3.250658,-4.010000,0.759342,0.001084
35,mobley_3968739,-4.082834,-3.920000,0.162834,0.000050
35,mobley_63712,-3.456409,-3.880000,0.423592,0.000337
35,mobley_1046331,-3.680051,-3.820000,0.139949,0.000037
35,mobley_1160109,-3.932513,-3.750000,0.182513,0.000063
35,mobley_4149784,-2.757706,-3.670000,0.912294,0.001565
35,mobley_397645,-4.027875,-3.640000,0.387875,0.000283
35,mobley_4690963,-4.620756,-3.540000,1.080756,0.002196
35,mobley_1967551,-3.118095,-3.500000,0.381905,0.000274
35,mobley_6733657,-4.417148,-3.440000,0.977148,0.001795
35,mobley_9565165,-3.596227,-3.350000,0.246228,0.000114
35,mobley_2487143,-3.206964,-3.280000,0.073036,0.000010
35,mobley_8449031,-2.221155,-3.220000,0.998845,0.001876
35,mobley_172879,-3.241903,-3.150000,0.091903,0.000016
35,mobley_5346580,-2.502671,-3.110000,0.607329,0.000694
35,mobley_3573480,-3.173626,-3.040000,0.133626,0.000034
35,mobley_1075836,-3.108968,-2.930000,0.178968,0.000060
35,mobley_6102880,-4.396719,-2.870000,1.526720,0.004383
35,mobley_1827204,-2.535390,-2.810000,0.274610,0.000142
35,mobley_2146331,-1.125336,-2.750000,1.624664,0.004964
35,mobley_7943327,-2.892523,-2.680000,0.212523,0.000085
35,mobley_5110043,-2.929968,-2.630000,0.299968,0.000169
35,mobley_5616693,-3.151081,-2.530000,0.621081,0.000725
35,mobley_6619554,-2.383235,-2.490000,0.106765,0.000021
35,mobley_6359156,-4.129584,-2.460000,1.669584,0.005242
35,mobley_1781152,-2.337528,-2.400000,0.062472,0.000007
35,mobley_859464,-2.681162,-2.360000,0.321162,0.000194
35,mobley_7150646,-1.510447,-2.300000,0.789553,0.001172
35,mobley_1592519,-2.609446,-2.230000,0.379446,0.000271
35,mobley_5538249,-1.878406,-2.160000,0.281594,0.000149
35,mobley_6911232,-1.546659,-2.100000,0.553341,0.000576
35,mobley_3269565,-1.615260,-2.010000,0.394740,0.000293
35,mobley_2484519,-2.642374,-1.930000,0.712374,0.000954
35,mobley_7690440,-3.913504,-1.830000,2.083504,0.008163
35,mobley_3802803,-1.098544,-1.660000,0.561456,0.000593
35,mobley_1144156,-1.220296,-1.590000,0.369704,0.000257
35,mobley_2481002,-1.316502,-1.450000,0.133498,0.000034
35,mobley_2489709,-1.320751,-1.360000,0.039249,0.000003
35,mobley_5052949,-1.116813,-1.280000,0.163187,0.000050
35,mobley_2492140,-1.553110,-1.230000,0.323110,0.000196
35,mobley_7542832,-1.409008,-1.160000,0.249008,0.000117
35,mobley_7814642,-1.690220,-1.120000,0.570220,0.000611
35,mobley_1563176,-0.728709,-0.990000,0.261291,0.000128
35,mobley_1873346,-0.767424,-0.900000,0.132576,0.000033
35,mobley_3040612,-0.723671,-0.850000,0.126329,0.000030
35,mobley_4483973,-2.346004,-0.800000,1.546004,0.004495
35,mobley_9913368,-1.109070,-0.780000,0.329070,0.000204
35,mobley_1449384,-0.596561,-0.680000,0.083439,0.000013
35,mobley_7708038,-0.542582,-0.560000,0.017418,0.000001
35,mobley_8311321,-0.806564,-0.500000,0.306564,0.000177
35,mobley_766666,-0.394272,-0.440000,0.045728,0.000004
35,mobley_5445548,-0.519899,-0.300000,0.219899,0.000091
35,mobley_9029594,-1.289112,-0.220000,1.069112,0.002149
35,mobley_3370989,-2.607930,-0.110000,2.497930,0.011733
35,mobley_627267,-0.185841,-0.030000,0.155841,0.000046
35,mobley_6250025,0.047186,0.080000,0.032814,0.000002
35,mobley_4252724,-0.716826,0.160000,0.876826,0.001446
35,mobley_7157427,0.200914,0.290000,0.089086,0.000015
35,mobley_8885088,-0.712157,0.560000,1.272157,0.003043
35,mobley_8522124,0.572730,0.710000,0.137270,0.000035
35,mobley_4678740,-1.047281,1.070000,2.117281,0.008430
35,mobley_2689721,1.026855,1.230000,0.203145,0.000078
35,mobley_1662128,1.075380,1.380000,0.304620,0.000174
35,mobley_4762983,1.774719,1.660000,0.114719,0.000025
35,mobley_7732703,0.853872,1.790000,0.936128,0.001648
35,mobley_2068538,1.389884,2.000000,0.610116,0.000700
35,mobley_5157661,1.501944,2.300000,0.798056,0.001198
35,mobley_1261349,2.019583,2.510000,0.490417,0.000452
35,mobley_2328633,1.745208,2.550000,0.804792,0.001218
35,mobley_8436428,2.506926,2.830000,0.323074,0.000196
35,mobley_3060426,3.317438,2.930000,0.387438,0.000282
35,mobley_2197088,2.932342,3.160000,0.227658,0.000097
36,mobley_9534740,-22.962545,-25.469999,2.507454,0.011823
36,mobley_6239320,-18.527197,-18.059999,0.467197,0.000410
36,mobley_7794077,-11.933284,-15.460000,3.526716,0.023389
36,mobley_7415647,-12.420112,-11.950000,0.470112,0.000416
36,mobley_1728386,-9.965356,-11.000000,1.034644,0.002013
36,mobley_2269032,-9.581506,-10.210000,0.628494,0.000743
36,mobley_2913224,-7.317680,-9.940000,2.622320,0.012931
36,mobley_2659552,-9.366414,-9.760000,0.393586,0.000291
36,mobley_7176290,-8.684884,-9.620000,0.935116,0.001644
36,mobley_2295058,-9.120469,-9.510000,0.389531,0.000285
36,mobley_6055410,-11.425067,-9.400000,2.025067,0.007712
36,mobley_4639255,-9.093974,-9.300000,0.206026,0.000080
36,mobley_1417007,-5.207006,-9.010000,3.802994,0.027197
36,mobley_6115639,-9.224997,-8.700000,0.524997,0.000518
36,mobley_6353617,-7.783242,-8.260000,0.476758,0.000427
36,mobley_2725215,-6.524708,-7.980000,1.455292,0.003983
36,mobley_7039935,-6.876064,-7.670000,0.793936,0.001185
36,mobley_4059279,-5.490329,-7.580000,2.089671,0.008211
36,mobley_951560,-9.368228,-7.400000,1.968228,0.007285
36,mobley_1922649,-8.742961,-7.190000,1.552961,0.004535
36,mobley_8798016,-7.340795,-7.000000,0.340795,0.000218
36,mobley_1858644,-6.902524,-6.790000,0.112525,0.000024
36,mobley_9114381,-6.128469,-6.720000,0.591531,0.000658
36,mobley_5311804,-5.514524,-6.620000,1.105475,0.002298
36,mobley_6743808,-6.098988,-6.500000,0.401012,0.000302
36,mobley_8789864,-5.990061,-6.400000,0.409939,0.000316
36,mobley_7009711,-6.039821,-6.270000,0.230179,0.000100
36,mobley_8789465,-4.536248,-6.200000,1.663752,0.005205
36,mobley_2923700,-6.063498,-6.130000,0.066502,0.000008
36,mobley_4780078,-5.143875,-6.010000,0.866125,0.001411
36,mobley_5467162,-5.197845,-5.910000,0.712154,0.000954
36,mobley_6257907,-5.775785,-5.820000,0.044215,0.000004
36,mobley_7913234,-5.534679,-5.730000,0.195321,0.000072
36,mobley_5518547,-5.649001,-5.570000,0.079001,0.000012
36,mobley_4883284,-5.902008,-5.490000,0.412008,0.000319
36,mobley_5220185,-5.065603,-5.450000,0.384397,0.000278
36,mobley_3359593,-5.421195,-5.260000,0.161194,0.000049
36,mobley_4683624,-5.989039,-5.210000,0.779039,0.001141
36,mobley_1636752,-3.185908,-5.100000,1.914092,0.006890
36,mobley_2310185,-4.610734,-5.000000,0.389266,0.000285
36,mobley_3682850,-4.012629,-4.910000,0.897371,0.001514
36,mobley_1363784,-4.873693,-4.840000,0.033693,0.000002
36,mobley_2837389,-3.816180,-4.780000,0.963820,0.001747
36,mobley_9507933,-4.645715,-4.720000,0.074285,0.000010
36,mobley_296847,-5.064788,-4.690000,0.374788,0.000264
36,mobley_8208692,-3.565180,-4.610000,1.044821,0.002053
36,mobley_4884177,-4.331353,-4.590000,0.258647,0.000126
36,mobley_6714389,-3.821388,-4.550000,0.728612,0.000998
36,mobley_2245668,-4.008209,-4.500000,0.491791,0.000455
36,mobley_5973402,-4.150492,-4.420000,0.269508,0.000137
36,mobley_3546460,-4.111710,-4.400000,0.288291,0.000156
36,mobley_8311303,-4.958745,-4.380000,0.578745,0.000630
36,mobley_9741965,-5.076426,-4.290000,0.786426,0.001163
36,mobley_4603202,-2.959136,-4.230000,1.270864,0.003037
36,mobley_628086,-4.081359,-4.160000,0.078641,0.000012
36,mobley_4620651,-3.652033,-4.100000,0.447967,0.000377
36,mobley_7977115,-4.038432,-4.060000,0.021568,0.000001
36,mobley_2789243,-3.226922,-4.010000,0.783078,0.001153
36,mobley_3968739,-3.974324,-3.920000,0.054324,0.000006
36,mobley_63712,-2.812115,-3.880000,1.067885,0.002144
36,mobley_1046331,-3.636722,-3.820000,0.183278,0.000063
36,mobley_1160109,-3.327243,-3.750000,0.422757,0.000336
36,mobley_4149784,-3.234560,-3.670000,0.435440,0.000357
36,mobley_397645,-3.836633,-3.640000,0.196633,0.000073
36,mobley_4690963,-4.092488,-3.540000,0.552488,0.000574
36,mobley_1967551,-2.911741,-3.500000,0.588259,0.000651
36,mobley_6733657,-4.562553,-3.440000,1.122553,0.002370
36,mobley_9565165,-3.400963,-3.350000,0.050963,0.000005
36,mobley_2487143,-2.817116,-3.280000,0.462884,0.000403
36,mobley_8449031,-1.656519,-3.220000,1.563481,0.004597
36,mobley_172879,-3.493996,-3.150000,0.343996,0.000223
36,mobley_5346580,-1.750612,-3.110000,1.359388,0.003475
36,mobley_3573480,-2.768815,-3.040000,0.271185,0.000138
36,mobley_1075836,-2.933967,-2.930000,0.003967,0.000000
36,mobley_6102880,-4.370130,-2.870000,1.500130,0.004232
36,mobley_1827204,-2.247524,-2.810000,0.562476,0.000595
36,mobley_2146331,-1.040213,-2.750000,1.709787,0.005497
36,mobley_7943327,-2.623873,-2.680000,0.056127,0.000006
36,mobley_5110043,-2.542634,-2.630000,0.087366,0.000014
36,mobley_5616693,-2.452484,-2.530000,0.077516,0.000011
36,mobley_6619554,-2.110280,-2.490000,0.379720,0.000271
36,mobley_6359156,-4.282804,-2.460000,1.822804,0.006248
36,mobley_1781152,-1.723686,-2.400000,0.676315,0.000860
36,mobley_859464,-2.175169,-2.360000,0.184830,0.000064
36,mobley_7150646,-1.461482,-2.300000,0.838518,0.001322
36,mobley_1592519,-2.269128,-2.230000,0.039128,0.000003
36,mobley_5538249,-2.058669,-2.160000,0.101331,0.000019
36,mobley_6911232,-1.280210,-2.100000,0.819790,0.001264
36,mobley_3269565,-1.193248,-2.010000,0.816752,0.001254
36,mobley_2484519,-2.624841,-1.930000,0.694841,0.000908
36,mobley_7690440,-3.915707,-1.830000,2.085707,0.008180
36,mobley_3802803,-0.932320,-1.660000,0.727680,0.000996
36,mobley_1144156,-0.890446,-1.590000,0.699554,0.000920
36,mobley_2481002,-1.380409,-1.450000,0.069591,0.000009
36,mobley_2489709,-1.568651,-1.360000,0.208651,0.000082
36,mobley_5052949,-0.676320,-1.280000,0.603680,0.000685
36,mobley_2492140,-1.642074,-1.230000,0.412074,0.000319
36,mobley_7542832,-0.915985,-1.160000,0.244015,0.000112
36,mobley_7814642,-2.012404,-1.120000,0.892404,0.001498
36,mobley_1563176,-0.449237,-0.990000,0.540763,0.000550
36,mobley_1873346,-0.579220,-0.900000,0.320780,0.000193
36,mobley_3040612,-0.472895,-0.850000,0.377105,0.000267
36,mobley_4483973,-2.324285,-0.800000,1.524285,0.004369
36,mobley_9913368,-1.115155,-0.780000,0.335155,0.000211
36,mobley_1449384,-0.193191,-0.680000,0.486809,0.000446
36,mobley_7708038,-0.367901,-0.560000,0.192099,0.000069
36,mobley_8311321,-0.934184,-0.500000,0.434184,0.000354
36,mobley_766666,-0.438417,-0.440000,0.001583,0.000000
36,mobley_5445548,-0.225390,-0.300000,0.074610,0.000010
36,mobley_9029594,-1.142975,-0.220000,0.922975,0.001602
36,mobley_3370989,-2.518823,-0.110000,2.408823,0.010911
36,mobley_627267,0.128486,-0.030000,0.158486,0.000047
36,mobley_6250025,0.295658,0.080000,0.215658,0.000087
36,mobley_4252724,-0.305936,0.160000,0.465936,0.000408
36,mobley_7157427,0.527829,0.290000,0.237829,0.000106
36,mobley_8885088,-0.477403,0.560000,1.037403,0.002024
36,mobley_8522124,0.882244,0.710000,0.172244,0.000056
36,mobley_4678740,-1.144950,1.070000,2.214950,0.009226
36,mobley_2689721,1.094756,1.230000,0.135244,0.000034
36,mobley_1662128,1.240553,1.380000,0.139447,0.000037
36,mobley_4762983,2.025431,1.660000,0.365431,0.000251
36,mobley_7732703,0.649268,1.790000,1.140732,0.002447
36,mobley_2068538,1.449145,2.000000,0.550855,0.000571
36,mobley_5157661,1.721197,2.300000,0.578803,0.000630
36,mobley_1261349,2.558283,2.510000,0.048283,0.000004
36,mobley_2328633,2.104848,2.550000,0.445152,0.000373
36,mobley_8436428,2.925915,2.830000,0.095916,0.000017
36,mobley_3060426,3.989171,2.930000,1.059171,0.002110
36,mobley_2197088,3.159042,3.160000,0.000958,0.000000
37,mobley_9534740,-23.231367,-25.469999,2.238632,0.009424
37,mobley_6239320,-18.732748,-18.059999,0.672749,0.000851
37,mobley_7794077,-11.917847,-15.460000,3.542153,0.023594
37,mobley_7415647,-12.544608,-11.950000,0.594608,0.000665
37,mobley_1728386,-9.975476,-11.000000,1.024524,0.001974
37,mobley_2269032,-9.824626,-10.210000,0.385374,0.000279
37,mobley_2913224,-7.384669,-9.940000,2.555330,0.012279
37,mobley_2659552,-9.465291,-9.760000,0.294709,0.000163
37,mobley_7176290,-8.668639,-9.620000,0.951361,0.001702
37,mobley_2295058,-9.030591,-9.510000,0.479409,0.000432
37,mobley_6055410,-11.230821,-9.400000,1.830821,0.006303
37,mobley_4639255,-9.196543,-9.300000,0.103457,0.000020
37,mobley_1417007,-5.127355,-9.010000,3.882645,0.028348
37,mobley_6115639,-10.417555,-8.700000,1.717555,0.005547
37,mobley_6353617,-7.824953,-8.260000,0.435048,0.000356
37,mobley_2725215,-6.854363,-7.980000,1.125637,0.002383
37,mobley_7039935,-6.728078,-7.670000,0.941922,0.001668
37,mobley_4059279,-5.867817,-7.580000,1.712183,0.005513
37,mobley_951560,-9.326765,-7.400000,1.926765,0.006981
37,mobley_1922649,-9.241603,-7.190000,2.051603,0.007915
37,mobley_8798016,-7.266021,-7.000000,0.266021,0.000133
37,mobley_1858644,-7.066004,-6.790000,0.276004,0.000143
37,mobley_9114381,-6.136860,-6.720000,0.583139,0.000639
37,mobley_5311804,-5.633783,-6.620000,0.986217,0.001829
37,mobley_6743808,-6.070779,-6.500000,0.429221,0.000346
37,mobley_8789864,-6.256462,-6.400000,0.143538,0.000039
37,mobley_7009711,-6.071511,-6.270000,0.198489,0.000074
37,mobley_8789465,-4.509816,-6.200000,1.690184,0.005372
37,mobley_2923700,-5.929899,-6.130000,0.200101,0.000075
37,mobley_4780078,-5.243311,-6.010000,0.766689,0.001105
37,mobley_5467162,-5.194462,-5.910000,0.715538,0.000963
37,mobley_6257907,-5.613980,-5.820000,0.206020,0.000080
37,mobley_7913234,-5.898159,-5.730000,0.168159,0.000053
37,mobley_5518547,-5.613443,-5.570000,0.043443,0.000004
37,mobley_4883284,-5.834103,-5.490000,0.344103,0.000223
37,mobley_5220185,-5.099272,-5.450000,0.350728,0.000231
37,mobley_3359593,-5.542026,-5.260000,0.282025,0.000150
37,mobley_4683624,-5.841846,-5.210000,0.631846,0.000751
37,mobley_1636752,-3.323119,-5.100000,1.776881,0.005937
37,mobley_2310185,-4.765297,-5.000000,0.234703,0.000104
37,mobley_3682850,-4.078577,-4.910000,0.831423,0.001300
37,mobley_1363784,-4.962285,-4.840000,0.122285,0.000028
37,mobley_2837389,-3.710494,-4.780000,1.069506,0.002151
37,mobley_9507933,-4.725280,-4.720000,0.005280,0.000000
37,mobley_296847,-5.020600,-4.690000,0.330600,0.000206
37,mobley_8208692,-3.115488,-4.610000,1.494512,0.004200
37,mobley_4884177,-4.263780,-4.590000,0.326221,0.000200
37,mobley_6714389,-3.949593,-4.550000,0.600408,0.000678
37,mobley_2245668,-4.136410,-4.500000,0.363590,0.000249
37,mobley_5973402,-4.325056,-4.420000,0.094944,0.000017
37,mobley_3546460,-4.280006,-4.400000,0.119994,0.000027
37,mobley_8311303,-4.391118,-4.380000,0.011118,0.000000
37,mobley_9741965,-5.725867,-4.290000,1.435867,0.003877
37,mobley_4603202,-3.132203,-4.230000,1.097797,0.002266
37,mobley_628086,-4.123743,-4.160000,0.036257,0.000002
37,mobley_4620651,-3.818866,-4.100000,0.281134,0.000149
37,mobley_7977115,-4.247872,-4.060000,0.187872,0.000066
37,mobley_2789243,-3.115909,-4.010000,0.894092,0.001503
37,mobley_3968739,-4.067160,-3.920000,0.147160,0.000041
37,mobley_63712,-3.279304,-3.880000,0.600696,0.000679
37,mobley_1046331,-3.632919,-3.820000,0.187081,0.000066
37,mobley_1160109,-3.591035,-3.750000,0.158965,0.000048
37,mobley_4149784,-2.801320,-3.670000,0.868680,0.001419
37,mobley_397645,-3.982540,-3.640000,0.342540,0.000221
37,mobley_4690963,-4.652428,-3.540000,1.112428,0.002327
37,mobley_1967551,-3.065701,-3.500000,0.434299,0.000355
37,mobley_6733657,-4.091932,-3.440000,0.651932,0.000799
37,mobley_9565165,-3.504683,-3.350000,0.154683,0.000045
37,mobley_2487143,-3.052580,-3.280000,0.227420,0.000097
37,mobley_8449031,-2.020737,-3.220000,1.199263,0.002705
37,mobley_172879,-3.415920,-3.150000,0.265920,0.000133
37,mobley_5346580,-2.054690,-3.110000,1.055310,0.002094
37,mobley_3573480,-2.989048,-3.040000,0.050952,0.000005
37,mobley_1075836,-3.038712,-2.930000,0.108712,0.000022
37,mobley_6102880,-4.451816,-2.870000,1.581816,0.004705
37,mobley_1827204,-2.408257,-2.810000,0.401743,0.000303
37,mobley_2146331,-1.237323,-2.750000,1.512677,0.004303
37,mobley_7943327,-2.773992,-2.680000,0.093992,0.000017
37,mobley_5110043,-2.721497,-2.630000,0.091496,0.000016
37,mobley_5616693,-2.600140,-2.530000,0.070140,0.000009
37,mobley_6619554,-2.280312,-2.490000,0.209688,0.000083
37,mobley_6359156,-4.116789,-2.460000,1.656789,0.005162
37,mobley_1781152,-2.043213,-2.400000,0.356787,0.000239
37,mobley_859464,-2.437984,-2.360000,0.077985,0.000011
37,mobley_7150646,-1.432627,-2.300000,0.867373,0.001415
37,mobley_1592519,-2.455547,-2.230000,0.225547,0.000096
37,mobley_5538249,-2.052771,-2.160000,0.107229,0.000022
37,mobley_6911232,-1.657689,-2.100000,0.442310,0.000368
37,mobley_3269565,-1.621395,-2.010000,0.388605,0.000284
37,mobley_2484519,-2.745355,-1.930000,0.815355,0.001250
37,mobley_7690440,-3.781504,-1.830000,1.951504,0.007161
37,mobley_3802803,-1.544539,-1.660000,0.115461,0.000025
37,mobley_1144156,-1.226991,-1.590000,0.363009,0.000248
37,mobley_2481002,-1.156571,-1.450000,0.293429,0.000162
37,mobley_2489709,-1.348131,-1.360000,0.011869,0.000000
37,mobley_5052949,-0.874318,-1.280000,0.405682,0.000309
37,mobley_2492140,-1.337537,-1.230000,0.107537,0.000022
37,mobley_7542832,-1.274406,-1.160000,0.114406,0.000025
37,mobley_7814642,-1.633804,-1.120000,0.513804,0.000496
37,mobley_1563176,-0.601267,-0.990000,0.388733,0.000284
37,mobley_1873346,-0.683817,-0.900000,0.216183,0.000088
37,mobley_3040612,-0.538981,-0.850000,0.311019,0.000182
37,mobley_4483973,-2.308203,-0.800000,1.508202,0.004277
37,mobley_9913368,-1.102370,-0.780000,0.322370,0.000195
37,mobley_1449384,-0.343611,-0.680000,0.336389,0.000213
37,mobley_7708038,-0.425355,-0.560000,0.134645,0.000034
37,mobley_8311321,-0.814347,-0.500000,0.314347,0.000186
37,mobley_766666,-0.321422,-0.440000,0.118578,0.000026
37,mobley_5445548,-0.311003,-0.300000,0.011003,0.000000
37,mobley_9029594,-1.440495,-0.220000,1.220495,0.002801
37,mobley_3370989,-2.558908,-0.110000,2.448908,0.011277
37,mobley_627267,0.026070,-0.030000,0.056070,0.000006
37,mobley_6250025,0.224790,0.080000,0.144790,0.000039
37,mobley_4252724,-0.436209,0.160000,0.596209,0.000668
37,mobley_7157427,0.357710,0.290000,0.067710,0.000009
37,mobley_8885088,-0.514844,0.560000,1.074844,0.002172
37,mobley_8522124,0.779147,0.710000,0.069147,0.000009
37,mobley_4678740,-1.596065,1.070000,2.666065,0.013366
37,mobley_2689721,1.187759,1.230000,0.042241,0.000003
37,mobley_1662128,1.203024,1.380000,0.176976,0.000059
37,mobley_4762983,1.926551,1.660000,0.266551,0.000134
37,mobley_7732703,0.819963,1.790000,0.970037,0.001769
37,mobley_2068538,1.442747,2.000000,0.557253,0.000584
37,mobley_5157661,1.639245,2.300000,0.660755,0.000821
37,mobley_1261349,2.370371,2.510000,0.139629,0.000037
37,mobley_2328633,2.116813,2.550000,0.433187,0.000353
37,mobley_8436428,2.890723,2.830000,0.060723,0.000007
37,mobley_3060426,3.814574,2.930000,0.884574,0.001471
37,mobley_2197088,3.188103,3.160000,0.028103,0.000001
38,mobley_9534740,-23.969633,-25.469999,1.500366,0.004233
38,mobley_6239320,-18.978029,-18.059999,0.918030,0.001585
38,mobley_7794077,-12.069525,-15.460000,3.390475,0.021616
38,mobley_7415647,-12.860846,-11.950000,0.910846,0.001560
38,mobley_1728386,-9.912624,-11.000000,1.087376,0.002223
38,mobley_2269032,-9.710189,-10.210000,0.499811,0.000470
38,mobley_2913224,-7.393462,-9.940000,2.546537,0.012194
38,mobley_2659552,-9.844618,-9.760000,0.084618,0.000013
38,mobley_7176290,-8.805266,-9.620000,0.814734,0.001248
38,mobley_2295058,-9.202068,-9.510000,0.307932,0.000178
38,mobley_6055410,-11.275331,-9.400000,1.875332,0.006613
38,mobley_4639255,-9.548824,-9.300000,0.248824,0.000116
38,mobley_1417007,-5.773304,-9.010000,3.236696,0.019700
38,mobley_6115639,-9.430016,-8.700000,0.730016,0.001002
38,mobley_6353617,-8.005348,-8.260000,0.254652,0.000122
38,mobley_2725215,-7.116855,-7.980000,0.863145,0.001401
38,mobley_7039935,-6.831007,-7.670000,0.838994,0.001324
38,mobley_4059279,-5.662063,-7.580000,1.917937,0.006917
38,mobley_951560,-9.823823,-7.400000,2.423823,0.011048
38,mobley_1922649,-9.227587,-7.190000,2.037587,0.007807
38,mobley_8798016,-7.417364,-7.000000,0.417364,0.000328
38,mobley_1858644,-7.236245,-6.790000,0.446245,0.000374
38,mobley_9114381,-6.270898,-6.720000,0.449101,0.000379
38,mobley_5311804,-5.760248,-6.620000,0.859752,0.001390
38,mobley_6743808,-6.286705,-6.500000,0.213295,0.000086
38,mobley_8789864,-6.161543,-6.400000,0.238457,0.000107
38,mobley_7009711,-6.296461,-6.270000,0.026461,0.000001
38,mobley_8789465,-4.523677,-6.200000,1.676322,0.005284
38,mobley_2923700,-6.114929,-6.130000,0.015071,0.000000
38,mobley_4780078,-5.437980,-6.010000,0.572021,0.000615
38,mobley_5467162,-5.481483,-5.910000,0.428517,0.000345
38,mobley_6257907,-5.593758,-5.820000,0.226243,0.000096
38,mobley_7913234,-6.005913,-5.730000,0.275913,0.000143
38,mobley_5518547,-5.773096,-5.570000,0.203095,0.000078
38,mobley_4883284,-5.930382,-5.490000,0.440382,0.000365
38,mobley_5220185,-5.207232,-5.450000,0.242768,0.000111
38,mobley_3359593,-5.549945,-5.260000,0.289945,0.000158
38,mobley_4683624,-6.029347,-5.210000,0.819347,0.001262
38,mobley_1636752,-3.418015,-5.100000,1.681984,0.005320
38,mobley_2310185,-4.950511,-5.000000,0.049489,0.000005
38,mobley_3682850,-4.162524,-4.910000,0.747476,0.001051
38,mobley_1363784,-5.140617,-4.840000,0.300617,0.000170
38,mobley_2837389,-3.771850,-4.780000,1.008151,0.001911
38,mobley_9507933,-4.808907,-4.720000,0.088907,0.000015
38,mobley_296847,-5.100249,-4.690000,0.410249,0.000316
38,mobley_8208692,-2.951256,-4.610000,1.658744,0.005174
38,mobley_4884177,-4.384993,-4.590000,0.205008,0.000079
38,mobley_6714389,-4.074419,-4.550000,0.475581,0.000425
38,mobley_2245668,-4.303779,-4.500000,0.196221,0.000072
38,mobley_5973402,-4.556025,-4.420000,0.136024,0.000035
38,mobley_3546460,-4.414705,-4.400000,0.014705,0.000000
38,mobley_8311303,-4.194001,-4.380000,0.185999,0.000065
38,mobley_9741965,-5.504094,-4.290000,1.214094,0.002772
38,mobley_4603202,-3.198208,-4.230000,1.031792,0.002002
38,mobley_628086,-4.241935,-4.160000,0.081935,0.000013
38,mobley_4620651,-3.898081,-4.100000,0.201919,0.000077
38,mobley_7977115,-4.374216,-4.060000,0.314216,0.000186
38,mobley_2789243,-3.095423,-4.010000,0.914578,0.001573
38,mobley_3968739,-4.096949,-3.920000,0.176949,0.000059
38,mobley_63712,-3.039530,-3.880000,0.840470,0.001328
38,mobley_1046331,-3.695775,-3.820000,0.124225,0.000029
38,mobley_1160109,-3.736457,-3.750000,0.013543,0.000000
38,mobley_4149784,-2.665802,-3.670000,1.004198,0.001896
38,mobley_397645,-4.104336,-3.640000,0.464336,0.000405
38,mobley_4690963,-4.735023,-3.540000,1.195023,0.002685
38,mobley_1967551,-3.166122,-3.500000,0.333878,0.000210
38,mobley_6733657,-4.360921,-3.440000,0.920921,0.001595
38,mobley_9565165,-3.470971,-3.350000,0.120971,0.000028
38,mobley_2487143,-3.129503,-3.280000,0.150497,0.000043
38,mobley_8449031,-2.039844,-3.220000,1.180156,0.002619
38,mobley_172879,-3.467607,-3.150000,0.317607,0.000190
38,mobley_5346580,-2.181697,-3.110000,0.928303,0.001620
38,mobley_3573480,-3.061049,-3.040000,0.021049,0.000001
38,mobley_1075836,-3.091818,-2.930000,0.161818,0.000049
38,mobley_6102880,-4.492601,-2.870000,1.622601,0.004951
38,mobley_1827204,-2.392743,-2.810000,0.417257,0.000327
38,mobley_2146331,-1.071044,-2.750000,1.678956,0.005301
38,mobley_7943327,-2.927276,-2.680000,0.247276,0.000115
38,mobley_5110043,-2.835183,-2.630000,0.205183,0.000079
38,mobley_5616693,-2.863590,-2.530000,0.333590,0.000209
38,mobley_6619554,-2.422057,-2.490000,0.067943,0.000009
38,mobley_6359156,-3.920450,-2.460000,1.460450,0.004011
38,mobley_1781152,-2.092545,-2.400000,0.307455,0.000178
38,mobley_859464,-2.650234,-2.360000,0.290234,0.000158
38,mobley_7150646,-1.389938,-2.300000,0.910061,0.001557
38,mobley_1592519,-2.547354,-2.230000,0.317354,0.000189
38,mobley_5538249,-1.990508,-2.160000,0.169492,0.000054
38,mobley_6911232,-1.536629,-2.100000,0.563371,0.000597
38,mobley_3269565,-1.577488,-2.010000,0.432512,0.000352
38,mobley_2484519,-2.816583,-1.930000,0.886583,0.001478
38,mobley_7690440,-3.985590,-1.830000,2.155590,0.008738
38,mobley_3802803,-1.209581,-1.660000,0.450419,0.000382
38,mobley_1144156,-1.269253,-1.590000,0.320747,0.000193
38,mobley_2481002,-1.450104,-1.450000,0.000103,0.000000
38,mobley_2489709,-1.178853,-1.360000,0.181147,0.000062
38,mobley_5052949,-0.954018,-1.280000,0.325982,0.000200
38,mobley_2492140,-1.573258,-1.230000,0.343258,0.000222
38,mobley_7542832,-1.310931,-1.160000,0.150931,0.000043
38,mobley_7814642,-1.545124,-1.120000,0.425124,0.000340
38,mobley_1563176,-0.615673,-0.990000,0.374327,0.000263
38,mobley_1873346,-0.719726,-0.900000,0.180274,0.000061
38,mobley_3040612,-0.642706,-0.850000,0.207294,0.000081
38,mobley_4483973,-2.358521,-0.800000,1.558521,0.004568
38,mobley_9913368,-1.100035,-0.780000,0.320035,0.000193
38,mobley_1449384,-0.497685,-0.680000,0.182315,0.000063
38,mobley_7708038,-0.405139,-0.560000,0.154861,0.000045
38,mobley_8311321,-0.788976,-0.500000,0.288976,0.000157
38,mobley_766666,-0.394259,-0.440000,0.045741,0.000004
38,mobley_5445548,-0.409798,-0.300000,0.109798,0.000023
38,mobley_9029594,-1.263318,-0.220000,1.043318,0.002047
38,mobley_3370989,-2.664172,-0.110000,2.554172,0.012268
38,mobley_627267,-0.033082,-0.030000,0.003082,0.000000
38,mobley_6250025,0.256304,0.080000,0.176304,0.000058
38,mobley_4252724,-0.567621,0.160000,0.727621,0.000996
38,mobley_7157427,0.304903,0.290000,0.014903,0.000000
38,mobley_8885088,-0.498768,0.560000,1.058768,0.002108
38,mobley_8522124,0.867536,0.710000,0.157536,0.000047
38,mobley_4678740,-1.771513,1.070000,2.841513,0.015183
38,mobley_2689721,1.110850,1.230000,0.119150,0.000027
38,mobley_1662128,1.196380,1.380000,0.183620,0.000063
38,mobley_4762983,1.952071,1.660000,0.292071,0.000160
38,mobley_7732703,0.814708,1.790000,0.975292,0.001789
38,mobley_2068538,1.422992,2.000000,0.577008,0.000626
38,mobley_5157661,1.586249,2.300000,0.713750,0.000958
38,mobley_1261349,2.352884,2.510000,0.157116,0.000046
38,mobley_2328633,2.099605,2.550000,0.450395,0.000381
38,mobley_8436428,2.722855,2.830000,0.107145,0.000022
38,mobley_3060426,3.634927,2.930000,0.704927,0.000934
38,mobley_2197088,3.164894,3.160000,0.004894,0.000000
39,mobley_9534740,-23.398153,-25.469999,2.071846,0.008072
39,mobley_6239320,-18.498730,-18.059999,0.438730,0.000362
39,mobley_7794077,-12.422868,-15.460000,3.037132,0.017346
39,mobley_7415647,-12.881859,-11.950000,0.931859,0.001633
39,mobley_1728386,-10.206711,-11.000000,0.793289,0.001183
39,mobley_2269032,-10.227293,-10.210000,0.017293,0.000001
39,mobley_2913224,-7.698471,-9.940000,2.241529,0.009448
39,mobley_2659552,-9.521552,-9.760000,0.238448,0.000107
39,mobley_7176290,-9.136878,-9.620000,0.483122,0.000439
39,mobley_2295058,-9.147233,-9.510000,0.362767,0.000247
39,mobley_6055410,-11.694168,-9.400000,2.294168,0.009897
39,mobley_4639255,-9.370721,-9.300000,0.070721,0.000009
39,mobley_1417007,-5.216001,-9.010000,3.794000,0.027068
39,mobley_6115639,-9.929286,-8.700000,1.229286,0.002842
39,mobley_6353617,-7.975029,-8.260000,0.284971,0.000153
39,mobley_2725215,-7.498158,-7.980000,0.481843,0.000437
39,mobley_7039935,-6.866562,-7.670000,0.803438,0.001214
39,mobley_4059279,-6.398312,-7.580000,1.181688,0.002626
39,mobley_951560,-10.050102,-7.400000,2.650102,0.013207
39,mobley_1922649,-8.989321,-7.190000,1.799321,0.006088
39,mobley_8798016,-7.498416,-7.000000,0.498416,0.000467
39,mobley_1858644,-7.295482,-6.790000,0.505482,0.000480
39,mobley_9114381,-6.223656,-6.720000,0.496344,0.000463
39,mobley_5311804,-5.776199,-6.620000,0.843801,0.001339
39,mobley_6743808,-6.135821,-6.500000,0.364179,0.000249
39,mobley_8789864,-6.315034,-6.400000,0.084966,0.000014
39,mobley_7009711,-6.213725,-6.270000,0.056275,0.000006
39,mobley_8789465,-4.495002,-6.200000,1.704998,0.005467
39,mobley_2923700,-6.097945,-6.130000,0.032055,0.000002
39,mobley_4780078,-5.303047,-6.010000,0.706954,0.000940
39,mobley_5467162,-5.510575,-5.910000,0.399425,0.000300
39,mobley_6257907,-6.013457,-5.820000,0.193457,0.000070
39,mobley_7913234,-5.966610,-5.730000,0.236610,0.000105
39,mobley_5518547,-5.896121,-5.570000,0.326120,0.000200
39,mobley_4883284,-6.079535,-5.490000,0.589535,0.000654
39,mobley_5220185,-5.232593,-5.450000,0.217407,0.000089
39,mobley_3359593,-5.550365,-5.260000,0.290365,0.000159
39,mobley_4683624,-5.982938,-5.210000,0.772938,0.001123
39,mobley_1636752,-3.448223,-5.100000,1.651777,0.005131
39,mobley_2310185,-4.771661,-5.000000,0.228339,0.000098
39,mobley_3682850,-4.445068,-4.910000,0.464932,0.000406
39,mobley_1363784,-5.061925,-4.840000,0.221925,0.000093
39,mobley_2837389,-3.828852,-4.780000,0.951148,0.001701
39,mobley_9507933,-4.774703,-4.720000,0.054703,0.000006
39,mobley_296847,-5.229447,-4.690000,0.539447,0.000547
39,mobley_8208692,-3.712685,-4.610000,0.897316,0.001514
39,mobley_4884177,-4.462463,-4.590000,0.127537,0.000031
39,mobley_6714389,-4.131851,-4.550000,0.418149,0.000329
39,mobley_2245668,-4.313307,-4.500000,0.186693,0.000066
39,mobley_5973402,-4.483140,-4.420000,0.063140,0.000007
39,mobley_3546460,-4.231185,-4.400000,0.168815,0.000054
39,mobley_8311303,-4.686711,-4.380000,0.306711,0.000177
39,mobley_9741965,-6.111013,-4.290000,1.821013,0.006236
39,mobley_4603202,-3.343927,-4.230000,0.886073,0.001476
39,mobley_628086,-4.298267,-4.160000,0.138268,0.000036
39,mobley_4620651,-3.777593,-4.100000,0.322407,0.000195
39,mobley_7977115,-4.215441,-4.060000,0.155441,0.000045
39,mobley_2789243,-3.338569,-4.010000,0.671431,0.000848
39,mobley_3968739,-4.162027,-3.920000,0.242027,0.000110
39,mobley_63712,-3.510674,-3.880000,0.369326,0.000256
39,mobley_1046331,-3.693577,-3.820000,0.126423,0.000030
39,mobley_1160109,-3.999827,-3.750000,0.249827,0.000117
39,mobley_4149784,-3.401214,-3.670000,0.268786,0.000136
39,mobley_397645,-4.076763,-3.640000,0.436763,0.000359
39,mobley_4690963,-4.629542,-3.540000,1.089542,0.002232
39,mobley_1967551,-2.985601,-3.500000,0.514399,0.000498
39,mobley_6733657,-4.617230,-3.440000,1.177230,0.002606
39,mobley_9565165,-3.758991,-3.350000,0.408991,0.000315
39,mobley_2487143,-2.984721,-3.280000,0.295279,0.000164
39,mobley_8449031,-2.121487,-3.220000,1.098513,0.002269
39,mobley_172879,-3.577101,-3.150000,0.427101,0.000343
39,mobley_5346580,-2.415526,-3.110000,0.694474,0.000907
39,mobley_3573480,-2.872222,-3.040000,0.167778,0.000053
39,mobley_1075836,-3.047019,-2.930000,0.117019,0.000026
39,mobley_6102880,-4.749722,-2.870000,1.879722,0.006644
39,mobley_1827204,-2.455838,-2.810000,0.354162,0.000236
39,mobley_2146331,-1.122984,-2.750000,1.627016,0.004978
39,mobley_7943327,-2.741002,-2.680000,0.061002,0.000007
39,mobley_5110043,-2.979426,-2.630000,0.349426,0.000230
39,mobley_5616693,-3.140472,-2.530000,0.610472,0.000701
39,mobley_6619554,-2.183353,-2.490000,0.306647,0.000177
39,mobley_6359156,-4.619493,-2.460000,2.159493,0.008769
39,mobley_1781152,-2.540343,-2.400000,0.140342,0.000037
39,mobley_859464,-2.457983,-2.360000,0.097984,0.000018
39,mobley_7150646,-1.426987,-2.300000,0.873013,0.001433
39,mobley_1592519,-2.372162,-2.230000,0.142162,0.000038
39,mobley_5538249,-2.391885,-2.160000,0.231885,0.000101
39,mobley_6911232,-1.605636,-2.100000,0.494364,0.000460
39,mobley_3269565,-1.543632,-2.010000,0.466368,0.000409
39,mobley_2484519,-2.956754,-1.930000,1.026754,0.001982
39,mobley_7690440,-4.149659,-1.830000,2.319659,0.010118
39,mobley_3802803,-1.673237,-1.660000,0.013237,0.000000
39,mobley_1144156,-1.135986,-1.590000,0.454014,0.000388
39,mobley_2481002,-1.686746,-1.450000,0.236746,0.000105
39,mobley_2489709,-1.575008,-1.360000,0.215008,0.000087
39,mobley_5052949,-0.966567,-1.280000,0.313433,0.000185
39,mobley_2492140,-1.554030,-1.230000,0.324030,0.000197
39,mobley_7542832,-1.301071,-1.160000,0.141071,0.000037
39,mobley_7814642,-2.063731,-1.120000,0.943731,0.001675
39,mobley_1563176,-0.563898,-0.990000,0.426102,0.000341
39,mobley_1873346,-0.735841,-0.900000,0.164159,0.000051
39,mobley_3040612,-0.660624,-0.850000,0.189376,0.000067
39,mobley_4483973,-2.343571,-0.800000,1.543571,0.004480
39,mobley_9913368,-1.189390,-0.780000,0.409390,0.000315
39,mobley_1449384,-0.582946,-0.680000,0.097054,0.000018
39,mobley_7708038,-0.347017,-0.560000,0.212983,0.000085
39,mobley_8311321,-1.096963,-0.500000,0.596963,0.000670
39,mobley_766666,-0.554976,-0.440000,0.114976,0.000025
39,mobley_5445548,-0.483203,-0.300000,0.183203,0.000063
39,mobley_9029594,-1.306562,-0.220000,1.086562,0.002220
39,mobley_3370989,-2.556362,-0.110000,2.446362,0.011254
39,mobley_627267,-0.003619,-0.030000,0.026381,0.000001
39,mobley_6250025,0.419676,0.080000,0.339676,0.000217
39,mobley_4252724,-0.712046,0.160000,0.872046,0.001430
39,mobley_7157427,0.435047,0.290000,0.145047,0.000040
39,mobley_8885088,-0.610388,0.560000,1.170388,0.002576
39,mobley_8522124,0.979401,0.710000,0.269401,0.000136
39,mobley_4678740,-1.943849,1.070000,3.013849,0.017081
39,mobley_2689721,1.207260,1.230000,0.022740,0.000001
39,mobley_1662128,1.276791,1.380000,0.103209,0.000020
39,mobley_4762983,2.077532,1.660000,0.417532,0.000328
39,mobley_7732703,0.757545,1.790000,1.032455,0.002004
39,mobley_2068538,1.512719,2.000000,0.487281,0.000447
39,mobley_5157661,1.660808,2.300000,0.639192,0.000768
39,mobley_1261349,2.268453,2.510000,0.241547,0.000110
39,mobley_2328633,2.114008,2.550000,0.435992,0.000357
39,mobley_8436428,2.773474,2.830000,0.056526,0.000006
39,mobley_3060426,3.573743,2.930000,0.643743,0.000779
39,mobley_2197088,3.399815,3.160000,0.239815,0.000108
40,mobley_9534740,-24.893435,-25.469999,0.576565,0.000625
40,mobley_6239320,-18.748171,-18.059999,0.688171,0.000891
40,mobley_7794077,-12.683500,-15.460000,2.776500,0.014496
40,mobley_7415647,-12.626549,-11.950000,0.676549,0.000861
40,mobley_1728386,-10.528504,-11.000000,0.471496,0.000418
40,mobley_2269032,-10.495370,-10.210000,0.285370,0.000153
40,mobley_2913224,-8.137689,-9.940000,1.802311,0.006108
40,mobley_2659552,-9.179526,-9.760000,0.580474,0.000634
40,mobley_7176290,-9.261379,-9.620000,0.358621,0.000242
40,mobley_2295058,-9.537916,-9.510000,0.027916,0.000001
40,mobley_6055410,-12.447714,-9.400000,3.047714,0.017467
40,mobley_4639255,-9.635596,-9.300000,0.335596,0.000212
40,mobley_1417007,-5.600050,-9.010000,3.409950,0.021865
40,mobley_6115639,-8.007852,-8.700000,0.692148,0.000901
40,mobley_6353617,-8.155198,-8.260000,0.104802,0.000021
40,mobley_2725215,-7.255095,-7.980000,0.724905,0.000988
40,mobley_7039935,-6.900187,-7.670000,0.769813,0.001114
40,mobley_4059279,-6.341908,-7.580000,1.238092,0.002882
40,mobley_951560,-10.414477,-7.400000,3.014477,0.017088
40,mobley_1922649,-8.615623,-7.190000,1.425623,0.003822
40,mobley_8798016,-7.760255,-7.000000,0.760255,0.001087
40,mobley_1858644,-7.191347,-6.790000,0.401347,0.000303
40,mobley_9114381,-6.467243,-6.720000,0.252757,0.000120
40,mobley_5311804,-5.679051,-6.620000,0.940949,0.001665
40,mobley_6743808,-6.322820,-6.500000,0.177180,0.000059
40,mobley_8789864,-6.306098,-6.400000,0.093902,0.000017
40,mobley_7009711,-6.415207,-6.270000,0.145207,0.000040
40,mobley_8789465,-4.701871,-6.200000,1.498129,0.004220
40,mobley_2923700,-6.261690,-6.130000,0.131690,0.000033
40,mobley_4780078,-5.433524,-6.010000,0.576476,0.000625
40,mobley_5467162,-5.689054,-5.910000,0.220946,0.000092
40,mobley_6257907,-6.201335,-5.820000,0.381335,0.000273
40,mobley_7913234,-6.355891,-5.730000,0.625891,0.000737
40,mobley_5518547,-5.993702,-5.570000,0.423702,0.000338
40,mobley_4883284,-6.228506,-5.490000,0.738506,0.001026
40,mobley_5220185,-5.679260,-5.450000,0.229260,0.000099
40,mobley_3359593,-5.840351,-5.260000,0.580351,0.000633
40,mobley_4683624,-6.200553,-5.210000,0.990553,0.001845
40,mobley_1636752,-3.250246,-5.100000,1.849754,0.006434
40,mobley_2310185,-4.871087,-5.000000,0.128913,0.000031
40,mobley_3682850,-4.495402,-4.910000,0.414598,0.000323
40,mobley_1363784,-5.241517,-4.840000,0.401516,0.000303
40,mobley_2837389,-4.157680,-4.780000,0.622320,0.000728
40,mobley_9507933,-4.914362,-4.720000,0.194362,0.000071
40,mobley_296847,-5.393120,-4.690000,0.703120,0.000930
40,mobley_8208692,-3.451209,-4.610000,1.158792,0.002525
40,mobley_4884177,-4.587201,-4.590000,0.002800,0.000000
40,mobley_6714389,-3.910272,-4.550000,0.639729,0.000770
40,mobley_2245668,-4.622301,-4.500000,0.122301,0.000028
40,mobley_5973402,-4.750715,-4.420000,0.330715,0.000206
40,mobley_3546460,-4.586033,-4.400000,0.186033,0.000065
40,mobley_8311303,-4.713453,-4.380000,0.333453,0.000209
40,mobley_9741965,-6.007000,-4.290000,1.717000,0.005544
40,mobley_4603202,-3.099088,-4.230000,1.130912,0.002405
40,mobley_628086,-4.348346,-4.160000,0.188346,0.000067
40,mobley_4620651,-4.023876,-4.100000,0.076124,0.000011
40,mobley_7977115,-4.461557,-4.060000,0.401557,0.000303
40,mobley_2789243,-3.383827,-4.010000,0.626173,0.000737
40,mobley_3968739,-4.333228,-3.920000,0.413228,0.000321
40,mobley_63712,-3.365961,-3.880000,0.514039,0.000497
40,mobley_1046331,-3.926971,-3.820000,0.106971,0.000022
40,mobley_1160109,-3.893273,-3.750000,0.143273,0.000039
40,mobley_4149784,-4.055736,-3.670000,0.385736,0.000280
40,mobley_397645,-4.271638,-3.640000,0.631638,0.000750
40,mobley_4690963,-4.544143,-3.540000,1.004143,0.001896
40,mobley_1967551,-3.108896,-3.500000,0.391104,0.000288
40,mobley_6733657,-4.720504,-3.440000,1.280504,0.003083
40,mobley_9565165,-3.199388,-3.350000,0.150612,0.000043
40,mobley_2487143,-3.280282,-3.280000,0.000282,0.000000
40,mobley_8449031,-2.104170,-3.220000,1.115830,0.002341
40,mobley_172879,-4.412448,-3.150000,1.262448,0.002997
40,mobley_5346580,-2.318204,-3.110000,0.791796,0.001179
40,mobley_3573480,-3.216478,-3.040000,0.176478,0.000059
40,mobley_1075836,-3.283747,-2.930000,0.353747,0.000235
40,mobley_6102880,-4.783551,-2.870000,1.913551,0.006886
40,mobley_1827204,-2.732986,-2.810000,0.077013,0.000011
40,mobley_2146331,-1.095193,-2.750000,1.654807,0.005149
40,mobley_7943327,-3.023255,-2.680000,0.343255,0.000222
40,mobley_5110043,-2.491692,-2.630000,0.138308,0.000036
40,mobley_5616693,-3.191699,-2.530000,0.661699,0.000823
40,mobley_6619554,-2.554555,-2.490000,0.064555,0.000008
40,mobley_6359156,-4.314298,-2.460000,1.854298,0.006466
40,mobley_1781152,-2.372313,-2.400000,0.027687,0.000001
40,mobley_859464,-2.777700,-2.360000,0.417701,0.000328
40,mobley_7150646,-1.479662,-2.300000,0.820338,0.001265
40,mobley_1592519,-2.796734,-2.230000,0.566734,0.000604
40,mobley_5538249,-2.144112,-2.160000,0.015888,0.000000
40,mobley_6911232,-1.453907,-2.100000,0.646093,0.000785
40,mobley_3269565,-1.590743,-2.010000,0.419257,0.000331
40,mobley_2484519,-2.874789,-1.930000,0.944790,0.001679
40,mobley_7690440,-3.792193,-1.830000,1.962193,0.007240
40,mobley_3802803,-1.581064,-1.660000,0.078936,0.000012
40,mobley_1144156,-1.131038,-1.590000,0.458962,0.000396
40,mobley_2481002,-1.282430,-1.450000,0.167570,0.000053
40,mobley_2489709,-1.625048,-1.360000,0.265048,0.000132
40,mobley_5052949,-1.272882,-1.280000,0.007118,0.000000
40,mobley_2492140,-1.584406,-1.230000,0.354406,0.000236
40,mobley_7542832,-1.509433,-1.160000,0.349433,0.000230
40,mobley_7814642,-1.996194,-1.120000,0.876194,0.001444
40,mobley_1563176,-0.785038,-0.990000,0.204962,0.000079
40,mobley_1873346,-0.650834,-0.900000,0.249166,0.000117
40,mobley_3040612,-0.537703,-0.850000,0.312297,0.000183
40,mobley_4483973,-2.575382,-0.800000,1.775382,0.005927
40,mobley_9913368,-1.165635,-0.780000,0.385635,0.000280
40,mobley_1449384,-0.487187,-0.680000,0.192813,0.000070
40,mobley_7708038,-0.612397,-0.560000,0.052397,0.000005
40,mobley_8311321,-0.860090,-0.500000,0.360090,0.000244
40,mobley_766666,-0.397498,-0.440000,0.042502,0.000003
40,mobley_5445548,-0.497229,-0.300000,0.197229,0.000073
40,mobley_9029594,-1.137336,-0.220000,0.917336,0.001582
40,mobley_3370989,-2.552525,-0.110000,2.442525,0.011219
40,mobley_627267,-0.164590,-0.030000,0.134590,0.000034
40,mobley_6250025,0.080622,0.080000,0.000622,0.000000
40,mobley_4252724,-0.648050,0.160000,0.808050,0.001228
40,mobley_7157427,0.171511,0.290000,0.118489,0.000026
40,mobley_8885088,-0.741164,0.560000,1.301164,0.003184
40,mobley_8522124,0.586019,0.710000,0.123981,0.000029
40,mobley_4678740,-0.797703,1.070000,1.867703,0.006560
40,mobley_2689721,0.985274,1.230000,0.244726,0.000113
40,mobley_1662128,1.025243,1.380000,0.354757,0.000237
40,mobley_4762983,1.742591,1.660000,0.082591,0.000013
40,mobley_7732703,1.037264,1.790000,0.752736,0.001065
40,mobley_2068538,1.289857,2.000000,0.710143,0.000948
40,mobley_5157661,1.463845,2.300000,0.836155,0.001315
40,mobley_1261349,2.227201,2.510000,0.282799,0.000150
40,mobley_2328633,1.821322,2.550000,0.728678,0.000998
40,mobley_8436428,2.490028,2.830000,0.339972,0.000217
40,mobley_3060426,3.417746,2.930000,0.487746,0.000447
40,mobley_2197088,2.899966,3.160000,0.260034,0.000127
41,mobley_9534740,-23.774017,-25.469999,1.695982,0.005409
41,mobley_6239320,-19.604330,-18.059999,1.544331,0.004485
41,mobley_7794077,-12.727434,-15.460000,2.732566,0.014041
41,mobley_7415647,-12.529722,-11.950000,0.579722,0.000632
41,mobley_1728386,-9.992280,-11.000000,1.007720,0.001910
41,mobley_2269032,-10.191181,-10.210000,0.018819,0.000001
41,mobley_2913224,-7.567779,-9.940000,2.372221,0.010582
41,mobley_2659552,-9.528007,-9.760000,0.231994,0.000101
41,mobley_7176290,-8.557888,-9.620000,1.062112,0.002121
41,mobley_2295058,-9.325269,-9.510000,0.184731,0.000064
41,mobley_6055410,-11.392106,-9.400000,1.992106,0.007463
41,mobley_4639255,-9.511421,-9.300000,0.211421,0.000084
41,mobley_1417007,-5.559975,-9.010000,3.450025,0.022382
41,mobley_6115639,-9.584364,-8.700000,0.884364,0.001471
41,mobley_6353617,-8.097383,-8.260000,0.162618,0.000050
41,mobley_2725215,-6.906645,-7.980000,1.073355,0.002166
41,mobley_7039935,-6.918991,-7.670000,0.751009,0.001061
41,mobley_4059279,-5.913077,-7.580000,1.666923,0.005225
41,mobley_951560,-10.005037,-7.400000,2.605037,0.012761
41,mobley_1922649,-8.254434,-7.190000,1.064434,0.002131
41,mobley_8798016,-7.746872,-7.000000,0.746872,0.001049
41,mobley_1858644,-7.333709,-6.790000,0.543709,0.000556
41,mobley_9114381,-6.283911,-6.720000,0.436089,0.000358
41,mobley_5311804,-5.836636,-6.620000,0.783364,0.001154
41,mobley_6743808,-6.304653,-6.500000,0.195347,0.000072
41,mobley_8789864,-6.076130,-6.400000,0.323870,0.000197
41,mobley_7009711,-6.143320,-6.270000,0.126680,0.000030
41,mobley_8789465,-4.653800,-6.200000,1.546200,0.004496
41,mobley_2923700,-6.180483,-6.130000,0.050483,0.000005
41,mobley_4780078,-5.328042,-6.010000,0.681958,0.000875
41,mobley_5467162,-5.509109,-5.910000,0.400890,0.000302
41,mobley_6257907,-5.651785,-5.820000,0.168215,0.000053
41,mobley_7913234,-5.917141,-5.730000,0.187141,0.000066
41,mobley_5518547,-5.892286,-5.570000,0.322286,0.000195
41,mobley_4883284,-6.048213,-5.490000,0.558214,0.000586
41,mobley_5220185,-5.200549,-5.450000,0.249451,0.000117
41,mobley_3359593,-5.591209,-5.260000,0.331209,0.000206
41,mobley_4683624,-6.080555,-5.210000,0.870555,0.001425
41,mobley_1636752,-3.379248,-5.100000,1.720752,0.005568
41,mobley_2310185,-4.858970,-5.000000,0.141030,0.000037
41,mobley_3682850,-4.163174,-4.910000,0.746826,0.001049
41,mobley_1363784,-5.054870,-4.840000,0.214869,0.000087
41,mobley_2837389,-3.987217,-4.780000,0.792783,0.001182
41,mobley_9507933,-4.858840,-4.720000,0.138841,0.000036
41,mobley_296847,-5.210993,-4.690000,0.520993,0.000510
41,mobley_8208692,-2.402680,-4.610000,2.207320,0.009162
41,mobley_4884177,-4.482998,-4.590000,0.107002,0.000022
41,mobley_6714389,-4.014911,-4.550000,0.535089,0.000538
41,mobley_2245668,-4.137679,-4.500000,0.362321,0.000247
41,mobley_5973402,-4.415205,-4.420000,0.004795,0.000000
41,mobley_3546460,-4.394278,-4.400000,0.005722,0.000000
41,mobley_8311303,-3.699890,-4.380000,0.680110,0.000870
41,mobley_9741965,-5.205916,-4.290000,0.915916,0.001578
41,mobley_4603202,-2.870858,-4.230000,1.359142,0.003474
41,mobley_628086,-4.262232,-4.160000,0.102232,0.000020
41,mobley_4620651,-3.746400,-4.100000,0.353600,0.000235
41,mobley_7977115,-4.167918,-4.060000,0.107918,0.000022
41,mobley_2789243,-2.983096,-4.010000,1.026904,0.001983
41,mobley_3968739,-4.187296,-3.920000,0.267296,0.000134
41,mobley_63712,-3.193207,-3.880000,0.686793,0.000887
41,mobley_1046331,-3.718478,-3.820000,0.101522,0.000019
41,mobley_1160109,-3.584011,-3.750000,0.165989,0.000052
41,mobley_4149784,-2.890796,-3.670000,0.779204,0.001142
41,mobley_397645,-4.033921,-3.640000,0.393921,0.000292
41,mobley_4690963,-4.401979,-3.540000,0.861979,0.001397
41,mobley_1967551,-3.103037,-3.500000,0.396963,0.000296
41,mobley_6733657,-3.888091,-3.440000,0.448091,0.000378
41,mobley_9565165,-3.672576,-3.350000,0.322576,0.000196
41,mobley_2487143,-3.020033,-3.280000,0.259967,0.000127
41,mobley_8449031,-1.802397,-3.220000,1.417603,0.003779
41,mobley_172879,-3.762480,-3.150000,0.612480,0.000705
41,mobley_5346580,-1.944479,-3.110000,1.165521,0.002554
41,mobley_3573480,-2.916156,-3.040000,0.123844,0.000029
41,mobley_1075836,-2.992945,-2.930000,0.062945,0.000007
41,mobley_6102880,-4.536590,-2.870000,1.666590,0.005223
41,mobley_1827204,-2.445769,-2.810000,0.364231,0.000249
41,mobley_2146331,-1.125368,-2.750000,1.624632,0.004963
41,mobley_7943327,-2.644831,-2.680000,0.035169,0.000002
41,mobley_5110043,-2.955568,-2.630000,0.325567,0.000199
41,mobley_5616693,-2.692327,-2.530000,0.162328,0.000050
41,mobley_6619554,-2.111937,-2.490000,0.378063,0.000269
41,mobley_6359156,-3.816584,-2.460000,1.356584,0.003461
41,mobley_1781152,-1.979805,-2.400000,0.420196,0.000332
41,mobley_859464,-2.269625,-2.360000,0.090374,0.000015
41,mobley_7150646,-1.275512,-2.300000,1.024488,0.001974
41,mobley_1592519,-2.227796,-2.230000,0.002204,0.000000
41,mobley_5538249,-1.524805,-2.160000,0.635195,0.000759
41,mobley_6911232,-1.491415,-2.100000,0.608585,0.000696
41,mobley_3269565,-1.410561,-2.010000,0.599439,0.000676
41,mobley_2484519,-2.703808,-1.930000,0.773808,0.001126
41,mobley_7690440,-3.882957,-1.830000,2.052956,0.007925
41,mobley_3802803,-1.076193,-1.660000,0.583807,0.000641
41,mobley_1144156,-1.067281,-1.590000,0.522719,0.000514
41,mobley_2481002,-1.503185,-1.450000,0.053185,0.000005
41,mobley_2489709,-1.063973,-1.360000,0.296027,0.000165
41,mobley_5052949,-0.868162,-1.280000,0.411838,0.000319
41,mobley_2492140,-1.348098,-1.230000,0.118098,0.000026
41,mobley_7542832,-1.234118,-1.160000,0.074118,0.000010
41,mobley_7814642,-1.387355,-1.120000,0.267355,0.000134
41,mobley_1563176,-0.531102,-0.990000,0.458898,0.000396
41,mobley_1873346,-0.741118,-0.900000,0.158882,0.000047
41,mobley_3040612,-0.732588,-0.850000,0.117412,0.000026
41,mobley_4483973,-2.349468,-0.800000,1.549468,0.004515
41,mobley_9913368,-0.998091,-0.780000,0.218091,0.000089
41,mobley_1449384,-0.538696,-0.680000,0.141304,0.000038
41,mobley_7708038,-0.381851,-0.560000,0.178149,0.000060
41,mobley_8311321,-0.876064,-0.500000,0.376064,0.000266
41,mobley_766666,-0.329112,-0.440000,0.110888,0.000023
41,mobley_5445548,-0.433096,-0.300000,0.133096,0.000033
41,mobley_9029594,-1.300948,-0.220000,1.080948,0.002197
41,mobley_3370989,-2.511946,-0.110000,2.401946,0.010849
41,mobley_627267,0.111881,-0.030000,0.141881,0.000038
41,mobley_6250025,0.346321,0.080000,0.266321,0.000133
41,mobley_4252724,-0.524149,0.160000,0.684149,0.000880
41,mobley_7157427,0.559766,0.290000,0.269766,0.000137
41,mobley_8885088,-0.535708,0.560000,1.095708,0.002258
41,mobley_8522124,0.753986,0.710000,0.043986,0.000004
41,mobley_4678740,-1.696562,1.070000,2.766562,0.014393
41,mobley_2689721,1.035582,1.230000,0.194418,0.000071
41,mobley_1662128,1.236248,1.380000,0.143752,0.000039
41,mobley_4762983,2.030118,1.660000,0.370118,0.000258
41,mobley_7732703,0.711674,1.790000,1.078326,0.002187
41,mobley_2068538,1.459340,2.000000,0.540660,0.000550
41,mobley_5157661,1.732011,2.300000,0.567989,0.000607
41,mobley_1261349,2.546042,2.510000,0.036042,0.000002
41,mobley_2328633,2.141541,2.550000,0.408459,0.000314
41,mobley_8436428,2.978884,2.830000,0.148884,0.000042
41,mobley_3060426,3.920903,2.930000,0.990903,0.001846
41,mobley_2197088,3.286341,3.160000,0.126341,0.000030
42,mobley_9534740,-23.287750,-25.469999,2.182249,0.008955
42,mobley_6239320,-19.625980,-18.059999,1.565981,0.004611
42,mobley_7794077,-13.110618,-15.460000,2.349382,0.010379
42,mobley_7415647,-13.173438,-11.950000,1.223438,0.002815
42,mobley_1728386,-10.187913,-11.000000,0.812087,0.001240
42,mobley_2269032,-9.974205,-10.210000,0.235795,0.000105
42,mobley_2913224,-7.649150,-9.940000,2.290849,0.009869
42,mobley_2659552,-9.956239,-9.760000,0.196239,0.000072
42,mobley_7176290,-8.745811,-9.620000,0.874188,0.001437
42,mobley_2295058,-9.308570,-9.510000,0.201430,0.000076
42,mobley_6055410,-11.175838,-9.400000,1.775838,0.005930
42,mobley_4639255,-9.373643,-9.300000,0.073643,0.000010
42,mobley_1417007,-5.938051,-9.010000,3.071949,0.017746
42,mobley_6115639,-11.484984,-8.700000,2.784985,0.014585
42,mobley_6353617,-7.650672,-8.260000,0.609328,0.000698
42,mobley_2725215,-6.381005,-7.980000,1.598995,0.004808
42,mobley_7039935,-6.593531,-7.670000,1.076469,0.002179
42,mobley_4059279,-6.042737,-7.580000,1.537263,0.004444
42,mobley_951560,-9.814929,-7.400000,2.414929,0.010967
42,mobley_1922649,-9.751211,-7.190000,2.561211,0.012335
42,mobley_8798016,-7.263743,-7.000000,0.263743,0.000131
42,mobley_1858644,-7.010034,-6.790000,0.220034,0.000091
42,mobley_9114381,-6.425973,-6.720000,0.294027,0.000163
42,mobley_5311804,-5.743062,-6.620000,0.876938,0.001446
42,mobley_6743808,-6.075596,-6.500000,0.424404,0.000339
42,mobley_8789864,-6.631748,-6.400000,0.231748,0.000101
42,mobley_7009711,-5.919162,-6.270000,0.350838,0.000231
42,mobley_8789465,-4.473336,-6.200000,1.726664,0.005606
42,mobley_2923700,-5.869714,-6.130000,0.260286,0.000127
42,mobley_4780078,-5.097716,-6.010000,0.912284,0.001565
42,mobley_5467162,-5.242211,-5.910000,0.667789,0.000839
42,mobley_6257907,-5.825798,-5.820000,0.005798,0.000000
42,mobley_7913234,-5.865032,-5.730000,0.135032,0.000034
42,mobley_5518547,-5.768769,-5.570000,0.198769,0.000074
42,mobley_4883284,-6.055484,-5.490000,0.565485,0.000601
42,mobley_5220185,-5.003459,-5.450000,0.446540,0.000375
42,mobley_3359593,-5.414252,-5.260000,0.154252,0.000045
42,mobley_4683624,-5.687818,-5.210000,0.477818,0.000429
42,mobley_1636752,-3.538822,-5.100000,1.561178,0.004583
42,mobley_2310185,-4.788891,-5.000000,0.211109,0.000084
42,mobley_3682850,-4.017271,-4.910000,0.892729,0.001499
42,mobley_1363784,-4.936827,-4.840000,0.096827,0.000018
42,mobley_2837389,-3.752193,-4.780000,1.027807,0.001986
42,mobley_9507933,-4.699146,-4.720000,0.020854,0.000001
42,mobley_296847,-4.790651,-4.690000,0.100651,0.000019
42,mobley_8208692,-3.277022,-4.610000,1.332978,0.003341
42,mobley_4884177,-4.125339,-4.590000,0.464661,0.000406
42,mobley_6714389,-4.191636,-4.550000,0.358364,0.000241
42,mobley_2245668,-4.101082,-4.500000,0.398918,0.000299
42,mobley_5973402,-4.291133,-4.420000,0.128867,0.000031
42,mobley_3546460,-4.220107,-4.400000,0.179893,0.000061
42,mobley_8311303,-4.322979,-4.380000,0.057021,0.000006
42,mobley_9741965,-6.027949,-4.290000,1.737949,0.005680
42,mobley_4603202,-3.595828,-4.230000,0.634172,0.000756
42,mobley_628086,-4.554051,-4.160000,0.394051,0.000292
42,mobley_4620651,-3.950191,-4.100000,0.149809,0.000042
42,mobley_7977115,-4.074758,-4.060000,0.014758,0.000000
42,mobley_2789243,-3.237220,-4.010000,0.772780,0.001123
42,mobley_3968739,-4.310824,-3.920000,0.390824,0.000287
42,mobley_63712,-3.065323,-3.880000,0.814677,0.001248
42,mobley_1046331,-3.707582,-3.820000,0.112418,0.000024
42,mobley_1160109,-3.378399,-3.750000,0.371601,0.000260
42,mobley_4149784,-2.952321,-3.670000,0.717680,0.000969
42,mobley_397645,-4.093829,-3.640000,0.453829,0.000387
42,mobley_4690963,-4.491969,-3.540000,0.951969,0.001704
42,mobley_1967551,-3.036683,-3.500000,0.463317,0.000404
42,mobley_6733657,-4.829396,-3.440000,1.389396,0.003630
42,mobley_9565165,-3.174587,-3.350000,0.175413,0.000058
42,mobley_2487143,-2.881591,-3.280000,0.398409,0.000298
42,mobley_8449031,-1.804117,-3.220000,1.415883,0.003770
42,mobley_172879,-3.560313,-3.150000,0.410313,0.000317
42,mobley_5346580,-2.077108,-3.110000,1.032892,0.002006
42,mobley_3573480,-2.766919,-3.040000,0.273081,0.000140
42,mobley_1075836,-3.285089,-2.930000,0.355088,0.000237
42,mobley_6102880,-4.243378,-2.870000,1.373378,0.003547
42,mobley_1827204,-2.095346,-2.810000,0.714654,0.000960
42,mobley_2146331,-1.091434,-2.750000,1.658566,0.005173
42,mobley_7943327,-2.873082,-2.680000,0.193082,0.000070
42,mobley_5110043,-2.365958,-2.630000,0.264042,0.000131
42,mobley_5616693,-2.430683,-2.530000,0.099317,0.000019
42,mobley_6619554,-2.225031,-2.490000,0.264969,0.000132
42,mobley_6359156,-4.113443,-2.460000,1.653443,0.005141
42,mobley_1781152,-2.256458,-2.400000,0.143542,0.000039
42,mobley_859464,-2.491601,-2.360000,0.131601,0.000033
42,mobley_7150646,-1.336761,-2.300000,0.963239,0.001745
42,mobley_1592519,-2.342185,-2.230000,0.112185,0.000024
42,mobley_5538249,-2.417392,-2.160000,0.257392,0.000125
42,mobley_6911232,-1.631079,-2.100000,0.468921,0.000413
42,mobley_3269565,-1.579691,-2.010000,0.430309,0.000348
42,mobley_2484519,-2.907523,-1.930000,0.977523,0.001797
42,mobley_7690440,-4.011817,-1.830000,2.181816,0.008952
42,mobley_3802803,-1.505802,-1.660000,0.154198,0.000045
42,mobley_1144156,-1.139222,-1.590000,0.450778,0.000382
42,mobley_2481002,-1.549292,-1.450000,0.099292,0.000019
42,mobley_2489709,-1.530108,-1.360000,0.170108,0.000054
42,mobley_5052949,-0.832981,-1.280000,0.447019,0.000376
42,mobley_2492140,-1.856021,-1.230000,0.626021,0.000737
42,mobley_7542832,-1.151310,-1.160000,0.008690,0.000000
42,mobley_7814642,-1.943144,-1.120000,0.823144,0.001274
42,mobley_1563176,-0.445300,-0.990000,0.544700,0.000558
42,mobley_1873346,-0.558718,-0.900000,0.341282,0.000219
42,mobley_3040612,-0.450611,-0.850000,0.399389,0.000300
42,mobley_4483973,-2.291965,-0.800000,1.491965,0.004186
42,mobley_9913368,-1.199943,-0.780000,0.419943,0.000332
42,mobley_1449384,-0.164350,-0.680000,0.515650,0.000500
42,mobley_7708038,-0.340720,-0.560000,0.219280,0.000090
42,mobley_8311321,-1.094657,-0.500000,0.594657,0.000665
42,mobley_766666,-0.585104,-0.440000,0.145104,0.000040
42,mobley_5445548,-0.211931,-0.300000,0.088069,0.000015
42,mobley_9029594,-1.105190,-0.220000,0.885190,0.001473
42,mobley_3370989,-2.690057,-0.110000,2.580057,0.012518
42,mobley_627267,0.148610,-0.030000,0.178610,0.000060
42,mobley_6250025,0.510067,0.080000,0.430067,0.000348
42,mobley_4252724,-0.211479,0.160000,0.371479,0.000259
42,mobley_7157427,0.437485,0.290000,0.147485,0.000041
42,mobley_8885088,-0.350744,0.560000,0.910744,0.001560
42,mobley_8522124,1.083534,0.710000,0.373534,0.000262
42,mobley_4678740,-1.901446,1.070000,2.971446,0.016603
42,mobley_2689721,1.228055,1.230000,0.001945,0.000000
42,mobley_1662128,1.366015,1.380000,0.013985,0.000000
42,mobley_4762983,2.278733,1.660000,0.618733,0.000720
42,mobley_7732703,0.758759,1.790000,1.031241,0.002000
42,mobley_2068538,1.517648,2.000000,0.482352,0.000438
42,mobley_5157661,1.753321,2.300000,0.546679,0.000562
42,mobley_1261349,2.548507,2.510000,0.038507,0.000003
42,mobley_2328633,2.516427,2.550000,0.033573,0.000002
42,mobley_8436428,3.092513,2.830000,0.262513,0.000130
42,mobley_3060426,4.019312,2.930000,1.089312,0.002231
42,mobley_2197088,3.530357,3.160000,0.370357,0.000258
43,mobley_9534740,-25.132696,-25.469999,0.337303,0.000214
43,mobley_6239320,-19.904943,-18.059999,1.844944,0.006401
43,mobley_7794077,-13.197998,-15.460000,2.262002,0.009622
43,mobley_7415647,-13.058867,-11.950000,1.108868,0.002312
43,mobley_1728386,-10.380301,-11.000000,0.619699,0.000722
43,mobley_2269032,-10.209854,-10.210000,0.000146,0.000000
43,mobley_2913224,-7.938383,-9.940000,2.001616,0.007534
43,mobley_2659552,-9.964300,-9.760000,0.204300,0.000078
43,mobley_7176290,-8.858346,-9.620000,0.761654,0.001091
43,mobley_2295058,-9.295336,-9.510000,0.214664,0.000087
43,mobley_6055410,-11.769360,-9.400000,2.369360,0.010557
43,mobley_4639255,-9.659896,-9.300000,0.359896,0.000244
43,mobley_1417007,-5.870805,-9.010000,3.139195,0.018531
43,mobley_6115639,-8.957595,-8.700000,0.257595,0.000125
43,mobley_6353617,-8.010307,-8.260000,0.249693,0.000117
43,mobley_2725215,-7.887930,-7.980000,0.092070,0.000016
43,mobley_7039935,-7.071047,-7.670000,0.598953,0.000675
43,mobley_4059279,-6.014382,-7.580000,1.565618,0.004609
43,mobley_951560,-10.219499,-7.400000,2.819499,0.014949
43,mobley_1922649,-8.529394,-7.190000,1.339394,0.003373
43,mobley_8798016,-7.703747,-7.000000,0.703747,0.000931
43,mobley_1858644,-7.362776,-6.790000,0.572776,0.000617
43,mobley_9114381,-6.365808,-6.720000,0.354192,0.000236
43,mobley_5311804,-6.013163,-6.620000,0.606837,0.000692
43,mobley_6743808,-6.401463,-6.500000,0.098537,0.000018
43,mobley_8789864,-5.996453,-6.400000,0.403547,0.000306
43,mobley_7009711,-6.283746,-6.270000,0.013746,0.000000
43,mobley_8789465,-4.773726,-6.200000,1.426274,0.003825
43,mobley_2923700,-6.118017,-6.130000,0.011983,0.000000
43,mobley_4780078,-5.450466,-6.010000,0.559535,0.000589
43,mobley_5467162,-5.563804,-5.910000,0.346196,0.000225
43,mobley_6257907,-5.657373,-5.820000,0.162627,0.000050
43,mobley_7913234,-6.028595,-5.730000,0.298595,0.000168
43,mobley_5518547,-5.834448,-5.570000,0.264448,0.000132
43,mobley_4883284,-6.050082,-5.490000,0.560082,0.000590
43,mobley_5220185,-5.155993,-5.450000,0.294006,0.000163
43,mobley_3359593,-5.509758,-5.260000,0.249757,0.000117
43,mobley_4683624,-6.005809,-5.210000,0.795809,0.001191
43,mobley_1636752,-3.324002,-5.100000,1.775998,0.005931
43,mobley_2310185,-4.846963,-5.000000,0.153037,0.000044
43,mobley_3682850,-4.055721,-4.910000,0.854279,0.001372
43,mobley_1363784,-5.222145,-4.840000,0.382145,0.000275
43,mobley_2837389,-3.975970,-4.780000,0.804030,0.001216
43,mobley_9507933,-4.939737,-4.720000,0.219738,0.000091
43,mobley_296847,-5.100760,-4.690000,0.410760,0.000317
43,mobley_8208692,-3.061339,-4.610000,1.548661,0.004510
43,mobley_4884177,-4.441539,-4.590000,0.148461,0.000041
43,mobley_6714389,-3.964595,-4.550000,0.585405,0.000644
43,mobley_2245668,-4.281143,-4.500000,0.218857,0.000090
43,mobley_5973402,-4.433941,-4.420000,0.013941,0.000000
43,mobley_3546460,-4.499552,-4.400000,0.099552,0.000019
43,mobley_8311303,-4.284109,-4.380000,0.095891,0.000017
43,mobley_9741965,-5.820879,-4.290000,1.530879,0.004407
43,mobley_4603202,-3.250515,-4.230000,0.979485,0.001804
43,mobley_628086,-4.386175,-4.160000,0.226175,0.000096
43,mobley_4620651,-3.769713,-4.100000,0.330287,0.000205
43,mobley_7977115,-4.315531,-4.060000,0.255531,0.000123
43,mobley_2789243,-3.034182,-4.010000,0.975818,0.001791
43,mobley_3968739,-4.213755,-3.920000,0.293755,0.000162
43,mobley_63712,-3.206290,-3.880000,0.673710,0.000854
43,mobley_1046331,-3.818424,-3.820000,0.001575,0.000000
43,mobley_1160109,-3.490552,-3.750000,0.259448,0.000127
43,mobley_4149784,-2.890074,-3.670000,0.779927,0.001144
43,mobley_397645,-4.074078,-3.640000,0.434078,0.000354
43,mobley_4690963,-4.392441,-3.540000,0.852441,0.001366
43,mobley_1967551,-3.143726,-3.500000,0.356274,0.000239
43,mobley_6733657,-4.622318,-3.440000,1.182318,0.002629
43,mobley_9565165,-3.779623,-3.350000,0.429623,0.000347
43,mobley_2487143,-3.132989,-3.280000,0.147011,0.000041
43,mobley_8449031,-1.798608,-3.220000,1.421392,0.003799
43,mobley_172879,-3.772867,-3.150000,0.622867,0.000730
43,mobley_5346580,-2.002419,-3.110000,1.107581,0.002307
43,mobley_3573480,-3.074871,-3.040000,0.034871,0.000002
43,mobley_1075836,-3.018683,-2.930000,0.088683,0.000015
43,mobley_6102880,-4.527897,-2.870000,1.657897,0.005169
43,mobley_1827204,-2.345160,-2.810000,0.464840,0.000406
43,mobley_2146331,-1.157104,-2.750000,1.592896,0.004771
43,mobley_7943327,-2.690774,-2.680000,0.010774,0.000000
43,mobley_5110043,-2.963901,-2.630000,0.333901,0.000210
43,mobley_5616693,-2.598008,-2.530000,0.068008,0.000009
43,mobley_6619554,-2.171690,-2.490000,0.318310,0.000191
43,mobley_6359156,-3.989798,-2.460000,1.529798,0.004401
43,mobley_1781152,-1.983920,-2.400000,0.416080,0.000326
43,mobley_859464,-2.439806,-2.360000,0.079807,0.000012
43,mobley_7150646,-1.427812,-2.300000,0.872188,0.001430
43,mobley_1592519,-2.387043,-2.230000,0.157043,0.000046
43,mobley_5538249,-2.032161,-2.160000,0.127839,0.000031
43,mobley_6911232,-1.394230,-2.100000,0.705770,0.000937
43,mobley_3269565,-1.414902,-2.010000,0.595098,0.000666
43,mobley_2484519,-3.018137,-1.930000,1.088138,0.002227
43,mobley_7690440,-3.710976,-1.830000,1.880976,0.006653
43,mobley_3802803,-1.445756,-1.660000,0.214244,0.000086
43,mobley_1144156,-1.016311,-1.590000,0.573689,0.000619
43,mobley_2481002,-1.343817,-1.450000,0.106183,0.000021
43,mobley_2489709,-1.286347,-1.360000,0.073653,0.000010
43,mobley_5052949,-0.944522,-1.280000,0.335478,0.000212
43,mobley_2492140,-1.488496,-1.230000,0.258496,0.000126
43,mobley_7542832,-1.167905,-1.160000,0.007905,0.000000
43,mobley_7814642,-1.567907,-1.120000,0.447907,0.000377
43,mobley_1563176,-0.673512,-0.990000,0.316488,0.000188
43,mobley_1873346,-0.731931,-0.900000,0.168069,0.000053
43,mobley_3040612,-0.699666,-0.850000,0.150334,0.000042
43,mobley_4483973,-2.371563,-0.800000,1.571563,0.004644
43,mobley_9913368,-1.115404,-0.780000,0.335404,0.000212
43,mobley_1449384,-0.510638,-0.680000,0.169362,0.000054
43,mobley_7708038,-0.498458,-0.560000,0.061542,0.000007
43,mobley_8311321,-0.761725,-0.500000,0.261725,0.000129
43,mobley_766666,-0.463483,-0.440000,0.023483,0.000001
43,mobley_5445548,-0.462125,-0.300000,0.162125,0.000049
43,mobley_9029594,-0.700448,-0.220000,0.480448,0.000434
43,mobley_3370989,-2.624175,-0.110000,2.514175,0.011886
43,mobley_627267,0.026097,-0.030000,0.056097,0.000006
43,mobley_6250025,0.149995,0.080000,0.069995,0.000009
43,mobley_4252724,-0.507172,0.160000,0.667172,0.000837
43,mobley_7157427,0.340746,0.290000,0.050746,0.000005
43,mobley_8885088,-0.500121,0.560000,1.060121,0.002113
43,mobley_8522124,0.566633,0.710000,0.143367,0.000039
43,mobley_4678740,-1.832429,1.070000,2.902429,0.015841
43,mobley_2689721,1.074604,1.230000,0.155396,0.000045
43,mobley_1662128,1.210416,1.380000,0.169584,0.000054
43,mobley_4762983,1.963917,1.660000,0.303917,0.000174
43,mobley_7732703,0.851848,1.790000,0.938152,0.001655
43,mobley_2068538,1.428043,2.000000,0.571957,0.000615
43,mobley_5157661,1.692586,2.300000,0.607414,0.000694
43,mobley_1261349,2.481035,2.510000,0.028965,0.000002
43,mobley_2328633,2.212307,2.550000,0.337692,0.000214
43,mobley_8436428,2.998941,2.830000,0.168941,0.000054
43,mobley_3060426,4.003206,2.930000,1.073206,0.002166
43,mobley_2197088,3.193385,3.160000,0.033385,0.000002
44,mobley_9534740,-23.231758,-25.469999,2.238241,0.009421
44,mobley_6239320,-18.651773,-18.059999,0.591774,0.000659
44,mobley_7794077,-12.122929,-15.460000,3.337071,0.020941
44,mobley_7415647,-12.797567,-11.950000,0.847568,0.001351
44,mobley_1728386,-10.327943,-11.000000,0.672057,0.000849
44,mobley_2269032,-10.342285,-10.210000,0.132285,0.000033
44,mobley_2913224,-7.822095,-9.940000,2.117905,0.008435
44,mobley_2659552,-9.927296,-9.760000,0.167295,0.000053
44,mobley_7176290,-8.832736,-9.620000,0.787264,0.001165
44,mobley_2295058,-9.359015,-9.510000,0.150986,0.000043
44,mobley_6055410,-11.299843,-9.400000,1.899843,0.006787
44,mobley_4639255,-9.396717,-9.300000,0.096717,0.000018
44,mobley_1417007,-5.037545,-9.010000,3.972455,0.029674
44,mobley_6115639,-9.957520,-8.700000,1.257520,0.002974
44,mobley_6353617,-8.013253,-8.260000,0.246747,0.000114
44,mobley_2725215,-6.434818,-7.980000,1.545182,0.004490
44,mobley_7039935,-6.904748,-7.670000,0.765252,0.001101
44,mobley_4059279,-6.313053,-7.580000,1.266947,0.003018
44,mobley_951560,-9.746784,-7.400000,2.346784,0.010356
44,mobley_1922649,-8.546659,-7.190000,1.356658,0.003461
44,mobley_8798016,-7.590000,-7.000000,0.590000,0.000655
44,mobley_1858644,-7.333192,-6.790000,0.543192,0.000555
44,mobley_9114381,-6.214871,-6.720000,0.505129,0.000480
44,mobley_5311804,-6.014095,-6.620000,0.605905,0.000690
44,mobley_6743808,-6.388801,-6.500000,0.111199,0.000023
44,mobley_8789864,-6.296392,-6.400000,0.103608,0.000020
44,mobley_7009711,-6.432416,-6.270000,0.162416,0.000050
44,mobley_8789465,-4.721575,-6.200000,1.478425,0.004110
44,mobley_2923700,-6.213751,-6.130000,0.083751,0.000013
44,mobley_4780078,-5.586076,-6.010000,0.423924,0.000338
44,mobley_5467162,-5.463783,-5.910000,0.446217,0.000374
44,mobley_6257907,-6.084863,-5.820000,0.264863,0.000132
44,mobley_7913234,-6.183522,-5.730000,0.453522,0.000387
44,mobley_5518547,-6.045278,-5.570000,0.475278,0.000425
44,mobley_4883284,-6.161968,-5.490000,0.671968,0.000849
44,mobley_5220185,-5.395947,-5.450000,0.054053,0.000005
44,mobley_3359593,-5.522327,-5.260000,0.262327,0.000129
44,mobley_4683624,-6.033055,-5.210000,0.823055,0.001274
44,mobley_1636752,-3.873930,-5.100000,1.226070,0.002827
44,mobley_2310185,-5.005127,-5.000000,0.005127,0.000000
44,mobley_3682850,-4.404679,-4.910000,0.505321,0.000480
44,mobley_1363784,-5.355423,-4.840000,0.515423,0.000500
44,mobley_2837389,-3.939383,-4.780000,0.840617,0.001329
44,mobley_9507933,-5.185032,-4.720000,0.465032,0.000407
44,mobley_296847,-5.298586,-4.690000,0.608586,0.000696
44,mobley_8208692,-3.119748,-4.610000,1.490252,0.004176
44,mobley_4884177,-4.789237,-4.590000,0.199236,0.000075
44,mobley_6714389,-4.645335,-4.550000,0.095335,0.000017
44,mobley_2245668,-4.449049,-4.500000,0.050951,0.000005
44,mobley_5973402,-4.532336,-4.420000,0.112336,0.000024
44,mobley_3546460,-4.532687,-4.400000,0.132687,0.000033
44,mobley_8311303,-4.412004,-4.380000,0.032004,0.000002
44,mobley_9741965,-5.689645,-4.290000,1.399645,0.003684
44,mobley_4603202,-3.336050,-4.230000,0.893950,0.001503
44,mobley_628086,-4.300827,-4.160000,0.140827,0.000037
44,mobley_4620651,-4.198661,-4.100000,0.098661,0.000018
44,mobley_7977115,-4.380694,-4.060000,0.320694,0.000193
44,mobley_2789243,-3.459188,-4.010000,0.550812,0.000571
44,mobley_3968739,-4.413931,-3.920000,0.493931,0.000459
44,mobley_63712,-3.570822,-3.880000,0.309178,0.000180
44,mobley_1046331,-3.787427,-3.820000,0.032573,0.000002
44,mobley_1160109,-3.905374,-3.750000,0.155374,0.000045
44,mobley_4149784,-3.965654,-3.670000,0.295654,0.000164
44,mobley_397645,-4.430688,-3.640000,0.790688,0.001176
44,mobley_4690963,-5.326767,-3.540000,1.786767,0.006003
44,mobley_1967551,-3.129906,-3.500000,0.370094,0.000258
44,mobley_6733657,-4.522783,-3.440000,1.082783,0.002205
44,mobley_9565165,-3.853752,-3.350000,0.503752,0.000477
44,mobley_2487143,-3.161344,-3.280000,0.118656,0.000026
44,mobley_8449031,-2.343568,-3.220000,0.876432,0.001444
44,mobley_172879,-3.617888,-3.150000,0.467888,0.000412
44,mobley_5346580,-2.943195,-3.110000,0.166805,0.000052
44,mobley_3573480,-3.168619,-3.040000,0.128619,0.000031
44,mobley_1075836,-3.365753,-2.930000,0.435753,0.000357
44,mobley_6102880,-4.799274,-2.870000,1.929274,0.006999
44,mobley_1827204,-2.653282,-2.810000,0.156718,0.000046
44,mobley_2146331,-1.877724,-2.750000,0.872276,0.001431
44,mobley_7943327,-3.189411,-2.680000,0.509411,0.000488
44,mobley_5110043,-3.139983,-2.630000,0.509983,0.000489
44,mobley_5616693,-3.063290,-2.530000,0.533290,0.000535
44,mobley_6619554,-2.611069,-2.490000,0.121069,0.000028
44,mobley_6359156,-4.644794,-2.460000,2.184793,0.008976
44,mobley_1781152,-2.828840,-2.400000,0.428840,0.000346
44,mobley_859464,-2.722448,-2.360000,0.362448,0.000247
44,mobley_7150646,-1.633332,-2.300000,0.666667,0.000836
44,mobley_1592519,-2.817466,-2.230000,0.587466,0.000649
44,mobley_5538249,-2.307352,-2.160000,0.147352,0.000041
44,mobley_6911232,-1.955136,-2.100000,0.144864,0.000039
44,mobley_3269565,-1.825539,-2.010000,0.184461,0.000064
44,mobley_2484519,-2.986142,-1.930000,1.056142,0.002098
44,mobley_7690440,-4.553814,-1.830000,2.723814,0.013951
44,mobley_3802803,-1.441711,-1.660000,0.218289,0.000090
44,mobley_1144156,-1.872544,-1.590000,0.282544,0.000150
44,mobley_2481002,-1.179348,-1.450000,0.270652,0.000138
44,mobley_2489709,-1.520208,-1.360000,0.160208,0.000048
44,mobley_5052949,-1.226584,-1.280000,0.053416,0.000005
44,mobley_2492140,-1.535447,-1.230000,0.305447,0.000175
44,mobley_7542832,-1.748853,-1.160000,0.588853,0.000652
44,mobley_7814642,-1.982264,-1.120000,0.862264,0.001398
44,mobley_1563176,-0.733325,-0.990000,0.256675,0.000124
44,mobley_1873346,-1.003546,-0.900000,0.103547,0.000020
44,mobley_3040612,-0.998668,-0.850000,0.148668,0.000042
44,mobley_4483973,-2.467440,-0.800000,1.667440,0.005228
44,mobley_9913368,-1.191906,-0.780000,0.411906,0.000319
44,mobley_1449384,-0.841550,-0.680000,0.161550,0.000049
44,mobley_7708038,-0.595628,-0.560000,0.035628,0.000002
44,mobley_8311321,-0.633358,-0.500000,0.133358,0.000033
44,mobley_766666,-0.410486,-0.440000,0.029514,0.000002
44,mobley_5445548,-0.722479,-0.300000,0.422479,0.000336
44,mobley_9029594,-2.438823,-0.220000,2.218823,0.009258
44,mobley_3370989,-2.677073,-0.110000,2.567073,0.012392
44,mobley_627267,-0.246156,-0.030000,0.216156,0.000088
44,mobley_6250025,0.034466,0.080000,0.045534,0.000004
44,mobley_4252724,-0.765176,0.160000,0.925176,0.001610
44,mobley_7157427,0.281621,0.290000,0.008379,0.000000
44,mobley_8885088,-0.769237,0.560000,1.329237,0.003323
44,mobley_8522124,0.539414,0.710000,0.170586,0.000055
44,mobley_4678740,-1.487516,1.070000,2.557516,0.012300
44,mobley_2689721,0.968507,1.230000,0.261494,0.000129
44,mobley_1662128,1.084098,1.380000,0.295902,0.000165
44,mobley_4762983,1.678688,1.660000,0.018688,0.000001
44,mobley_7732703,0.941991,1.790000,0.848009,0.001352
44,mobley_2068538,1.374169,2.000000,0.625831,0.000737
44,mobley_5157661,1.559509,2.300000,0.740491,0.001031
44,mobley_1261349,2.181402,2.510000,0.328598,0.000203
44,mobley_2328633,1.989640,2.550000,0.560360,0.000590
44,mobley_8436428,2.691291,2.830000,0.138709,0.000036
44,mobley_3060426,3.440899,2.930000,0.510899,0.000491
44,mobley_2197088,3.031879,3.160000,0.128121,0.000031
45,mobley_9534740,-23.295643,-25.469999,2.174356,0.008890
45,mobley_6239320,-19.899485,-18.059999,1.839485,0.006363
45,mobley_7794077,-13.131196,-15.460000,2.328804,0.010198
45,mobley_7415647,-12.270123,-11.950000,0.320124,0.000193
45,mobley_1728386,-10.579665,-11.000000,0.420335,0.000332
45,mobley_2269032,-10.067739,-10.210000,0.142262,0.000038
45,mobley_2913224,-7.436472,-9.940000,2.503527,0.011786
45,mobley_2659552,-9.586441,-9.760000,0.173559,0.000057
45,mobley_7176290,-8.392050,-9.620000,1.227950,0.002835
45,mobley_2295058,-9.091182,-9.510000,0.418818,0.000330
45,mobley_6055410,-11.209955,-9.400000,1.809956,0.006160
45,mobley_4639255,-9.421889,-9.300000,0.121889,0.000028
45,mobley_1417007,-5.459462,-9.010000,3.550539,0.023706
45,mobley_6115639,-9.932046,-8.700000,1.232046,0.002854
45,mobley_6353617,-7.953815,-8.260000,0.306185,0.000176
45,mobley_2725215,-6.617404,-7.980000,1.362596,0.003491
45,mobley_7039935,-6.993034,-7.670000,0.676966,0.000862
45,mobley_4059279,-6.055352,-7.580000,1.524648,0.004371
45,mobley_951560,-9.547618,-7.400000,2.147618,0.008673
45,mobley_1922649,-7.835680,-7.190000,0.645680,0.000784
45,mobley_8798016,-7.742103,-7.000000,0.742103,0.001036
45,mobley_1858644,-7.276986,-6.790000,0.486986,0.000446
45,mobley_9114381,-6.179076,-6.720000,0.540924,0.000550
45,mobley_5311804,-6.110441,-6.620000,0.509559,0.000488
45,mobley_6743808,-5.942544,-6.500000,0.557456,0.000584
45,mobley_8789864,-5.883901,-6.400000,0.516099,0.000501
45,mobley_7009711,-5.984439,-6.270000,0.285561,0.000153
45,mobley_8789465,-4.771333,-6.200000,1.428667,0.003838
45,mobley_2923700,-5.982626,-6.130000,0.147374,0.000041
45,mobley_4780078,-5.364663,-6.010000,0.645337,0.000783
45,mobley_5467162,-5.175643,-5.910000,0.734357,0.001014
45,mobley_6257907,-5.472908,-5.820000,0.347093,0.000227
45,mobley_7913234,-5.815571,-5.730000,0.085571,0.000014
45,mobley_5518547,-5.776833,-5.570000,0.206833,0.000080
45,mobley_4883284,-6.032467,-5.490000,0.542468,0.000553
45,mobley_5220185,-5.153172,-5.450000,0.296828,0.000166
45,mobley_3359593,-5.553270,-5.260000,0.293270,0.000162
45,mobley_4683624,-5.929754,-5.210000,0.719754,0.000974
45,mobley_1636752,-3.944481,-5.100000,1.155519,0.002511
45,mobley_2310185,-4.888751,-5.000000,0.111249,0.000023
45,mobley_3682850,-4.214062,-4.910000,0.695938,0.000911
45,mobley_1363784,-5.066884,-4.840000,0.226884,0.000097
45,mobley_2837389,-3.907668,-4.780000,0.872332,0.001431
45,mobley_9507933,-4.964352,-4.720000,0.244352,0.000112
45,mobley_296847,-5.167448,-4.690000,0.477448,0.000429
45,mobley_8208692,-3.132928,-4.610000,1.477072,0.004103
45,mobley_4884177,-4.613520,-4.590000,0.023520,0.000001
45,mobley_6714389,-4.389011,-4.550000,0.160989,0.000049
45,mobley_2245668,-4.242304,-4.500000,0.257696,0.000125
45,mobley_5973402,-4.343967,-4.420000,0.076033,0.000011
45,mobley_3546460,-4.473132,-4.400000,0.073132,0.000010
45,mobley_8311303,-4.168054,-4.380000,0.211946,0.000084
45,mobley_9741965,-5.478518,-4.290000,1.188518,0.002656
45,mobley_4603202,-3.073699,-4.230000,1.156301,0.002514
45,mobley_628086,-4.041054,-4.160000,0.118946,0.000027
45,mobley_4620651,-3.885552,-4.100000,0.214448,0.000086
45,mobley_7977115,-4.324285,-4.060000,0.264285,0.000131
45,mobley_2789243,-3.104289,-4.010000,0.905711,0.001543
45,mobley_3968739,-4.209266,-3.920000,0.289266,0.000157
45,mobley_63712,-3.453297,-3.880000,0.426703,0.000342
45,mobley_1046331,-3.621201,-3.820000,0.198799,0.000074
45,mobley_1160109,-3.725106,-3.750000,0.024894,0.000001
45,mobley_4149784,-2.408287,-3.670000,1.261713,0.002994
45,mobley_397645,-4.235034,-3.640000,0.595034,0.000666
45,mobley_4690963,-4.775927,-3.540000,1.235927,0.002872
45,mobley_1967551,-3.187135,-3.500000,0.312865,0.000184
45,mobley_6733657,-4.451245,-3.440000,1.011245,0.001923
45,mobley_9565165,-3.913021,-3.350000,0.563021,0.000596
45,mobley_2487143,-2.951094,-3.280000,0.328906,0.000203
45,mobley_8449031,-2.162900,-3.220000,1.057100,0.002101
45,mobley_172879,-3.411718,-3.150000,0.261718,0.000129
45,mobley_5346580,-2.255072,-3.110000,0.854928,0.001374
45,mobley_3573480,-2.947781,-3.040000,0.092219,0.000016
45,mobley_1075836,-3.005887,-2.930000,0.075887,0.000011
45,mobley_6102880,-4.495003,-2.870000,1.625003,0.004966
45,mobley_1827204,-2.548038,-2.810000,0.261962,0.000129
45,mobley_2146331,-1.508811,-2.750000,1.241189,0.002897
45,mobley_7943327,-2.772568,-2.680000,0.092567,0.000016
45,mobley_5110043,-2.912012,-2.630000,0.282012,0.000150
45,mobley_5616693,-2.878439,-2.530000,0.348439,0.000228
45,mobley_6619554,-2.327286,-2.490000,0.162714,0.000050
45,mobley_6359156,-3.751095,-2.460000,1.291095,0.003135
45,mobley_1781152,-1.880419,-2.400000,0.519581,0.000508
45,mobley_859464,-2.289807,-2.360000,0.070193,0.000009
45,mobley_7150646,-1.628215,-2.300000,0.671785,0.000849
45,mobley_1592519,-2.439628,-2.230000,0.209628,0.000083
45,mobley_5538249,-1.993252,-2.160000,0.166749,0.000052
45,mobley_6911232,-1.397308,-2.100000,0.702692,0.000929
45,mobley_3269565,-1.249711,-2.010000,0.760289,0.001087
45,mobley_2484519,-3.007134,-1.930000,1.077134,0.002182
45,mobley_7690440,-3.758708,-1.830000,1.928707,0.006995
45,mobley_3802803,-1.190058,-1.660000,0.469942,0.000415
45,mobley_1144156,-1.417657,-1.590000,0.172343,0.000056
45,mobley_2481002,-1.436215,-1.450000,0.013785,0.000000
45,mobley_2489709,-1.369005,-1.360000,0.009005,0.000000
45,mobley_5052949,-0.947148,-1.280000,0.332852,0.000208
45,mobley_2492140,-1.400368,-1.230000,0.170368,0.000055
45,mobley_7542832,-1.433767,-1.160000,0.273767,0.000141
45,mobley_7814642,-1.602517,-1.120000,0.482517,0.000438
45,mobley_1563176,-0.617489,-0.990000,0.372511,0.000261
45,mobley_1873346,-0.847259,-0.900000,0.052741,0.000005
45,mobley_3040612,-0.696739,-0.850000,0.153261,0.000044
45,mobley_4483973,-2.293353,-0.800000,1.493353,0.004194
45,mobley_9913368,-1.145733,-0.780000,0.365733,0.000252
45,mobley_1449384,-0.519323,-0.680000,0.160677,0.000049
45,mobley_7708038,-0.506587,-0.560000,0.053413,0.000005
45,mobley_8311321,-0.537534,-0.500000,0.037534,0.000003
45,mobley_766666,-0.473129,-0.440000,0.033129,0.000002
45,mobley_5445548,-0.520126,-0.300000,0.220126,0.000091
45,mobley_9029594,-1.204085,-0.220000,0.984085,0.001821
45,mobley_3370989,-2.602806,-0.110000,2.492806,0.011685
45,mobley_627267,-0.097299,-0.030000,0.067299,0.000009
45,mobley_6250025,0.159636,0.080000,0.079636,0.000012
45,mobley_4252724,-0.599377,0.160000,0.759377,0.001084
45,mobley_7157427,0.318659,0.290000,0.028659,0.000002
45,mobley_8885088,-0.718181,0.560000,1.278181,0.003072
45,mobley_8522124,0.527567,0.710000,0.182433,0.000063
45,mobley_4678740,-1.344015,1.070000,2.414015,0.010958
45,mobley_2689721,1.056661,1.230000,0.173339,0.000057
45,mobley_1662128,1.288909,1.380000,0.091091,0.000016
45,mobley_4762983,1.868705,1.660000,0.208705,0.000082
45,mobley_7732703,1.020785,1.790000,0.769215,0.001113
45,mobley_2068538,1.470965,2.000000,0.529035,0.000526
45,mobley_5157661,1.732577,2.300000,0.567423,0.000605
45,mobley_1261349,2.298462,2.510000,0.211538,0.000084
45,mobley_2328633,2.102635,2.550000,0.447365,0.000376
45,mobley_8436428,2.943338,2.830000,0.113338,0.000024
45,mobley_3060426,3.698772,2.930000,0.768772,0.001111
45,mobley_2197088,3.210945,3.160000,0.050945,0.000005
46,mobley_9534740,-23.380577,-25.469999,2.089422,0.008209
46,mobley_6239320,-19.309969,-18.059999,1.249969,0.002938
46,mobley_7794077,-12.925842,-15.460000,2.534158,0.012076
46,mobley_7415647,-12.953285,-11.950000,1.003285,0.001893
46,mobley_1728386,-10.475088,-11.000000,0.524912,0.000518
46,mobley_2269032,-10.356044,-10.210000,0.146044,0.000040
46,mobley_2913224,-7.695225,-9.940000,2.244775,0.009476
46,mobley_2659552,-10.137413,-9.760000,0.377413,0.000268
46,mobley_7176290,-8.649374,-9.620000,0.970626,0.001772
46,mobley_2295058,-9.259174,-9.510000,0.250826,0.000118
46,mobley_6055410,-11.164265,-9.400000,1.764265,0.005853
46,mobley_4639255,-9.449025,-9.300000,0.149025,0.000042
46,mobley_1417007,-5.408105,-9.010000,3.601895,0.024396
46,mobley_6115639,-10.620029,-8.700000,1.920030,0.006932
46,mobley_6353617,-8.001304,-8.260000,0.258697,0.000126
46,mobley_2725215,-7.290203,-7.980000,0.689797,0.000895
46,mobley_7039935,-6.823758,-7.670000,0.846242,0.001347
46,mobley_4059279,-6.846870,-7.580000,0.733130,0.001011
46,mobley_951560,-9.788611,-7.400000,2.388611,0.010729
46,mobley_1922649,-8.516919,-7.190000,1.326919,0.003311
46,mobley_8798016,-7.329085,-7.000000,0.329085,0.000204
46,mobley_1858644,-7.168916,-6.790000,0.378916,0.000270
46,mobley_9114381,-6.297178,-6.720000,0.422822,0.000336
46,mobley_5311804,-5.979677,-6.620000,0.640323,0.000771
46,mobley_6743808,-6.485046,-6.500000,0.014954,0.000000
46,mobley_8789864,-6.355787,-6.400000,0.044213,0.000004
46,mobley_7009711,-6.433139,-6.270000,0.163139,0.000050
46,mobley_8789465,-4.710423,-6.200000,1.489577,0.004172
46,mobley_2923700,-6.129576,-6.130000,0.000424,0.000000
46,mobley_4780078,-5.840843,-6.010000,0.169158,0.000054
46,mobley_5467162,-5.597641,-5.910000,0.312359,0.000183
46,mobley_6257907,-5.695093,-5.820000,0.124907,0.000029
46,mobley_7913234,-6.312281,-5.730000,0.582281,0.000638
46,mobley_5518547,-5.955839,-5.570000,0.385839,0.000280
46,mobley_4883284,-5.966484,-5.490000,0.476484,0.000427
46,mobley_5220185,-5.125793,-5.450000,0.324206,0.000198
46,mobley_3359593,-5.957163,-5.260000,0.697163,0.000914
46,mobley_4683624,-6.113516,-5.210000,0.903516,0.001535
46,mobley_1636752,-3.994211,-5.100000,1.105789,0.002299
46,mobley_2310185,-4.921948,-5.000000,0.078052,0.000011
46,mobley_3682850,-4.280967,-4.910000,0.629033,0.000744
46,mobley_1363784,-5.195560,-4.840000,0.355560,0.000238
46,mobley_2837389,-3.757448,-4.780000,1.022552,0.001966
46,mobley_9507933,-5.121018,-4.720000,0.401019,0.000302
46,mobley_296847,-5.006947,-4.690000,0.316947,0.000189
46,mobley_8208692,-2.905565,-4.610000,1.704435,0.005463
46,mobley_4884177,-4.535640,-4.590000,0.054360,0.000006
46,mobley_6714389,-4.240916,-4.550000,0.309084,0.000180
46,mobley_2245668,-4.368230,-4.500000,0.131770,0.000033
46,mobley_5973402,-4.466653,-4.420000,0.046653,0.000004
46,mobley_3546460,-4.710790,-4.400000,0.310790,0.000182
46,mobley_8311303,-3.966287,-4.380000,0.413713,0.000322
46,mobley_9741965,-5.995951,-4.290000,1.705951,0.005473
46,mobley_4603202,-3.413685,-4.230000,0.816315,0.001253
46,mobley_628086,-4.043671,-4.160000,0.116329,0.000025
46,mobley_4620651,-4.173603,-4.100000,0.073603,0.000010
46,mobley_7977115,-4.359179,-4.060000,0.299180,0.000168
46,mobley_2789243,-3.139739,-4.010000,0.870261,0.001424
46,mobley_3968739,-4.349555,-3.920000,0.429555,0.000347
46,mobley_63712,-3.792234,-3.880000,0.087766,0.000014
46,mobley_1046331,-3.610898,-3.820000,0.209102,0.000082
46,mobley_1160109,-4.267670,-3.750000,0.517670,0.000504
46,mobley_4149784,-3.099834,-3.670000,0.570166,0.000611
46,mobley_397645,-4.208728,-3.640000,0.568728,0.000608
46,mobley_4690963,-5.240567,-3.540000,1.700567,0.005438
46,mobley_1967551,-3.305797,-3.500000,0.194203,0.000071
46,mobley_6733657,-4.498038,-3.440000,1.058038,0.002105
46,mobley_9565165,-3.843216,-3.350000,0.493216,0.000457
46,mobley_2487143,-3.440246,-3.280000,0.160246,0.000048
46,mobley_8449031,-2.610315,-3.220000,0.609685,0.000699
46,mobley_172879,-3.362673,-3.150000,0.212673,0.000085
46,mobley_5346580,-2.497655,-3.110000,0.612345,0.000705
46,mobley_3573480,-3.455865,-3.040000,0.415865,0.000325
46,mobley_1075836,-3.192962,-2.930000,0.262962,0.000130
46,mobley_6102880,-4.413208,-2.870000,1.543208,0.004478
46,mobley_1827204,-2.808536,-2.810000,0.001464,0.000000
46,mobley_2146331,-1.885737,-2.750000,0.864263,0.001405
46,mobley_7943327,-2.823955,-2.680000,0.143955,0.000039
46,mobley_5110043,-3.191662,-2.630000,0.561662,0.000593
46,mobley_5616693,-3.279483,-2.530000,0.749483,0.001056
46,mobley_6619554,-2.605102,-2.490000,0.115102,0.000025
46,mobley_6359156,-3.939243,-2.460000,1.479243,0.004115
46,mobley_1781152,-2.569356,-2.400000,0.169356,0.000054
46,mobley_859464,-2.786388,-2.360000,0.426388,0.000342
46,mobley_7150646,-1.662521,-2.300000,0.637479,0.000764
46,mobley_1592519,-2.767987,-2.230000,0.537987,0.000544
46,mobley_5538249,-1.937860,-2.160000,0.222140,0.000093
46,mobley_6911232,-1.860971,-2.100000,0.239029,0.000107
46,mobley_3269565,-1.887794,-2.010000,0.122206,0.000028
46,mobley_2484519,-3.018780,-1.930000,1.088780,0.002229
46,mobley_7690440,-3.947656,-1.830000,2.117656,0.008433
46,mobley_3802803,-1.782387,-1.660000,0.122387,0.000028
46,mobley_1144156,-1.842592,-1.590000,0.252592,0.000120
46,mobley_2481002,-1.573536,-1.450000,0.123536,0.000029
46,mobley_2489709,-1.409465,-1.360000,0.049465,0.000005
46,mobley_5052949,-1.382222,-1.280000,0.102222,0.000020
46,mobley_2492140,-1.817383,-1.230000,0.587383,0.000649
46,mobley_7542832,-1.748625,-1.160000,0.588625,0.000652
46,mobley_7814642,-1.613849,-1.120000,0.493849,0.000459
46,mobley_1563176,-1.025284,-0.990000,0.035284,0.000002
46,mobley_1873346,-0.983007,-0.900000,0.083007,0.000013
46,mobley_3040612,-1.151398,-0.850000,0.301398,0.000171
46,mobley_4483973,-2.228779,-0.800000,1.428779,0.003839
46,mobley_9913368,-1.253430,-0.780000,0.473430,0.000421
46,mobley_1449384,-0.936594,-0.680000,0.256594,0.000124
46,mobley_7708038,-0.900869,-0.560000,0.340869,0.000218
46,mobley_8311321,-0.768967,-0.500000,0.268967,0.000136
46,mobley_766666,-0.546294,-0.440000,0.106294,0.000021
46,mobley_5445548,-0.724329,-0.300000,0.424329,0.000339
46,mobley_9029594,-1.484179,-0.220000,1.264179,0.003005
46,mobley_3370989,-2.899139,-0.110000,2.789139,0.014629
46,mobley_627267,-0.324148,-0.030000,0.294148,0.000163
46,mobley_6250025,-0.258069,0.080000,0.338069,0.000215
46,mobley_4252724,-0.782028,0.160000,0.942028,0.001669
46,mobley_7157427,-0.092857,0.290000,0.382857,0.000276
46,mobley_8885088,-0.880413,0.560000,1.440413,0.003902
46,mobley_8522124,0.106768,0.710000,0.603232,0.000684
46,mobley_4678740,-1.830395,1.070000,2.900395,0.015819
46,mobley_2689721,0.622735,1.230000,0.607265,0.000693
46,mobley_1662128,0.703001,1.380000,0.676999,0.000862
46,mobley_4762983,1.095317,1.660000,0.564682,0.000600
46,mobley_7732703,0.697545,1.790000,1.092455,0.002244
46,mobley_2068538,1.353267,2.000000,0.646733,0.000787
46,mobley_5157661,1.689969,2.300000,0.610031,0.000700
46,mobley_1261349,2.149499,2.510000,0.360501,0.000244
46,mobley_2328633,1.382369,2.550000,1.167631,0.002564
46,mobley_8436428,2.557035,2.830000,0.272965,0.000140
46,mobley_3060426,3.069858,2.930000,0.139858,0.000037
46,mobley_2197088,2.424870,3.160000,0.735130,0.001016
47,mobley_9534740,-23.630400,-25.469999,1.839600,0.006364
47,mobley_6239320,-19.162352,-18.059999,1.102352,0.002285
47,mobley_7794077,-12.690907,-15.460000,2.769094,0.014419
47,mobley_7415647,-13.794274,-11.950000,1.844275,0.006396
47,mobley_1728386,-10.541552,-11.000000,0.458448,0.000395
47,mobley_2269032,-10.278797,-10.210000,0.068797,0.000009
47,mobley_2913224,-7.813627,-9.940000,2.126373,0.008502
47,mobley_2659552,-10.382911,-9.760000,0.622910,0.000730
47,mobley_7176290,-9.554716,-9.620000,0.065284,0.000008
47,mobley_2295058,-9.604931,-9.510000,0.094931,0.000017
47,mobley_6055410,-12.069260,-9.400000,2.669260,0.013398
47,mobley_4639255,-9.636156,-9.300000,0.336156,0.000212
47,mobley_1417007,-5.680833,-9.010000,3.329167,0.020842
47,mobley_6115639,-7.507278,-8.700000,1.192722,0.002675
47,mobley_6353617,-8.394563,-8.260000,0.134562,0.000034
47,mobley_2725215,-7.904520,-7.980000,0.075480,0.000011
47,mobley_7039935,-7.088353,-7.670000,0.581647,0.000636
47,mobley_4059279,-6.289647,-7.580000,1.290353,0.003131
47,mobley_951560,-9.340477,-7.400000,1.940477,0.007081
47,mobley_1922649,-8.533355,-7.190000,1.343355,0.003393
47,mobley_8798016,-7.794338,-7.000000,0.794338,0.001187
47,mobley_1858644,-7.044886,-6.790000,0.254886,0.000122
47,mobley_9114381,-6.063922,-6.720000,0.656077,0.000809
47,mobley_5311804,-5.857298,-6.620000,0.762702,0.001094
47,mobley_6743808,-6.935186,-6.500000,0.435186,0.000356
47,mobley_8789864,-6.170492,-6.400000,0.229508,0.000099
47,mobley_7009711,-7.038651,-6.270000,0.768651,0.001111
47,mobley_8789465,-4.849193,-6.200000,1.350807,0.003431
47,mobley_2923700,-6.433491,-6.130000,0.303491,0.000173
47,mobley_4780078,-6.436601,-6.010000,0.426600,0.000342
47,mobley_5467162,-5.976391,-5.910000,0.066391,0.000008
47,mobley_6257907,-6.208462,-5.820000,0.388462,0.000284
47,mobley_7913234,-5.517689,-5.730000,0.212311,0.000085
47,mobley_5518547,-6.425852,-5.570000,0.855852,0.001377
47,mobley_4883284,-6.235825,-5.490000,0.745825,0.001046
47,mobley_5220185,-5.716340,-5.450000,0.266340,0.000133
47,mobley_3359593,-5.621727,-5.260000,0.361727,0.000246
47,mobley_4683624,-6.425961,-5.210000,1.215961,0.002780
47,mobley_1636752,-4.036233,-5.100000,1.063767,0.002128
47,mobley_2310185,-5.014068,-5.000000,0.014068,0.000000
47,mobley_3682850,-4.135118,-4.910000,0.774881,0.001129
47,mobley_1363784,-5.666316,-4.840000,0.826316,0.001284
47,mobley_2837389,-3.876540,-4.780000,0.903460,0.001535
47,mobley_9507933,-5.426054,-4.720000,0.706054,0.000937
47,mobley_296847,-5.412734,-4.690000,0.722733,0.000982
47,mobley_8208692,-2.918816,-4.610000,1.691184,0.005378
47,mobley_4884177,-4.725490,-4.590000,0.135489,0.000035
47,mobley_6714389,-3.983600,-4.550000,0.566400,0.000603
47,mobley_2245668,-4.656725,-4.500000,0.156725,0.000046
47,mobley_5973402,-4.455774,-4.420000,0.035774,0.000002
47,mobley_3546460,-4.393880,-4.400000,0.006120,0.000000
47,mobley_8311303,-4.366007,-4.380000,0.013993,0.000000
47,mobley_9741965,-5.768542,-4.290000,1.478542,0.004111
47,mobley_4603202,-2.617082,-4.230000,1.612918,0.004892
47,mobley_628086,-3.578227,-4.160000,0.581773,0.000636
47,mobley_4620651,-3.498190,-4.100000,0.601810,0.000681
47,mobley_7977115,-4.171000,-4.060000,0.111000,0.000023
47,mobley_2789243,-3.380105,-4.010000,0.629895,0.000746
47,mobley_3968739,-4.196099,-3.920000,0.276099,0.000143
47,mobley_63712,-3.075048,-3.880000,0.804952,0.001218
47,mobley_1046331,-3.737492,-3.820000,0.082508,0.000013
47,mobley_1160109,-3.284476,-3.750000,0.465524,0.000408
47,mobley_4149784,-3.692711,-3.670000,0.022711,0.000001
47,mobley_397645,-4.193733,-3.640000,0.553733,0.000577
47,mobley_4690963,-4.337123,-3.540000,0.797123,0.001195
47,mobley_1967551,-3.154307,-3.500000,0.345693,0.000225
47,mobley_6733657,-4.101620,-3.440000,0.661620,0.000823
47,mobley_9565165,-3.476856,-3.350000,0.126856,0.000030
47,mobley_2487143,-3.329889,-3.280000,0.049889,0.000005
47,mobley_8449031,-2.077553,-3.220000,1.142447,0.002454
47,mobley_172879,-3.743461,-3.150000,0.593461,0.000662
47,mobley_5346580,-2.781832,-3.110000,0.328168,0.000203
47,mobley_3573480,-3.094103,-3.040000,0.054103,0.000006
47,mobley_1075836,-2.693908,-2.930000,0.236092,0.000105
47,mobley_6102880,-4.380744,-2.870000,1.510744,0.004292
47,mobley_1827204,-2.418619,-2.810000,0.391381,0.000288
47,mobley_2146331,-1.528277,-2.750000,1.221723,0.002807
47,mobley_7943327,-2.562274,-2.680000,0.117726,0.000026
47,mobley_5110043,-3.241949,-2.630000,0.611949,0.000704
47,mobley_5616693,-2.997994,-2.530000,0.467994,0.000412
47,mobley_6619554,-2.187344,-2.490000,0.302656,0.000172
47,mobley_6359156,-4.252072,-2.460000,1.792072,0.006039
47,mobley_1781152,-2.509511,-2.400000,0.109511,0.000023
47,mobley_859464,-2.654779,-2.360000,0.294779,0.000163
47,mobley_7150646,-1.625123,-2.300000,0.674877,0.000856
47,mobley_1592519,-2.122750,-2.230000,0.107250,0.000022
47,mobley_5538249,-1.994366,-2.160000,0.165634,0.000052
47,mobley_6911232,-1.337223,-2.100000,0.762776,0.001094
47,mobley_3269565,-1.362754,-2.010000,0.647246,0.000788
47,mobley_2484519,-2.798762,-1.930000,0.868762,0.001419
47,mobley_7690440,-3.949627,-1.830000,2.119627,0.008449
47,mobley_3802803,-1.540305,-1.660000,0.119695,0.000027
47,mobley_1144156,-1.224806,-1.590000,0.365194,0.000251
47,mobley_2481002,-1.287811,-1.450000,0.162189,0.000049
47,mobley_2489709,-1.551963,-1.360000,0.191963,0.000069
47,mobley_5052949,-0.593744,-1.280000,0.686256,0.000886
47,mobley_2492140,-1.652755,-1.230000,0.422755,0.000336
47,mobley_7542832,-0.994072,-1.160000,0.165928,0.000052
47,mobley_7814642,-1.797946,-1.120000,0.677946,0.000864
47,mobley_1563176,-0.579745,-0.990000,0.410255,0.000316
47,mobley_1873346,-0.916492,-0.900000,0.016492,0.000001
47,mobley_3040612,-0.713774,-0.850000,0.136226,0.000035
47,mobley_4483973,-2.344829,-0.800000,1.544829,0.004488
47,mobley_9913368,-1.143319,-0.780000,0.363319,0.000248
47,mobley_1449384,-0.873321,-0.680000,0.193321,0.000070
47,mobley_7708038,-0.609779,-0.560000,0.049779,0.000005
47,mobley_8311321,-0.579243,-0.500000,0.079243,0.000012
47,mobley_766666,-0.364219,-0.440000,0.075781,0.000011
47,mobley_5445548,-0.504655,-0.300000,0.204655,0.000079
47,mobley_9029594,-1.067429,-0.220000,0.847429,0.001350
47,mobley_3370989,-2.722374,-0.110000,2.612374,0.012833
47,mobley_627267,-0.050099,-0.030000,0.020099,0.000001
47,mobley_6250025,0.359048,0.080000,0.279048,0.000146
47,mobley_4252724,-0.524918,0.160000,0.684918,0.000882
47,mobley_7157427,0.646946,0.290000,0.356946,0.000240
47,mobley_8885088,-0.172290,0.560000,0.732290,0.001008
47,mobley_8522124,0.924585,0.710000,0.214585,0.000087
47,mobley_4678740,-0.807479,1.070000,1.877479,0.006628
47,mobley_2689721,0.728872,1.230000,0.501128,0.000472
47,mobley_1662128,1.145601,1.380000,0.234399,0.000103
47,mobley_4762983,1.955903,1.660000,0.295903,0.000165
47,mobley_7732703,1.047277,1.790000,0.742723,0.001037
47,mobley_2068538,1.235343,2.000000,0.764657,0.001100
47,mobley_5157661,1.725130,2.300000,0.574870,0.000621
47,mobley_1261349,1.815387,2.510000,0.694613,0.000907
47,mobley_2328633,2.251530,2.550000,0.298470,0.000168
47,mobley_8436428,2.886283,2.830000,0.056283,0.000006
47,mobley_3060426,3.522355,2.930000,0.592355,0.000660
47,mobley_2197088,3.081164,3.160000,0.078836,0.000012
48,mobley_9534740,-22.799334,-25.469999,2.670666,0.013412
48,mobley_6239320,-18.934553,-18.059999,0.874554,0.001438
48,mobley_7794077,-11.985575,-15.460000,3.474425,0.022700
48,mobley_7415647,-11.073874,-11.950000,0.876125,0.001443
48,mobley_1728386,-10.480077,-11.000000,0.519923,0.000508
48,mobley_2269032,-9.713701,-10.210000,0.496299,0.000463
48,mobley_2913224,-7.289849,-9.940000,2.650150,0.013207
48,mobley_2659552,-8.848127,-9.760000,0.911873,0.001564
48,mobley_7176290,-8.077975,-9.620000,1.542025,0.004471
48,mobley_2295058,-8.851253,-9.510000,0.658748,0.000816
48,mobley_6055410,-10.985999,-9.400000,1.585999,0.004730
48,mobley_4639255,-9.656825,-9.300000,0.356825,0.000239
48,mobley_1417007,-5.450186,-9.010000,3.559814,0.023830
48,mobley_6115639,-9.294556,-8.700000,0.594556,0.000665
48,mobley_6353617,-7.381199,-8.260000,0.878801,0.001452
48,mobley_2725215,-6.793855,-7.980000,1.186145,0.002646
48,mobley_7039935,-6.740275,-7.670000,0.929725,0.001625
48,mobley_4059279,-5.672146,-7.580000,1.907854,0.006845
48,mobley_951560,-8.973096,-7.400000,1.573096,0.004653
48,mobley_1922649,-8.124676,-7.190000,0.934676,0.001643
48,mobley_8798016,-6.958605,-7.000000,0.041395,0.000003
48,mobley_1858644,-6.975292,-6.790000,0.185292,0.000065
48,mobley_9114381,-5.822147,-6.720000,0.897852,0.001516
48,mobley_5311804,-5.747526,-6.620000,0.872474,0.001431
48,mobley_6743808,-5.679509,-6.500000,0.820491,0.001266
48,mobley_8789864,-5.827972,-6.400000,0.572028,0.000615
48,mobley_7009711,-5.761637,-6.270000,0.508363,0.000486
48,mobley_8789465,-4.344291,-6.200000,1.855709,0.006476
48,mobley_2923700,-5.679089,-6.130000,0.450911,0.000382
48,mobley_4780078,-5.216122,-6.010000,0.793878,0.001185
48,mobley_5467162,-4.896161,-5.910000,1.013839,0.001933
48,mobley_6257907,-5.516933,-5.820000,0.303067,0.000173
48,mobley_7913234,-5.445499,-5.730000,0.284501,0.000152
48,mobley_5518547,-5.437438,-5.570000,0.132562,0.000033
48,mobley_4883284,-5.714971,-5.490000,0.224971,0.000095
48,mobley_5220185,-5.167133,-5.450000,0.282866,0.000150
48,mobley_3359593,-4.941017,-5.260000,0.318984,0.000191
48,mobley_4683624,-5.648604,-5.210000,0.438604,0.000362
48,mobley_1636752,-4.074375,-5.100000,1.025625,0.001978
48,mobley_2310185,-4.934721,-5.000000,0.065279,0.000008
48,mobley_3682850,-4.078864,-4.910000,0.831136,0.001299
48,mobley_1363784,-4.369605,-4.840000,0.470395,0.000416
48,mobley_2837389,-3.531339,-4.780000,1.248662,0.002932
48,mobley_9507933,-4.493999,-4.720000,0.226000,0.000096
48,mobley_296847,-4.997405,-4.690000,0.307405,0.000178
48,mobley_8208692,-3.094518,-4.610000,1.515482,0.004319
48,mobley_4884177,-4.174069,-4.590000,0.415931,0.000325
48,mobley_6714389,-4.019356,-4.550000,0.530644,0.000530
48,mobley_2245668,-4.241716,-4.500000,0.258284,0.000125
48,mobley_5973402,-4.149505,-4.420000,0.270495,0.000138
48,mobley_3546460,-4.220032,-4.400000,0.179968,0.000061
48,mobley_8311303,-4.148335,-4.380000,0.231665,0.000101
48,mobley_9741965,-4.647562,-4.290000,0.357562,0.000240
48,mobley_4603202,-3.244246,-4.230000,0.985754,0.001827
48,mobley_628086,-3.476180,-4.160000,0.683820,0.000879
48,mobley_4620651,-3.393059,-4.100000,0.706941,0.000940
48,mobley_7977115,-3.890662,-4.060000,0.169338,0.000054
48,mobley_2789243,-3.208461,-4.010000,0.801539,0.001208
48,mobley_3968739,-4.229479,-3.920000,0.309479,0.000180
48,mobley_63712,-2.956881,-3.880000,0.923119,0.001602
48,mobley_1046331,-3.502663,-3.820000,0.317337,0.000189
48,mobley_1160109,-2.987780,-3.750000,0.762220,0.001093
48,mobley_4149784,-2.950483,-3.670000,0.719517,0.000974
48,mobley_397645,-4.354235,-3.640000,0.714235,0.000959
48,mobley_4690963,-4.512781,-3.540000,0.972781,0.001779
48,mobley_1967551,-3.113428,-3.500000,0.386572,0.000281
48,mobley_6733657,-4.303086,-3.440000,0.863086,0.001401
48,mobley_9565165,-3.465503,-3.350000,0.115503,0.000025
48,mobley_2487143,-2.786047,-3.280000,0.493953,0.000459
48,mobley_8449031,-2.039954,-3.220000,1.180046,0.002619
48,mobley_172879,-3.173137,-3.150000,0.023137,0.000001
48,mobley_5346580,-2.132590,-3.110000,0.977410,0.001796
48,mobley_3573480,-2.642721,-3.040000,0.397279,0.000297
48,mobley_1075836,-2.727409,-2.930000,0.202591,0.000077
48,mobley_6102880,-4.029563,-2.870000,1.159563,0.002528
48,mobley_1827204,-2.312966,-2.810000,0.497034,0.000465
48,mobley_2146331,-1.498877,-2.750000,1.251123,0.002943
48,mobley_7943327,-2.679679,-2.680000,0.000321,0.000000
48,mobley_5110043,-2.460420,-2.630000,0.169580,0.000054
48,mobley_5616693,-2.282440,-2.530000,0.247560,0.000115
48,mobley_6619554,-2.245825,-2.490000,0.244175,0.000112
48,mobley_6359156,-4.000973,-2.460000,1.540973,0.004465
48,mobley_1781152,-1.971347,-2.400000,0.428653,0.000346
48,mobley_859464,-2.389916,-2.360000,0.029917,0.000002
48,mobley_7150646,-1.578621,-2.300000,0.721379,0.000979
48,mobley_1592519,-2.073155,-2.230000,0.156845,0.000046
48,mobley_5538249,-2.591311,-2.160000,0.431310,0.000350
48,mobley_6911232,-1.454851,-2.100000,0.645149,0.000783
48,mobley_3269565,-1.268692,-2.010000,0.741308,0.001033
48,mobley_2484519,-2.632776,-1.930000,0.702776,0.000929
48,mobley_7690440,-3.358768,-1.830000,1.528768,0.004395
48,mobley_3802803,-0.854708,-1.660000,0.805292,0.001219
48,mobley_1144156,-1.443634,-1.590000,0.146366,0.000040
48,mobley_2481002,-0.306317,-1.450000,1.143683,0.002460
48,mobley_2489709,-1.249837,-1.360000,0.110163,0.000023
48,mobley_5052949,-0.641902,-1.280000,0.638098,0.000766
48,mobley_2492140,-1.479832,-1.230000,0.249832,0.000117
48,mobley_7542832,-1.092955,-1.160000,0.067045,0.000008
48,mobley_7814642,-1.591379,-1.120000,0.471379,0.000418
48,mobley_1563176,-0.553770,-0.990000,0.436230,0.000358
48,mobley_1873346,-0.761767,-0.900000,0.138233,0.000036
48,mobley_3040612,-0.440328,-0.850000,0.409672,0.000316
48,mobley_4483973,-2.195175,-0.800000,1.395175,0.003660
48,mobley_9913368,-1.163572,-0.780000,0.383572,0.000277
48,mobley_1449384,-0.270741,-0.680000,0.409259,0.000315
48,mobley_7708038,-0.611753,-0.560000,0.051753,0.000005
48,mobley_8311321,-0.629730,-0.500000,0.129730,0.000032
48,mobley_766666,-0.128568,-0.440000,0.311432,0.000182
48,mobley_5445548,-0.392348,-0.300000,0.092348,0.000016
48,mobley_9029594,-0.988729,-0.220000,0.768729,0.001111
48,mobley_3370989,-2.505578,-0.110000,2.395578,0.010792
48,mobley_627267,0.084639,-0.030000,0.114639,0.000025
48,mobley_6250025,0.407256,0.080000,0.327256,0.000201
48,mobley_4252724,-0.336292,0.160000,0.496292,0.000463
48,mobley_7157427,0.642622,0.290000,0.352622,0.000234
48,mobley_8885088,-0.316989,0.560000,0.876989,0.001446
48,mobley_8522124,0.964707,0.710000,0.254707,0.000122
48,mobley_4678740,-0.518575,1.070000,1.588575,0.004745
48,mobley_2689721,0.760163,1.230000,0.469837,0.000415
48,mobley_1662128,1.171823,1.380000,0.208177,0.000081
48,mobley_4762983,1.988871,1.660000,0.328871,0.000203
48,mobley_7732703,1.164938,1.790000,0.625062,0.000735
48,mobley_2068538,1.429254,2.000000,0.570746,0.000613
48,mobley_5157661,1.912329,2.300000,0.387671,0.000283
48,mobley_1261349,2.253419,2.510000,0.256581,0.000124
48,mobley_2328633,2.285900,2.550000,0.264100,0.000131
48,mobley_8436428,3.068622,2.830000,0.238622,0.000107
48,mobley_3060426,3.896244,2.930000,0.966244,0.001756
48,mobley_2197088,3.189056,3.160000,0.029056,0.000002
49,mobley_9534740,-22.787460,-25.469999,2.682539,0.013532
49,mobley_6239320,-19.297880,-18.059999,1.237881,0.002882
49,mobley_7794077,-12.697333,-15.460000,2.762667,0.014352
49,mobley_7415647,-12.710752,-11.950000,0.760753,0.001088
49,mobley_1728386,-10.325315,-11.000000,0.674685,0.000856
49,mobley_2269032,-10.060828,-10.210000,0.149172,0.000042
49,mobley_2913224,-7.448595,-9.940000,2.491405,0.011672
49,mobley_2659552,-9.644216,-9.760000,0.115785,0.000025
49,mobley_7176290,-8.768587,-9.620000,0.851413,0.001363
49,mobley_2295058,-9.132868,-9.510000,0.377132,0.000267
49,mobley_6055410,-11.225760,-9.400000,1.825760,0.006268
49,mobley_4639255,-9.681047,-9.300000,0.381047,0.000273
49,mobley_1417007,-5.602560,-9.010000,3.407441,0.021833
49,mobley_6115639,-9.235519,-8.700000,0.535520,0.000539
49,mobley_6353617,-7.845104,-8.260000,0.414896,0.000324
49,mobley_2725215,-7.594791,-7.980000,0.385209,0.000279
49,mobley_7039935,-6.700090,-7.670000,0.969910,0.001769
49,mobley_4059279,-6.204906,-7.580000,1.375094,0.003556
49,mobley_951560,-9.390206,-7.400000,1.990206,0.007448
49,mobley_1922649,-8.563772,-7.190000,1.373772,0.003549
49,mobley_8798016,-7.486184,-7.000000,0.486184,0.000444
49,mobley_1858644,-7.022146,-6.790000,0.232146,0.000101
49,mobley_9114381,-6.168371,-6.720000,0.551629,0.000572
49,mobley_5311804,-5.867683,-6.620000,0.752316,0.001064
49,mobley_6743808,-6.038804,-6.500000,0.461196,0.000400
49,mobley_8789864,-5.963135,-6.400000,0.436865,0.000359
49,mobley_7009711,-6.137271,-6.270000,0.132729,0.000033
49,mobley_8789465,-4.432140,-6.200000,1.767860,0.005877
49,mobley_2923700,-5.833419,-6.130000,0.296581,0.000165
49,mobley_4780078,-5.534137,-6.010000,0.475863,0.000426
49,mobley_5467162,-5.301723,-5.910000,0.608277,0.000696
49,mobley_6257907,-5.742141,-5.820000,0.077859,0.000011
49,mobley_7913234,-5.709113,-5.730000,0.020887,0.000001
49,mobley_5518547,-5.698070,-5.570000,0.128070,0.000031
49,mobley_4883284,-5.762990,-5.490000,0.272990,0.000140
49,mobley_5220185,-5.405668,-5.450000,0.044332,0.000004
49,mobley_3359593,-5.401106,-5.260000,0.141106,0.000037
49,mobley_4683624,-5.877579,-5.210000,0.667579,0.000838
49,mobley_1636752,-4.226265,-5.100000,0.873735,0.001436
49,mobley_2310185,-4.999147,-5.000000,0.000853,0.000000
49,mobley_3682850,-4.256075,-4.910000,0.653925,0.000804
49,mobley_1363784,-5.108686,-4.840000,0.268686,0.000136
49,mobley_2837389,-3.643669,-4.780000,1.136332,0.002428
49,mobley_9507933,-4.924852,-4.720000,0.204852,0.000079
49,mobley_296847,-5.024565,-4.690000,0.334565,0.000210
49,mobley_8208692,-3.373041,-4.610000,1.236959,0.002877
49,mobley_4884177,-4.316050,-4.590000,0.273951,0.000141
49,mobley_6714389,-4.335856,-4.550000,0.214144,0.000086
49,mobley_2245668,-4.355250,-4.500000,0.144750,0.000039
49,mobley_5973402,-4.327331,-4.420000,0.092669,0.000016
49,mobley_3546460,-4.433510,-4.400000,0.033510,0.000002
49,mobley_8311303,-4.742349,-4.380000,0.362349,0.000247
49,mobley_9741965,-5.294449,-4.290000,1.004449,0.001897
49,mobley_4603202,-3.239712,-4.230000,0.990288,0.001844
49,mobley_628086,-3.919816,-4.160000,0.240183,0.000108
49,mobley_4620651,-3.681304,-4.100000,0.418696,0.000330
49,mobley_7977115,-4.134660,-4.060000,0.074660,0.000010
49,mobley_2789243,-3.254136,-4.010000,0.755864,0.001074
49,mobley_3968739,-4.146469,-3.920000,0.226469,0.000096
49,mobley_63712,-3.312016,-3.880000,0.567984,0.000607
49,mobley_1046331,-3.590507,-3.820000,0.229493,0.000099
49,mobley_1160109,-3.581882,-3.750000,0.168118,0.000053
49,mobley_4149784,-3.283782,-3.670000,0.386218,0.000280
49,mobley_397645,-4.207105,-3.640000,0.567105,0.000605
49,mobley_4690963,-4.700126,-3.540000,1.160126,0.002531
49,mobley_1967551,-3.268837,-3.500000,0.231163,0.000100
49,mobley_6733657,-4.803946,-3.440000,1.363946,0.003498
49,mobley_9565165,-3.504800,-3.350000,0.154800,0.000045
49,mobley_2487143,-3.305181,-3.280000,0.025181,0.000001
49,mobley_8449031,-2.208220,-3.220000,1.011780,0.001925
49,mobley_172879,-3.214849,-3.150000,0.064848,0.000008
49,mobley_5346580,-2.542005,-3.110000,0.567995,0.000607
49,mobley_3573480,-3.187582,-3.040000,0.147582,0.000041
49,mobley_1075836,-2.785706,-2.930000,0.144294,0.000039
49,mobley_6102880,-3.949558,-2.870000,1.079558,0.002192
49,mobley_1827204,-2.546092,-2.810000,0.263908,0.000131
49,mobley_2146331,-1.696103,-2.750000,1.053897,0.002089
49,mobley_7943327,-2.686209,-2.680000,0.006209,0.000000
49,mobley_5110043,-2.749998,-2.630000,0.119998,0.000027
49,mobley_5616693,-2.832846,-2.530000,0.302846,0.000172
49,mobley_6619554,-2.329520,-2.490000,0.160480,0.000048
49,mobley_6359156,-4.006914,-2.460000,1.546914,0.004500
49,mobley_1781152,-2.299353,-2.400000,0.100647,0.000019
49,mobley_859464,-2.569565,-2.360000,0.209565,0.000083
49,mobley_7150646,-1.462490,-2.300000,0.837510,0.001319
49,mobley_1592519,-2.267487,-2.230000,0.037487,0.000003
49,mobley_5538249,-2.032349,-2.160000,0.127651,0.000031
49,mobley_6911232,-1.635580,-2.100000,0.464420,0.000406
49,mobley_3269565,-1.530517,-2.010000,0.479483,0.000432
49,mobley_2484519,-2.356881,-1.930000,0.426881,0.000343
49,mobley_7690440,-3.685719,-1.830000,1.855719,0.006476
49,mobley_3802803,-1.086476,-1.660000,0.573524,0.000619
49,mobley_1144156,-1.510863,-1.590000,0.079137,0.000012
49,mobley_2481002,-1.696026,-1.450000,0.246026,0.000114
49,mobley_2489709,-1.509228,-1.360000,0.149228,0.000042
49,mobley_5052949,-0.817229,-1.280000,0.462771,0.000403
49,mobley_2492140,-1.814059,-1.230000,0.584059,0.000641
49,mobley_7542832,-1.191514,-1.160000,0.031514,0.000002
49,mobley_7814642,-2.073883,-1.120000,0.953883,0.001711
49,mobley_1563176,-0.727321,-0.990000,0.262679,0.000130
49,mobley_1873346,-0.688792,-0.900000,0.211208,0.000084
49,mobley_3040612,-0.476508,-0.850000,0.373492,0.000262
49,mobley_4483973,-2.079157,-0.800000,1.279157,0.003077
49,mobley_9913368,-1.276837,-0.780000,0.496837,0.000464
49,mobley_1449384,-0.400087,-0.680000,0.279913,0.000147
49,mobley_7708038,-0.665922,-0.560000,0.105922,0.000021
49,mobley_8311321,-0.804321,-0.500000,0.304321,0.000174
49,mobley_766666,-0.677293,-0.440000,0.237293,0.000106
49,mobley_5445548,-0.298525,-0.300000,0.001475,0.000000
49,mobley_9029594,-1.125028,-0.220000,0.905028,0.001540
49,mobley_3370989,-2.787935,-0.110000,2.677935,0.013485
49,mobley_627267,-0.013013,-0.030000,0.016987,0.000001
49,mobley_6250025,0.220903,0.080000,0.140903,0.000037
49,mobley_4252724,-0.368623,0.160000,0.528623,0.000525
49,mobley_7157427,0.385098,0.290000,0.095098,0.000017
49,mobley_8885088,-0.300895,0.560000,0.860895,0.001394
49,mobley_8522124,0.741051,0.710000,0.031051,0.000002
49,mobley_4678740,-0.872313,1.070000,1.942313,0.007094
49,mobley_2689721,0.797499,1.230000,0.432501,0.000352
49,mobley_1662128,1.178269,1.380000,0.201731,0.000077
49,mobley_4762983,1.837780,1.660000,0.177780,0.000059
49,mobley_7732703,0.820377,1.790000,0.969623,0.001768
49,mobley_2068538,1.490041,2.000000,0.509959,0.000489
49,mobley_5157661,1.972313,2.300000,0.327687,0.000202
49,mobley_1261349,2.067298,2.510000,0.442702,0.000369
49,mobley_2328633,2.178970,2.550000,0.371030,0.000259
49,mobley_8436428,3.001707,2.830000,0.171707,0.000055
49,mobley_3060426,3.651749,2.930000,0.721749,0.000980
49,mobley_2197088,3.156486,3.160000,0.003514,0.000000
50,mobley_9534740,-23.736635,-25.469999,1.733364,0.005650
50,mobley_6239320,-18.729439,-18.059999,0.669439,0.000843
50,mobley_7794077,-12.418575,-15.460000,3.041425,0.017395
50,mobley_7415647,-13.266130,-11.950000,1.316131,0.003257
50,mobley_1728386,-10.366063,-11.000000,0.633937,0.000756
50,mobley_2269032,-10.354306,-10.210000,0.144306,0.000039
50,mobley_2913224,-7.450465,-9.940000,2.489535,0.011655
50,mobley_2659552,-10.115263,-9.760000,0.355263,0.000237
50,mobley_7176290,-9.323630,-9.620000,0.296370,0.000165
50,mobley_2295058,-9.296980,-9.510000,0.213020,0.000085
50,mobley_6055410,-11.845234,-9.400000,2.445234,0.011244
50,mobley_4639255,-9.775393,-9.300000,0.475393,0.000425
50,mobley_1417007,-5.564598,-9.010000,3.445403,0.022322
50,mobley_6115639,-9.582385,-8.700000,0.882385,0.001464
50,mobley_6353617,-8.082216,-8.260000,0.177784,0.000059
50,mobley_2725215,-7.738855,-7.980000,0.241145,0.000109
50,mobley_7039935,-7.024041,-7.670000,0.645959,0.000785
50,mobley_4059279,-6.338420,-7.580000,1.241580,0.002899
50,mobley_951560,-9.410102,-7.400000,2.010102,0.007598
50,mobley_1922649,-9.109814,-7.190000,1.919814,0.006931
50,mobley_8798016,-7.861740,-7.000000,0.861740,0.001396
50,mobley_1858644,-7.419563,-6.790000,0.629563,0.000745
50,mobley_9114381,-5.963758,-6.720000,0.756242,0.001075
50,mobley_5311804,-6.165573,-6.620000,0.454427,0.000388
50,mobley_6743808,-6.610870,-6.500000,0.110870,0.000023
50,mobley_8789864,-6.390347,-6.400000,0.009654,0.000000
50,mobley_7009711,-6.762251,-6.270000,0.492251,0.000456
50,mobley_8789465,-4.869023,-6.200000,1.330977,0.003331
50,mobley_2923700,-6.191460,-6.130000,0.061460,0.000007
50,mobley_4780078,-6.086829,-6.010000,0.076828,0.000011
50,mobley_5467162,-5.760306,-5.910000,0.149693,0.000042
50,mobley_6257907,-5.917412,-5.820000,0.097412,0.000018
50,mobley_7913234,-5.909785,-5.730000,0.179785,0.000061
50,mobley_5518547,-6.090208,-5.570000,0.520208,0.000509
50,mobley_4883284,-5.902013,-5.490000,0.412014,0.000319
50,mobley_5220185,-5.384297,-5.450000,0.065703,0.000008
50,mobley_3359593,-5.978641,-5.260000,0.718641,0.000971
50,mobley_4683624,-6.252843,-5.210000,1.042843,0.002045
50,mobley_1636752,-4.284041,-5.100000,0.815959,0.001252
50,mobley_2310185,-5.055661,-5.000000,0.055661,0.000006
50,mobley_3682850,-4.460160,-4.910000,0.449840,0.000381
50,mobley_1363784,-5.648201,-4.840000,0.808201,0.001228
50,mobley_2837389,-3.958709,-4.780000,0.821291,0.001268
50,mobley_9507933,-5.374702,-4.720000,0.654702,0.000806
50,mobley_296847,-5.150679,-4.690000,0.460679,0.000399
50,mobley_8208692,-3.448705,-4.610000,1.161295,0.002536
50,mobley_4884177,-4.631311,-4.590000,0.041311,0.000003
50,mobley_6714389,-4.307464,-4.550000,0.242536,0.000111
50,mobley_2245668,-4.484451,-4.500000,0.015549,0.000000
50,mobley_5973402,-4.541008,-4.420000,0.121007,0.000028
50,mobley_3546460,-4.599248,-4.400000,0.199248,0.000075
50,mobley_8311303,-4.532699,-4.380000,0.152699,0.000044
50,mobley_9741965,-5.923281,-4.290000,1.633281,0.005016
50,mobley_4603202,-3.015207,-4.230000,1.214793,0.002775
50,mobley_628086,-4.013174,-4.160000,0.146826,0.000041
50,mobley_4620651,-3.784635,-4.100000,0.315365,0.000187
50,mobley_7977115,-4.416091,-4.060000,0.356091,0.000238
50,mobley_2789243,-3.455849,-4.010000,0.554152,0.000577
50,mobley_3968739,-4.308155,-3.920000,0.388155,0.000283
50,mobley_63712,-3.472831,-3.880000,0.407169,0.000312
50,mobley_1046331,-3.803323,-3.820000,0.016677,0.000001
50,mobley_1160109,-4.025183,-3.750000,0.275183,0.000142
50,mobley_4149784,-3.822760,-3.670000,0.152760,0.000044
50,mobley_397645,-4.322052,-3.640000,0.682052,0.000875
50,mobley_4690963,-4.751913,-3.540000,1.211913,0.002762
50,mobley_1967551,-3.268541,-3.500000,0.231459,0.000101
50,mobley_6733657,-4.524974,-3.440000,1.084974,0.002214
50,mobley_9565165,-4.290759,-3.350000,0.940759,0.001664
50,mobley_2487143,-3.462310,-3.280000,0.182310,0.000063
50,mobley_8449031,-2.321343,-3.220000,0.898657,0.001519
50,mobley_172879,-3.780388,-3.150000,0.630388,0.000747
50,mobley_5346580,-2.753591,-3.110000,0.356409,0.000239
50,mobley_3573480,-3.334944,-3.040000,0.294944,0.000164
50,mobley_1075836,-2.775993,-2.930000,0.154007,0.000045
50,mobley_6102880,-4.508553,-2.870000,1.638553,0.005049
50,mobley_1827204,-2.687744,-2.810000,0.122256,0.000028
50,mobley_2146331,-1.833865,-2.750000,0.916135,0.001578
50,mobley_7943327,-2.628484,-2.680000,0.051516,0.000005
50,mobley_5110043,-3.716520,-2.630000,1.086519,0.002220
50,mobley_5616693,-3.537524,-2.530000,1.007524,0.001909
50,mobley_6619554,-2.322334,-2.490000,0.167666,0.000053
50,mobley_6359156,-4.355244,-2.460000,1.895244,0.006754
50,mobley_1781152,-2.540059,-2.400000,0.140059,0.000037
50,mobley_859464,-2.596724,-2.360000,0.236724,0.000105
50,mobley_7150646,-1.584870,-2.300000,0.715130,0.000962
50,mobley_1592519,-2.248400,-2.230000,0.018400,0.000001
50,mobley_5538249,-2.314452,-2.160000,0.154452,0.000045
50,mobley_6911232,-1.719768,-2.100000,0.380232,0.000272
50,mobley_3269565,-1.668678,-2.010000,0.341322,0.000219
50,mobley_2484519,-2.562555,-1.930000,0.632555,0.000752
50,mobley_7690440,-3.769370,-1.830000,1.939370,0.007073
50,mobley_3802803,-1.604884,-1.660000,0.055116,0.000006
50,mobley_1144156,-1.617786,-1.590000,0.027786,0.000001
50,mobley_2481002,-1.514388,-1.450000,0.064388,0.000008
50,mobley_2489709,-1.482983,-1.360000,0.122983,0.000028
50,mobley_5052949,-1.075051,-1.280000,0.204949,0.000079
50,mobley_2492140,-1.622788,-1.230000,0.392788,0.000290
50,mobley_7542832,-1.418207,-1.160000,0.258207,0.000125
50,mobley_7814642,-2.078701,-1.120000,0.958701,0.001728
50,mobley_1563176,-0.932405,-0.990000,0.057595,0.000006
50,mobley_1873346,-1.146937,-0.900000,0.246937,0.000115
50,mobley_3040612,-1.040377,-0.850000,0.190377,0.000068
50,mobley_4483973,-2.233200,-0.800000,1.433200,0.003863
50,mobley_9913368,-1.304588,-0.780000,0.524588,0.000517
50,mobley_1449384,-1.104498,-0.680000,0.424498,0.000339
50,mobley_7708038,-0.853911,-0.560000,0.293911,0.000162
50,mobley_8311321,-0.937959,-0.500000,0.437959,0.000361
50,mobley_766666,-0.567296,-0.440000,0.127296,0.000030
50,mobley_5445548,-0.732295,-0.300000,0.432295,0.000351
50,mobley_9029594,-1.134258,-0.220000,0.914258,0.001572
50,mobley_3370989,-2.796197,-0.110000,2.686197,0.013569
50,mobley_627267,-0.233511,-0.030000,0.203511,0.000078
50,mobley_6250025,0.001920,0.080000,0.078080,0.000011
50,mobley_4252724,-0.892478,0.160000,1.052478,0.002083
50,mobley_7157427,0.323440,0.290000,0.033440,0.000002
50,mobley_8885088,-0.654884,0.560000,1.214884,0.002775
50,mobley_8522124,0.476393,0.710000,0.233607,0.000103
50,mobley_4678740,-0.980618,1.070000,2.050618,0.007907
50,mobley_2689721,0.529964,1.230000,0.700036,0.000922
50,mobley_1662128,0.997918,1.380000,0.382082,0.000275
50,mobley_4762983,1.552095,1.660000,0.107905,0.000022
50,mobley_7732703,0.941202,1.790000,0.848798,0.001355
50,mobley_2068538,1.399648,2.000000,0.600352,0.000678
50,mobley_5157661,1.869235,2.300000,0.430765,0.000349
50,mobley_1261349,2.019629,2.510000,0.490371,0.000452
50,mobley_2328633,1.758674,2.550000,0.791326,0.001178
50,mobley_8436428,2.760373,2.830000,0.069627,0.000009
50,mobley_3060426,3.402608,2.930000,0.472608,0.000420
50,mobley_2197088,2.920959,3.160000,0.239041,0.000107
51,mobley_9534740,-23.356194,-25.469999,2.113806,0.008402
51,mobley_6239320,-20.176916,-18.059999,2.116917,0.008427
51,mobley_7794077,-13.427073,-15.460000,2.032927,0.007772
51,mobley_7415647,-13.071613,-11.950000,1.121614,0.002366
51,mobley_1728386,-10.668706,-11.000000,0.331294,0.000206
51,mobley_2269032,-10.409776,-10.210000,0.199776,0.000075
51,mobley_2913224,-7.925640,-9.940000,2.014360,0.007630
51,mobley_2659552,-9.861888,-9.760000,0.101888,0.000020
51,mobley_7176290,-8.987589,-9.620000,0.632411,0.000752
51,mobley_2295058,-9.273971,-9.510000,0.236030,0.000105
51,mobley_6055410,-11.597851,-9.400000,2.197851,0.009084
51,mobley_4639255,-9.573654,-9.300000,0.273654,0.000141
51,mobley_1417007,-6.255614,-9.010000,2.754386,0.014266
51,mobley_6115639,-9.152048,-8.700000,0.452048,0.000384
51,mobley_6353617,-7.809463,-8.260000,0.450538,0.000382
51,mobley_2725215,-8.252146,-7.980000,0.272146,0.000139
51,mobley_7039935,-6.727258,-7.670000,0.942742,0.001671
51,mobley_4059279,-5.998129,-7.580000,1.581871,0.004705
51,mobley_951560,-9.186962,-7.400000,1.786962,0.006005
51,mobley_1922649,-9.212535,-7.190000,2.022535,0.007692
51,mobley_8798016,-7.374979,-7.000000,0.374979,0.000264
51,mobley_1858644,-6.982862,-6.790000,0.192862,0.000070
51,mobley_9114381,-6.142118,-6.720000,0.577881,0.000628
51,mobley_5311804,-5.835458,-6.620000,0.784542,0.001157
51,mobley_6743808,-6.117166,-6.500000,0.382834,0.000276
51,mobley_8789864,-6.124227,-6.400000,0.275773,0.000143
51,mobley_7009711,-6.281208,-6.270000,0.011208,0.000000
51,mobley_8789465,-4.453774,-6.200000,1.746225,0.005734
51,mobley_2923700,-5.963394,-6.130000,0.166606,0.000052
51,mobley_4780078,-5.601588,-6.010000,0.408412,0.000314
51,mobley_5467162,-5.505692,-5.910000,0.404307,0.000307
51,mobley_6257907,-5.911705,-5.820000,0.091705,0.000016
51,mobley_7913234,-5.528110,-5.730000,0.201890,0.000077
51,mobley_5518547,-5.927982,-5.570000,0.357982,0.000241
51,mobley_4883284,-5.938555,-5.490000,0.448555,0.000378
51,mobley_5220185,-5.174461,-5.450000,0.275539,0.000143
51,mobley_3359593,-5.503646,-5.260000,0.243646,0.000112
51,mobley_4683624,-5.951467,-5.210000,0.741467,0.001034
51,mobley_1636752,-4.160429,-5.100000,0.939571,0.001660
51,mobley_2310185,-4.863675,-5.000000,0.136325,0.000035
51,mobley_3682850,-4.168770,-4.910000,0.741230,0.001033
51,mobley_1363784,-5.100873,-4.840000,0.260873,0.000128
51,mobley_2837389,-3.395266,-4.780000,1.384734,0.003606
51,mobley_9507933,-4.974832,-4.720000,0.254832,0.000122
51,mobley_296847,-5.170599,-4.690000,0.480598,0.000434
51,mobley_8208692,-3.213510,-4.610000,1.396490,0.003667
51,mobley_4884177,-4.459005,-4.590000,0.130995,0.000032
51,mobley_6714389,-4.399693,-4.550000,0.150307,0.000042
51,mobley_2245668,-4.324111,-4.500000,0.175889,0.000058
51,mobley_5973402,-4.209045,-4.420000,0.210955,0.000084
51,mobley_3546460,-4.301828,-4.400000,0.098172,0.000018
51,mobley_8311303,-4.683531,-4.380000,0.303531,0.000173
51,mobley_9741965,-5.573101,-4.290000,1.283101,0.003096
51,mobley_4603202,-3.221267,-4.230000,1.008734,0.001913
51,mobley_628086,-4.295110,-4.160000,0.135110,0.000034
51,mobley_4620651,-3.702675,-4.100000,0.397325,0.000297
51,mobley_7977115,-4.064125,-4.060000,0.004125,0.000000
51,mobley_2789243,-3.190770,-4.010000,0.819230,0.001262
51,mobley_3968739,-4.182831,-3.920000,0.262831,0.000130
51,mobley_63712,-3.216633,-3.880000,0.663368,0.000828
51,mobley_1046331,-3.635477,-3.820000,0.184523,0.000064
51,mobley_1160109,-3.529898,-3.750000,0.220102,0.000091
51,mobley_4149784,-3.264066,-3.670000,0.405934,0.000310
51,mobley_397645,-4.186514,-3.640000,0.546514,0.000562
51,mobley_4690963,-4.444143,-3.540000,0.904143,0.001537
51,mobley_1967551,-3.147480,-3.500000,0.352520,0.000234
51,mobley_6733657,-4.766272,-3.440000,1.326272,0.003308
51,mobley_9565165,-3.570664,-3.350000,0.220664,0.000092
51,mobley_2487143,-3.080258,-3.280000,0.199742,0.000075
51,mobley_8449031,-2.104614,-3.220000,1.115386,0.002339
51,mobley_172879,-3.295762,-3.150000,0.145762,0.000040
51,mobley_5346580,-2.349812,-3.110000,0.760188,0.001087
51,mobley_3573480,-2.993938,-3.040000,0.046062,0.000004
51,mobley_1075836,-2.772150,-2.930000,0.157850,0.000047
51,mobley_6102880,-4.007188,-2.870000,1.137188,0.002432
51,mobley_1827204,-2.483805,-2.810000,0.326195,0.000200
51,mobley_2146331,-1.522171,-2.750000,1.227829,0.002835
51,mobley_7943327,-2.596298,-2.680000,0.083703,0.000013
51,mobley_5110043,-2.791250,-2.630000,0.161250,0.000049
51,mobley_5616693,-2.927634,-2.530000,0.397634,0.000297
51,mobley_6619554,-2.242024,-2.490000,0.247976,0.000116
51,mobley_6359156,-4.084610,-2.460000,1.624610,0.004963
51,mobley_1781152,-2.271900,-2.400000,0.128100,0.000031
51,mobley_859464,-2.497656,-2.360000,0.137656,0.000036
51,mobley_7150646,-1.447620,-2.300000,0.852380,0.001366
51,mobley_1592519,-2.173406,-2.230000,0.056594,0.000006
51,mobley_5538249,-2.247618,-2.160000,0.087618,0.000014
51,mobley_6911232,-1.556355,-2.100000,0.543645,0.000556
51,mobley_3269565,-1.501338,-2.010000,0.508662,0.000487
51,mobley_2484519,-2.521102,-1.930000,0.591102,0.000657
51,mobley_7690440,-3.548762,-1.830000,1.718762,0.005555
51,mobley_3802803,-1.287601,-1.660000,0.372398,0.000261
51,mobley_1144156,-1.365905,-1.590000,0.224095,0.000094
51,mobley_2481002,-1.341278,-1.450000,0.108722,0.000022
51,mobley_2489709,-1.368625,-1.360000,0.008625,0.000000
51,mobley_5052949,-0.793402,-1.280000,0.486598,0.000445
51,mobley_2492140,-1.744869,-1.230000,0.514869,0.000498
51,mobley_7542832,-1.081932,-1.160000,0.078068,0.000011
51,mobley_7814642,-1.811529,-1.120000,0.691529,0.000899
51,mobley_1563176,-0.678235,-0.990000,0.311765,0.000183
51,mobley_1873346,-0.678861,-0.900000,0.221139,0.000092
51,mobley_3040612,-0.517457,-0.850000,0.332543,0.000208
51,mobley_4483973,-2.091357,-0.800000,1.291357,0.003136
51,mobley_9913368,-1.207842,-0.780000,0.427842,0.000344
51,mobley_1449384,-0.514048,-0.680000,0.165952,0.000052
51,mobley_7708038,-0.629825,-0.560000,0.069825,0.000009
51,mobley_8311321,-0.763170,-0.500000,0.263170,0.000130
51,mobley_766666,-0.467731,-0.440000,0.027731,0.000001
51,mobley_5445548,-0.382774,-0.300000,0.082774,0.000013
51,mobley_9029594,-1.077494,-0.220000,0.857494,0.001383
51,mobley_3370989,-2.705085,-0.110000,2.595085,0.012664
51,mobley_627267,-0.005738,-0.030000,0.024262,0.000001
51,mobley_6250025,0.297975,0.080000,0.217975,0.000089
51,mobley_4252724,-0.441053,0.160000,0.601053,0.000679
51,mobley_7157427,0.417789,0.290000,0.127789,0.000031
51,mobley_8885088,-0.249723,0.560000,0.809723,0.001233
51,mobley_8522124,0.826529,0.710000,0.116529,0.000026
51,mobley_4678740,-1.195165,1.070000,2.265165,0.009649
51,mobley_2689721,0.651632,1.230000,0.578368,0.000629
51,mobley_1662128,1.255795,1.380000,0.124205,0.000029
51,mobley_4762983,1.965819,1.660000,0.305820,0.000176
51,mobley_7732703,0.891906,1.790000,0.898094,0.001517
51,mobley_2068538,1.535711,2.000000,0.464289,0.000405
51,mobley_5157661,2.022207,2.300000,0.277793,0.000145
51,mobley_1261349,2.237041,2.510000,0.272959,0.000140
51,mobley_2328633,2.156584,2.550000,0.393416,0.000291
51,mobley_8436428,2.977757,2.830000,0.147758,0.000041
51,mobley_3060426,3.764733,2.930000,0.834733,0.001310
51,mobley_2197088,3.187393,3.160000,0.027393,0.000001
52,mobley_9534740,-23.484325,-25.469999,1.985674,0.007414
52,mobley_6239320,-20.300032,-18.059999,2.240032,0.009436
52,mobley_7794077,-13.404118,-15.460000,2.055882,0.007948
52,mobley_7415647,-12.889662,-11.950000,0.939662,0.001660
52,mobley_1728386,-10.379442,-11.000000,0.620558,0.000724
52,mobley_2269032,-10.081970,-10.210000,0.128030,0.000031
52,mobley_2913224,-7.355577,-9.940000,2.584423,0.012560
52,mobley_2659552,-9.522641,-9.760000,0.237359,0.000106
52,mobley_7176290,-8.847514,-9.620000,0.772486,0.001122
52,mobley_2295058,-9.060644,-9.510000,0.449356,0.000380
52,mobley_6055410,-11.124431,-9.400000,1.724431,0.005592
52,mobley_4639255,-9.674674,-9.300000,0.374674,0.000264
52,mobley_1417007,-5.356236,-9.010000,3.653764,0.025104
52,mobley_6115639,-8.912817,-8.700000,0.212817,0.000085
52,mobley_6353617,-7.569299,-8.260000,0.690701,0.000897
52,mobley_2725215,-6.999526,-7.980000,0.980474,0.001808
52,mobley_7039935,-6.705790,-7.670000,0.964210,0.001748
52,mobley_4059279,-6.254755,-7.580000,1.325245,0.003303
52,mobley_951560,-9.588199,-7.400000,2.188199,0.009004
52,mobley_1922649,-8.766444,-7.190000,1.576444,0.004673
52,mobley_8798016,-7.353387,-7.000000,0.353387,0.000235
52,mobley_1858644,-6.930874,-6.790000,0.140874,0.000037
52,mobley_9114381,-6.033824,-6.720000,0.686176,0.000885
52,mobley_5311804,-5.799679,-6.620000,0.820321,0.001265
52,mobley_6743808,-5.798010,-6.500000,0.701990,0.000927
52,mobley_8789864,-5.992624,-6.400000,0.407376,0.000312
52,mobley_7009711,-5.889437,-6.270000,0.380563,0.000272
52,mobley_8789465,-4.353063,-6.200000,1.846937,0.006415
52,mobley_2923700,-5.787592,-6.130000,0.342408,0.000220
52,mobley_4780078,-5.334184,-6.010000,0.675817,0.000859
52,mobley_5467162,-5.168196,-5.910000,0.741804,0.001035
52,mobley_6257907,-5.833955,-5.820000,0.013955,0.000000
52,mobley_7913234,-5.650409,-5.730000,0.079591,0.000012
52,mobley_5518547,-5.742906,-5.570000,0.172906,0.000056
52,mobley_4883284,-5.863133,-5.490000,0.373133,0.000262
52,mobley_5220185,-4.949784,-5.450000,0.500216,0.000471
52,mobley_3359593,-5.335958,-5.260000,0.075958,0.000011
52,mobley_4683624,-5.794719,-5.210000,0.584719,0.000643
52,mobley_1636752,-4.180757,-5.100000,0.919243,0.001589
52,mobley_2310185,-4.913197,-5.000000,0.086803,0.000014
52,mobley_3682850,-4.143168,-4.910000,0.766831,0.001106
52,mobley_1363784,-4.719866,-4.840000,0.120134,0.000027
52,mobley_2837389,-3.324898,-4.780000,1.455102,0.003982
52,mobley_9507933,-4.642017,-4.720000,0.077983,0.000011
52,mobley_296847,-4.984398,-4.690000,0.294398,0.000163
52,mobley_8208692,-3.220637,-4.610000,1.389363,0.003630
52,mobley_4884177,-4.170024,-4.590000,0.419976,0.000332
52,mobley_6714389,-4.376591,-4.550000,0.173409,0.000057
52,mobley_2245668,-4.269093,-4.500000,0.230907,0.000100
52,mobley_5973402,-4.244358,-4.420000,0.175642,0.000058
52,mobley_3546460,-4.325277,-4.400000,0.074723,0.000010
52,mobley_8311303,-4.429492,-4.380000,0.049492,0.000005
52,mobley_9741965,-5.558628,-4.290000,1.268628,0.003026
52,mobley_4603202,-3.226029,-4.230000,1.003971,0.001895
52,mobley_628086,-4.402802,-4.160000,0.242803,0.000111
52,mobley_4620651,-3.658593,-4.100000,0.441407,0.000366
52,mobley_7977115,-4.230069,-4.060000,0.170069,0.000054
52,mobley_2789243,-3.178401,-4.010000,0.831599,0.001300
52,mobley_3968739,-4.042484,-3.920000,0.122484,0.000028
52,mobley_63712,-3.186057,-3.880000,0.693943,0.000906
52,mobley_1046331,-3.552092,-3.820000,0.267908,0.000135
52,mobley_1160109,-3.352317,-3.750000,0.397683,0.000297
52,mobley_4149784,-3.166365,-3.670000,0.503635,0.000477
52,mobley_397645,-4.072004,-3.640000,0.432004,0.000351
52,mobley_4690963,-4.508641,-3.540000,0.968641,0.001764
52,mobley_1967551,-3.092368,-3.500000,0.407632,0.000312
52,mobley_6733657,-4.068014,-3.440000,0.628014,0.000742
52,mobley_9565165,-3.450729,-3.350000,0.100729,0.000019
52,mobley_2487143,-2.971993,-3.280000,0.308007,0.000178
52,mobley_8449031,-2.146896,-3.220000,1.073104,0.002165
52,mobley_172879,-3.094875,-3.150000,0.055125,0.000006
52,mobley_5346580,-2.263648,-3.110000,0.846352,0.001347
52,mobley_3573480,-2.832261,-3.040000,0.207739,0.000081
52,mobley_1075836,-2.727415,-2.930000,0.202585,0.000077
52,mobley_6102880,-3.913402,-2.870000,1.043402,0.002047
52,mobley_1827204,-2.399601,-2.810000,0.410399,0.000317
52,mobley_2146331,-1.466134,-2.750000,1.283866,0.003100
52,mobley_7943327,-2.578308,-2.680000,0.101692,0.000019
52,mobley_5110043,-2.546344,-2.630000,0.083657,0.000013
52,mobley_5616693,-2.674824,-2.530000,0.144825,0.000039
52,mobley_6619554,-2.125556,-2.490000,0.364444,0.000250
52,mobley_6359156,-3.957136,-2.460000,1.497136,0.004215
52,mobley_1781152,-2.055629,-2.400000,0.344371,0.000223
52,mobley_859464,-2.360300,-2.360000,0.000300,0.000000
52,mobley_7150646,-1.292244,-2.300000,1.007756,0.001910
52,mobley_1592519,-2.058953,-2.230000,0.171047,0.000055
52,mobley_5538249,-1.858952,-2.160000,0.301048,0.000170
52,mobley_6911232,-1.517678,-2.100000,0.582322,0.000638
52,mobley_3269565,-1.415411,-2.010000,0.594589,0.000665
52,mobley_2484519,-2.428236,-1.930000,0.498237,0.000467
52,mobley_7690440,-3.591681,-1.830000,1.761681,0.005836
52,mobley_3802803,-1.153103,-1.660000,0.506897,0.000483
52,mobley_1144156,-1.416873,-1.590000,0.173127,0.000056
52,mobley_2481002,-1.450393,-1.450000,0.000393,0.000000
52,mobley_2489709,-1.188397,-1.360000,0.171603,0.000055
52,mobley_5052949,-0.825269,-1.280000,0.454731,0.000389
52,mobley_2492140,-1.720643,-1.230000,0.490643,0.000453
52,mobley_7542832,-1.147037,-1.160000,0.012963,0.000000
52,mobley_7814642,-1.821806,-1.120000,0.701806,0.000926
52,mobley_1563176,-0.587339,-0.990000,0.402661,0.000305
52,mobley_1873346,-0.544253,-0.900000,0.355747,0.000238
52,mobley_3040612,-0.308681,-0.850000,0.541319,0.000551
52,mobley_4483973,-2.022324,-0.800000,1.222324,0.002810
52,mobley_9913368,-1.273076,-0.780000,0.493076,0.000457
52,mobley_1449384,-0.192563,-0.680000,0.487437,0.000447
52,mobley_7708038,-0.547195,-0.560000,0.012805,0.000000
52,mobley_8311321,-0.936909,-0.500000,0.436909,0.000359
52,mobley_766666,-0.546707,-0.440000,0.106707,0.000021
52,mobley_5445548,-0.192481,-0.300000,0.107519,0.000022
52,mobley_9029594,-0.929846,-0.220000,0.709846,0.000948
52,mobley_3370989,-2.764199,-0.110000,2.654199,0.013247
52,mobley_627267,0.097732,-0.030000,0.127732,0.000031
52,mobley_6250025,0.339704,0.080000,0.259704,0.000127
52,mobley_4252724,-0.232799,0.160000,0.392799,0.000290
52,mobley_7157427,0.488377,0.290000,0.198377,0.000074
52,mobley_8885088,-0.181775,0.560000,0.741775,0.001035
52,mobley_8522124,0.986953,0.710000,0.276953,0.000144
52,mobley_4678740,-1.194002,1.070000,2.264002,0.009639
52,mobley_2689721,1.133310,1.230000,0.096690,0.000018
52,mobley_1662128,1.380318,1.380000,0.000318,0.000000
52,mobley_4762983,2.091510,1.660000,0.431510,0.000350
52,mobley_7732703,0.758946,1.790000,1.031054,0.001999
52,mobley_2068538,1.675790,2.000000,0.324210,0.000198
52,mobley_5157661,2.136429,2.300000,0.163571,0.000050
52,mobley_1261349,2.432027,2.510000,0.077973,0.000011
52,mobley_2328633,2.457338,2.550000,0.092662,0.000016
52,mobley_8436428,3.156306,2.830000,0.326306,0.000200
52,mobley_3060426,3.924332,2.930000,0.994332,0.001859
52,mobley_2197088,3.525493,3.160000,0.365493,0.000251
53,mobley_9534740,-24.580851,-25.469999,0.889149,0.001487
53,mobley_6239320,-20.158604,-18.059999,2.098604,0.008282
53,mobley_7794077,-13.404950,-15.460000,2.055050,0.007942
53,mobley_7415647,-13.426264,-11.950000,1.476264,0.004098
53,mobley_1728386,-10.613334,-11.000000,0.386666,0.000281
53,mobley_2269032,-10.299182,-10.210000,0.089182,0.000015
53,mobley_2913224,-7.709337,-9.940000,2.230663,0.009357
53,mobley_2659552,-10.010087,-9.760000,0.250087,0.000118
53,mobley_7176290,-9.180994,-9.620000,0.439006,0.000362
53,mobley_2295058,-9.152718,-9.510000,0.357283,0.000240
53,mobley_6055410,-11.472535,-9.400000,2.072536,0.008077
53,mobley_4639255,-9.937835,-9.300000,0.637835,0.000765
53,mobley_1417007,-6.000819,-9.010000,3.009181,0.017028
53,mobley_6115639,-10.031432,-8.700000,1.331432,0.003334
53,mobley_6353617,-7.897332,-8.260000,0.362668,0.000247
53,mobley_2725215,-7.783367,-7.980000,0.196633,0.000073
53,mobley_7039935,-6.593232,-7.670000,1.076768,0.002180
53,mobley_4059279,-6.477777,-7.580000,1.102223,0.002285
53,mobley_951560,-10.001929,-7.400000,2.601929,0.012731
53,mobley_1922649,-9.546636,-7.190000,2.356636,0.010444
53,mobley_8798016,-7.593301,-7.000000,0.593301,0.000662
53,mobley_1858644,-7.056256,-6.790000,0.266256,0.000133
53,mobley_9114381,-6.257083,-6.720000,0.462916,0.000403
53,mobley_5311804,-5.870075,-6.620000,0.749925,0.001058
53,mobley_6743808,-6.226108,-6.500000,0.273892,0.000141
53,mobley_8789864,-6.194744,-6.400000,0.205256,0.000079
53,mobley_7009711,-6.351996,-6.270000,0.081996,0.000013
53,mobley_8789465,-4.526433,-6.200000,1.673566,0.005267
53,mobley_2923700,-5.985552,-6.130000,0.144448,0.000039
53,mobley_4780078,-5.744651,-6.010000,0.265349,0.000132
53,mobley_5467162,-5.495372,-5.910000,0.414628,0.000323
53,mobley_6257907,-6.159150,-5.820000,0.339149,0.000216
53,mobley_7913234,-6.057374,-5.730000,0.327374,0.000202
53,mobley_5518547,-6.003294,-5.570000,0.433293,0.000353
53,mobley_4883284,-5.932793,-5.490000,0.442793,0.000369
53,mobley_5220185,-5.173761,-5.450000,0.276238,0.000143
53,mobley_3359593,-5.646009,-5.260000,0.386009,0.000280
53,mobley_4683624,-6.048860,-5.210000,0.838860,0.001323
53,mobley_1636752,-4.302972,-5.100000,0.797028,0.001195
53,mobley_2310185,-5.053813,-5.000000,0.053813,0.000005
53,mobley_3682850,-4.355978,-4.910000,0.554022,0.000577
53,mobley_1363784,-5.228624,-4.840000,0.388624,0.000284
53,mobley_2837389,-3.584688,-4.780000,1.195312,0.002687
53,mobley_9507933,-4.890513,-4.720000,0.170513,0.000055
53,mobley_296847,-5.045464,-4.690000,0.355464,0.000238
53,mobley_8208692,-3.830261,-4.610000,0.779739,0.001143
53,mobley_4884177,-4.418297,-4.590000,0.171703,0.000055
53,mobley_6714389,-4.623923,-4.550000,0.073923,0.000010
53,mobley_2245668,-4.587994,-4.500000,0.087994,0.000015
53,mobley_5973402,-4.595785,-4.420000,0.175785,0.000058
53,mobley_3546460,-4.797284,-4.400000,0.397284,0.000297
53,mobley_8311303,-5.296597,-4.380000,0.916597,0.001580
53,mobley_9741965,-5.689184,-4.290000,1.399184,0.003681
53,mobley_4603202,-3.255936,-4.230000,0.974064,0.001784
53,mobley_628086,-4.305796,-4.160000,0.145796,0.000040
53,mobley_4620651,-3.871777,-4.100000,0.228223,0.000098
53,mobley_7977115,-4.622614,-4.060000,0.562614,0.000595
53,mobley_2789243,-3.466788,-4.010000,0.543212,0.000555
53,mobley_3968739,-4.023397,-3.920000,0.103397,0.000020
53,mobley_63712,-3.519301,-3.880000,0.360699,0.000245
53,mobley_1046331,-3.528000,-3.820000,0.292000,0.000160
53,mobley_1160109,-3.740739,-3.750000,0.009261,0.000000
53,mobley_4149784,-3.630399,-3.670000,0.039601,0.000003
53,mobley_397645,-4.085288,-3.640000,0.445288,0.000373
53,mobley_4690963,-4.667277,-3.540000,1.127277,0.002390
53,mobley_1967551,-3.253786,-3.500000,0.246214,0.000114
53,mobley_6733657,-4.988616,-3.440000,1.548615,0.004510
53,mobley_9565165,-3.378550,-3.350000,0.028550,0.000002
53,mobley_2487143,-3.389814,-3.280000,0.109814,0.000023
53,mobley_8449031,-2.401327,-3.220000,0.818673,0.001260
53,mobley_172879,-3.079187,-3.150000,0.070813,0.000009
53,mobley_5346580,-2.474561,-3.110000,0.635439,0.000759
53,mobley_3573480,-3.377384,-3.040000,0.337384,0.000214
53,mobley_1075836,-2.933306,-2.930000,0.003306,0.000000
53,mobley_6102880,-3.911000,-2.870000,1.041001,0.002038
53,mobley_1827204,-2.793930,-2.810000,0.016070,0.000000
53,mobley_2146331,-1.580273,-2.750000,1.169727,0.002573
53,mobley_7943327,-2.788676,-2.680000,0.108676,0.000022
53,mobley_5110043,-2.789253,-2.630000,0.159253,0.000048
53,mobley_5616693,-3.276025,-2.530000,0.746025,0.001047
53,mobley_6619554,-2.547093,-2.490000,0.057093,0.000006
53,mobley_6359156,-4.600818,-2.460000,2.140818,0.008618
53,mobley_1781152,-2.383033,-2.400000,0.016967,0.000001
53,mobley_859464,-2.714069,-2.360000,0.354069,0.000236
53,mobley_7150646,-1.459186,-2.300000,0.840814,0.001329
53,mobley_1592519,-2.589270,-2.230000,0.359270,0.000243
53,mobley_5538249,-2.446208,-2.160000,0.286208,0.000154
53,mobley_6911232,-1.689954,-2.100000,0.410046,0.000316
53,mobley_3269565,-1.623317,-2.010000,0.386683,0.000281
53,mobley_2484519,-2.490016,-1.930000,0.560016,0.000590
53,mobley_7690440,-3.572359,-1.830000,1.742359,0.005709
53,mobley_3802803,-1.602767,-1.660000,0.057233,0.000006
53,mobley_1144156,-1.534816,-1.590000,0.055184,0.000006
53,mobley_2481002,-1.490931,-1.450000,0.040931,0.000003
53,mobley_2489709,-1.562361,-1.360000,0.202361,0.000077
53,mobley_5052949,-1.206529,-1.280000,0.073471,0.000010
53,mobley_2492140,-1.724404,-1.230000,0.494404,0.000460
53,mobley_7542832,-1.416947,-1.160000,0.256947,0.000124
53,mobley_7814642,-2.338189,-1.120000,1.218189,0.002791
53,mobley_1563176,-0.970344,-0.990000,0.019656,0.000001
53,mobley_1873346,-0.663517,-0.900000,0.236483,0.000105
53,mobley_3040612,-0.594401,-0.850000,0.255599,0.000123
53,mobley_4483973,-1.991658,-0.800000,1.191658,0.002670
53,mobley_9913368,-1.324579,-0.780000,0.544579,0.000558
53,mobley_1449384,-0.569735,-0.680000,0.110265,0.000023
53,mobley_7708038,-0.791041,-0.560000,0.231041,0.000100
53,mobley_8311321,-0.914771,-0.500000,0.414771,0.000324
53,mobley_766666,-0.590727,-0.440000,0.150727,0.000043
53,mobley_5445548,-0.352136,-0.300000,0.052136,0.000005
53,mobley_9029594,-1.075057,-0.220000,0.855057,0.001375
53,mobley_3370989,-2.723952,-0.110000,2.613952,0.012849
53,mobley_627267,-0.229763,-0.030000,0.199763,0.000075
53,mobley_6250025,-0.145251,0.080000,0.225251,0.000095
53,mobley_4252724,-0.466096,0.160000,0.626096,0.000737
53,mobley_7157427,0.040490,0.290000,0.249510,0.000117
53,mobley_8885088,-0.398753,0.560000,0.958753,0.001729
53,mobley_8522124,0.454877,0.710000,0.255123,0.000122
53,mobley_4678740,-1.183160,1.070000,2.253160,0.009547
53,mobley_2689721,0.526372,1.230000,0.703628,0.000931
53,mobley_1662128,1.097326,1.380000,0.282674,0.000150
53,mobley_4762983,1.575195,1.660000,0.084805,0.000014
53,mobley_7732703,0.917432,1.790000,0.872568,0.001432
53,mobley_2068538,1.431949,2.000000,0.568051,0.000607
53,mobley_5157661,1.884968,2.300000,0.415032,0.000324
53,mobley_1261349,2.162813,2.510000,0.347187,0.000227
53,mobley_2328633,1.695924,2.550000,0.854076,0.001372
53,mobley_8436428,2.725077,2.830000,0.104923,0.000021
53,mobley_3060426,3.494536,2.930000,0.564536,0.000599
53,mobley_2197088,2.737328,3.160000,0.422672,0.000336
54,mobley_9534740,-21.928926,-25.469999,3.541073,0.023579
54,mobley_6239320,-18.408758,-18.059999,0.348759,0.000229
54,mobley_7794077,-12.307677,-15.460000,3.152323,0.018686
54,mobley_7415647,-12.941329,-11.950000,0.991329,0.001848
54,mobley_1728386,-10.414418,-11.000000,0.585582,0.000645
54,mobley_2269032,-10.574618,-10.210000,0.364618,0.000250
54,mobley_2913224,-7.374689,-9.940000,2.565310,0.012375
54,mobley_2659552,-9.727631,-9.760000,0.032370,0.000002
54,mobley_7176290,-9.033357,-9.620000,0.586643,0.000647
54,mobley_2295058,-9.187336,-9.510000,0.322664,0.000196
54,mobley_6055410,-11.277241,-9.400000,1.877241,0.006627
54,mobley_4639255,-9.496512,-9.300000,0.196512,0.000073
54,mobley_1417007,-5.556476,-9.010000,3.453524,0.022428
54,mobley_6115639,-8.972057,-8.700000,0.272058,0.000139
54,mobley_6353617,-7.790889,-8.260000,0.469111,0.000414
54,mobley_2725215,-8.260926,-7.980000,0.280926,0.000148
54,mobley_7039935,-6.856064,-7.670000,0.813936,0.001246
54,mobley_4059279,-6.896908,-7.580000,0.683092,0.000877
54,mobley_951560,-9.819087,-7.400000,2.419087,0.011004
54,mobley_1922649,-8.587882,-7.190000,1.397882,0.003675
54,mobley_8798016,-7.684477,-7.000000,0.684477,0.000881
54,mobley_1858644,-7.260456,-6.790000,0.470456,0.000416
54,mobley_9114381,-6.051910,-6.720000,0.668090,0.000839
54,mobley_5311804,-6.017026,-6.620000,0.602973,0.000684
54,mobley_6743808,-6.006205,-6.500000,0.493795,0.000459
54,mobley_8789864,-5.861271,-6.400000,0.538729,0.000546
54,mobley_7009711,-6.355124,-6.270000,0.085124,0.000014
54,mobley_8789465,-4.551835,-6.200000,1.648165,0.005108
54,mobley_2923700,-6.079797,-6.130000,0.050203,0.000005
54,mobley_4780078,-5.687450,-6.010000,0.322550,0.000196
54,mobley_5467162,-5.461563,-5.910000,0.448437,0.000378
54,mobley_6257907,-5.768762,-5.820000,0.051239,0.000005
54,mobley_7913234,-6.107558,-5.730000,0.377558,0.000268
54,mobley_5518547,-5.926326,-5.570000,0.356326,0.000239
54,mobley_4883284,-5.940360,-5.490000,0.450360,0.000381
54,mobley_5220185,-5.196158,-5.450000,0.253842,0.000121
54,mobley_3359593,-5.676426,-5.260000,0.416426,0.000326
54,mobley_4683624,-6.100602,-5.210000,0.890602,0.001492
54,mobley_1636752,-4.320362,-5.100000,0.779638,0.001143
54,mobley_2310185,-5.046033,-5.000000,0.046033,0.000004
54,mobley_3682850,-4.573375,-4.910000,0.336625,0.000213
54,mobley_1363784,-4.975022,-4.840000,0.135022,0.000034
54,mobley_2837389,-3.655513,-4.780000,1.124487,0.002378
54,mobley_9507933,-4.793305,-4.720000,0.073305,0.000010
54,mobley_296847,-5.110869,-4.690000,0.420869,0.000333
54,mobley_8208692,-2.860110,-4.610000,1.749891,0.005758
54,mobley_4884177,-4.342969,-4.590000,0.247031,0.000115
54,mobley_6714389,-4.508553,-4.550000,0.041448,0.000003
54,mobley_2245668,-4.506083,-4.500000,0.006083,0.000000
54,mobley_5973402,-4.546435,-4.420000,0.126435,0.000030
54,mobley_3546460,-4.638683,-4.400000,0.238683,0.000107
54,mobley_8311303,-4.373572,-4.380000,0.006428,0.000000
54,mobley_9741965,-5.560499,-4.290000,1.270499,0.003035
54,mobley_4603202,-3.055508,-4.230000,1.174492,0.002594
54,mobley_628086,-4.108763,-4.160000,0.051237,0.000005
54,mobley_4620651,-3.799192,-4.100000,0.300808,0.000170
54,mobley_7977115,-4.565035,-4.060000,0.505035,0.000480
54,mobley_2789243,-3.186434,-4.010000,0.823566,0.001275
54,mobley_3968739,-4.221263,-3.920000,0.301263,0.000171
54,mobley_63712,-3.728384,-3.880000,0.151616,0.000043
54,mobley_1046331,-3.692641,-3.820000,0.127359,0.000031
54,mobley_1160109,-3.900741,-3.750000,0.150741,0.000043
54,mobley_4149784,-3.118626,-3.670000,0.551374,0.000572
54,mobley_397645,-4.418209,-3.640000,0.778208,0.001139
54,mobley_4690963,-5.224481,-3.540000,1.684481,0.005336
54,mobley_1967551,-3.277075,-3.500000,0.222925,0.000093
54,mobley_6733657,-3.860277,-3.440000,0.420277,0.000332
54,mobley_9565165,-3.863467,-3.350000,0.513468,0.000496
54,mobley_2487143,-3.282737,-3.280000,0.002737,0.000000
54,mobley_8449031,-2.524907,-3.220000,0.695093,0.000909
54,mobley_172879,-3.261721,-3.150000,0.111721,0.000023
54,mobley_5346580,-2.455784,-3.110000,0.654216,0.000805
54,mobley_3573480,-3.180067,-3.040000,0.140067,0.000037
54,mobley_1075836,-2.910732,-2.930000,0.019268,0.000001
54,mobley_6102880,-4.366572,-2.870000,1.496572,0.004212
54,mobley_1827204,-2.759175,-2.810000,0.050825,0.000005
54,mobley_2146331,-1.576551,-2.750000,1.173449,0.002589
54,mobley_7943327,-2.905507,-2.680000,0.225507,0.000096
54,mobley_5110043,-2.999606,-2.630000,0.369606,0.000257
54,mobley_5616693,-3.433885,-2.530000,0.903885,0.001536
54,mobley_6619554,-2.579450,-2.490000,0.089450,0.000015
54,mobley_6359156,-4.181258,-2.460000,1.721258,0.005571
54,mobley_1781152,-2.373644,-2.400000,0.026356,0.000001
54,mobley_859464,-2.753798,-2.360000,0.393798,0.000292
54,mobley_7150646,-1.391727,-2.300000,0.908273,0.001551
54,mobley_1592519,-2.512021,-2.230000,0.282021,0.000150
54,mobley_5538249,-1.981713,-2.160000,0.178287,0.000060
54,mobley_6911232,-1.976158,-2.100000,0.123842,0.000029
54,mobley_3269565,-1.871867,-2.010000,0.138133,0.000036
54,mobley_2484519,-2.555027,-1.930000,0.625027,0.000735
54,mobley_7690440,-3.817490,-1.830000,1.987490,0.007428
54,mobley_3802803,-1.448292,-1.660000,0.211708,0.000084
54,mobley_1144156,-1.886844,-1.590000,0.296844,0.000166
54,mobley_2481002,-1.355022,-1.450000,0.094978,0.000017
54,mobley_2489709,-1.156463,-1.360000,0.203537,0.000078
54,mobley_5052949,-1.199698,-1.280000,0.080302,0.000012
54,mobley_2492140,-1.644727,-1.230000,0.414726,0.000323
54,mobley_7542832,-1.711998,-1.160000,0.551998,0.000573
54,mobley_7814642,-1.675811,-1.120000,0.555811,0.000581
54,mobley_1563176,-0.893511,-0.990000,0.096489,0.000018
54,mobley_1873346,-0.849805,-0.900000,0.050195,0.000005
54,mobley_3040612,-0.635968,-0.850000,0.214032,0.000086
54,mobley_4483973,-2.224921,-0.800000,1.424921,0.003818
54,mobley_9913368,-1.171559,-0.780000,0.391559,0.000288
54,mobley_1449384,-0.674401,-0.680000,0.005599,0.000000
54,mobley_7708038,-0.742128,-0.560000,0.182128,0.000062
54,mobley_8311321,-0.939300,-0.500000,0.439300,0.000363
54,mobley_766666,-0.422638,-0.440000,0.017362,0.000001
54,mobley_5445548,-0.541299,-0.300000,0.241299,0.000109
54,mobley_9029594,-1.103625,-0.220000,0.883625,0.001468
54,mobley_3370989,-2.795758,-0.110000,2.685758,0.013564
54,mobley_627267,-0.150222,-0.030000,0.120222,0.000027
54,mobley_6250025,-0.012129,0.080000,0.092129,0.000016
54,mobley_4252724,-0.629525,0.160000,0.789525,0.001172
54,mobley_7157427,0.259658,0.290000,0.030342,0.000002
54,mobley_8885088,-0.542855,0.560000,1.102855,0.002287
54,mobley_8522124,0.644596,0.710000,0.065404,0.000008
54,mobley_4678740,-1.151086,1.070000,2.221086,0.009277
54,mobley_2689721,0.815419,1.230000,0.414581,0.000323
54,mobley_1662128,1.192142,1.380000,0.187858,0.000066
54,mobley_4762983,1.791751,1.660000,0.131751,0.000033
54,mobley_7732703,0.767015,1.790000,1.022985,0.001968
54,mobley_2068538,1.523649,2.000000,0.476351,0.000427
54,mobley_5157661,1.979768,2.300000,0.320232,0.000193
54,mobley_1261349,2.342289,2.510000,0.167711,0.000053
54,mobley_2328633,1.919434,2.550000,0.630566,0.000748
54,mobley_8436428,2.902378,2.830000,0.072378,0.000010
54,mobley_3060426,3.686848,2.930000,0.756848,0.001077
54,mobley_2197088,3.070575,3.160000,0.089425,0.000015
55,mobley_9534740,-24.612617,-25.469999,0.857382,0.001382
55,mobley_6239320,-16.982584,-18.059999,1.077415,0.002183
55,mobley_7794077,-11.348606,-15.460000,4.111394,0.031786
55,mobley_7415647,-11.663782,-11.950000,0.286218,0.000154
55,mobley_1728386,-10.005104,-11.000000,0.994896,0.001861
55,mobley_2269032,-9.139213,-10.210000,1.070787,0.002156
55,mobley_2913224,-6.997930,-9.940000,2.942070,0.016277
55,mobley_2659552,-8.642019,-9.760000,1.117981,0.002350
55,mobley_7176290,-8.776033,-9.620000,0.843966,0.001339
55,mobley_2295058,-8.785093,-9.510000,0.724907,0.000988
55,mobley_6055410,-10.593385,-9.400000,1.193385,0.002678
55,mobley_4639255,-9.811630,-9.300000,0.511630,0.000492
55,mobley_1417007,-4.699418,-9.010000,4.310582,0.034941
55,mobley_6115639,-8.727745,-8.700000,0.027745,0.000001
55,mobley_6353617,-7.544167,-8.260000,0.715834,0.000964
55,mobley_2725215,-7.271787,-7.980000,0.708213,0.000943
55,mobley_7039935,-6.679474,-7.670000,0.990526,0.001845
55,mobley_4059279,-5.776024,-7.580000,1.803976,0.006120
55,mobley_951560,-9.508049,-7.400000,2.108049,0.008356
55,mobley_1922649,-7.766496,-7.190000,0.576496,0.000625
55,mobley_8798016,-7.652442,-7.000000,0.652442,0.000800
55,mobley_1858644,-6.832451,-6.790000,0.042451,0.000003
55,mobley_9114381,-5.682636,-6.720000,1.037364,0.002024
55,mobley_5311804,-5.719843,-6.620000,0.900156,0.001524
55,mobley_6743808,-5.771999,-6.500000,0.728001,0.000997
55,mobley_8789864,-5.986475,-6.400000,0.413525,0.000322
55,mobley_7009711,-5.933670,-6.270000,0.336330,0.000213
55,mobley_8789465,-4.564524,-6.200000,1.635476,0.005030
55,mobley_2923700,-5.713787,-6.130000,0.416214,0.000326
55,mobley_4780078,-5.443401,-6.010000,0.566599,0.000604
55,mobley_5467162,-5.239491,-5.910000,0.670509,0.000845
55,mobley_6257907,-5.561013,-5.820000,0.258987,0.000126
55,mobley_7913234,-5.542278,-5.730000,0.187722,0.000066
55,mobley_5518547,-5.788828,-5.570000,0.218828,0.000090
55,mobley_4883284,-5.911587,-5.490000,0.421587,0.000334
55,mobley_5220185,-5.054447,-5.450000,0.395553,0.000294
55,mobley_3359593,-5.133859,-5.260000,0.126142,0.000030
55,mobley_4683624,-5.641016,-5.210000,0.431016,0.000349
55,mobley_1636752,-4.140982,-5.100000,0.959018,0.001729
55,mobley_2310185,-4.777979,-5.000000,0.222021,0.000093
55,mobley_3682850,-3.931825,-4.910000,0.978175,0.001799
55,mobley_1363784,-4.883981,-4.840000,0.043981,0.000004
55,mobley_2837389,-3.715930,-4.780000,1.064070,0.002129
55,mobley_9507933,-4.684953,-4.720000,0.035047,0.000002
55,mobley_296847,-5.200110,-4.690000,0.510110,0.000489
55,mobley_8208692,-3.046548,-4.610000,1.563452,0.004597
55,mobley_4884177,-4.272198,-4.590000,0.317802,0.000190
55,mobley_6714389,-4.207691,-4.550000,0.342309,0.000220
55,mobley_2245668,-4.417159,-4.500000,0.082841,0.000013
55,mobley_5973402,-4.207510,-4.420000,0.212490,0.000085
55,mobley_3546460,-4.190095,-4.400000,0.209905,0.000083
55,mobley_8311303,-4.081531,-4.380000,0.298469,0.000168
55,mobley_9741965,-5.295973,-4.290000,1.005973,0.001903
55,mobley_4603202,-2.715501,-4.230000,1.514499,0.004313
55,mobley_628086,-3.913920,-4.160000,0.246080,0.000114
55,mobley_4620651,-3.247271,-4.100000,0.852729,0.001367
55,mobley_7977115,-4.011886,-4.060000,0.048114,0.000004
55,mobley_2789243,-2.938605,-4.010000,1.071395,0.002159
55,mobley_3968739,-3.965280,-3.920000,0.045280,0.000004
55,mobley_63712,-2.849147,-3.880000,1.030853,0.001998
55,mobley_1046331,-3.576203,-3.820000,0.243797,0.000112
55,mobley_1160109,-3.312008,-3.750000,0.437992,0.000361
55,mobley_4149784,-2.268255,-3.670000,1.401745,0.003695
55,mobley_397645,-3.941266,-3.640000,0.301266,0.000171
55,mobley_4690963,-4.193504,-3.540000,0.653504,0.000803
55,mobley_1967551,-3.118088,-3.500000,0.381912,0.000274
55,mobley_6733657,-3.904511,-3.440000,0.464511,0.000406
55,mobley_9565165,-3.239123,-3.350000,0.110877,0.000023
55,mobley_2487143,-2.857946,-3.280000,0.422054,0.000335
55,mobley_8449031,-1.745665,-3.220000,1.474335,0.004087
55,mobley_172879,-2.668250,-3.150000,0.481750,0.000436
55,mobley_5346580,-2.155299,-3.110000,0.954701,0.001714
55,mobley_3573480,-2.761225,-3.040000,0.278775,0.000146
55,mobley_1075836,-2.600628,-2.930000,0.329372,0.000204
55,mobley_6102880,-3.745589,-2.870000,0.875589,0.001442
55,mobley_1827204,-2.290725,-2.810000,0.519275,0.000507
55,mobley_2146331,-1.575228,-2.750000,1.174772,0.002595
55,mobley_7943327,-2.418552,-2.680000,0.261448,0.000129
55,mobley_5110043,-2.452383,-2.630000,0.177617,0.000059
55,mobley_5616693,-2.379560,-2.530000,0.150440,0.000043
55,mobley_6619554,-1.947607,-2.490000,0.542393,0.000553
55,mobley_6359156,-3.489621,-2.460000,1.029621,0.001994
55,mobley_1781152,-1.949363,-2.400000,0.450637,0.000382
55,mobley_859464,-2.302438,-2.360000,0.057562,0.000006
55,mobley_7150646,-1.384382,-2.300000,0.915618,0.001576
55,mobley_1592519,-1.823761,-2.230000,0.406239,0.000310
55,mobley_5538249,-1.999574,-2.160000,0.160426,0.000048
55,mobley_6911232,-1.421517,-2.100000,0.678483,0.000866
55,mobley_3269565,-1.387544,-2.010000,0.622456,0.000729
55,mobley_2484519,-2.345831,-1.930000,0.415831,0.000325
55,mobley_7690440,-3.220255,-1.830000,1.390255,0.003635
55,mobley_3802803,-1.073566,-1.660000,0.586434,0.000647
55,mobley_1144156,-1.180485,-1.590000,0.409515,0.000315
55,mobley_2481002,-0.950632,-1.450000,0.499368,0.000469
55,mobley_2489709,-1.130563,-1.360000,0.229437,0.000099
55,mobley_5052949,-0.672607,-1.280000,0.607393,0.000694
55,mobley_2492140,-1.089072,-1.230000,0.140928,0.000037
55,mobley_7542832,-0.974783,-1.160000,0.185217,0.000065
55,mobley_7814642,-1.328452,-1.120000,0.208452,0.000082
55,mobley_1563176,-0.558267,-0.990000,0.431733,0.000351
55,mobley_1873346,-0.777336,-0.900000,0.122664,0.000028
55,mobley_3040612,-0.439153,-0.850000,0.410847,0.000317
55,mobley_4483973,-2.043349,-0.800000,1.243349,0.002907
55,mobley_9913368,-1.184073,-0.780000,0.404073,0.000307
55,mobley_1449384,-0.450213,-0.680000,0.229787,0.000099
55,mobley_7708038,-0.536293,-0.560000,0.023707,0.000001
55,mobley_8311321,-0.344769,-0.500000,0.155231,0.000045
55,mobley_766666,-0.315403,-0.440000,0.124597,0.000029
55,mobley_5445548,-0.420874,-0.300000,0.120874,0.000027
55,mobley_9029594,-0.917914,-0.220000,0.697914,0.000916
55,mobley_3370989,-2.420169,-0.110000,2.310169,0.010036
55,mobley_627267,0.024241,-0.030000,0.054241,0.000006
55,mobley_6250025,0.336159,0.080000,0.256159,0.000123
55,mobley_4252724,-0.370348,0.160000,0.530348,0.000529
55,mobley_7157427,0.653828,0.290000,0.363828,0.000249
55,mobley_8885088,-0.291373,0.560000,0.851373,0.001363
55,mobley_8522124,0.862548,0.710000,0.152548,0.000044
55,mobley_4678740,-0.950945,1.070000,2.020945,0.007680
55,mobley_2689721,0.765841,1.230000,0.464159,0.000405
55,mobley_1662128,1.168868,1.380000,0.211132,0.000084
55,mobley_4762983,1.986904,1.660000,0.326904,0.000201
55,mobley_7732703,1.235064,1.790000,0.554936,0.000579
55,mobley_2068538,1.529392,2.000000,0.470608,0.000416
55,mobley_5157661,1.834650,2.300000,0.465350,0.000407
55,mobley_1261349,2.009872,2.510000,0.500128,0.000470
55,mobley_2328633,2.208795,2.550000,0.341205,0.000219
55,mobley_8436428,2.907465,2.830000,0.077465,0.000011
55,mobley_3060426,3.631896,2.930000,0.701896,0.000926
55,mobley_2197088,3.234559,3.160000,0.074559,0.000010
56,mobley_9534740,-22.080084,-25.469999,3.389915,0.021609
56,mobley_6239320,-17.731247,-18.059999,0.328753,0.000203
56,mobley_7794077,-11.955405,-15.460000,3.504595,0.023096
56,mobley_7415647,-12.841619,-11.950000,0.891619,0.001495
56,mobley_1728386,-9.979276,-11.000000,1.020724,0.001959
56,mobley_2269032,-10.435534,-10.210000,0.225534,0.000096
56,mobley_2913224,-7.480051,-9.940000,2.459949,0.011379
56,mobley_2659552,-9.743616,-9.760000,0.016384,0.000001
56,mobley_7176290,-8.951735,-9.620000,0.668264,0.000840
56,mobley_2295058,-9.196635,-9.510000,0.313365,0.000185
56,mobley_6055410,-11.598037,-9.400000,2.198037,0.009085
56,mobley_4639255,-9.147243,-9.300000,0.152757,0.000044
56,mobley_1417007,-5.019200,-9.010000,3.990800,0.029949
56,mobley_6115639,-9.219939,-8.700000,0.519939,0.000508
56,mobley_6353617,-7.992572,-8.260000,0.267428,0.000134
56,mobley_2725215,-6.862101,-7.980000,1.117899,0.002350
56,mobley_7039935,-7.001995,-7.670000,0.668005,0.000839
56,mobley_4059279,-6.134061,-7.580000,1.445939,0.003932
56,mobley_951560,-9.144215,-7.400000,1.744215,0.005721
56,mobley_1922649,-8.555203,-7.190000,1.365203,0.003505
56,mobley_8798016,-7.619376,-7.000000,0.619376,0.000721
56,mobley_1858644,-7.027058,-6.790000,0.237058,0.000106
56,mobley_9114381,-5.909432,-6.720000,0.810568,0.001235
56,mobley_5311804,-6.027695,-6.620000,0.592305,0.000660
56,mobley_6743808,-5.893474,-6.500000,0.606526,0.000692
56,mobley_8789864,-6.151718,-6.400000,0.248282,0.000116
56,mobley_7009711,-6.065269,-6.270000,0.204731,0.000079
56,mobley_8789465,-4.561906,-6.200000,1.638094,0.005046
56,mobley_2923700,-5.917116,-6.130000,0.212884,0.000085
56,mobley_4780078,-5.645615,-6.010000,0.364386,0.000250
56,mobley_5467162,-5.277126,-5.910000,0.632874,0.000753
56,mobley_6257907,-5.864267,-5.820000,0.044267,0.000004
56,mobley_7913234,-5.468411,-5.730000,0.261589,0.000129
56,mobley_5518547,-5.957107,-5.570000,0.387106,0.000282
56,mobley_4883284,-6.016761,-5.490000,0.526761,0.000522
56,mobley_5220185,-5.139874,-5.450000,0.310126,0.000181
56,mobley_3359593,-5.487237,-5.260000,0.227237,0.000097
56,mobley_4683624,-5.912459,-5.210000,0.702459,0.000928
56,mobley_1636752,-4.116438,-5.100000,0.983562,0.001819
56,mobley_2310185,-4.731066,-5.000000,0.268934,0.000136
56,mobley_3682850,-4.244575,-4.910000,0.665425,0.000833
56,mobley_1363784,-4.822511,-4.840000,0.017489,0.000001
56,mobley_2837389,-3.420572,-4.780000,1.359428,0.003475
56,mobley_9507933,-4.814031,-4.720000,0.094031,0.000017
56,mobley_296847,-5.074441,-4.690000,0.384441,0.000278
56,mobley_8208692,-3.087250,-4.610000,1.522750,0.004360
56,mobley_4884177,-4.290126,-4.590000,0.299874,0.000169
56,mobley_6714389,-4.217776,-4.550000,0.332224,0.000208
56,mobley_2245668,-4.175056,-4.500000,0.324944,0.000199
56,mobley_5973402,-4.044431,-4.420000,0.375569,0.000265
56,mobley_3546460,-4.166129,-4.400000,0.233871,0.000103
56,mobley_8311303,-4.555339,-4.380000,0.175339,0.000058
56,mobley_9741965,-5.432890,-4.290000,1.142890,0.002456
56,mobley_4603202,-2.931196,-4.230000,1.298804,0.003172
56,mobley_628086,-4.148335,-4.160000,0.011665,0.000000
56,mobley_4620651,-3.643712,-4.100000,0.456288,0.000392
56,mobley_7977115,-4.062055,-4.060000,0.002055,0.000000
56,mobley_2789243,-3.219557,-4.010000,0.790444,0.001175
56,mobley_3968739,-4.340668,-3.920000,0.420668,0.000333
56,mobley_63712,-3.148688,-3.880000,0.731312,0.001006
56,mobley_1046331,-3.701589,-3.820000,0.118411,0.000026
56,mobley_1160109,-3.370735,-3.750000,0.379265,0.000270
56,mobley_4149784,-2.919934,-3.670000,0.750066,0.001058
56,mobley_397645,-4.268833,-3.640000,0.628833,0.000744
56,mobley_4690963,-4.499341,-3.540000,0.959341,0.001731
56,mobley_1967551,-3.183605,-3.500000,0.316395,0.000188
56,mobley_6733657,-3.952935,-3.440000,0.512935,0.000495
56,mobley_9565165,-4.040312,-3.350000,0.690312,0.000896
56,mobley_2487143,-3.018702,-3.280000,0.261298,0.000128
56,mobley_8449031,-2.008640,-3.220000,1.211360,0.002759
56,mobley_172879,-3.586158,-3.150000,0.436157,0.000358
56,mobley_5346580,-2.175816,-3.110000,0.934184,0.001641
56,mobley_3573480,-2.904909,-3.040000,0.135091,0.000034
56,mobley_1075836,-2.834470,-2.930000,0.095530,0.000017
56,mobley_6102880,-4.450440,-2.870000,1.580440,0.004697
56,mobley_1827204,-2.486764,-2.810000,0.323236,0.000196
56,mobley_2146331,-1.554212,-2.750000,1.195788,0.002689
56,mobley_7943327,-2.549879,-2.680000,0.130121,0.000032
56,mobley_5110043,-3.063540,-2.630000,0.433540,0.000353
56,mobley_5616693,-2.808715,-2.530000,0.278715,0.000146
56,mobley_6619554,-2.098943,-2.490000,0.391057,0.000288
56,mobley_6359156,-4.078398,-2.460000,1.618398,0.004925
56,mobley_1781152,-2.093289,-2.400000,0.306711,0.000177
56,mobley_859464,-2.267270,-2.360000,0.092730,0.000016
56,mobley_7150646,-1.466228,-2.300000,0.833772,0.001307
56,mobley_1592519,-2.072373,-2.230000,0.157627,0.000047
56,mobley_5538249,-2.031188,-2.160000,0.128812,0.000031
56,mobley_6911232,-1.692149,-2.100000,0.407851,0.000313
56,mobley_3269565,-1.521834,-2.010000,0.488165,0.000448
56,mobley_2484519,-2.698493,-1.930000,0.768493,0.001111
56,mobley_7690440,-3.529416,-1.830000,1.699416,0.005431
56,mobley_3802803,-1.190387,-1.660000,0.469613,0.000415
56,mobley_1144156,-1.409950,-1.590000,0.180050,0.000061
56,mobley_2481002,-1.121203,-1.450000,0.328797,0.000203
56,mobley_2489709,-1.339804,-1.360000,0.020196,0.000001
56,mobley_5052949,-0.992301,-1.280000,0.287699,0.000156
56,mobley_2492140,-1.442952,-1.230000,0.212952,0.000085
56,mobley_7542832,-1.220394,-1.160000,0.060394,0.000007
56,mobley_7814642,-1.704041,-1.120000,0.584041,0.000641
56,mobley_1563176,-0.609662,-0.990000,0.380338,0.000272
56,mobley_1873346,-0.924432,-0.900000,0.024432,0.000001
56,mobley_3040612,-0.675602,-0.850000,0.174398,0.000057
56,mobley_4483973,-2.264562,-0.800000,1.464562,0.004033
56,mobley_9913368,-1.192975,-0.780000,0.412975,0.000321
56,mobley_1449384,-0.640367,-0.680000,0.039633,0.000003
56,mobley_7708038,-0.711368,-0.560000,0.151368,0.000043
56,mobley_8311321,-0.652966,-0.500000,0.152966,0.000044
56,mobley_766666,-0.419789,-0.440000,0.020211,0.000001
56,mobley_5445548,-0.556748,-0.300000,0.256748,0.000124
56,mobley_9029594,-1.078085,-0.220000,0.858085,0.001385
56,mobley_3370989,-2.485905,-0.110000,2.375905,0.010615
56,mobley_627267,-0.040435,-0.030000,0.010435,0.000000
56,mobley_6250025,0.159450,0.080000,0.079450,0.000012
56,mobley_4252724,-0.561861,0.160000,0.721861,0.000980
56,mobley_7157427,0.442964,0.290000,0.152964,0.000044
56,mobley_8885088,-0.486704,0.560000,1.046704,0.002060
56,mobley_8522124,0.774777,0.710000,0.064777,0.000008
56,mobley_4678740,-0.571190,1.070000,1.641190,0.005065
56,mobley_2689721,0.927846,1.230000,0.302154,0.000172
56,mobley_1662128,1.279129,1.380000,0.100871,0.000019
56,mobley_4762983,2.009853,1.660000,0.349853,0.000230
56,mobley_7732703,1.047024,1.790000,0.742976,0.001038
56,mobley_2068538,1.563317,2.000000,0.436683,0.000359
56,mobley_5157661,2.005856,2.300000,0.294144,0.000163
56,mobley_1261349,2.420228,2.510000,0.089772,0.000015
56,mobley_2328633,2.189777,2.550000,0.360223,0.000244
56,mobley_8436428,3.150752,2.830000,0.320752,0.000193
56,mobley_3060426,3.954238,2.930000,1.024238,0.001973
56,mobley_2197088,3.265544,3.160000,0.105544,0.000021
57,mobley_9534740,-23.435150,-25.469999,2.034849,0.007786
57,mobley_6239320,-18.386065,-18.059999,0.326065,0.000200
57,mobley_7794077,-12.683488,-15.460000,2.776512,0.014496
57,mobley_7415647,-12.459422,-11.950000,0.509422,0.000488
57,mobley_1728386,-9.841979,-11.000000,1.158021,0.002522
57,mobley_2269032,-9.049932,-10.210000,1.160068,0.002531
57,mobley_2913224,-7.194391,-9.940000,2.745608,0.014176
57,mobley_2659552,-8.739916,-9.760000,1.020084,0.001957
57,mobley_7176290,-9.343865,-9.620000,0.276134,0.000143
57,mobley_2295058,-8.635647,-9.510000,0.874353,0.001438
57,mobley_6055410,-10.617932,-9.400000,1.217933,0.002789
57,mobley_4639255,-9.600099,-9.300000,0.300098,0.000169
57,mobley_1417007,-5.556832,-9.010000,3.453168,0.022423
57,mobley_6115639,-9.397061,-8.700000,0.697062,0.000914
57,mobley_6353617,-7.508711,-8.260000,0.751289,0.001061
57,mobley_2725215,-8.211186,-7.980000,0.231186,0.000101
57,mobley_7039935,-6.220506,-7.670000,1.449494,0.003951
57,mobley_4059279,-6.178823,-7.580000,1.401176,0.003692
57,mobley_951560,-9.615584,-7.400000,2.215584,0.009231
57,mobley_1922649,-8.550785,-7.190000,1.360785,0.003482
57,mobley_8798016,-7.018306,-7.000000,0.018306,0.000001
57,mobley_1858644,-6.722755,-6.790000,0.067245,0.000009
57,mobley_9114381,-6.122557,-6.720000,0.597443,0.000671
57,mobley_5311804,-5.610734,-6.620000,1.009265,0.001915
57,mobley_6743808,-5.842036,-6.500000,0.657964,0.000814
57,mobley_8789864,-6.148468,-6.400000,0.251533,0.000119
57,mobley_7009711,-5.928820,-6.270000,0.341180,0.000219
57,mobley_8789465,-4.419543,-6.200000,1.780457,0.005961
57,mobley_2923700,-5.572646,-6.130000,0.557354,0.000584
57,mobley_4780078,-5.321427,-6.010000,0.688573,0.000892
57,mobley_5467162,-5.099333,-5.910000,0.810667,0.001236
57,mobley_6257907,-5.580388,-5.820000,0.239612,0.000108
57,mobley_7913234,-5.656827,-5.730000,0.073173,0.000010
57,mobley_5518547,-5.561533,-5.570000,0.008467,0.000000
57,mobley_4883284,-5.689341,-5.490000,0.199341,0.000075
57,mobley_5220185,-4.585455,-5.450000,0.864544,0.001406
57,mobley_3359593,-5.268226,-5.260000,0.008226,0.000000
57,mobley_4683624,-5.561753,-5.210000,0.351753,0.000233
57,mobley_1636752,-4.370248,-5.100000,0.729752,0.001001
57,mobley_2310185,-4.855785,-5.000000,0.144215,0.000039
57,mobley_3682850,-3.939674,-4.910000,0.970326,0.001771
57,mobley_1363784,-4.691583,-4.840000,0.148417,0.000041
57,mobley_2837389,-3.744165,-4.780000,1.035836,0.002018
57,mobley_9507933,-4.418864,-4.720000,0.301136,0.000171
57,mobley_296847,-4.682636,-4.690000,0.007364,0.000000
57,mobley_8208692,-3.319666,-4.610000,1.290334,0.003131
57,mobley_4884177,-3.881575,-4.590000,0.708425,0.000944
57,mobley_6714389,-4.433387,-4.550000,0.116613,0.000026
57,mobley_2245668,-4.357376,-4.500000,0.142624,0.000038
57,mobley_5973402,-4.289568,-4.420000,0.130432,0.000032
57,mobley_3546460,-4.455289,-4.400000,0.055289,0.000006
57,mobley_8311303,-4.138610,-4.380000,0.241390,0.000110
57,mobley_9741965,-6.098056,-4.290000,1.808056,0.006147
57,mobley_4603202,-2.868406,-4.230000,1.361594,0.003486
57,mobley_628086,-3.974738,-4.160000,0.185262,0.000065
57,mobley_4620651,-3.303641,-4.100000,0.796359,0.001193
57,mobley_7977115,-4.085597,-4.060000,0.025597,0.000001
57,mobley_2789243,-3.213048,-4.010000,0.796953,0.001194
57,mobley_3968739,-3.813158,-3.920000,0.106842,0.000021
57,mobley_63712,-2.932232,-3.880000,0.947768,0.001689
57,mobley_1046331,-3.443112,-3.820000,0.376888,0.000267
57,mobley_1160109,-3.152038,-3.750000,0.597962,0.000672
57,mobley_4149784,-2.571287,-3.670000,1.098713,0.002270
57,mobley_397645,-3.651915,-3.640000,0.011915,0.000000
57,mobley_4690963,-4.301809,-3.540000,0.761809,0.001091
57,mobley_1967551,-3.215077,-3.500000,0.284923,0.000153
57,mobley_6733657,-3.956970,-3.440000,0.516970,0.000503
57,mobley_9565165,-2.853413,-3.350000,0.496587,0.000464
57,mobley_2487143,-3.130820,-3.280000,0.149180,0.000042
57,mobley_8449031,-1.846422,-3.220000,1.373578,0.003548
57,mobley_172879,-3.069941,-3.150000,0.080059,0.000012
57,mobley_5346580,-2.165852,-3.110000,0.944148,0.001676
57,mobley_3573480,-3.146636,-3.040000,0.106636,0.000021
57,mobley_1075836,-2.649199,-2.930000,0.280802,0.000148
57,mobley_6102880,-3.705722,-2.870000,0.835722,0.001313
57,mobley_1827204,-2.569759,-2.810000,0.240241,0.000109
57,mobley_2146331,-1.613921,-2.750000,1.136079,0.002427
57,mobley_7943327,-2.322903,-2.680000,0.357097,0.000240
57,mobley_5110043,-2.291491,-2.630000,0.338509,0.000215
57,mobley_5616693,-2.482492,-2.530000,0.047508,0.000004
57,mobley_6619554,-2.075784,-2.490000,0.414216,0.000323
57,mobley_6359156,-3.727649,-2.460000,1.267649,0.003022
57,mobley_1781152,-1.890291,-2.400000,0.509709,0.000489
57,mobley_859464,-2.324746,-2.360000,0.035254,0.000002
57,mobley_7150646,-1.100703,-2.300000,1.199296,0.002705
57,mobley_1592519,-2.109405,-2.230000,0.120595,0.000027
57,mobley_5538249,-2.262413,-2.160000,0.102413,0.000020
57,mobley_6911232,-1.579621,-2.100000,0.520378,0.000509
57,mobley_3269565,-1.500670,-2.010000,0.509330,0.000488
57,mobley_2484519,-2.287091,-1.930000,0.357092,0.000240
57,mobley_7690440,-3.957429,-1.830000,2.127429,0.008511
57,mobley_3802803,-1.924058,-1.660000,0.264058,0.000131
57,mobley_1144156,-1.267582,-1.590000,0.322418,0.000195
57,mobley_2481002,-2.131143,-1.450000,0.681143,0.000872
57,mobley_2489709,-1.157990,-1.360000,0.202011,0.000077
57,mobley_5052949,-0.960506,-1.280000,0.319494,0.000192
57,mobley_2492140,-1.681105,-1.230000,0.451105,0.000383
57,mobley_7542832,-1.079465,-1.160000,0.080535,0.000012
57,mobley_7814642,-1.706412,-1.120000,0.586412,0.000647
57,mobley_1563176,-0.664528,-0.990000,0.325472,0.000199
57,mobley_1873346,-0.680717,-0.900000,0.219283,0.000090
57,mobley_3040612,-0.437557,-0.850000,0.412443,0.000320
57,mobley_4483973,-1.976194,-0.800000,1.176194,0.002601
57,mobley_9913368,-1.267479,-0.780000,0.487479,0.000447
57,mobley_1449384,-0.358336,-0.680000,0.321664,0.000195
57,mobley_7708038,-0.546154,-0.560000,0.013846,0.000000
57,mobley_8311321,-1.033597,-0.500000,0.533597,0.000535
57,mobley_766666,-0.645968,-0.440000,0.205968,0.000080
57,mobley_5445548,-0.296942,-0.300000,0.003058,0.000000
57,mobley_9029594,-1.143524,-0.220000,0.923524,0.001604
57,mobley_3370989,-2.523638,-0.110000,2.413638,0.010955
57,mobley_627267,0.054110,-0.030000,0.084110,0.000013
57,mobley_6250025,0.067463,0.080000,0.012537,0.000000
57,mobley_4252724,-0.226022,0.160000,0.386022,0.000280
57,mobley_7157427,0.393126,0.290000,0.103126,0.000020
57,mobley_8885088,-0.283364,0.560000,0.843364,0.001337
57,mobley_8522124,0.668879,0.710000,0.041121,0.000003
57,mobley_4678740,-1.057130,1.070000,2.127130,0.008508
57,mobley_2689721,0.548047,1.230000,0.681953,0.000875
57,mobley_1662128,1.030303,1.380000,0.349697,0.000230
57,mobley_4762983,1.673291,1.660000,0.013291,0.000000
57,mobley_7732703,0.952980,1.790000,0.837020,0.001317
57,mobley_2068538,1.403504,2.000000,0.596496,0.000669
57,mobley_5157661,1.813786,2.300000,0.486214,0.000445
57,mobley_1261349,2.184275,2.510000,0.325725,0.000200
57,mobley_2328633,1.918780,2.550000,0.631220,0.000749
57,mobley_8436428,2.813123,2.830000,0.016877,0.000001
57,mobley_3060426,3.627037,2.930000,0.697037,0.000914
57,mobley_2197088,2.740071,3.160000,0.419929,0.000332
58,mobley_9534740,-22.080225,-25.469999,3.389774,0.021607
58,mobley_6239320,-19.386539,-18.059999,1.326540,0.003309
58,mobley_7794077,-13.115262,-15.460000,2.344738,0.010338
58,mobley_7415647,-13.276249,-11.950000,1.326249,0.003308
58,mobley_1728386,-10.128963,-11.000000,0.871037,0.001427
58,mobley_2269032,-10.727026,-10.210000,0.517026,0.000503
58,mobley_2913224,-7.430273,-9.940000,2.509727,0.011844
58,mobley_2659552,-9.840012,-9.760000,0.080011,0.000012
58,mobley_7176290,-9.160468,-9.620000,0.459532,0.000397
58,mobley_2295058,-8.998654,-9.510000,0.511346,0.000492
58,mobley_6055410,-11.429501,-9.400000,2.029501,0.007745
58,mobley_4639255,-9.387821,-9.300000,0.087821,0.000015
58,mobley_1417007,-5.053360,-9.010000,3.956640,0.029438
58,mobley_6115639,-9.467894,-8.700000,0.767894,0.001109
58,mobley_6353617,-7.919581,-8.260000,0.340419,0.000218
58,mobley_2725215,-7.429580,-7.980000,0.550420,0.000570
58,mobley_7039935,-6.710062,-7.670000,0.959938,0.001733
58,mobley_4059279,-6.177608,-7.580000,1.402391,0.003698
58,mobley_951560,-9.397383,-7.400000,1.997383,0.007502
58,mobley_1922649,-8.873469,-7.190000,1.683469,0.005329
58,mobley_8798016,-7.529955,-7.000000,0.529955,0.000528
58,mobley_1858644,-6.847740,-6.790000,0.057740,0.000006
58,mobley_9114381,-6.321585,-6.720000,0.398415,0.000298
58,mobley_5311804,-5.900387,-6.620000,0.719613,0.000974
58,mobley_6743808,-5.729167,-6.500000,0.770833,0.001117
58,mobley_8789864,-6.378845,-6.400000,0.021155,0.000001
58,mobley_7009711,-5.794628,-6.270000,0.475372,0.000425
58,mobley_8789465,-4.398715,-6.200000,1.801284,0.006101
58,mobley_2923700,-5.740471,-6.130000,0.389529,0.000285
58,mobley_4780078,-5.407474,-6.010000,0.602526,0.000683
58,mobley_5467162,-5.219281,-5.910000,0.690719,0.000897
58,mobley_6257907,-6.084328,-5.820000,0.264328,0.000131
58,mobley_7913234,-5.460529,-5.730000,0.269471,0.000137
58,mobley_5518547,-5.745276,-5.570000,0.175276,0.000058
58,mobley_4883284,-5.860848,-5.490000,0.370849,0.000259
58,mobley_5220185,-5.166821,-5.450000,0.283179,0.000151
58,mobley_3359593,-5.227795,-5.260000,0.032205,0.000002
58,mobley_4683624,-5.684264,-5.210000,0.474264,0.000423
58,mobley_1636752,-4.401170,-5.100000,0.698830,0.000918
58,mobley_2310185,-4.867951,-5.000000,0.132049,0.000033
58,mobley_3682850,-4.032925,-4.910000,0.877075,0.001447
58,mobley_1363784,-5.076712,-4.840000,0.236712,0.000105
58,mobley_2837389,-3.894309,-4.780000,0.885691,0.001475
58,mobley_9507933,-4.781687,-4.720000,0.061687,0.000007
58,mobley_296847,-5.265989,-4.690000,0.575989,0.000624
58,mobley_8208692,-3.324279,-4.610000,1.285721,0.003109
58,mobley_4884177,-4.446617,-4.590000,0.143384,0.000039
58,mobley_6714389,-4.592580,-4.550000,0.042580,0.000003
58,mobley_2245668,-4.378892,-4.500000,0.121108,0.000028
58,mobley_5973402,-4.182747,-4.420000,0.237253,0.000106
58,mobley_3546460,-4.127930,-4.400000,0.272070,0.000139
58,mobley_8311303,-4.926722,-4.380000,0.546722,0.000562
58,mobley_9741965,-5.660704,-4.290000,1.370704,0.003533
58,mobley_4603202,-2.917002,-4.230000,1.312998,0.003242
58,mobley_628086,-4.131833,-4.160000,0.028167,0.000001
58,mobley_4620651,-3.626533,-4.100000,0.473467,0.000422
58,mobley_7977115,-3.947452,-4.060000,0.112548,0.000024
58,mobley_2789243,-3.643917,-4.010000,0.366083,0.000252
58,mobley_3968739,-4.113859,-3.920000,0.193859,0.000071
58,mobley_63712,-3.227124,-3.880000,0.652876,0.000802
58,mobley_1046331,-3.736993,-3.820000,0.083007,0.000013
58,mobley_1160109,-3.268165,-3.750000,0.481835,0.000437
58,mobley_4149784,-3.882643,-3.670000,0.212643,0.000085
58,mobley_397645,-4.123927,-3.640000,0.483927,0.000440
58,mobley_4690963,-4.410242,-3.540000,0.870242,0.001424
58,mobley_1967551,-3.215426,-3.500000,0.284574,0.000152
58,mobley_6733657,-3.791234,-3.440000,0.351233,0.000232
58,mobley_9565165,-3.724101,-3.350000,0.374101,0.000263
58,mobley_2487143,-2.759275,-3.280000,0.520725,0.000510
58,mobley_8449031,-2.253223,-3.220000,0.966777,0.001758
58,mobley_172879,-3.934887,-3.150000,0.784887,0.001158
58,mobley_5346580,-2.243676,-3.110000,0.866324,0.001411
58,mobley_3573480,-2.670928,-3.040000,0.369072,0.000256
58,mobley_1075836,-2.864261,-2.930000,0.065739,0.000008
58,mobley_6102880,-4.224834,-2.870000,1.354834,0.003452
58,mobley_1827204,-2.336981,-2.810000,0.473019,0.000421
58,mobley_2146331,-1.591969,-2.750000,1.158031,0.002522
58,mobley_7943327,-2.656810,-2.680000,0.023190,0.000001
58,mobley_5110043,-2.918155,-2.630000,0.288155,0.000156
58,mobley_5616693,-2.559956,-2.530000,0.029956,0.000002
58,mobley_6619554,-2.079950,-2.490000,0.410050,0.000316
58,mobley_6359156,-4.322859,-2.460000,1.862859,0.006526
58,mobley_1781152,-2.157085,-2.400000,0.242915,0.000111
58,mobley_859464,-2.469697,-2.360000,0.109698,0.000023
58,mobley_7150646,-1.259749,-2.300000,1.040251,0.002035
58,mobley_1592519,-2.022273,-2.230000,0.207727,0.000081
58,mobley_5538249,-2.046114,-2.160000,0.113886,0.000024
58,mobley_6911232,-1.714212,-2.100000,0.385788,0.000280
58,mobley_3269565,-1.600949,-2.010000,0.409051,0.000315
58,mobley_2484519,-2.385962,-1.930000,0.455963,0.000391
58,mobley_7690440,-4.042651,-1.830000,2.212651,0.009206
58,mobley_3802803,-1.371725,-1.660000,0.288275,0.000156
58,mobley_1144156,-1.432838,-1.590000,0.157162,0.000046
58,mobley_2481002,-1.179493,-1.450000,0.270507,0.000138
58,mobley_2489709,-1.397616,-1.360000,0.037616,0.000003
58,mobley_5052949,-1.027675,-1.280000,0.252325,0.000120
58,mobley_2492140,-1.815545,-1.230000,0.585545,0.000645
58,mobley_7542832,-1.132929,-1.160000,0.027071,0.000001
58,mobley_7814642,-1.917542,-1.120000,0.797542,0.001196
58,mobley_1563176,-0.478014,-0.990000,0.511986,0.000493
58,mobley_1873346,-0.658719,-0.900000,0.241281,0.000109
58,mobley_3040612,-0.563473,-0.850000,0.286527,0.000154
58,mobley_4483973,-2.177021,-0.800000,1.377021,0.003566
58,mobley_9913368,-1.322486,-0.780000,0.542486,0.000553
58,mobley_1449384,-0.585656,-0.680000,0.094344,0.000017
58,mobley_7708038,-0.531790,-0.560000,0.028210,0.000001
58,mobley_8311321,-0.637504,-0.500000,0.137504,0.000036
58,mobley_766666,-0.372714,-0.440000,0.067286,0.000009
58,mobley_5445548,-0.467248,-0.300000,0.167248,0.000053
58,mobley_9029594,-1.122236,-0.220000,0.902236,0.001531
58,mobley_3370989,-2.681695,-0.110000,2.571695,0.012437
58,mobley_627267,0.026933,-0.030000,0.056933,0.000006
58,mobley_6250025,0.359270,0.080000,0.279270,0.000147
58,mobley_4252724,-0.374023,0.160000,0.534023,0.000536
58,mobley_7157427,0.657117,0.290000,0.367117,0.000253
58,mobley_8885088,-0.279995,0.560000,0.839995,0.001327
58,mobley_8522124,1.032902,0.710000,0.322902,0.000196
58,mobley_4678740,-0.676901,1.070000,1.746901,0.005739
58,mobley_2689721,0.799777,1.230000,0.430223,0.000348
58,mobley_1662128,1.228272,1.380000,0.151728,0.000043
58,mobley_4762983,2.074382,1.660000,0.414382,0.000323
58,mobley_7732703,0.924109,1.790000,0.865891,0.001410
58,mobley_2068538,1.581723,2.000000,0.418277,0.000329
58,mobley_5157661,1.939042,2.300000,0.360958,0.000245
58,mobley_1261349,2.344598,2.510000,0.165402,0.000051
58,mobley_2328633,2.259293,2.550000,0.290707,0.000159
58,mobley_8436428,3.061117,2.830000,0.231117,0.000100
58,mobley_3060426,3.859288,2.930000,0.929288,0.001624
58,mobley_2197088,3.269559,3.160000,0.109559,0.000023
59,mobley_9534740,-23.899317,-25.469999,1.570683,0.004639
59,mobley_6239320,-19.426952,-18.059999,1.366953,0.003514
59,mobley_7794077,-13.719728,-15.460000,1.740273,0.005695
59,mobley_7415647,-12.715328,-11.950000,0.765328,0.001101
59,mobley_1728386,-10.262014,-11.000000,0.737986,0.001024
59,mobley_2269032,-10.153606,-10.210000,0.056394,0.000006
59,mobley_2913224,-7.495621,-9.940000,2.444378,0.011236
59,mobley_2659552,-9.657006,-9.760000,0.102994,0.000020
59,mobley_7176290,-8.748907,-9.620000,0.871093,0.001427
59,mobley_2295058,-8.958038,-9.510000,0.551962,0.000573
59,mobley_6055410,-10.945463,-9.400000,1.545464,0.004491
59,mobley_4639255,-9.809393,-9.300000,0.509393,0.000488
59,mobley_1417007,-5.642921,-9.010000,3.367079,0.021319
59,mobley_6115639,-9.430502,-8.700000,0.730502,0.001003
59,mobley_6353617,-7.975163,-8.260000,0.284837,0.000153
59,mobley_2725215,-7.444128,-7.980000,0.535872,0.000540
59,mobley_7039935,-6.527126,-7.670000,1.142874,0.002456
59,mobley_4059279,-6.398680,-7.580000,1.181320,0.002624
59,mobley_951560,-9.522696,-7.400000,2.122696,0.008473
59,mobley_1922649,-8.118980,-7.190000,0.928980,0.001623
59,mobley_8798016,-7.609362,-7.000000,0.609362,0.000698
59,mobley_1858644,-7.085546,-6.790000,0.295546,0.000164
59,mobley_9114381,-6.336510,-6.720000,0.383490,0.000277
59,mobley_5311804,-5.939633,-6.620000,0.680367,0.000870
59,mobley_6743808,-5.802604,-6.500000,0.697396,0.000915
59,mobley_8789864,-6.381993,-6.400000,0.018007,0.000001
59,mobley_7009711,-5.942584,-6.270000,0.327416,0.000202
59,mobley_8789465,-4.427722,-6.200000,1.772277,0.005906
59,mobley_2923700,-5.664125,-6.130000,0.465875,0.000408
59,mobley_4780078,-5.398930,-6.010000,0.611071,0.000702
59,mobley_5467162,-5.165395,-5.910000,0.744605,0.001043
59,mobley_6257907,-5.629889,-5.820000,0.190112,0.000068
59,mobley_7913234,-5.834030,-5.730000,0.104030,0.000020
59,mobley_5518547,-5.689122,-5.570000,0.119122,0.000027
59,mobley_4883284,-5.771404,-5.490000,0.281404,0.000149
59,mobley_5220185,-4.804421,-5.450000,0.645579,0.000784
59,mobley_3359593,-5.306624,-5.260000,0.046624,0.000004
59,mobley_4683624,-5.640223,-5.210000,0.430223,0.000348
59,mobley_1636752,-4.469439,-5.100000,0.630561,0.000748
59,mobley_2310185,-4.990436,-5.000000,0.009564,0.000000
59,mobley_3682850,-4.276219,-4.910000,0.633780,0.000755
59,mobley_1363784,-5.017093,-4.840000,0.177093,0.000059
59,mobley_2837389,-3.753563,-4.780000,1.026438,0.001981
59,mobley_9507933,-4.807095,-4.720000,0.087095,0.000014
59,mobley_296847,-5.154294,-4.690000,0.464294,0.000405
59,mobley_8208692,-3.200948,-4.610000,1.409052,0.003734
59,mobley_4884177,-4.340692,-4.590000,0.249309,0.000117
59,mobley_6714389,-4.528489,-4.550000,0.021512,0.000001
59,mobley_2245668,-4.552649,-4.500000,0.052649,0.000005
59,mobley_5973402,-4.429413,-4.420000,0.009413,0.000000
59,mobley_3546460,-4.428758,-4.400000,0.028758,0.000002
59,mobley_8311303,-4.494196,-4.380000,0.114196,0.000025
59,mobley_9741965,-5.325521,-4.290000,1.035521,0.002016
59,mobley_4603202,-3.073112,-4.230000,1.156888,0.002517
59,mobley_628086,-4.880035,-4.160000,0.720036,0.000975
59,mobley_4620651,-3.750945,-4.100000,0.349055,0.000229
59,mobley_7977115,-4.112501,-4.060000,0.052501,0.000005
59,mobley_2789243,-3.287742,-4.010000,0.722258,0.000981
59,mobley_3968739,-4.155446,-3.920000,0.235445,0.000104
59,mobley_63712,-3.422727,-3.880000,0.457273,0.000393
59,mobley_1046331,-3.653250,-3.820000,0.166750,0.000052
59,mobley_1160109,-3.539282,-3.750000,0.210718,0.000083
59,mobley_4149784,-2.827513,-3.670000,0.842487,0.001335
59,mobley_397645,-4.075580,-3.640000,0.435580,0.000357
59,mobley_4690963,-4.641732,-3.540000,1.101732,0.002283
59,mobley_1967551,-3.398301,-3.500000,0.101699,0.000019
59,mobley_6733657,-3.987211,-3.440000,0.547211,0.000563
59,mobley_9565165,-3.549623,-3.350000,0.199623,0.000075
59,mobley_2487143,-3.206912,-3.280000,0.073088,0.000010
59,mobley_8449031,-2.164186,-3.220000,1.055814,0.002096
59,mobley_172879,-2.911512,-3.150000,0.238488,0.000107
59,mobley_5346580,-2.495879,-3.110000,0.614121,0.000709
59,mobley_3573480,-3.147094,-3.040000,0.107094,0.000022
59,mobley_1075836,-2.916753,-2.930000,0.013247,0.000000
59,mobley_6102880,-3.951826,-2.870000,1.081826,0.002201
59,mobley_1827204,-2.581280,-2.810000,0.228720,0.000098
59,mobley_2146331,-1.744371,-2.750000,1.005629,0.001902
59,mobley_7943327,-2.651075,-2.680000,0.028925,0.000002
59,mobley_5110043,-2.769297,-2.630000,0.139297,0.000036
59,mobley_5616693,-2.790445,-2.530000,0.260445,0.000128
59,mobley_6619554,-2.230148,-2.490000,0.259852,0.000127
59,mobley_6359156,-3.824290,-2.460000,1.364290,0.003500
59,mobley_1781152,-2.257282,-2.400000,0.142718,0.000038
59,mobley_859464,-2.556305,-2.360000,0.196305,0.000072
59,mobley_7150646,-1.283054,-2.300000,1.016946,0.001945
59,mobley_1592519,-2.199979,-2.230000,0.030021,0.000002
59,mobley_5538249,-2.150939,-2.160000,0.009061,0.000000
59,mobley_6911232,-1.752851,-2.100000,0.347149,0.000227
59,mobley_3269565,-1.663525,-2.010000,0.346475,0.000226
59,mobley_2484519,-2.463924,-1.930000,0.533924,0.000536
59,mobley_7690440,-3.524915,-1.830000,1.694915,0.005402
59,mobley_3802803,-1.280836,-1.660000,0.379164,0.000270
59,mobley_1144156,-1.473864,-1.590000,0.116136,0.000025
59,mobley_2481002,-1.500753,-1.450000,0.050753,0.000005
59,mobley_2489709,-1.391322,-1.360000,0.031322,0.000002
59,mobley_5052949,-0.968951,-1.280000,0.311049,0.000182
59,mobley_2492140,-1.635883,-1.230000,0.405883,0.000310
59,mobley_7542832,-1.232833,-1.160000,0.072833,0.000010
59,mobley_7814642,-1.790356,-1.120000,0.670356,0.000845
59,mobley_1563176,-0.663336,-0.990000,0.326664,0.000201
59,mobley_1873346,-0.749569,-0.900000,0.150431,0.000043
59,mobley_3040612,-0.487958,-0.850000,0.362042,0.000246
59,mobley_4483973,-2.066248,-0.800000,1.266248,0.003015
59,mobley_9913368,-1.259753,-0.780000,0.479753,0.000433
59,mobley_1449384,-0.510087,-0.680000,0.169913,0.000054
59,mobley_7708038,-0.592028,-0.560000,0.032028,0.000002
59,mobley_8311321,-0.774130,-0.500000,0.274130,0.000141
59,mobley_766666,-0.554346,-0.440000,0.114346,0.000025
59,mobley_5445548,-0.403947,-0.300000,0.103947,0.000020
59,mobley_9029594,-1.137660,-0.220000,0.917660,0.001584
59,mobley_3370989,-2.723834,-0.110000,2.613834,0.012848
59,mobley_627267,-0.084486,-0.030000,0.054486,0.000006
59,mobley_6250025,0.139220,0.080000,0.059220,0.000007
59,mobley_4252724,-0.435839,0.160000,0.595839,0.000668
59,mobley_7157427,0.465449,0.290000,0.175449,0.000058
59,mobley_8885088,-0.516396,0.560000,1.076396,0.002179
59,mobley_8522124,0.717129,0.710000,0.007129,0.000000
59,mobley_4678740,-1.954195,1.070000,3.024195,0.017198
59,mobley_2689721,0.596037,1.230000,0.633963,0.000756
59,mobley_1662128,1.180613,1.380000,0.199387,0.000075
59,mobley_4762983,1.867277,1.660000,0.207277,0.000081
59,mobley_7732703,0.706965,1.790000,1.083035,0.002206
59,mobley_2068538,1.528509,2.000000,0.471491,0.000418
59,mobley_5157661,1.877432,2.300000,0.422568,0.000336
59,mobley_1261349,2.141374,2.510000,0.368626,0.000256
59,mobley_2328633,1.935882,2.550000,0.614118,0.000709
59,mobley_8436428,2.927372,2.830000,0.097373,0.000018
59,mobley_3060426,3.640815,2.930000,0.710815,0.000950
59,mobley_2197088,3.030882,3.160000,0.129118,0.000031
60,mobley_9534740,-23.125507,-25.469999,2.344492,0.010336
60,mobley_6239320,-19.082283,-18.059999,1.022284,0.001965
60,mobley_7794077,-13.041122,-15.460000,2.418878,0.011002
60,mobley_7415647,-13.294900,-11.950000,1.344900,0.003401
60,mobley_1728386,-10.289548,-11.000000,0.710452,0.000949
60,mobley_2269032,-10.198844,-10.210000,0.011156,0.000000
60,mobley_2913224,-7.573955,-9.940000,2.366045,0.010527
60,mobley_2659552,-10.056019,-9.760000,0.296019,0.000165
60,mobley_7176290,-8.925493,-9.620000,0.694507,0.000907
60,mobley_2295058,-9.160279,-9.510000,0.349721,0.000230
60,mobley_6055410,-11.119434,-9.400000,1.719435,0.005559
60,mobley_4639255,-9.516324,-9.300000,0.216324,0.000088
60,mobley_1417007,-5.894245,-9.010000,3.115756,0.018255
60,mobley_6115639,-9.373974,-8.700000,0.673974,0.000854
60,mobley_6353617,-7.663926,-8.260000,0.596075,0.000668
60,mobley_2725215,-6.832326,-7.980000,1.147674,0.002477
60,mobley_7039935,-6.637632,-7.670000,1.032368,0.002004
60,mobley_4059279,-6.039114,-7.580000,1.540886,0.004465
60,mobley_951560,-9.378731,-7.400000,1.978731,0.007363
60,mobley_1922649,-8.863326,-7.190000,1.673326,0.005265
60,mobley_8798016,-7.455622,-7.000000,0.455622,0.000390
60,mobley_1858644,-7.033010,-6.790000,0.243010,0.000111
60,mobley_9114381,-6.286315,-6.720000,0.433684,0.000354
60,mobley_5311804,-5.921997,-6.620000,0.698003,0.000916
60,mobley_6743808,-6.136661,-6.500000,0.363339,0.000248
60,mobley_8789864,-6.060809,-6.400000,0.339191,0.000216
60,mobley_7009711,-6.310658,-6.270000,0.040658,0.000003
60,mobley_8789465,-4.402850,-6.200000,1.797150,0.006073
60,mobley_2923700,-5.863050,-6.130000,0.266950,0.000134
60,mobley_4780078,-5.686760,-6.010000,0.323240,0.000196
60,mobley_5467162,-5.517745,-5.910000,0.392254,0.000289
60,mobley_6257907,-5.811853,-5.820000,0.008147,0.000000
60,mobley_7913234,-5.780981,-5.730000,0.050981,0.000005
60,mobley_5518547,-5.846606,-5.570000,0.276606,0.000144
60,mobley_4883284,-5.823106,-5.490000,0.333106,0.000209
60,mobley_5220185,-4.863905,-5.450000,0.586094,0.000646
60,mobley_3359593,-5.520856,-5.260000,0.260856,0.000128
60,mobley_4683624,-5.885861,-5.210000,0.675861,0.000859
60,mobley_1636752,-4.354613,-5.100000,0.745387,0.001045
60,mobley_2310185,-4.952631,-5.000000,0.047369,0.000004
60,mobley_3682850,-4.209509,-4.910000,0.700490,0.000923
60,mobley_1363784,-4.918498,-4.840000,0.078497,0.000012
60,mobley_2837389,-3.365511,-4.780000,1.414489,0.003762
60,mobley_9507933,-4.827999,-4.720000,0.107999,0.000022
60,mobley_296847,-4.902956,-4.690000,0.212955,0.000085
60,mobley_8208692,-3.108249,-4.610000,1.501751,0.004241
60,mobley_4884177,-4.287862,-4.590000,0.302138,0.000172
60,mobley_6714389,-4.472112,-4.550000,0.077888,0.000011
60,mobley_2245668,-4.560535,-4.500000,0.060535,0.000007
60,mobley_5973402,-4.486985,-4.420000,0.066985,0.000008
60,mobley_3546460,-4.487518,-4.400000,0.087518,0.000014
60,mobley_8311303,-4.305180,-4.380000,0.074821,0.000011
60,mobley_9741965,-5.749883,-4.290000,1.459883,0.004008
60,mobley_4603202,-3.305581,-4.230000,0.924419,0.001607
60,mobley_628086,-3.931869,-4.160000,0.228131,0.000098
60,mobley_4620651,-3.701260,-4.100000,0.398740,0.000299
60,mobley_7977115,-4.260508,-4.060000,0.200508,0.000076
60,mobley_2789243,-3.242775,-4.010000,0.767225,0.001107
60,mobley_3968739,-4.203823,-3.920000,0.283823,0.000151
60,mobley_63712,-3.170081,-3.880000,0.709919,0.000948
60,mobley_1046331,-3.672909,-3.820000,0.147091,0.000041
60,mobley_1160109,-3.677711,-3.750000,0.072289,0.000010
60,mobley_4149784,-3.127004,-3.670000,0.542996,0.000554
60,mobley_397645,-4.168516,-3.640000,0.528516,0.000525
60,mobley_4690963,-4.442126,-3.540000,0.902126,0.001530
60,mobley_1967551,-3.312624,-3.500000,0.187376,0.000066
60,mobley_6733657,-4.251414,-3.440000,0.811414,0.001238
60,mobley_9565165,-3.503439,-3.350000,0.153439,0.000044
60,mobley_2487143,-3.171450,-3.280000,0.108550,0.000022
60,mobley_8449031,-2.051388,-3.220000,1.168612,0.002568
60,mobley_172879,-2.936770,-3.150000,0.213230,0.000085
60,mobley_5346580,-2.624482,-3.110000,0.485518,0.000443
60,mobley_3573480,-3.119486,-3.040000,0.079486,0.000012
60,mobley_1075836,-2.890185,-2.930000,0.039815,0.000003
60,mobley_6102880,-4.026280,-2.870000,1.156280,0.002514
60,mobley_1827204,-2.620959,-2.810000,0.189041,0.000067
60,mobley_2146331,-1.758309,-2.750000,0.991691,0.001849
60,mobley_7943327,-2.649149,-2.680000,0.030851,0.000002
60,mobley_5110043,-3.031857,-2.630000,0.401856,0.000304
60,mobley_5616693,-3.038719,-2.530000,0.508719,0.000487
60,mobley_6619554,-2.326117,-2.490000,0.163883,0.000051
60,mobley_6359156,-3.938057,-2.460000,1.478057,0.004108
60,mobley_1781152,-2.523841,-2.400000,0.123841,0.000029
60,mobley_859464,-2.566080,-2.360000,0.206080,0.000080
60,mobley_7150646,-1.429423,-2.300000,0.870577,0.001425
60,mobley_1592519,-2.284289,-2.230000,0.054289,0.000006
60,mobley_5538249,-1.909196,-2.160000,0.250804,0.000118
60,mobley_6911232,-1.682868,-2.100000,0.417132,0.000327
60,mobley_3269565,-1.621032,-2.010000,0.388968,0.000285
60,mobley_2484519,-2.568753,-1.930000,0.638754,0.000767
60,mobley_7690440,-3.740578,-1.830000,1.910578,0.006864
60,mobley_3802803,-1.815304,-1.660000,0.155304,0.000045
60,mobley_1144156,-1.441752,-1.590000,0.148248,0.000041
60,mobley_2481002,-1.458018,-1.450000,0.008018,0.000000
60,mobley_2489709,-1.354390,-1.360000,0.005610,0.000000
60,mobley_5052949,-1.179160,-1.280000,0.100840,0.000019
60,mobley_2492140,-1.701763,-1.230000,0.471763,0.000419
60,mobley_7542832,-1.304255,-1.160000,0.144255,0.000039
60,mobley_7814642,-1.819504,-1.120000,0.699504,0.000920
60,mobley_1563176,-0.845870,-0.990000,0.144130,0.000039
60,mobley_1873346,-0.835618,-0.900000,0.064382,0.000008
60,mobley_3040612,-0.706847,-0.850000,0.143153,0.000039
60,mobley_4483973,-2.122076,-0.800000,1.322076,0.003287
60,mobley_9913368,-1.240479,-0.780000,0.460479,0.000399
60,mobley_1449384,-0.777064,-0.680000,0.097064,0.000018
60,mobley_7708038,-0.730271,-0.560000,0.170271,0.000055
60,mobley_8311321,-0.827281,-0.500000,0.327281,0.000201
60,mobley_766666,-0.497762,-0.440000,0.057762,0.000006
60,mobley_5445548,-0.536199,-0.300000,0.236199,0.000105
60,mobley_9029594,-1.048981,-0.220000,0.828981,0.001292
60,mobley_3370989,-2.619094,-0.110000,2.509094,0.011838
60,mobley_627267,-0.284124,-0.030000,0.254124,0.000121
60,mobley_6250025,-0.030469,0.080000,0.110469,0.000023
60,mobley_4252724,-0.594854,0.160000,0.754854,0.001071
60,mobley_7157427,0.189958,0.290000,0.100042,0.000019
60,mobley_8885088,-0.432951,0.560000,0.992951,0.001854
60,mobley_8522124,0.521827,0.710000,0.188173,0.000067
60,mobley_4678740,-0.463949,1.070000,1.533949,0.004425
60,mobley_2689721,0.509914,1.230000,0.720086,0.000975
60,mobley_1662128,1.039928,1.380000,0.340072,0.000217
60,mobley_4762983,1.666798,1.660000,0.006798,0.000000
60,mobley_7732703,1.150455,1.790000,0.639545,0.000769
60,mobley_2068538,1.381397,2.000000,0.618603,0.000720
60,mobley_5157661,1.744043,2.300000,0.555957,0.000581
60,mobley_1261349,1.919225,2.510000,0.590775,0.000656
60,mobley_2328633,1.820420,2.550000,0.729580,0.001001
60,mobley_8436428,2.697178,2.830000,0.132822,0.000033
60,mobley_3060426,3.331196,2.930000,0.401196,0.000303
60,mobley_2197088,2.769991,3.160000,0.390009,0.000286
61,mobley_9534740,-24.141205,-25.469999,1.328794,0.003320
61,mobley_6239320,-19.089924,-18.059999,1.029924,0.001995
61,mobley_7794077,-12.990676,-15.460000,2.469324,0.011466
61,mobley_7415647,-13.044861,-11.950000,1.094861,0.002254
61,mobley_1728386,-10.567494,-11.000000,0.432506,0.000352
61,mobley_2269032,-10.318424,-10.210000,0.108424,0.000022
61,mobley_2913224,-7.852472,-9.940000,2.087528,0.008195
61,mobley_2659552,-10.038672,-9.760000,0.278672,0.000146
61,mobley_7176290,-8.977005,-9.620000,0.642995,0.000777
61,mobley_2295058,-9.343910,-9.510000,0.166090,0.000052
61,mobley_6055410,-11.698532,-9.400000,2.298532,0.009935
61,mobley_4639255,-9.856171,-9.300000,0.556170,0.000582
61,mobley_1417007,-5.665541,-9.010000,3.344459,0.021034
61,mobley_6115639,-9.093679,-8.700000,0.393680,0.000291
61,mobley_6353617,-7.994641,-8.260000,0.265359,0.000132
61,mobley_2725215,-7.648113,-7.980000,0.331887,0.000207
61,mobley_7039935,-6.979895,-7.670000,0.690105,0.000896
61,mobley_4059279,-6.391171,-7.580000,1.188829,0.002658
61,mobley_951560,-9.760729,-7.400000,2.360729,0.010480
61,mobley_1922649,-8.518923,-7.190000,1.328923,0.003321
61,mobley_8798016,-7.739300,-7.000000,0.739300,0.001028
61,mobley_1858644,-7.331501,-6.790000,0.541501,0.000551
61,mobley_9114381,-6.353310,-6.720000,0.366690,0.000253
61,mobley_5311804,-6.126024,-6.620000,0.493976,0.000459
61,mobley_6743808,-6.312169,-6.500000,0.187831,0.000066
61,mobley_8789864,-6.236436,-6.400000,0.163564,0.000050
61,mobley_7009711,-6.340581,-6.270000,0.070581,0.000009
61,mobley_8789465,-4.627742,-6.200000,1.572258,0.004648
61,mobley_2923700,-6.105545,-6.130000,0.024455,0.000001
61,mobley_4780078,-5.865953,-6.010000,0.144047,0.000039
61,mobley_5467162,-5.767567,-5.910000,0.142433,0.000038
61,mobley_6257907,-6.084000,-5.820000,0.264000,0.000131
61,mobley_7913234,-5.980066,-5.730000,0.250066,0.000118
61,mobley_5518547,-6.027244,-5.570000,0.457243,0.000393
61,mobley_4883284,-6.050319,-5.490000,0.560319,0.000590
61,mobley_5220185,-5.126965,-5.450000,0.323035,0.000196
61,mobley_3359593,-5.772690,-5.260000,0.512690,0.000494
61,mobley_4683624,-6.133286,-5.210000,0.923286,0.001603
61,mobley_1636752,-4.397703,-5.100000,0.702297,0.000927
61,mobley_2310185,-5.033535,-5.000000,0.033535,0.000002
61,mobley_3682850,-4.323893,-4.910000,0.586107,0.000646
61,mobley_1363784,-4.986090,-4.840000,0.146090,0.000040
61,mobley_2837389,-3.515669,-4.780000,1.264331,0.003006
61,mobley_9507933,-4.940815,-4.720000,0.220815,0.000092
61,mobley_296847,-5.246931,-4.690000,0.556931,0.000583
61,mobley_8208692,-3.048349,-4.610000,1.561651,0.004586
61,mobley_4884177,-4.453753,-4.590000,0.136248,0.000035
61,mobley_6714389,-4.488420,-4.550000,0.061580,0.000007
61,mobley_2245668,-4.596939,-4.500000,0.096939,0.000018
61,mobley_5973402,-4.600851,-4.420000,0.180851,0.000062
61,mobley_3546460,-4.592277,-4.400000,0.192276,0.000070
61,mobley_8311303,-4.397128,-4.380000,0.017128,0.000001
61,mobley_9741965,-5.045788,-4.290000,0.755788,0.001074
61,mobley_4603202,-3.244967,-4.230000,0.985033,0.001825
61,mobley_628086,-4.113189,-4.160000,0.046811,0.000004
61,mobley_4620651,-3.788529,-4.100000,0.311471,0.000182
61,mobley_7977115,-4.406448,-4.060000,0.346448,0.000226
61,mobley_2789243,-3.427703,-4.010000,0.582297,0.000638
61,mobley_3968739,-4.230928,-3.920000,0.310928,0.000182
61,mobley_63712,-3.450381,-3.880000,0.429619,0.000347
61,mobley_1046331,-3.767263,-3.820000,0.052737,0.000005
61,mobley_1160109,-3.830865,-3.750000,0.080865,0.000012
61,mobley_4149784,-3.653940,-3.670000,0.016060,0.000000
61,mobley_397645,-4.214329,-3.640000,0.574329,0.000620
61,mobley_4690963,-4.572955,-3.540000,1.032955,0.002006
61,mobley_1967551,-3.328592,-3.500000,0.171408,0.000055
61,mobley_6733657,-4.145498,-3.440000,0.705498,0.000936
61,mobley_9565165,-3.693747,-3.350000,0.343747,0.000222
61,mobley_2487143,-3.163294,-3.280000,0.116706,0.000026
61,mobley_8449031,-2.162173,-3.220000,1.057827,0.002104
61,mobley_172879,-3.470999,-3.150000,0.320999,0.000194
61,mobley_5346580,-2.579006,-3.110000,0.530993,0.000530
61,mobley_3573480,-3.069906,-3.040000,0.029906,0.000002
61,mobley_1075836,-2.906261,-2.930000,0.023739,0.000001
61,mobley_6102880,-4.353719,-2.870000,1.483719,0.004140
61,mobley_1827204,-2.649244,-2.810000,0.160756,0.000049
61,mobley_2146331,-1.644910,-2.750000,1.105090,0.002296
61,mobley_7943327,-2.622491,-2.680000,0.057509,0.000006
61,mobley_5110043,-2.913419,-2.630000,0.283419,0.000151
61,mobley_5616693,-3.064061,-2.530000,0.534061,0.000536
61,mobley_6619554,-2.286403,-2.490000,0.203597,0.000078
61,mobley_6359156,-4.147582,-2.460000,1.687582,0.005355
61,mobley_1781152,-2.383345,-2.400000,0.016655,0.000001
61,mobley_859464,-2.561552,-2.360000,0.201552,0.000076
61,mobley_7150646,-1.518842,-2.300000,0.781158,0.001147
61,mobley_1592519,-2.241997,-2.230000,0.011997,0.000000
61,mobley_5538249,-2.052961,-2.160000,0.107039,0.000022
61,mobley_6911232,-1.661978,-2.100000,0.438022,0.000361
61,mobley_3269565,-1.565507,-2.010000,0.444493,0.000372
61,mobley_2484519,-2.570544,-1.930000,0.640545,0.000772
61,mobley_7690440,-3.537242,-1.830000,1.707242,0.005481
61,mobley_3802803,-1.022939,-1.660000,0.637061,0.000763
61,mobley_1144156,-1.427428,-1.590000,0.162572,0.000050
61,mobley_2481002,-0.954414,-1.450000,0.495586,0.000462
61,mobley_2489709,-1.388270,-1.360000,0.028270,0.000002
61,mobley_5052949,-1.044634,-1.280000,0.235366,0.000104
61,mobley_2492140,-1.299468,-1.230000,0.069468,0.000009
61,mobley_7542832,-1.287538,-1.160000,0.127538,0.000031
61,mobley_7814642,-1.770278,-1.120000,0.650277,0.000795
61,mobley_1563176,-0.754345,-0.990000,0.235655,0.000104
61,mobley_1873346,-0.802639,-0.900000,0.097361,0.000018
61,mobley_3040612,-0.648598,-0.850000,0.201402,0.000076
61,mobley_4483973,-2.277118,-0.800000,1.477118,0.004103
61,mobley_9913368,-1.192053,-0.780000,0.412053,0.000319
61,mobley_1449384,-0.582790,-0.680000,0.097210,0.000018
61,mobley_7708038,-0.618225,-0.560000,0.058225,0.000006
61,mobley_8311321,-0.683518,-0.500000,0.183518,0.000063
61,mobley_766666,-0.319366,-0.440000,0.120634,0.000027
61,mobley_5445548,-0.454131,-0.300000,0.154131,0.000045
61,mobley_9029594,-1.010849,-0.220000,0.790849,0.001176
61,mobley_3370989,-2.637141,-0.110000,2.527141,0.012009
61,mobley_627267,-0.168328,-0.030000,0.138328,0.000036
61,mobley_6250025,0.054148,0.080000,0.025852,0.000001
61,mobley_4252724,-0.557053,0.160000,0.717053,0.000967
61,mobley_7157427,0.401595,0.290000,0.111595,0.000023
61,mobley_8885088,-0.429462,0.560000,0.989462,0.001841
61,mobley_8522124,0.678799,0.710000,0.031201,0.000002
61,mobley_4678740,-0.544829,1.070000,1.614829,0.004904
61,mobley_2689721,0.793609,1.230000,0.436391,0.000358
61,mobley_1662128,1.223109,1.380000,0.156891,0.000046
61,mobley_4762983,1.860216,1.660000,0.200216,0.000075
61,mobley_7732703,1.304147,1.790000,0.485852,0.000444
61,mobley_2068538,1.614475,2.000000,0.385525,0.000279
61,mobley_5157661,1.916817,2.300000,0.383183,0.000276
61,mobley_1261349,2.089768,2.510000,0.420232,0.000332
61,mobley_2328633,1.984465,2.550000,0.565534,0.000601
61,mobley_8436428,2.899088,2.830000,0.069088,0.000009
61,mobley_3060426,3.445144,2.930000,0.515144,0.000499
61,mobley_2197088,3.146042,3.160000,0.013958,0.000000
62,mobley_9534740,-23.468901,-25.469999,2.001099,0.007530
62,mobley_6239320,-19.276121,-18.059999,1.216122,0.002781
62,mobley_7794077,-13.324203,-15.460000,2.135797,0.008578
62,mobley_7415647,-13.177340,-11.950000,1.227340,0.002833
62,mobley_1728386,-10.393363,-11.000000,0.606637,0.000692
62,mobley_2269032,-10.143994,-10.210000,0.066006,0.000008
62,mobley_2913224,-7.765124,-9.940000,2.174875,0.008895
62,mobley_2659552,-9.965511,-9.760000,0.205511,0.000079
62,mobley_7176290,-8.996831,-9.620000,0.623169,0.000730
62,mobley_2295058,-9.233723,-9.510000,0.276278,0.000144
62,mobley_6055410,-11.468217,-9.400000,2.068217,0.008044
62,mobley_4639255,-9.617179,-9.300000,0.317179,0.000189
62,mobley_1417007,-5.693092,-9.010000,3.316908,0.020689
62,mobley_6115639,-9.327284,-8.700000,0.627284,0.000740
62,mobley_6353617,-7.998752,-8.260000,0.261249,0.000128
62,mobley_2725215,-7.327681,-7.980000,0.652319,0.000800
62,mobley_7039935,-6.784144,-7.670000,0.885856,0.001476
62,mobley_4059279,-6.313703,-7.580000,1.266297,0.003015
62,mobley_951560,-9.494281,-7.400000,2.094281,0.008248
62,mobley_1922649,-8.703263,-7.190000,1.513263,0.004306
62,mobley_8798016,-7.606964,-7.000000,0.606964,0.000693
62,mobley_1858644,-7.136230,-6.790000,0.346230,0.000225
62,mobley_9114381,-6.397796,-6.720000,0.322204,0.000195
62,mobley_5311804,-5.991793,-6.620000,0.628207,0.000742
62,mobley_6743808,-6.076317,-6.500000,0.423683,0.000338
62,mobley_8789864,-6.374839,-6.400000,0.025161,0.000001
62,mobley_7009711,-6.105689,-6.270000,0.164311,0.000051
62,mobley_8789465,-4.569330,-6.200000,1.630670,0.005000
62,mobley_2923700,-5.891170,-6.130000,0.238831,0.000107
62,mobley_4780078,-5.694439,-6.010000,0.315561,0.000187
62,mobley_5467162,-5.464932,-5.910000,0.445067,0.000372
62,mobley_6257907,-5.846519,-5.820000,0.026519,0.000001
62,mobley_7913234,-5.886313,-5.730000,0.156313,0.000046
62,mobley_5518547,-5.833921,-5.570000,0.263921,0.000131
62,mobley_4883284,-5.888755,-5.490000,0.398756,0.000299
62,mobley_5220185,-5.094210,-5.450000,0.355790,0.000238
62,mobley_3359593,-5.562610,-5.260000,0.302609,0.000172
62,mobley_4683624,-5.902715,-5.210000,0.692715,0.000902
62,mobley_1636752,-4.319863,-5.100000,0.780137,0.001144
62,mobley_2310185,-4.957917,-5.000000,0.042083,0.000003
62,mobley_3682850,-4.252917,-4.910000,0.657083,0.000812
62,mobley_1363784,-5.109046,-4.840000,0.269046,0.000136
62,mobley_2837389,-3.531276,-4.780000,1.248724,0.002932
62,mobley_9507933,-4.935262,-4.720000,0.215262,0.000087
62,mobley_296847,-5.174355,-4.690000,0.484354,0.000441
62,mobley_8208692,-3.227258,-4.610000,1.382742,0.003595
62,mobley_4884177,-4.373373,-4.590000,0.216628,0.000088
62,mobley_6714389,-4.503038,-4.550000,0.046962,0.000004
62,mobley_2245668,-4.477509,-4.500000,0.022491,0.000001
62,mobley_5973402,-4.437988,-4.420000,0.017988,0.000001
62,mobley_3546460,-4.479721,-4.400000,0.079721,0.000012
62,mobley_8311303,-4.506091,-4.380000,0.126091,0.000030
62,mobley_9741965,-5.589708,-4.290000,1.299708,0.003177
62,mobley_4603202,-3.105350,-4.230000,1.124650,0.002378
62,mobley_628086,-4.303230,-4.160000,0.143230,0.000039
62,mobley_4620651,-3.881817,-4.100000,0.218183,0.000090
62,mobley_7977115,-4.375076,-4.060000,0.315076,0.000187
62,mobley_2789243,-3.383460,-4.010000,0.626540,0.000738
62,mobley_3968739,-4.351049,-3.920000,0.431049,0.000349
62,mobley_63712,-3.413921,-3.880000,0.466079,0.000408
62,mobley_1046331,-3.735820,-3.820000,0.084180,0.000013
62,mobley_1160109,-3.678934,-3.750000,0.071066,0.000009
62,mobley_4149784,-3.270823,-3.670000,0.399177,0.000300
62,mobley_397645,-4.279193,-3.640000,0.639193,0.000768
62,mobley_4690963,-4.537784,-3.540000,0.997784,0.001872
62,mobley_1967551,-3.450605,-3.500000,0.049395,0.000005
62,mobley_6733657,-4.137326,-3.440000,0.697326,0.000914
62,mobley_9565165,-3.709700,-3.350000,0.359700,0.000243
62,mobley_2487143,-3.254029,-3.280000,0.025971,0.000001
62,mobley_8449031,-2.243690,-3.220000,0.976310,0.001792
62,mobley_172879,-3.189945,-3.150000,0.039945,0.000003
62,mobley_5346580,-2.601868,-3.110000,0.508132,0.000486
62,mobley_3573480,-3.187243,-3.040000,0.147243,0.000041
62,mobley_1075836,-3.032825,-2.930000,0.102825,0.000020
62,mobley_6102880,-4.242111,-2.870000,1.372111,0.003540
62,mobley_1827204,-2.684172,-2.810000,0.125828,0.000030
62,mobley_2146331,-1.651618,-2.750000,1.098382,0.002269
62,mobley_7943327,-2.772500,-2.680000,0.092500,0.000016
62,mobley_5110043,-2.914256,-2.630000,0.284256,0.000152
62,mobley_5616693,-3.003141,-2.530000,0.473141,0.000421
62,mobley_6619554,-2.395354,-2.490000,0.094646,0.000017
62,mobley_6359156,-4.072881,-2.460000,1.612881,0.004892
62,mobley_1781152,-2.449930,-2.400000,0.049930,0.000005
62,mobley_859464,-2.702150,-2.360000,0.342150,0.000220
62,mobley_7150646,-1.412622,-2.300000,0.887378,0.001481
62,mobley_1592519,-2.372087,-2.230000,0.142087,0.000038
62,mobley_5538249,-2.190457,-2.160000,0.030457,0.000002
62,mobley_6911232,-1.688847,-2.100000,0.411153,0.000318
62,mobley_3269565,-1.637899,-2.010000,0.372101,0.000260
62,mobley_2484519,-2.654271,-1.930000,0.724271,0.000986
62,mobley_7690440,-3.829958,-1.830000,1.999958,0.007522
62,mobley_3802803,-1.441564,-1.660000,0.218436,0.000090
62,mobley_1144156,-1.449252,-1.590000,0.140748,0.000037
62,mobley_2481002,-1.358828,-1.450000,0.091172,0.000016
62,mobley_2489709,-1.311191,-1.360000,0.048809,0.000004
62,mobley_5052949,-1.163212,-1.280000,0.116788,0.000026
62,mobley_2492140,-1.549626,-1.230000,0.319626,0.000192
62,mobley_7542832,-1.307108,-1.160000,0.147108,0.000041
62,mobley_7814642,-1.765366,-1.120000,0.645366,0.000783
62,mobley_1563176,-0.787812,-0.990000,0.202188,0.000077
62,mobley_1873346,-0.817027,-0.900000,0.082973,0.000013
62,mobley_3040612,-0.649496,-0.850000,0.200504,0.000076
62,mobley_4483973,-2.214762,-0.800000,1.414762,0.003764
62,mobley_9913368,-1.252711,-0.780000,0.472711,0.000420
62,mobley_1449384,-0.619267,-0.680000,0.060733,0.000007
62,mobley_7708038,-0.644877,-0.560000,0.084877,0.000014
62,mobley_8311321,-0.908985,-0.500000,0.408985,0.000315
62,mobley_766666,-0.466184,-0.440000,0.026184,0.000001
62,mobley_5445548,-0.489232,-0.300000,0.189232,0.000067
62,mobley_9029594,-1.044405,-0.220000,0.824405,0.001278
62,mobley_3370989,-2.753629,-0.110000,2.643629,0.013142
62,mobley_627267,-0.174072,-0.030000,0.144072,0.000039
62,mobley_6250025,0.029181,0.080000,0.050819,0.000005
62,mobley_4252724,-0.538535,0.160000,0.698535,0.000918
62,mobley_7157427,0.329938,0.290000,0.039938,0.000003
62,mobley_8885088,-0.395955,0.560000,0.955955,0.001718
62,mobley_8522124,0.634619,0.710000,0.075381,0.000011
62,mobley_4678740,-0.926012,1.070000,1.996012,0.007492
62,mobley_2689721,0.764090,1.230000,0.465910,0.000408
62,mobley_1662128,1.174278,1.380000,0.205722,0.000080
62,mobley_4762983,1.831079,1.660000,0.171079,0.000055
62,mobley_7732703,1.017176,1.790000,0.772824,0.001123
62,mobley_2068538,1.558368,2.000000,0.441632,0.000367
62,mobley_5157661,1.878330,2.300000,0.421670,0.000334
62,mobley_1261349,2.157932,2.510000,0.352068,0.000233
62,mobley_2328633,2.000966,2.550000,0.549034,0.000567
62,mobley_8436428,2.919776,2.830000,0.089776,0.000015
62,mobley_3060426,3.583038,2.930000,0.653038,0.000802
62,mobley_2197088,3.070585,3.160000,0.089415,0.000015
63,mobley_9534740,-22.862907,-25.469999,2.607092,0.012781
63,mobley_6239320,-19.559971,-18.059999,1.499971,0.004231
63,mobley_7794077,-13.548053,-15.460000,1.911947,0.006874
63,mobley_7415647,-12.788194,-11.950000,0.838194,0.001321
63,mobley_1728386,-10.260108,-11.000000,0.739892,0.001029
63,mobley_2269032,-9.662022,-10.210000,0.547978,0.000565
63,mobley_2913224,-7.569865,-9.940000,2.370134,0.010564
63,mobley_2659552,-9.389517,-9.760000,0.370483,0.000258
63,mobley_7176290,-9.022349,-9.620000,0.597651,0.000672
63,mobley_2295058,-8.949387,-9.510000,0.560614,0.000591
63,mobley_6055410,-11.026910,-9.400000,1.626910,0.004977
63,mobley_4639255,-9.530693,-9.300000,0.230693,0.000100
63,mobley_1417007,-5.685250,-9.010000,3.324750,0.020786
63,mobley_6115639,-10.007864,-8.700000,1.307864,0.003217
63,mobley_6353617,-7.767276,-8.260000,0.492724,0.000457
63,mobley_2725215,-7.583969,-7.980000,0.396031,0.000295
63,mobley_7039935,-6.574411,-7.670000,1.095589,0.002257
63,mobley_4059279,-5.902384,-7.580000,1.677616,0.005292
63,mobley_951560,-9.367041,-7.400000,1.967041,0.007276
63,mobley_1922649,-8.960447,-7.190000,1.770447,0.005894
63,mobley_8798016,-7.424950,-7.000000,0.424950,0.000340
63,mobley_1858644,-6.976149,-6.790000,0.186149,0.000065
63,mobley_9114381,-6.208467,-6.720000,0.511533,0.000492
63,mobley_5311804,-5.856394,-6.620000,0.763606,0.001096
63,mobley_6743808,-5.921632,-6.500000,0.578368,0.000629
63,mobley_8789864,-6.094591,-6.400000,0.305409,0.000175
63,mobley_7009711,-5.947496,-6.270000,0.322504,0.000196
63,mobley_8789465,-4.363767,-6.200000,1.836233,0.006340
63,mobley_2923700,-5.770345,-6.130000,0.359655,0.000243
63,mobley_4780078,-5.484162,-6.010000,0.525838,0.000520
63,mobley_5467162,-5.278802,-5.910000,0.631197,0.000749
63,mobley_6257907,-5.803037,-5.820000,0.016963,0.000001
63,mobley_7913234,-5.712321,-5.730000,0.017679,0.000001
63,mobley_5518547,-5.750123,-5.570000,0.180123,0.000061
63,mobley_4883284,-5.860788,-5.490000,0.370789,0.000259
63,mobley_5220185,-4.830333,-5.450000,0.619667,0.000722
63,mobley_3359593,-5.212665,-5.260000,0.047335,0.000004
63,mobley_4683624,-5.760853,-5.210000,0.550853,0.000571
63,mobley_1636752,-4.256829,-5.100000,0.843171,0.001337
63,mobley_2310185,-4.929082,-5.000000,0.070918,0.000009
63,mobley_3682850,-4.140978,-4.910000,0.769022,0.001112
63,mobley_1363784,-4.810655,-4.840000,0.029346,0.000002
63,mobley_2837389,-3.324100,-4.780000,1.455900,0.003986
63,mobley_9507933,-4.691941,-4.720000,0.028059,0.000001
63,mobley_296847,-5.036315,-4.690000,0.346315,0.000226
63,mobley_8208692,-3.219442,-4.610000,1.390558,0.003636
63,mobley_4884177,-4.217829,-4.590000,0.372171,0.000260
63,mobley_6714389,-4.444259,-4.550000,0.105741,0.000021
63,mobley_2245668,-4.425060,-4.500000,0.074940,0.000011
63,mobley_5973402,-4.382029,-4.420000,0.037971,0.000003
63,mobley_3546460,-4.507710,-4.400000,0.107710,0.000022
63,mobley_8311303,-4.456252,-4.380000,0.076252,0.000011
63,mobley_9741965,-5.598069,-4.290000,1.308069,0.003218
63,mobley_4603202,-3.067347,-4.230000,1.162653,0.002542
63,mobley_628086,-4.299290,-4.160000,0.139290,0.000036
63,mobley_4620651,-3.570111,-4.100000,0.529889,0.000528
63,mobley_7977115,-4.312660,-4.060000,0.252660,0.000120
63,mobley_2789243,-3.271580,-4.010000,0.738421,0.001025
63,mobley_3968739,-4.073888,-3.920000,0.153888,0.000045
63,mobley_63712,-3.178981,-3.880000,0.701019,0.000924
63,mobley_1046331,-3.581695,-3.820000,0.238305,0.000107
63,mobley_1160109,-3.509852,-3.750000,0.240148,0.000108
63,mobley_4149784,-3.016071,-3.670000,0.653929,0.000804
63,mobley_397645,-4.054006,-3.640000,0.414006,0.000322
63,mobley_4690963,-4.349651,-3.540000,0.809651,0.001233
63,mobley_1967551,-3.389777,-3.500000,0.110223,0.000023
63,mobley_6733657,-4.351563,-3.440000,0.911563,0.001563
63,mobley_9565165,-3.377506,-3.350000,0.027506,0.000001
63,mobley_2487143,-3.152037,-3.280000,0.127963,0.000031
63,mobley_8449031,-2.034384,-3.220000,1.185616,0.002643
63,mobley_172879,-2.906375,-3.150000,0.243625,0.000112
63,mobley_5346580,-2.290128,-3.110000,0.819872,0.001264
63,mobley_3573480,-3.121527,-3.040000,0.081527,0.000012
63,mobley_1075836,-2.853646,-2.930000,0.076354,0.000011
63,mobley_6102880,-4.031816,-2.870000,1.161816,0.002538
63,mobley_1827204,-2.627088,-2.810000,0.182912,0.000063
63,mobley_2146331,-1.620914,-2.750000,1.129086,0.002397
63,mobley_7943327,-2.601954,-2.680000,0.078046,0.000011
63,mobley_5110043,-2.606020,-2.630000,0.023980,0.000001
63,mobley_5616693,-2.865950,-2.530000,0.335950,0.000212
63,mobley_6619554,-2.254071,-2.490000,0.235929,0.000105
63,mobley_6359156,-3.985646,-2.460000,1.525646,0.004377
63,mobley_1781152,-2.101899,-2.400000,0.298101,0.000167
63,mobley_859464,-2.495410,-2.360000,0.135410,0.000034
63,mobley_7150646,-1.305759,-2.300000,0.994241,0.001859
63,mobley_1592519,-2.225907,-2.230000,0.004093,0.000000
63,mobley_5538249,-2.226687,-2.160000,0.066687,0.000008
63,mobley_6911232,-1.599856,-2.100000,0.500144,0.000470
63,mobley_3269565,-1.539722,-2.010000,0.470278,0.000416
63,mobley_2484519,-2.453328,-1.930000,0.523328,0.000515
63,mobley_7690440,-3.549173,-1.830000,1.719173,0.005558
63,mobley_3802803,-1.478044,-1.660000,0.181956,0.000062
63,mobley_1144156,-1.353716,-1.590000,0.236284,0.000105
63,mobley_2481002,-1.543897,-1.450000,0.093897,0.000017
63,mobley_2489709,-1.305847,-1.360000,0.054153,0.000006
63,mobley_5052949,-1.069341,-1.280000,0.210659,0.000083
63,mobley_2492140,-1.642083,-1.230000,0.412083,0.000319
63,mobley_7542832,-1.237617,-1.160000,0.077618,0.000011
63,mobley_7814642,-1.805385,-1.120000,0.685385,0.000883
63,mobley_1563176,-0.777145,-0.990000,0.212855,0.000085
63,mobley_1873346,-0.693731,-0.900000,0.206269,0.000080
63,mobley_3040612,-0.534952,-0.850000,0.315048,0.000187
63,mobley_4483973,-2.125094,-0.800000,1.325094,0.003302
63,mobley_9913368,-1.264680,-0.780000,0.484680,0.000442
63,mobley_1449384,-0.448034,-0.680000,0.231966,0.000101
63,mobley_7708038,-0.619713,-0.560000,0.059713,0.000007
63,mobley_8311321,-0.886822,-0.500000,0.386822,0.000281
63,mobley_766666,-0.512963,-0.440000,0.072963,0.000010
63,mobley_5445548,-0.373731,-0.300000,0.073731,0.000010
63,mobley_9029594,-0.971734,-0.220000,0.751734,0.001063
63,mobley_3370989,-2.682426,-0.110000,2.572426,0.012444
63,mobley_627267,-0.121896,-0.030000,0.091896,0.000016
63,mobley_6250025,0.016905,0.080000,0.063095,0.000007
63,mobley_4252724,-0.357156,0.160000,0.517156,0.000503
63,mobley_7157427,0.341148,0.290000,0.051148,0.000005
63,mobley_8885088,-0.335886,0.560000,0.895886,0.001509
63,mobley_8522124,0.641122,0.710000,0.068878,0.000009
63,mobley_4678740,-1.128206,1.070000,2.198206,0.009087
63,mobley_2689721,0.702694,1.230000,0.527306,0.000523
63,mobley_1662128,1.145285,1.380000,0.234715,0.000104
63,mobley_4762983,1.789308,1.660000,0.129308,0.000031
63,mobley_7732703,1.034502,1.790000,0.755498,0.001073
63,mobley_2068538,1.534280,2.000000,0.465720,0.000408
63,mobley_5157661,1.910830,2.300000,0.389170,0.000285
63,mobley_1261349,2.361986,2.510000,0.148014,0.000041
63,mobley_2328633,1.956459,2.550000,0.593541,0.000662
63,mobley_8436428,2.933811,2.830000,0.103811,0.000020
63,mobley_3060426,3.740149,2.930000,0.810149,0.001234
63,mobley_2197088,2.981332,3.160000,0.178668,0.000060
64,mobley_9534740,-23.184263,-25.469999,2.285736,0.009825
64,mobley_6239320,-19.637106,-18.059999,1.577106,0.004677
64,mobley_7794077,-13.300632,-15.460000,2.159369,0.008768
64,mobley_7415647,-12.912925,-11.950000,0.962925,0.001744
64,mobley_1728386,-10.411098,-11.000000,0.588902,0.000652
64,mobley_2269032,-9.838929,-10.210000,0.371071,0.000259
64,mobley_2913224,-7.538328,-9.940000,2.401671,0.010847
64,mobley_2659552,-9.810972,-9.760000,0.050972,0.000005
64,mobley_7176290,-8.950808,-9.620000,0.669192,0.000842
64,mobley_2295058,-9.124002,-9.510000,0.385999,0.000280
64,mobley_6055410,-11.168000,-9.400000,1.768001,0.005878
64,mobley_4639255,-9.529231,-9.300000,0.229231,0.000099
64,mobley_1417007,-5.640352,-9.010000,3.369648,0.021352
64,mobley_6115639,-9.228783,-8.700000,0.528783,0.000526
64,mobley_6353617,-7.828776,-8.260000,0.431224,0.000350
64,mobley_2725215,-7.163818,-7.980000,0.816182,0.001253
64,mobley_7039935,-6.778627,-7.670000,0.891373,0.001494
64,mobley_4059279,-6.017071,-7.580000,1.562929,0.004593
64,mobley_951560,-9.323707,-7.400000,1.923707,0.006959
64,mobley_1922649,-8.282703,-7.190000,1.092703,0.002245
64,mobley_8798016,-7.544918,-7.000000,0.544918,0.000558
64,mobley_1858644,-7.108742,-6.790000,0.318742,0.000191
64,mobley_9114381,-6.179593,-6.720000,0.540407,0.000549
64,mobley_5311804,-6.030970,-6.620000,0.589030,0.000652
64,mobley_6743808,-6.103076,-6.500000,0.396924,0.000296
64,mobley_8789864,-6.010956,-6.400000,0.389044,0.000285
64,mobley_7009711,-6.133683,-6.270000,0.136317,0.000035
64,mobley_8789465,-4.510301,-6.200000,1.689699,0.005369
64,mobley_2923700,-5.917156,-6.130000,0.212844,0.000085
64,mobley_4780078,-5.695084,-6.010000,0.314917,0.000186
64,mobley_5467162,-5.407728,-5.910000,0.502272,0.000474
64,mobley_6257907,-5.757673,-5.820000,0.062327,0.000007
64,mobley_7913234,-5.772534,-5.730000,0.042534,0.000003
64,mobley_5518547,-5.839211,-5.570000,0.269210,0.000136
64,mobley_4883284,-5.885382,-5.490000,0.395382,0.000294
64,mobley_5220185,-5.076024,-5.450000,0.373976,0.000263
64,mobley_3359593,-5.355676,-5.260000,0.095676,0.000017
64,mobley_4683624,-5.889380,-5.210000,0.679379,0.000868
64,mobley_1636752,-4.200257,-5.100000,0.899743,0.001522
64,mobley_2310185,-4.877282,-5.000000,0.122718,0.000028
64,mobley_3682850,-4.247364,-4.910000,0.662636,0.000826
64,mobley_1363784,-4.955181,-4.840000,0.115181,0.000025
64,mobley_2837389,-3.511144,-4.780000,1.268857,0.003028
64,mobley_9507933,-4.872584,-4.720000,0.152584,0.000044
64,mobley_296847,-5.195101,-4.690000,0.505101,0.000480
64,mobley_8208692,-3.028376,-4.610000,1.581624,0.004704
64,mobley_4884177,-4.356785,-4.590000,0.233215,0.000102
64,mobley_6714389,-4.318040,-4.550000,0.231960,0.000101
64,mobley_2245668,-4.412055,-4.500000,0.087945,0.000015
64,mobley_5973402,-4.352313,-4.420000,0.067688,0.000009
64,mobley_3546460,-4.447014,-4.400000,0.047014,0.000004
64,mobley_8311303,-4.236688,-4.380000,0.143312,0.000039
64,mobley_9741965,-5.871083,-4.290000,1.581083,0.004701
64,mobley_4603202,-3.086642,-4.230000,1.143358,0.002458
64,mobley_628086,-4.063264,-4.160000,0.096736,0.000018
64,mobley_4620651,-3.561172,-4.100000,0.538827,0.000546
64,mobley_7977115,-4.333692,-4.060000,0.273692,0.000141
64,mobley_2789243,-3.286111,-4.010000,0.723889,0.000985
64,mobley_3968739,-4.249427,-3.920000,0.329427,0.000204
64,mobley_63712,-3.285008,-3.880000,0.594992,0.000666
64,mobley_1046331,-3.684209,-3.820000,0.135791,0.000035
64,mobley_1160109,-3.614398,-3.750000,0.135602,0.000035
64,mobley_4149784,-3.105863,-3.670000,0.564137,0.000598
64,mobley_397645,-4.216954,-3.640000,0.576954,0.000626
64,mobley_4690963,-4.409642,-3.540000,0.869642,0.001422
64,mobley_1967551,-3.367610,-3.500000,0.132390,0.000033
64,mobley_6733657,-4.121548,-3.440000,0.681548,0.000873
64,mobley_9565165,-3.686365,-3.350000,0.336365,0.000213
64,mobley_2487143,-3.106487,-3.280000,0.173513,0.000057
64,mobley_8449031,-2.027064,-3.220000,1.192936,0.002676
64,mobley_172879,-3.237751,-3.150000,0.087750,0.000014
64,mobley_5346580,-2.316620,-3.110000,0.793380,0.001184
64,mobley_3573480,-3.058607,-3.040000,0.018607,0.000001
64,mobley_1075836,-2.875064,-2.930000,0.054936,0.000006
64,mobley_6102880,-4.244270,-2.870000,1.374270,0.003551
64,mobley_1827204,-2.626760,-2.810000,0.183240,0.000063
64,mobley_2146331,-1.682616,-2.750000,1.067384,0.002142
64,mobley_7943327,-2.609547,-2.680000,0.070453,0.000009
64,mobley_5110043,-2.911812,-2.630000,0.281811,0.000149
64,mobley_5616693,-2.872149,-2.530000,0.342149,0.000220
64,mobley_6619554,-2.227345,-2.490000,0.262655,0.000130
64,mobley_6359156,-3.980536,-2.460000,1.520536,0.004348
64,mobley_1781152,-2.153746,-2.400000,0.246254,0.000114
64,mobley_859464,-2.482163,-2.360000,0.122163,0.000028
64,mobley_7150646,-1.463821,-2.300000,0.836179,0.001315
64,mobley_1592519,-2.152351,-2.230000,0.077649,0.000011
64,mobley_5538249,-1.986989,-2.160000,0.173011,0.000056
64,mobley_6911232,-1.621328,-2.100000,0.478672,0.000431
64,mobley_3269565,-1.539929,-2.010000,0.470071,0.000416
64,mobley_2484519,-2.590611,-1.930000,0.660611,0.000821
64,mobley_7690440,-3.627968,-1.830000,1.797968,0.006079
64,mobley_3802803,-1.651087,-1.660000,0.008913,0.000000
64,mobley_1144156,-1.353319,-1.590000,0.236681,0.000105
64,mobley_2481002,-1.369327,-1.450000,0.080673,0.000012
64,mobley_2489709,-1.238242,-1.360000,0.121758,0.000028
64,mobley_5052949,-1.042318,-1.280000,0.237682,0.000106
64,mobley_2492140,-1.590321,-1.230000,0.360321,0.000244
64,mobley_7542832,-1.265305,-1.160000,0.105305,0.000021
64,mobley_7814642,-1.662482,-1.120000,0.542482,0.000553
64,mobley_1563176,-0.744116,-0.990000,0.245884,0.000114
64,mobley_1873346,-0.899936,-0.900000,0.000064,0.000000
64,mobley_3040612,-0.692252,-0.850000,0.157748,0.000047
64,mobley_4483973,-2.227122,-0.800000,1.427122,0.003830
64,mobley_9913368,-1.199931,-0.780000,0.419931,0.000332
64,mobley_1449384,-0.646022,-0.680000,0.033978,0.000002
64,mobley_7708038,-0.667651,-0.560000,0.107651,0.000022
64,mobley_8311321,-0.798918,-0.500000,0.298918,0.000168
64,mobley_766666,-0.406827,-0.440000,0.033173,0.000002
64,mobley_5445548,-0.490108,-0.300000,0.190108,0.000068
64,mobley_9029594,-1.003383,-0.220000,0.783383,0.001154
64,mobley_3370989,-2.689962,-0.110000,2.579962,0.012517
64,mobley_627267,-0.169019,-0.030000,0.139019,0.000036
64,mobley_6250025,0.043194,0.080000,0.036806,0.000003
64,mobley_4252724,-0.519367,0.160000,0.679367,0.000868
64,mobley_7157427,0.385280,0.290000,0.095280,0.000017
64,mobley_8885088,-0.480649,0.560000,1.040649,0.002036
64,mobley_8522124,0.614344,0.710000,0.095656,0.000017
64,mobley_4678740,-0.565115,1.070000,1.635115,0.005028
64,mobley_2689721,0.709460,1.230000,0.520540,0.000510
64,mobley_1662128,1.171806,1.380000,0.208194,0.000082
64,mobley_4762983,1.844326,1.660000,0.184326,0.000064
64,mobley_7732703,1.211149,1.790000,0.578851,0.000630
64,mobley_2068538,1.574708,2.000000,0.425292,0.000340
64,mobley_5157661,1.902890,2.300000,0.397110,0.000297
64,mobley_1261349,2.260480,2.510000,0.249520,0.000117
64,mobley_2328633,1.960820,2.550000,0.589180,0.000653
64,mobley_8436428,2.965984,2.830000,0.135984,0.000035
64,mobley_3060426,3.716020,2.930000,0.786020,0.001162
64,mobley_2197088,3.089094,3.160000,0.070906,0.000009
65,mobley_9534740,-23.865152,-25.469999,1.604847,0.004843
65,mobley_6239320,-19.401861,-18.059999,1.341862,0.003386
65,mobley_7794077,-13.282682,-15.460000,2.177318,0.008915
65,mobley_7415647,-13.013426,-11.950000,1.063426,0.002127
65,mobley_1728386,-10.445580,-11.000000,0.554420,0.000578
65,mobley_2269032,-9.917168,-10.210000,0.292832,0.000161
65,mobley_2913224,-7.760102,-9.940000,2.179897,0.008936
65,mobley_2659552,-9.833073,-9.760000,0.073072,0.000010
65,mobley_7176290,-9.049290,-9.620000,0.570710,0.000612
65,mobley_2295058,-9.159275,-9.510000,0.350725,0.000231
65,mobley_6055410,-11.373802,-9.400000,1.973803,0.007326
65,mobley_4639255,-9.699961,-9.300000,0.399961,0.000301
65,mobley_1417007,-5.982944,-9.010000,3.027056,0.017231
65,mobley_6115639,-9.613808,-8.700000,0.913808,0.001570
65,mobley_6353617,-7.847383,-8.260000,0.412617,0.000320
65,mobley_2725215,-7.818853,-7.980000,0.161147,0.000049
65,mobley_7039935,-6.730361,-7.670000,0.939639,0.001660
65,mobley_4059279,-6.072712,-7.580000,1.507288,0.004272
65,mobley_951560,-9.614933,-7.400000,2.214933,0.009225
65,mobley_1922649,-8.540691,-7.190000,1.350691,0.003431
65,mobley_8798016,-7.518466,-7.000000,0.518466,0.000505
65,mobley_1858644,-7.181209,-6.790000,0.391209,0.000288
65,mobley_9114381,-6.304497,-6.720000,0.415503,0.000325
65,mobley_5311804,-6.089302,-6.620000,0.530698,0.000530
65,mobley_6743808,-6.032161,-6.500000,0.467839,0.000412
65,mobley_8789864,-6.194189,-6.400000,0.205812,0.000080
65,mobley_7009711,-5.961583,-6.270000,0.308417,0.000179
65,mobley_8789465,-4.545854,-6.200000,1.654146,0.005145
65,mobley_2923700,-5.953261,-6.130000,0.176739,0.000059
65,mobley_4780078,-5.567864,-6.010000,0.442136,0.000368
65,mobley_5467162,-5.436177,-5.910000,0.473823,0.000422
65,mobley_6257907,-5.736918,-5.820000,0.083082,0.000013
65,mobley_7913234,-5.837325,-5.730000,0.107325,0.000022
65,mobley_5518547,-5.790590,-5.570000,0.220590,0.000092
65,mobley_4883284,-5.887866,-5.490000,0.397866,0.000298
65,mobley_5220185,-5.064299,-5.450000,0.385701,0.000280
65,mobley_3359593,-5.366885,-5.260000,0.106884,0.000021
65,mobley_4683624,-5.931945,-5.210000,0.721945,0.000980
65,mobley_1636752,-4.250302,-5.100000,0.849698,0.001358
65,mobley_2310185,-4.929947,-5.000000,0.070053,0.000009
65,mobley_3682850,-4.250160,-4.910000,0.659840,0.000819
65,mobley_1363784,-4.851682,-4.840000,0.011682,0.000000
65,mobley_2837389,-3.470312,-4.780000,1.309688,0.003226
65,mobley_9507933,-4.681327,-4.720000,0.038673,0.000003
65,mobley_296847,-5.108803,-4.690000,0.418803,0.000330
65,mobley_8208692,-3.190523,-4.610000,1.419477,0.003789
65,mobley_4884177,-4.322195,-4.590000,0.267805,0.000135
65,mobley_6714389,-4.337273,-4.550000,0.212728,0.000085
65,mobley_2245668,-4.449501,-4.500000,0.050499,0.000005
65,mobley_5973402,-4.441989,-4.420000,0.021989,0.000001
65,mobley_3546460,-4.544653,-4.400000,0.144653,0.000039
65,mobley_8311303,-4.371295,-4.380000,0.008705,0.000000
65,mobley_9741965,-5.481453,-4.290000,1.191453,0.002669
65,mobley_4603202,-2.966300,-4.230000,1.263700,0.003003
65,mobley_628086,-4.328937,-4.160000,0.168937,0.000054
65,mobley_4620651,-3.841687,-4.100000,0.258313,0.000125
65,mobley_7977115,-4.415436,-4.060000,0.355436,0.000238
65,mobley_2789243,-3.276760,-4.010000,0.733240,0.001011
65,mobley_3968739,-4.231862,-3.920000,0.311862,0.000183
65,mobley_63712,-3.150861,-3.880000,0.729140,0.001000
65,mobley_1046331,-3.652070,-3.820000,0.167930,0.000053
65,mobley_1160109,-3.789359,-3.750000,0.039359,0.000003
65,mobley_4149784,-3.058220,-3.670000,0.611780,0.000704
65,mobley_397645,-4.155818,-3.640000,0.515817,0.000500
65,mobley_4690963,-4.434315,-3.540000,0.894315,0.001504
65,mobley_1967551,-3.369174,-3.500000,0.130826,0.000032
65,mobley_6733657,-4.254848,-3.440000,0.814848,0.001249
65,mobley_9565165,-3.615956,-3.350000,0.265956,0.000133
65,mobley_2487143,-3.111133,-3.280000,0.168867,0.000054
65,mobley_8449031,-2.042620,-3.220000,1.177380,0.002607
65,mobley_172879,-3.126702,-3.150000,0.023298,0.000001
65,mobley_5346580,-2.325765,-3.110000,0.784235,0.001157
65,mobley_3573480,-3.081476,-3.040000,0.041476,0.000003
65,mobley_1075836,-2.947577,-2.930000,0.017577,0.000001
65,mobley_6102880,-4.173822,-2.870000,1.303823,0.003197
65,mobley_1827204,-2.654583,-2.810000,0.155416,0.000045
65,mobley_2146331,-1.611037,-2.750000,1.138963,0.002439
65,mobley_7943327,-2.667693,-2.680000,0.012307,0.000000
65,mobley_5110043,-2.659718,-2.630000,0.029718,0.000002
65,mobley_5616693,-3.036678,-2.530000,0.506678,0.000483
65,mobley_6619554,-2.296735,-2.490000,0.193265,0.000070
65,mobley_6359156,-3.824718,-2.460000,1.364717,0.003502
65,mobley_1781152,-2.155376,-2.400000,0.244624,0.000113
65,mobley_859464,-2.554147,-2.360000,0.194148,0.000071
65,mobley_7150646,-1.300135,-2.300000,0.999865,0.001880
65,mobley_1592519,-2.300091,-2.230000,0.070091,0.000009
65,mobley_5538249,-2.145821,-2.160000,0.014179,0.000000
65,mobley_6911232,-1.590081,-2.100000,0.509919,0.000489
65,mobley_3269565,-1.565163,-2.010000,0.444837,0.000372
65,mobley_2484519,-2.585997,-1.930000,0.655997,0.000809
65,mobley_7690440,-3.677303,-1.830000,1.847303,0.006417
65,mobley_3802803,-1.330836,-1.660000,0.329164,0.000204
65,mobley_1144156,-1.370105,-1.590000,0.219895,0.000091
65,mobley_2481002,-1.559718,-1.450000,0.109718,0.000023
65,mobley_2489709,-1.179087,-1.360000,0.180913,0.000062
65,mobley_5052949,-1.041403,-1.280000,0.238597,0.000107
65,mobley_2492140,-1.689693,-1.230000,0.459693,0.000397
65,mobley_7542832,-1.213711,-1.160000,0.053711,0.000005
65,mobley_7814642,-1.670668,-1.120000,0.550668,0.000570
65,mobley_1563176,-0.760456,-0.990000,0.229544,0.000099
65,mobley_1873346,-0.769599,-0.900000,0.130401,0.000032
65,mobley_3040612,-0.676718,-0.850000,0.173282,0.000056
65,mobley_4483973,-2.164293,-0.800000,1.364293,0.003500
65,mobley_9913368,-1.202089,-0.780000,0.422089,0.000335
65,mobley_1449384,-0.505537,-0.680000,0.174463,0.000057
65,mobley_7708038,-0.615436,-0.560000,0.055436,0.000006
65,mobley_8311321,-0.865559,-0.500000,0.365559,0.000251
65,mobley_766666,-0.453415,-0.440000,0.013415,0.000000
65,mobley_5445548,-0.434007,-0.300000,0.134007,0.000034
65,mobley_9029594,-0.922454,-0.220000,0.702454,0.000928
65,mobley_3370989,-2.689335,-0.110000,2.579335,0.012511
65,mobley_627267,-0.163225,-0.030000,0.133225,0.000033
65,mobley_6250025,0.031546,0.080000,0.048454,0.000004
65,mobley_4252724,-0.519418,0.160000,0.679418,0.000868
65,mobley_7157427,0.441759,0.290000,0.151759,0.000043
65,mobley_8885088,-0.411958,0.560000,0.971958,0.001776
65,mobley_8522124,0.631323,0.710000,0.078677,0.000012
65,mobley_4678740,-0.564698,1.070000,1.634698,0.005025
65,mobley_2689721,0.751268,1.230000,0.478732,0.000431
65,mobley_1662128,1.183412,1.380000,0.196588,0.000073
65,mobley_4762983,1.787786,1.660000,0.127786,0.000031
65,mobley_7732703,1.188968,1.790000,0.601032,0.000679
65,mobley_2068538,1.611923,2.000000,0.388077,0.000283
65,mobley_5157661,1.954937,2.300000,0.345063,0.000224
65,mobley_1261349,2.425633,2.510000,0.084367,0.000013
65,mobley_2328633,1.949501,2.550000,0.600499,0.000678
65,mobley_8436428,2.923158,2.830000,0.093158,0.000016
65,mobley_3060426,3.703071,2.930000,0.773071,0.001124
65,mobley_2197088,3.081182,3.160000,0.078818,0.000012
66,mobley_9534740,-23.552195,-25.469999,1.917805,0.006916
66,mobley_6239320,-19.614862,-18.059999,1.554863,0.004546
66,mobley_7794077,-13.432313,-15.460000,2.027687,0.007732
66,mobley_7415647,-12.992057,-11.950000,1.042057,0.002042
66,mobley_1728386,-10.489738,-11.000000,0.510262,0.000490
66,mobley_2269032,-9.998089,-10.210000,0.211911,0.000084
66,mobley_2913224,-7.717426,-9.940000,2.222573,0.009289
66,mobley_2659552,-9.892992,-9.760000,0.132992,0.000033
66,mobley_7176290,-9.034204,-9.620000,0.585796,0.000645
66,mobley_2295058,-9.190261,-9.510000,0.319739,0.000192
66,mobley_6055410,-11.337347,-9.400000,1.937347,0.007058
66,mobley_4639255,-9.672162,-9.300000,0.372162,0.000260
66,mobley_1417007,-5.730093,-9.010000,3.279907,0.020230
66,mobley_6115639,-9.394794,-8.700000,0.694795,0.000908
66,mobley_6353617,-7.897078,-8.260000,0.362922,0.000248
66,mobley_2725215,-7.456637,-7.980000,0.523363,0.000515
66,mobley_7039935,-6.878646,-7.670000,0.791354,0.001178
66,mobley_4059279,-6.152863,-7.580000,1.427137,0.003830
66,mobley_951560,-9.577507,-7.400000,2.177507,0.008916
66,mobley_1922649,-8.398843,-7.190000,1.208843,0.002748
66,mobley_8798016,-7.647447,-7.000000,0.647447,0.000788
66,mobley_1858644,-7.224312,-6.790000,0.434312,0.000355
66,mobley_9114381,-6.275068,-6.720000,0.444932,0.000372
66,mobley_5311804,-6.146563,-6.620000,0.473437,0.000421
66,mobley_6743808,-6.129991,-6.500000,0.370009,0.000257
66,mobley_8789864,-6.130338,-6.400000,0.269662,0.000137
66,mobley_7009711,-6.089630,-6.270000,0.180370,0.000061
66,mobley_8789465,-4.569778,-6.200000,1.630221,0.004998
66,mobley_2923700,-6.000143,-6.130000,0.129858,0.000032
66,mobley_4780078,-5.681404,-6.010000,0.328596,0.000203
66,mobley_5467162,-5.514566,-5.910000,0.395433,0.000294
66,mobley_6257907,-5.840249,-5.820000,0.020248,0.000001
66,mobley_7913234,-5.785465,-5.730000,0.055465,0.000006
66,mobley_5518547,-5.889966,-5.570000,0.319965,0.000193
66,mobley_4883284,-5.985497,-5.490000,0.495498,0.000462
66,mobley_5220185,-5.063073,-5.450000,0.386927,0.000282
66,mobley_3359593,-5.438746,-5.260000,0.178746,0.000060
66,mobley_4683624,-5.966340,-5.210000,0.756340,0.001076
66,mobley_1636752,-4.296699,-5.100000,0.803301,0.001213
66,mobley_2310185,-4.943788,-5.000000,0.056212,0.000006
66,mobley_3682850,-4.280702,-4.910000,0.629298,0.000745
66,mobley_1363784,-4.865657,-4.840000,0.025657,0.000001
66,mobley_2837389,-3.521336,-4.780000,1.258664,0.002979
66,mobley_9507933,-4.777154,-4.720000,0.057154,0.000006
66,mobley_296847,-5.201296,-4.690000,0.511296,0.000492
66,mobley_8208692,-3.198534,-4.610000,1.411466,0.003746
66,mobley_4884177,-4.350043,-4.590000,0.239957,0.000108
66,mobley_6714389,-4.447567,-4.550000,0.102433,0.000020
66,mobley_2245668,-4.496697,-4.500000,0.003303,0.000000
66,mobley_5973402,-4.427454,-4.420000,0.007453,0.000000
66,mobley_3546460,-4.505360,-4.400000,0.105360,0.000021
66,mobley_8311303,-4.327085,-4.380000,0.052915,0.000005
66,mobley_9741965,-5.463585,-4.290000,1.173585,0.002590
66,mobley_4603202,-3.112132,-4.230000,1.117868,0.002350
66,mobley_628086,-4.338080,-4.160000,0.178081,0.000060
66,mobley_4620651,-3.700721,-4.100000,0.399279,0.000300
66,mobley_7977115,-4.373871,-4.060000,0.313871,0.000185
66,mobley_2789243,-3.302139,-4.010000,0.707861,0.000942
66,mobley_3968739,-4.275596,-3.920000,0.355596,0.000238
66,mobley_63712,-3.259450,-3.880000,0.620550,0.000724
66,mobley_1046331,-3.730338,-3.820000,0.089662,0.000015
66,mobley_1160109,-3.756788,-3.750000,0.006788,0.000000
66,mobley_4149784,-3.116954,-3.670000,0.553046,0.000575
66,mobley_397645,-4.229163,-3.640000,0.589163,0.000653
66,mobley_4690963,-4.382667,-3.540000,0.842667,0.001335
66,mobley_1967551,-3.407566,-3.500000,0.092434,0.000016
66,mobley_6733657,-4.249932,-3.440000,0.809932,0.001234
66,mobley_9565165,-3.783920,-3.350000,0.433920,0.000354
66,mobley_2487143,-3.129315,-3.280000,0.150685,0.000043
66,mobley_8449031,-2.059225,-3.220000,1.160775,0.002534
66,mobley_172879,-3.194107,-3.150000,0.044107,0.000004
66,mobley_5346580,-2.428663,-3.110000,0.681337,0.000873
66,mobley_3573480,-3.084124,-3.040000,0.044124,0.000004
66,mobley_1075836,-2.932245,-2.930000,0.002245,0.000000
66,mobley_6102880,-4.312901,-2.870000,1.442901,0.003915
66,mobley_1827204,-2.630520,-2.810000,0.179480,0.000061
66,mobley_2146331,-1.689795,-2.750000,1.060205,0.002114
66,mobley_7943327,-2.639822,-2.680000,0.040178,0.000003
66,mobley_5110043,-2.836804,-2.630000,0.206804,0.000080
66,mobley_5616693,-2.997828,-2.530000,0.467828,0.000412
66,mobley_6619554,-2.236591,-2.490000,0.253409,0.000121
66,mobley_6359156,-3.972699,-2.460000,1.512699,0.004303
66,mobley_1781152,-2.237160,-2.400000,0.162840,0.000050
66,mobley_859464,-2.534171,-2.360000,0.174171,0.000057
66,mobley_7150646,-1.414328,-2.300000,0.885672,0.001475
66,mobley_1592519,-2.216375,-2.230000,0.013625,0.000000
66,mobley_5538249,-2.216868,-2.160000,0.056868,0.000006
66,mobley_6911232,-1.631526,-2.100000,0.468474,0.000413
66,mobley_3269565,-1.626499,-2.010000,0.383501,0.000277
66,mobley_2484519,-2.705449,-1.930000,0.775449,0.001131
66,mobley_7690440,-3.692512,-1.830000,1.862512,0.006523
66,mobley_3802803,-1.325431,-1.660000,0.334569,0.000210
66,mobley_1144156,-1.344475,-1.590000,0.245525,0.000113
66,mobley_2481002,-1.441020,-1.450000,0.008980,0.000000
66,mobley_2489709,-1.212212,-1.360000,0.147788,0.000041
66,mobley_5052949,-1.067824,-1.280000,0.212176,0.000085
66,mobley_2492140,-1.590931,-1.230000,0.360931,0.000245
66,mobley_7542832,-1.192356,-1.160000,0.032356,0.000002
66,mobley_7814642,-1.697158,-1.120000,0.577158,0.000626
66,mobley_1563176,-0.763332,-0.990000,0.226668,0.000097
66,mobley_1873346,-0.872800,-0.900000,0.027200,0.000001
66,mobley_3040612,-0.721820,-0.850000,0.128180,0.000031
66,mobley_4483973,-2.248401,-0.800000,1.448401,0.003945
66,mobley_9913368,-1.240927,-0.780000,0.460927,0.000400
66,mobley_1449384,-0.588016,-0.680000,0.091984,0.000016
66,mobley_7708038,-0.659961,-0.560000,0.099961,0.000019
66,mobley_8311321,-0.869968,-0.500000,0.369968,0.000257
66,mobley_766666,-0.435535,-0.440000,0.004465,0.000000
66,mobley_5445548,-0.501629,-0.300000,0.201629,0.000076
66,mobley_9029594,-1.008505,-0.220000,0.788505,0.001169
66,mobley_3370989,-2.701287,-0.110000,2.591287,0.012627
66,mobley_627267,-0.207694,-0.030000,0.177694,0.000059
66,mobley_6250025,0.043946,0.080000,0.036054,0.000002
66,mobley_4252724,-0.573664,0.160000,0.733664,0.001012
66,mobley_7157427,0.403151,0.290000,0.113151,0.000024
66,mobley_8885088,-0.425342,0.560000,0.985342,0.001826
66,mobley_8522124,0.628162,0.710000,0.081838,0.000013
66,mobley_4678740,-0.880132,1.070000,1.950132,0.007151
66,mobley_2689721,0.746589,1.230000,0.483411,0.000439
66,mobley_1662128,1.176941,1.380000,0.203059,0.000078
66,mobley_4762983,1.828603,1.660000,0.168603,0.000053
66,mobley_7732703,1.110280,1.790000,0.679720,0.000869
66,mobley_2068538,1.604089,2.000000,0.395911,0.000295
66,mobley_5157661,1.928302,2.300000,0.371698,0.000260
66,mobley_1261349,2.299767,2.510000,0.210233,0.000083
66,mobley_2328633,2.020212,2.550000,0.529788,0.000528
66,mobley_8436428,2.944175,2.830000,0.114175,0.000025
66,mobley_3060426,3.681804,2.930000,0.751804,0.001063
66,mobley_2197088,3.137349,3.160000,0.022651,0.000001
67,mobley_9534740,-23.400347,-25.469999,2.069653,0.008055
67,mobley_6239320,-19.516066,-18.059999,1.456066,0.003987
67,mobley_7794077,-13.419082,-15.460000,2.040918,0.007833
67,mobley_7415647,-13.137913,-11.950000,1.187913,0.002654
67,mobley_1728386,-10.443439,-11.000000,0.556561,0.000582
67,mobley_2269032,-9.935474,-10.210000,0.274526,0.000142
67,mobley_2913224,-7.746834,-9.940000,2.193165,0.009045
67,mobley_2659552,-9.857725,-9.760000,0.097725,0.000018
67,mobley_7176290,-9.168232,-9.620000,0.451768,0.000384
67,mobley_2295058,-9.155564,-9.510000,0.354436,0.000236
67,mobley_6055410,-11.379205,-9.400000,1.979205,0.007366
67,mobley_4639255,-9.622691,-9.300000,0.322691,0.000196
67,mobley_1417007,-5.892005,-9.010000,3.117995,0.018282
67,mobley_6115639,-9.435428,-8.700000,0.735428,0.001017
67,mobley_6353617,-7.865218,-8.260000,0.394783,0.000293
67,mobley_2725215,-7.741723,-7.980000,0.238277,0.000107
67,mobley_7039935,-6.796073,-7.670000,0.873927,0.001436
67,mobley_4059279,-6.185421,-7.580000,1.394579,0.003657
67,mobley_951560,-9.573459,-7.400000,2.173459,0.008883
67,mobley_1922649,-8.654973,-7.190000,1.464973,0.004036
67,mobley_8798016,-7.606055,-7.000000,0.606055,0.000691
67,mobley_1858644,-7.141317,-6.790000,0.351317,0.000232
67,mobley_9114381,-6.273341,-6.720000,0.446659,0.000375
67,mobley_5311804,-6.050621,-6.620000,0.569379,0.000610
67,mobley_6743808,-6.088825,-6.500000,0.411175,0.000318
67,mobley_8789864,-6.174695,-6.400000,0.225305,0.000095
67,mobley_7009711,-6.053427,-6.270000,0.216573,0.000088
67,mobley_8789465,-4.533285,-6.200000,1.666715,0.005224
67,mobley_2923700,-5.980404,-6.130000,0.149596,0.000042
67,mobley_4780078,-5.649599,-6.010000,0.360402,0.000244
67,mobley_5467162,-5.472562,-5.910000,0.437438,0.000360
67,mobley_6257907,-5.852990,-5.820000,0.032990,0.000002
67,mobley_7913234,-5.789481,-5.730000,0.059481,0.000007
67,mobley_5518547,-5.823829,-5.570000,0.253829,0.000121
67,mobley_4883284,-5.921644,-5.490000,0.431644,0.000350
67,mobley_5220185,-5.089349,-5.450000,0.360651,0.000245
67,mobley_3359593,-5.414726,-5.260000,0.154726,0.000045
67,mobley_4683624,-5.943272,-5.210000,0.733272,0.001011
67,mobley_1636752,-4.262787,-5.100000,0.837213,0.001318
67,mobley_2310185,-4.926671,-5.000000,0.073329,0.000010
67,mobley_3682850,-4.265948,-4.910000,0.644052,0.000780
67,mobley_1363784,-4.868495,-4.840000,0.028495,0.000002
67,mobley_2837389,-3.471348,-4.780000,1.308652,0.003220
67,mobley_9507933,-4.704977,-4.720000,0.015023,0.000000
67,mobley_296847,-5.171698,-4.690000,0.481698,0.000436
67,mobley_8208692,-3.324061,-4.610000,1.285939,0.003110
67,mobley_4884177,-4.338775,-4.590000,0.251225,0.000119
67,mobley_6714389,-4.415961,-4.550000,0.134039,0.000034
67,mobley_2245668,-4.478718,-4.500000,0.021282,0.000001
67,mobley_5973402,-4.404531,-4.420000,0.015469,0.000000
67,mobley_3546460,-4.500689,-4.400000,0.100689,0.000019
67,mobley_8311303,-4.524226,-4.380000,0.144226,0.000039
67,mobley_9741965,-5.592119,-4.290000,1.302119,0.003188
67,mobley_4603202,-3.124965,-4.230000,1.105035,0.002296
67,mobley_628086,-4.314119,-4.160000,0.154119,0.000045
67,mobley_4620651,-3.697323,-4.100000,0.402677,0.000305
67,mobley_7977115,-4.366776,-4.060000,0.306776,0.000177
67,mobley_2789243,-3.345659,-4.010000,0.664341,0.000830
67,mobley_3968739,-4.218971,-3.920000,0.298971,0.000168
67,mobley_63712,-3.297000,-3.880000,0.583000,0.000639
67,mobley_1046331,-3.685214,-3.820000,0.134786,0.000034
67,mobley_1160109,-3.700511,-3.750000,0.049489,0.000005
67,mobley_4149784,-3.243808,-3.670000,0.426192,0.000342
67,mobley_397645,-4.208064,-3.640000,0.568064,0.000607
67,mobley_4690963,-4.432323,-3.540000,0.892323,0.001497
67,mobley_1967551,-3.367681,-3.500000,0.132319,0.000033
67,mobley_6733657,-4.473052,-3.440000,1.033051,0.002007
67,mobley_9565165,-3.639021,-3.350000,0.289021,0.000157
67,mobley_2487143,-3.081942,-3.280000,0.198058,0.000074
67,mobley_8449031,-2.110080,-3.220000,1.109920,0.002317
67,mobley_172879,-3.198231,-3.150000,0.048231,0.000004
67,mobley_5346580,-2.361362,-3.110000,0.748638,0.001054
67,mobley_3573480,-3.036896,-3.040000,0.003104,0.000000
67,mobley_1075836,-2.928600,-2.930000,0.001400,0.000000
67,mobley_6102880,-4.235119,-2.870000,1.365119,0.003504
67,mobley_1827204,-2.628189,-2.810000,0.181811,0.000062
67,mobley_2146331,-1.633706,-2.750000,1.116294,0.002343
67,mobley_7943327,-2.673985,-2.680000,0.006015,0.000000
67,mobley_5110043,-2.720052,-2.630000,0.090052,0.000015
67,mobley_5616693,-2.993236,-2.530000,0.463236,0.000404
67,mobley_6619554,-2.284747,-2.490000,0.205253,0.000079
67,mobley_6359156,-4.062283,-2.460000,1.602283,0.004828
67,mobley_1781152,-2.210307,-2.400000,0.189693,0.000068
67,mobley_859464,-2.531639,-2.360000,0.171639,0.000055
67,mobley_7150646,-1.347912,-2.300000,0.952088,0.001705
67,mobley_1592519,-2.262383,-2.230000,0.032383,0.000002
67,mobley_5538249,-2.331522,-2.160000,0.171522,0.000055
67,mobley_6911232,-1.636104,-2.100000,0.463896,0.000405
67,mobley_3269565,-1.594568,-2.010000,0.415432,0.000325
67,mobley_2484519,-2.691147,-1.930000,0.761147,0.001089
67,mobley_7690440,-3.768525,-1.830000,1.938525,0.007067
67,mobley_3802803,-1.410199,-1.660000,0.249801,0.000117
67,mobley_1144156,-1.380544,-1.590000,0.209456,0.000082
67,mobley_2481002,-1.446567,-1.450000,0.003433,0.000000
67,mobley_2489709,-1.253127,-1.360000,0.106873,0.000021
67,mobley_5052949,-1.103641,-1.280000,0.176359,0.000058
67,mobley_2492140,-1.679463,-1.230000,0.449463,0.000380
67,mobley_7542832,-1.253844,-1.160000,0.093844,0.000017
67,mobley_7814642,-1.776571,-1.120000,0.656571,0.000811
67,mobley_1563176,-0.771722,-0.990000,0.218278,0.000090
67,mobley_1873346,-0.789686,-0.900000,0.110314,0.000023
67,mobley_3040612,-0.673448,-0.850000,0.176552,0.000059
67,mobley_4483973,-2.200079,-0.800000,1.400079,0.003686
67,mobley_9913368,-1.238327,-0.780000,0.458327,0.000395
67,mobley_1449384,-0.532471,-0.680000,0.147529,0.000041
67,mobley_7708038,-0.645185,-0.560000,0.085185,0.000014
67,mobley_8311321,-0.899898,-0.500000,0.399898,0.000301
67,mobley_766666,-0.454674,-0.440000,0.014674,0.000000
67,mobley_5445548,-0.439866,-0.300000,0.139866,0.000037
67,mobley_9029594,-0.967185,-0.220000,0.747185,0.001050
67,mobley_3370989,-2.709513,-0.110000,2.599513,0.012707
67,mobley_627267,-0.174325,-0.030000,0.144325,0.000039
67,mobley_6250025,0.053990,0.080000,0.026010,0.000001
67,mobley_4252724,-0.499376,0.160000,0.659376,0.000818
67,mobley_7157427,0.372482,0.290000,0.082482,0.000013
67,mobley_8885088,-0.377002,0.560000,0.937002,0.001651
67,mobley_8522124,0.664277,0.710000,0.045723,0.000004
67,mobley_4678740,-0.845922,1.070000,1.915922,0.006903
67,mobley_2689721,0.751631,1.230000,0.478369,0.000430
67,mobley_1662128,1.206920,1.380000,0.173080,0.000056
67,mobley_4762983,1.863360,1.660000,0.203360,0.000078
67,mobley_7732703,1.078056,1.790000,0.711944,0.000953
67,mobley_2068538,1.593810,2.000000,0.406190,0.000310
67,mobley_5157661,1.939743,2.300000,0.360257,0.000244
67,mobley_1261349,2.354333,2.510000,0.155667,0.000046
67,mobley_2328633,2.024817,2.550000,0.525182,0.000519
67,mobley_8436428,2.963398,2.830000,0.133398,0.000033
67,mobley_3060426,3.730338,2.930000,0.800338,0.001205
67,mobley_2197088,3.119939,3.160000,0.040061,0.000003
68,mobley_9534740,-23.319021,-25.469999,2.150978,0.008700
68,mobley_6239320,-19.681358,-18.059999,1.621359,0.004943
68,mobley_7794077,-13.473720,-15.460000,1.986280,0.007419
68,mobley_7415647,-13.015640,-11.950000,1.065640,0.002135
68,mobley_1728386,-10.479695,-11.000000,0.520305,0.000509
68,mobley_2269032,-9.963445,-10.210000,0.246555,0.000114
68,mobley_2913224,-7.748884,-9.940000,2.191115,0.009028
68,mobley_2659552,-9.885440,-9.760000,0.125440,0.000030
68,mobley_7176290,-9.045148,-9.620000,0.574852,0.000621
68,mobley_2295058,-9.160722,-9.510000,0.349278,0.000229
68,mobley_6055410,-11.335767,-9.400000,1.935767,0.007046
68,mobley_4639255,-9.589275,-9.300000,0.289275,0.000157
68,mobley_1417007,-5.783028,-9.010000,3.226973,0.019582
68,mobley_6115639,-9.315957,-8.700000,0.615957,0.000713
68,mobley_6353617,-7.917024,-8.260000,0.342976,0.000221
68,mobley_2725215,-7.547350,-7.980000,0.432650,0.000352
68,mobley_7039935,-6.820770,-7.670000,0.849230,0.001356
68,mobley_4059279,-6.193582,-7.580000,1.386418,0.003615
68,mobley_951560,-9.485218,-7.400000,2.085218,0.008176
68,mobley_1922649,-8.466315,-7.190000,1.276315,0.003063
68,mobley_8798016,-7.687282,-7.000000,0.687282,0.000888
68,mobley_1858644,-7.133885,-6.790000,0.343885,0.000222
68,mobley_9114381,-6.295039,-6.720000,0.424961,0.000340
68,mobley_5311804,-6.044688,-6.620000,0.575312,0.000622
68,mobley_6743808,-6.110543,-6.500000,0.389457,0.000285
68,mobley_8789864,-6.130697,-6.400000,0.269303,0.000136
68,mobley_7009711,-6.075520,-6.270000,0.194480,0.000071
68,mobley_8789465,-4.517970,-6.200000,1.682030,0.005320
68,mobley_2923700,-5.967531,-6.130000,0.162469,0.000050
68,mobley_4780078,-5.686206,-6.010000,0.323794,0.000197
68,mobley_5467162,-5.496496,-5.910000,0.413504,0.000322
68,mobley_6257907,-5.749414,-5.820000,0.070586,0.000009
68,mobley_7913234,-5.761281,-5.730000,0.031281,0.000002
68,mobley_5518547,-5.826345,-5.570000,0.256345,0.000124
68,mobley_4883284,-5.897612,-5.490000,0.407612,0.000312
68,mobley_5220185,-5.056302,-5.450000,0.393698,0.000291
68,mobley_3359593,-5.391436,-5.260000,0.131436,0.000032
68,mobley_4683624,-5.929811,-5.210000,0.719811,0.000974
68,mobley_1636752,-4.236468,-5.100000,0.863532,0.001402
68,mobley_2310185,-4.894853,-5.000000,0.105147,0.000021
68,mobley_3682850,-4.268688,-4.910000,0.641312,0.000773
68,mobley_1363784,-4.934576,-4.840000,0.094575,0.000017
68,mobley_2837389,-3.472614,-4.780000,1.307387,0.003214
68,mobley_9507933,-4.762489,-4.720000,0.042489,0.000003
68,mobley_296847,-5.202819,-4.690000,0.512819,0.000495
68,mobley_8208692,-3.094933,-4.610000,1.515067,0.004316
68,mobley_4884177,-4.358490,-4.590000,0.231510,0.000101
68,mobley_6714389,-4.396072,-4.550000,0.153928,0.000045
68,mobley_2245668,-4.458806,-4.500000,0.041194,0.000003
68,mobley_5973402,-4.385905,-4.420000,0.034095,0.000002
68,mobley_3546460,-4.474222,-4.400000,0.074222,0.000010
68,mobley_8311303,-4.220158,-4.380000,0.159842,0.000048
68,mobley_9741965,-5.533377,-4.290000,1.243377,0.002907
68,mobley_4603202,-3.087111,-4.230000,1.142889,0.002456
68,mobley_628086,-4.225937,-4.160000,0.065937,0.000008
68,mobley_4620651,-3.703742,-4.100000,0.396258,0.000295
68,mobley_7977115,-4.333729,-4.060000,0.273729,0.000141
68,mobley_2789243,-3.259604,-4.010000,0.750396,0.001059
68,mobley_3968739,-4.250422,-3.920000,0.330421,0.000205
68,mobley_63712,-3.319571,-3.880000,0.560429,0.000591
68,mobley_1046331,-3.690981,-3.820000,0.129019,0.000031
68,mobley_1160109,-3.733025,-3.750000,0.016975,0.000001
68,mobley_4149784,-3.017261,-3.670000,0.652739,0.000801
68,mobley_397645,-4.222806,-3.640000,0.582806,0.000639
68,mobley_4690963,-4.410037,-3.540000,0.870037,0.001423
68,mobley_1967551,-3.422672,-3.500000,0.077328,0.000011
68,mobley_6733657,-4.244154,-3.440000,0.804154,0.001216
68,mobley_9565165,-3.711794,-3.350000,0.361794,0.000246
68,mobley_2487143,-3.141139,-3.280000,0.138861,0.000036
68,mobley_8449031,-2.090886,-3.220000,1.129114,0.002397
68,mobley_172879,-3.112324,-3.150000,0.037676,0.000003
68,mobley_5346580,-2.441755,-3.110000,0.668245,0.000840
68,mobley_3573480,-3.100276,-3.040000,0.060276,0.000007
68,mobley_1075836,-2.946645,-2.930000,0.016644,0.000001
68,mobley_6102880,-4.217953,-2.870000,1.347953,0.003417
68,mobley_1827204,-2.652249,-2.810000,0.157751,0.000047
68,mobley_2146331,-1.697080,-2.750000,1.052920,0.002085
68,mobley_7943327,-2.672271,-2.680000,0.007729,0.000000
68,mobley_5110043,-2.831317,-2.630000,0.201317,0.000076
68,mobley_5616693,-3.016835,-2.530000,0.486835,0.000446
68,mobley_6619554,-2.289751,-2.490000,0.200249,0.000075
68,mobley_6359156,-3.858228,-2.460000,1.398228,0.003676
68,mobley_1781152,-2.268265,-2.400000,0.131735,0.000033
68,mobley_859464,-2.571352,-2.360000,0.211352,0.000084
68,mobley_7150646,-1.359506,-2.300000,0.940494,0.001663
68,mobley_1592519,-2.262010,-2.230000,0.032010,0.000002
68,mobley_5538249,-2.150500,-2.160000,0.009500,0.000000
68,mobley_6911232,-1.625598,-2.100000,0.474402,0.000423
68,mobley_3269565,-1.609440,-2.010000,0.400560,0.000302
68,mobley_2484519,-2.660718,-1.930000,0.730718,0.001004
68,mobley_7690440,-3.736056,-1.830000,1.906056,0.006832
68,mobley_3802803,-1.388792,-1.660000,0.271208,0.000138
68,mobley_1144156,-1.358459,-1.590000,0.231541,0.000101
68,mobley_2481002,-1.442428,-1.450000,0.007572,0.000000
68,mobley_2489709,-1.109517,-1.360000,0.250483,0.000118
68,mobley_5052949,-1.075620,-1.280000,0.204380,0.000079
68,mobley_2492140,-1.630710,-1.230000,0.400710,0.000302
68,mobley_7542832,-1.229036,-1.160000,0.069036,0.000009
68,mobley_7814642,-1.601828,-1.120000,0.481828,0.000437
68,mobley_1563176,-0.772192,-0.990000,0.217808,0.000089
68,mobley_1873346,-0.819432,-0.900000,0.080568,0.000012
68,mobley_3040612,-0.690587,-0.850000,0.159413,0.000048
68,mobley_4483973,-2.185272,-0.800000,1.385272,0.003609
68,mobley_9913368,-1.224345,-0.780000,0.444345,0.000371
68,mobley_1449384,-0.582726,-0.680000,0.097274,0.000018
68,mobley_7708038,-0.627344,-0.560000,0.067344,0.000009
68,mobley_8311321,-0.855493,-0.500000,0.355493,0.000238
68,mobley_766666,-0.417347,-0.440000,0.022653,0.000001
68,mobley_5445548,-0.454208,-0.300000,0.154208,0.000045
68,mobley_9029594,-0.986357,-0.220000,0.766357,0.001104
68,mobley_3370989,-2.706544,-0.110000,2.596544,0.012678
68,mobley_627267,-0.180911,-0.030000,0.150911,0.000043
68,mobley_6250025,0.046883,0.080000,0.033117,0.000002
68,mobley_4252724,-0.536970,0.160000,0.696970,0.000913
68,mobley_7157427,0.394102,0.290000,0.104102,0.000020
68,mobley_8885088,-0.366460,0.560000,0.926460,0.001614
68,mobley_8522124,0.641094,0.710000,0.068906,0.000009
68,mobley_4678740,-0.852264,1.070000,1.922264,0.006948
68,mobley_2689721,0.755604,1.230000,0.474396,0.000423
68,mobley_1662128,1.193030,1.380000,0.186970,0.000066
68,mobley_4762983,1.836052,1.660000,0.176052,0.000058
68,mobley_7732703,1.095895,1.790000,0.694105,0.000906
68,mobley_2068538,1.607547,2.000000,0.392453,0.000290
68,mobley_5157661,1.931080,2.300000,0.368920,0.000256
68,mobley_1261349,2.275194,2.510000,0.234806,0.000104
68,mobley_2328633,2.030372,2.550000,0.519628,0.000508
68,mobley_8436428,2.951649,2.830000,0.121649,0.000028
68,mobley_3060426,3.680870,2.930000,0.750870,0.001060
68,mobley_2197088,3.138621,3.160000,0.021379,0.000001
69,mobley_9534740,-23.283489,-25.469999,2.186510,0.008990
69,mobley_6239320,-19.532787,-18.059999,1.472788,0.004079
69,mobley_7794077,-13.446153,-15.460000,2.013847,0.007626
69,mobley_7415647,-13.049262,-11.950000,1.099262,0.002272
69,mobley_1728386,-10.456785,-11.000000,0.543215,0.000555
69,mobley_2269032,-9.827065,-10.210000,0.382935,0.000276
69,mobley_2913224,-7.723724,-9.940000,2.216275,0.009237
69,mobley_2659552,-9.775922,-9.760000,0.015922,0.000000
69,mobley_7176290,-9.133175,-9.620000,0.486825,0.000446
69,mobley_2295058,-9.157755,-9.510000,0.352245,0.000233
69,mobley_6055410,-11.270199,-9.400000,1.870199,0.006577
69,mobley_4639255,-9.578365,-9.300000,0.278365,0.000146
69,mobley_1417007,-5.930382,-9.010000,3.079618,0.017834
69,mobley_6115639,-9.491891,-8.700000,0.791891,0.001179
69,mobley_6353617,-7.863291,-8.260000,0.396709,0.000296
69,mobley_2725215,-7.648112,-7.980000,0.331888,0.000207
69,mobley_7039935,-6.787703,-7.670000,0.882297,0.001464
69,mobley_4059279,-6.186551,-7.580000,1.393449,0.003651
69,mobley_951560,-9.475534,-7.400000,2.075534,0.008101
69,mobley_1922649,-8.683205,-7.190000,1.493205,0.004193
69,mobley_8798016,-7.625180,-7.000000,0.625180,0.000735
69,mobley_1858644,-7.066795,-6.790000,0.276795,0.000144
69,mobley_9114381,-6.311432,-6.720000,0.408567,0.000314
69,mobley_5311804,-6.004290,-6.620000,0.615710,0.000713
69,mobley_6743808,-6.050148,-6.500000,0.449852,0.000381
69,mobley_8789864,-6.233997,-6.400000,0.166003,0.000052
69,mobley_7009711,-5.971991,-6.270000,0.298009,0.000167
69,mobley_8789465,-4.506077,-6.200000,1.693923,0.005396
69,mobley_2923700,-5.941504,-6.130000,0.188497,0.000067
69,mobley_4780078,-5.624145,-6.010000,0.385855,0.000280
69,mobley_5467162,-5.433533,-5.910000,0.476467,0.000427
69,mobley_6257907,-5.840378,-5.820000,0.020378,0.000001
69,mobley_7913234,-5.740678,-5.730000,0.010678,0.000000
69,mobley_5518547,-5.814456,-5.570000,0.244456,0.000112
69,mobley_4883284,-5.924978,-5.490000,0.434978,0.000356
69,mobley_5220185,-5.035010,-5.450000,0.414990,0.000324
69,mobley_3359593,-5.388731,-5.260000,0.128730,0.000031
69,mobley_4683624,-5.893816,-5.210000,0.683815,0.000879
69,mobley_1636752,-4.252953,-5.100000,0.847047,0.001349
69,mobley_2310185,-4.888437,-5.000000,0.111563,0.000023
69,mobley_3682850,-4.277899,-4.910000,0.632101,0.000751
69,mobley_1363784,-4.773059,-4.840000,0.066941,0.000008
69,mobley_2837389,-3.472861,-4.780000,1.307140,0.003213
69,mobley_9507933,-4.657049,-4.720000,0.062951,0.000007
69,mobley_296847,-5.166206,-4.690000,0.476206,0.000426
69,mobley_8208692,-3.196016,-4.610000,1.413984,0.003760
69,mobley_4884177,-4.284226,-4.590000,0.305774,0.000176
69,mobley_6714389,-4.425029,-4.550000,0.124971,0.000029
69,mobley_2245668,-4.443314,-4.500000,0.056686,0.000006
69,mobley_5973402,-4.358838,-4.420000,0.061162,0.000007
69,mobley_3546460,-4.464767,-4.400000,0.064766,0.000008
69,mobley_8311303,-4.345293,-4.380000,0.034708,0.000002
69,mobley_9741965,-5.637042,-4.290000,1.347042,0.003412
69,mobley_4603202,-3.178325,-4.230000,1.051675,0.002080
69,mobley_628086,-4.205936,-4.160000,0.045936,0.000004
69,mobley_4620651,-3.667959,-4.100000,0.432041,0.000351
69,mobley_7977115,-4.311477,-4.060000,0.251477,0.000119
69,mobley_2789243,-3.301483,-4.010000,0.708518,0.000944
69,mobley_3968739,-4.212704,-3.920000,0.292704,0.000161
69,mobley_63712,-3.291827,-3.880000,0.588173,0.000651
69,mobley_1046331,-3.659793,-3.820000,0.160207,0.000048
69,mobley_1160109,-3.646865,-3.750000,0.103135,0.000020
69,mobley_4149784,-3.155972,-3.670000,0.514028,0.000497
69,mobley_397645,-4.200593,-3.640000,0.560592,0.000591
69,mobley_4690963,-4.425842,-3.540000,0.885842,0.001476
69,mobley_1967551,-3.394106,-3.500000,0.105894,0.000021
69,mobley_6733657,-4.423765,-3.440000,0.983765,0.001820
69,mobley_9565165,-3.574998,-3.350000,0.224998,0.000095
69,mobley_2487143,-3.094116,-3.280000,0.185884,0.000065
69,mobley_8449031,-2.054295,-3.220000,1.165705,0.002555
69,mobley_172879,-3.157092,-3.150000,0.007092,0.000000
69,mobley_5346580,-2.383775,-3.110000,0.726225,0.000992
69,mobley_3573480,-3.049961,-3.040000,0.009961,0.000000
69,mobley_1075836,-2.942447,-2.930000,0.012447,0.000000
69,mobley_6102880,-4.173852,-2.870000,1.303853,0.003197
69,mobley_1827204,-2.634969,-2.810000,0.175030,0.000058
69,mobley_2146331,-1.695440,-2.750000,1.054560,0.002091
69,mobley_7943327,-2.668357,-2.680000,0.011643,0.000000
69,mobley_5110043,-2.634421,-2.630000,0.004421,0.000000
69,mobley_5616693,-2.925008,-2.530000,0.395008,0.000293
69,mobley_6619554,-2.281513,-2.490000,0.208487,0.000082
69,mobley_6359156,-3.950093,-2.460000,1.490093,0.004175
69,mobley_1781152,-2.231825,-2.400000,0.168175,0.000053
69,mobley_859464,-2.539216,-2.360000,0.179216,0.000060
69,mobley_7150646,-1.357370,-2.300000,0.942629,0.001671
69,mobley_1592519,-2.241839,-2.230000,0.011839,0.000000
69,mobley_5538249,-2.226295,-2.160000,0.066295,0.000008
69,mobley_6911232,-1.630874,-2.100000,0.469126,0.000414
69,mobley_3269565,-1.595585,-2.010000,0.414415,0.000323
69,mobley_2484519,-2.667256,-1.930000,0.737256,0.001022
69,mobley_7690440,-3.774476,-1.830000,1.944476,0.007110
69,mobley_3802803,-1.426020,-1.660000,0.233980,0.000103
69,mobley_1144156,-1.359514,-1.590000,0.230486,0.000100
69,mobley_2481002,-1.459399,-1.450000,0.009399,0.000000
69,mobley_2489709,-1.162636,-1.360000,0.197364,0.000073
69,mobley_5052949,-1.060157,-1.280000,0.219843,0.000091
69,mobley_2492140,-1.693684,-1.230000,0.463684,0.000404
69,mobley_7542832,-1.231036,-1.160000,0.071036,0.000009
69,mobley_7814642,-1.710851,-1.120000,0.590851,0.000656
69,mobley_1563176,-0.739464,-0.990000,0.250536,0.000118
69,mobley_1873346,-0.736942,-0.900000,0.163058,0.000050
69,mobley_3040612,-0.584523,-0.850000,0.265477,0.000133
69,mobley_4483973,-2.180250,-0.800000,1.380250,0.003582
69,mobley_9913368,-1.237908,-0.780000,0.457909,0.000394
69,mobley_1449384,-0.440192,-0.680000,0.239808,0.000108
69,mobley_7708038,-0.619051,-0.560000,0.059051,0.000007
69,mobley_8311321,-0.887433,-0.500000,0.387433,0.000282
69,mobley_766666,-0.445739,-0.440000,0.005739,0.000000
69,mobley_5445548,-0.364686,-0.300000,0.064686,0.000008
69,mobley_9029594,-0.992284,-0.220000,0.772284,0.001122
69,mobley_3370989,-2.728388,-0.110000,2.618388,0.012892
69,mobley_627267,-0.150193,-0.030000,0.120193,0.000027
69,mobley_6250025,0.066623,0.080000,0.013377,0.000000
69,mobley_4252724,-0.430726,0.160000,0.590726,0.000656
69,mobley_7157427,0.376647,0.290000,0.086647,0.000014
69,mobley_8885088,-0.360264,0.560000,0.920264,0.001593
69,mobley_8522124,0.679565,0.710000,0.030435,0.000002
69,mobley_4678740,-0.864589,1.070000,1.934589,0.007038
69,mobley_2689721,0.772718,1.230000,0.457282,0.000393
69,mobley_1662128,1.221341,1.380000,0.158659,0.000047
69,mobley_4762983,1.875209,1.660000,0.215209,0.000087
69,mobley_7732703,1.082844,1.790000,0.707156,0.000940
69,mobley_2068538,1.629740,2.000000,0.370260,0.000258
69,mobley_5157661,1.959010,2.300000,0.340990,0.000219
69,mobley_1261349,2.314094,2.510000,0.195906,0.000072
69,mobley_2328633,2.065351,2.550000,0.484649,0.000442
69,mobley_8436428,3.004920,2.830000,0.174920,0.000058
69,mobley_3060426,3.744936,2.930000,0.814936,0.001249
69,mobley_2197088,3.171124,3.160000,0.011124,0.000000
70,mobley_9534740,-23.425499,-25.469999,2.044500,0.007860
70,mobley_6239320,-19.678480,-18.059999,1.618481,0.004926
70,mobley_7794077,-13.506209,-15.460000,1.953791,0.007178
70,mobley_7415647,-12.990930,-11.950000,1.040930,0.002038
70,mobley_1728386,-10.552608,-11.000000,0.447392,0.000376
70,mobley_2269032,-9.985633,-10.210000,0.224367,0.000095
70,mobley_2913224,-7.735065,-9.940000,2.204934,0.009142
70,mobley_2659552,-9.891839,-9.760000,0.131839,0.000033
70,mobley_7176290,-9.086756,-9.620000,0.533244,0.000535
70,mobley_2295058,-9.186379,-9.510000,0.323621,0.000197
70,mobley_6055410,-11.385547,-9.400000,1.985547,0.007413
70,mobley_4639255,-9.624405,-9.300000,0.324405,0.000198
70,mobley_1417007,-5.840772,-9.010000,3.169229,0.018887
70,mobley_6115639,-9.241397,-8.700000,0.541397,0.000551
70,mobley_6353617,-7.918869,-8.260000,0.341131,0.000219
70,mobley_2725215,-7.600998,-7.980000,0.379002,0.000270
70,mobley_7039935,-6.931758,-7.670000,0.738242,0.001025
70,mobley_4059279,-6.251745,-7.580000,1.328255,0.003318
70,mobley_951560,-9.569775,-7.400000,2.169775,0.008853
70,mobley_1922649,-8.490569,-7.190000,1.300569,0.003181
70,mobley_8798016,-7.693186,-7.000000,0.693186,0.000904
70,mobley_1858644,-7.202049,-6.790000,0.412049,0.000319
70,mobley_9114381,-6.281511,-6.720000,0.438489,0.000362
70,mobley_5311804,-6.118215,-6.620000,0.501785,0.000473
70,mobley_6743808,-6.157988,-6.500000,0.342012,0.000220
70,mobley_8789864,-6.160228,-6.400000,0.239772,0.000108
70,mobley_7009711,-6.100577,-6.270000,0.169423,0.000054
70,mobley_8789465,-4.602867,-6.200000,1.597133,0.004797
70,mobley_2923700,-6.029341,-6.130000,0.100659,0.000019
70,mobley_4780078,-5.778018,-6.010000,0.231982,0.000101
70,mobley_5467162,-5.599429,-5.910000,0.310571,0.000181
70,mobley_6257907,-5.822816,-5.820000,0.002816,0.000000
70,mobley_7913234,-5.807818,-5.730000,0.077818,0.000011
70,mobley_5518547,-5.878912,-5.570000,0.308912,0.000179
70,mobley_4883284,-5.949224,-5.490000,0.459224,0.000397
70,mobley_5220185,-5.080350,-5.450000,0.369650,0.000257
70,mobley_3359593,-5.434136,-5.260000,0.174136,0.000057
70,mobley_4683624,-5.992759,-5.210000,0.782759,0.001152
70,mobley_1636752,-4.226299,-5.100000,0.873701,0.001435
70,mobley_2310185,-4.902617,-5.000000,0.097383,0.000018
70,mobley_3682850,-4.320905,-4.910000,0.589095,0.000653
70,mobley_1363784,-4.953832,-4.840000,0.113832,0.000024
70,mobley_2837389,-3.505044,-4.780000,1.274957,0.003057
70,mobley_9507933,-4.741422,-4.720000,0.021422,0.000001
70,mobley_296847,-5.196525,-4.690000,0.506525,0.000482
70,mobley_8208692,-3.124309,-4.610000,1.485691,0.004151
70,mobley_4884177,-4.352732,-4.590000,0.237268,0.000106
70,mobley_6714389,-4.386039,-4.550000,0.163961,0.000051
70,mobley_2245668,-4.521078,-4.500000,0.021078,0.000001
70,mobley_5973402,-4.455527,-4.420000,0.035527,0.000002
70,mobley_3546460,-4.521417,-4.400000,0.121417,0.000028
70,mobley_8311303,-4.280933,-4.380000,0.099067,0.000018
70,mobley_9741965,-5.556087,-4.290000,1.266087,0.003014
70,mobley_4603202,-3.080738,-4.230000,1.149262,0.002484
70,mobley_628086,-4.180171,-4.160000,0.020171,0.000001
70,mobley_4620651,-3.695874,-4.100000,0.404126,0.000307
70,mobley_7977115,-4.397671,-4.060000,0.337671,0.000214
70,mobley_2789243,-3.307997,-4.010000,0.702004,0.000927
70,mobley_3968739,-4.275154,-3.920000,0.355154,0.000237
70,mobley_63712,-3.366638,-3.880000,0.513362,0.000496
70,mobley_1046331,-3.705713,-3.820000,0.114287,0.000025
70,mobley_1160109,-3.825937,-3.750000,0.075937,0.000011
70,mobley_4149784,-3.134514,-3.670000,0.535486,0.000539
70,mobley_397645,-4.244826,-3.640000,0.604826,0.000688
70,mobley_4690963,-4.442167,-3.540000,0.902167,0.001531
70,mobley_1967551,-3.399355,-3.500000,0.100645,0.000019
70,mobley_6733657,-4.308118,-3.440000,0.868118,0.001417
70,mobley_9565165,-3.824329,-3.350000,0.474329,0.000423
70,mobley_2487143,-3.137653,-3.280000,0.142347,0.000038
70,mobley_8449031,-2.140752,-3.220000,1.079248,0.002190
70,mobley_172879,-3.213472,-3.150000,0.063472,0.000008
70,mobley_5346580,-2.503581,-3.110000,0.606419,0.000692
70,mobley_3573480,-3.092357,-3.040000,0.052357,0.000005
70,mobley_1075836,-2.932918,-2.930000,0.002918,0.000000
70,mobley_6102880,-4.275741,-2.870000,1.405741,0.003716
70,mobley_1827204,-2.678730,-2.810000,0.131270,0.000032
70,mobley_2146331,-1.697496,-2.750000,1.052504,0.002083
70,mobley_7943327,-2.659033,-2.680000,0.020967,0.000001
70,mobley_5110043,-2.922889,-2.630000,0.292889,0.000161
70,mobley_5616693,-3.128345,-2.530000,0.598345,0.000673
70,mobley_6619554,-2.290079,-2.490000,0.199921,0.000075
70,mobley_6359156,-3.961796,-2.460000,1.501796,0.004241
70,mobley_1781152,-2.277257,-2.400000,0.122743,0.000028
70,mobley_859464,-2.569679,-2.360000,0.209679,0.000083
70,mobley_7150646,-1.413781,-2.300000,0.886219,0.001477
70,mobley_1592519,-2.263939,-2.230000,0.033939,0.000002
70,mobley_5538249,-2.220287,-2.160000,0.060287,0.000007
70,mobley_6911232,-1.610229,-2.100000,0.489771,0.000451
70,mobley_3269565,-1.587596,-2.010000,0.422404,0.000336
70,mobley_2484519,-2.708066,-1.930000,0.778066,0.001138
70,mobley_7690440,-3.697912,-1.830000,1.867912,0.006561
70,mobley_3802803,-1.408287,-1.660000,0.251713,0.000119
70,mobley_1144156,-1.364863,-1.590000,0.225137,0.000095
70,mobley_2481002,-1.419248,-1.450000,0.030752,0.000002
70,mobley_2489709,-1.135971,-1.360000,0.224029,0.000094
70,mobley_5052949,-1.100960,-1.280000,0.179040,0.000060
70,mobley_2492140,-1.634878,-1.230000,0.404878,0.000308
70,mobley_7542832,-1.275344,-1.160000,0.115344,0.000025
70,mobley_7814642,-1.655916,-1.120000,0.535916,0.000540
70,mobley_1563176,-0.786567,-0.990000,0.203433,0.000078
70,mobley_1873346,-0.859513,-0.900000,0.040487,0.000003
70,mobley_3040612,-0.735736,-0.850000,0.114264,0.000025
70,mobley_4483973,-2.212738,-0.800000,1.412738,0.003753
70,mobley_9913368,-1.223934,-0.780000,0.443934,0.000371
70,mobley_1449384,-0.648706,-0.680000,0.031294,0.000002
70,mobley_7708038,-0.640981,-0.560000,0.080981,0.000012
70,mobley_8311321,-0.809331,-0.500000,0.309331,0.000180
70,mobley_766666,-0.420977,-0.440000,0.019023,0.000001
70,mobley_5445548,-0.519410,-0.300000,0.219410,0.000091
70,mobley_9029594,-0.941434,-0.220000,0.721434,0.000979
70,mobley_3370989,-2.695058,-0.110000,2.585058,0.012566
70,mobley_627267,-0.228577,-0.030000,0.198577,0.000074
70,mobley_6250025,0.013349,0.080000,0.066651,0.000008
70,mobley_4252724,-0.626677,0.160000,0.786677,0.001164
70,mobley_7157427,0.383023,0.290000,0.093023,0.000016
70,mobley_8885088,-0.401207,0.560000,0.961207,0.001737
70,mobley_8522124,0.602086,0.710000,0.107914,0.000022
70,mobley_4678740,-0.897633,1.070000,1.967633,0.007280
70,mobley_2689721,0.773569,1.230000,0.456431,0.000392
70,mobley_1662128,1.203144,1.380000,0.176856,0.000059
70,mobley_4762983,1.819617,1.660000,0.159617,0.000048
70,mobley_7732703,1.101067,1.790000,0.688933,0.000893
70,mobley_2068538,1.613856,2.000000,0.386144,0.000280
70,mobley_5157661,1.903399,2.300000,0.396601,0.000296
70,mobley_1261349,2.202238,2.510000,0.307762,0.000178
70,mobley_2328633,1.981066,2.550000,0.568934,0.000609
70,mobley_8436428,2.885904,2.830000,0.055904,0.000006
70,mobley_3060426,3.555361,2.930000,0.625360,0.000735
70,mobley_2197088,3.129382,3.160000,0.030618,0.000002
71,mobley_9534740,-23.259449,-25.469999,2.210550,0.009189
71,mobley_6239320,-19.518448,-18.059999,1.458448,0.004000
71,mobley_7794077,-13.401843,-15.460000,2.058157,0.007966
71,mobley_7415647,-13.058095,-11.950000,1.108095,0.002309
71,mobley_1728386,-10.501268,-11.000000,0.498732,0.000468
71,mobley_2269032,-9.931294,-10.210000,0.278706,0.000146
71,mobley_2913224,-7.706936,-9.940000,2.233063,0.009377
71,mobley_2659552,-9.877376,-9.760000,0.117375,0.000026
71,mobley_7176290,-9.112695,-9.620000,0.507305,0.000484
71,mobley_2295058,-9.142782,-9.510000,0.367218,0.000254
71,mobley_6055410,-11.276380,-9.400000,1.876380,0.006621
71,mobley_4639255,-9.578892,-9.300000,0.278892,0.000146
71,mobley_1417007,-5.839543,-9.010000,3.170457,0.018902
71,mobley_6115639,-9.423076,-8.700000,0.723076,0.000983
71,mobley_6353617,-7.850382,-8.260000,0.409618,0.000316
71,mobley_2725215,-7.546469,-7.980000,0.433531,0.000353
71,mobley_7039935,-6.896882,-7.670000,0.773118,0.001124
71,mobley_4059279,-6.252481,-7.580000,1.327519,0.003314
71,mobley_951560,-9.496420,-7.400000,2.096420,0.008265
71,mobley_1922649,-8.708063,-7.190000,1.518063,0.004334
71,mobley_8798016,-7.651807,-7.000000,0.651807,0.000799
71,mobley_1858644,-7.139067,-6.790000,0.349067,0.000229
71,mobley_9114381,-6.259779,-6.720000,0.460221,0.000398
71,mobley_5311804,-6.080183,-6.620000,0.539817,0.000548
71,mobley_6743808,-6.077020,-6.500000,0.422980,0.000336
71,mobley_8789864,-6.175082,-6.400000,0.224918,0.000095
71,mobley_7009711,-6.014077,-6.270000,0.255923,0.000123
71,mobley_8789465,-4.498504,-6.200000,1.701496,0.005444
71,mobley_2923700,-5.979771,-6.130000,0.150229,0.000042
71,mobley_4780078,-5.700259,-6.010000,0.309741,0.000180
71,mobley_5467162,-5.503835,-5.910000,0.406165,0.000310
71,mobley_6257907,-5.831739,-5.820000,0.011739,0.000000
71,mobley_7913234,-5.757629,-5.730000,0.027629,0.000001
71,mobley_5518547,-5.838459,-5.570000,0.268458,0.000136
71,mobley_4883284,-5.929036,-5.490000,0.439036,0.000362
71,mobley_5220185,-4.974125,-5.450000,0.475874,0.000426
71,mobley_3359593,-5.430628,-5.260000,0.170628,0.000055
71,mobley_4683624,-5.932375,-5.210000,0.722375,0.000981
71,mobley_1636752,-4.259199,-5.100000,0.840801,0.001329
71,mobley_2310185,-4.892358,-5.000000,0.107642,0.000022
71,mobley_3682850,-4.323329,-4.910000,0.586670,0.000647
71,mobley_1363784,-4.766705,-4.840000,0.073295,0.000010
71,mobley_2837389,-3.407679,-4.780000,1.372321,0.003541
71,mobley_9507933,-4.645900,-4.720000,0.074100,0.000010
71,mobley_296847,-5.152462,-4.690000,0.462462,0.000402
71,mobley_8208692,-3.201277,-4.610000,1.408723,0.003732
71,mobley_4884177,-4.274784,-4.590000,0.315217,0.000187
71,mobley_6714389,-4.432092,-4.550000,0.117908,0.000026
71,mobley_2245668,-4.474843,-4.500000,0.025157,0.000001
71,mobley_5973402,-4.393720,-4.420000,0.026280,0.000001
71,mobley_3546460,-4.460809,-4.400000,0.060809,0.000007
71,mobley_8311303,-4.344471,-4.380000,0.035529,0.000002
71,mobley_9741965,-5.561682,-4.290000,1.271682,0.003041
71,mobley_4603202,-3.168293,-4.230000,1.061707,0.002120
71,mobley_628086,-4.168518,-4.160000,0.008518,0.000000
71,mobley_4620651,-3.620559,-4.100000,0.479441,0.000432
71,mobley_7977115,-4.315844,-4.060000,0.255844,0.000123
71,mobley_2789243,-3.282511,-4.010000,0.727490,0.000995
71,mobley_3968739,-4.218996,-3.920000,0.298996,0.000168
71,mobley_63712,-3.378423,-3.880000,0.501577,0.000473
71,mobley_1046331,-3.657676,-3.820000,0.162324,0.000050
71,mobley_1160109,-3.775775,-3.750000,0.025775,0.000001
71,mobley_4149784,-3.161903,-3.670000,0.508097,0.000485
71,mobley_397645,-4.249433,-3.640000,0.609433,0.000698
71,mobley_4690963,-4.475886,-3.540000,0.935886,0.001647
71,mobley_1967551,-3.398816,-3.500000,0.101184,0.000019
71,mobley_6733657,-4.383011,-3.440000,0.943011,0.001672
71,mobley_9565165,-3.749007,-3.350000,0.399007,0.000299
71,mobley_2487143,-3.090459,-3.280000,0.189541,0.000068
71,mobley_8449031,-2.135994,-3.220000,1.084006,0.002210
71,mobley_172879,-3.157943,-3.150000,0.007943,0.000000
71,mobley_5346580,-2.465053,-3.110000,0.644947,0.000782
71,mobley_3573480,-3.044047,-3.040000,0.004047,0.000000
71,mobley_1075836,-2.903714,-2.930000,0.026286,0.000001
71,mobley_6102880,-4.242868,-2.870000,1.372869,0.003544
71,mobley_1827204,-2.643310,-2.810000,0.166690,0.000052
71,mobley_2146331,-1.706173,-2.750000,1.043827,0.002049
71,mobley_7943327,-2.655188,-2.680000,0.024812,0.000001
71,mobley_5110043,-2.804523,-2.630000,0.174523,0.000057
71,mobley_5616693,-3.027910,-2.530000,0.497910,0.000466
71,mobley_6619554,-2.266979,-2.490000,0.223021,0.000094
71,mobley_6359156,-3.958562,-2.460000,1.498562,0.004223
71,mobley_1781152,-2.237839,-2.400000,0.162162,0.000049
71,mobley_859464,-2.538352,-2.360000,0.178352,0.000060
71,mobley_7150646,-1.340581,-2.300000,0.959419,0.001731
71,mobley_1592519,-2.221462,-2.230000,0.008538,0.000000
71,mobley_5538249,-2.147798,-2.160000,0.012202,0.000000
71,mobley_6911232,-1.657398,-2.100000,0.442602,0.000368
71,mobley_3269565,-1.620867,-2.010000,0.389133,0.000285
71,mobley_2484519,-2.677220,-1.930000,0.747220,0.001050
71,mobley_7690440,-3.804009,-1.830000,1.974009,0.007328
71,mobley_3802803,-1.379867,-1.660000,0.280133,0.000148
71,mobley_1144156,-1.388431,-1.590000,0.201569,0.000076
71,mobley_2481002,-1.422144,-1.450000,0.027856,0.000001
71,mobley_2489709,-1.148247,-1.360000,0.211753,0.000084
71,mobley_5052949,-1.087776,-1.280000,0.192224,0.000069
71,mobley_2492140,-1.667360,-1.230000,0.437360,0.000360
71,mobley_7542832,-1.264756,-1.160000,0.104756,0.000021
71,mobley_7814642,-1.699129,-1.120000,0.579129,0.000631
71,mobley_1563176,-0.747916,-0.990000,0.242084,0.000110
71,mobley_1873346,-0.806406,-0.900000,0.093594,0.000016
71,mobley_3040612,-0.655383,-0.850000,0.194617,0.000071
71,mobley_4483973,-2.190535,-0.800000,1.390535,0.003636
71,mobley_9913368,-1.234153,-0.780000,0.454153,0.000388
71,mobley_1449384,-0.550961,-0.680000,0.129039,0.000031
71,mobley_7708038,-0.594537,-0.560000,0.034537,0.000002
71,mobley_8311321,-0.844662,-0.500000,0.344662,0.000223
71,mobley_766666,-0.430170,-0.440000,0.009830,0.000000
71,mobley_5445548,-0.447649,-0.300000,0.147649,0.000041
71,mobley_9029594,-0.976799,-0.220000,0.756799,0.001077
71,mobley_3370989,-2.705021,-0.110000,2.595021,0.012663
71,mobley_627267,-0.168538,-0.030000,0.138538,0.000036
71,mobley_6250025,0.074257,0.080000,0.005743,0.000000
71,mobley_4252724,-0.546112,0.160000,0.706112,0.000938
71,mobley_7157427,0.391160,0.290000,0.101160,0.000019
71,mobley_8885088,-0.359992,0.560000,0.919992,0.001592
71,mobley_8522124,0.673715,0.710000,0.036285,0.000002
71,mobley_4678740,-0.786879,1.070000,1.856879,0.006484
71,mobley_2689721,0.804342,1.230000,0.425658,0.000341
71,mobley_1662128,1.232966,1.380000,0.147034,0.000041
71,mobley_4762983,1.857556,1.660000,0.197556,0.000073
71,mobley_7732703,1.126317,1.790000,0.663683,0.000828
71,mobley_2068538,1.650159,2.000000,0.349841,0.000230
71,mobley_5157661,1.955604,2.300000,0.344396,0.000223
71,mobley_1261349,2.284460,2.510000,0.225540,0.000096
71,mobley_2328633,2.049752,2.550000,0.500247,0.000471
71,mobley_8436428,2.953637,2.830000,0.123637,0.000029
71,mobley_3060426,3.658425,2.930000,0.728425,0.000998
71,mobley_2197088,3.197696,3.160000,0.037696,0.000003
72,mobley_9534740,-23.448992,-25.469999,2.021008,0.007681
72,mobley_6239320,-19.389578,-18.059999,1.329578,0.003324
72,mobley_7794077,-13.290932,-15.460000,2.169068,0.008847
72,mobley_7415647,-12.730481,-11.950000,0.780481,0.001145
72,mobley_1728386,-10.424921,-11.000000,0.575079,0.000622
72,mobley_2269032,-9.709110,-10.210000,0.500890,0.000472
72,mobley_2913224,-7.688877,-9.940000,2.251122,0.009529
72,mobley_2659552,-9.566188,-9.760000,0.193812,0.000071
72,mobley_7176290,-9.030515,-9.620000,0.589485,0.000653
72,mobley_2295058,-9.066606,-9.510000,0.443395,0.000370
72,mobley_6055410,-11.230372,-9.400000,1.830373,0.006300
72,mobley_4639255,-9.645527,-9.300000,0.345527,0.000225
72,mobley_1417007,-5.763668,-9.010000,3.246333,0.019817
72,mobley_6115639,-9.002475,-8.700000,0.302475,0.000172
72,mobley_6353617,-7.810238,-8.260000,0.449762,0.000380
72,mobley_2725215,-7.463688,-7.980000,0.516312,0.000501
72,mobley_7039935,-6.791310,-7.670000,0.878690,0.001452
72,mobley_4059279,-6.012125,-7.580000,1.567874,0.004623
72,mobley_951560,-9.457692,-7.400000,2.057692,0.007962
72,mobley_1922649,-8.346194,-7.190000,1.156194,0.002514
72,mobley_8798016,-7.599047,-7.000000,0.599047,0.000675
72,mobley_1858644,-7.031285,-6.790000,0.241285,0.000109
72,mobley_9114381,-6.226123,-6.720000,0.493876,0.000459
72,mobley_5311804,-5.978428,-6.620000,0.641572,0.000774
72,mobley_6743808,-5.975873,-6.500000,0.524127,0.000517
72,mobley_8789864,-5.993227,-6.400000,0.406773,0.000311
72,mobley_7009711,-5.930014,-6.270000,0.339986,0.000217
72,mobley_8789465,-4.497138,-6.200000,1.702862,0.005453
72,mobley_2923700,-5.928567,-6.130000,0.201433,0.000076
72,mobley_4780078,-5.634830,-6.010000,0.375170,0.000265
72,mobley_5467162,-5.388985,-5.910000,0.521015,0.000510
72,mobley_6257907,-5.820053,-5.820000,0.000052,0.000000
72,mobley_7913234,-5.752599,-5.730000,0.022599,0.000001
72,mobley_5518547,-5.763578,-5.570000,0.193578,0.000070
72,mobley_4883284,-5.885424,-5.490000,0.395424,0.000294
72,mobley_5220185,-4.910529,-5.450000,0.539471,0.000547
72,mobley_3359593,-5.305143,-5.260000,0.045143,0.000004
72,mobley_4683624,-5.881406,-5.210000,0.671406,0.000848
72,mobley_1636752,-4.207711,-5.100000,0.892289,0.001497
72,mobley_2310185,-4.908046,-5.000000,0.091954,0.000016
72,mobley_3682850,-4.254990,-4.910000,0.655010,0.000807
72,mobley_1363784,-4.709383,-4.840000,0.130617,0.000032
72,mobley_2837389,-3.394000,-4.780000,1.386000,0.003612
72,mobley_9507933,-4.584718,-4.720000,0.135282,0.000034
72,mobley_296847,-5.125646,-4.690000,0.435646,0.000357
72,mobley_8208692,-3.242193,-4.610000,1.367807,0.003518
72,mobley_4884177,-4.223567,-4.590000,0.366434,0.000252
72,mobley_6714389,-4.341596,-4.550000,0.208404,0.000082
72,mobley_2245668,-4.481759,-4.500000,0.018241,0.000001
72,mobley_5973402,-4.389403,-4.420000,0.030597,0.000002
72,mobley_3546460,-4.506105,-4.400000,0.106105,0.000021
72,mobley_8311303,-4.374421,-4.380000,0.005579,0.000000
72,mobley_9741965,-5.508294,-4.290000,1.218294,0.002791
72,mobley_4603202,-3.080704,-4.230000,1.149296,0.002484
72,mobley_628086,-4.135268,-4.160000,0.024732,0.000001
72,mobley_4620651,-3.563484,-4.100000,0.536516,0.000541
72,mobley_7977115,-4.369130,-4.060000,0.309130,0.000180
72,mobley_2789243,-3.254380,-4.010000,0.755620,0.001074
72,mobley_3968739,-4.107566,-3.920000,0.187566,0.000066
72,mobley_63712,-3.198430,-3.880000,0.681571,0.000874
72,mobley_1046331,-3.605285,-3.820000,0.214715,0.000087
72,mobley_1160109,-3.631184,-3.750000,0.118816,0.000027
72,mobley_4149784,-3.155377,-3.670000,0.514623,0.000498
72,mobley_397645,-4.142283,-3.640000,0.502283,0.000474
72,mobley_4690963,-4.356443,-3.540000,0.816443,0.001253
72,mobley_1967551,-3.409037,-3.500000,0.090963,0.000016
72,mobley_6733657,-4.309927,-3.440000,0.869927,0.001423
72,mobley_9565165,-3.512820,-3.350000,0.162820,0.000050
72,mobley_2487143,-3.091992,-3.280000,0.188008,0.000066
72,mobley_8449031,-2.020529,-3.220000,1.199471,0.002705
72,mobley_172879,-3.119631,-3.150000,0.030369,0.000002
72,mobley_5346580,-2.326082,-3.110000,0.783918,0.001156
72,mobley_3573480,-3.064435,-3.040000,0.024435,0.000001
72,mobley_1075836,-2.887955,-2.930000,0.042045,0.000003
72,mobley_6102880,-4.144474,-2.870000,1.274474,0.003054
72,mobley_1827204,-2.659957,-2.810000,0.150043,0.000042
72,mobley_2146331,-1.665718,-2.750000,1.084282,0.002211
72,mobley_7943327,-2.644390,-2.680000,0.035610,0.000002
72,mobley_5110043,-2.562974,-2.630000,0.067026,0.000008
72,mobley_5616693,-2.954140,-2.530000,0.424140,0.000338
72,mobley_6619554,-2.272306,-2.490000,0.217694,0.000089
72,mobley_6359156,-3.868066,-2.460000,1.408066,0.003728
72,mobley_1781152,-2.079915,-2.400000,0.320085,0.000193
72,mobley_859464,-2.492977,-2.360000,0.132977,0.000033
72,mobley_7150646,-1.321710,-2.300000,0.978289,0.001800
72,mobley_1592519,-2.255190,-2.230000,0.025190,0.000001
72,mobley_5538249,-2.099914,-2.160000,0.060086,0.000007
72,mobley_6911232,-1.552971,-2.100000,0.547029,0.000563
72,mobley_3269565,-1.523499,-2.010000,0.486501,0.000445
72,mobley_2484519,-2.597316,-1.930000,0.667316,0.000837
72,mobley_7690440,-3.649872,-1.830000,1.819872,0.006228
72,mobley_3802803,-1.408275,-1.660000,0.251725,0.000119
72,mobley_1144156,-1.320450,-1.590000,0.269550,0.000137
72,mobley_2481002,-1.379621,-1.450000,0.070379,0.000009
72,mobley_2489709,-1.121525,-1.360000,0.238475,0.000107
72,mobley_5052949,-1.061023,-1.280000,0.218977,0.000090
72,mobley_2492140,-1.625817,-1.230000,0.395817,0.000295
72,mobley_7542832,-1.205618,-1.160000,0.045618,0.000004
72,mobley_7814642,-1.679545,-1.120000,0.559545,0.000589
72,mobley_1563176,-0.753284,-0.990000,0.236717,0.000105
72,mobley_1873346,-0.688098,-0.900000,0.211902,0.000084
72,mobley_3040612,-0.514437,-0.850000,0.335563,0.000212
72,mobley_4483973,-2.145894,-0.800000,1.345894,0.003406
72,mobley_9913368,-1.224862,-0.780000,0.444862,0.000372
72,mobley_1449384,-0.401726,-0.680000,0.278274,0.000146
72,mobley_7708038,-0.586866,-0.560000,0.026866,0.000001
72,mobley_8311321,-0.767115,-0.500000,0.267115,0.000134
72,mobley_766666,-0.422701,-0.440000,0.017299,0.000001
72,mobley_5445548,-0.340547,-0.300000,0.040547,0.000003
72,mobley_9029594,-0.888300,-0.220000,0.668300,0.000840
72,mobley_3370989,-2.654762,-0.110000,2.544762,0.012177
72,mobley_627267,-0.164826,-0.030000,0.134826,0.000034
72,mobley_6250025,0.034847,0.080000,0.045153,0.000004
72,mobley_4252724,-0.409010,0.160000,0.569010,0.000609
72,mobley_7157427,0.386525,0.290000,0.096525,0.000018
72,mobley_8885088,-0.294359,0.560000,0.854359,0.001373
72,mobley_8522124,0.646980,0.710000,0.063020,0.000007
72,mobley_4678740,-0.776051,1.070000,1.846051,0.006408
72,mobley_2689721,0.814878,1.230000,0.415122,0.000324
72,mobley_1662128,1.251593,1.380000,0.128407,0.000031
72,mobley_4762983,1.866472,1.660000,0.206472,0.000080
72,mobley_7732703,1.164235,1.790000,0.625765,0.000736
72,mobley_2068538,1.625922,2.000000,0.374078,0.000263
72,mobley_5157661,1.961925,2.300000,0.338075,0.000215
72,mobley_1261349,2.389323,2.510000,0.120677,0.000027
72,mobley_2328633,2.054312,2.550000,0.495688,0.000462
72,mobley_8436428,2.969327,2.830000,0.139327,0.000037
72,mobley_3060426,3.765653,2.930000,0.835653,0.001313
72,mobley_2197088,3.145911,3.160000,0.014089,0.000000
73,mobley_9534740,-23.363218,-25.469999,2.106781,0.008346
73,mobley_6239320,-19.409389,-18.059999,1.349390,0.003424
73,mobley_7794077,-13.359977,-15.460000,2.100023,0.008293
73,mobley_7415647,-13.102183,-11.950000,1.152184,0.002496
73,mobley_1728386,-10.525569,-11.000000,0.474431,0.000423
73,mobley_2269032,-9.917447,-10.210000,0.292553,0.000161
73,mobley_2913224,-7.781789,-9.940000,2.158210,0.008759
73,mobley_2659552,-9.896141,-9.760000,0.136141,0.000035
73,mobley_7176290,-9.144285,-9.620000,0.475715,0.000426
73,mobley_2295058,-9.161588,-9.510000,0.348413,0.000228
73,mobley_6055410,-11.325377,-9.400000,1.925378,0.006971
73,mobley_4639255,-9.639158,-9.300000,0.339158,0.000216
73,mobley_1417007,-5.895516,-9.010000,3.114484,0.018240
73,mobley_6115639,-9.372247,-8.700000,0.672247,0.000850
73,mobley_6353617,-7.866852,-8.260000,0.393148,0.000291
73,mobley_2725215,-7.631441,-7.980000,0.348559,0.000228
73,mobley_7039935,-6.910045,-7.670000,0.759955,0.001086
73,mobley_4059279,-6.248584,-7.580000,1.331416,0.003333
73,mobley_951560,-9.536021,-7.400000,2.136021,0.008580
73,mobley_1922649,-8.718797,-7.190000,1.528797,0.004395
73,mobley_8798016,-7.619080,-7.000000,0.619080,0.000721
73,mobley_1858644,-7.161909,-6.790000,0.371909,0.000260
73,mobley_9114381,-6.280076,-6.720000,0.439924,0.000364
73,mobley_5311804,-6.105401,-6.620000,0.514599,0.000498
73,mobley_6743808,-6.103544,-6.500000,0.396456,0.000296
73,mobley_8789864,-6.138550,-6.400000,0.261450,0.000129
73,mobley_7009711,-6.043193,-6.270000,0.226807,0.000097
73,mobley_8789465,-4.548363,-6.200000,1.651637,0.005130
73,mobley_2923700,-5.999087,-6.130000,0.130913,0.000032
73,mobley_4780078,-5.771460,-6.010000,0.238540,0.000107
73,mobley_5467162,-5.536268,-5.910000,0.373732,0.000263
73,mobley_6257907,-5.899855,-5.820000,0.079854,0.000012
73,mobley_7913234,-5.827107,-5.730000,0.097107,0.000018
73,mobley_5518547,-5.909426,-5.570000,0.339426,0.000217
73,mobley_4883284,-6.003292,-5.490000,0.513292,0.000495
73,mobley_5220185,-4.993980,-5.450000,0.456020,0.000391
73,mobley_3359593,-5.487794,-5.260000,0.227794,0.000098
73,mobley_4683624,-5.961343,-5.210000,0.751343,0.001062
73,mobley_1636752,-4.273705,-5.100000,0.826295,0.001284
73,mobley_2310185,-4.903138,-5.000000,0.096862,0.000018
73,mobley_3682850,-4.337176,-4.910000,0.572824,0.000617
73,mobley_1363784,-4.823570,-4.840000,0.016430,0.000001
73,mobley_2837389,-3.393667,-4.780000,1.386333,0.003614
73,mobley_9507933,-4.654534,-4.720000,0.065465,0.000008
73,mobley_296847,-5.159159,-4.690000,0.469159,0.000414
73,mobley_8208692,-3.181307,-4.610000,1.428693,0.003838
73,mobley_4884177,-4.298606,-4.590000,0.291394,0.000160
73,mobley_6714389,-4.441511,-4.550000,0.108489,0.000022
73,mobley_2245668,-4.507920,-4.500000,0.007920,0.000000
73,mobley_5973402,-4.436810,-4.420000,0.016809,0.000001
73,mobley_3546460,-4.557091,-4.400000,0.157091,0.000046
73,mobley_8311303,-4.332265,-4.380000,0.047735,0.000004
73,mobley_9741965,-5.587453,-4.290000,1.297453,0.003166
73,mobley_4603202,-3.121515,-4.230000,1.108485,0.002311
73,mobley_628086,-4.138843,-4.160000,0.021157,0.000001
73,mobley_4620651,-3.650170,-4.100000,0.449830,0.000381
73,mobley_7977115,-4.397004,-4.060000,0.337004,0.000214
73,mobley_2789243,-3.286602,-4.010000,0.723398,0.000984
73,mobley_3968739,-4.236310,-3.920000,0.316310,0.000188
73,mobley_63712,-3.384778,-3.880000,0.495222,0.000461
73,mobley_1046331,-3.669382,-3.820000,0.150618,0.000043
73,mobley_1160109,-3.845743,-3.750000,0.095743,0.000017
73,mobley_4149784,-3.195778,-3.670000,0.474222,0.000423
73,mobley_397645,-4.240903,-3.640000,0.600903,0.000679
73,mobley_4690963,-4.467604,-3.540000,0.927604,0.001618
73,mobley_1967551,-3.385449,-3.500000,0.114551,0.000025
73,mobley_6733657,-4.338795,-3.440000,0.898795,0.001519
73,mobley_9565165,-3.704583,-3.350000,0.354583,0.000236
73,mobley_2487143,-3.113288,-3.280000,0.166712,0.000052
73,mobley_8449031,-2.126468,-3.220000,1.093532,0.002249
73,mobley_172879,-3.239115,-3.150000,0.089115,0.000015
73,mobley_5346580,-2.469488,-3.110000,0.640512,0.000771
73,mobley_3573480,-3.088270,-3.040000,0.048270,0.000004
73,mobley_1075836,-2.924101,-2.930000,0.005899,0.000000
73,mobley_6102880,-4.282495,-2.870000,1.412495,0.003752
73,mobley_1827204,-2.685029,-2.810000,0.124971,0.000029
73,mobley_2146331,-1.692300,-2.750000,1.057700,0.002104
73,mobley_7943327,-2.647606,-2.680000,0.032394,0.000002
73,mobley_5110043,-2.782173,-2.630000,0.152173,0.000044
73,mobley_5616693,-3.102484,-2.530000,0.572484,0.000616
73,mobley_6619554,-2.303865,-2.490000,0.186135,0.000065
73,mobley_6359156,-3.947291,-2.460000,1.487291,0.004160
73,mobley_1781152,-2.236571,-2.400000,0.163429,0.000050
73,mobley_859464,-2.526881,-2.360000,0.166881,0.000052
73,mobley_7150646,-1.319294,-2.300000,0.980706,0.001809
73,mobley_1592519,-2.286649,-2.230000,0.056648,0.000006
73,mobley_5538249,-2.145257,-2.160000,0.014743,0.000000
73,mobley_6911232,-1.652040,-2.100000,0.447960,0.000377
73,mobley_3269565,-1.612592,-2.010000,0.397408,0.000297
73,mobley_2484519,-2.701100,-1.930000,0.771100,0.001118
73,mobley_7690440,-3.732666,-1.830000,1.902665,0.006807
73,mobley_3802803,-1.443099,-1.660000,0.216901,0.000088
73,mobley_1144156,-1.385339,-1.590000,0.204661,0.000079
73,mobley_2481002,-1.373135,-1.450000,0.076865,0.000011
73,mobley_2489709,-1.119418,-1.360000,0.240582,0.000109
73,mobley_5052949,-1.108019,-1.280000,0.171981,0.000056
73,mobley_2492140,-1.636909,-1.230000,0.406909,0.000311
73,mobley_7542832,-1.304917,-1.160000,0.144917,0.000039
73,mobley_7814642,-1.665873,-1.120000,0.545873,0.000560
73,mobley_1563176,-0.767920,-0.990000,0.222080,0.000093
73,mobley_1873346,-0.810980,-0.900000,0.089020,0.000015
73,mobley_3040612,-0.683840,-0.850000,0.166160,0.000052
73,mobley_4483973,-2.202236,-0.800000,1.402236,0.003697
73,mobley_9913368,-1.211789,-0.780000,0.431789,0.000351
73,mobley_1449384,-0.567686,-0.680000,0.112314,0.000024
73,mobley_7708038,-0.582547,-0.560000,0.022547,0.000001
73,mobley_8311321,-0.793489,-0.500000,0.293489,0.000162
73,mobley_766666,-0.410893,-0.440000,0.029107,0.000002
73,mobley_5445548,-0.469646,-0.300000,0.169646,0.000054
73,mobley_9029594,-0.965793,-0.220000,0.745793,0.001046
73,mobley_3370989,-2.678260,-0.110000,2.568260,0.012403
73,mobley_627267,-0.164859,-0.030000,0.134859,0.000034
73,mobley_6250025,0.022519,0.080000,0.057481,0.000006
73,mobley_4252724,-0.566291,0.160000,0.726291,0.000992
73,mobley_7157427,0.348238,0.290000,0.058238,0.000006
73,mobley_8885088,-0.334574,0.560000,0.894574,0.001505
73,mobley_8522124,0.605437,0.710000,0.104563,0.000021
73,mobley_4678740,-0.789800,1.070000,1.859800,0.006504
73,mobley_2689721,0.780446,1.230000,0.449554,0.000380
73,mobley_1662128,1.241507,1.380000,0.138493,0.000036
73,mobley_4762983,1.818414,1.660000,0.158414,0.000047
73,mobley_7732703,1.162610,1.790000,0.627390,0.000740
73,mobley_2068538,1.630829,2.000000,0.369171,0.000256
73,mobley_5157661,1.949825,2.300000,0.350175,0.000231
73,mobley_1261349,2.312253,2.510000,0.197747,0.000074
73,mobley_2328633,1.978082,2.550000,0.571918,0.000615
73,mobley_8436428,2.909544,2.830000,0.079544,0.000012
73,mobley_3060426,3.622979,2.930000,0.692979,0.000903
73,mobley_2197088,3.099980,3.160000,0.060020,0.000007
74,mobley_9534740,-23.365044,-25.469999,2.104956,0.008332
74,mobley_6239320,-19.475754,-18.059999,1.415754,0.003769
74,mobley_7794077,-13.428304,-15.460000,2.031696,0.007762
74,mobley_7415647,-12.919510,-11.950000,0.969510,0.001768
74,mobley_1728386,-10.450171,-11.000000,0.549829,0.000568
74,mobley_2269032,-9.671353,-10.210000,0.538647,0.000546
74,mobley_2913224,-7.676992,-9.940000,2.263008,0.009630
74,mobley_2659552,-9.680271,-9.760000,0.079729,0.000012
74,mobley_7176290,-9.103448,-9.620000,0.516552,0.000502
74,mobley_2295058,-9.076935,-9.510000,0.433065,0.000353
74,mobley_6055410,-11.186584,-9.400000,1.786585,0.006002
74,mobley_4639255,-9.574225,-9.300000,0.274225,0.000141
74,mobley_1417007,-5.813492,-9.010000,3.196508,0.019214
74,mobley_6115639,-9.269838,-8.700000,0.569839,0.000611
74,mobley_6353617,-7.879489,-8.260000,0.380511,0.000272
74,mobley_2725215,-7.520352,-7.980000,0.459648,0.000397
74,mobley_7039935,-6.770632,-7.670000,0.899368,0.001521
74,mobley_4059279,-5.903512,-7.580000,1.676488,0.005285
74,mobley_951560,-9.214475,-7.400000,1.814475,0.006191
74,mobley_1922649,-8.531171,-7.190000,1.341171,0.003382
74,mobley_8798016,-7.613227,-7.000000,0.613227,0.000707
74,mobley_1858644,-6.937468,-6.790000,0.147468,0.000041
74,mobley_9114381,-6.247658,-6.720000,0.472342,0.000420
74,mobley_5311804,-5.936777,-6.620000,0.683223,0.000878
74,mobley_6743808,-5.997331,-6.500000,0.502669,0.000475
74,mobley_8789864,-6.112306,-6.400000,0.287694,0.000156
74,mobley_7009711,-5.980211,-6.270000,0.289789,0.000158
74,mobley_8789465,-4.493748,-6.200000,1.706252,0.005475
74,mobley_2923700,-5.874589,-6.130000,0.255411,0.000123
74,mobley_4780078,-5.726114,-6.010000,0.283886,0.000152
74,mobley_5467162,-5.445922,-5.910000,0.464078,0.000405
74,mobley_6257907,-5.813061,-5.820000,0.006939,0.000000
74,mobley_7913234,-5.666554,-5.730000,0.063446,0.000008
74,mobley_5518547,-5.768020,-5.570000,0.198020,0.000074
74,mobley_4883284,-5.846363,-5.490000,0.356363,0.000239
74,mobley_5220185,-4.944054,-5.450000,0.505946,0.000481
74,mobley_3359593,-5.287587,-5.260000,0.027587,0.000001
74,mobley_4683624,-5.799771,-5.210000,0.589771,0.000654
74,mobley_1636752,-4.189637,-5.100000,0.910363,0.001558
74,mobley_2310185,-4.854798,-5.000000,0.145202,0.000040
74,mobley_3682850,-4.203750,-4.910000,0.706250,0.000938
74,mobley_1363784,-4.824528,-4.840000,0.015472,0.000000
74,mobley_2837389,-3.437454,-4.780000,1.342546,0.003389
74,mobley_9507933,-4.603146,-4.720000,0.116854,0.000026
74,mobley_296847,-5.085862,-4.690000,0.395862,0.000295
74,mobley_8208692,-3.203456,-4.610000,1.406544,0.003720
74,mobley_4884177,-4.182876,-4.590000,0.407124,0.000312
74,mobley_6714389,-4.297249,-4.550000,0.252751,0.000120
74,mobley_2245668,-4.465139,-4.500000,0.034861,0.000002
74,mobley_5973402,-4.326532,-4.420000,0.093468,0.000016
74,mobley_3546460,-4.390129,-4.400000,0.009871,0.000000
74,mobley_8311303,-4.276309,-4.380000,0.103691,0.000020
74,mobley_9741965,-5.659045,-4.290000,1.369045,0.003525
74,mobley_4603202,-3.052563,-4.230000,1.177437,0.002607
74,mobley_628086,-4.208293,-4.160000,0.048293,0.000004
74,mobley_4620651,-3.560591,-4.100000,0.539409,0.000547
74,mobley_7977115,-4.280914,-4.060000,0.220914,0.000092
74,mobley_2789243,-3.269499,-4.010000,0.740501,0.001031
74,mobley_3968739,-4.149035,-3.920000,0.229034,0.000099
74,mobley_63712,-3.142855,-3.880000,0.737145,0.001022
74,mobley_1046331,-3.588085,-3.820000,0.231915,0.000101
74,mobley_1160109,-3.629888,-3.750000,0.120112,0.000027
74,mobley_4149784,-3.135502,-3.670000,0.534498,0.000537
74,mobley_397645,-4.125574,-3.640000,0.485574,0.000443
74,mobley_4690963,-4.253385,-3.540000,0.713385,0.000957
74,mobley_1967551,-3.416534,-3.500000,0.083466,0.000013
74,mobley_6733657,-4.310089,-3.440000,0.870089,0.001424
74,mobley_9565165,-3.482271,-3.350000,0.132271,0.000033
74,mobley_2487143,-3.051308,-3.280000,0.228692,0.000098
74,mobley_8449031,-1.968287,-3.220000,1.251713,0.002946
74,mobley_172879,-3.069589,-3.150000,0.080411,0.000012
74,mobley_5346580,-2.447095,-3.110000,0.662905,0.000826
74,mobley_3573480,-3.008864,-3.040000,0.031136,0.000002
74,mobley_1075836,-2.915022,-2.930000,0.014978,0.000000
74,mobley_6102880,-4.074977,-2.870000,1.204978,0.002730
74,mobley_1827204,-2.587090,-2.810000,0.222910,0.000093
74,mobley_2146331,-1.659012,-2.750000,1.090988,0.002238
74,mobley_7943327,-2.622226,-2.680000,0.057774,0.000006
74,mobley_5110043,-2.655884,-2.630000,0.025884,0.000001
74,mobley_5616693,-2.955351,-2.530000,0.425351,0.000340
74,mobley_6619554,-2.215789,-2.490000,0.274211,0.000141
74,mobley_6359156,-3.853510,-2.460000,1.393510,0.003652
74,mobley_1781152,-2.188371,-2.400000,0.211629,0.000084
74,mobley_859464,-2.512815,-2.360000,0.152815,0.000044
74,mobley_7150646,-1.297304,-2.300000,1.002696,0.001891
74,mobley_1592519,-2.182046,-2.230000,0.047954,0.000004
74,mobley_5538249,-2.139324,-2.160000,0.020676,0.000001
74,mobley_6911232,-1.534702,-2.100000,0.565298,0.000601
74,mobley_3269565,-1.560937,-2.010000,0.449063,0.000379
74,mobley_2484519,-2.586512,-1.930000,0.656512,0.000810
74,mobley_7690440,-3.763951,-1.830000,1.933951,0.007033
74,mobley_3802803,-1.415361,-1.660000,0.244639,0.000113
74,mobley_1144156,-1.257945,-1.590000,0.332055,0.000207
74,mobley_2481002,-1.448089,-1.450000,0.001911,0.000000
74,mobley_2489709,-1.056426,-1.360000,0.303574,0.000173
74,mobley_5052949,-0.991156,-1.280000,0.288844,0.000157
74,mobley_2492140,-1.678403,-1.230000,0.448403,0.000378
74,mobley_7542832,-1.125681,-1.160000,0.034319,0.000002
74,mobley_7814642,-1.670506,-1.120000,0.550506,0.000570
74,mobley_1563176,-0.677279,-0.990000,0.312721,0.000184
74,mobley_1873346,-0.710887,-0.900000,0.189113,0.000067
74,mobley_3040612,-0.533077,-0.850000,0.316923,0.000189
74,mobley_4483973,-2.097956,-0.800000,1.297956,0.003168
74,mobley_9913368,-1.229727,-0.780000,0.449727,0.000380
74,mobley_1449384,-0.489082,-0.680000,0.190918,0.000069
74,mobley_7708038,-0.548557,-0.560000,0.011443,0.000000
74,mobley_8311321,-0.863461,-0.500000,0.363461,0.000248
74,mobley_766666,-0.450996,-0.440000,0.010996,0.000000
74,mobley_5445548,-0.366742,-0.300000,0.066742,0.000008
74,mobley_9029594,-0.928238,-0.220000,0.708238,0.000943
74,mobley_3370989,-2.674793,-0.110000,2.564793,0.012370
74,mobley_627267,-0.145715,-0.030000,0.115715,0.000025
74,mobley_6250025,0.139836,0.080000,0.059836,0.000007
74,mobley_4252724,-0.410109,0.160000,0.570109,0.000611
74,mobley_7157427,0.454420,0.290000,0.164420,0.000051
74,mobley_8885088,-0.249712,0.560000,0.809712,0.001233
74,mobley_8522124,0.726098,0.710000,0.016098,0.000000
74,mobley_4678740,-0.883113,1.070000,1.953113,0.007173
74,mobley_2689721,0.836811,1.230000,0.393189,0.000291
74,mobley_1662128,1.268486,1.380000,0.111513,0.000023
74,mobley_4762983,1.946310,1.660000,0.286310,0.000154
74,mobley_7732703,1.083676,1.790000,0.706324,0.000938
74,mobley_2068538,1.633129,2.000000,0.366871,0.000253
74,mobley_5157661,1.914282,2.300000,0.385718,0.000280
74,mobley_1261349,2.234528,2.510000,0.275472,0.000143
74,mobley_2328633,2.141490,2.550000,0.408510,0.000314
74,mobley_8436428,2.931950,2.830000,0.101950,0.000020
74,mobley_3060426,3.663177,2.930000,0.733177,0.001011
74,mobley_2197088,3.228378,3.160000,0.068377,0.000009
75,mobley_9534740,-23.554928,-25.469999,1.915071,0.006897
75,mobley_6239320,-19.254229,-18.059999,1.194229,0.002682
75,mobley_7794077,-13.298800,-15.460000,2.161200,0.008783
75,mobley_7415647,-13.083912,-11.950000,1.133912,0.002418
75,mobley_1728386,-10.605336,-11.000000,0.394664,0.000293
75,mobley_2269032,-9.950009,-10.210000,0.259991,0.000127
75,mobley_2913224,-7.825311,-9.940000,2.114689,0.008409
75,mobley_2659552,-9.897975,-9.760000,0.137975,0.000036
75,mobley_7176290,-9.187419,-9.620000,0.432581,0.000352
75,mobley_2295058,-9.203075,-9.510000,0.306925,0.000177
75,mobley_6055410,-11.407690,-9.400000,2.007690,0.007580
75,mobley_4639255,-9.686035,-9.300000,0.386035,0.000280
75,mobley_1417007,-5.933984,-9.010000,3.076016,0.017793
75,mobley_6115639,-9.139280,-8.700000,0.439281,0.000363
75,mobley_6353617,-7.998689,-8.260000,0.261311,0.000128
75,mobley_2725215,-7.708404,-7.980000,0.271596,0.000139
75,mobley_7039935,-6.971018,-7.670000,0.698982,0.000919
75,mobley_4059279,-6.304009,-7.580000,1.275991,0.003062
75,mobley_951560,-9.609574,-7.400000,2.209574,0.009181
75,mobley_1922649,-8.606875,-7.190000,1.416875,0.003775
75,mobley_8798016,-7.760960,-7.000000,0.760960,0.001089
75,mobley_1858644,-7.183635,-6.790000,0.393635,0.000291
75,mobley_9114381,-6.316414,-6.720000,0.403586,0.000306
75,mobley_5311804,-6.108785,-6.620000,0.511215,0.000491
75,mobley_6743808,-6.120520,-6.500000,0.379480,0.000271
75,mobley_8789864,-6.192518,-6.400000,0.207482,0.000081
75,mobley_7009711,-6.085433,-6.270000,0.184566,0.000064
75,mobley_8789465,-4.607337,-6.200000,1.592663,0.004770
75,mobley_2923700,-6.036962,-6.130000,0.093038,0.000016
75,mobley_4780078,-5.842790,-6.010000,0.167210,0.000053
75,mobley_5467162,-5.583775,-5.910000,0.326225,0.000200
75,mobley_6257907,-5.855045,-5.820000,0.035045,0.000002
75,mobley_7913234,-5.883449,-5.730000,0.153449,0.000044
75,mobley_5518547,-5.880340,-5.570000,0.310340,0.000181
75,mobley_4883284,-5.953997,-5.490000,0.463997,0.000405
75,mobley_5220185,-5.099368,-5.450000,0.350632,0.000231
75,mobley_3359593,-5.488145,-5.260000,0.228145,0.000098
75,mobley_4683624,-5.986556,-5.210000,0.776556,0.001134
75,mobley_1636752,-4.277877,-5.100000,0.822123,0.001271
75,mobley_2310185,-4.922660,-5.000000,0.077340,0.000011
75,mobley_3682850,-4.404074,-4.910000,0.505926,0.000481
75,mobley_1363784,-4.919586,-4.840000,0.079586,0.000012
75,mobley_2837389,-3.540596,-4.780000,1.239404,0.002889
75,mobley_9507933,-4.718691,-4.720000,0.001308,0.000000
75,mobley_296847,-5.241821,-4.690000,0.551821,0.000573
75,mobley_8208692,-3.279125,-4.610000,1.330875,0.003331
75,mobley_4884177,-4.373601,-4.590000,0.216399,0.000088
75,mobley_6714389,-4.399486,-4.550000,0.150515,0.000043
75,mobley_2245668,-4.568060,-4.500000,0.068060,0.000009
75,mobley_5973402,-4.477128,-4.420000,0.057128,0.000006
75,mobley_3546460,-4.581955,-4.400000,0.181955,0.000062
75,mobley_8311303,-4.407474,-4.380000,0.027474,0.000001
75,mobley_9741965,-5.614029,-4.290000,1.324029,0.003297
75,mobley_4603202,-3.142353,-4.230000,1.087647,0.002225
75,mobley_628086,-4.105404,-4.160000,0.054595,0.000006
75,mobley_4620651,-3.695271,-4.100000,0.404729,0.000308
75,mobley_7977115,-4.424952,-4.060000,0.364952,0.000250
75,mobley_2789243,-3.331306,-4.010000,0.678695,0.000866
75,mobley_3968739,-4.288757,-3.920000,0.368757,0.000256
75,mobley_63712,-3.469185,-3.880000,0.410815,0.000317
75,mobley_1046331,-3.697098,-3.820000,0.122902,0.000028
75,mobley_1160109,-3.887948,-3.750000,0.137948,0.000036
75,mobley_4149784,-3.206398,-3.670000,0.463602,0.000404
75,mobley_397645,-4.313860,-3.640000,0.673860,0.000854
75,mobley_4690963,-4.541807,-3.540000,1.001807,0.001887
75,mobley_1967551,-3.466236,-3.500000,0.033764,0.000002
75,mobley_6733657,-4.388942,-3.440000,0.948942,0.001693
75,mobley_9565165,-3.783035,-3.350000,0.433035,0.000353
75,mobley_2487143,-3.174173,-3.280000,0.105827,0.000021
75,mobley_8449031,-2.197904,-3.220000,1.022096,0.001964
75,mobley_172879,-3.254493,-3.150000,0.104493,0.000021
75,mobley_5346580,-2.501642,-3.110000,0.608358,0.000696
75,mobley_3573480,-3.168921,-3.040000,0.128921,0.000031
75,mobley_1075836,-2.973264,-2.930000,0.043264,0.000004
75,mobley_6102880,-4.291500,-2.870000,1.421500,0.003800
75,mobley_1827204,-2.767000,-2.810000,0.043000,0.000003
75,mobley_2146331,-1.753263,-2.750000,0.996737,0.001868
75,mobley_7943327,-2.715659,-2.680000,0.035659,0.000002
75,mobley_5110043,-2.885779,-2.630000,0.255779,0.000123
75,mobley_5616693,-3.205763,-2.530000,0.675763,0.000859
75,mobley_6619554,-2.384599,-2.490000,0.105401,0.000021
75,mobley_6359156,-3.989839,-2.460000,1.529839,0.004401
75,mobley_1781152,-2.237900,-2.400000,0.162101,0.000049
75,mobley_859464,-2.602423,-2.360000,0.242423,0.000111
75,mobley_7150646,-1.365763,-2.300000,0.934237,0.001641
75,mobley_1592519,-2.370889,-2.230000,0.140889,0.000037
75,mobley_5538249,-2.250915,-2.160000,0.090914,0.000016
75,mobley_6911232,-1.671863,-2.100000,0.428136,0.000345
75,mobley_3269565,-1.652970,-2.010000,0.357030,0.000240
75,mobley_2484519,-2.714432,-1.930000,0.784432,0.001157
75,mobley_7690440,-3.830822,-1.830000,2.000822,0.007528
75,mobley_3802803,-1.462752,-1.660000,0.197248,0.000073
75,mobley_1144156,-1.414918,-1.590000,0.175082,0.000058
75,mobley_2481002,-1.373136,-1.450000,0.076864,0.000011
75,mobley_2489709,-1.132529,-1.360000,0.227471,0.000097
75,mobley_5052949,-1.151059,-1.280000,0.128941,0.000031
75,mobley_2492140,-1.611908,-1.230000,0.381908,0.000274
75,mobley_7542832,-1.350922,-1.160000,0.190922,0.000069
75,mobley_7814642,-1.692944,-1.120000,0.572944,0.000617
75,mobley_1563176,-0.823821,-0.990000,0.166179,0.000052
75,mobley_1873346,-0.848752,-0.900000,0.051248,0.000005
75,mobley_3040612,-0.719101,-0.850000,0.130899,0.000032
75,mobley_4483973,-2.214850,-0.800000,1.414850,0.003764
75,mobley_9913368,-1.221099,-0.780000,0.441099,0.000366
75,mobley_1449384,-0.664372,-0.680000,0.015628,0.000000
75,mobley_7708038,-0.654050,-0.560000,0.094050,0.000017
75,mobley_8311321,-0.786340,-0.500000,0.286340,0.000154
75,mobley_766666,-0.420690,-0.440000,0.019310,0.000001
75,mobley_5445548,-0.533356,-0.300000,0.233356,0.000102
75,mobley_9029594,-0.964075,-0.220000,0.744075,0.001041
75,mobley_3370989,-2.687903,-0.110000,2.577903,0.012497
75,mobley_627267,-0.261707,-0.030000,0.231707,0.000101
75,mobley_6250025,-0.050005,0.080000,0.130005,0.000032
75,mobley_4252724,-0.629056,0.160000,0.789056,0.001171
75,mobley_7157427,0.281621,0.290000,0.008379,0.000000
75,mobley_8885088,-0.388444,0.560000,0.948444,0.001692
75,mobley_8522124,0.529005,0.710000,0.180995,0.000062
75,mobley_4678740,-0.721793,1.070000,1.791794,0.006037
75,mobley_2689721,0.699536,1.230000,0.530464,0.000529
75,mobley_1662128,1.180568,1.380000,0.199432,0.000075
75,mobley_4762983,1.743096,1.660000,0.083096,0.000013
75,mobley_7732703,1.211914,1.790000,0.578086,0.000628
75,mobley_2068538,1.597599,2.000000,0.402401,0.000304
75,mobley_5157661,1.889035,2.300000,0.410965,0.000318
75,mobley_1261349,2.253221,2.510000,0.256779,0.000124
75,mobley_2328633,1.890476,2.550000,0.659524,0.000818
75,mobley_8436428,2.828370,2.830000,0.001630,0.000000
75,mobley_3060426,3.577087,2.930000,0.647087,0.000787
75,mobley_2197088,3.031433,3.160000,0.128567,0.000031
76,mobley_9534740,-23.244892,-25.469999,2.225107,0.009310
76,mobley_6239320,-19.538094,-18.059999,1.478094,0.004108
76,mobley_7794077,-13.525337,-15.460000,1.934663,0.007038
76,mobley_7415647,-13.010127,-11.950000,1.060127,0.002113
76,mobley_1728386,-10.517837,-11.000000,0.482163,0.000437
76,mobley_2269032,-9.853748,-10.210000,0.356252,0.000239
76,mobley_2913224,-7.769849,-9.940000,2.170151,0.008856
76,mobley_2659552,-9.743994,-9.760000,0.016006,0.000000
76,mobley_7176290,-9.164181,-9.620000,0.455819,0.000391
76,mobley_2295058,-9.139523,-9.510000,0.370478,0.000258
76,mobley_6055410,-11.346800,-9.400000,1.946800,0.007127
76,mobley_4639255,-9.556535,-9.300000,0.256535,0.000124
76,mobley_1417007,-5.935286,-9.010000,3.074714,0.017778
76,mobley_6115639,-9.304974,-8.700000,0.604974,0.000688
76,mobley_6353617,-7.881096,-8.260000,0.378904,0.000270
76,mobley_2725215,-7.628575,-7.980000,0.351425,0.000232
76,mobley_7039935,-6.796642,-7.670000,0.873358,0.001434
76,mobley_4059279,-6.143105,-7.580000,1.436895,0.003883
76,mobley_951560,-9.445783,-7.400000,2.045783,0.007870
76,mobley_1922649,-8.659975,-7.190000,1.469975,0.004063
76,mobley_8798016,-7.635368,-7.000000,0.635368,0.000759
76,mobley_1858644,-7.025954,-6.790000,0.235954,0.000105
76,mobley_9114381,-6.277912,-6.720000,0.442088,0.000368
76,mobley_5311804,-6.001847,-6.620000,0.618153,0.000719
76,mobley_6743808,-5.960508,-6.500000,0.539492,0.000547
76,mobley_8789864,-6.228919,-6.400000,0.171081,0.000055
76,mobley_7009711,-5.914582,-6.270000,0.355418,0.000238
76,mobley_8789465,-4.514801,-6.200000,1.685199,0.005340
76,mobley_2923700,-5.891705,-6.130000,0.238295,0.000107
76,mobley_4780078,-5.692938,-6.010000,0.317062,0.000189
76,mobley_5467162,-5.449290,-5.910000,0.460710,0.000399
76,mobley_6257907,-5.870303,-5.820000,0.050303,0.000005
76,mobley_7913234,-5.700301,-5.730000,0.029699,0.000002
76,mobley_5518547,-5.791892,-5.570000,0.221891,0.000093
76,mobley_4883284,-5.907877,-5.490000,0.417878,0.000328
76,mobley_5220185,-4.996758,-5.450000,0.453242,0.000386
76,mobley_3359593,-5.306919,-5.260000,0.046918,0.000004
76,mobley_4683624,-5.827765,-5.210000,0.617765,0.000718
76,mobley_1636752,-4.241396,-5.100000,0.858603,0.001386
76,mobley_2310185,-4.856844,-5.000000,0.143156,0.000039
76,mobley_3682850,-4.288678,-4.910000,0.621322,0.000726
76,mobley_1363784,-4.814592,-4.840000,0.025408,0.000001
76,mobley_2837389,-3.444144,-4.780000,1.335856,0.003356
76,mobley_9507933,-4.550341,-4.720000,0.169659,0.000054
76,mobley_296847,-5.109608,-4.690000,0.419608,0.000331
76,mobley_8208692,-3.284814,-4.610000,1.325186,0.003302
76,mobley_4884177,-4.204718,-4.590000,0.385282,0.000279
76,mobley_6714389,-4.388613,-4.550000,0.161387,0.000049
76,mobley_2245668,-4.467460,-4.500000,0.032540,0.000002
76,mobley_5973402,-4.348227,-4.420000,0.071774,0.000010
76,mobley_3546460,-4.435974,-4.400000,0.035974,0.000002
76,mobley_8311303,-4.377860,-4.380000,0.002141,0.000000
76,mobley_9741965,-5.798283,-4.290000,1.508283,0.004278
76,mobley_4603202,-3.107708,-4.230000,1.122292,0.002369
76,mobley_628086,-4.230088,-4.160000,0.070088,0.000009
76,mobley_4620651,-3.637289,-4.100000,0.462711,0.000403
76,mobley_7977115,-4.277137,-4.060000,0.217137,0.000089
76,mobley_2789243,-3.312509,-4.010000,0.697492,0.000915
76,mobley_3968739,-4.219798,-3.920000,0.299798,0.000169
76,mobley_63712,-3.318787,-3.880000,0.561213,0.000592
76,mobley_1046331,-3.628805,-3.820000,0.191195,0.000069
76,mobley_1160109,-3.746760,-3.750000,0.003240,0.000000
76,mobley_4149784,-3.194960,-3.670000,0.475040,0.000424
76,mobley_397645,-4.202165,-3.640000,0.562165,0.000594
76,mobley_4690963,-4.416399,-3.540000,0.876399,0.001444
76,mobley_1967551,-3.400496,-3.500000,0.099504,0.000019
76,mobley_6733657,-4.474027,-3.440000,1.034027,0.002011
76,mobley_9565165,-3.529468,-3.350000,0.179468,0.000061
76,mobley_2487143,-3.046438,-3.280000,0.233562,0.000103
76,mobley_8449031,-2.075297,-3.220000,1.144703,0.002464
76,mobley_172879,-3.154017,-3.150000,0.004017,0.000000
76,mobley_5346580,-2.452336,-3.110000,0.657664,0.000813
76,mobley_3573480,-3.009246,-3.040000,0.030754,0.000002
76,mobley_1075836,-2.924961,-2.930000,0.005039,0.000000
76,mobley_6102880,-4.145006,-2.870000,1.275006,0.003057
76,mobley_1827204,-2.631678,-2.810000,0.178322,0.000060
76,mobley_2146331,-1.703779,-2.750000,1.046221,0.002058
76,mobley_7943327,-2.628731,-2.680000,0.051270,0.000005
76,mobley_5110043,-2.630495,-2.630000,0.000494,0.000000
76,mobley_5616693,-3.041429,-2.530000,0.511429,0.000492
76,mobley_6619554,-2.250757,-2.490000,0.239243,0.000108
76,mobley_6359156,-3.914235,-2.460000,1.454235,0.003977
76,mobley_1781152,-2.216295,-2.400000,0.183706,0.000063
76,mobley_859464,-2.515097,-2.360000,0.155097,0.000045
76,mobley_7150646,-1.299217,-2.300000,1.000783,0.001883
76,mobley_1592519,-2.209305,-2.230000,0.020695,0.000001
76,mobley_5538249,-2.231475,-2.160000,0.071475,0.000010
76,mobley_6911232,-1.613813,-2.100000,0.486187,0.000444
76,mobley_3269565,-1.603931,-2.010000,0.406069,0.000310
76,mobley_2484519,-2.658625,-1.930000,0.728625,0.000998
76,mobley_7690440,-3.901211,-1.830000,2.071211,0.008067
76,mobley_3802803,-1.502821,-1.660000,0.157179,0.000046
76,mobley_1144156,-1.331116,-1.590000,0.258884,0.000126
76,mobley_2481002,-1.511778,-1.450000,0.061778,0.000007
76,mobley_2489709,-1.104398,-1.360000,0.255602,0.000123
76,mobley_5052949,-1.058707,-1.280000,0.221293,0.000092
76,mobley_2492140,-1.692105,-1.230000,0.462105,0.000402
76,mobley_7542832,-1.228429,-1.160000,0.068429,0.000009
76,mobley_7814642,-1.698159,-1.120000,0.578159,0.000629
76,mobley_1563176,-0.723951,-0.990000,0.266049,0.000133
76,mobley_1873346,-0.706388,-0.900000,0.193612,0.000070
76,mobley_3040612,-0.546049,-0.850000,0.303951,0.000174
76,mobley_4483973,-2.145829,-0.800000,1.345829,0.003406
76,mobley_9913368,-1.239909,-0.780000,0.459909,0.000398
76,mobley_1449384,-0.470568,-0.680000,0.209432,0.000082
76,mobley_7708038,-0.576502,-0.560000,0.016502,0.000001
76,mobley_8311321,-0.850293,-0.500000,0.350293,0.000231
76,mobley_766666,-0.464604,-0.440000,0.024604,0.000001
76,mobley_5445548,-0.377291,-0.300000,0.077291,0.000011
76,mobley_9029594,-0.939938,-0.220000,0.719938,0.000975
76,mobley_3370989,-2.702821,-0.110000,2.592821,0.012642
76,mobley_627267,-0.170495,-0.030000,0.140495,0.000037
76,mobley_6250025,0.107328,0.080000,0.027328,0.000001
76,mobley_4252724,-0.457411,0.160000,0.617411,0.000717
76,mobley_7157427,0.417439,0.290000,0.127439,0.000031
76,mobley_8885088,-0.239810,0.560000,0.799810,0.001203
76,mobley_8522124,0.727870,0.710000,0.017870,0.000001
76,mobley_4678740,-0.939099,1.070000,2.009099,0.007590
76,mobley_2689721,0.852447,1.230000,0.377553,0.000268
76,mobley_1662128,1.295261,1.380000,0.084739,0.000014
76,mobley_4762983,1.914308,1.660000,0.254308,0.000122
76,mobley_7732703,1.077793,1.790000,0.712206,0.000954
76,mobley_2068538,1.676272,2.000000,0.323728,0.000197
76,mobley_5157661,1.977517,2.300000,0.322483,0.000196
76,mobley_1261349,2.315003,2.510000,0.194997,0.000072
76,mobley_2328633,2.122223,2.550000,0.427777,0.000344
76,mobley_8436428,2.969356,2.830000,0.139356,0.000037
76,mobley_3060426,3.702478,2.930000,0.772478,0.001122
76,mobley_2197088,3.245944,3.160000,0.085944,0.000014
77,mobley_9534740,-23.372883,-25.469999,2.097116,0.008270
77,mobley_6239320,-19.362804,-18.059999,1.302805,0.003192
77,mobley_7794077,-13.357508,-15.460000,2.102492,0.008312
77,mobley_7415647,-13.091094,-11.950000,1.141094,0.002449
77,mobley_1728386,-10.644397,-11.000000,0.355603,0.000238
77,mobley_2269032,-9.864893,-10.210000,0.345107,0.000224
77,mobley_2913224,-7.782261,-9.940000,2.157739,0.008755
77,mobley_2659552,-10.014281,-9.760000,0.254281,0.000122
77,mobley_7176290,-9.109631,-9.620000,0.510369,0.000490
77,mobley_2295058,-9.197426,-9.510000,0.312574,0.000184
77,mobley_6055410,-11.391961,-9.400000,1.991961,0.007461
77,mobley_4639255,-9.608249,-9.300000,0.308249,0.000179
77,mobley_1417007,-5.930396,-9.010000,3.079604,0.017834
77,mobley_6115639,-9.313320,-8.700000,0.613320,0.000707
77,mobley_6353617,-8.094570,-8.260000,0.165430,0.000051
77,mobley_2725215,-7.682334,-7.980000,0.297666,0.000167
77,mobley_7039935,-7.015744,-7.670000,0.654256,0.000805
77,mobley_4059279,-6.112854,-7.580000,1.467146,0.004048
77,mobley_951560,-9.429893,-7.400000,2.029892,0.007748
77,mobley_1922649,-8.709001,-7.190000,1.519001,0.004339
77,mobley_8798016,-7.938238,-7.000000,0.938238,0.001655
77,mobley_1858644,-7.198899,-6.790000,0.408899,0.000314
77,mobley_9114381,-6.261397,-6.720000,0.458602,0.000395
77,mobley_5311804,-6.195071,-6.620000,0.424929,0.000340
77,mobley_6743808,-6.116785,-6.500000,0.383215,0.000276
77,mobley_8789864,-6.193075,-6.400000,0.206925,0.000081
77,mobley_7009711,-6.077363,-6.270000,0.192637,0.000070
77,mobley_8789465,-4.703238,-6.200000,1.496761,0.004213
77,mobley_2923700,-6.017736,-6.130000,0.112264,0.000024
77,mobley_4780078,-5.863581,-6.010000,0.146419,0.000040
77,mobley_5467162,-5.598695,-5.910000,0.311305,0.000182
77,mobley_6257907,-5.870168,-5.820000,0.050168,0.000005
77,mobley_7913234,-5.699083,-5.730000,0.030917,0.000002
77,mobley_5518547,-5.891150,-5.570000,0.321149,0.000194
77,mobley_4883284,-6.002408,-5.490000,0.512408,0.000494
77,mobley_5220185,-5.192054,-5.450000,0.257946,0.000125
77,mobley_3359593,-5.356109,-5.260000,0.096109,0.000017
77,mobley_4683624,-5.930653,-5.210000,0.720653,0.000977
77,mobley_1636752,-4.252699,-5.100000,0.847301,0.001350
77,mobley_2310185,-4.848281,-5.000000,0.151719,0.000043
77,mobley_3682850,-4.374181,-4.910000,0.535819,0.000540
77,mobley_1363784,-5.103089,-4.840000,0.263089,0.000130
77,mobley_2837389,-3.735826,-4.780000,1.044175,0.002050
77,mobley_9507933,-4.818907,-4.720000,0.098907,0.000018
77,mobley_296847,-5.439069,-4.690000,0.749069,0.001055
77,mobley_8208692,-3.137444,-4.610000,1.472556,0.004078
77,mobley_4884177,-4.505505,-4.590000,0.084496,0.000013
77,mobley_6714389,-4.375759,-4.550000,0.174242,0.000057
77,mobley_2245668,-4.521728,-4.500000,0.021728,0.000001
77,mobley_5973402,-4.360013,-4.420000,0.059988,0.000007
77,mobley_3546460,-4.429494,-4.400000,0.029494,0.000002
77,mobley_8311303,-4.228348,-4.380000,0.151652,0.000043
77,mobley_9741965,-5.623415,-4.290000,1.333415,0.003343
77,mobley_4603202,-3.108682,-4.230000,1.121318,0.002364
77,mobley_628086,-4.194873,-4.160000,0.034873,0.000002
77,mobley_4620651,-3.588082,-4.100000,0.511918,0.000493
77,mobley_7977115,-4.241282,-4.060000,0.181282,0.000062
77,mobley_2789243,-3.399287,-4.010000,0.610714,0.000701
77,mobley_3968739,-4.384014,-3.920000,0.464014,0.000405
77,mobley_63712,-3.354859,-3.880000,0.525141,0.000519
77,mobley_1046331,-3.792508,-3.820000,0.027492,0.000001
77,mobley_1160109,-3.846573,-3.750000,0.096573,0.000018
77,mobley_4149784,-3.163050,-3.670000,0.506950,0.000483
77,mobley_397645,-4.326427,-3.640000,0.686427,0.000886
77,mobley_4690963,-4.364398,-3.540000,0.824398,0.001278
77,mobley_1967551,-3.434519,-3.500000,0.065481,0.000008
77,mobley_6733657,-4.425978,-3.440000,0.985978,0.001828
77,mobley_9565165,-3.863029,-3.350000,0.513030,0.000495
77,mobley_2487143,-3.091910,-3.280000,0.188090,0.000067
77,mobley_8449031,-2.023029,-3.220000,1.196971,0.002694
77,mobley_172879,-3.329540,-3.150000,0.179540,0.000061
77,mobley_5346580,-2.558306,-3.110000,0.551693,0.000572
77,mobley_3573480,-3.060369,-3.040000,0.020370,0.000001
77,mobley_1075836,-2.914283,-2.930000,0.015717,0.000000
77,mobley_6102880,-4.376515,-2.870000,1.506516,0.004268
77,mobley_1827204,-2.682803,-2.810000,0.127197,0.000030
77,mobley_2146331,-1.841315,-2.750000,0.908685,0.001553
77,mobley_7943327,-2.581087,-2.680000,0.098913,0.000018
77,mobley_5110043,-2.921306,-2.630000,0.291306,0.000160
77,mobley_5616693,-3.151268,-2.530000,0.621268,0.000726
77,mobley_6619554,-2.209906,-2.490000,0.280094,0.000148
77,mobley_6359156,-3.992341,-2.460000,1.532341,0.004415
77,mobley_1781152,-2.281700,-2.400000,0.118300,0.000026
77,mobley_859464,-2.467395,-2.360000,0.107395,0.000022
77,mobley_7150646,-1.491995,-2.300000,0.808005,0.001228
77,mobley_1592519,-2.163930,-2.230000,0.066070,0.000008
77,mobley_5538249,-2.308114,-2.160000,0.148113,0.000041
77,mobley_6911232,-1.597855,-2.100000,0.502145,0.000474
77,mobley_3269565,-1.585561,-2.010000,0.424439,0.000339
77,mobley_2484519,-2.876970,-1.930000,0.946970,0.001686
77,mobley_7690440,-3.875878,-1.830000,2.045878,0.007871
77,mobley_3802803,-1.446342,-1.660000,0.213658,0.000086
77,mobley_1144156,-1.296474,-1.590000,0.293526,0.000162
77,mobley_2481002,-1.381537,-1.450000,0.068463,0.000009
77,mobley_2489709,-1.111617,-1.360000,0.248383,0.000116
77,mobley_5052949,-1.071289,-1.280000,0.208711,0.000082
77,mobley_2492140,-1.637642,-1.230000,0.407642,0.000312
77,mobley_7542832,-1.217523,-1.160000,0.057523,0.000006
77,mobley_7814642,-1.586002,-1.120000,0.466002,0.000408
77,mobley_1563176,-0.772217,-0.990000,0.217783,0.000089
77,mobley_1873346,-0.965539,-0.900000,0.065539,0.000008
77,mobley_3040612,-0.772711,-0.850000,0.077289,0.000011
77,mobley_4483973,-2.294287,-0.800000,1.494287,0.004199
77,mobley_9913368,-1.232404,-0.780000,0.452404,0.000385
77,mobley_1449384,-0.719981,-0.680000,0.039981,0.000003
77,mobley_7708038,-0.663560,-0.560000,0.103560,0.000020
77,mobley_8311321,-0.758121,-0.500000,0.258121,0.000125
77,mobley_766666,-0.408359,-0.440000,0.031641,0.000002
77,mobley_5445548,-0.612050,-0.300000,0.312050,0.000183
77,mobley_9029594,-0.952259,-0.220000,0.732259,0.001008
77,mobley_3370989,-2.661926,-0.110000,2.551926,0.012246
77,mobley_627267,-0.261362,-0.030000,0.231362,0.000101
77,mobley_6250025,0.050560,0.080000,0.029440,0.000002
77,mobley_4252724,-0.702235,0.160000,0.862235,0.001398
77,mobley_7157427,0.392925,0.290000,0.102925,0.000020
77,mobley_8885088,-0.416148,0.560000,0.976148,0.001792
77,mobley_8522124,0.588582,0.710000,0.121418,0.000028
77,mobley_4678740,-0.961525,1.070000,2.031525,0.007761
77,mobley_2689721,0.670096,1.230000,0.559904,0.000590
77,mobley_1662128,1.198895,1.380000,0.181105,0.000062
77,mobley_4762983,1.821057,1.660000,0.161057,0.000049
77,mobley_7732703,1.140990,1.790000,0.649010,0.000792
77,mobley_2068538,1.612904,2.000000,0.387096,0.000282
77,mobley_5157661,1.892784,2.300000,0.407215,0.000312
77,mobley_1261349,2.123760,2.510000,0.386240,0.000281
77,mobley_2328633,1.964408,2.550000,0.585592,0.000645
77,mobley_8436428,2.877276,2.830000,0.047276,0.000004
77,mobley_3060426,3.553766,2.930000,0.623765,0.000732
77,mobley_2197088,3.129678,3.160000,0.030323,0.000002
78,mobley_9534740,-23.176682,-25.469999,2.293318,0.009890
78,mobley_6239320,-19.610104,-18.059999,1.550104,0.004518
78,mobley_7794077,-13.483809,-15.460000,1.976192,0.007344
78,mobley_7415647,-13.149739,-11.950000,1.199739,0.002707
78,mobley_1728386,-10.534615,-11.000000,0.465385,0.000407
78,mobley_2269032,-9.871783,-10.210000,0.338217,0.000215
78,mobley_2913224,-7.826912,-9.940000,2.113088,0.008396
78,mobley_2659552,-10.074804,-9.760000,0.314804,0.000186
78,mobley_7176290,-9.058445,-9.620000,0.561555,0.000593
78,mobley_2295058,-9.197553,-9.510000,0.312448,0.000184
78,mobley_6055410,-11.360760,-9.400000,1.960760,0.007230
78,mobley_4639255,-9.587661,-9.300000,0.287661,0.000156
78,mobley_1417007,-5.745027,-9.010000,3.264973,0.020046
78,mobley_6115639,-9.038224,-8.700000,0.338224,0.000215
78,mobley_6353617,-7.882852,-8.260000,0.377148,0.000267
78,mobley_2725215,-7.331491,-7.980000,0.648509,0.000791
78,mobley_7039935,-6.955757,-7.670000,0.714243,0.000959
78,mobley_4059279,-6.151330,-7.580000,1.428670,0.003838
78,mobley_951560,-9.464354,-7.400000,2.064353,0.008014
78,mobley_1922649,-8.432628,-7.190000,1.242628,0.002904
78,mobley_8798016,-7.658571,-7.000000,0.658571,0.000816
78,mobley_1858644,-7.153226,-6.790000,0.363226,0.000248
78,mobley_9114381,-6.205545,-6.720000,0.514454,0.000498
78,mobley_5311804,-6.146541,-6.620000,0.473459,0.000422
78,mobley_6743808,-6.049200,-6.500000,0.450800,0.000382
78,mobley_8789864,-6.091218,-6.400000,0.308783,0.000179
78,mobley_7009711,-6.001851,-6.270000,0.268149,0.000135
78,mobley_8789465,-4.609771,-6.200000,1.590229,0.004755
78,mobley_2923700,-6.006251,-6.130000,0.123749,0.000029
78,mobley_4780078,-5.820195,-6.010000,0.189805,0.000068
78,mobley_5467162,-5.516071,-5.910000,0.393929,0.000292
78,mobley_6257907,-5.848868,-5.820000,0.028868,0.000002
78,mobley_7913234,-5.781136,-5.730000,0.051136,0.000005
78,mobley_5518547,-5.873502,-5.570000,0.303502,0.000173
78,mobley_4883284,-5.981597,-5.490000,0.491597,0.000454
78,mobley_5220185,-5.030326,-5.450000,0.419673,0.000331
78,mobley_3359593,-5.356390,-5.260000,0.096390,0.000017
78,mobley_4683624,-5.933324,-5.210000,0.723324,0.000984
78,mobley_1636752,-4.214886,-5.100000,0.885114,0.001473
78,mobley_2310185,-4.879370,-5.000000,0.120630,0.000027
78,mobley_3682850,-4.377931,-4.910000,0.532069,0.000532
78,mobley_1363784,-4.804592,-4.840000,0.035408,0.000002
78,mobley_2837389,-3.452837,-4.780000,1.327163,0.003312
78,mobley_9507933,-4.617903,-4.720000,0.102097,0.000020
78,mobley_296847,-5.154089,-4.690000,0.464089,0.000405
78,mobley_8208692,-3.090275,-4.610000,1.519726,0.004343
78,mobley_4884177,-4.275771,-4.590000,0.314229,0.000186
78,mobley_6714389,-4.351078,-4.550000,0.198923,0.000074
78,mobley_2245668,-4.464061,-4.500000,0.035939,0.000002
78,mobley_5973402,-4.346126,-4.420000,0.073874,0.000010
78,mobley_3546460,-4.467522,-4.400000,0.067522,0.000009
78,mobley_8311303,-4.131742,-4.380000,0.248258,0.000116
78,mobley_9741965,-5.599801,-4.290000,1.309801,0.003226
78,mobley_4603202,-3.109801,-4.230000,1.120199,0.002360
78,mobley_628086,-4.157350,-4.160000,0.002650,0.000000
78,mobley_4620651,-3.616941,-4.100000,0.483059,0.000439
78,mobley_7977115,-4.375285,-4.060000,0.315285,0.000187
78,mobley_2789243,-3.262842,-4.010000,0.747158,0.001050
78,mobley_3968739,-4.314578,-3.920000,0.394578,0.000293
78,mobley_63712,-3.359792,-3.880000,0.520208,0.000509
78,mobley_1046331,-3.705223,-3.820000,0.114777,0.000025
78,mobley_1160109,-3.843728,-3.750000,0.093728,0.000017
78,mobley_4149784,-3.193126,-3.670000,0.476874,0.000428
78,mobley_397645,-4.303383,-3.640000,0.663383,0.000828
78,mobley_4690963,-4.478807,-3.540000,0.938807,0.001657
78,mobley_1967551,-3.411684,-3.500000,0.088316,0.000015
78,mobley_6733657,-4.038828,-3.440000,0.598828,0.000674
78,mobley_9565165,-3.712804,-3.350000,0.362804,0.000248
78,mobley_2487143,-3.085989,-3.280000,0.194011,0.000071
78,mobley_8449031,-2.088809,-3.220000,1.131191,0.002406
78,mobley_172879,-3.350713,-3.150000,0.200712,0.000076
78,mobley_5346580,-2.457160,-3.110000,0.652840,0.000801
78,mobley_3573480,-3.043831,-3.040000,0.003831,0.000000
78,mobley_1075836,-2.916092,-2.930000,0.013908,0.000000
78,mobley_6102880,-4.363930,-2.870000,1.493930,0.004197
78,mobley_1827204,-2.669540,-2.810000,0.140460,0.000037
78,mobley_2146331,-1.727269,-2.750000,1.022731,0.001967
78,mobley_7943327,-2.634811,-2.680000,0.045189,0.000004
78,mobley_5110043,-2.788061,-2.630000,0.158061,0.000047
78,mobley_5616693,-3.065079,-2.530000,0.535079,0.000538
78,mobley_6619554,-2.234021,-2.490000,0.255979,0.000123
78,mobley_6359156,-3.897974,-2.460000,1.437973,0.003888
78,mobley_1781152,-2.173620,-2.400000,0.226381,0.000096
78,mobley_859464,-2.457483,-2.360000,0.097483,0.000018
78,mobley_7150646,-1.348884,-2.300000,0.951116,0.001701
78,mobley_1592519,-2.222471,-2.230000,0.007529,0.000000
78,mobley_5538249,-2.053969,-2.160000,0.106031,0.000021
78,mobley_6911232,-1.638253,-2.100000,0.461747,0.000401
78,mobley_3269565,-1.562518,-2.010000,0.447482,0.000377
78,mobley_2484519,-2.748428,-1.930000,0.818428,0.001260
78,mobley_7690440,-3.843515,-1.830000,2.013515,0.007624
78,mobley_3802803,-1.393286,-1.660000,0.266714,0.000134
78,mobley_1144156,-1.388886,-1.590000,0.201114,0.000076
78,mobley_2481002,-1.467485,-1.450000,0.017485,0.000001
78,mobley_2489709,-1.033802,-1.360000,0.326198,0.000200
78,mobley_5052949,-1.101728,-1.280000,0.178272,0.000060
78,mobley_2492140,-1.536783,-1.230000,0.306783,0.000177
78,mobley_7542832,-1.309841,-1.160000,0.149841,0.000042
78,mobley_7814642,-1.574622,-1.120000,0.454622,0.000389
78,mobley_1563176,-0.727733,-0.990000,0.262267,0.000129
78,mobley_1873346,-0.877254,-0.900000,0.022746,0.000001
78,mobley_3040612,-0.713966,-0.850000,0.136034,0.000035
78,mobley_4483973,-2.250508,-0.800000,1.450508,0.003956
78,mobley_9913368,-1.213074,-0.780000,0.433074,0.000353
78,mobley_1449384,-0.619778,-0.680000,0.060222,0.000007
78,mobley_7708038,-0.626505,-0.560000,0.066505,0.000008
78,mobley_8311321,-0.808852,-0.500000,0.308852,0.000179
78,mobley_766666,-0.423616,-0.440000,0.016384,0.000001
78,mobley_5445548,-0.510845,-0.300000,0.210845,0.000084
78,mobley_9029594,-0.917903,-0.220000,0.697903,0.000916
78,mobley_3370989,-2.663997,-0.110000,2.553997,0.012266
78,mobley_627267,-0.195746,-0.030000,0.165746,0.000052
78,mobley_6250025,0.038985,0.080000,0.041015,0.000003
78,mobley_4252724,-0.590686,0.160000,0.750686,0.001060
78,mobley_7157427,0.412881,0.290000,0.122881,0.000028
78,mobley_8885088,-0.369542,0.560000,0.929542,0.001625
78,mobley_8522124,0.634488,0.710000,0.075512,0.000011
78,mobley_4678740,-0.853524,1.070000,1.923524,0.006958
78,mobley_2689721,0.806556,1.230000,0.423444,0.000337
78,mobley_1662128,1.234539,1.380000,0.145461,0.000040
78,mobley_4762983,1.844999,1.660000,0.184999,0.000064
78,mobley_7732703,1.119122,1.790000,0.670878,0.000846
78,mobley_2068538,1.645100,2.000000,0.354900,0.000237
78,mobley_5157661,1.943646,2.300000,0.356354,0.000239
78,mobley_1261349,2.294069,2.510000,0.215931,0.000088
78,mobley_2328633,2.036782,2.550000,0.513218,0.000495
78,mobley_8436428,2.973058,2.830000,0.143058,0.000038
78,mobley_3060426,3.685058,2.930000,0.755058,0.001072
78,mobley_2197088,3.192472,3.160000,0.032471,0.000002
79,mobley_9534740,-23.829214,-25.469999,1.640785,0.005063
79,mobley_6239320,-19.783401,-18.059999,1.723402,0.005585
79,mobley_7794077,-13.767148,-15.460000,1.692852,0.005389
79,mobley_7415647,-13.486206,-11.950000,1.536206,0.004438
79,mobley_1728386,-10.738800,-11.000000,0.261200,0.000128
79,mobley_2269032,-10.036538,-10.210000,0.173462,0.000057
79,mobley_2913224,-7.900053,-9.940000,2.039947,0.007825
79,mobley_2659552,-10.098146,-9.760000,0.338146,0.000215
79,mobley_7176290,-9.308835,-9.620000,0.311165,0.000182
79,mobley_2295058,-9.229602,-9.510000,0.280398,0.000148
79,mobley_6055410,-11.460667,-9.400000,2.060667,0.007985
79,mobley_4639255,-9.762923,-9.300000,0.462923,0.000403
79,mobley_1417007,-6.163478,-9.010000,2.846522,0.015237
79,mobley_6115639,-9.794219,-8.700000,1.094219,0.002251
79,mobley_6353617,-7.854125,-8.260000,0.405876,0.000310
79,mobley_2725215,-8.110787,-7.980000,0.130787,0.000032
79,mobley_7039935,-6.785466,-7.670000,0.884534,0.001471
79,mobley_4059279,-6.329237,-7.580000,1.250762,0.002942
79,mobley_951560,-9.941159,-7.400000,2.541159,0.012143
79,mobley_1922649,-9.139368,-7.190000,1.949368,0.007146
79,mobley_8798016,-7.588899,-7.000000,0.588899,0.000652
79,mobley_1858644,-7.085351,-6.790000,0.295352,0.000164
79,mobley_9114381,-6.368321,-6.720000,0.351679,0.000233
79,mobley_5311804,-6.088336,-6.620000,0.531663,0.000532
79,mobley_6743808,-5.999561,-6.500000,0.500439,0.000471
79,mobley_8789864,-6.355664,-6.400000,0.044336,0.000004
79,mobley_7009711,-5.936700,-6.270000,0.333300,0.000209
79,mobley_8789465,-4.546343,-6.200000,1.653656,0.005142
79,mobley_2923700,-5.919553,-6.130000,0.210447,0.000083
79,mobley_4780078,-5.782122,-6.010000,0.227878,0.000098
79,mobley_5467162,-5.531685,-5.910000,0.378315,0.000269
79,mobley_6257907,-5.946736,-5.820000,0.126736,0.000030
79,mobley_7913234,-5.952537,-5.730000,0.222537,0.000093
79,mobley_5518547,-5.842257,-5.570000,0.272257,0.000139
79,mobley_4883284,-5.896539,-5.490000,0.406539,0.000311
79,mobley_5220185,-5.098578,-5.450000,0.351422,0.000232
79,mobley_3359593,-5.479516,-5.260000,0.219515,0.000091
79,mobley_4683624,-5.857222,-5.210000,0.647222,0.000788
79,mobley_1636752,-4.310373,-5.100000,0.789627,0.001172
79,mobley_2310185,-4.924294,-5.000000,0.075706,0.000011
79,mobley_3682850,-4.300415,-4.910000,0.609585,0.000699
79,mobley_1363784,-4.873020,-4.840000,0.033020,0.000002
79,mobley_2837389,-3.608384,-4.780000,1.171616,0.002581
79,mobley_9507933,-4.602672,-4.720000,0.117328,0.000026
79,mobley_296847,-5.079226,-4.690000,0.389225,0.000285
79,mobley_8208692,-3.449076,-4.610000,1.160924,0.002534
79,mobley_4884177,-4.263979,-4.590000,0.326021,0.000200
79,mobley_6714389,-4.466826,-4.550000,0.083174,0.000013
79,mobley_2245668,-4.534251,-4.500000,0.034251,0.000002
79,mobley_5973402,-4.462663,-4.420000,0.042663,0.000003
79,mobley_3546460,-4.609436,-4.400000,0.209435,0.000082
79,mobley_8311303,-4.513035,-4.380000,0.133035,0.000033
79,mobley_9741965,-5.910116,-4.290000,1.620116,0.004936
79,mobley_4603202,-3.176686,-4.230000,1.053314,0.002086
79,mobley_628086,-4.412288,-4.160000,0.252288,0.000120
79,mobley_4620651,-3.779139,-4.100000,0.320861,0.000194
79,mobley_7977115,-4.471206,-4.060000,0.411206,0.000318
79,mobley_2789243,-3.381006,-4.010000,0.628994,0.000744
79,mobley_3968739,-4.328596,-3.920000,0.408596,0.000314
79,mobley_63712,-3.470049,-3.880000,0.409951,0.000316
79,mobley_1046331,-3.594371,-3.820000,0.225629,0.000096
79,mobley_1160109,-3.873112,-3.750000,0.123112,0.000029
79,mobley_4149784,-3.397421,-3.670000,0.272579,0.000140
79,mobley_397645,-4.268508,-3.640000,0.628508,0.000743
79,mobley_4690963,-4.586388,-3.540000,1.046388,0.002059
79,mobley_1967551,-3.325838,-3.500000,0.174162,0.000057
79,mobley_6733657,-4.737113,-3.440000,1.297113,0.003164
79,mobley_9565165,-3.487898,-3.350000,0.137898,0.000036
79,mobley_2487143,-3.042202,-3.280000,0.237798,0.000106
79,mobley_8449031,-2.233516,-3.220000,0.986484,0.001830
79,mobley_172879,-3.259395,-3.150000,0.109395,0.000023
79,mobley_5346580,-2.473302,-3.110000,0.636698,0.000762
79,mobley_3573480,-3.011198,-3.040000,0.028802,0.000002
79,mobley_1075836,-3.034384,-2.930000,0.104384,0.000020
79,mobley_6102880,-4.102116,-2.870000,1.232116,0.002855
79,mobley_1827204,-2.682220,-2.810000,0.127780,0.000031
79,mobley_2146331,-1.691448,-2.750000,1.058552,0.002107
79,mobley_7943327,-2.715640,-2.680000,0.035640,0.000002
79,mobley_5110043,-2.694718,-2.630000,0.064718,0.000008
79,mobley_5616693,-3.152675,-2.530000,0.622675,0.000729
79,mobley_6619554,-2.371625,-2.490000,0.118375,0.000026
79,mobley_6359156,-4.039251,-2.460000,1.579251,0.004690
79,mobley_1781152,-2.323340,-2.400000,0.076660,0.000011
79,mobley_859464,-2.535702,-2.360000,0.175702,0.000058
79,mobley_7150646,-1.346421,-2.300000,0.953579,0.001710
79,mobley_1592519,-2.372144,-2.230000,0.142144,0.000038
79,mobley_5538249,-2.257844,-2.160000,0.097844,0.000018
79,mobley_6911232,-1.736528,-2.100000,0.363472,0.000248
79,mobley_3269565,-1.690362,-2.010000,0.319638,0.000192
79,mobley_2484519,-2.702598,-1.930000,0.772598,0.001122
79,mobley_7690440,-4.022166,-1.830000,2.192166,0.009037
79,mobley_3802803,-1.543927,-1.660000,0.116073,0.000025
79,mobley_1144156,-1.445903,-1.590000,0.144097,0.000039
79,mobley_2481002,-1.570150,-1.450000,0.120150,0.000027
79,mobley_2489709,-1.076393,-1.360000,0.283607,0.000151
79,mobley_5052949,-1.181582,-1.280000,0.098418,0.000018
79,mobley_2492140,-1.791890,-1.230000,0.561890,0.000594
79,mobley_7542832,-1.419186,-1.160000,0.259186,0.000126
79,mobley_7814642,-1.736960,-1.120000,0.616960,0.000716
79,mobley_1563176,-0.778155,-0.990000,0.211845,0.000084
79,mobley_1873346,-0.744991,-0.900000,0.155009,0.000045
79,mobley_3040612,-0.666124,-0.850000,0.183876,0.000064
79,mobley_4483973,-2.113274,-0.800000,1.313274,0.003243
79,mobley_9913368,-1.240261,-0.780000,0.460261,0.000398
79,mobley_1449384,-0.608325,-0.680000,0.071675,0.000010
79,mobley_7708038,-0.616305,-0.560000,0.056305,0.000006
79,mobley_8311321,-0.907963,-0.500000,0.407963,0.000313
79,mobley_766666,-0.503342,-0.440000,0.063342,0.000008
79,mobley_5445548,-0.441990,-0.300000,0.141990,0.000038
79,mobley_9029594,-0.974779,-0.220000,0.754779,0.001071
79,mobley_3370989,-2.716749,-0.110000,2.606749,0.012778
79,mobley_627267,-0.207128,-0.030000,0.177128,0.000059
79,mobley_6250025,0.028071,0.080000,0.051929,0.000005
79,mobley_4252724,-0.524359,0.160000,0.684359,0.000881
79,mobley_7157427,0.333716,0.290000,0.043716,0.000004
79,mobley_8885088,-0.277857,0.560000,0.837857,0.001320
79,mobley_8522124,0.643852,0.710000,0.066148,0.000008
79,mobley_4678740,-0.940826,1.070000,2.010826,0.007603
79,mobley_2689721,0.790961,1.230000,0.439039,0.000362
79,mobley_1662128,1.234285,1.380000,0.145715,0.000040
79,mobley_4762983,1.825227,1.660000,0.165228,0.000051
79,mobley_7732703,1.044313,1.790000,0.745687,0.001046
79,mobley_2068538,1.582350,2.000000,0.417650,0.000328
79,mobley_5157661,1.886099,2.300000,0.413901,0.000322
79,mobley_1261349,2.200059,2.510000,0.309941,0.000181
79,mobley_2328633,1.995377,2.550000,0.554623,0.000578
79,mobley_8436428,2.856685,2.830000,0.026685,0.000001
79,mobley_3060426,3.518842,2.930000,0.588842,0.000652
79,mobley_2197088,3.074039,3.160000,0.085962,0.000014
