id,name,smiles,dg_exp_kcal,n_conf,source,doi,pred_fold0,pred_fold1,pred_fold2,pred_fold3,pred_fold4,dg_pred_ensemble_kcal,abs_err
expdb_1,C1CCC(CC1)Br,BrC1CCCCC1,-0.57,2,['CompSol Binary (entry number=65868)'],10.1016/j.cej.2021.129307,-0.8984428644180298,-0.7670114934444427,-1.0430322289466858,-1.226888120174408,-0.9514068961143494,-0.9773563206195831,0.40735632061958316
expdb_2,C1(=C(C(=C(C(=C1Br)Br)Br)Br)Br)Br,Brc1c(Br)c(Br)c(Br)c(Br)c1Br,-3.08,1,['Abraham Paper (A25)'],10.1016/j.cej.2021.129307,-0.9251859784126282,-0.6304725408554077,1.2599031925201416,-1.8952651023864746,0.6139857172966003,-0.31540694236755373,2.7645930576324464
expdb_3,C1=C(C(=CC(=C1Br)Br)Br)Br,Brc1cc(Br)c(Br)cc1Br,-2.54,1,['Abraham Paper (A25)'],10.1016/j.cej.2021.129307,-1.1605360507965088,-0.8631628155708313,-0.6874317526817322,-2.366520404815674,0.5831189155578613,-0.8989064216613769,1.6410935783386231
expdb_4,C1=C(C=C(C=C1Br)Br)Br,Brc1cc(Br)cc(Br)c1,-1.91,1,['Abraham Paper (A25)'],10.1016/j.cej.2021.129307,-2.522552967071533,-3.356867551803589,-0.8683112263679504,-1.7490595579147339,-1.3340175151824951,-1.9661617636680604,0.05616176366806047
expdb_5,C1=CC(=CC(=C1)Br)Br,Brc1cccc(Br)c1,-1.99,1,['CompSol Binary (entry number=62485)'],10.1016/j.cej.2021.129307,-1.8483415842056274,-2.5747010707855225,-1.0902175903320312,-1.7761017084121704,-1.3967350721359253,-1.7372194051742553,0.25278059482574466
expdb_6,C#C,C#C,-0.005,1,Averaged - std : 0.01,10.13020/3eks-j059 10.1016/j.cej.2021.129307,-1.5997998714447021,-1.0215688943862915,-1.1170969009399414,-0.6814412474632263,-1.4100292921066284,-1.165987241268158,1.160987241268158
expdb_7,CC(C)(C#C)O,C#CC(C)(C)O,-5.18,1,['CompSol Binary (entry number=64115)'],10.1016/j.cej.2021.129307,-4.734786033630371,-5.263127326965332,-5.061904430389404,-5.227129936218262,-4.729901313781738,-5.0033698081970215,0.17663019180297823
expdb_8,C=CC#C,C#CC=C,0.04,1,From Minnesota Solvation Database (MNSOL) version 2012,10.13020/3eks-j059,-0.8911803364753723,-1.02888822555542,-0.9756353497505188,-0.8296714425086975,-0.849605917930603,-0.9149962544441224,0.9549962544441224
expdb_9,CCCCCCCC#C,C#CCCCCCCC,0.74,5,['CompSol Binary (entry number=63116)'],10.1016/j.cej.2021.129307,0.6517266035079956,0.82455472946167,0.5049713522195816,0.8693368554115295,0.7123045027256012,0.7125788086652756,0.027421191334724426
expdb_10,C1=CC=C(C=C1)C=CC2=CC=CC=C2,C(=Cc1ccccc1)c1ccccc1,-3.79,1,"['Abraham Paper (A20)', 'Abraham Paper (A3)', 'Abraham Paper (A3)', 'Abraham Paper (A3)', 'Abraham Paper (A4)', 'Abraham Paper (A4)', 'Abraham Paper (A4)', 'Abraham Paper (A5)', 'Abraham Paper (A6)', 'Abraham Paper (A8)', 'Abraham Paper (A9)']",10.1016/j.cej.2021.129307,-3.6811845302581787,-3.275794267654419,-3.401981830596924,-2.9076974391937256,-3.1808762550354004,-3.2895068645477297,0.5004931354522704
expdb_12,C1C=CC=C1,C1=CCC=C1,-0.22,1,"['Abraham Paper (A20)', 'Abraham Paper (A20)', 'Abraham Paper (A5)', 'Abraham Paper (A5)']",10.1016/j.cej.2021.129307,-1.000931978225708,-0.5087127089500427,-0.5087400078773499,-0.42083537578582764,-0.19678109884262085,-0.5272002339363098,0.3072002339363098
expdb_13,C1C=CCC=C1,C1=CCC=CC1,-0.67,1,"['Abraham Paper (A4)', 'CompSol Binary (entry number=62580)']",10.1016/j.cej.2021.129307,-0.9005827307701111,-0.6654974818229675,-0.7682136297225952,-1.2371443510055542,-0.9730785489082336,-0.9089033484458924,0.23890334844589234
expdb_14,C1CC=CC=C1,C1=CCCC=C1,-0.26,1,"['Abraham Paper (A20)', 'Abraham Paper (A5)']",10.1016/j.cej.2021.129307,-0.5255864262580872,-0.074124775826931,-0.5056268572807312,-0.7357949614524841,-0.40192216634750366,-0.44861103743314745,0.18861103743314744
expdb_15,C1CCC=CCC1,C1=CCCCCC1,0.7,1,"['Abraham Paper (A20)', 'Abraham Paper (A20)', 'Abraham Paper (A5)', 'Abraham Paper (A5)', 'CompSol Binary (entry number=66341)']",10.1016/j.cej.2021.129307,0.30639609694480896,0.4562787711620331,0.09834902733564377,-0.3137378990650177,0.1503116488456726,0.13951952904462814,0.5604804709553718
expdb_16,C1CCCCCC1,C1CCCCCC1,0.79,1,"['Abraham Paper (A11)', 'Abraham Paper (A20)', 'Abraham Paper (A5)', 'CompSol Binary (entry number=66340)']",10.1016/j.cej.2021.129307,1.2982065677642822,1.1418265104293823,1.3252869844436646,1.30987548828125,1.360440969467163,1.2871273040771485,0.49712730407714845
expdb_17,C1CCCCCCC1,C1CCCCCCC1,0.91,1,"['Abraham Paper (A20)', 'Abraham Paper (A5)', 'CompSol Binary (entry number=66414)', 'CompSol Binary (entry number=66417)']",10.1016/j.cej.2021.129307,1.5335558652877808,1.4448654651641846,1.349494218826294,1.1499943733215332,1.3720964193344116,1.3700012683868408,0.46000126838684074
expdb_18,C1CO1,C1CO1,-2.87,1,"['CompSol Binary (entry number=68510)', 'CompSol Binary (entry number=68516)']",10.1016/j.cej.2021.129307,-2.0536611080169678,-2.5900511741638184,-2.155104637145996,-1.7576276063919067,-1.7799224853515625,-2.06727340221405,0.8027265977859499
expdb_19,C1COCCOCCOCCOCCO1,C1COCCOCCOCCOCCO1,-12.82,5,['Abraham Paper (A6)'],10.1016/j.cej.2021.129307,-12.793501091003417,-10.265082740783692,-11.898134994506837,-11.003066635131836,-12.342107582092286,-11.660378608703615,1.159621391296385
expdb_20,O1CCCOCCOCCOCCOCC1,C1COCCOCCOCCOCCOC1,-12.52,4,"['Abraham Paper (A6)', 'Abraham Paper (A6)']",10.1016/j.cej.2021.129307,-13.001237630844116,-10.4478178024292,-11.853047370910645,-11.30268144607544,-12.115517377853394,-11.74406032562256,0.7759396743774403
expdb_21,C1COCCOCCOCCOCCOCCO1,C1COCCOCCOCCOCCOCCO1,-15.59,5,"['Abraham Paper (A6)', 'Abraham Paper (A6)']",10.1016/j.cej.2021.129307,-15.264094924926757,-12.532475662231445,-13.842027854919433,-13.532728576660157,-14.730027389526366,-13.980270881652832,1.6097291183471683
expdb_22,CC(=C)C(=O)O,C=C(C)C(=O)O,-6.08,1,['Abraham Paper (A6)'],10.1016/j.cej.2021.129307,-4.884810924530029,-5.716098308563232,-5.593733310699463,-5.599143981933594,-5.579748153686523,-5.474706935882568,0.6052930641174319
expdb_24,CC(OCC(CC=C(C)C)C(C)=C)=O,C=C(C)C(CC=C(C)C)COC(C)=O,-3.36,5,['Abraham Paper (A24)'],10.1016/j.cej.2021.129307,-3.0105960845947264,-3.1788177490234375,-2.8841970920562745,-3.0388323307037353,-2.631291913986206,-2.948747034072876,0.4112529659271238
expdb_25,CC1=CC=C(CC1)C(=C)C,C=C(C)C1=CC=C(C)CC1,-1.35,1,['Abraham Paper (A28)'],10.1016/j.cej.2021.129307,-0.3200761079788208,-0.867427408695221,-1.060704231262207,-0.48231324553489685,-0.5128783583641052,-0.6486798703670502,0.7013201296329499
expdb_27,CCC(OC1CC(CC=C1C)C(C)=C)=O,C=C(C)C1CC=C(C)C(OC(=O)CC)C1,-3.87,4,['Abraham Paper (A24)'],10.1016/j.cej.2021.129307,-2.9683148860931396,-3.2822644114494324,-3.1045235991477966,-3.3183605670928955,-3.338151693344116,-3.2023230314254763,0.6676769685745239
expdb_28,CCCC(OC1CC(CC=C1C)C(C)=C)=O,C=C(C)C1CC=C(C)C(OC(=O)CCC)C1,-3.9,5,['Abraham Paper (A24)'],10.1016/j.cej.2021.129307,-2.7598097801208494,-3.157305908203125,-2.774332284927368,-3.1069931983947754,-2.8033251762390137,-2.9203532695770265,0.9796467304229735
expdb_29,CC1=CCC(CC1OC(=O)C)C(=C)C,C=C(C)C1CC=C(C)C(OC(C)=O)C1,-4.0,5,['Abraham Paper (A24)'],10.1016/j.cej.2021.129307,-3.682897996902466,-3.693853330612183,-3.2846909523010255,-3.892426633834839,-3.585476350784302,-3.6278690528869633,0.37213094711303674
expdb_30,CC1=CCC(CC1OC=O)C(=C)C,C=C(C)C1CC=C(C)C(OC=O)C1,-3.82,5,['Abraham Paper (A24)'],10.1016/j.cej.2021.129307,-2.903253936767578,-2.9362285137176514,-2.6096263885498048,-3.290152740478516,-3.0019574642181395,-2.948243808746338,0.8717561912536618
expdb_31,CC1=CCCC(=CCC(CC1)C(=C)C)C,C=C(C)C1CC=C(C)CCC=C(C)CC1,-0.37,5,['Abraham Paper (A28)'],10.1016/j.cej.2021.129307,-1.1185141682624817,-1.0114206969738007,-1.6595672369003296,-1.3279908657073975,-1.273789393901825,-1.278256472349167,0.908256472349167
expdb_34,CC1CCC(C12CCC(=CC2)C)C(=C)C,C=C(C)C1CCC(C)C12CC=C(C)CC2,0.25,5,['Abraham Paper (A28)'],10.1016/j.cej.2021.129307,-1.0650183975696563,-0.9122806668281556,-1.577287244796753,-1.0293756004422903,-1.4564397811889649,-1.208080338165164,1.458080338165164
expdb_35,CC1CCC(CC2=C1CCC2C)C(=C)C,C=C(C)C1CCC(C)C2=C(C1)C(C)CC2,-0.01,5,['Abraham Paper (A28)'],10.1016/j.cej.2021.129307,-0.7672019906342029,-1.0654482901096345,-1.005294854938984,-0.7566007673740387,-0.666410818696022,-0.8521913443505763,0.8421913443505763
expdb_36,CC1=CCCC2(C1CC(CC2)C(=C)C)C,C=C(C)C1CCC2(C)CCC=C(C)C2C1,-0.16,5,['Abraham Paper (A28)'],10.1016/j.cej.2021.129307,-1.649612843990326,-1.4938891053199768,-1.6353294491767882,-1.2330873146653176,-1.808281922340393,-1.5640401270985602,1.4040401270985603
expdb_37,CC(=C)C1CCC2(CCCC(=C)C2C1)C,C=C(C)C1CCC2(C)CCCC(=C)C2C1,-0.05,4,['Abraham Paper (A28)'],10.1016/j.cej.2021.129307,-1.395483136177063,-0.797158976085484,-1.0124048292636871,-0.8428617231547832,-1.0147287249565125,-1.012527477927506,0.9625274779275059
expdb_38,CC(=C)C1CCC2(C1C3CCC4C5(CCC(C(C5CCC4(C3(CC2)C)C)(C)C)O)C)CO,C=C(C)C1CCC2(CO)CCC3(C)C(CCC4C5(C)CCC(O)C(C)(C)C5CCC43C)C12,-14.17,5,"['Abraham Paper (A3)', 'Abraham Paper (A3)', 'Abraham Paper (A4)', 'Abraham Paper (A4)', 'Abraham Paper (A4)']",10.1016/j.cej.2021.129307,-15.189651489257812,-13.564395523071289,-18.11112251281738,-14.306599807739257,-16.26894645690918,-15.488143157958984,1.3181431579589837
expdb_39,CC1CCC=C2C1(CC(CC2)C(=C)C)C,C=C(C)C1CCC2=CCCC(C)C2(C)C1,-0.15,5,['Abraham Paper (A28)'],10.1016/j.cej.2021.129307,-1.107431411743164,-0.7800428971648217,-0.8995401263237,-1.025977212190628,-1.0002429604530334,-0.9626469215750694,0.8126469215750693
expdb_40,CC(=C)CC(C)(C)C,C=C(C)CC(C)(C)C,2.01,2,['Abraham Paper (A4)'],10.1016/j.cej.2021.129307,1.6562140583992004,1.405173897743225,1.2412405014038086,1.3939667344093323,1.3587459921836853,1.4110682368278504,0.5989317631721494
expdb_41,CCCCC(=C)C,C=C(C)CCCC,1.66,4,['Abraham Paper (A27)'],10.1016/j.cej.2021.129307,1.845646232366562,1.7794086635112762,1.6276225745677948,1.8209693431854248,1.7880512475967407,1.7723396122455597,0.11233961224555977
expdb_42,CC1=CCC(CC1)C(=C)CCC=C(C)C,C=C(CCC=C(C)C)C1CC=C(C)CC1,-0.5,5,['Abraham Paper (A28)'],10.1016/j.cej.2021.129307,-0.0885923072695732,0.4027173638343811,0.0873897336423397,0.5890558660030365,0.4915293037891388,0.2964199919998646,0.7964199919998646
expdb_43,CC1(C2CCC(C2)C1=C)C,C=C1C2CCC(C2)C1(C)C,0.61,2,['Abraham Paper (A28)'],10.1016/j.cej.2021.129307,-2.4642114639282227,-2.513424277305603,-1.4866211414337158,-1.740456759929657,-1.28336501121521,-1.8976157307624817,2.5076157307624816
expdb_44,CC(=CCCC1(C2CCC(C2)C1=C)C)C,C=C1C2CCC(C2)C1(C)CCC=C(C)C,0.35,5,['Abraham Paper (A28)'],10.1016/j.cej.2021.129307,-2.313853120803833,-1.8622968196868896,-1.6301180124282837,-0.994916570186615,-1.0311678528785706,-1.5664704751968384,1.9164704751968382
expdb_45,CC1(CCCC2(C3C1C(C2=C)CC3)C)C,C=C1C2CCC3C2C(C)(C)CCCC13C,0.8,4,['Abraham Paper (A28)'],10.1016/j.cej.2021.129307,-4.491840839385986,-4.312102913856506,-5.008618116378784,-4.256835639476776,-4.018264949321747,-4.41753249168396,5.21753249168396
expdb_46,CC(C)C1CCC(=C)C=C1,C=C1C=CC(C(C)C)CC1,0.26,4,['Abraham Paper (A28)'],10.1016/j.cej.2021.129307,0.05962498486042023,-0.11271430272608995,-0.15482407808303833,0.38706614077091217,-0.013917361851781607,0.0330470765940845,0.2269529234059155
expdb_47,CC1=CCCC(=C)C=CC(CC1)C(C)C,C=C1C=CC(C(C)C)CCC(C)=CCC1,0.14,5,['Abraham Paper (A28)'],10.1016/j.cej.2021.129307,-2.538101863861084,-1.832530403137207,-2.6567583322525024,-2.4082063674926757,-2.127449464797974,-2.3126092863082888,2.452609286308289
expdb_48,CC(C)C12CC1C(=C)C=C2,C=C1C=CC2(C(C)C)CC12,-0.12,4,['Abraham Paper (A28)'],10.1016/j.cej.2021.129307,-1.5555477738380432,-1.57302987575531,-1.366052359342575,-1.3973066210746765,-0.8743788003921509,-1.3532630860805512,1.2332630860805511
expdb_49,CC1(C2CCC1C(=C)C2)C,C=C1CC2CCC1C2(C)C,0.52,2,['Abraham Paper (A28)'],10.1016/j.cej.2021.129307,-3.022071957588196,-3.11713182926178,-2.0924311876296997,-2.33384108543396,-2.0143803358078003,-2.515971279144287,3.035971279144287
expdb_50,CC(C)C1=CCC(=C)CC1,C=C1CC=C(C(C)C)CC1,0.05,3,['Abraham Paper (A28)'],10.1016/j.cej.2021.129307,-0.0840695636967818,-0.21348833541075388,-0.31350501378377277,-0.21503840883572897,-0.22012386719385782,-0.20924503778417908,0.25924503778417907
expdb_51,CC1=CC2=C(C=C1)C(=C)CCC2C(C)C,C=C1CCC(C(C)C)c2cc(C)ccc21,-1.08,3,['Abraham Paper (A28)'],10.1016/j.cej.2021.129307,-1.3534834186236064,-1.6351129810015361,-1.5211663643519084,-1.2577284971872966,-1.6435935497283936,-1.4822169621785481,0.4022169621785481
expdb_52,CC(C)C12CCC(=C)C1C2,C=C1CCC2(C(C)C)CC12,0.49,5,['Abraham Paper (A28)'],10.1016/j.cej.2021.129307,-0.9350496351718902,-1.1864329814910888,-0.9663299798965455,-0.9131011247634888,-0.5973020136356354,-0.9196431469917297,1.4096431469917297
expdb_53,CC1CCC(C2C13C2C(=C)CC3)C(C)C,C=C1CCC23C(C)CCC(C(C)C)C2C13,0.63,5,['Abraham Paper (A28)'],10.1016/j.cej.2021.129307,-0.9387709140777588,-1.1185472130775451,-1.0227753877639771,-0.6461452215909957,-0.6562927663326263,-0.8765063005685807,1.5065063005685806
expdb_54,CC1CCC2C13CCC(=C)C(C3)C2(C)C,C=C1CCC23CC1C(C)(C)C2CCC3C,0.8,3,['Abraham Paper (A28)'],10.1016/j.cej.2021.129307,-3.6437050501505532,-3.5832082430521646,-3.5666068394978843,-3.6417229970296225,-3.2435897986094155,-3.535766585667928,4.335766585667928
expdb_55,CC1CCC2C(C2(C)C)C3C1CCC3=C,C=C1CCC2C(C)CCC3C(C12)C3(C)C,0.42,5,['Abraham Paper (A28)'],10.1016/j.cej.2021.129307,-0.8314260423183442,-0.5108510047197342,-1.2019335746765136,-1.2166710078716279,-0.6278609901666641,-0.8777485239505769,1.2977485239505768
expdb_56,CC(C)C1CCC2(C1C3C2CCC3=C)C,C=C1CCC2C1C1C(C(C)C)CCC21C,1.19,5,['Abraham Paper (A28)'],10.1016/j.cej.2021.129307,-1.7791434049606323,-2.032770371437073,-1.6405118227005004,-1.5078231811523437,-1.2849941730499268,-1.6490485906600951,2.839048590660095
expdb_57,CC1CCC23C1CC(C2(C)C)CCC3=C,C=C1CCC2CC3C(C)CCC13C2(C)C,0.83,3,['Abraham Paper (A28)'],10.1016/j.cej.2021.129307,-5.077478408813477,-4.3742077350616455,-5.053418000539144,-3.8728803793589273,-4.287540117899577,-4.533104928334554,5.363104928334554
expdb_58,C=CC#N,C=CC#N,-3.34,1,"['CompSol Binary (entry number=64524)', 'CompSol Binary (entry number=64525)', 'CompSol Binary (entry number=64526)', 'CompSol Binary (entry number=64527)', 'CompSol Binary (entry number=64528)', 'CompSol Binary (entry number=64529)', 'CompSol Binary (entry number=64530)', 'CompSol Binary (entry number=64531)', 'CompSol Binary (entry number=64532)', 'CompSol Binary (entry number=64533)', 'CompSol Binary (entry number=64534)', 'CompSol Binary (entry number=64535)', 'CompSol Binary (entry number=64553)', 'CompSol Binary (entry number=64560)']",10.1016/j.cej.2021.129307,-4.618020057678223,-4.359318733215332,-4.408588886260986,-4.0146989822387695,-4.083542823791504,-4.296833896636963,0.9568338966369634
expdb_59,CC(=CCCC(=C)C=C)C,C=CC(=C)CCC=C(C)C,-0.5,4,['Abraham Paper (A28)'],10.1016/j.cej.2021.129307,0.3985304646193981,0.33031710982322693,-0.05289167910814285,0.6426097536459565,0.5637698508799076,0.3764670999720693,0.8764670999720693
expdb_60,CC(C)(C)C=C,C=CC(C)(C)C,1.57,1,['Abraham Paper (A27)'],10.1016/j.cej.2021.129307,1.6726475954055786,1.7063111066818237,1.1947354078292847,1.3992058038711548,1.674678087234497,1.5295156002044679,0.0404843997955322
expdb_61,CC(C)(C=C)O,C=CC(C)(C)O,-4.19,3,['CompSol Binary (entry number=64114)'],10.1016/j.cej.2021.129307,-4.855770428975423,-5.404831886291504,-5.46856673558553,-5.163893222808838,-4.95665168762207,-5.1699427922566725,0.9799427922566721
expdb_62,CCC(=O)OC(C)(CCC=C(C)C)C=C,C=CC(C)(CCC=C(C)C)OC(=O)CC,-3.26,5,['Abraham Paper (A24)'],10.1016/j.cej.2021.129307,-2.101837229728699,-3.056710147857666,-3.0567917346954347,-2.1512310981750487,-2.2593177795410155,-2.525177597999573,0.7348224020004266
expdb_63,CCCC(=O)OC(C)(CCC=C(C)C)C=C,C=CC(C)(CCC=C(C)C)OC(=O)CCC,-3.38,5,['Abraham Paper (A24)'],10.1016/j.cej.2021.129307,-2.4809847593307497,-3.3126089096069338,-3.7705392360687258,-2.8793876647949217,-2.787878179550171,-3.0462797498703007,0.3337202501296992
expdb_64,CC(=CCCC(C)(C=C)OC=O)C,C=CC(C)(CCC=C(C)C)OC=O,-3.6,5,['Abraham Paper (A24)'],10.1016/j.cej.2021.129307,-1.942411971092224,-2.2354023933410643,-2.7367677688598633,-2.384028196334839,-2.1441668033599854,-2.288555426597595,1.311444573402405
expdb_65,CC(=CCCC(C)(C=C)O)C,C=CC(C)(O)CCC=C(C)C,-4.17,4,['CompSol Binary (entry number=64595)'],10.1016/j.cej.2021.129307,-4.906937837600708,-5.069347500801086,-5.702008366584778,-4.767301559448242,-4.9635169506073,-5.081822443008423,0.9118224430084227
expdb_66,CC(=CCC=C(C)C=C)C,C=CC(C)=CCC=C(C)C,-0.5,5,['Abraham Paper (A28)'],10.1016/j.cej.2021.129307,0.5807191371917725,0.5221077337861061,-0.2362561382353306,0.6976446390151978,0.5653671085834503,0.4259164960682392,0.9259164960682392
expdb_67,CC(=CCCC(=CCC=C(C)C=C)C)C,C=CC(C)=CCC=C(C)CCC=C(C)C,-1.06,5,"['Abraham Paper (A28)', 'Abraham Paper (A28)']",10.1016/j.cej.2021.129307,0.11172318309545518,0.6392277106642723,-0.29837702568620444,0.6894098579883575,0.4675536423921585,0.3219074736908078,1.381907473690808
expdb_68,CC(=C)CCC=C(C)C=C,C=CC(C)=CCCC(=C)C,-0.55,5,['Abraham Paper (A28)'],10.1016/j.cej.2021.129307,0.525437305867672,0.7742652297019958,0.08197006732225418,0.6596920967102051,0.6220507740974426,0.5326830947399139,1.082683094739914
expdb_69,CC(C)CCCC(C)CCCC(C)CCCC(C)C=C,C=CC(C)CCCC(C)CCCC(C)CCCC(C)C,3.75,5,['Abraham Paper (A28)'],10.1016/j.cej.2021.129307,2.9965881586074827,3.110337495803833,2.6022690773010253,3.647945928573608,3.339454984664917,3.139319128990173,0.6106808710098268
expdb_70,CC(=C1CCC(C(C1)C(=C)C)(C)C=C)C,C=CC1(C)CCC(=C(C)C)CC1C(=C)C,-0.35,5,['Abraham Paper (A28)'],10.1016/j.cej.2021.129307,-2.322008466720581,-2.2509926080703737,-2.346443939208984,-1.827681016921997,-1.817679762840271,-2.1129611587524417,1.7629611587524416
expdb_71,CC(=C)C1CCC(C(C1)C(=C)C)(C)C=C,C=CC1(C)CCC(C(=C)C)CC1C(=C)C,-0.42,5,['Abraham Paper (A28)'],10.1016/j.cej.2021.129307,-2.3527431726455688,-1.825946080684662,-2.695263075828552,-2.1147827029228212,-1.9413819313049316,-2.186023392677307,1.7660233926773072
expdb_72,CC(C)C1=CC(C(CC1)(C)C=C)C(=C)C,C=CC1(C)CCC(C(C)C)=CC1C(=C)C,-0.42,5,['Abraham Paper (A28)'],10.1016/j.cej.2021.129307,-1.6882752180099487,-1.2360705852508544,-1.7994755506515503,-1.5760338068008424,-1.142988348007202,-1.4885687017440798,1.06856870174408
expdb_73,C=CC1CCC=CC1,C=CC1CC=CCC1,0.36,2,['CompSol Binary (entry number=64771)'],10.1016/j.cej.2021.129307,0.040210604667663574,0.17434161901474,-0.3228231966495514,-0.022659003734588623,-0.15235803462564945,-0.05665760226547718,0.41665760226547716
expdb_74,C=CC=CC=C,C=CC=CC=C,0.2,2,['Abraham Paper (A27)'],10.1016/j.cej.2021.129307,-0.2285226285457611,-0.4415585696697235,-0.5832096338272095,0.036502741277217865,-0.3034302145242691,-0.30404366105794906,0.5040436610579491
expdb_75,C=CC=CCC,C=CC=CCC,0.75,3,"['Abraham Paper (A20)', 'Abraham Paper (A27)', 'Abraham Paper (A5)']",10.1016/j.cej.2021.129307,0.7564567923545837,0.5569281776746114,0.32150664925575256,0.716230591138204,0.5428013602892557,0.5787847141424816,0.17121528585751844
expdb_76,C=CC=O,C=CC=O,-3.16,2,"['CompSol Binary (entry number=64518)', 'CompSol Binary (entry number=64521)']",10.1016/j.cej.2021.129307,-3.387792468070984,-3.1825469732284546,-3.2929331064224243,-3.6017119884490967,-3.5978643894195557,-3.412569785118103,0.2525697851181028
expdb_77,BrCC=C,C=CCBr,-0.86,2,From Minnesota Solvation Database (MNSOL) version 2012,10.13020/3eks-j059,-1.0791950821876526,-1.1205354928970337,-0.6306868493556976,-1.0674542486667633,-1.2220955193042755,-1.0239934384822846,0.16399343848228465
expdb_78,CC(C)(C)CC=C,C=CCC(C)(C)C,1.53,2,['Abraham Paper (A27)'],10.1016/j.cej.2021.129307,1.569109857082367,1.7596563696861267,1.3375403881072998,1.5004960894584656,1.4112538695335388,1.5156113147735595,0.014388685226440545
expdb_79,C=CCC(C)C,C=CCC(C)C,1.9,3,"['Abraham Paper (A27)', 'CompSol Binary (entry number=64793)']",10.1016/j.cej.2021.129307,1.502115527788798,1.6219696998596191,1.4603968858718872,1.6142467657725017,1.5597355365753174,1.5516928831736247,0.34830711682637516
expdb_80,CC=CCC=C,C=CCC=CC,1.09,5,['Abraham Paper (A27)'],10.1016/j.cej.2021.129307,0.7370399296283722,0.8143627762794494,0.6351341605186462,0.8422724723815918,0.7489656805992126,0.7555550038814545,0.3344449961185456
expdb_81,CC(C)CCC=C,C=CCCC(C)C,1.77,4,['Abraham Paper (A27)'],10.1016/j.cej.2021.129307,1.887567788362503,1.9196621477603912,1.727301836013794,2.0237176716327667,1.9536917209625244,1.902388232946396,0.1323882329463959
expdb_82,C=CCCCC=C,C=CCCCC=C,1.16,5,"['Abraham Paper (A3)', 'Abraham Paper (A3)']",10.1016/j.cej.2021.129307,1.2233192443847656,1.0266330242156982,0.7350873053073883,1.1125605583190918,1.0200323581695556,1.0235264980793,0.13647350192069996
expdb_83,CCCCCCCCC=C,C=CCCCCCCCC,2.24,5,"['Abraham Paper (A20)', 'Abraham Paper (A5)']",10.1016/j.cej.2021.129307,2.443348264694214,2.2752893447875975,2.0034690856933595,2.4624726295471193,2.37860369682312,2.312636604309082,0.07263660430908159
expdb_84,CCCCCCCCCCC=C,C=CCCCCCCCCCC,2.58,5,"['Abraham Paper (A11)', 'Abraham Paper (A11)', 'Abraham Paper (A20)', 'Abraham Paper (A5)']",10.1016/j.cej.2021.129307,2.891907072067261,2.830335521697998,2.627179193496704,2.9986027240753175,2.880360174179077,2.8456769371032715,0.26567693710327145
expdb_86,CC(=O)C(=O)C,CC(=O)C(C)=O,-4.3,1,"['CompSol Binary (entry number=63485)', 'CompSol Binary (entry number=63486)', 'CompSol Binary (entry number=63487)', 'CompSol Binary (entry number=63488)', 'CompSol Binary (entry number=63489)', 'CompSol Binary (entry number=63490)']",10.1016/j.cej.2021.129307,-5.706334590911865,-5.696884632110596,-8.105091094970703,-6.653651237487793,-6.817121982574463,-6.595816707611084,2.295816707611084
expdb_87,CC(C(=O)C)C(=O)C,CC(=O)C(C)C(C)=O,-4.75,3,['Abraham Paper (A15)'],10.1016/j.cej.2021.129307,-6.244814872741699,-7.133022467295329,-7.579840024312337,-6.455221970876058,-6.299068450927734,-6.74239355723063,1.9923935572306304
expdb_88,CC(C(=O)C)O,CC(=O)C(C)O,-4.29,3,"['CompSol Binary (entry number=64634)', 'CompSol Binary (entry number=64635)', 'CompSol Binary (entry number=64636)', 'CompSol Binary (entry number=64637)', 'CompSol Binary (entry number=64638)']",10.1016/j.cej.2021.129307,-6.5317966143290205,-7.09768279393514,-8.271533489227295,-7.295974254608154,-6.490420500437419,-7.137481530507405,2.8474815305074053
expdb_89,O=C(C1OC2=CC=CC=C2OCCOCCOCCOCCOC1)C,CC(=O)C1COCCOCCOCCOCCOc2ccccc2O1,-17.8,5,"['Abraham Paper (A6)', 'Abraham Paper (A6)']",10.1016/j.cej.2021.129307,-16.528052139282227,-15.728339004516602,-16.58873043060303,-16.865292358398438,-17.28052043914795,-16.598186874389647,1.2018131256103537
expdb_90,CC(=O)CC(=O)C(C)(C)C,CC(=O)CC(=O)C(C)(C)C,-5.12,3,['Abraham Paper (A15)'],10.1016/j.cej.2021.129307,-4.958585898081462,-6.325479984283447,-6.797928174336751,-5.991878986358643,-5.557078679402669,-5.9261903444925945,0.8061903444925944
expdb_91,CC(=O)CC(=O)C(F)(F)F,CC(=O)CC(=O)C(F)(F)F,-4.91,3,['Abraham Paper (A15)'],10.1016/j.cej.2021.129307,-0.37125058968861896,-1.3918135563532512,-1.2294554313023884,-1.7781522671381633,-0.7416862646738688,-1.1024716218312582,3.807528378168742
expdb_92,CC(=O)CC(=O)C1=C(C(=C(C=C1)F)F)F,CC(=O)CC(=O)c1ccc(F)c(F)c1F,-5.07,4,['Abraham Paper (A15)'],10.1016/j.cej.2021.129307,-7.500719428062439,-7.636619687080383,-7.640162825584412,-7.578584909439087,-7.00122606754303,-7.47146258354187,2.4014625835418695
expdb_93,CC(=O)CC(=O)c1sccc1,CC(=O)CC(=O)c1cccs1,-6.08,4,['Abraham Paper (A15)'],10.1016/j.cej.2021.129307,-6.143773913383484,-6.611685752868652,-7.639440059661865,-7.076864004135132,-7.619198799133301,-7.0181925058364865,0.9381925058364864
expdb_94,CC(=O)CC(=O)C,CC(=O)CC(C)=O,-4.84,3,"['Abraham Paper (A15)', 'Abraham Paper (A6)', 'Abraham Paper (A6)', 'Abraham Paper (A6)', 'Abraham Paper (A6)']",10.1016/j.cej.2021.129307,-7.3949940999348955,-7.500625451405843,-7.470163186391194,-6.680381615956624,-6.943279266357422,-7.197888724009195,2.357888724009195
expdb_95,CC(C)CCCC(=O)C,CC(=O)CCCC(C)C,-3.0,3,"['Abraham Paper (A20)', 'Abraham Paper (A5)']",10.1016/j.cej.2021.129307,-2.4874149163564048,-2.50101375579834,-2.6410213311513266,-2.3347745736440024,-2.3360706170399985,-2.460059038798015,0.5399409612019852
expdb_96,CC(C)CCCCC(C)=O,CC(=O)CCCCC(C)C,-2.84,5,"['Abraham Paper (A20)', 'Abraham Paper (A5)']",10.1016/j.cej.2021.129307,-2.349104166030884,-2.3472617149353026,-2.3953665256500245,-2.14314751625061,-2.11711003780365,-2.270397992134094,0.5696020078659059
expdb_97,CC(=O)Cc1ccccc1,CC(=O)Cc1ccccc1,-5.62,2,['Abraham Paper (A16)'],10.1016/j.cej.2021.129307,-5.967913389205933,-5.58515477180481,-5.71720027923584,-5.59729528427124,-5.492554664611816,-5.672023677825928,0.05202367782592798
expdb_98,CC(=O)N(C)C,CC(=O)N(C)C,-8.15,1,"['Abraham Paper (A16)', 'Abraham Paper (A20)', 'Abraham Paper (A27)', 'Abraham Paper (A5)', 'CompSol Binary (entry number=68138)']",10.1016/j.cej.2021.129307,-8.270639419555664,-7.255315780639648,-8.067660331726074,-8.02258586883545,-6.913384437561035,-7.705917167663574,0.4440828323364263
expdb_99,CC(=O)NS(=O)(=O)C1=CC=C(C=C1)N,CC(=O)NS(=O)(=O)c1ccc(N)cc1,-18.35,2,['Abraham Paper (A16)'],10.1016/j.cej.2021.129307,-12.1854248046875,-14.936094284057617,-13.68210744857788,-12.195441246032715,-12.182726383209229,-13.036358833312988,5.313641166687013
expdb_100,CC(=O)Nc1ccc(O)cc1,CC(=O)Nc1ccc(O)cc1,-14.85,2,Averaged - std : 0.02,10.13020/3eks-j059 10.1016/j.cej.2021.129307,-12.031271934509277,-11.992161750793457,-13.769240856170654,-12.430190563201904,-11.474761009216309,-12.33952522277832,2.5104747772216793
expdb_101,CC(=O)Nc1cccc(O)c1,CC(=O)Nc1cccc(O)c1,-13.93,3,From Minnesota Solvation Database (MNSOL) version 2012,10.13020/3eks-j059,-13.06692632039388,-12.862611770629883,-13.53604825337728,-12.436148007710775,-11.851339022318522,-12.75061467488607,1.1793853251139303
expdb_102,CC(=O)NC1=CC=CC=C1,CC(=O)Nc1ccccc1,-9.79,2,['Abraham Paper (A8)'],10.1016/j.cej.2021.129307,-7.347550868988037,-7.0269060134887695,-8.393884658813477,-7.173559188842773,-6.234965801239014,-7.235373306274414,2.5546266937255853
expdb_103,CC(=O)Nc1ccccc1O,CC(=O)Nc1ccccc1O,-11.61,3,From Minnesota Solvation Database (MNSOL) version 2012,10.13020/3eks-j059,-8.889846165974935,-10.252124786376953,-10.777986208597818,-10.229808807373047,-8.273407936096191,-9.684634780883789,1.9253652191162107
expdb_104,CC1=CCC(CC1)C(C)(C)OC(=O)C,CC(=O)OC(C)(C)C1CC=C(C)CC1,-3.41,4,['Abraham Paper (A24)'],10.1016/j.cej.2021.129307,-3.095448136329651,-4.193533182144165,-3.7604477405548096,-3.3870018124580383,-3.4501965045928955,-3.577325475215912,0.1673254752159119
expdb_105,CC1=CCC(CC1)(C(C)C)OC(=O)C,CC(=O)OC1(C(C)C)CC=C(C)CC1,-3.25,5,['Abraham Paper (A24)'],10.1016/j.cej.2021.129307,-2.9559561252593993,-3.78255615234375,-3.787744426727295,-3.467740058898926,-3.1751242160797117,-3.433824195861816,0.1838241958618161
expdb_106,CC(=O)OC1C(C2CCC1(C2)C)(C)C,CC(=O)OC1C2(C)CCC(C2)C1(C)C,-2.69,4,['Abraham Paper (A24)'],10.1016/j.cej.2021.129307,-5.45271110534668,-6.0916911363601685,-3.883810579776764,-5.060109853744507,-4.363550782203674,-4.9703746914863585,2.2803746914863585
expdb_107,CC1CCC(C(C1)OC(=O)C)C(C)C,CC(=O)OC1CC(C)CCC1C(C)C,-2.59,5,['Abraham Paper (A24)'],10.1016/j.cej.2021.129307,-1.7575931787490844,-2.277590823173523,-1.7060426712036132,-1.7988290786743164,-1.7904955387115478,-1.8661102581024172,0.7238897418975827
expdb_108,CC(CCCC(C)C)C1CCC2C1(CCC3C2CC=C4C3(CCC(C4)OC(=O)C)C)C,CC(=O)OC1CCC2(C)C(=CCC3C2CCC2(C)C(C(C)CCCC(C)C)CCC32)C1,-5.48,5,['Abraham Paper (A13)'],10.1016/j.cej.2021.129307,-7.914617824554443,-6.435358905792237,-7.853670597076416,-7.68299617767334,-6.508285617828369,-7.278985824584962,1.7989858245849613
expdb_109,CC(=O)OCC1=CCC2CC1C2(C)C,CC(=O)OCC1=CCC2CC1C2(C)C,-3.6,3,['Abraham Paper (A24)'],10.1016/j.cej.2021.129307,-5.696285247802734,-7.230916817982991,-4.889762719472249,-5.782318115234375,-5.717741330464681,-5.863404846191406,2.263404846191406
expdb_110,CC(=CCCC(=CCCC(=CCOC(=O)C)C)C)C,CC(=O)OCC=C(C)CCC=C(C)CCC=C(C)C,-3.96,5,['Abraham Paper (A24)'],10.1016/j.cej.2021.129307,-3.0382628440856934,-2.5237569332122805,-2.950830078125,-2.859757328033447,-2.513105869293213,-2.777142610549927,1.182857389450073
expdb_111,CC(CCC=C(C)C)CCOC(=O)C,CC(=O)OCCC(C)CCC=C(C)C,-2.99,5,['Abraham Paper (A24)'],10.1016/j.cej.2021.129307,-2.273007321357727,-2.0168771982192992,-2.3132508993148804,-1.7676510095596314,-1.8726927518844605,-2.0486958360672,0.9413041639328004
expdb_112,CC(=O)OCCC1=CC=CC=C1,CC(=O)OCCc1ccccc1,-5.5,3,['Abraham Paper (A16)'],10.1016/j.cej.2021.129307,-5.123382727305095,-4.867708047231038,-4.602592468261719,-4.521155039469401,-4.5765767097473145,-4.738282998402914,0.761717001597086
expdb_113,CC(=O)OC1=CC=CC=C1,CC(=O)Oc1ccccc1,-4.78,1,['CompSol Binary (entry number=65285)'],10.1016/j.cej.2021.129307,-3.6560218334198,-3.818934202194214,-3.837761163711548,-4.2968525886535645,-3.9965665340423584,-3.9212272644042967,0.8587727355957036
expdb_114,CC(=O)C1=C(C)NN(C1=O)c2ccccc2,CC(=O)c1c(C)[nH]n(-c2ccccc2)c1=O,-9.89,3,['Abraham Paper (A6)'],10.1016/j.cej.2021.129307,-8.897103627522787,-8.24025026957194,-9.210587501525879,-8.228398640950521,-9.708212852478027,-8.856910578409831,1.0330894215901694
expdb_116,CC(C1=CC=C(C=C1)C(=O)C2=CC=CS2)C(=O)O,CC(C(=O)O)c1ccc(C(=O)c2cccs2)cc1,-13.87,3,['Abraham Paper (A16)'],10.1016/j.cej.2021.129307,-10.501763343811035,-10.320082346598307,-10.778247833251953,-11.512987772623697,-11.825472831726074,-10.987710825602212,2.882289174397787
expdb_117,CC(C1=CC(=C(C=C1)N2CC=CC2)Cl)C(=O)O,CC(C(=O)O)c1ccc(N2CC=CC2)c(Cl)c1,-11.28,4,['Abraham Paper (A16)'],10.1016/j.cej.2021.129307,-10.055294036865234,-9.548404693603516,-9.349562644958496,-12.640891790390015,-10.461124181747437,-10.41105546951294,0.8689445304870596
expdb_118,CC(C1=CC2=C(C=C1)C3=C(N2)C=CC(=C3)Cl)C(=O)O,CC(C(=O)O)c1ccc2c(c1)[nH]c1ccc(Cl)cc12,-15.05,4,['Abraham Paper (A16)'],10.1016/j.cej.2021.129307,-12.039089441299438,-12.534705638885498,-11.921505451202393,-13.595938682556152,-12.874492168426514,-12.593146276473998,2.4568537235260024
expdb_120,CC(C)(C)C(=O)CC(=O)C(C)(C)C,CC(C)(C)C(=O)CC(=O)C(C)(C)C,-4.43,3,['Abraham Paper (A15)'],10.1016/j.cej.2021.129307,-3.1058757305145264,-5.257490158081055,-6.765450318654378,-5.848809401194255,-3.187813679377238,-4.833087857564291,0.4030878575642909
expdb_121,O=C(OC(C)(C)C)C1=CC=CC=C1C(OC(C)(C)C)=O,CC(C)(C)OC(=O)c1ccccc1C(=O)OC(C)(C)C,-7.09,2,['Abraham Paper (A18)'],10.1016/j.cej.2021.129307,-4.965285539627075,-6.761106491088867,-6.958580017089844,-6.203800201416016,-5.1082987785339355,-5.9994142055511475,1.0905857944488524
expdb_122,CC(C)(Cl)Cl,CC(C)(Cl)Cl,-0.43,1,['CompSol Binary (entry number=63421)'],10.1016/j.cej.2021.129307,0.4777162969112396,-1.1007870435714722,-0.29965800046920776,-0.15853489935398102,0.34739619493484497,-0.14677349030971526,0.28322650969028473
expdb_123,CC(C)(C1=CC=C(C=C1)O)C2=CC=C(C=C2)O,CC(C)(c1ccc(O)cc1)c1ccc(O)cc1,-14.39,3,"['Abraham Paper (A6)', 'Abraham Paper (A6)', 'Abraham Paper (A6)', 'Abraham Paper (A6)']",10.1016/j.cej.2021.129307,-13.012100537618002,-13.21371078491211,-12.967479705810547,-12.704480171203613,-13.139003117879232,-13.007354863484702,1.3826451365152987
expdb_124,CC(=CC(C)(C)C)C,CC(C)=CC(C)(C)C,1.84,1,['Abraham Paper (A4)'],10.1016/j.cej.2021.129307,1.457383394241333,1.5765310525894165,1.2880736589431763,1.342681646347046,1.7309104204177856,1.4791160345077514,0.36088396549224866
expdb_125,CC1=CCC(C=C1)C(C)CCC=C(C)C,CC(C)=CCCC(C)C1C=CC(C)=CC1,-0.11,5,['Abraham Paper (A28)'],10.1016/j.cej.2021.129307,-0.08248441070318221,0.31175151765346526,-0.0038800530135631563,0.4530369505286217,0.05083510875701904,0.1458518226444721,0.2558518226444721
expdb_126,CC(C)CCCC(C)CCCC(C)CCC=C(C)C,CC(C)=CCCC(C)CCCC(C)CCCC(C)C,3.72,5,['Abraham Paper (A28)'],10.1016/j.cej.2021.129307,3.011300802230835,3.704401063919067,2.9545589447021485,3.8064818382263184,3.6499083995819093,3.4253302097320555,0.2946697902679447
expdb_127,CC(CCC=C(C)C)CCOC=O,CC(C)=CCCC(C)CCOC=O,-3.08,5,['Abraham Paper (A24)'],10.1016/j.cej.2021.129307,-2.2112849712371827,-1.8058623552322388,-2.09902503490448,-1.551518964767456,-1.8264360904693604,-1.8988254833221436,1.1811745166778564
expdb_128,CC(=CCCC1(C2CC3C1(C3C2)C)C)C,CC(C)=CCCC1(C)C2CC3C(C2)C31C,0.55,4,['Abraham Paper (A28)'],10.1016/j.cej.2021.129307,-3.2776292860507965,-3.3319472074508667,-2.6010950207710266,-2.432181864976883,-1.964919924736023,-2.721554660797119,3.2715546607971193
expdb_129,CC(C)C#N,CC(C)C#N,-3.31,1,['CompSol Binary (entry number=64180)'],10.1016/j.cej.2021.129307,-2.499401569366455,-2.249335527420044,-2.5168228149414062,-2.4622278213500977,-1.9885871410369873,-2.343274974822998,0.9667250251770021
expdb_130,CC(C)C(=O)CC(=O)C(C)C,CC(C)C(=O)CC(=O)C(C)C,-4.08,5,['Abraham Paper (A15)'],10.1016/j.cej.2021.129307,-4.57318696975708,-5.8861102104187015,-6.537299633026123,-5.770591068267822,-5.268380546569825,-5.607113685607911,1.5271136856079108
expdb_131,CC(C)C(C)(C)C,CC(C)C(C)(C)C,2.62,1,"['Abraham Paper (A20)', 'Abraham Paper (A27)', 'Abraham Paper (A5)']",10.1016/j.cej.2021.129307,2.5423593521118164,2.105957269668579,2.4021430015563965,2.391071081161499,2.4535973072052,2.379025602340698,0.24097439765930195
expdb_132,O=C(O)CC1=CC=C(C(C)C(C)C)C=C1,CC(C)C(C)c1ccc(CC(=O)O)cc1,-7.99,4,['Abraham Paper (A16)'],10.1016/j.cej.2021.129307,-7.6603782176971436,-7.284563064575195,-7.057283639907837,-7.4508198499679565,-7.548803329467773,-7.400369620323181,0.5896303796768194
expdb_133,CC(C)C1=CC2=CCC3C(C2CC1)(CCCC3(C)C)C,CC(C)C1=CC2=CCC3C(C)(C)CCCC3(C)C2CC1,-0.08,5,['Abraham Paper (A28)'],10.1016/j.cej.2021.129307,-3.1179788589477537,-3.0788487911224367,-3.6108511447906495,-2.9144733905792237,-2.786295032501221,-3.1016894435882567,3.0216894435882566
expdb_134,CC(C)C1CCC2(C3C1C4C2(C4C3)C)C,CC(C)C1CCC2(C)C3CC4C(C13)C42C,1.13,3,['Abraham Paper (A28)'],10.1016/j.cej.2021.129307,-2.2482430140177407,-2.6489240328470864,-1.9057964483896892,-2.1914552052815757,-1.9726073344548543,-2.1934052069981895,3.3234052069981894
expdb_135,CC(C)CC(=O)CC(=O)CC(C)C,CC(C)CC(=O)CC(=O)CC(C)C,-4.42,5,['Abraham Paper (A15)'],10.1016/j.cej.2021.129307,-5.374411582946777,-5.1887181282043455,-6.050132846832275,-4.903845500946045,-5.097057437896728,-5.3228330993652335,0.9028330993652336
expdb_136,CC(C)CCC(C)C,CC(C)CCC(C)C,2.78,4,"['Abraham Paper (A20)', 'Abraham Paper (A20)', 'Abraham Paper (A20)', 'Abraham Paper (A20)', 'Abraham Paper (A26)', 'Abraham Paper (A3)', 'Abraham Paper (A3)', 'Abraham Paper (A3)', 'Abraham Paper (A4)', 'Abraham Paper (A4)', 'Abraham Paper (A4)', 'Abraham Paper (A5)', 'Abraham Paper (A5)', 'Abraham Paper (A5)', 'Abraham Paper (A5)', 'Abraham Paper (A6)', 'CompSol Binary (entry number=63561)']",10.1016/j.cej.2021.129307,3.0984873175621033,3.2244369983673096,3.0692189931869507,3.222995936870575,3.10725599527359,3.144479048252106,0.3644790482521061
expdb_137,CC(CCCC(C)C)C1CCC2C1(CCC3C2CC=C4C3(CCC(C4)O)C)C,CC(C)CCCC(C)C1CCC2C3CC=C4CC(O)CCC4(C)C3CCC12C,-5.93,5,['Abraham Paper (A13)'],10.1016/j.cej.2021.129307,-10.66675033569336,-9.631411361694337,-10.948466491699218,-10.136360931396485,-9.364971160888672,-10.149592056274415,4.219592056274415
expdb_138,O=C(OCCCCCCCC(C)C)C1=CC=CC=C1C(OCCCCCCCC(C)C)=O,CC(C)CCCCCCCOC(=O)c1ccccc1C(=O)OCCCCCCCC(C)C,-5.93,5,['Abraham Paper (A18)'],10.1016/j.cej.2021.129307,-2.658923625946045,-2.6582611560821534,-3.4430378437042237,-2.3839762687683104,-3.311326837539673,-2.891105146408081,3.038894853591919
expdb_139,O=C(OCCCCCCC(C)C)C1=CC=CC=C1C(OCCCCCCC(C)C)=O,CC(C)CCCCCCOC(=O)c1ccccc1C(=O)OCCCCCCC(C)C,-6.14,5,['Abraham Paper (A18)'],10.1016/j.cej.2021.129307,-2.90224404335022,-2.6026740074157715,-3.7688451290130613,-2.455747151374817,-3.00653657913208,-2.94720938205719,3.19279061794281
expdb_140,O=C(OCCCCCC(C)C)C1=CC=CC=C1C(OCCCCCC(C)C)=O,CC(C)CCCCCOC(=O)c1ccccc1C(=O)OCCCCCC(C)C,-6.43,5,['Abraham Paper (A18)'],10.1016/j.cej.2021.129307,-3.2741443157196044,-2.8761168479919434,-3.6846243381500243,-2.6419679641723635,-3.2636322498321535,-3.148097143173218,3.2819028568267816
expdb_141,O=C(OCCCCC(C)C)C1=CC=CC=C1C(OCCCCC(C)C)=O,CC(C)CCCCOC(=O)c1ccccc1C(=O)OCCCCC(C)C,-6.55,5,['Abraham Paper (A18)'],10.1016/j.cej.2021.129307,-4.549720191955567,-4.109675073623658,-5.135307502746582,-4.209480571746826,-4.203235197067261,-4.441483707427979,2.1085162925720207
expdb_142,O=C(OCCCC(C)C)C1=CC=CC=C1C(OCCCC(C)C)=O,CC(C)CCCOC(=O)c1ccccc1C(=O)OCCCC(C)C,-6.73,5,['Abraham Paper (A18)'],10.1016/j.cej.2021.129307,-4.263599061965943,-4.12321629524231,-4.713013648986816,-4.094841051101684,-4.650909900665283,-4.369115991592407,2.3608840084075933
expdb_143,O=C(OCCC(C)C)C1=CC=CC=C1C(OCCC(C)C)=O,CC(C)CCOC(=O)c1ccccc1C(=O)OCCC(C)C,-6.88,5,['Abraham Paper (A18)'],10.1016/j.cej.2021.129307,-5.114153289794922,-4.723288726806641,-5.301413631439209,-4.695200204849243,-4.998527717590332,-4.96651671409607,1.9134832859039301
expdb_144,CC(C)CCl,CC(C)CCl,0.03,2,['Abraham Paper (A27)'],10.1016/j.cej.2021.129307,-0.49592703580856323,-0.6792255789041519,-0.08546645753085613,-0.1697535514831543,-0.34126511216163635,-0.3543275471776724,0.38432754717767237
expdb_145,CC(C)CN(CC(C)C)N=O,CC(C)CN(CC(C)C)N=O,-4.84,4,['Abraham Paper (A8)'],10.1016/j.cej.2021.129307,-2.8252509236335754,-4.021293818950653,-2.581069231033325,-3.8417113423347473,-2.732624053955078,-3.200389873981476,1.6396101260185239
expdb_147,CC(C)N(C(C)C)N=O,CC(C)N(N=O)C(C)C,-5.16,4,['Abraham Paper (A8)'],10.1016/j.cej.2021.129307,-2.3426207900047302,-3.687439501285553,-2.3567132353782654,-3.8698397278785706,-3.078312933444977,-3.066985237598419,2.093014762401581
expdb_148,CC(C)NC1=NC(=NC(=N1)Cl)NC(C)C,CC(C)Nc1nc(Cl)nc(NC(C)C)n1,-9.55,4,['Abraham Paper (A23)'],10.1016/j.cej.2021.129307,-8.690945386886597,-8.452250480651855,-7.152469635009766,-8.171254873275757,-8.067529797554016,-8.106890034675597,1.4431099653244033
expdb_149,O=C(OC(C)C)C1=CC=CC=C1C(OC(C)C)=O,CC(C)OC(=O)c1ccccc1C(=O)OC(C)C,-7.42,2,['Abraham Paper (A18)'],10.1016/j.cej.2021.129307,-5.063918352127075,-5.422508955001831,-4.9816203117370605,-5.107752323150635,-5.729558944702148,-5.26107177734375,2.1589282226562503
expdb_150,CC(C)OC(C)(C)C,CC(C)OC(C)(C)C,-1.01,1,"['Abraham Paper (A20)', 'Abraham Paper (A20)', 'Abraham Paper (A20)', 'Abraham Paper (A20)', 'Abraham Paper (A5)', 'Abraham Paper (A5)', 'Abraham Paper (A5)', 'Abraham Paper (A5)']",10.1016/j.cej.2021.129307,-1.5939948558807373,-1.9411487579345703,-1.3661185503005981,-1.8950541019439697,-2.0629451274871826,-1.7718522787094115,0.7618522787094115
expdb_151,CC(C)S,CC(C)S,-0.7,1,['CompSol Binary (entry number=64292)'],10.1016/j.cej.2021.129307,-0.6060305237770081,-1.1153051853179932,-0.677993655204773,-0.6818139553070068,-0.9401558041572571,-0.8042598247528077,0.1042598247528077
expdb_152,CC(C)C1=CC2=C(C=C1)C3(CCCC(C3CC2)(C)C)C,CC(C)c1ccc2c(c1)CCC1C(C)(C)CCCC21C,-0.37,4,['Abraham Paper (A28)'],10.1016/j.cej.2021.129307,-1.7847651243209839,-2.034726232290268,-2.0884379148483276,-1.7160581648349762,-2.0466080605983734,-1.9341190993785857,1.5641190993785856
expdb_153,CC(CC(C)(C)C)CC(C)(C)CC(C)(C)C,CC(CC(C)(C)C)CC(C)(C)CC(C)(C)C,4.46,5,['CompSol Binary (entry number=63402)'],10.1016/j.cej.2021.129307,1.7686663150787354,3.297643518447876,1.5627952814102173,2.943339705467224,1.793437373638153,2.273176438808441,2.186823561191559
expdb_156,CC(F)(F)Cl,CC(F)(F)Cl,0.61,1,"['Abraham Paper (A20)', 'Abraham Paper (A20)', 'Abraham Paper (A5)', 'Abraham Paper (A5)', 'CompSol Binary (entry number=62804)']",10.1016/j.cej.2021.129307,-0.2118450552225113,-0.7336028814315796,0.0792497918009758,-0.45360592007637024,-0.543229877948761,-0.3726067885756493,0.9826067885756493
expdb_158,CC1(CCC=C2C13CCC(C3)C2(C)C)C,CC1(C)C2=CCCC(C)(C)C23CCC1C3,0.71,4,['Abraham Paper (A28)'],10.1016/j.cej.2021.129307,-2.1569342613220215,-2.551527261734009,-2.1867728233337402,-2.003627121448517,-1.6892443299293518,-2.117621159553528,2.827621159553528
expdb_159,CC1(C2CC3C1(C3C2)C)C,CC1(C)C2CC3C(C2)C31C,0.87,1,['Abraham Paper (A28)'],10.1016/j.cej.2021.129307,-2.4021241664886475,-2.6977484226226807,-1.6601465940475464,-1.9539724588394165,-1.5412057638168335,-2.051039481163025,2.921039481163025
expdb_160,CC1(CCCC2(C3C1C4C2(C4C3)C)C)C,CC1(C)CCCC2(C)C3CC4C(C31)C42C,1.12,3,['Abraham Paper (A28)'],10.1016/j.cej.2021.129307,-3.4398368199666343,-2.8690903186798096,-3.38504958152771,-3.341327428817749,-2.731064558029175,-3.153273741404216,4.273273741404216
expdb_161,CC12CC(C=C1)C(C2)(C)C,CC12C=CC(C1)C(C)(C)C2,0.64,2,['Abraham Paper (A28)'],10.1016/j.cej.2021.129307,-2.4686803817749023,-2.549975275993347,-1.7396782040596008,-2.1131714582443237,-1.8993075489997864,-2.154162573814392,2.794162573814392
expdb_162,O=C1CCC2(C)C3([H])C(O)CC4(C)C(C(C(C(CCCCC(N)=O)C(N)=O)O)=O)(O)CCC4([H])C3([H])CCC2=C1,CC12CCC(=O)C=C1CCC1C2C(O)CC2(C)C1CCC2(O)C(=O)C(O)C(CCCCC(N)=O)C(N)=O,-33.74,5,"['Abraham Paper (A27)', 'Abraham Paper (A27)']",10.1016/j.cej.2021.129307,-33.55076866149902,-33.03994903564453,-39.05400619506836,-35.52571601867676,-35.30290145874024,-35.29466827392578,1.5546682739257776
expdb_163,CC12CCC(=O)C=C1CCC3C2C(CC4(C3CCC4(C(=O)CO)O)C)O,CC12CCC(=O)C=C1CCC1C2C(O)CC2(C)C1CCC2(O)C(=O)CO,-25.44,5,"['Abraham Paper (A27)', 'Abraham Paper (A27)']",10.1016/j.cej.2021.129307,-16.581989097595216,-18.093826675415038,-20.732271194458008,-18.704521560668944,-17.061059188842773,-18.234733543395997,7.205266456604004
expdb_164,CC1=C(C2CCC1C2)C,CC1=C(C)C2CCC1C2,0.53,1,['Abraham Paper (A28)'],10.1016/j.cej.2021.129307,-1.3299157619476318,-1.5316894054412842,-0.8030589818954468,-0.5198236107826233,-0.6617476940155029,-0.9692470908164978,1.4992470908164979
expdb_165,CC1CCC2CC3=C(CCC13C2(C)C)C,CC1=C2CC3CCC(C)C2(CC1)C3(C)C,0.78,2,['Abraham Paper (A28)'],10.1016/j.cej.2021.129307,-4.417401075363159,-4.419045686721802,-3.95589816570282,-3.7476948499679565,-3.525134325027466,-4.013034820556641,4.793034820556641
expdb_167,CC1=CC2C(CCC(=C2CC1)C)C(C)C,CC1=CC2C(=C(C)CCC2C(C)C)CC1,-0.4,4,['Abraham Paper (A28)'],10.1016/j.cej.2021.129307,-1.3810844719409943,-1.906372994184494,-2.006253242492676,-1.1907846927642822,-1.1650095582008362,-1.5299009919166564,1.1299009919166565
expdb_168,CC1=CC(C2=CC1)(C(CCC2C)C(C)C)[H],CC1=CC2C(=CC1)C(C)CCC2C(C)C,-0.26,4,['Abraham Paper (A28)'],10.1016/j.cej.2021.129307,-1.394006222486496,-1.5347950160503387,-1.5385147333145142,-1.4099231362342834,-1.192561760544777,-1.4139601737260818,1.1539601737260818
expdb_169,CC1=CC2C(C2(C)C)CC1,CC1=CC2C(CC1)C2(C)C,0.78,4,['Abraham Paper (A28)'],10.1016/j.cej.2021.129307,0.36027901619672775,-0.05220621172338724,-0.15747237391769886,-0.17178948599030264,0.00301923044025898,-0.003633964998880401,0.7836339649988804
expdb_170,CC1=CCCC(=CC2C(C2(C)C)CC1)C,CC1=CC2C(CCC(C)=CCC1)C2(C)C,-0.52,5,['Abraham Paper (A28)'],10.1016/j.cej.2021.129307,-1.881296420097351,-1.2568518459796905,-2.408797812461853,-1.6917237997055055,-1.2228953123092652,-1.6923130381107332,1.1723130381107332
expdb_171,CC1=CC=C(CC1)C(C)C,CC1=CC=C(C(C)C)CC1,0.12,3,['Abraham Paper (A28)'],10.1016/j.cej.2021.129307,0.42368658383687335,-0.14701542754968008,-0.37012597918510437,-0.051210589706897736,0.061754039799173675,-0.016582274561127024,0.136582274561127
expdb_172,CC1=CCC(=C(C)C)CC1,CC1=CCC(=C(C)C)CC1,0.16,2,['Abraham Paper (A28)'],10.1016/j.cej.2021.129307,-0.18121585249900818,-0.5696822702884674,-0.5020766854286194,-0.17443300783634186,-0.4093226045370102,-0.3673460841178894,0.5273460841178894
expdb_173,CC1=CCCC(=CCC(=C(C)C)CC1)C,CC1=CCC(=C(C)C)CCC(C)=CCC1,-0.37,5,['Abraham Paper (A28)'],10.1016/j.cej.2021.129307,-2.404707169532776,-1.3504849314689635,-2.2796226501464845,-1.884666109085083,-1.5124841332435608,-1.8863929986953736,1.5163929986953737
expdb_174,CC1=CCC(=CC1)C(C)C,CC1=CCC(C(C)C)=CC1,-0.03,2,['Abraham Paper (A28)'],10.1016/j.cej.2021.129307,-0.1010467391461134,-0.46363525092601776,-0.3770366907119751,-0.6827349066734314,-0.36088062822818756,-0.397066843137145,0.367066843137145
expdb_175,CC1=CCC(C=C1)C(C)C,CC1=CCC(C(C)C)C=C1,0.2,3,['Abraham Paper (A28)'],10.1016/j.cej.2021.129307,-0.0024709192415078482,-0.07639513909816742,-0.10110299289226532,0.05148304579779506,-0.15611983835697174,-0.05692116875822345,0.25692116875822346
expdb_176,CC1=CCC(C2=C1C=CC(=C2)C)C(C)C,CC1=CCC(C(C)C)c2cc(C)ccc21,-1.12,5,['Abraham Paper (A28)'],10.1016/j.cej.2021.129307,-1.459635353088379,-1.4134138584136964,-1.3346126556396485,-1.1255597472190857,-1.447588896751404,-1.3561621022224426,0.2361621022224425
expdb_177,CC1=CCC2(C1C2)C(C)C,CC1=CCC2(C(C)C)CC12,0.5,4,['Abraham Paper (A28)'],10.1016/j.cej.2021.129307,-0.5697970911860466,-0.6661075800657272,-0.619414821267128,-0.5927932113409042,-0.34487850219011307,-0.5585982412099838,1.058598241209984
expdb_178,CC1=CCC2(CCCC(C23C1C3)(C)C)C,CC1=CCC2(C)CCCC(C)(C)C23CC13,0.46,5,['Abraham Paper (A28)'],10.1016/j.cej.2021.129307,-3.986976432800293,-3.6387643337249758,-3.8262330055236817,-3.6697132110595705,-3.4160932064056397,-3.7075560379028323,4.167556037902832
expdb_179,CC1CCC(C2C13C2C(=CC3)C)C(C)C,CC1=CCC23C(C)CCC(C(C)C)C2C13,0.56,4,['Abraham Paper (A28)'],10.1016/j.cej.2021.129307,-0.8996677398681641,-1.1219599843025208,-0.8393286243081093,-0.48503104597330093,-0.6756099089980125,-0.8043194606900215,1.3643194606900215
expdb_180,CC1CCC2C13CC=C(C(C3)C2(C)C)C,CC1=CCC23CC1C(C)(C)C2CCC3C,0.78,3,['Abraham Paper (A28)'],10.1016/j.cej.2021.129307,-4.085705995559692,-4.06674067179362,-3.372859160105387,-3.7299601236979165,-3.419970671335856,-3.7350473244984945,4.515047324498495
expdb_181,CC1=CCC2C(C1)C(CC=C2C)C(C)C,CC1=CCC2C(C)=CCC(C(C)C)C2C1,-0.38,4,['Abraham Paper (A28)'],10.1016/j.cej.2021.129307,-0.21186029817909002,0.20940441638231277,-0.3142279542516917,0.015109185129404068,-0.22096233814954758,-0.1045073978137225,0.2754926021862775
expdb_182,CC1=CCC2C(C1)C2(C)C,CC1=CCC2C(C1)C2(C)C,0.79,2,['Abraham Paper (A28)'],10.1016/j.cej.2021.129307,0.23152350634336472,-0.19132140651345253,-0.2033597007393837,-0.4592587351799011,-0.2947469726204872,-0.18343266174197198,0.973432661741972
expdb_183,CC1=CCC2C3C1C2(CCCC3(C)C)C,CC1=CCC2C3C1C2(C)CCCC3(C)C,0.29,2,['Abraham Paper (A28)'],10.1016/j.cej.2021.129307,-1.9279075264930725,-1.9752875566482544,-2.151877284049988,-2.144455909729004,-2.0243422389030457,-2.0447741031646727,2.3347741031646727
expdb_184,CC1=CCC2CC1C2(C)C,CC1=CCC2CC1C2(C)C,0.97,2,"['Abraham Paper (A28)', 'CompSol Binary (entry number=63567)']",10.1016/j.cej.2021.129307,-1.9804706573486328,-2.90067458152771,-1.719781756401062,-1.8116781115531921,-1.7834548354148865,-2.0392119884490967,3.0092119884490964
expdb_185,CC1CCC23C1CC(C2(C)C)CC=C3C,CC1=CCC2CC3C(C)CCC13C2(C)C,0.78,4,['Abraham Paper (A28)'],10.1016/j.cej.2021.129307,-5.493174076080322,-4.718843221664429,-5.296925783157349,-4.486775875091553,-4.757767617702484,-4.9506973147392275,5.730697314739228
expdb_186,CC1=CCC(C=CCC(=CCC1)C)(C)C,CC1=CCCC(C)=CCC(C)(C)C=CC1,0.05,5,"['Abraham Paper (A28)', 'Abraham Paper (A28)']",10.1016/j.cej.2021.129307,-1.3674567222595215,-1.390080177783966,-2.00141978263855,-1.1049900293350219,-1.515173888206482,-1.4758241200447082,1.5258241200447082
expdb_189,CC1CCC(C1)(C)C,CC1CCC(C)(C)C1,2.47,3,['CompSol Binary (entry number=62070)'],10.1016/j.cej.2021.129307,1.0941266616185505,0.9174003005027771,1.3120032946268718,1.2129222949345906,1.015942653020223,1.1104790409406025,1.3595209590593977
expdb_191,CC1CCC2(C1C2)C(C)C,CC1CCC2(C(C)C)CC12,1.13,5,['Abraham Paper (A28)'],10.1016/j.cej.2021.129307,0.3166824609041214,0.06008342802524567,0.3939161509275436,0.3262877516448498,0.6264738202095032,0.3446887223422528,0.7853112776577471
expdb_192,CC1CCC2=C1CC3CCC2(C3(C)C)C,CC1CCC2=C1CC1CCC2(C)C1(C)C,0.78,4,['Abraham Paper (A28)'],10.1016/j.cej.2021.129307,-2.0937550365924835,-2.5242016911506653,-1.4712258577346802,-2.0670856535434723,-1.9061457514762878,-2.012482798099518,2.7924827980995177
expdb_193,CC1CCCC(C1)(C)C,CC1CCCC(C)(C)C1,2.23,2,['CompSol Binary (entry number=62069)'],10.1016/j.cej.2021.129307,2.0083484053611755,1.3850120306015015,1.8032411932945251,1.6633763909339905,1.4731634259223938,1.6666282892227173,0.5633717107772827
expdb_194,CC1CCCC(C1)O,CC1CCCC(O)C1,-5.21,3,['CompSol Binary (entry number=64702)'],10.1016/j.cej.2021.129307,-5.094567934672038,-5.258245309193929,-5.034317175547282,-4.966226100921631,-4.979636033376058,-5.066598510742187,0.14340148925781282
expdb_195,CC1CCCCC1O,CC1CCCCC1O,-4.79,4,['CompSol Binary (entry number=64143)'],10.1016/j.cej.2021.129307,-4.985463976860046,-5.181133031845093,-4.844338893890381,-4.737718224525452,-5.007930874824524,-4.951317000389099,0.1613170003890989
expdb_196,CC=C(C)C=CC=C(C)C,CC=C(C)C=CC=C(C)C,-0.55,3,['Abraham Paper (A28)'],10.1016/j.cej.2021.129307,0.6246576905250549,0.7077510754267374,0.10961207747459412,0.9441687067349752,0.6504582365353903,0.6073295573393505,1.1573295573393505
expdb_197,CC=CC,CC=CC,1.34,2,"['Abraham Paper (A20)', 'Abraham Paper (A20)', 'Abraham Paper (A3)', 'Abraham Paper (A4)', 'Abraham Paper (A5)', 'Abraham Paper (A5)']",10.1016/j.cej.2021.129307,0.9627795815467834,1.0291733741760254,1.2086384296417236,1.2634140253067017,1.0348531007766724,1.0997717022895812,0.24022829771041887
expdb_198,CC=CC=CC,CC=CC=CC,0.61,2,['Abraham Paper (A27)'],10.1016/j.cej.2021.129307,0.15409333485149546,0.30707842111587524,0.10738912038505077,0.760931134223938,0.1223543668165803,0.29036927547858793,0.31963072452141206
expdb_199,CC=CC1=CC(=C(C=C1)O)OC,CC=Cc1ccc(O)c(OC)c1,-6.33,3,['Abraham Paper (A6)'],10.1016/j.cej.2021.129307,-6.20776891708374,-6.28898827234904,-5.914652665456136,-6.470117251078288,-6.23937463760376,-6.224180348714193,0.10581965128580695
expdb_200,CCC(=O)CC(=O)CC,CCC(=O)CC(=O)CC,-4.71,5,['Abraham Paper (A15)'],10.1016/j.cej.2021.129307,-6.717468166351319,-7.004950046539307,-7.316082286834717,-6.571817302703858,-6.32353458404541,-6.786770477294922,2.0767704772949225
expdb_201,CCC(=O)CC(=O)C,CCC(=O)CC(C)=O,-4.79,5,['Abraham Paper (A15)'],10.1016/j.cej.2021.129307,-6.85519962310791,-7.1542724609375,-7.348505687713623,-6.675774192810058,-6.541838932037353,-6.915118179321288,2.125118179321288
expdb_202,CCC(=O)C1=C(C)NN(C1=O)c2ccccc2,CCC(=O)c1c(C)[nH]n(-c2ccccc2)c1=O,-9.74,3,['Abraham Paper (A6)'],10.1016/j.cej.2021.129307,-8.623915990193685,-7.887188116709392,-9.156771341959635,-8.158531188964844,-9.556135495503744,-8.67650842666626,1.0634915733337404
expdb_203,CCC(C)(C)OC,CCC(C)(C)OC,-1.77,3,"['Abraham Paper (A10)', 'Abraham Paper (A11)', 'Abraham Paper (A11)', 'Abraham Paper (A20)', 'Abraham Paper (A20)', 'Abraham Paper (A20)', 'Abraham Paper (A20)', 'Abraham Paper (A20)', 'Abraham Paper (A20)', 'Abraham Paper (A20)', 'Abraham Paper (A20)', 'Abraham Paper (A20)', 'Abraham Paper (A5)', 'Abraham Paper (A5)', 'Abraham Paper (A5)', 'Abraham Paper (A5)', 'Abraham Paper (A5)', 'Abraham Paper (A5)', 'Abraham Paper (A5)', 'Abraham Paper (A5)', 'Abraham Paper (A5)', 'CompSol Binary (entry number=63926)', 'CompSol Binary (entry number=63931)', 'CompSol Binary (entry number=63934)']",10.1016/j.cej.2021.129307,-1.6023680766423543,-1.7945770025253296,-1.7316970427831013,-1.6449967225392659,-1.0335068504015605,-1.5614291389783221,0.20857086102167788
expdb_204,CCC(C)(CC)O,CCC(C)(O)CC,-4.2,4,['Abraham Paper (A8)'],10.1016/j.cej.2021.129307,-4.174837529659271,-4.598846793174744,-4.684154152870178,-4.197131037712097,-4.053384482860565,-4.341670799255371,0.14167079925537074
expdb_205,CCC(C)=O,CCC(C)=O,-3.66,2,Averaged - std : 0.02,10.13020/3eks-j059 10.1016/j.cej.2021.129307,-3.484848737716675,-3.672339677810669,-3.556538939476013,-3.5042628049850464,-3.413178324699402,-3.526233696937561,0.1337663030624392
expdb_206,CCC(C)Br,CCC(C)Br,-0.27,3,"['Abraham Paper (A27)', 'CompSol Binary (entry number=63602)']",10.1016/j.cej.2021.129307,-0.31402846177419025,0.09779498974482219,-0.3018945852915446,-0.22949762269854546,-0.21918574223915735,-0.19336228445172307,0.07663771554827695
expdb_207,CCC(C)CCCC(C)CCCC(C)CCCC(C)C,CCC(C)CCCC(C)CCCC(C)CCCC(C)C,4.83,5,['Abraham Paper (A28)'],10.1016/j.cej.2021.129307,3.929122734069824,4.065937423706055,3.7313485145568848,4.474476385116577,4.357499408721924,4.111676893234253,0.7183231067657472
expdb_209,CCC(C)OC(C)CC,CCC(C)OC(C)CC,-0.8,5,['CompSol Binary (entry number=63446)'],10.1016/j.cej.2021.129307,-0.7112112045288086,-0.8601558327674865,-0.8171181797981262,-1.1889725923538208,-1.2766558647155761,-0.9708227348327636,0.17082273483276356
expdb_211,CCC(CC)(C([O-])=O)C([O-])=O,CCC(CC)(C(=O)[O-])C(=O)[O-],-6.0,3,From Minnesota Solvation Database (MNSOL) version 2012,10.13020/3eks-j059,-4.312811056772868,-6.901040077209473,-6.698359648386638,-6.288708209991455,-5.271572589874268,-5.89449831644694,0.10550168355305978
expdb_212,CCC(CC)CC,CCC(CC)CC,2.61,3,['Abraham Paper (A27)'],10.1016/j.cej.2021.129307,2.422816197077433,2.370646317799886,2.361509641011556,2.530344327290853,2.619819243748983,2.4610271453857426,0.14897285461425724
expdb_213,CCC(CC)CO,CCC(CC)CO,-3.73,3,['CompSol Binary (entry number=63786)'],10.1016/j.cej.2021.129307,-4.215507586797078,-4.379595438639323,-4.259567578633626,-3.826887369155884,-4.1438619295756025,-4.165083980560302,0.4350839805603024
expdb_215,O=C(C(CC)(C1=CC=CC=C1)C(N2)=O)NC2=O,CCC1(c2ccccc2)C(=O)NC(=O)NC1=O,-15.44,3,['Abraham Paper (A16)'],10.1016/j.cej.2021.129307,-17.991862614949543,-17.137646357218426,-18.201758702596027,-18.207700729370117,-18.865184148152668,-18.080830510457353,2.640830510457354
expdb_216,CCC1CCCCC1,CCC1CCCCC1,2.14,2,"['Abraham Paper (A20)', 'Abraham Paper (A20)', 'Abraham Paper (A20)', 'Abraham Paper (A20)', 'Abraham Paper (A20)', 'Abraham Paper (A20)', 'Abraham Paper (A25)', 'Abraham Paper (A26)', 'Abraham Paper (A3)', 'Abraham Paper (A3)', 'Abraham Paper (A3)', 'Abraham Paper (A4)', 'Abraham Paper (A4)', 'Abraham Paper (A4)', 'Abraham Paper (A5)', 'Abraham Paper (A5)', 'Abraham Paper (A5)', 'Abraham Paper (A5)', 'Abraham Paper (A5)', 'Abraham Paper (A5)', 'Abraham Paper (A6)', 'CompSol Binary (entry number=66952)']",10.1016/j.cej.2021.129307,1.695084035396576,1.6256689429283142,1.693133294582367,1.785179316997528,1.779751181602478,1.7157633543014525,0.4242366456985476
expdb_217,CCC1CO1,CCC1CO1,-2.93,3,['Abraham Paper (A3)'],10.1016/j.cej.2021.129307,-2.1173774798711142,-2.0078161557515464,-2.2185277938842773,-2.0014909505844116,-1.8735651572545369,-2.043755507469178,0.8862444925308224
expdb_218,CCC=C(C)C,CCC=C(C)C,1.47,2,"['Abraham Paper (A20)', 'Abraham Paper (A20)', 'Abraham Paper (A27)', 'Abraham Paper (A5)', 'Abraham Paper (A5)']",10.1016/j.cej.2021.129307,1.6557366251945496,1.6240095496177673,1.4603915810585022,1.7313563227653503,1.7044975757598877,1.6351983308792115,0.16519833087921154
expdb_219,CCC=CCC,CCC=CCC,1.62,3,['Abraham Paper (A27)'],10.1016/j.cej.2021.129307,1.5455320676167805,1.5932969252268474,1.3397499720255535,1.4855515559514363,1.4307945569356282,1.4789850155512492,0.14101498444875094
expdb_220,CCC=CCC=CCC=CCCCCCCCC(=O)OC,CCC=CCC=CCC=CCCCCCCCC(=O)OC,-3.47,5,['CompSol Binary (entry number=61822)'],10.1016/j.cej.2021.129307,-2.4220980167388917,-1.5372499227523804,-3.307209539413452,-2.3904010534286497,-2.5482863426208495,-2.441048974990845,1.0289510250091554
expdb_221,CCC=CCCC=O,CCC=CCCC=O,-3.19,5,"['CompSol Binary (entry number=61815)', 'CompSol Binary (entry number=61816)', 'CompSol Binary (entry number=61817)']",10.1016/j.cej.2021.129307,-2.9967056274414063,-2.85548791885376,-3.1602285861968995,-3.1156725883483887,-3.1165417671203612,-3.0489272975921633,0.14107270240783665
expdb_222,CCCC(=O)CC(=O)CC,CCCC(=O)CC(=O)CC,-4.35,5,['Abraham Paper (A15)'],10.1016/j.cej.2021.129307,-6.517523384094238,-6.767562484741211,-7.184206867218018,-6.244152450561524,-6.212321090698242,-6.585153255462646,2.235153255462646
expdb_223,CCCC(=O)CC(=O)CCC,CCCC(=O)CC(=O)CCC,-4.33,5,"['Abraham Paper (A15)', 'Abraham Paper (A6)']",10.1016/j.cej.2021.129307,-6.317613410949707,-6.559204483032227,-6.9928923606872555,-5.963976287841797,-5.983003330230713,-6.3633379745483385,2.0333379745483384
expdb_224,CCCC(=O)CC(=O)C,CCCC(=O)CC(C)=O,-4.39,5,['Abraham Paper (A15)'],10.1016/j.cej.2021.129307,-6.9074677467346195,-6.973991394042969,-7.17880687713623,-6.325349617004394,-6.563693809509277,-6.789861888885499,2.399861888885499
expdb_225,CCCC(=O)CC,CCCC(=O)CC,-3.07,4,['CompSol Binary (entry number=64633)'],10.1016/j.cej.2021.129307,-3.0385695099830627,-3.063429594039917,-3.4061301350593567,-3.11161869764328,-3.0728076100349426,-3.1385111093521116,0.0685111093521118
expdb_226,CC(CCC=C(C)C)CCOC(=O)CCC,CCCC(=O)OCCC(C)CCC=C(C)C,-2.73,5,['Abraham Paper (A24)'],10.1016/j.cej.2021.129307,-2.0675421476364138,-2.068933367729187,-2.173841691017151,-1.535752820968628,-1.5660192728042603,-1.882417860031128,0.8475821399688719
expdb_227,CCCC(=O)C1=C(C)NN(C1=O)c2ccccc2,CCCC(=O)c1c(C)[nH]n(-c2ccccc2)c1=O,-9.51,5,['Abraham Paper (A6)'],10.1016/j.cej.2021.129307,-8.633084297180176,-7.872390365600586,-8.897610664367676,-7.977275753021241,-9.444594192504884,-8.56499105453491,0.945008945465089
expdb_228,CCCC(C)Cl,CCCC(C)Cl,0.07,4,From Minnesota Solvation Database (MNSOL) version 2012,10.13020/3eks-j059,-0.05885728891007602,0.10605313070118427,-0.05036362633109093,0.027796420268714428,0.25450661801733077,0.0558270507492125,0.014172949250787506
expdb_230,CCCC1CCCCC1,CCCC1CCCCC1,1.8,2,"['Abraham Paper (A20)', 'Abraham Paper (A20)', 'Abraham Paper (A5)', 'Abraham Paper (A5)']",10.1016/j.cej.2021.129307,1.8425499200820923,1.721824586391449,1.9268003702163696,2.0145360231399536,1.9088271856307983,1.8829076170921326,0.08290761709213257
expdb_232,CCCCC(=O)CC(=O)CCCC,CCCCC(=O)CC(=O)CCCC,-4.13,5,['Abraham Paper (A15)'],10.1016/j.cej.2021.129307,-5.923581981658936,-6.095646572113037,-7.105557155609131,-5.897080421447754,-5.637373924255371,-6.131848011016846,2.001848011016846
expdb_233,CCCCC(=O)CC(=O)C,CCCCC(=O)CC(C)=O,-4.28,5,['Abraham Paper (A15)'],10.1016/j.cej.2021.129307,-6.602931118011474,-6.756101608276367,-7.162820816040039,-6.334728050231933,-6.3094758033752445,-6.633211479187013,2.3532114791870127
expdb_234,CCCCC(=O)CC,CCCCC(=O)CC,-3.04,5,['CompSol Binary (entry number=64630)'],10.1016/j.cej.2021.129307,-2.8283159732818604,-2.96841082572937,-3.193528747558594,-2.940984678268433,-2.932151365280151,-2.9726783180236813,0.06732168197631871
expdb_235,CC(CCC=C(C)C)CCOC(=O)CCCC,CCCCC(=O)OCCC(C)CCC=C(C)C,-2.51,5,['Abraham Paper (A24)'],10.1016/j.cej.2021.129307,-1.892543125152588,-1.5305397033691406,-2.2411877393722532,-1.43717622756958,-1.6383698225021361,-1.7479633235931396,0.7620366764068602
expdb_236,CCCCC(C)(C)C,CCCCC(C)(C)C,3.02,2,['CompSol Binary (entry number=63431)'],10.1016/j.cej.2021.129307,3.0948630571365356,2.963793635368347,2.8191845417022705,2.992889165878296,3.0027835369110107,2.974702787399292,0.04529721260070785
expdb_237,CCCCC(C)CCC,CCCCC(C)CCC,3.57,5,['CompSol Binary (entry number=64810)'],10.1016/j.cej.2021.129307,2.9816681861877443,3.008030366897583,2.9071263313293456,3.1679317951202393,3.1808221340179443,3.0491157627105716,0.5208842372894282
expdb_238,CCCCC(C)O,CCCCC(C)O,-4.28,4,"['Abraham Paper (A8)', 'CompSol Binary (entry number=63884)']",10.1016/j.cej.2021.129307,-4.023064494132996,-4.265375196933746,-4.232284903526306,-4.00290584564209,-4.327847123146057,-4.170295512676239,0.10970448732376159
expdb_239,CCCCC(CC)CO,CCCCC(CC)CO,-3.96,4,"['CompSol Binary (entry number=63805)', 'CompSol Binary (entry number=63806)', 'CompSol Binary (entry number=63807)']",10.1016/j.cej.2021.129307,-3.4054223895072937,-3.6503469347953796,-3.541754126548767,-2.9255371689796448,-3.4300771951675415,-3.3906275629997253,0.5693724370002746
expdb_240,CCCCC(CC)O,CCCCC(O)CC,-3.94,5,"['CompSol Binary (entry number=64612)', 'CompSol Binary (entry number=64613)', 'CompSol Binary (entry number=64614)', 'CompSol Binary (entry number=64616)']",10.1016/j.cej.2021.129307,-4.131624460220337,-4.160814332962036,-4.149861145019531,-3.889257287979126,-3.987970161437988,-4.063905477523805,0.12390547752380465
expdb_241,CCCCC1CCCCC1,CCCCC1CCCCC1,1.96,5,"['Abraham Paper (A20)', 'Abraham Paper (A5)']",10.1016/j.cej.2021.129307,2.2513189792633055,2.162488412857056,2.029910612106323,2.4118525981903076,2.22041335105896,2.215196790695191,0.25519679069519086
expdb_242,CCCCCC#N,CCCCCC#N,-3.28,4,['CompSol Binary (entry number=67325)'],10.1016/j.cej.2021.129307,-3.0062671303749084,-3.042504131793976,-3.2082520127296448,-2.940362513065338,-3.2681416869163513,-3.0931054949760437,0.1868945050239561
expdb_243,CCCCCC(=O)CC(=O)CCCCC,CCCCCC(=O)CC(=O)CCCCC,-3.68,5,['Abraham Paper (A15)'],10.1016/j.cej.2021.129307,-5.546082305908203,-5.421524906158448,-6.047726440429687,-4.96241865158081,-5.01787633895874,-5.399125728607178,1.7191257286071777
expdb_244,CCCCCC(=O)CC(=O)C,CCCCCC(=O)CC(C)=O,-4.3,5,['Abraham Paper (A15)'],10.1016/j.cej.2021.129307,-6.182983303070069,-6.16392822265625,-6.348581600189209,-5.534147644042969,-5.536279582977295,-5.953184070587159,1.6531840705871588
expdb_245,CCCCCC(=O)C1=C(C)NN(C1=O)c2ccccc2,CCCCCC(=O)c1c(C)[nH]n(-c2ccccc2)c1=O,-9.26,5,['Abraham Paper (A6)'],10.1016/j.cej.2021.129307,-8.27436695098877,-7.3386462211608885,-8.243479156494141,-7.504712677001953,-8.844042587280274,-8.041049518585206,1.2189504814147938
expdb_248,CCCCCC=CCC=CCCCCCCCC(=O)OC,CCCCCC=CCC=CCCCCCCCC(=O)OC,-2.48,5,['CompSol Binary (entry number=61821)'],10.1016/j.cej.2021.129307,-1.890873336791992,-1.3383192658424377,-2.7342615842819216,-1.7689938068389892,-1.7476653575897216,-1.8960226702690126,0.5839773297309874
expdb_249,CCCCCCC(=O)O,CCCCCCC(=O)O,-6.12,4,"['CompSol Binary (entry number=67217)', 'CompSol Binary (entry number=67226)']",10.1016/j.cej.2021.129307,-5.108782768249512,-5.2517924308776855,-5.660909056663513,-5.481420159339905,-4.889869332313538,-5.278554749488831,0.8414452505111694
expdb_250,CCCCCCC(C)O,CCCCCCC(C)O,-3.77,5,"['CompSol Binary (entry number=64228)', 'CompSol Binary (entry number=64239)']",10.1016/j.cej.2021.129307,-3.5558319091796875,-3.8008734226226806,-3.8243266582489013,-3.476094150543213,-3.5361987590789794,-3.638664979934693,0.13133502006530717
expdb_251,CCCCCCCC(=O)C1=C(C)NN(C1=O)c2ccccc2,CCCCCCCC(=O)c1c(C)[nH]n(-c2ccccc2)c1=O,-8.85,5,['Abraham Paper (A6)'],10.1016/j.cej.2021.129307,-7.521176528930664,-6.871163463592529,-7.891119289398193,-6.93487777709961,-8.216545867919923,-7.486976585388183,1.363023414611817
expdb_252,CCCCCCCC(C)O,CCCCCCCC(C)O,-3.57,5,['CompSol Binary (entry number=64218)'],10.1016/j.cej.2021.129307,-3.4771765232086183,-3.63094482421875,-3.623481512069702,-3.2943288326263427,-3.3843549251556397,-3.4820573234558103,0.08794267654418952
expdb_253,CCCCCCCCC=CCCCCCCCC(=O)OC,CCCCCCCCC=CCCCCCCCC(=O)OC,-2.13,5,['CompSol Binary (entry number=61819)'],10.1016/j.cej.2021.129307,-1.0343309700489045,-0.7739764109253884,-1.4887472867965699,-0.708129346370697,-0.9411632180213928,-0.9892694464325904,1.1407305535674095
expdb_254,CCCCCCCCC=CCCCCCCCC(=O)OCC,CCCCCCCCC=CCCCCCCCC(=O)OCC,-8.25,5,['CompSol Binary (entry number=61818)'],10.1016/j.cej.2021.129307,-0.9624931216239929,-0.45770059823989867,-1.619482696056366,-0.45787976384162904,-0.5867390602827072,-0.8168590480089188,7.433140951991081
expdb_255,CCCCCCCCC=CCCCCCCCCCCCC(=O)OC,CCCCCCCCC=CCCCCCCCCCCCC(=O)OC,-1.09,5,['CompSol Binary (entry number=61761)'],10.1016/j.cej.2021.129307,-0.2852648735046387,0.3861520655453205,-1.114367914199829,0.1796806275844574,-0.022324896603822707,-0.17122499823570253,0.9187750017642975
expdb_256,CCCCCCCCCC(=O)O,CCCCCCCCCC(=O)O,-5.28,5,['Abraham Paper (A16)'],10.1016/j.cej.2021.129307,-4.540138053894043,-4.873494338989258,-5.142521762847901,-4.986590099334717,-4.4195949077606205,-4.792467832565308,0.48753216743469263
expdb_257,CCCCCCCCCC(=O)OC,CCCCCCCCCC(=O)OC,-1.91,5,['CompSol Binary (entry number=66476)'],10.1016/j.cej.2021.129307,-1.5471996784210205,-1.574587607383728,-1.6106681823730469,-1.3123996019363404,-1.436631155014038,-1.4962972450256347,0.41370275497436526
expdb_258,CCCCCCCCCC(=O)C1=C(C)NN(C1=O)c2ccccc2,CCCCCCCCCC(=O)c1c(C)[nH]n(-c2ccccc2)c1=O,-8.46,5,['Abraham Paper (A6)'],10.1016/j.cej.2021.129307,-6.652467250823975,-5.918981266021729,-7.065607070922852,-6.129706287384034,-7.0825121879577635,-6.56985481262207,1.8901451873779305
expdb_259,CCCCCCCCCC(C)C,CCCCCCCCCC(C)C,4.04,5,['CompSol Binary (entry number=64198)'],10.1016/j.cej.2021.129307,3.618941068649292,3.599391317367554,3.488120603561401,3.885768461227417,3.7825735092163084,3.6749589920043944,0.3650410079956057
expdb_260,CCCCCCCCCCCC(=O)OC,CCCCCCCCCCCC(=O)OC,-2.91,5,['CompSol Binary (entry number=66585)'],10.1016/j.cej.2021.129307,-0.7981855571269989,-1.0861621618270874,-1.3446339607238769,-0.7727343380451203,-0.8258075475692749,-0.9655047130584716,1.9444952869415286
expdb_261,CCCCCCCCCCCCC,CCCCCCCCCCCCC,4.12,5,['CompSol Binary (entry number=69136)'],10.1016/j.cej.2021.129307,3.8195828914642336,3.7984781742095945,3.5868478775024415,4.053406047821045,3.9595938682556153,3.843581771850586,0.2764182281494141
expdb_262,CCCCCCCCCCCCCC(=O)OC,CCCCCCCCCCCCCC(=O)OC,-1.14,5,['CompSol Binary (entry number=68961)'],10.1016/j.cej.2021.129307,-0.9088493943214416,-0.937971043586731,-0.9598278760910034,-0.526080846786499,-0.672092080116272,-0.8009642481803894,0.33903575181961054
expdb_263,CCCCCCCCCCCCCC(=O)OCC,CCCCCCCCCCCCCC(=O)OCC,-7.32,5,['CompSol Binary (entry number=68958)'],10.1016/j.cej.2021.129307,-0.5380986988544464,-0.5174883484840394,-0.8842013835906982,-0.12552276626229286,-0.3586264580488205,-0.48478753104805944,6.835212468951941
expdb_264,CCCCCCCCCCCCCCC,CCCCCCCCCCCCCCC,4.29,5,['CompSol Binary (entry number=68592)'],10.1016/j.cej.2021.129307,4.205507516860962,4.181285762786866,3.9097290992736817,4.516994476318359,4.395602416992188,4.241823854446411,0.0481761455535894
expdb_265,CCCCCCCCCCCCCCCC(=O)OCC,CCCCCCCCCCCCCCCC(=O)OCC,-7.23,5,['CompSol Binary (entry number=67231)'],10.1016/j.cej.2021.129307,-0.3053507715463638,-0.259679495356977,-0.5484190225601197,0.2967229291796684,0.08089710399508476,-0.14716585125774145,7.082834148742259
expdb_266,CCCCCCCCCCCCCCCCCC,CCCCCCCCCCCCCCCCCC,4.15,5,"['Abraham Paper (A20)', 'Abraham Paper (A25)', 'Abraham Paper (A3)', 'Abraham Paper (A5)']",10.1016/j.cej.2021.129307,4.287708139419555,4.274851322174072,4.1509476661682125,4.878039264678955,4.6590574264526365,4.450120763778687,0.30012076377868624
expdb_267,CCCCCCCCCCCCCCCCCCC,CCCCCCCCCCCCCCCCCCC,4.38,5,"['Abraham Paper (A20)', 'Abraham Paper (A3)', 'Abraham Paper (A5)']",10.1016/j.cej.2021.129307,4.83967695236206,4.736080169677734,4.479044437408447,5.229319286346436,5.082183074951172,4.87326078414917,0.49326078414916985
expdb_268,CCCCCCCCCCCCCCCCCCCC,CCCCCCCCCCCCCCCCCCCC,4.52,5,"['Abraham Paper (A20)', 'Abraham Paper (A20)', 'Abraham Paper (A25)', 'Abraham Paper (A3)', 'Abraham Paper (A4)', 'Abraham Paper (A4)', 'Abraham Paper (A4)', 'Abraham Paper (A5)', 'Abraham Paper (A5)']",10.1016/j.cej.2021.129307,4.520412445068359,4.467620992660523,3.873141384124756,4.94287338256836,4.79014253616333,4.518838148117065,0.0011618518829346058
expdb_269,CCCCCCCCCCCCCCCCCCCCC,CCCCCCCCCCCCCCCCCCCCC,4.71,5,"['Abraham Paper (A20)', 'Abraham Paper (A20)', 'Abraham Paper (A5)', 'Abraham Paper (A5)']",10.1016/j.cej.2021.129307,5.176703643798828,5.144138431549072,4.310591173171997,5.625058364868164,5.3218849182128904,5.11567530632019,0.4056753063201901
expdb_270,CCCCCCCCCCCCCCCCCCCCCC,CCCCCCCCCCCCCCCCCCCCCC,4.87,5,"['Abraham Paper (A20)', 'Abraham Paper (A20)', 'Abraham Paper (A25)', 'Abraham Paper (A3)', 'Abraham Paper (A3)', 'Abraham Paper (A3)', 'Abraham Paper (A4)', 'Abraham Paper (A4)', 'Abraham Paper (A4)', 'Abraham Paper (A5)', 'Abraham Paper (A5)']",10.1016/j.cej.2021.129307,5.355590057373047,5.442578315734863,4.678031253814697,5.840768909454345,5.554549598693848,5.37430362701416,0.5043036270141599
expdb_271,CCCCCCCCCCCCCCCCCCCCCCC,CCCCCCCCCCCCCCCCCCCCCCC,5.07,5,"['Abraham Paper (A20)', 'Abraham Paper (A20)', 'Abraham Paper (A3)', 'Abraham Paper (A3)', 'Abraham Paper (A3)', 'Abraham Paper (A4)', 'Abraham Paper (A4)', 'Abraham Paper (A4)', 'Abraham Paper (A4)', 'Abraham Paper (A4)', 'Abraham Paper (A4)', 'Abraham Paper (A5)', 'Abraham Paper (A5)']",10.1016/j.cej.2021.129307,5.3815258026123045,5.369428730010986,4.778036594390869,6.1505992889404295,5.806794548034668,5.497276992797852,0.4272769927978519
expdb_272,CCCCCCCCCCCCCCCCCCCCCCCC,CCCCCCCCCCCCCCCCCCCCCCCC,5.24,5,"['Abraham Paper (A20)', 'Abraham Paper (A20)', 'Abraham Paper (A3)', 'Abraham Paper (A4)', 'Abraham Paper (A4)', 'Abraham Paper (A4)', 'Abraham Paper (A5)', 'Abraham Paper (A5)']",10.1016/j.cej.2021.129307,5.585658931732178,5.597915554046631,5.035802412033081,6.1253783226013185,5.948636436462403,5.658678331375123,0.4186783313751228
expdb_273,CCCCCCCCCCCCCCCCCCCCCCCCC,CCCCCCCCCCCCCCCCCCCCCCCCC,5.39,5,"['Abraham Paper (A20)', 'Abraham Paper (A20)', 'Abraham Paper (A5)', 'Abraham Paper (A5)']",10.1016/j.cej.2021.129307,5.7561358451843265,5.890826606750489,5.140140771865845,6.330799102783203,6.153486633300782,5.854277791976929,0.4642777919769294
expdb_274,CCCCCCCCCCCCCCCCCCCCCCCCCC,CCCCCCCCCCCCCCCCCCCCCCCCCC,5.59,5,"['Abraham Paper (A20)', 'Abraham Paper (A20)', 'Abraham Paper (A5)', 'Abraham Paper (A5)']",10.1016/j.cej.2021.129307,5.167033529281616,5.476388311386108,4.107169508934021,5.790251159667969,5.508547735214234,5.2098780488967895,0.38012195110321034
expdb_275,CCCCCCCCCCCCCCCCCCCCCCCCCCC,CCCCCCCCCCCCCCCCCCCCCCCCCCC,5.74,5,"['Abraham Paper (A20)', 'Abraham Paper (A20)', 'Abraham Paper (A5)', 'Abraham Paper (A5)']",10.1016/j.cej.2021.129307,6.049306774139405,6.069658088684082,4.975144577026367,6.541004657745361,6.251104259490967,5.977243671417236,0.2372436714172359
expdb_276,CCCCCCCCCCCCCCCCCCCCCCCCCCCC,CCCCCCCCCCCCCCCCCCCCCCCCCCCC,5.92,5,"['Abraham Paper (A20)', 'Abraham Paper (A20)', 'Abraham Paper (A3)', 'Abraham Paper (A4)', 'Abraham Paper (A4)', 'Abraham Paper (A4)', 'Abraham Paper (A5)', 'Abraham Paper (A5)']",10.1016/j.cej.2021.129307,5.967471408843994,6.065232563018799,5.427136182785034,6.657530498504639,6.303250885009765,6.084124307632446,0.1641243076324459
expdb_277,CCCCCCCCCCCCCCCCCCO,CCCCCCCCCCCCCCCCCCO,-2.43,5,"['Abraham Paper (A25)', 'Abraham Paper (A4)', 'Abraham Paper (A4)', 'Abraham Paper (A4)', 'Abraham Paper (A8)', 'Abraham Paper (A9)']",10.1016/j.cej.2021.129307,-1.9274633407592774,-2.1606116771697996,-2.5145067453384398,-1.4196613550186157,-1.7904819011688233,-1.962545003890991,0.4674549961090091
expdb_278,CCCCCCCCCCCCCCCCO,CCCCCCCCCCCCCCCCO,-2.76,5,"['Abraham Paper (A25)', 'Abraham Paper (A4)', 'Abraham Paper (A4)', 'Abraham Paper (A4)', 'Abraham Paper (A8)', 'Abraham Paper (A9)']",10.1016/j.cej.2021.129307,-2.4189130067825317,-2.587696599960327,-2.8424618244171143,-1.8805009126663208,-2.328059267997742,-2.411526322364807,0.34847367763519266
expdb_279,CCCCCCCCCCCCCCCO,CCCCCCCCCCCCCCCO,-2.92,5,['Abraham Paper (A9)'],10.1016/j.cej.2021.129307,-2.244345021247864,-2.383582592010498,-2.8003259658813477,-1.8392846584320068,-2.175958347320557,-2.2886993169784544,0.6313006830215455
expdb_280,CCCCCCCCCCCCCCO,CCCCCCCCCCCCCCO,-3.08,5,"['Abraham Paper (A25)', 'Abraham Paper (A4)', 'Abraham Paper (A4)', 'Abraham Paper (A4)']",10.1016/j.cej.2021.129307,-2.6644735813140867,-2.7503466606140137,-3.003591775894165,-2.1434426307678223,-2.5753406047821046,-2.6274390506744387,0.45256094932556135
expdb_281,CCCCCCCCCCCCCN,CCCCCCCCCCCCCN,-3.2,5,['CompSol Binary (entry number=63351)'],10.1016/j.cej.2021.129307,-2.391891098022461,-2.254792857170105,-2.4752548694610597,-2.03689820766449,-2.003082513809204,-2.232383909225464,0.9676160907745364
expdb_282,O=C(OCCCCCCCCCCCC)C1=CC=CC=C1C(OCCCCCCCCCCCC)=O,CCCCCCCCCCCCOC(=O)c1ccccc1C(=O)OCCCCCCCCCCCC,-5.92,5,['Abraham Paper (A18)'],10.1016/j.cej.2021.129307,-2.6638182401657104,-2.3784380197525024,-3.6406039714813234,-2.083416497707367,-2.9125463008880614,-2.7357646059989933,3.1842353940010066
expdb_283,O=C(OCCCCCCCCCCC)C1=CC=CC=C1C(OCCCCCCCCCCC)=O,CCCCCCCCCCCOC(=O)c1ccccc1C(=O)OCCCCCCCCCCC,-6.08,5,['Abraham Paper (A18)'],10.1016/j.cej.2021.129307,-2.3348448991775514,-2.4247458934783936,-3.4424416065216064,-2.219606876373291,-2.81254563331604,-2.646836981773377,3.4331630182266233
expdb_284,O=C(OCC)C1=CC=CC=C1C(OCCCCCCCCCC)=O,CCCCCCCCCCOC(=O)c1ccccc1C(=O)OCC,-6.78,5,['Abraham Paper (A18)'],10.1016/j.cej.2021.129307,-4.4139519214630125,-4.495553970336914,-5.053622436523438,-3.9394929885864256,-4.790460300445557,-4.53861632347107,2.2413836765289306
expdb_285,O=C(OCCCCCCCCCC)C1=CC=CC=C1C(OCCCCC)=O,CCCCCCCCCCOC(=O)c1ccccc1C(=O)OCCCCC,-6.49,5,['Abraham Paper (A18)'],10.1016/j.cej.2021.129307,-4.164706516265869,-3.820280408859253,-4.894073581695556,-3.5742822170257567,-4.092335557937622,-4.109135656356811,2.3808643436431893
expdb_286,O=C(OCCCCCCCCCC)C1=CC=CC=C1C(OCCCCCCCCCC)=O,CCCCCCCCCCOC(=O)c1ccccc1C(=O)OCCCCCCCCCC,-6.22,5,['Abraham Paper (A18)'],10.1016/j.cej.2021.129307,-3.696854066848755,-3.6434181690216065,-4.562290620803833,-3.046938252449036,-3.8558042526245115,-3.7610610723495483,2.4589389276504514
expdb_287,O=C(OCCCCCCCCC)C1=CC=CC=C1C(OCCCC)=O,CCCCCCCCCOC(=O)c1ccccc1C(=O)OCCCC,-6.67,5,['Abraham Paper (A18)'],10.1016/j.cej.2021.129307,-4.6053009033203125,-4.618949937820434,-5.462343788146972,-4.317250442504883,-4.9019207000732425,-4.781153154373169,1.8888468456268308
expdb_288,O=C(OCCCCCCCC)C1=CC=CC=C1C(OCCCC)=O,CCCCCCCCOC(=O)c1ccccc1C(=O)OCCCC,-6.83,5,['Abraham Paper (A18)'],10.1016/j.cej.2021.129307,-4.420787620544433,-4.281466245651245,-5.0414141654968265,-4.337881851196289,-4.794191169738769,-4.575148210525513,2.254851789474487
expdb_289,O=C(OCCCCCCCC)C1=CC=CC=C1C(OCCCCCCCC)=O,CCCCCCCCOC(=O)c1ccccc1C(=O)OCCCCCCCC,-6.68,5,['Abraham Paper (A18)'],10.1016/j.cej.2021.129307,-3.961880826950073,-3.279576635360718,-4.5650965690612795,-3.448529815673828,-3.892867660522461,-3.8295903015136714,2.8504096984863283
expdb_290,CCCCCCCCP(CCCCCCCC)(CCCCCCCC)=O,CCCCCCCCP(=O)(CCCCCCCC)CCCCCCCC,-15.48,5,['Abraham Paper (A6)'],10.1016/j.cej.2021.129307,-0.04371318966150284,-0.2578893590718508,-1.6977834105491638,-1.266976323723793,0.09496749341487884,-0.6342789579182864,14.845721042081713
expdb_291,CCCCCCCNCc1ccc(C)cc1,CCCCCCCNCc1ccc(C)cc1,-5.01,5,['Abraham Paper (A16)'],10.1016/j.cej.2021.129307,-5.248031044006348,-5.25737771987915,-4.53162841796875,-4.648370361328125,-5.094588756561279,-4.95599925994873,0.054000740051269425
expdb_292,O=C(OCCCCCCC)C1=CC=CC=C1C(OCCCCC)=O,CCCCCCCOC(=O)c1ccccc1C(=O)OCCCCC,-6.78,5,['Abraham Paper (A18)'],10.1016/j.cej.2021.129307,-4.655870819091797,-4.555101346969605,-5.0915382385253904,-4.2473146438598635,-4.9331742286682125,-4.696599855422974,2.083400144577026
expdb_293,O=C(OCCCCCCC)C1=CC=CC=C1C(OCCCCCC)=O,CCCCCCCOC(=O)c1ccccc1C(=O)OCCCCCC,-6.67,5,['Abraham Paper (A18)'],10.1016/j.cej.2021.129307,-5.1501891136169435,-4.935372734069825,-5.548006629943847,-4.698882436752319,-5.45283842086792,-5.157057867050171,1.5129421329498287
expdb_294,O=C(OCCCCCCC)C1=CC=CC=C1C(OCCCCCCC)=O,CCCCCCCOC(=O)c1ccccc1C(=O)OCCCCCCC,-6.68,5,['Abraham Paper (A18)'],10.1016/j.cej.2021.129307,-4.577560043334961,-4.7529651641845705,-5.816518878936767,-4.760920715332031,-4.832106113433838,-4.9480141830444335,1.7319858169555662
expdb_295,CCCCCCCOC(=O)C,CCCCCCCOC(C)=O,-2.07,5,"['Abraham Paper (A20)', 'Abraham Paper (A5)']",10.1016/j.cej.2021.129307,-2.33488187789917,-2.0002218961715696,-2.127970314025879,-1.8521676540374756,-1.9244065046310426,-2.0479296493530272,0.022070350646972603
expdb_296,CCCCCCNCc1ccc(C)cc1,CCCCCCNCc1ccc(C)cc1,-4.97,5,['Abraham Paper (A16)'],10.1016/j.cej.2021.129307,-5.072884654998779,-5.254909896850586,-4.65868558883667,-4.7039210319519045,-5.1536375999450685,-4.968807754516602,0.0011922454833976914
expdb_297,O=C(OCCCCCC)C1=CC=CC=C1C(OCCCCCC)=O,CCCCCCOC(=O)c1ccccc1C(=O)OCCCCCC,-6.78,5,['Abraham Paper (A18)'],10.1016/j.cej.2021.129307,-4.392289018630981,-4.209807252883911,-5.0847039222717285,-3.9695550441741942,-4.509569549560547,-4.433184957504272,2.346815042495728
expdb_298,CCCCCN(N=O)C,CCCCCN(C)N=O,-5.05,5,['Abraham Paper (A8)'],10.1016/j.cej.2021.129307,-3.3174296855926513,-4.058767080307007,-3.427203893661499,-5.117627143859863,-2.9715169191360475,-3.778508944511414,1.2714910554885859
expdb_299,CCCCCNCc1ccc(C)cc1,CCCCCNCc1ccc(C)cc1,-5.21,5,['Abraham Paper (A16)'],10.1016/j.cej.2021.129307,-6.151002216339111,-5.936762428283691,-5.282908916473389,-5.422422409057617,-5.964493274688721,-5.751517848968506,0.541517848968506
expdb_300,CCCCCOC(=O)CCC,CCCCCOC(=O)CCC,-2.55,5,['CompSol Binary (entry number=65963)'],10.1016/j.cej.2021.129307,-2.2476351737976072,-1.997340941429138,-2.1552640914916994,-1.9342409133911134,-2.080624890327454,-2.0830212020874024,0.46697879791259744
expdb_301,O=C(OCCCCC)C1=CC=CC=C1C(OCCCCC)=O,CCCCCOC(=O)c1ccccc1C(=O)OCCCCC,-6.96,5,['Abraham Paper (A18)'],10.1016/j.cej.2021.129307,-5.0911791801452635,-5.007518672943116,-5.650623321533203,-4.744771575927734,-5.356859111785889,-5.17019037246704,1.7898096275329598
expdb_302,CCCCN(N=O)C,CCCCN(C)N=O,-5.37,5,['Abraham Paper (A8)'],10.1016/j.cej.2021.129307,-3.7753960132598876,-4.323772811889649,-3.841361427307129,-5.273489475250244,-3.5455541610717773,-4.151914777755738,1.2180852222442624
expdb_303,CCCCN(N=O)CC,CCCCN(CC)N=O,-5.25,4,['Abraham Paper (A8)'],10.1016/j.cej.2021.129307,-2.9256706833839417,-4.17698872089386,-3.7269914150238037,-4.609232187271118,-3.2968308329582214,-3.747142767906189,1.502857232093811
expdb_304,CCCN(N=O)CCCC,CCCCN(CCC)N=O,-5.12,5,['Abraham Paper (A8)'],10.1016/j.cej.2021.129307,-2.726887655258179,-4.261767053604126,-3.573830413818359,-4.285430765151977,-3.2631264686584474,-3.622208471298218,1.4977915287017822
expdb_305,CCCCN(CCCC)CCCC,CCCCN(CCCC)CCCC,-4.09,5,['CompSol Binary (entry number=68126)'],10.1016/j.cej.2021.129307,-1.9578113555908203,-3.0360686063766478,-2.8084777355194093,-2.312041473388672,-2.6129790782928466,-2.5454756498336795,1.5445243501663204
expdb_306,CCCCN(CCCC)N=O,CCCCN(CCCC)N=O,-4.91,5,['Abraham Paper (A8)'],10.1016/j.cej.2021.129307,-2.3919010877609255,-3.6813748359680174,-3.324744939804077,-4.1777431011199955,-3.0683266162872314,-3.3288181161880495,1.5811818838119507
expdb_307,CCCCNCc1ccc(C)cc1,CCCCNCc1ccc(C)cc1,-5.47,5,['Abraham Paper (A16)'],10.1016/j.cej.2021.129307,-5.8689874649047855,-5.8676985740661625,-5.4014201164245605,-5.359716320037842,-5.919079399108886,-5.683380374908448,0.2133803749084482
expdb_308,O=C(OC(CC)CCCC)C1=CC=CC=C1C(OCCCC)=O,CCCCOC(=O)c1ccccc1C(=O)OC(CC)CCCC,-6.71,4,['Abraham Paper (A18)'],10.1016/j.cej.2021.129307,-4.601168155670166,-4.696111679077148,-4.745701432228088,-3.979933977127075,-4.829817891120911,-4.570546627044678,2.1394533729553222
expdb_309,O=C(OCC1=CC=CC=C1)C2=CC=CC=C2C(OCCCC)=O,CCCCOC(=O)c1ccccc1C(=O)OCc1ccccc1,-9.55,5,['Abraham Paper (A18)'],10.1016/j.cej.2021.129307,-6.919442081451416,-7.304794025421143,-7.273455429077148,-6.785899066925049,-7.365084552764893,-7.129735031127931,2.42026496887207
expdb_310,CCCCOC(=O)C1=CC=CC=C1O,CCCCOC(=O)c1ccccc1O,-3.51,5,"['Abraham Paper (A6)', 'Abraham Paper (A6)', 'Abraham Paper (A6)']",10.1016/j.cej.2021.129307,-4.818935108184815,-4.587157821655273,-5.565761375427246,-4.952453327178955,-6.1783405303955075,-5.2205296325683594,1.7105296325683597
expdb_312,O=C(OCCOCCCC)C1=CC=CC=C1C(OCCOCCCC)=O,CCCCOCCOC(=O)c1ccccc1C(=O)OCCOCCCC,-12.85,5,['Abraham Paper (A18)'],10.1016/j.cej.2021.129307,-10.778322982788087,-9.578119659423828,-10.461031532287597,-9.987091445922852,-10.644947052001953,-10.289902534484863,2.5600974655151365
expdb_313,CCCCOP(=O)(OCCCC)OCCCC,CCCCOP(=O)(OCCCC)OCCCC,-6.73,5,['Abraham Paper (A6)'],10.1016/j.cej.2021.129307,-5.229924106597901,-3.891435384750366,-5.51645040512085,-4.596469593048096,-4.752621078491211,-4.797380113601685,1.9326198863983155
expdb_314,CCCCP(=O)(CCCC)CCCC,CCCCP(=O)(CCCC)CCCC,-11.09,5,['Abraham Paper (A6)'],10.1016/j.cej.2021.129307,-1.126713716983795,-2.343167042732239,-2.392782974243164,-2.794882261753082,-1.4386962458491326,-2.0192484483122826,9.070751551687717
expdb_315,O=P(SCCCC)(SCCCC)O,CCCCSP(=O)(O)SCCCC,-8.03,5,['Abraham Paper (A6)'],10.1016/j.cej.2021.129307,-3.1267996788024903,-2.2487066984176636,-3.8004828453063966,-3.6580692291259767,-1.5088853120803833,-2.868588752746582,5.161411247253417
expdb_316,CCCNCc1ccc(C)cc1,CCCNCc1ccc(C)cc1,-5.73,3,['Abraham Paper (A16)'],10.1016/j.cej.2021.129307,-6.336987177530925,-6.333195209503174,-5.634627978006999,-5.8843302726745605,-6.33613125483195,-6.105054378509522,0.37505437850952195
expdb_317,O=C(OCCC)C1=CC=CC=C1C(OCCC)=O,CCCOC(=O)c1ccccc1C(=O)OCCC,-7.56,5,['Abraham Paper (A18)'],10.1016/j.cej.2021.129307,-5.813735771179199,-5.206666469573975,-6.105537414550781,-5.3733926773071286,-5.80996150970459,-5.6618587684631345,1.898141231536865
expdb_318,CCCOC(=O)C1=CC=CC=C1O,CCCOC(=O)c1ccccc1O,-3.66,4,"['Abraham Paper (A6)', 'Abraham Paper (A6)', 'Abraham Paper (A6)']",10.1016/j.cej.2021.129307,-5.067807197570801,-4.681494474411011,-5.505959153175354,-5.082128047943115,-6.323678255081177,-5.332213425636292,1.6722134256362917
expdb_319,O=C(OCCOCCC)C1=CC=CC=C1C(OCCOCCC)=O,CCCOCCOC(=O)c1ccccc1C(=O)OCCOCCC,-13.16,5,['Abraham Paper (A18)'],10.1016/j.cej.2021.129307,-10.565096855163574,-9.653082084655761,-10.374796485900879,-10.258136558532716,-10.757649612426757,-10.321752319335937,2.838247680664063
expdb_320,CCCO[P](=O)(OCCC)OCCC,CCCOP(=O)(OCCC)OCCC,-6.1,5,From Minnesota Solvation Database (MNSOL) version 2012,10.13020/3eks-j059,-5.853038024902344,-4.349050235748291,-6.101201152801513,-5.657570266723633,-5.871974658966065,-5.566566867828369,0.5334331321716306
expdb_321,CCF,CCF,0.41,1,"['Abraham Paper (A20)', 'Abraham Paper (A20)', 'Abraham Paper (A5)', 'Abraham Paper (A5)']",10.1016/j.cej.2021.129307,-1.3696500062942505,-1.0115388631820679,-0.7148295640945435,-0.6019939184188843,-0.6935717463493347,-0.8783168196678162,1.288316819667816
expdb_322,CCN(N=O)C,CCN(C)N=O,-5.73,4,['Abraham Paper (A8)'],10.1016/j.cej.2021.129307,-4.178587317466736,-3.846022844314575,-3.704687535762787,-4.480996072292328,-3.6309879422187805,-3.968256342411041,1.7617436575889593
expdb_323,CCN(CC)N=O,CCN(CC)N=O,-5.46,3,['Abraham Paper (A8)'],10.1016/j.cej.2021.129307,-3.294384320576986,-4.795598824818929,-3.988929589589437,-5.4170028368632,-3.6207947731018066,-4.223342068990072,1.236657931009928
expdb_324,CC(N(N=O)CC)C,CCN(N=O)C(C)C,-5.46,4,['Abraham Paper (A8)'],10.1016/j.cej.2021.129307,-3.227210223674774,-4.174686133861542,-3.3760926127433777,-4.8899970054626465,-3.515881061553955,-3.836773407459259,1.6232265925407408
expdb_325,CCNCc1ccc(C)cc1,CCNCc1ccc(C)cc1,-6.02,2,['Abraham Paper (A16)'],10.1016/j.cej.2021.129307,-6.452901363372803,-6.335718393325806,-5.79146933555603,-6.0089027881622314,-6.308303117752075,-6.179458999633789,0.15945899963378984
expdb_326,CCNc1ccccc1,CCNc1ccccc1,-4.69,2,Averaged - std : 0.07,10.13020/3eks-j059 10.1016/j.cej.2021.129307,-5.188388824462891,-5.432231664657593,-5.129192113876343,-4.778067111968994,-5.086998224258423,-5.122975587844849,0.43297558784484824
expdb_327,CCNC1=NC(=NC(=N1)Cl)NC(C)(C)C#N,CCNc1nc(Cl)nc(NC(C)(C)C#N)n1,-13.23,5,['Abraham Paper (A23)'],10.1016/j.cej.2021.129307,-10.19467372894287,-10.227849769592286,-9.083746528625488,-10.026273918151855,-9.04772071838379,-9.716052932739256,3.5139470672607445
expdb_328,CCNC1=NC(=NC(=N1)Cl)NC(C)(C)C,CCNc1nc(Cl)nc(NC(C)(C)C)n1,-8.66,4,['Abraham Paper (A23)'],10.1016/j.cej.2021.129307,-9.07494592666626,-8.962465763092041,-7.800613880157471,-8.565513849258423,-7.541968584060669,-8.389101600646972,0.27089839935302784
expdb_329,CCNC1=NC(=NC(=N1)Cl)NC(C)C,CCNc1nc(Cl)nc(NC(C)C)n1,-9.69,5,['Abraham Paper (A23)'],10.1016/j.cej.2021.129307,-9.644313430786132,-9.200719451904297,-8.328371620178222,-9.177993392944336,-8.546189975738525,-8.979517574310302,0.7104824256896975
expdb_330,CCNC1=NC(=NC(=N1)OC)NC(C)(C)C,CCNc1nc(NC(C)(C)C)nc(OC)n1,-9.0,5,['Abraham Paper (A23)'],10.1016/j.cej.2021.129307,-9.795131874084472,-9.617586708068847,-8.967886161804199,-10.640347671508788,-8.859980583190918,-9.576186599731445,0.5761865997314448
expdb_331,CCNC1=NC(=NC(=N1)SC)NC(C)C(C)C,CCNc1nc(NC(C)C(C)C)nc(SC)n1,-8.73,5,['Abraham Paper (A23)'],10.1016/j.cej.2021.129307,-7.70447998046875,-8.456682777404785,-7.431546401977539,-8.615900993347168,-7.784784317016602,-7.998678894042968,0.7313211059570328
expdb_332,CCNC1=NC(=NC(=N1)OC)NC(C)C,CCNc1nc(NC(C)C)nc(OC)n1,-10.16,5,['Abraham Paper (A23)'],10.1016/j.cej.2021.129307,-10.905485153198242,-10.519270515441894,-10.197490692138672,-11.393412017822266,-9.650363731384278,-10.53320442199707,0.3732044219970696
expdb_333,CCC(C)NC1=NC(=NC(=N1)NCC)OC,CCNc1nc(NC(C)CC)nc(OC)n1,-9.89,5,['Abraham Paper (A23)'],10.1016/j.cej.2021.129307,-10.517159271240235,-10.484484672546387,-9.939660835266114,-11.235700988769532,-9.46494369506836,-10.328389892578125,0.4383898925781242
expdb_334,CCNC1=NC(=NC(=N1)OC)NCC,CCNc1nc(NCC)nc(OC)n1,-10.64,4,['Abraham Paper (A23)'],10.1016/j.cej.2021.129307,-11.471009969711304,-11.086403369903564,-11.469878673553467,-12.098916292190552,-9.748709678649902,-11.174983596801757,0.5349835968017569
expdb_335,CCNC1=NC(=NC(=N1)SC)NCC,CCNc1nc(NCC)nc(SC)n1,-10.09,4,['Abraham Paper (A23)'],10.1016/j.cej.2021.129307,-9.445688009262085,-9.073980808258057,-9.18535304069519,-9.800495624542236,-8.674184322357178,-9.23594036102295,0.8540596389770503
expdb_336,CCOC(=O)OCC,CCOC(=O)OCC,-3.28,4,['CompSol Binary (entry number=66194)'],10.1016/j.cej.2021.129307,-4.899600982666016,-4.541407346725464,-4.593245029449463,-4.528974652290344,-5.615933895111084,-4.8358323812484745,1.5558323812484747
expdb_337,CCOC(=O)C1=CC=CC=C1O,CCOC(=O)c1ccccc1O,-3.82,2,"['Abraham Paper (A6)', 'Abraham Paper (A6)', 'Abraham Paper (A6)']",10.1016/j.cej.2021.129307,-6.954582214355469,-7.471539258956909,-8.176313400268555,-7.654734373092651,-7.420093536376953,-7.535452556610108,3.7154525566101078
expdb_338,CCOC(C)(C)C,CCOC(C)(C)C,-1.61,2,"['Abraham Paper (A20)', 'Abraham Paper (A20)', 'Abraham Paper (A20)', 'Abraham Paper (A20)', 'Abraham Paper (A20)', 'Abraham Paper (A20)', 'Abraham Paper (A20)', 'Abraham Paper (A20)', 'Abraham Paper (A20)', 'Abraham Paper (A5)', 'Abraham Paper (A5)', 'Abraham Paper (A5)', 'Abraham Paper (A5)', 'Abraham Paper (A5)', 'Abraham Paper (A5)', 'Abraham Paper (A5)', 'Abraham Paper (A5)', 'Abraham Paper (A5)', 'CompSol Binary (entry number=63765)']",10.1016/j.cej.2021.129307,-1.9105090498924255,-2.743728756904602,-2.0987298488616943,-1.9637281894683838,-1.8682242631912231,-2.116984021663666,0.5069840216636659
expdb_339,CCC(C)(C)OCC,CCOC(C)(C)CC,-1.5,4,['CompSol Binary (entry number=63760)'],10.1016/j.cej.2021.129307,-1.396933063864708,-2.301047146320343,-1.8575671911239624,-1.5893762707710266,-1.3270778059959412,-1.6944002956151962,0.19440029561519623
expdb_340,CCOC(C)O,CCOC(C)O,-6.7,2,"['Abraham Paper (A6)', 'Abraham Paper (A6)']",10.1016/j.cej.2021.129307,-4.946363687515259,-4.265227556228638,-5.298402786254883,-4.850762128829956,-4.374785423278809,-4.747108316421508,1.9528916835784917
expdb_341,O=C(OCCOCC)C1=CC=CC=C1C(OCCOCC)=O,CCOCCOC(=O)c1ccccc1C(=O)OCCOCC,-13.42,5,['Abraham Paper (A18)'],10.1016/j.cej.2021.129307,-11.278020095825195,-10.33604907989502,-11.23722152709961,-11.157439422607421,-10.78520851135254,-10.958787727355958,2.461212272644042
expdb_342,CCOCOCC,CCOCOCC,-2.96,4,['CompSol Binary (entry number=61893)'],10.1016/j.cej.2021.129307,-3.295523941516876,-3.723345935344696,-3.870620906352997,-3.2118133306503296,-3.4382165670394897,-3.5079041361808776,0.5479041361808776
expdb_343,CCOOCC,CCOOCC,-5.32,1,From Minnesota Solvation Database (MNSOL) version 2012,10.13020/3eks-j059,-2.516810894012451,-1.2932733297348022,-1.990543246269226,-2.712458610534668,-3.5280511379241943,-2.4082274436950684,2.911772556304932
expdb_344,CCOc1ccc(cc1)C(=O)N(O)c2ccc(C)cc2,CCOc1ccc(C(=O)N(O)c2ccc(C)cc2)cc1,-12.43,5,['Abraham Paper (A6)'],10.1016/j.cej.2021.129307,-8.666827392578124,-9.441360092163086,-9.079843521118164,-8.954573631286621,-9.322929763793946,-9.093106880187987,3.3368931198120126
expdb_345,CCOc1ccc(NC(C)=O)cc1,CCOc1ccc(NC(C)=O)cc1,-10.91,4,From Minnesota Solvation Database (MNSOL) version 2012,10.13020/3eks-j059,-8.277167558670044,-7.980189561843872,-9.609699487686157,-8.308664560317993,-7.328597187995911,-8.300863671302796,2.609136328697204
expdb_346,CC[S](CC)=[P]([O-])([O-])c1ccc(cc1)[N+]([O-])=O,CCS(CC)=P([O-])([O-])c1ccc([N+](=O)[O-])cc1,-6.27,4,From Minnesota Solvation Database (MNSOL) version 2012,10.13020/3eks-j059,-7.204941511154175,-6.7154306173324585,-8.212845087051392,-7.755569815635681,-7.72428822517395,-7.522615051269531,1.2526150512695313
expdb_347,CC[S](c1ccc(cc1)C#N)=[P]([O-])([O-])c2ccccc2,CCS(c1ccc(C#N)cc1)=P([O-])([O-])c1ccccc1,-5.1,5,From Minnesota Solvation Database (MNSOL) version 2012,10.13020/3eks-j059,-7.767018795013428,-6.721642684936524,-8.568051719665528,-7.827148532867431,-7.821778964996338,-7.741128139495851,2.6411281394958515
expdb_348,CCSC1=NC(=NC(=N1)NC(C)C)NC(C)C,CCSc1nc(NC(C)C)nc(NC(C)C)n1,-9.0,5,['Abraham Paper (A23)'],10.1016/j.cej.2021.129307,-7.3389664649963375,-7.64997673034668,-6.6641621589660645,-8.0744234085083,-8.06599931716919,-7.558705615997314,1.4412943840026857
expdb_349,CC[S](CC)(c1ccc(Cl)cc1Cl)=[P]([O-])([O-])[O-],CC[S](CC)(c1ccc(Cl)cc1Cl)=P([O-])([O-])[O-],-3.86,5,From Minnesota Solvation Database (MNSOL) version 2012,10.13020/3eks-j059,-5.143078327178955,-3.817543649673462,-4.657066059112549,-5.049658298492432,-4.778000736236573,-4.689069414138794,0.8290694141387944
expdb_350,CCC1=CC2=C(C=C1)C(=O)C3=CC=CC=C3C2=O,CCc1ccc2c(c1)C(=O)c1ccccc1C2=O,-6.57,2,['Abraham Paper (A38)'],10.1016/j.cej.2021.129307,-6.328735828399658,-7.021050453186035,-6.09034276008606,-6.7763800621032715,-6.660717487335205,-6.575445318222046,0.0054453182220459695
expdb_351,CCC1=CC2=CC=CC=C2C=C1,CCc1ccc2ccccc2c1,-2.26,2,['CompSol Binary (entry number=63832)'],10.1016/j.cej.2021.129307,-2.5442320108413696,-2.6440144777297974,-2.4278634786605835,-2.507818818092346,-2.4252849817276,-2.5098427534103394,0.24984275341033957
expdb_352,CCC1=CC=CS1,CCc1cccs1,-0.93,3,['CompSol Binary (entry number=63833)'],10.1016/j.cej.2021.129307,-1.4802018404006958,-1.5796936353047688,-1.3207788070042927,-1.8030304511388142,-2.5160298347473145,-1.7399469137191772,0.8099469137191772
expdb_353,CCN1C=CC(=NC1=O)NS(=O)(=O)C2=CC=C(C=C2)N,CCn1ccc(NS(=O)(=O)c2ccc(N)cc2)nc1=O,-20.65,4,['Abraham Paper (A16)'],10.1016/j.cej.2021.129307,-16.252857446670532,-18.48528003692627,-16.98665189743042,-15.746878147125244,-16.744733810424805,-16.843280267715453,3.806719732284545
expdb_354,CN(C)C(=O)NC1=CC(=C(C=C1)Cl)Cl,CN(C)C(=O)Nc1ccc(Cl)c(Cl)c1,-10.89,3,"['Abraham Paper (A3)', 'Abraham Paper (A3)', 'Abraham Paper (A3)', 'Abraham Paper (A6)', 'Abraham Paper (A9)']",10.1016/j.cej.2021.129307,-8.450668334960938,-9.592239379882812,-8.753536860148111,-9.490222613016764,-8.562335014343262,-8.969800440470376,1.9201995595296246
expdb_355,CN(C)C(=O)NC1=CC=C(C=C1)Cl,CN(C)C(=O)Nc1ccc(Cl)cc1,-10.41,2,"['Abraham Paper (A3)', 'Abraham Paper (A3)', 'Abraham Paper (A3)', 'Abraham Paper (A9)']",10.1016/j.cej.2021.129307,-8.854263305664062,-9.417524814605713,-9.445993423461914,-9.82366943359375,-8.584958553314209,-9.225281906127929,1.1847180938720712
expdb_356,CN(C)C1CCCCC1,CN(C)C1CCCCC1,-4.12,2,['CompSol Binary (entry number=68155)'],10.1016/j.cej.2021.129307,-3.1339969635009766,-2.751824378967285,-3.2519065141677856,-3.4587661027908325,-3.5496238470077515,-3.2292235612869264,0.8907764387130737
expdb_357,CN(C)CC=C(C1=CC=C(C=C1)Br)C2=CN=CC=C2,CN(C)CC=C(c1ccc(Br)cc1)c1cccnc1,-11.9,5,['Abraham Paper (A6)'],10.1016/j.cej.2021.129307,-10.338285827636719,-10.820404052734375,-10.290296936035157,-11.112957382202149,-10.619734001159667,-10.63633563995361,1.2636643600463895
expdb_358,CN(C)CCC(C1=CC=C(C=C1)Br)C2=CC=CC=N2,CN(C)CCC(c1ccc(Br)cc1)c1ccccn1,-11.6,4,['Abraham Paper (A6)'],10.1016/j.cej.2021.129307,-9.340447187423706,-9.829882383346558,-9.701115131378174,-9.893718242645264,-9.691688537597656,-9.691370296478272,1.9086297035217274
expdb_359,CN(C)CCc1ccc(O)cc1,CN(C)CCc1ccc(O)cc1,-11.3,4,['Abraham Paper (A27)'],10.1016/j.cej.2021.129307,-10.24245023727417,-10.668376684188843,-10.106712818145752,-10.16003680229187,-10.016282796859741,-10.238771867752074,1.0612281322479262
expdb_360,CN(C)CC1=CC=CC=C1,CN(C)Cc1ccccc1,-5.05,2,['Abraham Paper (A16)'],10.1016/j.cej.2021.129307,-4.617521524429321,-5.2618255615234375,-4.592637300491333,-4.804235219955444,-5.1715662479400635,-4.88955717086792,0.16044282913208008
expdb_362,CN(C)N=O,CN(C)N=O,-6.02,1,['Abraham Paper (A8)'],10.1016/j.cej.2021.129307,-4.6880316734313965,-4.3686137199401855,-4.1567816734313965,-6.3225626945495605,-3.862860918045044,-4.679770135879517,1.3402298641204826
expdb_363,CN(C)C1=CC=C(C=C1)C(=O)O,CN(C)c1ccc(C(=O)O)cc1,-9.28,1,"['Abraham Paper (A20)', 'Abraham Paper (A5)']",10.1016/j.cej.2021.129307,-7.98721170425415,-9.405303001403809,-8.771339416503906,-9.42560863494873,-9.48054313659668,-9.014001178741456,0.26599882125854357
expdb_364,CN(N=O)CC1=CC=CC=C1,CN(Cc1ccccc1)N=O,-7.03,4,['Abraham Paper (A8)'],10.1016/j.cej.2021.129307,-4.151549339294434,-5.359778165817261,-4.766692161560059,-6.937351226806641,-4.90125298500061,-5.223324775695801,1.8066752243041995
expdb_365,CN1C2=C(C=C(C=C2)Cl)C(=NC(C1=O)O)C3=CC=CC=C3,CN1C(=O)C(O)N=C(c2ccccc2)c2cc(Cl)ccc21,-15.18,2,"['Abraham Paper (A20)', 'Abraham Paper (A4)', 'Abraham Paper (A4)', 'Abraham Paper (A4)', 'Abraham Paper (A5)']",10.1016/j.cej.2021.129307,-9.56691312789917,-8.941443920135498,-9.714521884918213,-10.029438495635986,-8.940227508544922,-9.438508987426758,5.741491012573242
expdb_366,CN1C(=O)CN=C(C2=C1C=CC(=C2)Cl)C3=CC=CC=C3,CN1C(=O)CN=C(c2ccccc2)c2cc(Cl)ccc21,-12.58,2,['Abraham Paper (A16)'],10.1016/j.cej.2021.129307,-8.544881343841553,-7.723812580108643,-8.33842945098877,-8.735612392425537,-8.177273273468018,-8.304001808166504,4.275998191833496
expdb_367,CN1C(=C(C2=CC=CC=C2S1(=O)=O)O)C(=O)NC3=CC=CC=N3,CN1C(C(=O)Nc2ccccn2)=C(O)c2ccccc2S1(=O)=O,-15.8,5,"['Abraham Paper (A20)', 'Abraham Paper (A20)', 'Abraham Paper (A5)', 'Abraham Paper (A5)']",10.1016/j.cej.2021.129307,-15.83994255065918,-13.919805908203125,-15.751358795166016,-15.463849639892578,-15.443133735656739,-15.283618125915527,0.5163818740844732
expdb_368,CN1C2CCC1CC(C2)OC(=O)C(C3=CC=CC=C3)O,CN1C2CCC1CC(OC(=O)C(O)c1ccccc1)C2,-13.79,4,['Abraham Paper (A16)'],10.1016/j.cej.2021.129307,-12.372986793518066,-11.366003274917603,-11.843780994415283,-13.078123807907104,-13.364871263504028,-12.405153226852416,1.3848467731475829
expdb_370,CN1CCCC1C2=CN=CC=C2,CN1CCCC1c1cccnc1,-7.98,5,['Abraham Paper (A16)'],10.1016/j.cej.2021.129307,-8.808348083496094,-9.239932632446289,-8.070768928527832,-9.513434219360352,-9.403101921081543,-9.007117156982423,1.0271171569824222
expdb_371,CNC=O,CNC=O,-8.87,1,"['Abraham Paper (A20)', 'Abraham Paper (A26)', 'Abraham Paper (A4)', 'Abraham Paper (A5)']",10.1016/j.cej.2021.129307,-8.312923431396484,-6.831037521362305,-9.278094291687012,-7.4430437088012695,-6.041309833526611,-7.581281757354736,1.2887182426452632
expdb_372,CNCCc1ccc(O)cc1,CNCCc1ccc(O)cc1,-11.87,3,['Abraham Paper (A27)'],10.1016/j.cej.2021.129307,-12.176588376363119,-11.319036165873209,-10.589030265808105,-11.175975481669107,-11.448630015055338,-11.341852060953775,0.5281479390462245
expdb_373,CNCCc1ccc(OC)cc1,CNCCc1ccc(OC)cc1,-7.94,3,['Abraham Paper (A27)'],10.1016/j.cej.2021.129307,-8.303250312805176,-7.811232407887776,-6.941877683003743,-7.224004586537679,-7.351970354715983,-7.526467068990071,0.4135329310099296
expdb_374,CC1=CC=C(C=C1)CNC,CNCc1ccc(C)cc1,-5.95,2,['Abraham Paper (A16)'],10.1016/j.cej.2021.129307,-6.03125,-5.787639141082764,-5.204084396362305,-5.91576075553894,-6.418797969818115,-5.871506452560425,0.07849354743957537
expdb_375,CNN,CNN,-5.31,1,From Minnesota Solvation Database (MNSOL) version 2012,10.13020/3eks-j059,-7.50145149230957,-4.513062953948975,-7.543642520904541,-8.9368314743042,-6.526535511016846,-7.0043047904968265,1.694304790496827
expdb_376,CC(C)NC1=NC(=NC(=N1)NC)SC,CNc1nc(NC(C)C)nc(SC)n1,-10.5,4,['Abraham Paper (A23)'],10.1016/j.cej.2021.129307,-8.377188682556152,-7.98701274394989,-7.855761647224426,-8.927343845367432,-8.043480515480042,-8.238157486915588,2.261842513084412
expdb_377,COC(=O)OC,COC(=O)OC,-3.53,1,['CompSol Binary (entry number=66200)'],10.1016/j.cej.2021.129307,-5.287694454193115,-5.20884895324707,-4.918266296386719,-4.511135101318359,-5.787330150604248,-5.142654991149902,1.6126549911499022
expdb_378,COC1=C(C(=CC(=C1)C(OC)=O)C2=C(C(=CC(=C2)C(OC)=O)OC)O)O,COC(=O)c1cc(OC)c(O)c(-c2cc(C(=O)OC)cc(OC)c2O)c1,-17.32,3,['Abraham Paper (A13)'],10.1016/j.cej.2021.129307,-16.291107495625813,-16.54388491312663,-16.080448150634766,-17.340208689371746,-18.189655303955078,-16.889060910542806,0.43093908945719406
expdb_379,COC(=O)C1=CC(=CC(=C1)[N+](=O)[O-])[N+](=O)[O-],COC(=O)c1cc([N+](=O)[O-])cc([N+](=O)[O-])c1,-8.92,1,"['Abraham Paper (A20)', 'Abraham Paper (A5)']",10.1016/j.cej.2021.129307,-8.896621704101562,-9.045448303222656,-8.644790649414062,-10.05903434753418,-9.743420600891113,-9.277863121032714,0.35786312103271456
expdb_380,COC(=O)C1=CC=C(C=C1)Br,COC(=O)c1ccc(Br)cc1,-4.26,1,"['Abraham Paper (A20)', 'Abraham Paper (A5)']",10.1016/j.cej.2021.129307,-4.641974449157715,-4.738088130950928,-4.6480937004089355,-4.787529945373535,-4.673564910888672,-4.697850227355957,0.43785022735595724
expdb_381,COC(=O)C1=CC(=C(C=C1)Cl)Cl,COC(=O)c1ccc(Cl)c(Cl)c1,-3.75,2,"['Abraham Paper (A20)', 'Abraham Paper (A5)']",10.1016/j.cej.2021.129307,-4.13730263710022,-4.168760538101196,-3.8811933994293213,-4.4349141120910645,-4.403620481491089,-4.205158233642578,0.4551582336425781
expdb_382,COC(=O)C1=CC(=C(C=C1)Cl)[N+](=O)[O-],COC(=O)c1ccc(Cl)c([N+](=O)[O-])c1,-6.89,2,"['Abraham Paper (A20)', 'Abraham Paper (A5)']",10.1016/j.cej.2021.129307,-6.361510515213013,-5.934099197387695,-5.155372381210327,-6.584691762924194,-6.025554180145264,-6.012245607376099,0.8777543926239009
expdb_383,COC(=O)C1=CC=C(C=C1)I,COC(=O)c1ccc(I)cc1,-5.09,1,"['Abraham Paper (A20)', 'Abraham Paper (A5)']",10.1016/j.cej.2021.129307,-5.26010799407959,-4.766632080078125,-4.844995975494385,-4.816468715667725,-5.058156490325928,-4.94927225112915,0.14072774887084982
expdb_384,CN(C)C1=CC=C(C=C1)C(=O)OC,COC(=O)c1ccc(N(C)C)cc1,-7.01,1,"['Abraham Paper (A20)', 'Abraham Paper (A5)']",10.1016/j.cej.2021.129307,-6.314087867736816,-6.41828727722168,-6.137296199798584,-6.464933395385742,-6.738446235656738,-6.414610195159912,0.5953898048400879
expdb_385,COC(=O)C1=CC(=CC=C1)[N+](=O)[O-],COC(=O)c1cccc([N+](=O)[O-])c1,-6.79,2,"['Abraham Paper (A20)', 'Abraham Paper (A5)']",10.1016/j.cej.2021.129307,-6.968246698379517,-7.246655464172363,-6.507390260696411,-7.627593517303467,-7.383955001831055,-7.146768188476562,0.3567681884765621
expdb_386,CC(OC)OC,COC(C)OC,-3.26,1,['CompSol Binary (entry number=62136)'],10.1016/j.cej.2021.129307,-3.308969020843506,-3.673163890838623,-3.494706153869629,-3.3497025966644287,-3.323249340057373,-3.429958200454712,0.16995820045471222
expdb_387,CC(C)NC1=NC(=NC(=N1)NCCCOC)SC,COCCCNc1nc(NC(C)C)nc(SC)n1,-11.87,5,['Abraham Paper (A23)'],10.1016/j.cej.2021.129307,-11.056955146789551,-10.788000869750977,-10.315724182128907,-11.502314567565918,-10.909545707702637,-10.914508094787598,0.9554919052124013
expdb_388,O=C(OCCOC)C1=CC=CC=C1C(OCCOC)=O,COCCOC(=O)c1ccccc1C(=O)OCCOC,-13.48,5,['Abraham Paper (A18)'],10.1016/j.cej.2021.129307,-11.413107872009277,-10.487833213806152,-10.869670486450195,-10.752931213378906,-11.574187278747559,-11.019546012878418,2.460453987121582
expdb_389,COCc1ccc(cc1)C(O)=O,COCc1ccc(C(=O)O)cc1,-9.89,2,['Abraham Paper (A27)'],10.1016/j.cej.2021.129307,-8.363676071166992,-9.960652828216553,-8.993064403533936,-9.619702816009521,-9.855230808258057,-9.358465385437011,0.5315346145629896
expdb_390,COOC,COOC,-5.28,1,From Minnesota Solvation Database (MNSOL) version 2012,10.13020/3eks-j059,-3.6218557357788086,-1.9349373579025269,-2.191164016723633,-3.2204067707061768,-4.563166618347168,-3.1063060998916625,2.1736939001083377
expdb_391,CC(=O)C1=CC(=C(C(=C1)OC)O)C2=C(C(=CC(=C2)C(=O)C)OC)O,COc1cc(C(C)=O)cc(-c2cc(C(C)=O)cc(OC)c2O)c1O,-19.21,5,"['Abraham Paper (A13)', 'Abraham Paper (A13)']",10.1016/j.cej.2021.129307,-17.565834045410156,-18.60386390686035,-17.538454818725587,-16.813702011108397,-17.323006057739256,-17.568972167968752,1.6410278320312486
expdb_392,COC1=C(C=CC(=C1)C=O)O,COc1cc(C=O)ccc1O,-8.76,2,"['Abraham Paper (A6)', 'Abraham Paper (A6)']",10.1016/j.cej.2021.129307,-8.685914039611816,-9.010928630828857,-8.766812324523926,-9.703116416931152,-8.677866458892822,-8.968927574157714,0.20892757415771435
expdb_393,COC1=CC(=C(C(=C1Cl)Cl)Cl)Cl,COc1cc(Cl)c(Cl)c(Cl)c1Cl,-2.55,1,['Abraham Paper (A25)'],10.1016/j.cej.2021.129307,-2.5890045166015625,-2.7469451427459717,-2.218053102493286,-1.8817826509475708,-4.4137187004089355,-2.7699008226394652,0.21990082263946542
expdb_394,COC1=NC(=NC(=C1)NS(=O)(=O)C2=CC=C(C=C2)N)OC,COc1cc(NS(=O)(=O)c2ccc(N)cc2)nc(OC)n1,-18.91,3,['Abraham Paper (A16)'],10.1016/j.cej.2021.129307,-15.988409360249838,-18.56165949503581,-17.2636775970459,-15.928706169128418,-17.088009516398113,-16.966092427571617,1.9439075724283832
expdb_395,O=C(N(C1=CC=CC(Cl)=C1)O)C2=CC=C(OC)C=C2,COc1ccc(C(=O)N(O)c2cccc(Cl)c2)cc1,-12.8,5,['Abraham Paper (A6)'],10.1016/j.cej.2021.129307,-8.724406909942626,-9.29219741821289,-9.428820991516114,-9.439812850952148,-9.722101593017578,-9.321467952728272,3.478532047271729
expdb_396,COc1ccc(cc1)C(O)=O,COc1ccc(C(=O)O)cc1,-9.145,1,Averaged - std : 0.00,10.13020/3eks-j059 10.1016/j.cej.2021.129307,-7.081094264984131,-8.801433563232422,-7.9159836769104,-8.417215347290039,-8.207864761352539,-8.084718322753906,1.0602816772460937
expdb_397,COC1=CC=C(C=C1)C(C2=CC=C(C=C2)OC)C(Cl)(Cl)Cl,COc1ccc(C(c2ccc(OC)cc2)C(Cl)(Cl)Cl)cc1,-6.93,2,['CompSol Binary (entry number=61889)'],10.1016/j.cej.2021.129307,-7.510038137435913,-7.116937160491943,-6.644166707992554,-5.23557448387146,-6.64096999168396,-6.629537296295166,0.3004627037048335
expdb_398,COC1=C(C=C(C=C1)C=O)O,COc1ccc(C=O)cc1O,-9.04,2,"['Abraham Paper (A6)', 'Abraham Paper (A6)']",10.1016/j.cej.2021.129307,-8.575196266174316,-9.037773132324219,-8.874754428863525,-9.375916004180908,-8.611036777496338,-8.89493532180786,0.14506467819213853
expdb_399,COc1ccc(CCN)cc1,COc1ccc(CCN)cc1,-8.51,4,['Abraham Paper (A27)'],10.1016/j.cej.2021.129307,-8.318193078041077,-8.219902038574219,-7.7862279415130615,-7.8209686279296875,-7.3379065990448,-7.896639657020569,0.6133603429794308
expdb_400,COC1=NN=C(C=C1)NS(=O)(=O)C2=CC=C(C=C2)N,COc1ccc(NS(=O)(=O)c2ccc(N)cc2)nn1,-21.12,1,['Abraham Paper (A16)'],10.1016/j.cej.2021.129307,-15.77713394165039,-18.212182998657227,-16.97217559814453,-15.854659080505371,-18.224477767944336,-17.008125877380373,4.1118741226196285
expdb_401,CC1=C(C2=C(N1C(=O)C3=CC=C(C=C3)Cl)C=CC(=C2)OC)CC(=O)O,COc1ccc2c(c1)c(CC(=O)O)c(C)n2C(=O)c1ccc(Cl)cc1,-15.1,4,['Abraham Paper (A16)'],10.1016/j.cej.2021.129307,-13.968873500823975,-14.549375295639038,-13.910153865814209,-15.438580513000488,-14.404734373092651,-14.454343509674072,0.6456564903259281
expdb_403,COc1cccc(c1)C(O)=O,COc1cccc(C(=O)O)c1,-8.93,2,From Minnesota Solvation Database (MNSOL) version 2012,10.13020/3eks-j059,-7.609299659729004,-8.911777973175049,-8.298559188842773,-8.833119869232178,-8.70021390914917,-8.470594120025634,0.45940587997436566
expdb_404,COC1=CC=CC(=C1O)C=O,COc1cccc(C=O)c1O,-6.89,2,"['Abraham Paper (A6)', 'Abraham Paper (A6)']",10.1016/j.cej.2021.129307,-7.131030321121216,-7.536599636077881,-7.766104459762573,-7.2077906131744385,-7.602235555648804,-7.448752117156983,0.5587521171569829
expdb_405,COc1ccccc1C(O)=O,COc1ccccc1C(=O)O,-10.32,1,From Minnesota Solvation Database (MNSOL) version 2012,10.13020/3eks-j059,-5.968935966491699,-7.1721625328063965,-7.369593620300293,-7.6011881828308105,-7.294398784637451,-7.08125581741333,3.23874418258667
expdb_406,CC(C)NC1=NC(=NC(=N1)OC)NC(C)C,COc1nc(NC(C)C)nc(NC(C)C)n1,-9.69,3,['Abraham Paper (A23)'],10.1016/j.cej.2021.129307,-9.907161076863607,-9.52433713277181,-8.854765256245932,-10.2650359471639,-9.21071974436442,-9.552403831481934,0.13759616851806555
expdb_407,COC1=C(N=CN=C1OC)NS(=O)(=O)C2=CC=C(C=C2)N,COc1ncnc(NS(=O)(=O)c2ccc(N)cc2)c1OC,-19.58,3,['Abraham Paper (A16)'],10.1016/j.cej.2021.129307,-16.34110927581787,-17.099010467529297,-17.815889994303387,-16.536549886067707,-17.830719629923504,-17.124655850728352,2.455344149271646
expdb_408,CC(C)NC1=NC(=NC(=N1)SC)N=[N+]=[N-],CSc1nc(N=[N+]=[N-])nc(NC(C)C)n1,-8.19,5,['Abraham Paper (A23)'],10.1016/j.cej.2021.129307,-8.776718711853027,-8.579092216491699,-7.834222888946533,-8.907742309570313,-8.749851989746094,-8.569525623321534,0.37952562332153406
expdb_409,C[S](C)(c1cc(Cl)c(Br)cc1Cl)=[P]([O-])([O-])[O-],C[S](C)(c1cc(Cl)c(Br)cc1Cl)=P([O-])([O-])[O-],-5.7,3,From Minnesota Solvation Database (MNSOL) version 2012,10.13020/3eks-j059,-7.748857816060384,-6.048206011454265,-4.506720542907715,-7.773829301198323,-8.346782048543295,-6.884879144032796,1.184879144032796
expdb_410,C[S](C)(c1cc(Cl)c(Cl)cc1Cl)=[P]([O-])([O-])[O-],C[S](C)(c1cc(Cl)c(Cl)cc1Cl)=P([O-])([O-])[O-],-5.06,3,From Minnesota Solvation Database (MNSOL) version 2012,10.13020/3eks-j059,-7.333545684814453,-5.848821957906087,-4.671533743540446,-7.494862715403239,-8.377358754475912,-6.745224571228027,1.6852245712280274
expdb_411,C[S](C)(c1ccc(cc1)[N+]([O-])=O)=[P]([O-])([O-])[O-],C[S](C)(c1ccc([N+](=O)[O-])cc1)=P([O-])([O-])[O-],-7.62,3,From Minnesota Solvation Database (MNSOL) version 2012,10.13020/3eks-j059,-11.14516512552897,-8.217958132425943,-8.182880719502768,-9.514427185058594,-11.2148224512736,-9.655050722757974,2.0350507227579735
expdb_412,CC1=C(C(=O)N(N1)c2ccccc2)C(=O)c3ccccc3,Cc1[nH]n(-c2ccccc2)c(=O)c1C(=O)c1ccccc1,-11.57,2,['Abraham Paper (A6)'],10.1016/j.cej.2021.129307,-8.985509395599365,-8.107512950897217,-9.460307121276855,-8.94905948638916,-9.797847747802734,-9.060047340393066,2.5099526596069346
expdb_413,CC1=C(C=C(C=C1[N+](=O)[O-])[N+](=O)[O-])C(=O)O,Cc1c(C(=O)O)cc([N+](=O)[O-])cc1[N+](=O)[O-],-13.58,1,['Abraham Paper (A37)'],10.1016/j.cej.2021.129307,-9.648754119873047,-10.63585376739502,-10.124013900756836,-11.98682689666748,-10.69729995727539,-10.618549728393555,2.961450271606445
expdb_414,CC1=C(C(=C(C(=C1C)C)C)C)C,Cc1c(C)c(C)c(C)c(C)c1C,-1.95,1,['Abraham Paper (A25)'],10.1016/j.cej.2021.129307,-1.2058289051055908,-1.0464723110198975,0.04871465638279915,0.7528431415557861,0.3139248192310333,-0.22736371979117392,1.722636280208826
expdb_415,CC1=C(C(=C(C(=C1Cl)Cl)Cl)Cl)Cl,Cc1c(Cl)c(Cl)c(Cl)c(Cl)c1Cl,-2.02,1,['Abraham Paper (A25)'],10.1016/j.cej.2021.129307,-2.122579336166382,-2.2047805786132812,-1.8070648908615112,-1.4984970092773438,-2.488318681716919,-2.0242480993270875,0.004248099327087473
expdb_416,CC1=CC(=O)N(N1C)C2=CC=CC=C2,Cc1cc(=O)n(-c2ccccc2)n1C,-13.29,1,['Abraham Paper (A16)'],10.1016/j.cej.2021.129307,-6.976784706115723,-6.691479682922363,-6.868211269378662,-7.508687973022461,-7.313369274139404,-7.0717065811157225,6.218293418884277
expdb_417,CC1=CC(=C(C=C1C)C)C,Cc1cc(C)c(C)cc1C,-0.72,1,"['Abraham Paper (A25)', 'Abraham Paper (A25)']",10.1016/j.cej.2021.129307,-1.7084184885025024,-1.5223418474197388,-1.8633354902267456,-1.3156262636184692,-1.9116209745407104,-1.6642686128616333,0.9442686128616333
expdb_418,CC1=CC(=NC(=N1)NS(=O)(=O)C2=CC=C(C=C2)N)C,Cc1cc(C)nc(NS(=O)(=O)c2ccc(N)cc2)n1,-19.96,1,['Abraham Paper (A16)'],10.1016/j.cej.2021.129307,-13.887405395507812,-14.911438941955566,-14.222095489501953,-12.86466121673584,-14.552387237548828,-14.08759765625,5.87240234375
expdb_419,CC1=CC(=C(C=C1Cl)Cl)Cl,Cc1cc(Cl)c(Cl)cc1Cl,-1.05,1,['Abraham Paper (A25)'],10.1016/j.cej.2021.129307,-1.9185471534729004,-2.7336506843566895,-0.9075765609741211,-1.2131123542785645,-0.9969014525413513,-1.5539576411247253,0.5039576411247253
expdb_420,CC1=CC(=NC(=N1)C)NS(=O)(=O)C2=CC=C(C=C2)N,Cc1cc(NS(=O)(=O)c2ccc(N)cc2)nc(C)n1,-21.85,3,['Abraham Paper (A16)'],10.1016/j.cej.2021.129307,-13.706537246704102,-16.24394416809082,-14.721492767333984,-13.846303939819336,-15.09741497039795,-14.723138618469239,7.126861381530762
expdb_421,CC1=CC(=NO1)NS(=O)(=O)C2=CC=C(C=C2)N,Cc1cc(NS(=O)(=O)c2ccc(N)cc2)no1,-17.78,3,['Abraham Paper (A16)'],10.1016/j.cej.2021.129307,-12.613498369852701,-14.381819089253744,-12.850406010945639,-12.449811617533365,-13.507119178771973,-13.160530853271485,4.619469146728516
expdb_422,CC1=C(C=CC(=C1)O)[N+](=O)[O-],Cc1cc(O)ccc1[N+](=O)[O-],-9.89,1,['Abraham Paper (A9)'],10.1016/j.cej.2021.129307,-9.048890113830566,-9.345806121826172,-8.748072624206543,-9.601217269897461,-9.446944236755371,-9.238186073303222,0.6518139266967786
expdb_423,CC1=CC=C(C=C1)C(=O)O,Cc1ccc(C(=O)O)cc1,-7.35,1,['Abraham Paper (A27)'],10.1016/j.cej.2021.129307,-6.11979866027832,-7.212480068206787,-6.643910884857178,-7.2743144035339355,-7.256499290466309,-6.9014006614685055,0.44859933853149414
expdb_424,CC1=C(C=C(C=C1)C(=O)O)C,Cc1ccc(C(=O)O)cc1C,-6.55,1,"['Abraham Paper (A20)', 'Abraham Paper (A5)']",10.1016/j.cej.2021.129307,-6.399712085723877,-7.1080498695373535,-6.94199800491333,-7.450286388397217,-7.526836395263672,-7.08537654876709,0.5353765487670898
expdb_425,CC1=CC(=C(C=C1)C(C)C)O,Cc1ccc(C(C)C)c(O)c1,-5.81,1,"['Abraham Paper (A6)', 'Abraham Paper (A6)']",10.1016/j.cej.2021.129307,-4.723855495452881,-5.236101150512695,-4.842349529266357,-4.849740982055664,-4.664616584777832,-4.863332748413086,0.9466672515869137
expdb_426,CC1=CC=C(C=C1)C2(CCCC2(C)C)C,Cc1ccc(C2(C)CCCC2(C)C)cc1,-0.61,3,['Abraham Paper (A28)'],10.1016/j.cej.2021.129307,-2.791942040125529,-2.6911402543385825,-1.9293373425801594,-1.7261401812235515,-2.4330249627431235,-2.3143169562021892,1.7043169562021894
expdb_427,CC1=CC=C(O1)C=O,Cc1ccc(C=O)o1,-5.5,2,"['Abraham Paper (A6)', 'Abraham Paper (A6)', 'Abraham Paper (A6)']",10.1016/j.cej.2021.129307,-5.0503480434417725,-4.798901319503784,-5.578830242156982,-6.374449968338013,-4.936357259750366,-5.347777366638184,0.1522226333618164
expdb_428,CC1=CC=C(C=C1)CN,Cc1ccc(CN)cc1,-6.07,1,['Abraham Paper (A16)'],10.1016/j.cej.2021.129307,-6.57064151763916,-6.752540588378906,-6.12108850479126,-6.801583766937256,-6.292018890380859,-6.507574653625488,0.43757465362548764
expdb_429,CC1=CC=C(C=C1)CO,Cc1ccc(CO)cc1,-7.12,1,['Abraham Paper (A16)'],10.1016/j.cej.2021.129307,-6.106215476989746,-6.698450565338135,-6.507798671722412,-6.365512847900391,-6.786475658416748,-6.492890644073486,0.627109355926514
expdb_430,Cc1ccc(cc1)N(O)C(=O)COc2ccccc2,Cc1ccc(N(O)C(=O)COc2ccccc2)cc1,-12.77,5,['Abraham Paper (A6)'],10.1016/j.cej.2021.129307,-8.577905654907227,-8.588392639160157,-8.708518600463867,-8.672361755371094,-9.640159034729004,-8.837467536926269,3.9325324630737306
expdb_431,Cc1ccc(cc1)N(O)C(=O)c2ccccc2C,Cc1ccc(N(O)C(=O)c2ccccc2C)cc1,-11.46,3,['Abraham Paper (A6)'],10.1016/j.cej.2021.129307,-6.4456787109375,-7.487092018127441,-7.45603609085083,-6.964109738667806,-7.348137219746907,-7.1402107556660965,4.319789244333904
expdb_432,CC1=CC=C(C=C1)[N+](=O)[O-],Cc1ccc([N+](=O)[O-])cc1,-4.96,1,['CompSol Binary (entry number=63083)'],10.1016/j.cej.2021.129307,-4.319711685180664,-4.231575965881348,-3.8350675106048584,-3.494443893432617,-3.6396048069000244,-3.9040807723999023,1.0559192276000977
expdb_433,CC1=C(C=C(C=C1)[N+](=O)[O-])[N+](=O)[O-],Cc1ccc([N+](=O)[O-])cc1[N+](=O)[O-],-7.72,1,['CompSol Binary (entry number=63048)'],10.1016/j.cej.2021.129307,-6.865716457366943,-6.0578484535217285,-5.836562156677246,-6.907713413238525,-6.083956718444824,-6.3503594398498535,1.3696405601501462
expdb_434,CC1=CC2=C(C=CC(=C2C=C1)C)C(C)C,Cc1ccc2c(C)ccc(C(C)C)c2c1,-2.5,2,['Abraham Paper (A28)'],10.1016/j.cej.2021.129307,-1.8858803510665894,-2.3190499544143677,-2.1049405336380005,-1.6873769760131836,-2.1802289485931396,-2.0354953527450563,0.46450464725494367
expdb_435,CC1=CC2=CC=CC=C2C=C1,Cc1ccc2ccccc2c1,-2.18,1,['CompSol Binary (entry number=64154)'],10.1016/j.cej.2021.129307,-2.6428399085998535,-2.712724208831787,-2.563255786895752,-2.533130407333374,-2.541146993637085,-2.5986194610595703,0.41861946105957015
expdb_436,CC1=CC(=CC=C1)C(=O)O,Cc1cccc(C(=O)O)c1,-6.79,1,"['Abraham Paper (A16)', 'Abraham Paper (A3)', 'Abraham Paper (A3)', 'Abraham Paper (A3)']",10.1016/j.cej.2021.129307,-6.085292339324951,-7.010088920593262,-6.589207172393799,-7.298367977142334,-7.1063618659973145,-6.817863655090332,0.027863655090332173
expdb_437,CC1=CC(=CC=C1)C(C)C,Cc1cccc(C(C)C)c1,-0.72,1,['CompSol Binary (entry number=63072)'],10.1016/j.cej.2021.129307,-0.32728075981140137,-0.5044016242027283,-0.3099535405635834,-0.47180747985839844,-0.4153686761856079,-0.4057624161243439,0.3142375838756561
expdb_438,Cc1cccc(N)c1,Cc1cccc(N)c1,-5.68,1,Averaged - std : 0.01,10.13020/3eks-j059 10.1016/j.cej.2021.129307,-6.021358013153076,-5.829535007476807,-5.474105358123779,-5.6235151290893555,-5.6121392250061035,-5.712130546569824,0.0321305465698245
expdb_439,CC1=C2C=CC=C(C2=CC=C1)C,Cc1cccc2c(C)cccc12,-2.78,1,"['Abraham Paper (A25)', 'Abraham Paper (A25)']",10.1016/j.cej.2021.129307,-2.45654559135437,-2.8285722732543945,-2.5982308387756348,-1.9858067035675049,-2.4037749767303467,-2.45458607673645,0.3254139232635498
expdb_440,Cc1ccccc1Br,Cc1ccccc1Br,-2.37,1,From Minnesota Solvation Database (MNSOL) version 2012,10.13020/3eks-j059,-1.4771369695663452,-2.1303253173828125,-1.6061382293701172,-1.8984594345092773,-1.6960736513137817,-1.7616267204284668,0.6083732795715333
expdb_441,Cc1ccccc1C(=O)N(O)c2ccccc2,Cc1ccccc1C(=O)N(O)c1ccccc1,-11.51,3,['Abraham Paper (A6)'],10.1016/j.cej.2021.129307,-6.8578206698099775,-7.545477549235026,-7.968465169270833,-7.487324396769206,-7.933218161265056,-7.5584611892700195,3.9515388107299803
expdb_442,Cc1ccccc1N(O)C(=O)c2ccccc2C,Cc1ccccc1C(=O)N(O)c1ccccc1C,-11.21,3,['Abraham Paper (A6)'],10.1016/j.cej.2021.129307,-6.705665111541748,-7.436354001363118,-7.456501324971517,-7.2562934557596845,-7.796837488810222,-7.330330276489258,3.8796697235107427
expdb_443,CC1=CC=CC=C1C(=O)O,Cc1ccccc1C(=O)O,-5.87,1,"['Abraham Paper (A3)', 'Abraham Paper (A3)', 'Abraham Paper (A3)']",10.1016/j.cej.2021.129307,-5.711214542388916,-7.076878070831299,-6.440738201141357,-7.3416056632995605,-7.025298118591309,-6.7191469192504885,0.8491469192504884
expdb_444,CC1=CC=CC=C1C(C)C,Cc1ccccc1C(C)C,-0.82,2,['CompSol Binary (entry number=63047)'],10.1016/j.cej.2021.129307,-0.2059488147497177,-0.6306557059288025,-0.42878687381744385,-0.19797798246145248,-0.4898480325937271,-0.39064348191022874,0.4293565180897712
expdb_445,Cc1ccccc1N(O)C(=O)c2ccc(Cl)cc2,Cc1ccccc1N(O)C(=O)c1ccc(Cl)cc1,-10.78,3,['Abraham Paper (A6)'],10.1016/j.cej.2021.129307,-7.505181948343913,-8.218059380849203,-8.636129061381022,-8.468674659729004,-8.717914263407389,-8.309191862742106,2.470808137257894
expdb_446,CN1C=C(C)C(=O)NC1=O,Cc1cn(C)c(=O)[nH]c1=O,-10.4,1,From Minnesota Solvation Database (MNSOL) version 2012,10.13020/3eks-j059,-14.605554580688477,-14.503348350524902,-14.165410995483398,-15.238405227661133,-14.85063648223877,-14.672671127319337,4.272671127319336
expdb_447,CC1=C(OC(=N1)NS(=O)(=O)C2=CC=C(C=C2)N)C,Cc1nc(NS(=O)(=O)c2ccc(N)cc2)oc1C,-17.73,3,['Abraham Paper (A16)'],10.1016/j.cej.2021.129307,-13.432001431783041,-15.227094014485678,-12.98127555847168,-12.488170623779297,-13.604791641235352,-13.54666665395101,4.18333334604899
expdb_448,CC1=NN=C(S1)NS(=O)(=O)C2=CC=C(C=C2)N,Cc1nnc(NS(=O)(=O)c2ccc(N)cc2)s1,-19.28,4,['Abraham Paper (A16)'],10.1016/j.cej.2021.129307,-12.636513233184814,-13.827011585235596,-11.952942371368408,-11.284757375717163,-13.00895619392395,-12.542036151885986,6.737963848114015
expdb_449,ClC(Cl)(Cl)Br,ClC(Cl)(Cl)Br,-0.93,1,From Minnesota Solvation Database (MNSOL) version 2012,10.13020/3eks-j059,0.24648946523666382,-1.306500792503357,-0.622721791267395,0.10188494622707367,0.08273845911026001,-0.2996219426393509,0.6303780573606492
expdb_450,C(=C(Cl)Cl)(C(=C(Cl)Cl)Cl)Cl,ClC(Cl)=C(Cl)C(Cl)=C(Cl)Cl,-0.46,3,['Abraham Paper (A25)'],10.1016/j.cej.2021.129307,-2.4035638173421225,-1.8480540911356609,-0.9781554341316223,-1.2248040040334065,-0.09179195016622543,-1.3092738593618074,0.8492738593618074
expdb_451,C1=CC(=CC=C1C(=C(Cl)Cl)C2=CC=C(C=C2)Cl)Cl,ClC(Cl)=C(c1ccc(Cl)cc1)c1ccc(Cl)cc1,-3.78,3,"['Abraham Paper (A25)', 'Abraham Paper (A25)', 'CompSol Binary (entry number=61891)']",10.1016/j.cej.2021.129307,-4.122151215871175,-2.566688299179077,-3.5807975927988687,-4.033833026885986,-2.6487327416737876,-3.3904405752817786,0.38955942471822125
expdb_454,C1C2C=CC1C3C2C4(C(=C(C3(C4(Cl)Cl)Cl)Cl)Cl)Cl,ClC1=C(Cl)C2(Cl)C3C4C=CC(C4)C3C1(Cl)C2(Cl)Cl,-3.75,4,['CompSol Binary (entry number=61770)'],10.1016/j.cej.2021.129307,-2.211016744375229,-3.5476550459861755,-2.73300439119339,-1.4589389711618423,-1.3260305225849152,-2.25532913506031,1.4946708649396898
expdb_455,C1CCC(CC1)Cl,ClC1CCCCC1,-0.93,2,"['CompSol Binary (entry number=66266)', 'CompSol Binary (entry number=66274)', 'CompSol Binary (entry number=66281)']",10.1016/j.cej.2021.129307,-1.622642159461975,-0.985888808965683,-0.9502867758274078,-1.5631988048553467,-0.9381893873214722,-1.212041187286377,0.28204118728637695
expdb_456,ClCCSCCCl,ClCCSCCCl,-3.92,5,From Minnesota Solvation Database (MNSOL) version 2012,10.13020/3eks-j059,-3.3781145095825194,-2.6415126800537108,-3.185611343383789,-4.059246826171875,-3.722887897491455,-3.39747465133667,0.5225253486633301
expdb_457,C1=CC=C2C(=C1)C(=C(C(=C2Cl)Cl)Cl)Cl,Clc1c(Cl)c(Cl)c2ccccc2c1Cl,-2.69,1,['Abraham Paper (A25)'],10.1016/j.cej.2021.129307,-2.4572110176086426,-2.6836376190185547,-2.8075990676879883,-1.7312133312225342,-3.4556984901428223,-2.627071905136108,0.06292809486389173
expdb_458,C1=C(C=C(C(=C1Cl)Cl)Cl)C2=CC(=C(C(=C2)Cl)Cl)Cl,Clc1cc(-c2cc(Cl)c(Cl)c(Cl)c2)cc(Cl)c1Cl,-4.11,2,"['Abraham Paper (A25)', 'Abraham Paper (A25)']",10.1016/j.cej.2021.129307,-2.4182565212249756,-2.687966227531433,-1.8597399592399597,-2.1982831954956055,-1.5205750465393066,-2.136964190006256,1.9730358099937444
expdb_459,C1=C(C(=C(C(=C1Cl)Cl)Cl)Cl)C2=CC(=C(C(=C2Cl)Cl)Cl)Cl,Clc1cc(-c2cc(Cl)c(Cl)c(Cl)c2Cl)c(Cl)c(Cl)c1Cl,-3.77,2,['Abraham Paper (A25)'],10.1016/j.cej.2021.129307,-3.7891407012939453,-4.132119655609131,-4.034334421157837,-4.6474223136901855,-3.7599148750305176,-4.072586393356323,0.30258639335632287
expdb_460,C1=C(C(=CC(=C1Cl)Cl)Cl)C2=C(C(=CC(=C2Cl)Cl)Cl)Cl,Clc1cc(Cl)c(-c2c(Cl)c(Cl)cc(Cl)c2Cl)cc1Cl,-2.77,1,['Abraham Paper (A25)'],10.1016/j.cej.2021.129307,-3.794542074203491,-4.139246940612793,-3.780170202255249,-4.771115779876709,-3.512526273727417,-3.999520254135132,1.229520254135132
expdb_461,C1=C(C=C(C(=C1Cl)C2=C(C=C(C=C2Cl)Cl)Cl)Cl)Cl,Clc1cc(Cl)c(-c2c(Cl)cc(Cl)cc2Cl)c(Cl)c1,-1.96,1,"['Abraham Paper (A25)', 'Abraham Paper (A25)']",10.1016/j.cej.2021.129307,-2.2259104251861572,-1.6207425594329834,-1.969314694404602,-2.97981333732605,-2.2315967082977295,-2.2054755449295045,0.24547554492950452
expdb_462,C1=C(C(=CC(=C1Cl)Cl)Cl)C2=CC(=C(C(=C2Cl)Cl)Cl)Cl,Clc1cc(Cl)c(-c2cc(Cl)c(Cl)c(Cl)c2Cl)cc1Cl,-3.53,2,['Abraham Paper (A25)'],10.1016/j.cej.2021.129307,-3.7299622297286987,-3.9859864711761475,-3.2082518339157104,-4.6458611488342285,-3.3222880363464355,-3.778469944000244,0.24846994400024425
expdb_463,C1=C(C(=CC(=C1Cl)Cl)Cl)C2=CC(=C(C=C2Cl)Cl)Cl,Clc1cc(Cl)c(-c2cc(Cl)c(Cl)cc2Cl)cc1Cl,-3.1,2,"['Abraham Paper (A25)', 'Abraham Paper (A25)']",10.1016/j.cej.2021.129307,-3.7186206579208374,-3.7690234184265137,-2.300047755241394,-4.607318639755249,-2.6756396293640137,-3.4141300201416014,0.3141300201416013
expdb_464,C1=CC(=C(C=C1Cl)C2=C(C=C(C=C2Cl)Cl)Cl)Cl,Clc1cc(Cl)c(-c2cc(Cl)ccc2Cl)c(Cl)c1,-2.25,1,['Abraham Paper (A25)'],10.1016/j.cej.2021.129307,-3.5629215240478516,-2.576921224594116,-2.1546831130981445,-3.760378837585449,-2.3849434852600098,-2.887969636917114,0.6379696369171142
expdb_465,C1=CC(=C(C(=C1C2=CC(=C(C=C2Cl)Cl)Cl)Cl)Cl)Cl,Clc1cc(Cl)c(-c2ccc(Cl)c(Cl)c2Cl)cc1Cl,-3.34,2,['Abraham Paper (A25)'],10.1016/j.cej.2021.129307,-4.409555912017822,-4.113783359527588,-3.268212080001831,-4.75160026550293,-3.3557697534561157,-3.9797842741012572,0.6397842741012574
expdb_466,C1=C(C(=C(C(=C1Cl)Cl)Cl)Cl)Cl,Clc1cc(Cl)c(Cl)c(Cl)c1Cl,-1.69,1,"['Abraham Paper (A25)', 'Abraham Paper (A25)', 'Abraham Paper (A25)']",10.1016/j.cej.2021.129307,-1.4276329278945923,-1.7891672849655151,-2.019010543823242,-1.6937040090560913,-1.9779589176177979,-1.7814947366714478,0.09149473667144781
expdb_467,C1=CC(=C(C=C1Cl)C2=CC(=CC(=C2)Cl)Cl)Cl,Clc1cc(Cl)cc(-c2cc(Cl)ccc2Cl)c1,-2.73,2,['Abraham Paper (A25)'],10.1016/j.cej.2021.129307,-3.926408529281616,-2.4851372241973877,-2.0029590129852295,-3.1495922803878784,-2.8605945110321045,-2.8849383115768434,0.15493831157684346
expdb_468,C1=CC(=C(C=C1C2=CC(=C(C(=C2)Cl)Cl)Cl)Cl)Cl,Clc1ccc(-c2cc(Cl)c(Cl)c(Cl)c2)cc1Cl,-3.79,2,"['Abraham Paper (A25)', 'Abraham Paper (A25)']",10.1016/j.cej.2021.129307,-2.6309540271759033,-2.5435729026794434,-1.76503187417984,-2.465598940849304,-1.7869093418121338,-2.238413417339325,1.5515865826606752
expdb_469,C1=CC(=C(C=C1C2=CC(=C(C=C2Cl)Cl)Cl)Cl)Cl,Clc1ccc(-c2cc(Cl)c(Cl)cc2Cl)cc1Cl,-3.36,3,['Abraham Paper (A25)'],10.1016/j.cej.2021.129307,-3.690878470738729,-3.3694164752960205,-2.0225419203440347,-3.632333676020304,-2.6857380867004395,-3.0801817258199056,0.2798182741800943
expdb_470,C1=CC(=C(C=C1C2=C(C=C(C=C2)Cl)Cl)Cl)Cl,Clc1ccc(-c2ccc(Cl)c(Cl)c2)c(Cl)c1,-3.15,4,['Abraham Paper (A25)'],10.1016/j.cej.2021.129307,-3.2572070360183716,-2.8154605627059937,-2.584178388118744,-3.6277008056640625,-2.8417873978614807,-3.0252668380737306,0.12473316192626926
expdb_471,C1=CC(=C(C=C1C2=CC(=C(C=C2)Cl)Cl)Cl)Cl,Clc1ccc(-c2ccc(Cl)c(Cl)c2)cc1Cl,-3.62,3,"['Abraham Paper (A25)', 'Abraham Paper (A25)']",10.1016/j.cej.2021.129307,-2.7671993573506675,-2.3836349646250405,-1.7556850910186768,-2.7556889057159424,-1.906896750132243,-2.313821013768514,1.3061789862314863
expdb_472,C1=CC(=C(C(=C1C2=C(C(=C(C=C2)Cl)Cl)Cl)Cl)Cl)Cl,Clc1ccc(-c2ccc(Cl)c(Cl)c2Cl)c(Cl)c1Cl,-3.6,2,['Abraham Paper (A25)'],10.1016/j.cej.2021.129307,-5.297940731048584,-4.376810789108276,-4.029730558395386,-4.982397079467773,-4.00509238243103,-4.53839430809021,0.9383943080902095
expdb_473,C1=CC(=CC=C1C2=CC=C(C=C2)Cl)Cl,Clc1ccc(-c2ccc(Cl)cc2)cc1,-2.91,1,"['Abraham Paper (A25)', 'Abraham Paper (A25)', 'Abraham Paper (A25)']",10.1016/j.cej.2021.129307,-2.2843141555786133,-2.0713326930999756,-2.9991683959960938,-2.774012804031372,-1.9175190925598145,-2.409269428253174,0.5007305717468262
expdb_474,C1=CC(=CC=C1C2=C(C=C(C=C2)Cl)Cl)Cl,Clc1ccc(-c2ccc(Cl)cc2Cl)cc1,-2.77,2,"['Abraham Paper (A25)', 'Abraham Paper (A25)', 'Abraham Paper (A25)']",10.1016/j.cej.2021.129307,-3.495659112930298,-2.4809809923171997,-3.1515440940856934,-3.3681752681732178,-2.6454720497131348,-3.028366303443909,0.25836630344390876
expdb_475,C1=CC=C(C=C1)C2=CC=C(C=C2)Cl,Clc1ccc(-c2ccccc2)cc1,-2.44,2,"['Abraham Paper (A25)', 'Abraham Paper (A25)']",10.1016/j.cej.2021.129307,-2.5542519092559814,-2.5676149129867554,-2.8675756454467773,-2.5436439514160156,-2.5194549560546875,-2.6105082750320436,0.1705082750320437
expdb_476,C1=CC=C(C(=C1)C2=CC=C(C=C2)Cl)Cl,Clc1ccc(-c2ccccc2Cl)cc1,-2.58,2,"['Abraham Paper (A25)', 'Abraham Paper (A25)', 'Abraham Paper (A25)']",10.1016/j.cej.2021.129307,-3.1243451833724976,-2.7088167667388916,-3.0429941415786743,-3.438774347305298,-2.6754941940307617,-2.9980849266052245,0.41808492660522445
expdb_477,C1=CC(=CC=C1Cl)Br,Clc1ccc(Br)cc1,-1.61,1,['Abraham Paper (A9)'],10.1016/j.cej.2021.129307,-1.7179012298583984,-1.9956496953964233,-1.620437741279602,-1.7819474935531616,-0.9674820899963379,-1.6166836500167847,0.006683650016784615
expdb_478,C1=CC(=CC=C1C(C2=CC=C(C=C2)Cl)C(Cl)(Cl)Cl)Cl,Clc1ccc(C(c2ccc(Cl)cc2)C(Cl)(Cl)Cl)cc1,-4.61,1,"['Abraham Paper (A25)', 'Abraham Paper (A25)', 'Abraham Paper (A25)', 'CompSol Binary (entry number=61888)']",10.1016/j.cej.2021.129307,-4.057414531707764,-4.071318626403809,-4.133481025695801,-2.6314799785614014,-3.218489646911621,-3.622436761856079,0.9875632381439212
expdb_479,C1=CC(=CC=C1C(C2=CC=C(C=C2)Cl)C(Cl)Cl)Cl,Clc1ccc(C(c2ccc(Cl)cc2)C(Cl)Cl)cc1,-4.88,3,['CompSol Binary (entry number=61890)'],10.1016/j.cej.2021.129307,-4.414758920669556,-3.4669582843780518,-4.285861174265544,-3.646238168080648,-3.252468983332316,-3.8132571061452234,1.0667428938547765
expdb_481,C1=CC(=C(C=C1Cl)C2=CC(=C(C=C2Cl)Cl)Cl)Cl,Clc1ccc(Cl)c(-c2cc(Cl)c(Cl)cc2Cl)c1,-2.82,2,"['Abraham Paper (A25)', 'Abraham Paper (A25)', 'Abraham Paper (A25)']",10.1016/j.cej.2021.129307,-4.244099855422974,-3.3564882278442383,-2.3470147848129272,-4.232547760009766,-2.8017266988754272,-3.3963754653930662,0.5763754653930664
expdb_482,C1=CC(=C(C=C1Cl)C2=C(C=CC(=C2)Cl)Cl)Cl,Clc1ccc(Cl)c(-c2cc(Cl)ccc2Cl)c1,-2.55,2,"['Abraham Paper (A25)', 'Abraham Paper (A25)', 'Abraham Paper (A25)', 'Abraham Paper (A25)']",10.1016/j.cej.2021.129307,-4.710821628570557,-2.814190626144409,-2.3604202270507812,-3.834110379219055,-2.70697820186615,-3.2853042125701903,0.7353042125701905
expdb_483,C1=CC=C(C(=C1)C2=C(C=CC(=C2)Cl)Cl)Cl,Clc1ccc(Cl)c(-c2ccccc2Cl)c1,-2.37,2,"['Abraham Paper (A25)', 'Abraham Paper (A25)']",10.1016/j.cej.2021.129307,-3.963417887687683,-2.604097366333008,-2.343610644340515,-3.653770685195923,-2.5048065185546875,-3.013940620422363,0.643940620422363
expdb_484,Clc1cccc(c2ccccc2)c1Cl,Clc1cccc(-c2ccccc2)c1Cl,-2.45,2,From Minnesota Solvation Database (MNSOL) version 2012,10.13020/3eks-j059,-3.371639847755432,-1.748297393321991,-2.7779088020324707,-2.729436755180359,-3.0120829343795776,-2.727873146533966,0.2778731465339659
expdb_485,Clc1cccc(c1Cl)c2ccccc2Cl,Clc1ccccc1-c1cccc(Cl)c1Cl,-1.99,2,From Minnesota Solvation Database (MNSOL) version 2012,10.13020/3eks-j059,-3.612502932548523,-2.8423123359680176,-2.6310282945632935,-4.113170385360718,-2.7814971208572388,-3.1961022138595583,1.2061022138595583
expdb_486,Clc1ccccc1c2ccccc2Cl,Clc1ccccc1-c1ccccc1Cl,-2.73,2,From Minnesota Solvation Database (MNSOL) version 2012,10.13020/3eks-j059,-3.171880841255188,-2.4178829193115234,-2.309652090072632,-3.5597413778305054,-2.302563428878784,-2.7523441314697266,0.02234413146972658
expdb_487,Cn1cnc2c(N)ncnc12,Cn1cnc2c(N)ncnc21,-13.6,1,From Minnesota Solvation Database (MNSOL) version 2012,10.13020/3eks-j059,-12.709088325500488,-12.054883003234863,-14.779726028442383,-13.057793617248535,-13.193422317504883,-13.15898265838623,0.4410173416137688
expdb_489,C(C(F)(F)F)(C(F)(F)F)F,FC(C(F)(F)F)C(F)(F)F,2.01,1,"['Abraham Paper (A20)', 'Abraham Paper (A5)']",10.1016/j.cej.2021.129307,0.6054818034172058,2.372056245803833,0.3473493754863739,-0.9776057600975037,0.7026115655899048,0.6099786460399628,1.400021353960037
expdb_490,C(C(F)(Cl)Cl)(F)(Cl)Cl,FC(Cl)(Cl)C(F)(Cl)Cl,0.87,3,['Abraham Paper (A3)'],10.1016/j.cej.2021.129307,0.42007045944531757,-1.5875188112258911,1.1881195505460103,-0.9775142470995585,-0.1838067707916101,-0.2281299638251464,1.0981299638251465
expdb_491,FC(Cl)(Cl)Cl,FC(Cl)(Cl)Cl,0.735,1,Averaged - std : 0.08,10.13020/3eks-j059 10.1016/j.cej.2021.129307,-0.2506953477859497,-0.702278196811676,0.6309845447540283,-0.4111839830875397,-0.015845470130443573,-0.14980369061231613,0.8848036906123161
expdb_492,C(C(F)(F)F)(F)Cl,FC(Cl)C(F)(F)F,0.79,2,"['Abraham Paper (A20)', 'Abraham Paper (A20)', 'Abraham Paper (A5)', 'Abraham Paper (A5)', 'CompSol Binary (entry number=63713)']",10.1016/j.cej.2021.129307,0.4689641147851944,0.0004861265333602205,0.9617826640605927,-0.08334065973758698,0.39097967743873596,0.34777438461605925,0.4422256153839408
expdb_493,C(F)(Cl)Cl,FC(Cl)Cl,1.54,1,"['Abraham Paper (A20)', 'Abraham Paper (A20)', 'Abraham Paper (A5)', 'Abraham Paper (A5)']",10.1016/j.cej.2021.129307,-0.5061781406402588,-1.2351391315460205,-0.2792685925960541,-0.8205748796463013,-1.0388314723968506,-0.775998443365097,2.315998443365097
expdb_494,C(C(F)(F)Cl)(F)(F)Cl,FC(F)(Cl)C(F)(F)Cl,2.25,2,"['Abraham Paper (A20)', 'Abraham Paper (A20)', 'Abraham Paper (A5)', 'Abraham Paper (A5)']",10.1016/j.cej.2021.129307,1.1512092351913452,-0.29105624556541443,2.107394576072693,-1.6624001264572144,-0.7244488298892975,0.11613972187042236,2.1338602781295775
expdb_495,FC(F)(Cl)Cl,FC(F)(Cl)Cl,1.69,1,From Minnesota Solvation Database (MNSOL) version 2012,10.13020/3eks-j059,-0.3972356915473938,0.4588058590888977,0.8831585049629211,-0.44696152210235596,-0.35078346729278564,0.02939673662185669,1.6606032633781433
expdb_497,FC(F)(F)C(F)(F)C(F)(F)F,FC(F)(F)C(F)(F)C(F)(F)F,4.28,1,From Minnesota Solvation Database (MNSOL) version 2012,10.13020/3eks-j059,1.7489097118377686,4.892045974731445,2.8899118900299072,0.731255292892456,1.9122506380081177,2.434874701499939,1.8451252985000615
expdb_498,FC(F)(F)C(F)(F)Cl,FC(F)(F)C(F)(F)Cl,2.89,1,"["" 'Abraham Paper (A20)'"", "" 'Abraham Paper (A20)'"", "" 'Abraham Paper (A5)'"", "" 'Abraham Paper (A5)'""]",10.1016/j.cej.2021.129307,1.1378506422042847,1.8993786573410034,2.424985408782959,-0.03478783741593361,0.8925005197525024,1.2639854781329631,1.626014521867037
expdb_499,FC(F)(F)C(F)(F)F,FC(F)(F)C(F)(F)F,3.94,1,From Minnesota Solvation Database (MNSOL) version 2012,10.13020/3eks-j059,1.32650625705719,3.9346694946289062,2.4562902450561523,1.026668906211853,1.9081523418426514,2.1304574489593504,1.8095425510406495
expdb_500,C(F)(F)(F)Cl,FC(F)(F)Cl,2.31,1,"['Abraham Paper (A20)', 'Abraham Paper (A20)', 'Abraham Paper (A5)', 'Abraham Paper (A5)', 'CompSol Binary (entry number=66317)', 'CompSol Binary (entry number=66318)', 'CompSol Binary (entry number=66319)']",10.1016/j.cej.2021.129307,0.2253098040819168,2.0933492183685303,1.2145887613296509,1.2419190406799316,0.8371714353561401,1.122467651963234,1.187532348036766
expdb_501,ClC=C(F)(F),FC(F)=CCl,0.52,1,"['Abraham Paper (A20)', 'Abraham Paper (A20)', 'Abraham Paper (A5)', 'Abraham Paper (A5)', 'CompSol Binary (entry number=63721)']",10.1016/j.cej.2021.129307,-1.9269452095031738,-1.0158030986785889,-1.5422013998031616,-1.6492893695831299,-1.6858162879943848,-1.5640110731124879,2.084011073112488
expdb_502,C(C(F)(F)F)(F)F,FC(F)C(F)(F)F,1.45,1,"['Abraham Paper (A20)', 'Abraham Paper (A5)']",10.1016/j.cej.2021.129307,1.160581111907959,1.0401644706726074,1.4720607995986938,0.6137717962265015,0.8287912011146545,1.0230738759040832,0.4269261240959168
expdb_504,C(F)(F)F,FC(F)F,0.7,1,"['Abraham Paper (A20)', 'Abraham Paper (A20)', 'Abraham Paper (A5)', 'Abraham Paper (A5)', 'CompSol Binary (entry number=69138)']",10.1016/j.cej.2021.129307,0.17058314383029938,1.3259276151657104,-0.4335496723651886,0.03110891953110695,0.14098107814788818,0.24701021686196328,0.4529897831380367
expdb_505,C(C(F)(F)F)F,FCC(F)(F)F,0.56,1,"['Abraham Paper (A20)', 'Abraham Paper (A20)', 'Abraham Paper (A5)', 'Abraham Paper (A5)', 'CompSol Binary (entry number=61925)']",10.1016/j.cej.2021.129307,-1.2146410942077637,-0.2955431044101715,-0.11860720813274384,-1.3190747499465942,-0.32918640971183777,-0.6554105132818222,1.2154105132818223
expdb_506,C(F)F,FCF,-0.33,1,"['Abraham Paper (A20)', 'Abraham Paper (A20)', 'Abraham Paper (A5)', 'Abraham Paper (A5)', 'CompSol Binary (entry number=66526)']",10.1016/j.cej.2021.129307,-1.8770854473114014,-1.0608469247817993,-1.5097723007202148,0.06598349660634995,-1.3209820985794067,-1.1405406549572945,0.8105406549572944
expdb_508,C1(=C(C(=C(C(=C1F)F)F)F)F)F,Fc1c(F)c(F)c(F)c(F)c1F,0.1,1,['Abraham Paper (A8)'],10.1016/j.cej.2021.129307,-3.1467065811157227,-3.6455936431884766,-2.5117053985595703,-4.203103065490723,-4.131512641906738,-3.527724266052246,3.627724266052246
expdb_509,II,II,-2.54,1,"['Abraham Paper (A6)', 'Abraham Paper (A6)']",10.1016/j.cej.2021.129307,-1.5475245714187622,-0.6204864978790283,-1.216547966003418,-0.4211277961730957,-1.0736606121063232,-0.9758694887161254,1.5641305112838746
expdb_510,OC(=O)c1ccc(CC#N)cc1,N#CCc1ccc(C(=O)O)cc1,-12.91,1,['Abraham Paper (A27)'],10.1016/j.cej.2021.129307,-11.043231010437012,-12.055262565612793,-11.281562805175781,-12.11623477935791,-12.107853889465332,-11.720829010009766,1.1891709899902345
expdb_511,C1=CC=C(C=C1)CC#N,N#CCc1ccccc1,-5.05,1,['Abraham Paper (A16)'],10.1016/j.cej.2021.129307,-5.890923023223877,-5.885402202606201,-5.588079452514648,-5.721170425415039,-5.765699863433838,-5.770254993438721,0.7202549934387212
expdb_512,Oc1c(Br)cc(cc1Br)C#N,N#Cc1cc(Br)c(O)c(Br)c1,-9.0,1,From Minnesota Solvation Database (MNSOL) version 2012,10.13020/3eks-j059,-5.942516803741455,-7.057746887207031,-6.852867603302002,-7.856494426727295,-6.62473201751709,-6.866871547698975,2.133128452301025
expdb_513,N#N,N#N,2.46,1,"['Abraham Paper (A11)', 'Abraham Paper (A20)', 'Abraham Paper (A20)', 'Abraham Paper (A3)', 'Abraham Paper (A3)', 'Abraham Paper (A3)', 'Abraham Paper (A4)', 'Abraham Paper (A4)', 'Abraham Paper (A4)', 'Abraham Paper (A5)', 'Abraham Paper (A5)', 'Abraham Paper (A6)', 'Abraham Paper (A6)', 'Abraham Paper (A8)', 'Abraham Paper (A9)', 'CompSol Binary (entry number=68349)', 'CompSol Binary (entry number=68350)']",10.1016/j.cej.2021.129307,-1.479210376739502,-1.354899525642395,-2.058987855911255,-2.053997039794922,-1.8785202503204346,-1.7651230096817017,4.225123009681702
expdb_514,C1=CC=C(C(=C1)C(=O)N)O,NC(=O)c1ccccc1O,-10.39,2,"['Abraham Paper (A3)', 'Abraham Paper (A3)', 'Abraham Paper (A3)', 'Abraham Paper (A4)', 'Abraham Paper (A4)', 'Abraham Paper (A4)', 'Abraham Paper (A6)']",10.1016/j.cej.2021.129307,-10.816725730895996,-10.754360675811768,-12.32541561126709,-11.972479820251465,-11.399615287780762,-11.453719425201417,1.0637194252014162
expdb_515,NC(=S)c1c(Cl)cccc1Cl,NC(=S)c1c(Cl)cccc1Cl,-10.81,1,From Minnesota Solvation Database (MNSOL) version 2012,10.13020/3eks-j059,-4.471431732177734,-3.9651215076446533,-4.143308162689209,-4.905936241149902,-4.284436225891113,-4.354046773910523,6.455953226089478
expdb_516,NC(N)=O,NC(N)=O,-13.72,1,Averaged - std : 0.08,10.13020/3eks-j059 10.1016/j.cej.2021.129307,-11.758465766906738,-10.453125953674316,-13.55699634552002,-11.396814346313477,-11.056163787841797,-11.64431324005127,2.0756867599487308
expdb_517,C(=O)N,NC=O,-10.19,1,"['Abraham Paper (A20)', 'Abraham Paper (A26)', 'Abraham Paper (A5)']",10.1016/j.cej.2021.129307,-8.786822319030762,-8.391863822937012,-9.496829986572266,-8.159836769104004,-7.687787055969238,-8.504627990722657,1.6853720092773425
expdb_519,NCCc1ccc(O)cc1,NCCc1ccc(O)cc1,-11.85,3,['Abraham Paper (A27)'],10.1016/j.cej.2021.129307,-12.147981961568197,-11.773740768432617,-11.692258834838867,-11.855774561564127,-11.575215021769205,-11.808994229634603,0.04100577036539654
expdb_520,C1=CC=C(C=C1)CCN,NCCc1ccccc1,-6.56,3,['Abraham Paper (A27)'],10.1016/j.cej.2021.129307,-6.781778335571289,-6.187269846598308,-6.400789260864258,-6.511151313781738,-6.054616292317708,-6.38712100982666,0.17287899017333963
expdb_522,Nc1c(Cl)c(Cl)nc(C(O)=O)c1Cl,Nc1c(Cl)c(Cl)nc(C(=O)O)c1Cl,-11.96,1,From Minnesota Solvation Database (MNSOL) version 2012,10.13020/3eks-j059,-8.242603302001953,-8.217050552368164,-11.393819808959961,-8.655426979064941,-9.6788911819458,-9.237558364868164,2.722441635131837
expdb_523,C1=C(C=C(C(=C1N)O)Cl)[N+](=O)[O-],Nc1cc([N+](=O)[O-])cc(Cl)c1O,-10.15,1,"['Abraham Paper (A6)', 'Abraham Paper (A6)']",10.1016/j.cej.2021.129307,-9.029488563537598,-10.34876823425293,-11.630329132080078,-12.172622680664062,-11.318439483642578,-10.899929618835449,0.7499296188354485
expdb_524,C1=C(C=C(C(=C1N)O)[N+](=O)[O-])[N+](=O)[O-],Nc1cc([N+](=O)[O-])cc([N+](=O)[O-])c1O,-11.39,1,"['Abraham Paper (A6)', 'Abraham Paper (A6)']",10.1016/j.cej.2021.129307,-11.28496265411377,-11.707521438598633,-11.872284889221191,-13.329708099365234,-12.43828296661377,-12.12655200958252,0.7365520095825193
expdb_525,C1=CC(=CC=C1CC2=CC=C(C=C2)N)N,Nc1ccc(Cc2ccc(N)cc2)cc1,-16.26,1,['Abraham Paper (A6)'],10.1016/j.cej.2021.129307,-13.126291275024414,-12.101287841796875,-12.352150917053223,-12.489707946777344,-12.793719291687012,-12.572631454467773,3.6873685455322285
expdb_526,Nc1ccc(N)c2C(=O)c3c(N)ccc(N)c3C(=O)c12,Nc1ccc(N)c2c1C(=O)c1c(N)ccc(N)c1C2=O,-8.9,1,From Minnesota Solvation Database (MNSOL) version 2012,10.13020/3eks-j059,-17.716102600097656,-16.162418365478516,-18.370405197143555,-17.90705108642578,-16.111921310424805,-17.253579711914064,8.353579711914064
expdb_527,Nc1ccc(cc1)N=Nc2ccc(cc2)[N+]([O-])=O,Nc1ccc(N=Nc2ccc([N+](=O)[O-])cc2)cc1,-11.2,2,From Minnesota Solvation Database (MNSOL) version 2012,10.13020/3eks-j059,-11.870881080627441,-12.614657402038574,-12.26678466796875,-13.084907531738281,-12.657793521881104,-12.49900484085083,1.2990048408508308
expdb_528,Nc1ccc(Nc2ccccc2)c3C(=O)c4ccccc4C(=O)c13,Nc1ccc(Nc2ccccc2)c2c1C(=O)c1ccccc1C2=O,-7.4,3,From Minnesota Solvation Database (MNSOL) version 2012,10.13020/3eks-j059,-10.899637858072916,-9.982171058654785,-11.48185920715332,-10.80975373586019,-11.265623728434244,-10.88780911763509,3.4878091176350896
expdb_529,C1=CC=C(C=C1)C(=O)NS(=O)(=O)C2=CC=C(C=C2)N,Nc1ccc(S(=O)(=O)NC(=O)c2ccccc2)cc1,-18.12,3,['Abraham Paper (A16)'],10.1016/j.cej.2021.129307,-12.628724416097006,-15.333349545796713,-13.910549481709799,-12.286676724751791,-12.567453384399414,-13.345350710550946,4.774649289449055
expdb_530,C1=CC=NC(=C1)NS(=O)(=O)C2=CC=C(C=C2)N,Nc1ccc(S(=O)(=O)Nc2ccccn2)cc1,-18.74,4,['Abraham Paper (A16)'],10.1016/j.cej.2021.129307,-14.616190910339355,-16.305758476257324,-14.916544198989868,-14.3535897731781,-15.001070022583008,-15.03863067626953,3.701369323730468
expdb_531,C1=CC=C(C=C1)N2C(=CC=N2)NS(=O)(=O)C3=CC=C(C=C3)N,Nc1ccc(S(=O)(=O)Nc2ccnn2-c2ccccc2)cc1,-21.21,3,['Abraham Paper (A16)'],10.1016/j.cej.2021.129307,-15.342212677001953,-16.83676528930664,-15.181951840718588,-14.950933456420898,-15.508241335550943,-15.564020919799805,5.6459790802001955
expdb_532,C1=CC(=CC=C1N)S(=O)(=O)NC2=NC=CS2,Nc1ccc(S(=O)(=O)Nc2nccs2)cc1,-18.25,4,['Abraham Paper (A16)'],10.1016/j.cej.2021.129307,-12.525666952133179,-14.411520957946777,-13.566181898117065,-12.190337181091309,-12.844506740570068,-13.10764274597168,5.142357254028321
expdb_533,C1=CC(=CC=C1N)S(=O)(=O)N,Nc1ccc(S(N)(=O)=O)cc1,-14.75,1,['Abraham Paper (A16)'],10.1016/j.cej.2021.129307,-10.998825073242188,-13.364328384399414,-10.794594764709473,-10.298515319824219,-12.101197242736816,-11.511492156982422,3.2385078430175778
expdb_534,C1=CC(=C(C=C1[N+](=O)[O-])Cl)N,Nc1ccc([N+](=O)[O-])cc1Cl,-8.74,1,['CompSol Binary (entry number=63725)'],10.1016/j.cej.2021.129307,-8.649154663085938,-8.270485877990723,-9.647947311401367,-8.786731719970703,-9.404369354248047,-8.951737785339356,0.2117377853393556
expdb_535,C1=CC=C(C=C1)C2=CC=CC=C2N,Nc1ccccc1-c1ccccc1,-7.27,2,['Abraham Paper (A16)'],10.1016/j.cej.2021.129307,-7.152533769607544,-6.623323917388916,-6.555770635604858,-6.708697319030762,-6.9883856773376465,-6.805742263793945,0.46425773620605426
expdb_536,C1C(C(OC1N2C=NC3=C(N=CN=C32)N)CO)O,Nc1ncnc2c1ncn2C1CC(O)C(CO)O1,-24.28,4,"['Abraham Paper (A27)', 'Abraham Paper (A27)']",10.1016/j.cej.2021.129307,-21.92974281311035,-21.32499074935913,-24.210702419281006,-23.886427402496338,-23.191621780395508,-22.908697032928465,1.3713029670715358
expdb_537,NC1=NC=NC2=C1N=CN2C3CCC(CO)O3,Nc1ncnc2c1ncn2C1CCC(CO)O1,-20.54,5,"['Abraham Paper (A27)', 'Abraham Paper (A27)']",10.1016/j.cej.2021.129307,-18.302382278442384,-17.863096237182617,-20.166629028320312,-19.98374710083008,-19.404150772094727,-19.14400108337402,1.3959989166259774
expdb_538,C1=NC2=NC=NC(=C2N1)N,Nc1ncnc2nc[nH]c12,-17.35,1,"['Abraham Paper (A27)', 'Abraham Paper (A27)']",10.1016/j.cej.2021.129307,-14.253072738647461,-14.785502433776855,-17.38639259338379,-15.342974662780762,-15.027908325195312,-15.359170150756835,1.9908298492431662
expdb_539,O,O,-6.315,1,Averaged - std : 0.01,10.13020/3eks-j059 Compsol pure,-3.557533025741577,-5.0463128089904785,-3.5503268241882324,-4.270090103149414,-3.5673227310180664,-3.998317098617554,2.3166829013824466
expdb_540,C1=CC=C(C=C1)C(=O)C(=O)C2=CC=CC=C2,O=C(C(=O)c1ccccc1)c1ccccc1,-6.64,1,"['Abraham Paper (A20)', 'Abraham Paper (A25)', 'Abraham Paper (A3)', 'Abraham Paper (A3)', 'Abraham Paper (A3)', 'Abraham Paper (A4)', 'Abraham Paper (A4)', 'Abraham Paper (A4)', 'Abraham Paper (A4)', 'Abraham Paper (A4)', 'Abraham Paper (A4)', 'Abraham Paper (A4)', 'Abraham Paper (A4)', 'Abraham Paper (A4)', 'Abraham Paper (A5)', 'Abraham Paper (A6)', 'Abraham Paper (A6)', 'Abraham Paper (A8)']",10.1016/j.cej.2021.129307,-5.269179821014404,-5.295121192932129,-6.390247821807861,-5.749145984649658,-5.0883636474609375,-5.558411693572998,1.081588306427002
expdb_541,C(C(=O)C(F)(F)F)C(=O)C(F)(F)F,O=C(CC(=O)C(F)(F)F)C(F)(F)F,-4.56,4,['Abraham Paper (A15)'],10.1016/j.cej.2021.129307,0.6895341873168945,-0.38658951967954636,-0.1577647253870964,-0.17636312171816826,0.7173009365797043,0.13722355142235756,4.697223551422357
expdb_542,C1=CSC(=C1)C(=O)CC(=O)C(F)(F)F,O=C(CC(=O)C(F)(F)F)c1cccs1,-6.15,3,['Abraham Paper (A6)'],10.1016/j.cej.2021.129307,-1.4991265932718914,-2.9149694045384726,-2.9983720779418945,-2.983940362930298,-2.4327073891957602,-2.5658231655756634,3.584176834424337
expdb_543,C1CN(CCC1(C2=CC=C(C=C2)Cl)O)CCCC(=O)C3=CC=C(C=C3)F,O=C(CCCN1CCC(O)(c2ccc(Cl)cc2)CC1)c1ccc(F)cc1,-15.42,5,['Abraham Paper (A3)'],10.1016/j.cej.2021.129307,-13.959742546081543,-14.985414505004883,-15.639366149902344,-14.535632133483887,-13.875690460205078,-14.599169158935547,0.8208308410644527
expdb_544,C1=CC=C(C=C1)C(C(=O)O)O,O=C(O)C(O)c1ccccc1,-13.71,4,['Abraham Paper (A27)'],10.1016/j.cej.2021.129307,-8.663246870040894,-9.50910496711731,-9.990530252456665,-10.471653461456299,-10.081542015075684,-9.74321551322937,3.9667844867706314
expdb_545,C(=CC(=O)O)C(=O)O,O=C(O)C=CC(=O)O,-9.96,2,"['Abraham Paper (A4)', 'Abraham Paper (A4)', 'Abraham Paper (A4)']",10.1016/j.cej.2021.129307,-10.89245319366455,-10.653566837310791,-11.742043495178223,-12.59052848815918,-11.529617309570312,-11.481641864776611,1.5216418647766101
expdb_546,C1=CC=C(C=C1)C=CC(=O)O,O=C(O)C=Cc1ccccc1,-8.38,2,['Abraham Paper (A21)'],10.1016/j.cej.2021.129307,-7.487956285476685,-7.742991924285889,-8.227097034454346,-8.49852991104126,-8.055694103240967,-8.00245385169983,0.37754614830017097
expdb_547,C(CC(=O)O)C(=O)O,O=C(O)CCC(=O)O,-12.59,4,"['Abraham Paper (A4)', 'Abraham Paper (A4)', 'Abraham Paper (A4)']",10.1016/j.cej.2021.129307,-10.667187213897705,-12.009132862091064,-12.15900182723999,-12.868281364440918,-11.509488105773926,-11.842618274688721,0.7473817253112784
expdb_548,OC(=O)CCC(=O)c1ccc(cc1)c2ccccc2,O=C(O)CCC(=O)c1ccc(-c2ccccc2)cc1,-12.75,5,From Minnesota Solvation Database (MNSOL) version 2012,10.13020/3eks-j059,-11.782892608642578,-12.117258834838868,-12.570550155639648,-12.22807559967041,-11.549336433410645,-12.04962272644043,0.7003772735595692
expdb_549,C(CC(=O)O)CC(=O)O,O=C(O)CCCC(=O)O,-12.71,4,"['Abraham Paper (A4)', 'Abraham Paper (A4)', 'Abraham Paper (A4)']",10.1016/j.cej.2021.129307,-12.65900182723999,-13.165210962295532,-13.633562088012695,-13.789582014083862,-12.801197290420532,-13.209710836410522,0.4997108364105216
expdb_550,C(CCC(=O)O)CC(=O)O,O=C(O)CCCCC(=O)O,-12.86,5,"['Abraham Paper (A4)', 'Abraham Paper (A4)', 'Abraham Paper (A4)', 'Abraham Paper (A4)', 'Abraham Paper (A4)', 'Abraham Paper (A4)']",10.1016/j.cej.2021.129307,-12.752488327026366,-13.243846130371093,-13.731848526000977,-13.801379203796387,-12.75842742919922,-13.257597923278809,0.39759792327880916
expdb_551,C1=CC=C(C=C1)CCCCCCCC(=O)O,O=C(O)CCCCCCCc1ccccc1,-8.98,5,['Abraham Paper (A16)'],10.1016/j.cej.2021.129307,-7.430582523345947,-7.554615211486817,-7.998428726196289,-7.616149425506592,-7.292715263366699,-7.57849822998047,1.4015017700195305
expdb_552,C1=CC=C(C=C1)CCCCCCC(=O)O,O=C(O)CCCCCCc1ccccc1,-8.72,5,['Abraham Paper (A16)'],10.1016/j.cej.2021.129307,-7.679167747497559,-7.517014503479004,-8.05088176727295,-7.720136642456055,-7.399395942687988,-7.6733193206787105,1.0466806793212902
expdb_553,C1=CC=C(C=C1)CCCCC(=O)O,O=C(O)CCCCc1ccccc1,-8.68,4,['Abraham Paper (A16)'],10.1016/j.cej.2021.129307,-8.029044151306152,-7.884549140930176,-8.288352251052856,-8.14689290523529,-7.740211606025696,-8.017810010910035,0.6621899890899652
expdb_555,C1=CC=C(C=C1)CCC(=O)O,O=C(O)CCc1ccccc1,-9.0,4,['Abraham Paper (A16)'],10.1016/j.cej.2021.129307,-8.323213338851929,-8.063320994377136,-8.20975375175476,-8.507692813873291,-7.9485023021698,-8.210496640205383,0.789503359794617
expdb_556,OC(=O)Cc1ccc(cc1)C(O)=O,O=C(O)Cc1ccc(C(=O)O)cc1,-16.47,3,['Abraham Paper (A27)'],10.1016/j.cej.2021.129307,-13.465836524963379,-14.051828702290853,-13.604597091674805,-14.738790512084961,-14.533530235290527,-14.078916613260906,2.3910833867390924
expdb_557,C1=CC(=CC=C1CC(=O)O)O,O=C(O)Cc1ccc(O)cc1,-12.97,4,['Abraham Paper (A3)'],10.1016/j.cej.2021.129307,-13.449684381484985,-13.23216962814331,-13.060902118682861,-13.734661102294922,-13.228736400604248,-13.341230726242065,0.37123072624206443
expdb_558,C1=CC(=CC(=C1)Cl)CC(=O)O,O=C(O)Cc1cccc(Cl)c1,-8.39,3,['Abraham Paper (A16)'],10.1016/j.cej.2021.129307,-8.523156801859537,-8.011852900187174,-7.970009009043376,-8.961402575174967,-8.248152732849121,-8.342914803822834,0.04708519617716611
expdb_559,C1=CC=C(C=C1)CC(=O)O,O=C(O)Cc1ccccc1,-8.74,3,"['Abraham Paper (A16)', 'Abraham Paper (A27)', 'Abraham Paper (A3)', 'Abraham Paper (A8)']",10.1016/j.cej.2021.129307,-7.76746145884196,-7.639528910319011,-7.827435493469238,-8.20841375986735,-7.793427626291911,-7.847253449757893,0.8927465502421068
expdb_560,C1=C(C=C(C=C1[N+](=O)[O-])[N+](=O)[O-])C(=O)O,O=C(O)c1cc([N+](=O)[O-])cc([N+](=O)[O-])c1,-11.32,1,"['Abraham Paper (A20)', 'Abraham Paper (A3)', 'Abraham Paper (A3)', 'Abraham Paper (A5)']",10.1016/j.cej.2021.129307,-9.818246841430664,-11.615163803100586,-10.914107322692871,-12.566515922546387,-12.224807739257812,-11.427768325805664,0.10776832580566342
expdb_561,C1=CC(=C(C=C1[N+](=O)[O-])C(=O)O)Cl,O=C(O)c1cc([N+](=O)[O-])ccc1Cl,-9.48,1,['Abraham Paper (A3)'],10.1016/j.cej.2021.129307,-7.874608993530273,-8.755359649658203,-8.877363204956055,-9.669769287109375,-9.68525505065918,-8.972471237182617,0.5075287628173832
expdb_562,O=C(O)C1=CC=C(Br)C=C1,O=C(O)c1ccc(Br)cc1,-6.67,1,"['Abraham Paper (A16)', 'Abraham Paper (A20)', 'Abraham Paper (A5)']",10.1016/j.cej.2021.129307,-6.342507362365723,-7.723048210144043,-7.314255714416504,-7.847824573516846,-7.795988082885742,-7.404724788665772,0.7347247886657717
expdb_563,C1=CC(=CC=C1C(=O)O)C(=O)O,O=C(O)c1ccc(C(=O)O)cc1,-11.39,1,"['Abraham Paper (A20)', 'Abraham Paper (A5)']",10.1016/j.cej.2021.129307,-10.899679183959961,-13.092504501342773,-12.091650009155273,-13.385482788085938,-13.520625114440918,-12.597988319396972,1.2079883193969714
expdb_564,OC(=O)c1ccc(CCl)cc1,O=C(O)c1ccc(CCl)cc1,-9.22,1,['Abraham Paper (A27)'],10.1016/j.cej.2021.129307,-8.11572551727295,-8.244294166564941,-7.827315330505371,-8.54766845703125,-8.597879409790039,-8.26657657623291,0.9534234237670898
expdb_565,OCc1ccc(cc1)C(O)=O,O=C(O)c1ccc(CO)cc1,-13.34,1,['Abraham Paper (A27)'],10.1016/j.cej.2021.129307,-10.65015697479248,-12.783109664916992,-12.320710182189941,-12.994833946228027,-13.149869918823242,-12.379736137390136,0.9602638626098638
expdb_566,C1=CC(=C(C=C1C(=O)O)[N+](=O)[O-])Cl,O=C(O)c1ccc(Cl)c([N+](=O)[O-])c1,-9.84,1,"['Abraham Paper (A20)', 'Abraham Paper (A3)', 'Abraham Paper (A5)']",10.1016/j.cej.2021.129307,-7.847461700439453,-8.66075325012207,-7.602274417877197,-9.325352668762207,-8.787747383117676,-8.44471788406372,1.3952821159362792
expdb_567,C1=CC(=CC=C1C(=O)O)Cl,O=C(O)c1ccc(Cl)cc1,-6.55,1,"['Abraham Paper (A16)', 'Abraham Paper (A3)', 'Abraham Paper (A3)', 'Abraham Paper (A3)', 'Abraham Paper (A4)', 'Abraham Paper (A4)', 'Abraham Paper (A4)', 'Abraham Paper (A8)']",10.1016/j.cej.2021.129307,-6.177180290222168,-6.885137557983398,-6.822626113891602,-7.417443752288818,-7.411471843719482,-6.942771911621094,0.3927719116210939
expdb_568,C1=CC(=CC=C1C(=O)O)I,O=C(O)c1ccc(I)cc1,-7.96,1,"['Abraham Paper (A13)', 'Abraham Paper (A16)', 'Abraham Paper (A20)', 'Abraham Paper (A5)']",10.1016/j.cej.2021.129307,-7.004651069641113,-7.850996971130371,-7.514272689819336,-7.938570976257324,-8.275124549865723,-7.716723251342773,0.2432767486572267
expdb_569,C1=CC(=CC=C1C(=O)O)O,O=C(O)c1ccc(O)cc1,-9.25,1,"['Abraham Paper (A20)', 'Abraham Paper (A20)', 'Abraham Paper (A20)', 'Abraham Paper (A3)', 'Abraham Paper (A3)', 'Abraham Paper (A3)', 'Abraham Paper (A4)', 'Abraham Paper (A4)', 'Abraham Paper (A4)', 'Abraham Paper (A5)', 'Abraham Paper (A5)', 'Abraham Paper (A5)', 'Abraham Paper (A8)', 'Abraham Paper (A9)']",10.1016/j.cej.2021.129307,-10.889236450195312,-12.475452423095703,-11.86966323852539,-12.490792274475098,-12.412394523620605,-12.027507781982422,2.777507781982422
expdb_570,C1=CC(=CC=C1C(=O)O)[N+](=O)[O-],O=C(O)c1ccc([N+](=O)[O-])cc1,-9.44,1,"['Abraham Paper (A20)', 'Abraham Paper (A3)', 'Abraham Paper (A3)', 'Abraham Paper (A3)', 'Abraham Paper (A5)']",10.1016/j.cej.2021.129307,-8.721056938171387,-10.083609580993652,-9.392743110656738,-9.661142349243164,-9.996926307678223,-9.571095657348632,0.1310956573486326
expdb_571,C1=CC=C2C=C(C=CC2=C1)C(=O)O,O=C(O)c1ccc2ccccc2c1,-8.54,1,"['Abraham Paper (A27)', 'Abraham Paper (A27)']",10.1016/j.cej.2021.129307,-7.7299957275390625,-8.551265716552734,-8.2512845993042,-8.809916496276855,-8.696063995361328,-8.407705307006836,0.1322946929931632
expdb_572,C1=CC(=CC(=C1)C(=O)O)C(=O)O,O=C(O)c1cccc(C(=O)O)c1,-11.27,1,"['Abraham Paper (A20)', 'Abraham Paper (A5)']",10.1016/j.cej.2021.129307,-10.880806922912598,-13.078035354614258,-12.087024688720703,-13.422112464904785,-13.389063835144043,-12.571408653259278,1.3014086532592781
expdb_573,C1=CC(=CC(=C1)Cl)C(=O)O,O=C(O)c1cccc(Cl)c1,-7.03,1,"['Abraham Paper (A16)', 'Abraham Paper (A3)', 'Abraham Paper (A3)']",10.1016/j.cej.2021.129307,-5.928807258605957,-6.605787754058838,-6.500685214996338,-7.32653284072876,-6.865428447723389,-6.645448303222656,0.38455169677734435
expdb_574,C1=CC(=CC(=C1)O)C(=O)O,O=C(O)c1cccc(O)c1,-9.55,1,['Abraham Paper (A8)'],10.1016/j.cej.2021.129307,-11.119766235351562,-12.258679389953613,-11.801490783691406,-12.208813667297363,-12.211433410644531,-11.920036697387696,2.370036697387695
expdb_575,C1=CC(=CC(=C1)[N+](=O)[O-])C(=O)O,O=C(O)c1cccc([N+](=O)[O-])c1,-9.45,1,"['Abraham Paper (A3)', 'Abraham Paper (A3)', 'Abraham Paper (A3)']",10.1016/j.cej.2021.129307,-8.6043062210083,-10.130688667297363,-9.303484916687012,-10.653273582458496,-10.421359062194824,-9.822622489929199,0.3726224899291992
expdb_577,C1=CC=C2C(=C1)C=CC=C2C(=O)O,O=C(O)c1cccc2ccccc12,-9.04,1,"['Abraham Paper (A16)', 'Abraham Paper (A27)', 'Abraham Paper (A27)']",10.1016/j.cej.2021.129307,-7.0760416984558105,-7.7883501052856445,-7.725167274475098,-8.313617706298828,-8.56280517578125,-7.893196392059326,1.1468036079406732
expdb_578,C1=CC=C(C=C1)C(=O)O,O=C(O)c1ccccc1,-6.96,1,"['Abraham Paper (A16)', 'Abraham Paper (A20)', 'Abraham Paper (A20)', 'Abraham Paper (A20)', 'Abraham Paper (A21)', 'Abraham Paper (A27)', 'Abraham Paper (A27)', 'Abraham Paper (A3)', 'Abraham Paper (A3)', 'Abraham Paper (A4)', 'Abraham Paper (A4)', 'Abraham Paper (A4)', 'Abraham Paper (A5)', 'Abraham Paper (A5)', 'Abraham Paper (A5)', 'Abraham Paper (A6)', 'Abraham Paper (A8)', 'Abraham Paper (A9)']",10.1016/j.cej.2021.129307,-6.055788040161133,-7.126147270202637,-6.594768524169922,-7.27412748336792,-7.157370090484619,-6.841640281677246,0.11835971832275405
expdb_579,C1=CC=C(C(=C1)C(=O)O)Cl,O=C(O)c1ccccc1Cl,-7.53,1,"['Abraham Paper (A20)', 'Abraham Paper (A4)', 'Abraham Paper (A4)', 'Abraham Paper (A4)', 'Abraham Paper (A5)', 'Abraham Paper (A8)']",10.1016/j.cej.2021.129307,-5.152645111083984,-4.583539962768555,-6.247453689575195,-6.137396335601807,-5.530665874481201,-5.530340194702148,1.9996598052978518
expdb_580,C1=CC=C(C(=C1)C(=O)O)O,O=C(O)c1ccccc1O,-7.35,1,"['Abraham Paper (A20)', 'Abraham Paper (A20)', 'Abraham Paper (A3)', 'Abraham Paper (A3)', 'Abraham Paper (A3)', 'Abraham Paper (A4)', 'Abraham Paper (A4)', 'Abraham Paper (A4)', 'Abraham Paper (A4)', 'Abraham Paper (A4)', 'Abraham Paper (A4)', 'Abraham Paper (A4)', 'Abraham Paper (A4)', 'Abraham Paper (A4)', 'Abraham Paper (A5)', 'Abraham Paper (A5)', 'Abraham Paper (A6)', 'Abraham Paper (A6)', 'Abraham Paper (A6)', 'Abraham Paper (A6)', 'Abraham Paper (A6)', 'Abraham Paper (A8)', 'Abraham Paper (A9)']",10.1016/j.cej.2021.129307,-6.315456867218018,-6.911904335021973,-8.003313064575195,-7.582865238189697,-7.528672695159912,-7.268442440032959,0.08155755996704084
expdb_581,C1=CC(=CC(=C1)NC2=C(C=CC=N2)C(=O)O)C(F)(F)F,O=C(O)c1cccnc1Nc1cccc(C(F)(F)F)c1,-12.84,5,"['Abraham Paper (A20)', 'Abraham Paper (A20)', 'Abraham Paper (A5)', 'Abraham Paper (A5)', 'Abraham Paper (A6)']",10.1016/j.cej.2021.129307,-9.501001358032227,-10.390254402160645,-10.116561889648438,-10.58767910003662,-11.622821235656739,-10.443663597106932,2.396336402893068
expdb_582,O=C(OC1CCCCC1)C2=CC=CC=C2C(OC3CCCCC3)=O,O=C(OC1CCCCC1)c1ccccc1C(=O)OC1CCCCC1,-9.07,4,['Abraham Paper (A18)'],10.1016/j.cej.2021.129307,-6.139923930168152,-6.181923031806946,-6.776874899864197,-5.939276337623596,-6.448421120643616,-6.297283864021301,2.7727161359786994
expdb_583,O=C(OC1CCCCCC1)C2=CC=CC=C2C(OC3CCCCCC3)=O,O=C(OC1CCCCCC1)c1ccccc1C(=O)OC1CCCCCC1,-8.87,5,['Abraham Paper (A18)'],10.1016/j.cej.2021.129307,-4.5805493831634525,-6.23546028137207,-6.7409614562988285,-5.363724040985107,-5.321398591995239,-5.64841875076294,3.221581249237059
expdb_584,O=C(OCC1=CC=CC=C1)C2=CC=CC=C2C(OCC3=CC=CC=C3)=O,O=C(OCc1ccccc1)c1ccccc1C(=O)OCc1ccccc1,-11.31,5,['Abraham Paper (A18)'],10.1016/j.cej.2021.129307,-8.453420162200928,-9.078347778320312,-8.350058555603027,-8.808814811706544,-8.972433853149415,-8.732615032196046,2.5773849678039547
expdb_585,O=C(OC1=CC=CC=C1)C2=CC=CC=C2C(OC3=CC=CC=C3)=O,O=C(Oc1ccccc1)c1ccccc1C(=O)Oc1ccccc1,-11.6,2,['Abraham Paper (A18)'],10.1016/j.cej.2021.129307,-6.668106555938721,-6.644953012466431,-7.881242990493774,-7.690147638320923,-7.874051094055176,-7.351700258255005,4.248299741744995
expdb_586,[O-]C(=O)c1ccccc1,O=C([O-])c1ccccc1,-3.82,1,From Minnesota Solvation Database (MNSOL) version 2012,10.13020/3eks-j059,-4.2772746086120605,-4.223410606384277,-4.072606563568115,-4.0512213706970215,-4.3917765617370605,-4.203257942199707,0.38325794219970755
expdb_587,ON(c1ccccc1)C(=O)c2cc(cc(c2)[N+]([O-])=O)[N+]([O-])=O,O=C(c1cc([N+](=O)[O-])cc([N+](=O)[O-])c1)N(O)c1ccccc1,-15.63,3,['Abraham Paper (A6)'],10.1016/j.cej.2021.129307,-12.847840309143066,-12.766379356384277,-12.830759684244791,-13.423503239949545,-13.566117286682129,-13.086919975280761,2.5430800247192398
expdb_588,ON(C(=O)c1ccc(Br)cc1)c2ccc(Cl)cc2,O=C(c1ccc(Br)cc1)N(O)c1ccc(Cl)cc1,-11.55,3,['Abraham Paper (A6)'],10.1016/j.cej.2021.129307,-7.467757225036621,-8.828312238057455,-9.078775405883789,-8.845179239908854,-8.946910540262857,-8.633386929829914,2.9166130701700865
expdb_589,C1=CC=C(C=C1)C(C(=O)C2=CC=CC=C2)O,O=C(c1ccccc1)C(O)c1ccccc1,-11.91,3,['Abraham Paper (A36)'],10.1016/j.cej.2021.129307,-7.413270314534505,-7.687161286671956,-8.20840342839559,-8.2239990234375,-7.8688615163167315,-7.880339113871257,4.0296608861287435
expdb_590,ON(c1cccc(Cl)c1)C(=O)c2ccccc2,O=C(c1ccccc1)N(O)c1cccc(Cl)c1,-10.89,3,['Abraham Paper (A6)'],10.1016/j.cej.2021.129307,-7.351138591766357,-7.608939329783122,-8.018179575602213,-8.230767567952475,-8.466643333435059,-7.935133679707846,2.9548663202921546
expdb_591,C1=CC=C(C=C1)C(=O)N(C2=CC=CC=C2)O,O=C(c1ccccc1)N(O)c1ccccc1,-11.34,3,['Abraham Paper (A6)'],10.1016/j.cej.2021.129307,-7.1912922859191895,-8.110957781473795,-8.340700467427572,-7.304698626200358,-8.496365547180176,-7.888802941640219,3.4511970583597806
expdb_592,C1=CC=C(C=C1)N(C(=O)C2=CC=CC=C2[N+](=O)[O-])O,O=C(c1ccccc1[N+](=O)[O-])N(O)c1ccccc1,-14.49,4,['Abraham Paper (A6)'],10.1016/j.cej.2021.129307,-8.650653839111328,-6.557282090187073,-8.284382820129395,-8.487741947174072,-8.486320614814758,-8.093276262283325,6.396723737716675
expdb_593,C1=CC=C(C=C1)C2(C(=O)NC(=O)N2)C3=CC=CC=C3,O=C1NC(=O)C(c2ccccc2)(c2ccccc2)N1,-16.67,3,['Abraham Paper (A16)'],10.1016/j.cej.2021.129307,-11.542675018310547,-12.662846247355143,-13.806456565856934,-11.740172068277994,-12.78916041056315,-12.508262062072752,4.161737937927249
expdb_594,C1=CC=C2C(=C1)C3=CC=CC=C3C2=O,O=C1c2ccccc2-c2ccccc21,-5.78,1,"['Abraham Paper (A25)', 'Abraham Paper (A6)']",10.1016/j.cej.2021.129307,-5.200867176055908,-5.324240684509277,-5.121299743652344,-5.704038143157959,-5.651061058044434,-5.400301361083985,0.3796986389160155
expdb_595,C1=CC=C2C(=C1)C(=O)C3=C(C2=O)C(=CC=C3)Cl,O=C1c2ccccc2C(=O)c2c(Cl)cccc21,-8.23,1,"['Abraham Paper (A20)', 'Abraham Paper (A3)', 'Abraham Paper (A3)', 'Abraham Paper (A3)', 'Abraham Paper (A5)', 'Abraham Paper (A6)']",10.1016/j.cej.2021.129307,-4.887953758239746,-5.505800724029541,-5.544740200042725,-5.457996368408203,-5.500793933868408,-5.379456996917725,2.850543003082276
expdb_596,C(=O)=O,O=C=O,0.11,1,"['Abraham Paper (A10)', 'Abraham Paper (A11)', 'Abraham Paper (A11)', 'Abraham Paper (A20)', 'Abraham Paper (A20)', 'Abraham Paper (A20)', 'Abraham Paper (A3)', 'Abraham Paper (A4)', 'Abraham Paper (A4)', 'Abraham Paper (A4)', 'Abraham Paper (A5)', 'Abraham Paper (A5)', 'Abraham Paper (A5)', 'Abraham Paper (A6)', 'Abraham Paper (A6)', 'CompSol Binary (entry number=66016)', 'CompSol Binary (entry number=66026)', 'CompSol Binary (entry number=66031)', 'CompSol Binary (entry number=66033)', 'CompSol Binary (entry number=66061)', 'CompSol Binary (entry number=66086)', 'CompSol Binary (entry number=66106)', 'CompSol Binary (entry number=66109)', 'CompSol Binary (entry number=66127)']",10.1016/j.cej.2021.129307,-2.658241033554077,-2.3022196292877197,-2.5845558643341064,-1.7544937133789062,-1.5799214839935303,-2.175886344909668,2.285886344909668
expdb_597,C(=O)=S,O=C=S,0.41,1,"['Abraham Paper (A20)', 'Abraham Paper (A5)']",10.1016/j.cej.2021.129307,-2.089066505432129,-1.2135028839111328,-1.6604129076004028,-1.2892084121704102,-1.6741056442260742,-1.5852592706680297,1.9952592706680297
expdb_598,C1COCCN1C=O,O=CN1CCOCC1,-9.41,1,"['Abraham Paper (A20)', 'Abraham Paper (A5)']",10.1016/j.cej.2021.129307,-8.380474090576172,-8.748332023620605,-8.37871265411377,-8.877613067626953,-7.72699499130249,-8.422425365447998,0.9875746345520025
expdb_599,C1=CC(=CC=C1C=O)C(=O)O,O=Cc1ccc(C(=O)O)cc1,-8.94,1,"['Abraham Paper (A20)', 'Abraham Paper (A5)']",10.1016/j.cej.2021.129307,-9.246289253234863,-10.044719696044922,-9.57064151763916,-10.480676651000977,-10.246025085449219,-9.917670440673827,0.9776704406738279
expdb_600,C1=COC(=C1)C=O,O=Cc1ccco1,-5.28,2,"['Abraham Paper (A3)', 'Abraham Paper (A6)', 'Abraham Paper (A6)', 'Abraham Paper (A6)', 'Abraham Paper (A8)', 'CompSol Binary (entry number=63835)']",10.1016/j.cej.2021.129307,-5.218562841415405,-4.648947238922119,-4.8113625049591064,-5.939116716384888,-4.485700368881226,-5.020737934112549,0.2592620658874516
expdb_601,C1CCN(CC1)N=O,O=NN1CCCCC1,-6.34,2,['Abraham Paper (A8)'],10.1016/j.cej.2021.129307,-4.386422872543335,-4.825146436691284,-4.53170108795166,-6.31044340133667,-4.663899183273315,-4.943522596359253,1.3964774036407466
expdb_602,C1COCCN1N=O,O=NN1CCOCC1,-7.78,2,['Abraham Paper (A8)'],10.1016/j.cej.2021.129307,-6.670817136764526,-7.025740623474121,-6.310693025588989,-8.51107668876648,-7.163455247879028,-7.136356544494629,0.6436434555053712
expdb_603,C1=CC=C2C(=C1)C=CC(=C2N=O)O,O=Nc1c(O)ccc2ccccc12,-7.31,1,"['Abraham Paper (A6)', 'Abraham Paper (A6)']",10.1016/j.cej.2021.129307,-5.655271530151367,-6.513446807861328,-6.489785194396973,-6.8749284744262695,-6.037092208862305,-6.314104843139648,0.9958951568603513
expdb_604,C1=CC=C2C(=C1)C=CC(=C2O)N=O,O=Nc1ccc2ccccc2c1O,-8.79,1,"['Abraham Paper (A6)', 'Abraham Paper (A6)']",10.1016/j.cej.2021.129307,-6.170414447784424,-6.132770538330078,-5.909197807312012,-6.380251407623291,-6.336097240447998,-6.18574628829956,2.604253711700439
expdb_606,C1=CC=C(C=C1)P(=O)(C2=CC=CC=C2)C3=CC=CC=C3,O=P(c1ccccc1)(c1ccccc1)c1ccccc1,-17.04,2,['Abraham Paper (A6)'],10.1016/j.cej.2021.129307,-5.861766338348389,-5.697274923324585,-5.197126626968384,-6.423410654067993,-6.370507001876831,-5.910017108917236,11.129982891082763
expdb_607,C1=CC=C(C=C1)S(=O)(=O)C2=CC=CC=C2,O=S(=O)(c1ccccc1)c1ccccc1,-10.08,1,"['Abraham Paper (A3)', 'Abraham Paper (A3)', 'Abraham Paper (A3)', 'Abraham Paper (A8)', 'Abraham Paper (A9)']",10.1016/j.cej.2021.129307,-6.0740065574646,-7.068371772766113,-5.475323677062988,-5.491847515106201,-5.838064193725586,-5.9895227432250975,4.090477256774903
expdb_609,O=S=O,O=S=O,-2.07,1,"['Abraham Paper (A20)', 'Abraham Paper (A20)', 'Abraham Paper (A26)', 'Abraham Paper (A3)', 'Abraham Paper (A3)', 'Abraham Paper (A4)', 'Abraham Paper (A5)', 'Abraham Paper (A5)', 'CompSol Binary (entry number=68874)']",10.1016/j.cej.2021.129307,-2.017915725708008,-2.652778148651123,-2.8869287967681885,-2.165552854537964,-1.3111026287078857,-2.206855630874634,0.13685563087463404
expdb_610,C1=C(C(=C(C(=C1Cl)Cl)[N+](=O)[O-])Cl)Cl,O=[N+]([O-])c1c(Cl)c(Cl)cc(Cl)c1Cl,-3.77,2,['Abraham Paper (A25)'],10.1016/j.cej.2021.129307,-4.096589088439941,-4.99607253074646,-3.0020123720169067,-5.591836214065552,-5.218805313110352,-4.5810631036758425,0.8110631036758424
expdb_611,C1=CC(=CC=C1CCl)[N+](=O)[O-],O=[N+]([O-])c1ccc(CCl)cc1,-5.14,1,"['Abraham Paper (A3)', 'Abraham Paper (A4)', 'Abraham Paper (A6)', 'Abraham Paper (A8)']",10.1016/j.cej.2021.129307,-6.713210105895996,-5.232495307922363,-4.904401779174805,-4.6021318435668945,-4.720673561096191,-5.23458251953125,0.09458251953124996
expdb_612,C1=CC(=C(C(=C1[N+](=O)[O-])Cl)Cl)Cl,O=[N+]([O-])c1ccc(Cl)c(Cl)c1Cl,-4.07,1,['Abraham Paper (A25)'],10.1016/j.cej.2021.129307,-3.7411136627197266,-3.7708444595336914,-2.8321924209594727,-3.877746105194092,-3.515632390975952,-3.547505807876587,0.5224941921234132
expdb_613,C1=CC(=CC=C1[N+](=O)[O-])Cl,O=[N+]([O-])c1ccc(Cl)cc1,-5.05,1,['CompSol Binary (entry number=62811)'],10.1016/j.cej.2021.129307,-4.7720723152160645,-4.240304470062256,-4.668065547943115,-4.6218791007995605,-4.241069316864014,-4.508678150177002,0.5413218498229977
expdb_614,C1=CC(=C(C=C1[N+](=O)[O-])[N+](=O)[O-])O,O=[N+]([O-])c1ccc(O)c([N+](=O)[O-])c1,-7.61,1,"['Abraham Paper (A6)', 'Abraham Paper (A6)']",10.1016/j.cej.2021.129307,-7.681127548217773,-6.993075370788574,-7.672130107879639,-7.491398334503174,-7.708606719970703,-7.5092676162719725,0.10073238372802784
expdb_615,C1=CC(=C(C(=C1[N+](=O)[O-])O)[N+](=O)[O-])O,O=[N+]([O-])c1ccc(O)c([N+](=O)[O-])c1O,-9.51,1,"['Abraham Paper (A6)', 'Abraham Paper (A6)']",10.1016/j.cej.2021.129307,-10.161784172058105,-9.810710906982422,-9.651280403137207,-10.677447319030762,-9.487958908081055,-9.95783634185791,0.44783634185790966
expdb_616,C1=CC(=CC(=C1)[N+](=O)[O-])CO,O=[N+]([O-])c1cccc(CO)c1,-9.19,2,['Abraham Paper (A16)'],10.1016/j.cej.2021.129307,-8.355148792266846,-9.626523971557617,-8.648898124694824,-9.656084060668945,-9.508281707763672,-9.158987331390382,0.031012668609617933
expdb_617,C1=CC(=CC(=C1)Cl)[N+](=O)[O-],O=[N+]([O-])c1cccc(Cl)c1,-4.45,1,['CompSol Binary (entry number=62810)'],10.1016/j.cej.2021.129307,-4.187045574188232,-4.1991424560546875,-3.9940178394317627,-4.4579973220825195,-3.991234540939331,-4.165887546539307,0.28411245346069336
expdb_618,C1=CC(=C(C(=C1)Cl)Cl)[N+](=O)[O-],O=[N+]([O-])c1cccc(Cl)c1Cl,-4.22,1,['Abraham Paper (A29)'],10.1016/j.cej.2021.129307,-4.233854293823242,-3.192594528198242,-2.6821646690368652,-3.8983020782470703,-3.0539212226867676,-3.4121673583984373,0.8078326416015624
expdb_619,C1=CC(=CC(=C1)[N+](=O)[O-])[N+](=O)[O-],O=[N+]([O-])c1cccc([N+](=O)[O-])c1,-7.77,1,['CompSol Binary (entry number=62561)'],10.1016/j.cej.2021.129307,-7.162312984466553,-6.445580005645752,-6.224062919616699,-7.106598377227783,-6.772831916809082,-6.7422772407531735,1.027722759246826
expdb_620,C1=CC=C2C(=C1)C=CC=C2[N+](=O)[O-],O=[N+]([O-])c1cccc2ccccc12,-5.65,1,['CompSol Binary (entry number=63092)'],10.1016/j.cej.2021.129307,-4.237031936645508,-4.663481712341309,-3.9832658767700195,-4.756880760192871,-4.10605525970459,-4.349343109130859,1.3006568908691412
expdb_622,C1=CC=C2C(=C1)C(=O)C3=CC=CC=C3S2,O=c1c2ccccc2sc2ccccc12,-6.9,1,['Abraham Paper (A25)'],10.1016/j.cej.2021.129307,-4.869966983795166,-5.409675598144531,-4.710567474365234,-5.533752918243408,-5.90205717086792,-5.285204029083252,1.6147959709167488
expdb_623,O=C1NC=CC(=O)N1,O=c1cc[nH]c(=O)[nH]1,-16.59,1,From Minnesota Solvation Database (MNSOL) version 2012,10.13020/3eks-j059,-17.521944046020508,-17.566055297851562,-18.28773307800293,-18.247106552124023,-17.34601593017578,-17.79377098083496,1.2037709808349604
expdb_624,OC(C(F)(F)F)C(F)(F)F,OC(C(F)(F)F)C(F)(F)F,-3.77,1,From Minnesota Solvation Database (MNSOL) version 2012,10.13020/3eks-j059,-1.555191159248352,-1.4252797365188599,-3.1928048133850098,-4.252423286437988,-1.1231112480163574,-2.3097620487213133,1.4602379512786867
expdb_625,C1CCCCCC(CCCCC1)O,OC1CCCCCCCCCCC1,-5.35,5,['CompSol Binary (entry number=66339)'],10.1016/j.cej.2021.129307,-3.669625234603882,-4.6506853103637695,-4.986423301696777,-4.299765396118164,-4.739806175231934,-4.469261083602905,0.8807389163970942
expdb_628,OCC(O)C(O)C(O)CO,OCC(O)C(O)C(O)CO,-16.55,5,"['Abraham Paper (A20)', 'Abraham Paper (A5)']",10.1016/j.cej.2021.129307,-19.23586654663086,-19.802077102661134,-20.650534439086915,-19.917151260375977,-20.484499359130858,-20.018025741577144,3.4680257415771436
expdb_630,C(CO)CO,OCCCO,-9.96,3,['CompSol Binary (entry number=62565)'],10.1016/j.cej.2021.129307,-10.664410591125488,-10.615184783935547,-10.76052474975586,-10.297063509623209,-10.596241315205893,-10.5866849899292,0.6266849899291991
expdb_631,C(CCl)O,OCCCl,-6.28,2,"['Abraham Paper (A6)', 'Abraham Paper (A6)']",10.1016/j.cej.2021.129307,-5.106290340423584,-4.4205029010772705,-5.724798202514648,-5.638633728027344,-5.355438232421875,-5.249132680892944,1.030867319107056
expdb_632,C1=CC=C(C(=C1)CO)O,OCc1ccccc1O,-10.22,2,['Abraham Paper (A8)'],10.1016/j.cej.2021.129307,-9.180025100708008,-9.476142883300781,-10.327409744262695,-9.64685583114624,-9.951032638549805,-9.716293239593506,0.5037067604064944
expdb_633,OO,OO,-8.58,1,From Minnesota Solvation Database (MNSOL) version 2012,10.13020/3eks-j059,-4.472188472747803,-2.7470920085906982,-5.072243690490723,-5.039305210113525,-3.6885764598846436,-4.203881168365479,4.376118831634521
expdb_634,C1(=C(C(=C(C(=C1Cl)Cl)Cl)Cl)Cl)O,Oc1c(Cl)c(Cl)c(Cl)c(Cl)c1Cl,-4.99,1,['Abraham Paper (A25)'],10.1016/j.cej.2021.129307,-2.7189600467681885,-3.518540620803833,-3.8033335208892822,-3.0259652137756348,-3.8810768127441406,-3.389575242996216,1.6004247570037844
expdb_635,C1=C(C=C(C(=C1Cl)O)Cl)Cl,Oc1c(Cl)cc(Cl)cc1Cl,-4.95,1,['Abraham Paper (A25)'],10.1016/j.cej.2021.129307,-3.0785999298095703,-3.7735023498535156,-3.9284825325012207,-4.399417877197266,-3.7240471839904785,-3.7808099746704102,1.16919002532959
expdb_636,C1=C(C=C(C(=C1I)O)I)I,Oc1c(I)cc(I)cc1I,-7.16,1,['Abraham Paper (A9)'],10.1016/j.cej.2021.129307,-4.856849670410156,-6.232288837432861,-6.39949893951416,-5.877774238586426,-5.968287467956543,-5.866939830780029,1.293060169219971
expdb_637,C1=CC=C(C=C1)C2=CC=C(C=C2)O,Oc1ccc(-c2ccccc2)cc1,-8.89,2,['Abraham Paper (A9)'],10.1016/j.cej.2021.129307,-8.054272651672363,-8.095098972320557,-7.589903116226196,-7.566824197769165,-8.012212753295898,-7.863662338256836,1.026337661743165
expdb_638,C1=CC(=C(C=C1Br)Br)O,Oc1ccc(Br)cc1Br,-5.69,1,"['Abraham Paper (A6)', 'Abraham Paper (A6)', 'Abraham Paper (A6)']",10.1016/j.cej.2021.129307,-4.656551361083984,-5.783596992492676,-4.882561206817627,-5.978160381317139,-4.6920390129089355,-5.198581790924072,0.4914182090759285
expdb_639,C1=CC(=C(C=C1Cl)Cl)O,Oc1ccc(Cl)cc1Cl,-4.98,1,"['Abraham Paper (A25)', 'Abraham Paper (A6)', 'Abraham Paper (A6)', 'Abraham Paper (A6)']",10.1016/j.cej.2021.129307,-3.902968406677246,-4.551164150238037,-4.768210411071777,-5.2683000564575195,-4.148291110992432,-4.527786827087402,0.45221317291259844
expdb_640,C1=CC(=CC=C1O)I,Oc1ccc(I)cc1,-7.61,1,"['Abraham Paper (A6)', 'Abraham Paper (A6)', 'Abraham Paper (A6)']",10.1016/j.cej.2021.129307,-6.991790294647217,-7.2932353019714355,-6.4634552001953125,-6.690616607666016,-7.071247577667236,-6.902068996429444,0.7079310035705566
expdb_641,C1=CC(=CC=C1O)O,Oc1ccc(O)cc1,-12.08,1,"['Abraham Paper (A3)', 'Abraham Paper (A3)', 'Abraham Paper (A8)']",10.1016/j.cej.2021.129307,-10.47432804107666,-11.556905746459961,-11.602831840515137,-11.244409561157227,-11.429286003112793,-11.261552238464356,0.8184477615356442
expdb_642,C1=CC(=CC(=C1)O)O,Oc1cccc(O)c1,-11.39,1,['Abraham Paper (A8)'],10.1016/j.cej.2021.129307,-11.7639799118042,-12.208967208862305,-11.18250846862793,-11.257659912109375,-11.723973274230957,-11.627417755126952,0.23741775512695185
expdb_643,C1=CC2=C(C(=C1)O)N=CC=C2,Oc1cccc2cccnc12,-6.06,1,['Abraham Paper (A6)'],10.1016/j.cej.2021.129307,-7.788416862487793,-8.805919647216797,-8.596563339233398,-8.755667686462402,-8.645042419433594,-8.518321990966797,2.4583219909667973
expdb_644,C1=CC=C(C(=C1)O)Br,Oc1ccccc1Br,-5.06,1,"['Abraham Paper (A6)', 'Abraham Paper (A6)', 'Abraham Paper (A6)']",10.1016/j.cej.2021.129307,-4.419934272766113,-5.002394199371338,-5.119612693786621,-5.6757283210754395,-4.4884867668151855,-4.9412312507629395,0.11876874923706016
expdb_645,C1=CC=C(C(=C1)O)O,Oc1ccccc1O,-9.82,1,['Abraham Paper (A8)'],10.1016/j.cej.2021.129307,-8.797276496887207,-10.319497108459473,-10.074501991271973,-10.187030792236328,-9.839211463928223,-9.84350357055664,0.023503570556639986
expdb_646,P,P,0.6,1,From Minnesota Solvation Database (MNSOL) version 2012,10.13020/3eks-j059,-0.3380067050457001,-0.6133390069007874,0.02112499624490738,-0.3610740602016449,-0.3959270417690277,-0.3374443635344505,0.9374443635344505
expdb_647,C(=S)=S,S=C=S,0.16,1,"['Abraham Paper (A20)', 'Abraham Paper (A26)', 'Abraham Paper (A3)', 'Abraham Paper (A4)', 'Abraham Paper (A4)', 'Abraham Paper (A4)', 'Abraham Paper (A5)', 'CompSol Binary (entry number=66142)', 'CompSol Binary (entry number=66156)']",10.1016/j.cej.2021.129307,-1.9612830877304077,-0.7283162474632263,-1.9005779027938843,-1.7222498655319214,-1.261537790298462,-1.5147929787635803,1.6747929787635802
expdb_648,[N-]=[N+]=O,[N-]=[N+]=O,0.31,1,"['Abraham Paper (A11)', 'Abraham Paper (A3)', 'Abraham Paper (A3)', 'Abraham Paper (A4)', 'Abraham Paper (A4)', 'Abraham Paper (A6)', 'CompSol Binary (entry number=68365)']",10.1016/j.cej.2021.129307,-2.775176763534546,-2.1431548595428467,-2.6399967670440674,-2.2593390941619873,-1.8184850215911865,-2.3272305011749266,2.6372305011749266
expdb_649,C1=CC2=C3C(=C1)C4=CC=CC5=C4C6=C(C=C5)C=CC(=C36)C=C2,c1cc2ccc3ccc4ccc5cccc6c(c1)c2c3c4c56,-8.98,1,"['Abraham Paper (A4)', 'Abraham Paper (A4)', 'Abraham Paper (A4)']",10.1016/j.cej.2021.129307,-6.20266580581665,-5.741247653961182,-6.134000778198242,-5.000014781951904,-5.770214557647705,-5.769628715515137,3.2103712844848635
expdb_650,C1=CC2=C3C(=C1)C4=CC=CC5=C4C(=CC=C5)C3=CC=C2,c1cc2cccc3c4cccc5cccc(c(c1)c23)c54,-7.83,1,['Abraham Paper (A25)'],10.1016/j.cej.2021.129307,-5.231497287750244,-5.172494888305664,-5.359450340270996,-4.336492538452148,-5.375685214996338,-5.095124053955078,2.734875946044922
expdb_651,C1=CC=C(C=C1)N=NC2=CC=CC=C2,c1ccc(N=Nc2ccccc2)cc1,-4.82,2,['Abraham Paper (A25)'],10.1016/j.cej.2021.129307,-3.3824644088745117,-4.770688056945801,-4.010087966918945,-4.344080448150635,-3.664628505706787,-4.034389877319336,0.785610122680664
expdb_652,C1=CC=C2C(=C1)C3=CC=CC4=C3C2=CC=C4,c1ccc2c(c1)-c1cccc3cccc-2c13,-4.69,1,"['Abraham Paper (A20)', 'Abraham Paper (A20)', 'Abraham Paper (A25)', 'Abraham Paper (A25)', 'Abraham Paper (A3)', 'Abraham Paper (A3)', 'Abraham Paper (A5)', 'Abraham Paper (A5)', 'Abraham Paper (A8)', 'Abraham Paper (A9)']",10.1016/j.cej.2021.129307,-4.346179008483887,-4.138728141784668,-4.0419182777404785,-4.113523006439209,-4.27840518951416,-4.18375072479248,0.5062492752075203
expdb_653,C1COCCOC2=CC=CC=C2OCCOCCO1,c1ccc2c(c1)OCCOCCOCCOCCO2,-14.39,5,"['Abraham Paper (A6)', 'Abraham Paper (A6)']",10.1016/j.cej.2021.129307,-12.236074638366699,-10.341665267944336,-11.224033164978028,-11.265113639831544,-12.740388870239258,-11.561455116271972,2.8285448837280285
expdb_654,C1COCCOCCOC2=CC=CC=C2OCCOCCO1,c1ccc2c(c1)OCCOCCOCCOCCOCCO2,-17.88,5,"['Abraham Paper (A6)', 'Abraham Paper (A6)']",10.1016/j.cej.2021.129307,-14.30712718963623,-12.547795677185059,-13.427984046936036,-12.9990873336792,-14.837977027893066,-13.623994255065918,4.256005744934081
expdb_655,C1COCCOC2=CC=CC=C2OCCOCCOCCOC3=CC=CC=C3OCCO1,c1ccc2c(c1)OCCOCCOCCOc1ccccc1OCCOCCOCCO2,-23.63,5,"['Abraham Paper (A6)', 'Abraham Paper (A6)']",10.1016/j.cej.2021.129307,-17.543175506591798,-16.324972343444824,-16.64853916168213,-17.042654609680177,-18.19178581237793,-17.15022548675537,6.479774513244628
expdb_656,C1COC2=CC=CC=C2OCCOCCOC3=CC=CC=C3OCCO1,c1ccc2c(c1)OCCOCCOc1ccccc1OCCOCCO2,-18.25,5,"['Abraham Paper (A6)', 'Abraham Paper (A6)']",10.1016/j.cej.2021.129307,-12.677429962158204,-12.045600509643554,-12.312023735046386,-12.788558769226075,-14.209171295166016,-12.806556854248047,5.443443145751953
expdb_657,C1=CC=C2C(=C1)C3=CC=CC=C3N2,c1ccc2c(c1)[nH]c1ccccc12,-7.18,1,"['Abraham Paper (A20)', 'Abraham Paper (A20)', 'Abraham Paper (A5)', 'Abraham Paper (A5)']",10.1016/j.cej.2021.129307,-6.870270729064941,-6.453516483306885,-5.952657222747803,-6.931329727172852,-7.1965227127075195,-6.680859375,0.4991406249999999
expdb_658,C1=CC=C2C(=C1)C=CC3=C2C=CC4=CC=CC=C43,c1ccc2c(c1)ccc1c3ccccc3ccc21,-6.53,1,"['Abraham Paper (A25)', 'Abraham Paper (A25)']",10.1016/j.cej.2021.129307,-5.187183856964111,-5.292436122894287,-5.089219570159912,-4.432096481323242,-5.206335544586182,-5.041454315185547,1.4885456848144534
expdb_659,C1=CC=C2C(=C1)C3=CC=CC=C3O2,c1ccc2c(c1)oc1ccccc12,-3.31,1,"['Abraham Paper (A20)', 'Abraham Paper (A20)', 'Abraham Paper (A5)', 'Abraham Paper (A5)']",10.1016/j.cej.2021.129307,-4.333090782165527,-3.8169150352478027,-3.408886671066284,-4.15424919128418,-4.067725658416748,-3.956173467636108,0.6461734676361082
expdb_660,C1=CC=C2C(=C1)C3=CC=CC=C3S2,c1ccc2c(c1)sc1ccccc12,-4.05,1,"['Abraham Paper (A20)', 'Abraham Paper (A20)', 'Abraham Paper (A25)', 'Abraham Paper (A5)', 'Abraham Paper (A5)']",10.1016/j.cej.2021.129307,-3.3071229457855225,-3.497947931289673,-3.4734904766082764,-3.5910048484802246,-4.024988174438477,-3.5789108753204344,0.47108912467956543
expdb_661,C1=CC=C2C(=C1)C=CC3=CC4=CC=CC=C4C=C32,c1ccc2cc3c(ccc4ccccc43)cc2c1,-6.26,1,['Abraham Paper (A25)'],10.1016/j.cej.2021.129307,-5.527688503265381,-5.356142044067383,-5.197686195373535,-4.859250545501709,-5.152647018432617,-5.218682861328125,1.0413171386718751
expdb_662,C1=CC=C2C(=C1)C=C3C=CC=CC3=N2,c1ccc2nc3ccccc3cc2c1,-6.75,1,['Abraham Paper (A16)'],10.1016/j.cej.2021.129307,-6.073909282684326,-4.773129463195801,-5.41225528717041,-5.218181610107422,-5.594126224517822,-5.414320373535157,1.3356796264648434
expdb_663,C1=COC=C1,c1ccoc1,-0.9,1,"['Abraham Paper (A20)', 'Abraham Paper (A20)', 'Abraham Paper (A20)', 'Abraham Paper (A5)', 'Abraham Paper (A5)', 'Abraham Paper (A5)']",10.1016/j.cej.2021.129307,-3.6330127716064453,-2.7377889156341553,-2.4140472412109375,-3.9863193035125732,-2.723361015319824,-3.098905849456787,2.198905849456787
expdb_664,C1=NC=NN1,c1nc[nH]n1,-11.62,1,['Abraham Paper (A3)'],10.1016/j.cej.2021.129307,-6.645825386047363,-6.78619384765625,-8.217339515686035,-7.935520648956299,-5.870155334472656,-7.091006946563721,4.528993053436278
