epoch,mol_id,dG_pred_kcal,dG_exp_kcal,abs_err_kcal,mse_ev2
0,mobley_9534740,-120.482033,-25.469999,95.012033,16.975391
0,mobley_6239320,-7.763180,-18.059999,10.296820,0.199374
0,mobley_7794077,-326.458344,-15.460000,310.998343,181.877390
0,mobley_7415647,-166.597000,-11.950000,154.647000,44.972348
0,mobley_1728386,-29.955809,-11.000000,18.955809,0.675690
0,mobley_2269032,-26.332947,-10.210000,16.122947,0.488823
0,mobley_2913224,-88.819756,-9.940000,78.879756,11.700211
0,mobley_2659552,-51.294682,-9.760000,41.534681,3.244026
0,mobley_7176290,-110.240623,-9.620000,100.620624,19.038668
0,mobley_2295058,-22.056829,-9.510000,12.546829,0.296026
0,mobley_6055410,-94.134514,-9.400000,84.734514,13.501538
0,mobley_4639255,-5.740075,-9.300000,3.559925,0.023831
0,mobley_1417007,-227.506943,-9.010000,218.496943,89.774561
0,mobley_6115639,-206.554291,-8.700000,197.854291,73.612829
0,mobley_6353617,-17.376234,-8.260000,9.116234,0.156276
0,mobley_2725215,-571.674255,-7.980000,563.694255,597.516330
0,mobley_7039935,-4.685133,-7.670000,2.984867,0.016754
0,mobley_4059279,-38.197899,-7.580000,30.617899,1.762842
0,mobley_951560,-30.574419,-7.400000,23.174419,1.009904
0,mobley_1922649,-426.028625,-7.190000,418.838625,329.880020
0,mobley_8798016,-15.728657,-7.000000,8.728657,0.143271
0,mobley_1858644,-2.614236,-6.790000,4.175764,0.032789
0,mobley_9114381,-48.070389,-6.720000,41.350389,3.215302
0,mobley_5311804,-1.450871,-6.620000,5.169129,0.050246
0,mobley_6743808,-3.282692,-6.500000,3.217308,0.019465
0,mobley_8789864,-99.204826,-6.400000,92.804826,16.195848
0,mobley_7009711,-4.919131,-6.270000,1.350869,0.003432
0,mobley_8789465,-14.263906,-6.200000,8.063906,0.122279
0,mobley_2923700,-4.349107,-6.130000,1.780893,0.005964
0,mobley_4780078,-2.961543,-6.010000,3.048458,0.017475
0,mobley_5467162,-0.634452,-5.910000,5.275548,0.052336
0,mobley_6257907,-88.831718,-5.820000,83.011718,12.958101
0,mobley_7913234,-12.734749,-5.730000,7.004749,0.092267
0,mobley_5518547,-5.772927,-5.570000,0.202927,0.000077
0,mobley_4883284,-5.420714,-5.490000,0.069285,0.000009
0,mobley_5220185,-43.823742,-5.450000,38.373742,2.769050
0,mobley_3359593,-1.451568,-5.260000,3.808432,0.027274
0,mobley_4683624,-5.379489,-5.210000,0.169489,0.000054
0,mobley_1636752,-0.128890,-5.100000,4.971110,0.046470
0,mobley_2310185,-0.789462,-5.000000,4.210538,0.033338
0,mobley_3682850,-7.542765,-4.910000,2.632765,0.013034
0,mobley_1363784,-9.817188,-4.840000,4.977188,0.046583
0,mobley_2837389,-3.645675,-4.780000,1.134325,0.002420
0,mobley_9507933,-7.598210,-4.720000,2.878211,0.015578
0,mobley_296847,-6.723712,-4.690000,2.033712,0.007778
0,mobley_8208692,-481.894531,-4.610000,477.284531,428.368255
0,mobley_4884177,-9.074896,-4.590000,4.484896,0.037824
0,mobley_6714389,0.270388,-4.550000,4.820388,0.043694
0,mobley_2245668,-1.817631,-4.500000,2.682369,0.013530
0,mobley_5973402,-3.056844,-4.420000,1.363156,0.003494
0,mobley_3546460,-5.707951,-4.400000,1.307951,0.003217
0,mobley_8311303,-487.134674,-4.380000,482.754674,438.243553
0,mobley_9741965,-411.483673,-4.290000,407.193673,311.791739
0,mobley_4603202,-7.012396,-4.230000,2.782396,0.014558
0,mobley_628086,-231.125366,-4.160000,226.965366,96.868315
0,mobley_4620651,-18.215328,-4.100000,14.115328,0.374666
0,mobley_7977115,-5.473199,-4.060000,1.413199,0.003756
0,mobley_2789243,-91.911667,-4.010000,87.901667,14.529704
0,mobley_3968739,-18.481569,-3.920000,14.561569,0.398730
0,mobley_63712,-6.430983,-3.880000,2.550982,0.012237
0,mobley_1046331,-25.212936,-3.820000,21.392936,0.860604
0,mobley_1160109,-10.076828,-3.750000,6.326828,0.075272
0,mobley_4149784,-149.038498,-3.670000,145.368498,39.737740
0,mobley_397645,-22.725689,-3.640000,19.085689,0.684981
0,mobley_4690963,-5.711173,-3.540000,2.171173,0.008864
0,mobley_1967551,-2.207561,-3.500000,1.292439,0.003141
0,mobley_6733657,-1268.767700,-3.440000,1265.327700,3010.707692
0,mobley_9565165,-1.022764,-3.350000,2.327235,0.010185
0,mobley_2487143,-5.649718,-3.280000,2.369718,0.010560
0,mobley_8449031,-2.192012,-3.220000,1.027988,0.001987
0,mobley_172879,-34.997139,-3.150000,31.847139,1.907231
0,mobley_5346580,0.982628,-3.110000,4.092628,0.031497
0,mobley_3573480,-6.312466,-3.040000,3.272466,0.020138
0,mobley_1075836,-18.448202,-2.930000,15.518202,0.452841
0,mobley_6102880,-8.119830,-2.870000,5.249830,0.051827
0,mobley_1827204,-7.216131,-2.810000,4.406131,0.036507
0,mobley_2146331,-2.718943,-2.750000,0.031057,0.000002
0,mobley_7943327,-14.495231,-2.680000,11.815231,0.262511
0,mobley_5110043,-2.768887,-2.630000,0.138886,0.000036
0,mobley_5616693,-12.923065,-2.530000,10.393065,0.203119
0,mobley_6619554,-16.571310,-2.490000,14.081310,0.372862
0,mobley_6359156,-51.612373,-2.460000,49.152373,4.543092
0,mobley_1781152,-16.601286,-2.400000,14.201286,0.379243
0,mobley_859464,-18.277840,-2.360000,15.917840,0.476465
0,mobley_7150646,-7.543585,-2.300000,5.243585,0.051703
0,mobley_1592519,-17.747105,-2.230000,15.517105,0.452777
0,mobley_5538249,-279.183960,-2.160000,277.023960,144.310266
0,mobley_6911232,-1.986582,-2.100000,0.113418,0.000024
0,mobley_3269565,-2.631199,-2.010000,0.621199,0.000726
0,mobley_2484519,-49.260139,-1.930000,47.330140,4.212483
0,mobley_7690440,35.023357,-1.830000,36.853357,2.553975
0,mobley_3802803,-144.779907,-1.660000,143.119907,38.517905
0,mobley_1144156,-1.946223,-1.590000,0.356223,0.000239
0,mobley_2481002,-16.606777,-1.450000,15.156777,0.431993
0,mobley_2489709,-105.887360,-1.360000,104.527360,20.545775
0,mobley_5052949,-23.727039,-1.280000,22.447039,0.947503
0,mobley_2492140,-0.135901,-1.230000,1.094099,0.002251
0,mobley_7542832,-5.919927,-1.160000,4.759927,0.042605
0,mobley_7814642,-100.478966,-1.120000,99.358966,18.564219
0,mobley_1563176,-6.415704,-0.990000,5.425704,0.055357
0,mobley_1873346,-1.173031,-0.900000,0.273031,0.000140
0,mobley_3040612,-2.190614,-0.850000,1.340614,0.003380
0,mobley_4483973,-12.050379,-0.800000,11.250379,0.238011
0,mobley_9913368,-85.850258,-0.780000,85.070258,13.608744
0,mobley_1449384,-3.361533,-0.680000,2.681533,0.013522
0,mobley_7708038,-0.748978,-0.560000,0.188978,0.000067
0,mobley_8311321,-36.082184,-0.500000,35.582184,2.380827
0,mobley_766666,-53.483116,-0.440000,53.043116,5.290791
0,mobley_5445548,-2.509455,-0.300000,2.209455,0.009180
0,mobley_9029594,3.028835,-0.220000,3.248835,0.019848
0,mobley_3370989,-57.977394,-0.110000,57.867394,6.296952
0,mobley_627267,-0.063451,-0.030000,0.033451,0.000002
0,mobley_6250025,-4.367020,0.080000,4.447020,0.037188
0,mobley_4252724,-3.229083,0.160000,3.389083,0.021599
0,mobley_7157427,-52.549316,0.290000,52.839316,5.250213
0,mobley_8885088,-1.626197,0.560000,2.186197,0.008988
0,mobley_8522124,-4.865759,0.710000,5.575759,0.058462
0,mobley_4678740,-316.638062,1.070000,317.708062,189.809974
0,mobley_2689721,-4.867302,1.230000,6.097302,0.069910
0,mobley_1662128,-2.087659,1.380000,3.467659,0.022612
0,mobley_4762983,-4.758955,1.660000,6.418954,0.077480
0,mobley_7732703,-71.141006,1.790000,72.931006,10.002003
0,mobley_2068538,-1.964900,2.000000,3.964900,0.029562
0,mobley_5157661,2.577505,2.300000,0.277505,0.000145
0,mobley_1261349,8.597395,2.510000,6.087395,0.069683
0,mobley_2328633,-8.223383,2.550000,10.773383,0.218256
0,mobley_8436428,-4.328901,2.830000,7.158901,0.096373
0,mobley_3060426,6.224015,2.930000,3.294015,0.020404
0,mobley_2197088,-8.012428,3.160000,11.172428,0.234724
1,mobley_9534740,2.319180,-25.469999,27.789180,1.452158
1,mobley_6239320,38.057205,-18.059999,56.117205,5.921812
1,mobley_7794077,39.453754,-15.460000,54.913754,5.670545
1,mobley_7415647,7.929701,-11.950000,19.879701,0.743160
1,mobley_1728386,-3.202587,-11.000000,7.797413,0.114331
1,mobley_2269032,-4.101573,-10.210000,6.108427,0.070165
1,mobley_2913224,4.462781,-9.940000,14.402781,0.390081
1,mobley_2659552,-3.745093,-9.760000,6.014907,0.068033
1,mobley_7176290,9.260217,-9.620000,18.880217,0.670311
1,mobley_2295058,-2.062394,-9.510000,7.447606,0.104303
1,mobley_6055410,-0.203557,-9.400000,9.196443,0.159039
1,mobley_4639255,-0.509298,-9.300000,8.790702,0.145315
1,mobley_1417007,-35.402744,-9.010000,26.392744,1.309880
1,mobley_6115639,4.759800,-8.700000,13.459800,0.340675
1,mobley_6353617,-2.598435,-8.260000,5.661565,0.060275
1,mobley_2725215,38.391346,-7.980000,46.371346,4.043542
1,mobley_7039935,-2.470225,-7.670000,5.199775,0.050843
1,mobley_4059279,-3.383127,-7.580000,4.196872,0.033122
1,mobley_951560,-3.487179,-7.400000,3.912822,0.028790
1,mobley_1922649,22.461723,-7.190000,29.651723,1.653341
1,mobley_8798016,-2.134648,-7.000000,4.865352,0.044513
1,mobley_1858644,-2.916174,-6.790000,3.873826,0.028219
1,mobley_9114381,3.385241,-6.720000,10.105241,0.192024
1,mobley_5311804,-2.329764,-6.620000,4.290236,0.034612
1,mobley_6743808,-2.314537,-6.500000,4.185463,0.032942
1,mobley_8789864,0.532123,-6.400000,6.932123,0.090364
1,mobley_7009711,-2.933817,-6.270000,3.336183,0.020930
1,mobley_8789465,0.064996,-6.200000,6.264995,0.073808
1,mobley_2923700,-2.634838,-6.130000,3.495162,0.022972
1,mobley_4780078,-2.284235,-6.010000,3.725765,0.026103
1,mobley_5467162,-3.134630,-5.910000,2.775369,0.014485
1,mobley_6257907,3.681659,-5.820000,9.501659,0.169770
1,mobley_7913234,-3.025805,-5.730000,2.704195,0.013751
1,mobley_5518547,-3.462301,-5.570000,2.107700,0.008354
1,mobley_4883284,-2.333450,-5.490000,3.156550,0.018736
1,mobley_5220185,0.618752,-5.450000,6.068752,0.069257
1,mobley_3359593,-3.577782,-5.260000,1.682218,0.005321
1,mobley_4683624,-2.960373,-5.210000,2.249627,0.009517
1,mobley_1636752,0.004108,-5.100000,5.104108,0.048989
1,mobley_2310185,-0.513833,-5.000000,4.486167,0.037845
1,mobley_3682850,-2.499639,-4.910000,2.410361,0.010925
1,mobley_1363784,-3.519113,-4.840000,1.320887,0.003281
1,mobley_2837389,-0.354195,-4.780000,4.425805,0.036834
1,mobley_9507933,-3.175838,-4.720000,1.544162,0.004484
1,mobley_296847,-1.608857,-4.690000,3.081143,0.017852
1,mobley_8208692,132.949112,-4.610000,137.559112,35.582896
1,mobley_4884177,-3.059614,-4.590000,1.530386,0.004404
1,mobley_6714389,-0.383954,-4.550000,4.166047,0.032637
1,mobley_2245668,-2.471510,-4.500000,2.028490,0.007738
1,mobley_5973402,-2.674788,-4.420000,1.745212,0.005727
1,mobley_3546460,-2.500108,-4.400000,1.899893,0.006788
1,mobley_8311303,64.576836,-4.380000,68.956836,8.941641
1,mobley_9741965,39.875561,-4.290000,44.165561,3.668006
1,mobley_4603202,5.424577,-4.230000,9.654577,0.175279
1,mobley_628086,16.876017,-4.160000,21.036016,0.832127
1,mobley_4620651,-2.068432,-4.100000,2.031568,0.007761
1,mobley_7977115,-2.950283,-4.060000,1.109717,0.002316
1,mobley_2789243,6.262215,-4.010000,10.272215,0.198422
1,mobley_3968739,-2.065810,-3.920000,1.854190,0.006465
1,mobley_63712,-3.519960,-3.880000,0.360040,0.000244
1,mobley_1046331,-1.145532,-3.820000,2.674468,0.013450
1,mobley_1160109,-4.946310,-3.750000,1.196310,0.002691
1,mobley_4149784,10.965733,-3.670000,14.635733,0.402802
1,mobley_397645,-2.650506,-3.640000,0.989494,0.001841
1,mobley_4690963,-3.431354,-3.540000,0.108646,0.000022
1,mobley_1967551,-0.521763,-3.500000,2.978237,0.016679
1,mobley_6733657,199.189941,-3.440000,202.629941,77.209333
1,mobley_9565165,-2.965429,-3.350000,0.384571,0.000278
1,mobley_2487143,-2.268156,-3.280000,1.011844,0.001925
1,mobley_8449031,-3.572231,-3.220000,0.352231,0.000233
1,mobley_172879,-1.566326,-3.150000,1.583674,0.004716
1,mobley_5346580,-2.789992,-3.110000,0.320008,0.000193
1,mobley_3573480,-2.648065,-3.040000,0.391935,0.000289
1,mobley_1075836,-0.897367,-2.930000,2.032633,0.007769
1,mobley_6102880,-3.501224,-2.870000,0.631224,0.000749
1,mobley_1827204,-2.263688,-2.810000,0.546312,0.000561
1,mobley_2146331,0.678921,-2.750000,3.428921,0.022109
1,mobley_7943327,-1.752246,-2.680000,0.927754,0.001619
1,mobley_5110043,-4.593646,-2.630000,1.963645,0.007251
1,mobley_5616693,-4.735061,-2.530000,2.205061,0.009143
1,mobley_6619554,-2.703829,-2.490000,0.213829,0.000086
1,mobley_6359156,11.694372,-2.460000,14.154372,0.376742
1,mobley_1781152,-1.249192,-2.400000,1.150808,0.002490
1,mobley_859464,-3.697387,-2.360000,1.337388,0.003363
1,mobley_7150646,0.044231,-2.300000,2.344231,0.010334
1,mobley_1592519,-3.569063,-2.230000,1.339063,0.003372
1,mobley_5538249,23.877747,-2.160000,26.037747,1.274880
1,mobley_6911232,-1.494310,-2.100000,0.605690,0.000690
1,mobley_3269565,-1.926670,-2.010000,0.083330,0.000013
1,mobley_2484519,0.461485,-1.930000,2.391485,0.010755
1,mobley_7690440,-20.242611,-1.830000,18.412611,0.637519
1,mobley_3802803,24.453617,-1.660000,26.113617,1.282321
1,mobley_1144156,-1.719997,-1.590000,0.129997,0.000032
1,mobley_2481002,97.472427,-1.450000,98.922427,18.401452
1,mobley_2489709,13.208858,-1.360000,14.568859,0.399129
1,mobley_5052949,-0.433847,-1.280000,0.846153,0.001346
1,mobley_2492140,82.153183,-1.230000,83.383183,13.074332
1,mobley_7542832,-3.285208,-1.160000,2.125208,0.008493
1,mobley_7814642,16.650850,-1.120000,17.770850,0.593853
1,mobley_1563176,-0.813293,-0.990000,0.176707,0.000059
1,mobley_1873346,-2.534144,-0.900000,1.634144,0.005022
1,mobley_3040612,-2.807455,-0.850000,1.957455,0.007205
1,mobley_4483973,-1.048901,-0.800000,0.248901,0.000116
1,mobley_9913368,9.551906,-0.780000,10.331906,0.200735
1,mobley_1449384,-4.081538,-0.680000,3.401538,0.021758
1,mobley_7708038,0.177014,-0.560000,0.737014,0.001021
1,mobley_8311321,33.042103,-0.500000,33.542103,2.115647
1,mobley_766666,40.167561,-0.440000,40.607561,3.100819
1,mobley_5445548,-3.120815,-0.300000,2.820815,0.014963
1,mobley_9029594,-0.742037,-0.220000,0.522037,0.000512
1,mobley_3370989,-1.237763,-0.110000,1.127763,0.002392
1,mobley_627267,-0.716575,-0.030000,0.686575,0.000886
1,mobley_6250025,-1.631884,0.080000,1.711884,0.005511
1,mobley_4252724,-4.239160,0.160000,4.399160,0.036392
1,mobley_7157427,0.848107,0.290000,0.558107,0.000586
1,mobley_8885088,-0.670163,0.560000,1.230163,0.002846
1,mobley_8522124,-1.674308,0.710000,2.384308,0.010690
1,mobley_4678740,32.380657,1.070000,31.310657,1.843516
1,mobley_2689721,-2.566769,1.230000,3.796769,0.027108
1,mobley_1662128,-1.105287,1.380000,2.485287,0.011615
1,mobley_4762983,-2.174856,1.660000,3.834856,0.027654
1,mobley_7732703,43.859348,1.790000,42.069348,3.328083
1,mobley_2068538,-1.572315,2.000000,3.572315,0.023997
1,mobley_5157661,-1.793606,2.300000,4.093606,0.031512
1,mobley_1261349,1.185724,2.510000,1.324276,0.003298
1,mobley_2328633,-4.247256,2.550000,6.797256,0.086882
1,mobley_8436428,-3.916119,2.830000,6.746119,0.085580
1,mobley_3060426,-2.008793,2.930000,4.938793,0.045867
1,mobley_2197088,-3.582152,3.160000,6.742152,0.085479
2,mobley_9534740,-6.546039,-25.469999,18.923961,0.673421
2,mobley_6239320,-0.757195,-18.059999,17.302805,0.562983
2,mobley_7794077,-6.179690,-15.460000,9.280310,0.161952
2,mobley_7415647,-7.177952,-11.950000,4.772048,0.042823
2,mobley_1728386,-8.266288,-11.000000,2.733712,0.014053
2,mobley_2269032,-12.633077,-10.210000,2.423077,0.011041
2,mobley_2913224,-7.030229,-9.940000,2.909771,0.015921
2,mobley_2659552,-9.564690,-9.760000,0.195311,0.000072
2,mobley_7176290,-4.435065,-9.620000,5.184935,0.050553
2,mobley_2295058,-8.214271,-9.510000,1.295730,0.003157
2,mobley_6055410,-12.895333,-9.400000,3.495334,0.022974
2,mobley_4639255,-1.240795,-9.300000,8.059205,0.122137
2,mobley_1417007,0.396974,-9.010000,9.406974,0.166403
2,mobley_6115639,-5.782526,-8.700000,2.917474,0.016006
2,mobley_6353617,-6.587357,-8.260000,1.672644,0.005261
2,mobley_2725215,-4.611463,-7.980000,3.368537,0.021338
2,mobley_7039935,-10.392433,-7.670000,2.722433,0.013937
2,mobley_4059279,-4.794402,-7.580000,2.785598,0.014591
2,mobley_951560,-5.371400,-7.400000,2.028600,0.007738
2,mobley_1922649,-8.109341,-7.190000,0.919341,0.001589
2,mobley_8798016,-7.379911,-7.000000,0.379911,0.000271
2,mobley_1858644,-8.250096,-6.790000,1.460096,0.004009
2,mobley_9114381,-0.925603,-6.720000,5.794397,0.063136
2,mobley_5311804,-7.738976,-6.620000,1.118976,0.002355
2,mobley_6743808,-5.847997,-6.500000,0.652003,0.000799
2,mobley_8789864,-4.882416,-6.400000,1.517584,0.004331
2,mobley_7009711,-5.830431,-6.270000,0.439569,0.000363
2,mobley_8789465,-5.908157,-6.200000,0.291842,0.000160
2,mobley_2923700,-7.425627,-6.130000,1.295627,0.003157
2,mobley_4780078,-5.481784,-6.010000,0.528216,0.000525
2,mobley_5467162,-4.962745,-5.910000,0.947255,0.001687
2,mobley_6257907,-3.776073,-5.820000,2.043928,0.007856
2,mobley_7913234,-3.576215,-5.730000,2.153785,0.008723
2,mobley_5518547,-7.058188,-5.570000,1.488188,0.004165
2,mobley_4883284,-7.417413,-5.490000,1.927413,0.006986
2,mobley_5220185,-4.189478,-5.450000,1.260522,0.002988
2,mobley_3359593,-7.777436,-5.260000,2.517436,0.011917
2,mobley_4683624,-7.775345,-5.210000,2.565345,0.012375
2,mobley_1636752,-0.345298,-5.100000,4.754702,0.042512
2,mobley_2310185,-1.031859,-5.000000,3.968141,0.029610
2,mobley_3682850,-2.761204,-4.910000,2.148795,0.008683
2,mobley_1363784,-5.494879,-4.840000,0.654879,0.000806
2,mobley_2837389,-3.598049,-4.780000,1.181951,0.002627
2,mobley_9507933,-5.233707,-4.720000,0.513707,0.000496
2,mobley_296847,-5.619114,-4.690000,0.929114,0.001623
2,mobley_8208692,15.971807,-4.610000,20.581808,0.796580
2,mobley_4884177,-6.358472,-4.590000,1.768472,0.005881
2,mobley_6714389,-0.977025,-4.550000,3.572976,0.024006
2,mobley_2245668,-1.839666,-4.500000,2.660334,0.013309
2,mobley_5973402,-2.855084,-4.420000,1.564916,0.004605
2,mobley_3546460,-2.270669,-4.400000,2.129331,0.008526
2,mobley_8311303,7.433586,-4.380000,11.813586,0.262438
2,mobley_9741965,-6.701128,-4.290000,2.411128,0.010932
2,mobley_4603202,-3.739048,-4.230000,0.490952,0.000453
2,mobley_628086,-6.043358,-4.160000,1.883358,0.006670
2,mobley_4620651,-3.511146,-4.100000,0.588854,0.000652
2,mobley_7977115,-2.710064,-4.060000,1.349936,0.003427
2,mobley_2789243,-1.379435,-4.010000,2.630566,0.013013
2,mobley_3968739,-8.207533,-3.920000,4.287533,0.034568
2,mobley_63712,-3.407032,-3.880000,0.472968,0.000421
2,mobley_1046331,-8.100721,-3.820000,4.280721,0.034459
2,mobley_1160109,-4.475587,-3.750000,0.725587,0.000990
2,mobley_4149784,-8.107409,-3.670000,4.437408,0.037027
2,mobley_397645,-9.327709,-3.640000,5.687709,0.060833
2,mobley_4690963,-3.462218,-3.540000,0.077782,0.000011
2,mobley_1967551,-0.967418,-3.500000,2.532582,0.012061
2,mobley_6733657,30.393614,-3.440000,33.833614,2.152580
2,mobley_9565165,-11.933823,-3.350000,8.583823,0.138556
2,mobley_2487143,-2.077873,-3.280000,1.202127,0.002717
2,mobley_8449031,-3.069780,-3.220000,0.150220,0.000042
2,mobley_172879,-12.497613,-3.150000,9.347613,0.164310
2,mobley_5346580,-0.303248,-3.110000,2.806752,0.014814
2,mobley_3573480,-2.260229,-3.040000,0.779771,0.001143
2,mobley_1075836,-2.100950,-2.930000,0.829050,0.001292
2,mobley_6102880,-13.813328,-2.870000,10.943328,0.225196
2,mobley_1827204,-2.531481,-2.810000,0.278519,0.000146
2,mobley_2146331,-0.162287,-2.750000,2.587713,0.012592
2,mobley_7943327,-2.614688,-2.680000,0.065312,0.000008
2,mobley_5110043,-10.602074,-2.630000,7.972074,0.119510
2,mobley_5616693,-5.140818,-2.530000,2.610818,0.012818
2,mobley_6619554,-3.070421,-2.490000,0.580421,0.000634
2,mobley_6359156,-9.242859,-2.460000,6.782859,0.086514
2,mobley_1781152,0.106947,-2.400000,2.506947,0.011818
2,mobley_859464,-3.628320,-2.360000,1.268320,0.003025
2,mobley_7150646,-4.675385,-2.300000,2.375385,0.010610
2,mobley_1592519,-3.955793,-2.230000,1.725793,0.005601
2,mobley_5538249,-3.901012,-2.160000,1.741012,0.005700
2,mobley_6911232,-1.383964,-2.100000,0.716035,0.000964
2,mobley_3269565,-1.820867,-2.010000,0.189133,0.000067
2,mobley_2484519,-7.767208,-1.930000,5.837208,0.064073
2,mobley_7690440,-8.195800,-1.830000,6.365800,0.076202
2,mobley_3802803,-1.470508,-1.660000,0.189492,0.000068
2,mobley_1144156,-1.692009,-1.590000,0.102009,0.000020
2,mobley_2481002,20.047613,-1.450000,21.497613,0.869047
2,mobley_2489709,1.532319,-1.360000,2.892319,0.015731
2,mobley_5052949,-3.067024,-1.280000,1.787024,0.006005
2,mobley_2492140,-1.216950,-1.230000,0.013050,0.000000
2,mobley_7542832,-2.628045,-1.160000,1.468045,0.004053
2,mobley_7814642,2.699325,-1.120000,3.819325,0.027431
2,mobley_1563176,-2.163564,-0.990000,1.173564,0.002590
2,mobley_1873346,-6.989406,-0.900000,6.089406,0.069729
2,mobley_3040612,-6.618365,-0.850000,5.768365,0.062570
2,mobley_4483973,-6.263081,-0.800000,5.463081,0.056123
2,mobley_9913368,0.216029,-0.780000,0.996029,0.001866
2,mobley_1449384,-7.259318,-0.680000,6.579318,0.081400
2,mobley_7708038,-0.463221,-0.560000,0.096779,0.000018
2,mobley_8311321,0.974051,-0.500000,1.474051,0.004086
2,mobley_766666,0.226357,-0.440000,0.666357,0.000835
2,mobley_5445548,-7.475740,-0.300000,7.175740,0.096827
2,mobley_9029594,-0.666584,-0.220000,0.446584,0.000375
2,mobley_3370989,-3.478726,-0.110000,3.368726,0.021340
2,mobley_627267,-0.955260,-0.030000,0.925260,0.001610
2,mobley_6250025,-1.489824,0.080000,1.569824,0.004634
2,mobley_4252724,-8.810881,0.160000,8.970881,0.151333
2,mobley_7157427,-3.405244,0.290000,3.695244,0.025677
2,mobley_8885088,-2.282828,0.560000,2.842828,0.015197
2,mobley_8522124,-1.972707,0.710000,2.682707,0.013533
2,mobley_4678740,-9.718586,1.070000,10.788586,0.218873
2,mobley_2689721,-2.314285,1.230000,3.544285,0.023622
2,mobley_1662128,-1.376458,1.380000,2.756458,0.014288
2,mobley_4762983,-2.170660,1.660000,3.830660,0.027594
2,mobley_7732703,3.248677,1.790000,1.458677,0.004001
2,mobley_2068538,-1.304400,2.000000,3.304400,0.020533
2,mobley_5157661,-0.675103,2.300000,2.975103,0.016644
2,mobley_1261349,-16.444527,2.510000,18.954527,0.675598
2,mobley_2328633,-3.899582,2.550000,6.449582,0.078221
2,mobley_8436428,-3.524609,2.830000,6.354609,0.075935
2,mobley_3060426,-5.494804,2.930000,8.424804,0.133470
2,mobley_2197088,-3.226879,3.160000,6.386879,0.076708
3,mobley_9534740,-9.311793,-25.469999,16.158206,0.490963
3,mobley_6239320,-13.612606,-18.059999,4.447393,0.037194
3,mobley_7794077,-19.370459,-15.460000,3.910459,0.028755
3,mobley_7415647,-13.575530,-11.950000,1.625530,0.004969
3,mobley_1728386,-7.237500,-11.000000,3.762500,0.026620
3,mobley_2269032,-10.052349,-10.210000,0.157651,0.000047
3,mobley_2913224,-8.341578,-9.940000,1.598421,0.004804
3,mobley_2659552,-9.108369,-9.760000,0.651631,0.000798
3,mobley_7176290,-10.058990,-9.620000,0.438991,0.000362
3,mobley_2295058,-7.364678,-9.510000,2.145322,0.008655
3,mobley_6055410,-12.965628,-9.400000,3.565628,0.023908
3,mobley_4639255,-1.304518,-9.300000,7.995482,0.120213
3,mobley_1417007,-19.265600,-9.010000,10.255600,0.197781
3,mobley_6115639,-9.420852,-8.700000,0.720852,0.000977
3,mobley_6353617,-5.766282,-8.260000,2.493718,0.011694
3,mobley_2725215,-28.321362,-7.980000,20.341362,0.778077
3,mobley_7039935,-6.777521,-7.670000,0.892479,0.001498
3,mobley_4059279,-4.291602,-7.580000,3.288398,0.020334
3,mobley_951560,-5.054361,-7.400000,2.345639,0.010346
3,mobley_1922649,-21.679983,-7.190000,14.489983,0.394819
3,mobley_8798016,-5.368371,-7.000000,1.631629,0.005006
3,mobley_1858644,-5.648452,-6.790000,1.141548,0.002450
3,mobley_9114381,-3.509953,-6.720000,3.210047,0.019377
3,mobley_5311804,-5.381803,-6.620000,1.238197,0.002883
3,mobley_6743808,-4.119315,-6.500000,2.380685,0.010658
3,mobley_8789864,-7.941217,-6.400000,1.541217,0.004467
3,mobley_7009711,-4.618072,-6.270000,1.651928,0.005132
3,mobley_8789465,-4.527506,-6.200000,1.672494,0.005260
3,mobley_2923700,-5.633389,-6.130000,0.496612,0.000464
3,mobley_4780078,-3.968935,-6.010000,2.041065,0.007834
3,mobley_5467162,-5.465054,-5.910000,0.444946,0.000372
3,mobley_6257907,-5.672071,-5.820000,0.147930,0.000041
3,mobley_7913234,-2.967274,-5.730000,2.762726,0.014353
3,mobley_5518547,-5.467819,-5.570000,0.102181,0.000020
3,mobley_4883284,-5.535817,-5.490000,0.045817,0.000004
3,mobley_5220185,-4.798216,-5.450000,0.651783,0.000799
3,mobley_3359593,-6.712331,-5.260000,1.452331,0.003966
3,mobley_4683624,-5.664065,-5.210000,0.454065,0.000388
3,mobley_1636752,-0.597926,-5.100000,4.502074,0.038114
3,mobley_2310185,-1.132781,-5.000000,3.867219,0.028123
3,mobley_3682850,-1.914547,-4.910000,2.995453,0.016873
3,mobley_1363784,-4.728404,-4.840000,0.111597,0.000023
3,mobley_2837389,-3.000491,-4.780000,1.779509,0.005955
3,mobley_9507933,-3.986558,-4.720000,0.733442,0.001012
3,mobley_296847,-4.207919,-4.690000,0.482081,0.000437
3,mobley_8208692,-30.594374,-4.610000,25.984374,1.269659
3,mobley_4884177,-5.045853,-4.590000,0.455853,0.000391
3,mobley_6714389,-1.138621,-4.550000,3.411379,0.021884
3,mobley_2245668,-1.852758,-4.500000,2.647242,0.013178
3,mobley_5973402,-2.463670,-4.420000,1.956330,0.007197
3,mobley_3546460,-1.694406,-4.400000,2.705594,0.013765
3,mobley_8311303,-25.905670,-4.380000,21.525670,0.871316
3,mobley_9741965,-20.599985,-4.290000,16.309985,0.500230
3,mobley_4603202,-5.532062,-4.230000,1.302062,0.003188
3,mobley_628086,-10.818604,-4.160000,6.658604,0.083374
3,mobley_4620651,-3.639066,-4.100000,0.460934,0.000400
3,mobley_7977115,-2.134783,-4.060000,1.925217,0.006970
3,mobley_2789243,-4.989483,-4.010000,0.979483,0.001804
3,mobley_3968739,-6.725360,-3.920000,2.805360,0.014799
3,mobley_63712,-2.671440,-3.880000,1.208560,0.002747
3,mobley_1046331,-6.421789,-3.820000,2.601789,0.012729
3,mobley_1160109,-3.564985,-3.750000,0.185015,0.000064
3,mobley_4149784,-12.749738,-3.670000,9.079738,0.155028
3,mobley_397645,-6.895776,-3.640000,3.255776,0.019933
3,mobley_4690963,-3.279916,-3.540000,0.260084,0.000127
3,mobley_1967551,-1.452090,-3.500000,2.047910,0.007887
3,mobley_6733657,-44.823349,-3.440000,41.383349,3.220430
3,mobley_9565165,-6.829998,-3.350000,3.479998,0.022773
3,mobley_2487143,-1.583020,-3.280000,1.696980,0.005415
3,mobley_8449031,-2.690269,-3.220000,0.529731,0.000528
3,mobley_172879,-9.568407,-3.150000,6.418407,0.077467
3,mobley_5346580,-1.767996,-3.110000,1.342004,0.003387
3,mobley_3573480,-1.644926,-3.040000,1.395074,0.003660
3,mobley_1075836,-3.840101,-2.930000,0.910101,0.001558
3,mobley_6102880,-9.804416,-2.870000,6.934416,0.090424
3,mobley_1827204,-1.844180,-2.810000,0.965820,0.001754
3,mobley_2146331,-0.319369,-2.750000,2.430631,0.011110
3,mobley_7943327,-3.489490,-2.680000,0.809490,0.001232
3,mobley_5110043,-6.594728,-2.630000,3.964728,0.029559
3,mobley_5616693,-3.753387,-2.530000,1.223387,0.002814
3,mobley_6619554,-3.934199,-2.490000,1.444199,0.003922
3,mobley_6359156,-13.312489,-2.460000,10.852489,0.221473
3,mobley_1781152,-3.145111,-2.400000,0.745111,0.001044
3,mobley_859464,-3.765888,-2.360000,1.405888,0.003717
3,mobley_7150646,-3.598745,-2.300000,1.298745,0.003172
3,mobley_1592519,-3.790226,-2.230000,1.560226,0.004578
3,mobley_5538249,-13.594686,-2.160000,11.434685,0.245873
3,mobley_6911232,-1.539326,-2.100000,0.560674,0.000591
3,mobley_3269565,-1.789972,-2.010000,0.220028,0.000091
3,mobley_2484519,-8.373425,-1.930000,6.443425,0.078072
3,mobley_7690440,-7.777473,-1.830000,5.947473,0.066516
3,mobley_3802803,-10.211201,-1.660000,8.551201,0.137504
3,mobley_1144156,-1.745171,-1.590000,0.155171,0.000045
3,mobley_2481002,13.188824,-1.450000,14.638824,0.402972
3,mobley_2489709,-6.725438,-1.360000,5.365438,0.054134
3,mobley_5052949,-2.690952,-1.280000,1.410952,0.003744
3,mobley_2492140,7.513486,-1.230000,8.743486,0.143758
3,mobley_7542832,-2.132380,-1.160000,0.972380,0.001778
3,mobley_7814642,-9.577630,-1.120000,8.457630,0.134512
3,mobley_1563176,-1.838951,-0.990000,0.848951,0.001355
3,mobley_1873346,-4.574028,-0.900000,3.674028,0.025383
3,mobley_3040612,-4.331491,-0.850000,3.481491,0.022793
3,mobley_4483973,-4.862706,-0.800000,4.062706,0.031038
3,mobley_9913368,-2.480282,-0.780000,1.700282,0.005436
3,mobley_1449384,-5.051518,-0.680000,4.371518,0.035936
3,mobley_7708038,-0.413136,-0.560000,0.146864,0.000041
3,mobley_8311321,6.819125,-0.500000,7.319125,0.100735
3,mobley_766666,0.636121,-0.440000,1.076121,0.002178
3,mobley_5445548,-5.105417,-0.300000,4.805417,0.043423
3,mobley_9029594,-0.813396,-0.220000,0.593396,0.000662
3,mobley_3370989,-4.954352,-0.110000,4.844352,0.044130
3,mobley_627267,-1.303521,-0.030000,1.273521,0.003050
3,mobley_6250025,-0.890949,0.080000,0.970949,0.001773
3,mobley_4252724,-5.948427,0.160000,6.108427,0.070165
3,mobley_7157427,-3.632988,0.290000,3.922988,0.028940
3,mobley_8885088,-1.315493,0.560000,1.875493,0.006614
3,mobley_8522124,-1.274877,0.710000,1.984877,0.007408
3,mobley_4678740,-19.845238,1.070000,20.915238,0.822599
3,mobley_2689721,-1.580851,1.230000,2.810851,0.014857
3,mobley_1662128,-1.089607,1.380000,2.469607,0.011469
3,mobley_4762983,-1.356669,1.660000,3.016669,0.017113
3,mobley_7732703,0.484900,1.790000,1.305100,0.003203
3,mobley_2068538,-1.094270,2.000000,3.094270,0.018004
3,mobley_5157661,-1.626984,2.300000,3.926984,0.028999
3,mobley_1261349,1.077023,2.510000,1.432977,0.003861
3,mobley_2328633,-2.511970,2.550000,5.061970,0.048184
3,mobley_8436428,-2.691585,2.830000,5.521585,0.057331
3,mobley_3060426,-1.632360,2.930000,4.562360,0.039142
3,mobley_2197088,-2.175147,3.160000,5.335147,0.053525
4,mobley_9534740,-12.810264,-25.469999,12.659736,0.301378
4,mobley_6239320,-13.842479,-18.059999,4.217521,0.033449
4,mobley_7794077,-5.899026,-15.460000,9.560974,0.171896
4,mobley_7415647,-9.743631,-11.950000,2.206368,0.009154
4,mobley_1728386,-6.615084,-11.000000,4.384916,0.036156
4,mobley_2269032,-6.774137,-10.210000,3.435863,0.022199
4,mobley_2913224,-6.167233,-9.940000,3.772767,0.026766
4,mobley_2659552,-5.458506,-9.760000,4.301495,0.034794
4,mobley_7176290,-8.288527,-9.620000,1.331473,0.003334
4,mobley_2295058,-6.869216,-9.510000,2.640784,0.013114
4,mobley_6055410,-10.530814,-9.400000,1.130815,0.002405
4,mobley_4639255,-3.029426,-9.300000,6.270575,0.073940
4,mobley_1417007,-7.277868,-9.010000,1.732132,0.005642
4,mobley_6115639,-7.376127,-8.700000,1.323873,0.003296
4,mobley_6353617,-4.405958,-8.260000,3.854042,0.027932
4,mobley_2725215,-11.336519,-7.980000,3.356519,0.021186
4,mobley_7039935,-4.087245,-7.670000,3.582755,0.024138
4,mobley_4059279,-5.474650,-7.580000,2.105350,0.008335
4,mobley_951560,-7.889757,-7.400000,0.489757,0.000451
4,mobley_1922649,-13.121924,-7.190000,5.931924,0.066169
4,mobley_8798016,-5.451483,-7.000000,1.548517,0.004509
4,mobley_1858644,-3.400483,-6.790000,3.389517,0.021604
4,mobley_9114381,-3.351440,-6.720000,3.368560,0.021338
4,mobley_5311804,-3.330168,-6.620000,3.289831,0.020352
4,mobley_6743808,-2.355337,-6.500000,4.144663,0.032303
4,mobley_8789864,-4.722712,-6.400000,1.677289,0.005290
4,mobley_7009711,-2.858722,-6.270000,3.411278,0.021882
4,mobley_8789465,-2.903399,-6.200000,3.296601,0.020436
4,mobley_2923700,-3.776018,-6.130000,2.353982,0.010420
4,mobley_4780078,-1.876138,-6.010000,4.133862,0.032135
4,mobley_5467162,-2.459020,-5.910000,3.450979,0.022395
4,mobley_6257907,-4.426156,-5.820000,1.393845,0.003653
4,mobley_7913234,-2.263137,-5.730000,3.466863,0.022601
4,mobley_5518547,-3.967776,-5.570000,1.602224,0.004827
4,mobley_4883284,-4.336733,-5.490000,1.153266,0.002501
4,mobley_5220185,-4.629461,-5.450000,0.820539,0.001266
4,mobley_3359593,-4.266234,-5.260000,0.993766,0.001857
4,mobley_4683624,-3.358521,-5.210000,1.851480,0.006446
4,mobley_1636752,-0.681037,-5.100000,4.418963,0.036720
4,mobley_2310185,-0.998116,-5.000000,4.001884,0.030116
4,mobley_3682850,-1.073133,-4.910000,3.836867,0.027683
4,mobley_1363784,-3.092903,-4.840000,1.747097,0.005740
4,mobley_2837389,-3.101182,-4.780000,1.678819,0.005300
4,mobley_9507933,-2.503459,-4.720000,2.216541,0.009239
4,mobley_296847,-3.340535,-4.690000,1.349465,0.003424
4,mobley_8208692,-4.731317,-4.610000,0.121316,0.000028
4,mobley_4884177,-3.659029,-4.590000,0.930971,0.001630
4,mobley_6714389,-1.156277,-4.550000,3.393723,0.021658
4,mobley_2245668,-0.578035,-4.500000,3.921965,0.028925
4,mobley_5973402,-0.856926,-4.420000,3.563074,0.023873
4,mobley_3546460,-0.537082,-4.400000,3.862918,0.028060
4,mobley_8311303,-5.547471,-4.380000,1.167471,0.002563
4,mobley_9741965,11.960725,-4.290000,16.250725,0.496602
4,mobley_4603202,-4.717662,-4.230000,0.487662,0.000447
4,mobley_628086,8.346925,-4.160000,12.506925,0.294146
4,mobley_4620651,-3.013556,-4.100000,1.086444,0.002220
4,mobley_7977115,-0.667910,-4.060000,3.392090,0.021637
4,mobley_2789243,-4.084587,-4.010000,0.074587,0.000010
4,mobley_3968739,-4.974957,-3.920000,1.054956,0.002093
4,mobley_63712,-2.192356,-3.880000,1.687644,0.005356
4,mobley_1046331,-4.716971,-3.820000,0.896971,0.001513
4,mobley_1160109,-0.721401,-3.750000,3.028599,0.017248
4,mobley_4149784,-7.127779,-3.670000,3.457778,0.022483
4,mobley_397645,-4.966882,-3.640000,1.326882,0.003311
4,mobley_4690963,-3.080118,-3.540000,0.459882,0.000398
4,mobley_1967551,-0.912832,-3.500000,2.587168,0.012587
4,mobley_6733657,-3.792296,-3.440000,0.352296,0.000233
4,mobley_9565165,-2.240908,-3.350000,1.109092,0.002313
4,mobley_2487143,0.423685,-3.280000,3.703685,0.025795
4,mobley_8449031,-1.351471,-3.220000,1.868529,0.006565
4,mobley_172879,-6.378427,-3.150000,3.228427,0.019599
4,mobley_5346580,0.475274,-3.110000,3.585274,0.024172
4,mobley_3573480,0.565067,-3.040000,3.605067,0.024439
4,mobley_1075836,-2.766289,-2.930000,0.163711,0.000050
4,mobley_6102880,-5.568036,-2.870000,2.698036,0.013689
4,mobley_1827204,-0.409394,-2.810000,2.400606,0.010837
4,mobley_2146331,-0.456059,-2.750000,2.293941,0.009895
4,mobley_7943327,-2.667260,-2.680000,0.012740,0.000000
4,mobley_5110043,-2.031075,-2.630000,0.598925,0.000675
4,mobley_5616693,-0.610279,-2.530000,1.919721,0.006930
4,mobley_6619554,-2.360580,-2.490000,0.129420,0.000031
4,mobley_6359156,-5.660299,-2.460000,3.200299,0.019259
4,mobley_1781152,-1.078168,-2.400000,1.321832,0.003286
4,mobley_859464,-2.269582,-2.360000,0.090418,0.000015
4,mobley_7150646,-2.647602,-2.300000,0.347602,0.000227
4,mobley_1592519,-2.273565,-2.230000,0.043565,0.000004
4,mobley_5538249,-6.187144,-2.160000,4.027144,0.030497
4,mobley_6911232,-0.778870,-2.100000,1.321130,0.003282
4,mobley_3269565,-0.262625,-2.010000,1.747375,0.005742
4,mobley_2484519,-4.908006,-1.930000,2.978006,0.016677
4,mobley_7690440,-3.732275,-1.830000,1.902275,0.006805
4,mobley_3802803,11.704329,-1.660000,13.364329,0.335859
4,mobley_1144156,-1.175049,-1.590000,0.414951,0.000324
4,mobley_2481002,-2.399238,-1.450000,0.949238,0.001694
4,mobley_2489709,-2.177498,-1.360000,0.817498,0.001257
4,mobley_5052949,-0.954744,-1.280000,0.325256,0.000199
4,mobley_2492140,1.489635,-1.230000,2.719635,0.013909
4,mobley_7542832,-0.698488,-1.160000,0.461512,0.000401
4,mobley_7814642,-2.913326,-1.120000,1.793326,0.006048
4,mobley_1563176,-0.764710,-0.990000,0.225290,0.000095
4,mobley_1873346,-1.650297,-0.900000,0.750297,0.001059
4,mobley_3040612,-1.159997,-0.850000,0.309997,0.000181
4,mobley_4483973,-3.329603,-0.800000,2.529603,0.012033
4,mobley_9913368,-1.557241,-0.780000,0.777241,0.001136
4,mobley_1449384,-1.121719,-0.680000,0.441719,0.000367
4,mobley_7708038,0.081535,-0.560000,0.641535,0.000774
4,mobley_8311321,1.582903,-0.500000,2.082903,0.008158
4,mobley_766666,0.778820,-0.440000,1.218820,0.002793
4,mobley_5445548,-1.446411,-0.300000,1.146411,0.002471
4,mobley_9029594,-0.001723,-0.220000,0.218277,0.000090
4,mobley_3370989,-4.414313,-0.110000,4.304313,0.034839
4,mobley_627267,0.162262,-0.030000,0.192262,0.000070
4,mobley_6250025,0.816082,0.080000,0.736082,0.001019
4,mobley_4252724,-1.534675,0.160000,1.694675,0.005401
4,mobley_7157427,-1.161337,0.290000,1.451337,0.003961
4,mobley_8885088,-0.427213,0.560000,0.987213,0.001833
4,mobley_8522124,0.652051,0.710000,0.057949,0.000006
4,mobley_4678740,24.884495,1.070000,23.814495,1.066462
4,mobley_2689721,-0.403765,1.230000,1.633765,0.005019
4,mobley_1662128,0.048816,1.380000,1.331184,0.003332
4,mobley_4762983,0.525589,1.660000,1.134411,0.002420
4,mobley_7732703,7.053863,1.790000,5.263863,0.052104
4,mobley_2068538,0.178153,2.000000,1.821847,0.006241
4,mobley_5157661,0.696956,2.300000,1.603044,0.004832
4,mobley_1261349,1.108329,2.510000,1.401671,0.003694
4,mobley_2328633,0.306326,2.550000,2.243674,0.009466
4,mobley_8436428,0.962429,2.830000,1.867570,0.006559
4,mobley_3060426,1.279189,2.930000,1.650812,0.005125
4,mobley_2197088,1.080539,3.160000,2.079461,0.008131
5,mobley_9534740,-13.467286,-25.469999,12.002713,0.270908
5,mobley_6239320,-7.839302,-18.059999,10.220698,0.196437
5,mobley_7794077,-4.144797,-15.460000,11.315203,0.240762
5,mobley_7415647,-8.290175,-11.950000,3.659824,0.025187
5,mobley_1728386,-6.021275,-11.000000,4.978725,0.046612
5,mobley_2269032,-8.600533,-10.210000,1.609467,0.004871
5,mobley_2913224,-4.954174,-9.940000,4.985826,0.046745
5,mobley_2659552,-7.306774,-9.760000,2.453227,0.011317
5,mobley_7176290,-5.784583,-9.620000,3.835417,0.027662
5,mobley_2295058,-7.649612,-9.510000,1.860388,0.006508
5,mobley_6055410,-11.023280,-9.400000,1.623281,0.004955
5,mobley_4639255,-4.655249,-9.300000,4.644752,0.040568
5,mobley_1417007,8.216913,-9.010000,17.226913,0.558056
5,mobley_6115639,-5.368964,-8.700000,3.331036,0.020865
5,mobley_6353617,-6.707764,-8.260000,1.552237,0.004531
5,mobley_2725215,-2.373717,-7.980000,5.606283,0.059103
5,mobley_7039935,-4.563470,-7.670000,3.106530,0.018147
5,mobley_4059279,-8.399925,-7.580000,0.819925,0.001264
5,mobley_951560,-9.320417,-7.400000,1.920417,0.006935
5,mobley_1922649,-5.277934,-7.190000,1.912066,0.006875
5,mobley_8798016,-7.114502,-7.000000,0.114502,0.000025
5,mobley_1858644,-4.008459,-6.790000,2.781541,0.014549
5,mobley_9114381,-3.630636,-6.720000,3.089364,0.017947
5,mobley_5311804,-3.743799,-6.620000,2.876201,0.015556
5,mobley_6743808,-4.652280,-6.500000,1.847720,0.006420
5,mobley_8789864,-5.718659,-6.400000,0.681341,0.000873
5,mobley_7009711,-5.159668,-6.270000,1.110332,0.002318
5,mobley_8789465,-3.497882,-6.200000,2.702118,0.013730
5,mobley_2923700,-5.016863,-6.130000,1.113137,0.002330
5,mobley_4780078,-4.175680,-6.010000,1.834320,0.006327
5,mobley_5467162,-4.460186,-5.910000,1.449814,0.003953
5,mobley_6257907,-5.507475,-5.820000,0.312525,0.000184
5,mobley_7913234,-4.468208,-5.730000,1.261792,0.002994
5,mobley_5518547,-5.629010,-5.570000,0.059010,0.000007
5,mobley_4883284,-4.962972,-5.490000,0.527028,0.000522
5,mobley_5220185,-5.825950,-5.450000,0.375950,0.000266
5,mobley_3359593,-5.987861,-5.260000,0.727860,0.000996
5,mobley_4683624,-4.668559,-5.210000,0.541441,0.000551
5,mobley_1636752,-1.206962,-5.100000,3.893038,0.028500
5,mobley_2310185,-2.036582,-5.000000,2.963418,0.016514
5,mobley_3682850,-2.422012,-4.910000,2.487988,0.011640
5,mobley_1363784,-5.246111,-4.840000,0.406111,0.000310
5,mobley_2837389,-4.081414,-4.780000,0.698586,0.000918
5,mobley_9507933,-4.940215,-4.720000,0.220215,0.000091
5,mobley_296847,-4.176639,-4.690000,0.513361,0.000496
5,mobley_8208692,8.009667,-4.610000,12.619668,0.299473
5,mobley_4884177,-4.886666,-4.590000,0.296666,0.000166
5,mobley_6714389,-2.226639,-4.550000,2.323361,0.010151
5,mobley_2245668,-2.259210,-4.500000,2.240790,0.009442
5,mobley_5973402,-2.366073,-4.420000,2.053927,0.007933
5,mobley_3546460,-1.888609,-4.400000,2.511391,0.011860
5,mobley_8311303,0.625103,-4.380000,5.005103,0.047107
5,mobley_9741965,-7.318289,-4.290000,3.028289,0.017245
5,mobley_4603202,-5.741110,-4.230000,1.511110,0.004294
5,mobley_628086,-3.702240,-4.160000,0.457760,0.000394
5,mobley_4620651,-4.483809,-4.100000,0.383809,0.000277
5,mobley_7977115,-2.197685,-4.060000,1.862314,0.006522
5,mobley_2789243,-3.301111,-4.010000,0.708890,0.000945
5,mobley_3968739,-4.780098,-3.920000,0.860098,0.001391
5,mobley_63712,-4.435011,-3.880000,0.555011,0.000579
5,mobley_1046331,-4.757655,-3.820000,0.937655,0.001653
5,mobley_1160109,-2.389188,-3.750000,1.360812,0.003482
5,mobley_4149784,-6.956852,-3.670000,3.286852,0.020315
5,mobley_397645,-5.055221,-3.640000,1.415220,0.003766
5,mobley_4690963,-5.174404,-3.540000,1.634404,0.005023
5,mobley_1967551,-2.102761,-3.500000,1.397239,0.003671
5,mobley_6733657,14.638644,-3.440000,18.078644,0.614602
5,mobley_9565165,-2.604551,-3.350000,0.745449,0.001045
5,mobley_2487143,-0.964246,-3.280000,2.315754,0.010084
5,mobley_8449031,-3.361173,-3.220000,0.141173,0.000037
5,mobley_172879,-6.522470,-3.150000,3.372469,0.021387
5,mobley_5346580,-1.480214,-3.110000,1.629785,0.004995
5,mobley_3573480,-0.900844,-3.040000,2.139156,0.008605
5,mobley_1075836,-4.335696,-2.930000,1.405696,0.003716
5,mobley_6102880,-5.871523,-2.870000,3.001523,0.016941
5,mobley_1827204,-1.312671,-2.810000,1.497329,0.004216
5,mobley_2146331,-0.884619,-2.750000,1.865381,0.006543
5,mobley_7943327,-4.383303,-2.680000,1.703303,0.005456
5,mobley_5110043,-3.593386,-2.630000,0.963386,0.001745
5,mobley_5616693,-2.296457,-2.530000,0.233543,0.000103
5,mobley_6619554,-3.634392,-2.490000,1.144392,0.002463
5,mobley_6359156,-3.645709,-2.460000,1.185709,0.002644
5,mobley_1781152,-3.155434,-2.400000,0.755434,0.001073
5,mobley_859464,-4.036770,-2.360000,1.676770,0.005287
5,mobley_7150646,-3.078455,-2.300000,0.778455,0.001140
5,mobley_1592519,-3.992772,-2.230000,1.762772,0.005843
5,mobley_5538249,-1.425430,-2.160000,0.734571,0.001015
5,mobley_6911232,-2.085811,-2.100000,0.014189,0.000000
5,mobley_3269565,-2.053812,-2.010000,0.043812,0.000004
5,mobley_2484519,-4.017334,-1.930000,2.087334,0.008193
5,mobley_7690440,-2.046315,-1.830000,0.216315,0.000088
5,mobley_3802803,-4.097062,-1.660000,2.437062,0.011169
5,mobley_1144156,-2.250528,-1.590000,0.660528,0.000820
5,mobley_2481002,13.030962,-1.450000,14.480962,0.394328
5,mobley_2489709,-2.024126,-1.360000,0.664126,0.000829
5,mobley_5052949,-1.975929,-1.280000,0.695929,0.000911
5,mobley_2492140,9.919107,-1.230000,11.149107,0.233745
5,mobley_7542832,-2.119679,-1.160000,0.959679,0.001732
5,mobley_7814642,-0.858316,-1.120000,0.261684,0.000129
5,mobley_1563176,-1.336369,-0.990000,0.346369,0.000226
5,mobley_1873346,-2.184504,-0.900000,1.284504,0.003103
5,mobley_3040612,-1.979426,-0.850000,1.129426,0.002399
5,mobley_4483973,-3.679157,-0.800000,2.879157,0.015588
5,mobley_9913368,-0.935122,-0.780000,0.155122,0.000045
5,mobley_1449384,-2.577029,-0.680000,1.897029,0.006767
5,mobley_7708038,-0.772957,-0.560000,0.212957,0.000085
5,mobley_8311321,-0.373390,-0.500000,0.126610,0.000030
5,mobley_766666,1.231201,-0.440000,1.671201,0.005252
5,mobley_5445548,-1.832994,-0.300000,1.532994,0.004419
5,mobley_9029594,-1.015844,-0.220000,0.795844,0.001191
5,mobley_3370989,-3.446402,-0.110000,3.336402,0.020932
5,mobley_627267,-1.008222,-0.030000,0.978222,0.001799
5,mobley_6250025,-0.092636,0.080000,0.172636,0.000056
5,mobley_4252724,-2.113850,0.160000,2.273850,0.009723
5,mobley_7157427,-1.350004,0.290000,1.640004,0.005058
5,mobley_8885088,-1.259260,0.560000,1.819260,0.006224
5,mobley_8522124,-0.461899,0.710000,1.171899,0.002583
5,mobley_4678740,-4.511606,1.070000,5.581606,0.058584
5,mobley_2689721,-1.393571,1.230000,2.623571,0.012943
5,mobley_1662128,-0.499235,1.380000,1.879235,0.006641
5,mobley_4762983,-0.280816,1.660000,1.940816,0.007083
5,mobley_7732703,1.111283,1.790000,0.678717,0.000866
5,mobley_2068538,-0.249250,2.000000,2.249250,0.009513
5,mobley_5157661,-0.327993,2.300000,2.627993,0.012987
5,mobley_1261349,-0.271233,2.510000,2.781233,0.014546
5,mobley_2328633,-1.065720,2.550000,3.615720,0.024584
5,mobley_8436428,-0.385620,2.830000,3.215620,0.019444
5,mobley_3060426,-0.576468,2.930000,3.506468,0.023121
5,mobley_2197088,-0.175012,3.160000,3.335012,0.020915
6,mobley_9534740,-14.131822,-25.469999,11.338178,0.241740
6,mobley_6239320,-11.062378,-18.059999,6.997622,0.092080
6,mobley_7794077,-7.937988,-15.460000,7.522012,0.106397
6,mobley_7415647,-7.571222,-11.950000,4.378778,0.036055
6,mobley_1728386,-6.569520,-11.000000,4.430480,0.036912
6,mobley_2269032,-8.106863,-10.210000,2.103137,0.008318
6,mobley_2913224,-5.524256,-9.940000,4.415744,0.036667
6,mobley_2659552,-6.856530,-9.760000,2.903471,0.015852
6,mobley_7176290,-5.643808,-9.620000,3.976192,0.029730
6,mobley_2295058,-7.916288,-9.510000,1.593712,0.004776
6,mobley_6055410,-11.568032,-9.400000,2.168033,0.008839
6,mobley_4639255,-5.954141,-9.300000,3.345859,0.021051
6,mobley_1417007,4.136901,-9.010000,13.146902,0.325019
6,mobley_6115639,-5.185485,-8.700000,3.514514,0.023227
6,mobley_6353617,-6.858261,-8.260000,1.401739,0.003695
6,mobley_2725215,-3.982748,-7.980000,3.997252,0.030046
6,mobley_7039935,-5.225831,-7.670000,2.444169,0.011234
6,mobley_4059279,-8.746785,-7.580000,1.166785,0.002560
6,mobley_951560,-10.016458,-7.400000,2.616457,0.012873
6,mobley_1922649,-3.126572,-7.190000,4.063428,0.031049
6,mobley_8798016,-7.011009,-7.000000,0.011009,0.000000
6,mobley_1858644,-4.237787,-6.790000,2.552213,0.012249
6,mobley_9114381,-4.424568,-6.720000,2.295432,0.009908
6,mobley_5311804,-3.820293,-6.620000,2.799707,0.014740
6,mobley_6743808,-5.218132,-6.500000,1.281868,0.003090
6,mobley_8789864,-4.044582,-6.400000,2.355418,0.010433
6,mobley_7009711,-5.659474,-6.270000,0.610526,0.000701
6,mobley_8789465,-3.671468,-6.200000,2.528532,0.012023
6,mobley_2923700,-5.444509,-6.130000,0.685492,0.000884
6,mobley_4780078,-4.711915,-6.010000,1.298085,0.003169
6,mobley_5467162,-4.358322,-5.910000,1.551678,0.004528
6,mobley_6257907,-5.596107,-5.820000,0.223893,0.000094
6,mobley_7913234,-5.430794,-5.730000,0.299206,0.000168
6,mobley_5518547,-6.575566,-5.570000,1.005566,0.001901
6,mobley_4883284,-5.807984,-5.490000,0.317985,0.000190
6,mobley_5220185,-6.588665,-5.450000,1.138666,0.002438
6,mobley_3359593,-5.896969,-5.260000,0.636969,0.000763
6,mobley_4683624,-5.111327,-5.210000,0.098673,0.000018
6,mobley_1636752,-1.501664,-5.100000,3.598336,0.024348
6,mobley_2310185,-2.479752,-5.000000,2.520248,0.011944
6,mobley_3682850,-3.713761,-4.910000,1.196239,0.002691
6,mobley_1363784,-5.114897,-4.840000,0.274897,0.000142
6,mobley_2837389,-4.613227,-4.780000,0.166773,0.000052
6,mobley_9507933,-5.005944,-4.720000,0.285944,0.000154
6,mobley_296847,-4.718575,-4.690000,0.028575,0.000002
6,mobley_8208692,5.429482,-4.610000,10.039483,0.189533
6,mobley_4884177,-4.707860,-4.590000,0.117860,0.000026
6,mobley_6714389,-2.528213,-4.550000,2.021788,0.007687
6,mobley_2245668,-2.294064,-4.500000,2.205936,0.009151
6,mobley_5973402,-2.641034,-4.420000,1.778966,0.005951
6,mobley_3546460,-2.320626,-4.400000,2.079375,0.008131
6,mobley_8311303,1.461782,-4.380000,5.841782,0.064173
6,mobley_9741965,-5.506168,-4.290000,1.216168,0.002781
6,mobley_4603202,-5.332803,-4.230000,1.102803,0.002287
6,mobley_628086,-4.211636,-4.160000,0.051636,0.000005
6,mobley_4620651,-4.270899,-4.100000,0.170899,0.000055
6,mobley_7977115,-2.619307,-4.060000,1.440693,0.003903
6,mobley_2789243,-3.268749,-4.010000,0.741252,0.001033
6,mobley_3968739,-4.308923,-3.920000,0.388923,0.000284
6,mobley_63712,-5.384422,-3.880000,1.504422,0.004256
6,mobley_1046331,-4.641387,-3.820000,0.821387,0.001269
6,mobley_1160109,-2.876148,-3.750000,0.873852,0.001436
6,mobley_4149784,-4.587684,-3.670000,0.917684,0.001584
6,mobley_397645,-4.515954,-3.640000,0.875953,0.001443
6,mobley_4690963,-6.230607,-3.540000,2.690607,0.013613
6,mobley_1967551,-2.681858,-3.500000,0.818142,0.001259
6,mobley_6733657,14.696429,-3.440000,18.136429,0.618538
6,mobley_9565165,-2.472885,-3.350000,0.877115,0.001447
6,mobley_2487143,-1.147531,-3.280000,2.132469,0.008551
6,mobley_8449031,-3.877907,-3.220000,0.657907,0.000814
6,mobley_172879,-6.219233,-3.150000,3.069233,0.017714
6,mobley_5346580,-0.757777,-3.110000,2.352223,0.010404
6,mobley_3573480,-1.058189,-3.040000,1.981811,0.007386
6,mobley_1075836,-3.524205,-2.930000,0.594205,0.000664
6,mobley_6102880,-4.990407,-2.870000,2.120408,0.008455
6,mobley_1827204,-1.394276,-2.810000,1.415724,0.003769
6,mobley_2146331,-1.074943,-2.750000,1.675057,0.005276
6,mobley_7943327,-4.054614,-2.680000,1.374614,0.003553
6,mobley_5110043,-3.685557,-2.630000,1.055557,0.002095
6,mobley_5616693,-2.339826,-2.530000,0.190174,0.000068
6,mobley_6619554,-3.660785,-2.490000,1.170785,0.002578
6,mobley_6359156,-1.784088,-2.460000,0.675912,0.000859
6,mobley_1781152,-2.279683,-2.400000,0.120317,0.000027
6,mobley_859464,-3.800466,-2.360000,1.440466,0.003902
6,mobley_7150646,-2.692482,-2.300000,0.392482,0.000290
6,mobley_1592519,-3.933586,-2.230000,1.703586,0.005457
6,mobley_5538249,-2.036201,-2.160000,0.123799,0.000029
6,mobley_6911232,-2.128348,-2.100000,0.028348,0.000002
6,mobley_3269565,-1.856666,-2.010000,0.153334,0.000044
6,mobley_2484519,-2.330308,-1.930000,0.400308,0.000301
6,mobley_7690440,-2.027818,-1.830000,0.197818,0.000074
6,mobley_3802803,-2.724874,-1.660000,1.064874,0.002132
6,mobley_1144156,-2.690789,-1.590000,1.100788,0.002279
6,mobley_2481002,5.269044,-1.450000,6.719044,0.084894
6,mobley_2489709,-0.958266,-1.360000,0.401734,0.000303
6,mobley_5052949,-1.821714,-1.280000,0.541714,0.000552
6,mobley_2492140,5.685847,-1.230000,6.915847,0.089940
6,mobley_7542832,-2.385821,-1.160000,1.225821,0.002826
6,mobley_7814642,-0.705562,-1.120000,0.414438,0.000323
6,mobley_1563176,-1.305218,-0.990000,0.315217,0.000187
6,mobley_1873346,-1.794697,-0.900000,0.894697,0.001505
6,mobley_3040612,-1.580467,-0.850000,0.730467,0.001003
6,mobley_4483973,-3.609463,-0.800000,2.809463,0.014843
6,mobley_9913368,-1.515982,-0.780000,0.735982,0.001019
6,mobley_1449384,-1.988068,-0.680000,1.308068,0.003218
6,mobley_7708038,-0.818681,-0.560000,0.258681,0.000126
6,mobley_8311321,-1.665011,-0.500000,1.165011,0.002552
6,mobley_766666,0.864027,-0.440000,1.304027,0.003198
6,mobley_5445548,-1.015432,-0.300000,0.715432,0.000962
6,mobley_9029594,-1.115188,-0.220000,0.895188,0.001507
6,mobley_3370989,-3.690311,-0.110000,3.580311,0.024105
6,mobley_627267,-0.687216,-0.030000,0.657216,0.000812
6,mobley_6250025,0.080830,0.080000,0.000830,0.000000
6,mobley_4252724,-1.302603,0.160000,1.462603,0.004023
6,mobley_7157427,-1.152811,0.290000,1.442811,0.003915
6,mobley_8885088,-1.627149,0.560000,2.187149,0.008995
6,mobley_8522124,-0.230518,0.710000,0.940518,0.001663
6,mobley_4678740,-4.905567,1.070000,5.975567,0.067146
6,mobley_2689721,-1.779706,1.230000,3.009706,0.017034
6,mobley_1662128,-0.373889,1.380000,1.753889,0.005785
6,mobley_4762983,-0.035258,1.660000,1.695258,0.005404
6,mobley_7732703,-1.114516,1.790000,2.904516,0.015864
6,mobley_2068538,0.047805,2.000000,1.952195,0.007167
6,mobley_5157661,0.393552,2.300000,1.906448,0.006835
6,mobley_1261349,0.933185,2.510000,1.576815,0.004675
6,mobley_2328633,-1.042772,2.550000,3.592772,0.024273
6,mobley_8436428,0.503467,2.830000,2.326533,0.010178
6,mobley_3060426,0.834643,2.930000,2.095357,0.008256
6,mobley_2197088,0.547815,3.160000,2.612185,0.012831
7,mobley_9534740,-16.305895,-25.469999,9.164104,0.157922
7,mobley_6239320,-20.852306,-18.059999,2.792307,0.014662
7,mobley_7794077,-13.187961,-15.460000,2.272039,0.009707
7,mobley_7415647,-8.097801,-11.950000,3.852199,0.027905
7,mobley_1728386,-8.644002,-11.000000,2.355998,0.010438
7,mobley_2269032,-9.682139,-10.210000,0.527861,0.000524
7,mobley_2913224,-6.568452,-9.940000,3.371548,0.021376
7,mobley_2659552,-7.046411,-9.760000,2.713590,0.013847
7,mobley_7176290,-6.694063,-9.620000,2.925937,0.016099
7,mobley_2295058,-8.731807,-9.510000,0.778193,0.001139
7,mobley_6055410,-13.483836,-9.400000,4.083837,0.031362
7,mobley_4639255,-6.631622,-9.300000,2.668378,0.013389
7,mobley_1417007,3.619766,-9.010000,12.629766,0.299953
7,mobley_6115639,-5.490364,-8.700000,3.209636,0.019372
7,mobley_6353617,-6.775972,-8.260000,1.484028,0.004141
7,mobley_2725215,-6.194454,-7.980000,1.785546,0.005995
7,mobley_7039935,-5.638336,-7.670000,2.031664,0.007762
7,mobley_4059279,-8.526919,-7.580000,0.946919,0.001686
7,mobley_951560,-10.873100,-7.400000,3.473100,0.022683
7,mobley_1922649,-4.251752,-7.190000,2.938248,0.016235
7,mobley_8798016,-7.651331,-7.000000,0.651331,0.000798
7,mobley_1858644,-4.654919,-6.790000,2.135081,0.008572
7,mobley_9114381,-4.690620,-6.720000,2.029380,0.007744
7,mobley_5311804,-4.136925,-6.620000,2.483075,0.011594
7,mobley_6743808,-5.483451,-6.500000,1.016549,0.001943
7,mobley_8789864,-3.972489,-6.400000,2.427511,0.011081
7,mobley_7009711,-6.139554,-6.270000,0.130446,0.000032
7,mobley_8789465,-4.016647,-6.200000,2.183353,0.008964
7,mobley_2923700,-5.946892,-6.130000,0.183108,0.000063
7,mobley_4780078,-4.770152,-6.010000,1.239848,0.002891
7,mobley_5467162,-4.557617,-5.910000,1.352383,0.003439
7,mobley_6257907,-5.824149,-5.820000,0.004149,0.000000
7,mobley_7913234,-5.783325,-5.730000,0.053325,0.000005
7,mobley_5518547,-6.439383,-5.570000,0.869383,0.001421
7,mobley_4883284,-5.644505,-5.490000,0.154505,0.000045
7,mobley_5220185,-6.355622,-5.450000,0.905622,0.001542
7,mobley_3359593,-6.227819,-5.260000,0.967819,0.001761
7,mobley_4683624,-5.612691,-5.210000,0.402691,0.000305
7,mobley_1636752,-1.751245,-5.100000,3.348755,0.021088
7,mobley_2310185,-2.715427,-5.000000,2.284573,0.009815
7,mobley_3682850,-3.545058,-4.910000,1.364942,0.003503
7,mobley_1363784,-5.238259,-4.840000,0.398259,0.000298
7,mobley_2837389,-5.023942,-4.780000,0.243942,0.000112
7,mobley_9507933,-5.125596,-4.720000,0.405596,0.000309
7,mobley_296847,-4.790203,-4.690000,0.100203,0.000019
7,mobley_8208692,1.688963,-4.610000,6.298964,0.074611
7,mobley_4884177,-4.933236,-4.590000,0.343236,0.000222
7,mobley_6714389,-2.858997,-4.550000,1.691003,0.005377
7,mobley_2245668,-2.288760,-4.500000,2.211240,0.009195
7,mobley_5973402,-2.703204,-4.420000,1.716796,0.005542
7,mobley_3546460,-2.630951,-4.400000,1.769049,0.005885
7,mobley_8311303,-0.707141,-4.380000,3.672859,0.025367
7,mobley_9741965,-5.437085,-4.290000,1.147085,0.002474
7,mobley_4603202,-3.843622,-4.230000,0.386378,0.000281
7,mobley_628086,-4.031204,-4.160000,0.128796,0.000031
7,mobley_4620651,-4.261141,-4.100000,0.161141,0.000049
7,mobley_7977115,-2.955361,-4.060000,1.104639,0.002295
7,mobley_2789243,-3.631261,-4.010000,0.378739,0.000270
7,mobley_3968739,-4.262721,-3.920000,0.342721,0.000221
7,mobley_63712,-5.364474,-3.880000,1.484474,0.004144
7,mobley_1046331,-4.780530,-3.820000,0.960531,0.001735
7,mobley_1160109,-2.570151,-3.750000,1.179849,0.002618
7,mobley_4149784,-5.987563,-3.670000,2.317563,0.010100
7,mobley_397645,-4.482130,-3.640000,0.842129,0.001334
7,mobley_4690963,-6.175392,-3.540000,2.635392,0.013060
7,mobley_1967551,-2.041633,-3.500000,1.458367,0.003999
7,mobley_6733657,11.225561,-3.440000,14.665561,0.404445
7,mobley_9565165,-2.541094,-3.350000,0.808906,0.001230
7,mobley_2487143,-1.058376,-3.280000,2.221624,0.009281
7,mobley_8449031,-3.745125,-3.220000,0.525125,0.000519
7,mobley_172879,-6.239787,-3.150000,3.089787,0.017952
7,mobley_5346580,-0.223644,-3.110000,2.886355,0.015666
7,mobley_3573480,-0.970653,-3.040000,2.069347,0.008052
7,mobley_1075836,-3.321787,-2.930000,0.391787,0.000289
7,mobley_6102880,-4.990457,-2.870000,2.120457,0.008455
7,mobley_1827204,-1.350510,-2.810000,1.459489,0.004006
7,mobley_2146331,-0.996346,-2.750000,1.753654,0.005783
7,mobley_7943327,-3.318669,-2.680000,0.638669,0.000767
7,mobley_5110043,-3.543668,-2.630000,0.913668,0.001570
7,mobley_5616693,-2.051914,-2.530000,0.478086,0.000430
7,mobley_6619554,-2.951940,-2.490000,0.461940,0.000401
7,mobley_6359156,-2.601653,-2.460000,0.141653,0.000038
7,mobley_1781152,-1.715666,-2.400000,0.684334,0.000881
7,mobley_859464,-3.177882,-2.360000,0.817882,0.001258
7,mobley_7150646,-2.702122,-2.300000,0.402122,0.000304
7,mobley_1592519,-3.640088,-2.230000,1.410088,0.003739
7,mobley_5538249,-2.234169,-2.160000,0.074169,0.000010
7,mobley_6911232,-1.878326,-2.100000,0.221674,0.000092
7,mobley_3269565,-1.484803,-2.010000,0.525197,0.000519
7,mobley_2484519,-2.379055,-1.930000,0.449055,0.000379
7,mobley_7690440,-1.922149,-1.830000,0.092149,0.000016
7,mobley_3802803,-2.450669,-1.660000,0.790669,0.001176
7,mobley_1144156,-2.387580,-1.590000,0.797580,0.001196
7,mobley_2481002,4.069205,-1.450000,5.519205,0.057282
7,mobley_2489709,-1.649538,-1.360000,0.289538,0.000158
7,mobley_5052949,-1.197893,-1.280000,0.082107,0.000013
7,mobley_2492140,5.057289,-1.230000,6.287289,0.074334
7,mobley_7542832,-2.089843,-1.160000,0.929843,0.001626
7,mobley_7814642,-1.191090,-1.120000,0.071090,0.000010
7,mobley_1563176,-1.083694,-0.990000,0.093694,0.000017
7,mobley_1873346,-1.260968,-0.900000,0.360968,0.000245
7,mobley_3040612,-1.109445,-0.850000,0.259445,0.000127
7,mobley_4483973,-3.361191,-0.800000,2.561191,0.012335
7,mobley_9913368,-1.581332,-0.780000,0.801332,0.001208
7,mobley_1449384,-1.424556,-0.680000,0.744556,0.001042
7,mobley_7708038,-0.508348,-0.560000,0.051652,0.000005
7,mobley_8311321,-1.695353,-0.500000,1.195353,0.002687
7,mobley_766666,0.515778,-0.440000,0.955778,0.001718
7,mobley_5445548,-0.456123,-0.300000,0.156123,0.000046
7,mobley_9029594,-1.178539,-0.220000,0.958539,0.001728
7,mobley_3370989,-3.545497,-0.110000,3.435497,0.022194
7,mobley_627267,-0.310675,-0.030000,0.280675,0.000148
7,mobley_6250025,0.435738,0.080000,0.355738,0.000238
7,mobley_4252724,-0.758205,0.160000,0.918205,0.001585
7,mobley_7157427,-0.441596,0.290000,0.731596,0.001006
7,mobley_8885088,-1.119040,0.560000,1.679040,0.005301
7,mobley_8522124,0.183322,0.710000,0.526678,0.000522
7,mobley_4678740,-2.852412,1.070000,3.922412,0.028931
7,mobley_2689721,-1.149090,1.230000,2.379090,0.010643
7,mobley_1662128,0.133174,1.380000,1.246826,0.002923
7,mobley_4762983,0.572412,1.660000,1.087588,0.002224
7,mobley_7732703,-1.071838,1.790000,2.861838,0.015401
7,mobley_2068538,0.459688,2.000000,1.540312,0.004461
7,mobley_5157661,1.010141,2.300000,1.289859,0.003129
7,mobley_1261349,1.683500,2.510000,0.826500,0.001285
7,mobley_2328633,-0.372652,2.550000,2.922652,0.016063
7,mobley_8436428,1.437399,2.830000,1.392601,0.003647
7,mobley_3060426,1.891513,2.930000,1.038488,0.002028
7,mobley_2197088,1.372630,3.160000,1.787370,0.006007
8,mobley_9534740,-19.144392,-25.469999,6.325607,0.075243
8,mobley_6239320,-25.370253,-18.059999,7.310253,0.100491
8,mobley_7794077,-14.806116,-15.460000,0.653884,0.000804
8,mobley_7415647,-9.057775,-11.950000,2.892225,0.015730
8,mobley_1728386,-9.752454,-11.000000,1.247546,0.002927
8,mobley_2269032,-11.209012,-10.210000,0.999012,0.001877
8,mobley_2913224,-7.391119,-9.940000,2.548881,0.012217
8,mobley_2659552,-7.411373,-9.760000,2.348628,0.010373
8,mobley_7176290,-7.785952,-9.620000,1.834048,0.006325
8,mobley_2295058,-9.038847,-9.510000,0.471153,0.000417
8,mobley_6055410,-13.705549,-9.400000,4.305550,0.034859
8,mobley_4639255,-7.427073,-9.300000,1.872927,0.006596
8,mobley_1417007,-6.614141,-9.010000,2.395859,0.010794
8,mobley_6115639,-8.647310,-8.700000,0.052690,0.000005
8,mobley_6353617,-7.023195,-8.260000,1.236805,0.002877
8,mobley_2725215,-7.700872,-7.980000,0.279128,0.000147
8,mobley_7039935,-6.882418,-7.670000,0.787582,0.001166
8,mobley_4059279,-7.628562,-7.580000,0.048562,0.000004
8,mobley_951560,-11.047997,-7.400000,3.647997,0.025025
8,mobley_1922649,-7.636306,-7.190000,0.446306,0.000375
8,mobley_8798016,-7.821815,-7.000000,0.821815,0.001270
8,mobley_1858644,-5.571280,-6.790000,1.218720,0.002793
8,mobley_9114381,-5.668196,-6.720000,1.051804,0.002080
8,mobley_5311804,-4.860384,-6.620000,1.759615,0.005822
8,mobley_6743808,-6.292894,-6.500000,0.207106,0.000081
8,mobley_8789864,-5.752367,-6.400000,0.647634,0.000789
8,mobley_7009711,-7.025471,-6.270000,0.755471,0.001073
8,mobley_8789465,-4.473186,-6.200000,1.726814,0.005607
8,mobley_2923700,-6.587267,-6.130000,0.457267,0.000393
8,mobley_4780078,-5.377516,-6.010000,0.632484,0.000752
8,mobley_5467162,-5.376028,-5.910000,0.533972,0.000536
8,mobley_6257907,-4.477234,-5.820000,1.342766,0.003390
8,mobley_7913234,-6.517889,-5.730000,0.787889,0.001167
8,mobley_5518547,-6.805387,-5.570000,1.235386,0.002870
8,mobley_4883284,-5.823395,-5.490000,0.333395,0.000209
8,mobley_5220185,-6.199193,-5.450000,0.749193,0.001055
8,mobley_3359593,-6.467287,-5.260000,1.207287,0.002741
8,mobley_4683624,-6.273114,-5.210000,1.063114,0.002125
8,mobley_1636752,-2.105843,-5.100000,2.994157,0.016858
8,mobley_2310185,-3.397799,-5.000000,1.602201,0.004827
8,mobley_3682850,-3.730378,-4.910000,1.179622,0.002617
8,mobley_1363784,-5.557335,-4.840000,0.717335,0.000968
8,mobley_2837389,-4.822777,-4.780000,0.042777,0.000003
8,mobley_9507933,-5.651372,-4.720000,0.931372,0.001631
8,mobley_296847,-5.108164,-4.690000,0.418164,0.000329
8,mobley_8208692,-5.021730,-4.610000,0.411730,0.000319
8,mobley_4884177,-5.164039,-4.590000,0.574039,0.000620
8,mobley_6714389,-3.530716,-4.550000,1.019284,0.001954
8,mobley_2245668,-2.935714,-4.500000,1.564286,0.004601
8,mobley_5973402,-3.296955,-4.420000,1.123045,0.002372
8,mobley_3546460,-3.305807,-4.400000,1.094193,0.002251
8,mobley_8311303,-6.418719,-4.380000,2.038719,0.007816
8,mobley_9741965,-7.643312,-4.290000,3.353312,0.021145
8,mobley_4603202,-4.271806,-4.230000,0.041806,0.000003
8,mobley_628086,-5.037833,-4.160000,0.877833,0.001449
8,mobley_4620651,-4.405833,-4.100000,0.305833,0.000176
8,mobley_7977115,-3.900840,-4.060000,0.159160,0.000048
8,mobley_2789243,-3.707115,-4.010000,0.302886,0.000173
8,mobley_3968739,-4.234037,-3.920000,0.314037,0.000185
8,mobley_63712,-4.992123,-3.880000,1.112123,0.002326
8,mobley_1046331,-4.795000,-3.820000,0.975000,0.001788
8,mobley_1160109,-3.181642,-3.750000,0.568358,0.000607
8,mobley_4149784,-3.592054,-3.670000,0.077946,0.000011
8,mobley_397645,-4.436753,-3.640000,0.796753,0.001194
8,mobley_4690963,-6.166100,-3.540000,2.626100,0.012968
8,mobley_1967551,-2.615678,-3.500000,0.884322,0.001471
8,mobley_6733657,-3.879949,-3.440000,0.439949,0.000364
8,mobley_9565165,-3.626026,-3.350000,0.276026,0.000143
8,mobley_2487143,-1.880697,-3.280000,1.399303,0.003682
8,mobley_8449031,-3.783000,-3.220000,0.562999,0.000596
8,mobley_172879,-5.886397,-3.150000,2.736397,0.014081
8,mobley_5346580,-1.106008,-3.110000,2.003992,0.007552
8,mobley_3573480,-1.782506,-3.040000,1.257494,0.002974
8,mobley_1075836,-3.388238,-2.930000,0.458238,0.000395
8,mobley_6102880,-5.111384,-2.870000,2.241384,0.009447
8,mobley_1827204,-1.826079,-2.810000,0.983921,0.001820
8,mobley_2146331,-1.202983,-2.750000,1.547017,0.004500
8,mobley_7943327,-3.184687,-2.680000,0.504687,0.000479
8,mobley_5110043,-4.776265,-2.630000,2.146265,0.008662
8,mobley_5616693,-2.446589,-2.530000,0.083411,0.000013
8,mobley_6619554,-2.692315,-2.490000,0.202315,0.000077
8,mobley_6359156,-1.813058,-2.460000,0.646942,0.000787
8,mobley_1781152,-2.259647,-2.400000,0.140353,0.000037
8,mobley_859464,-3.243628,-2.360000,0.883628,0.001468
8,mobley_7150646,-2.364723,-2.300000,0.064723,0.000008
8,mobley_1592519,-3.754004,-2.230000,1.524004,0.004368
8,mobley_5538249,-0.917040,-2.160000,1.242960,0.002905
8,mobley_6911232,-2.014767,-2.100000,0.085232,0.000014
8,mobley_3269565,-1.997580,-2.010000,0.012420,0.000000
8,mobley_2484519,-2.905034,-1.930000,0.975034,0.001788
8,mobley_7690440,-2.582829,-1.830000,0.752829,0.001066
8,mobley_3802803,-3.385603,-1.660000,1.725603,0.005599
8,mobley_1144156,-2.498468,-1.590000,0.908468,0.001552
8,mobley_2481002,-3.961980,-1.450000,2.511980,0.011866
8,mobley_2489709,-1.612447,-1.360000,0.252447,0.000120
8,mobley_5052949,-1.441618,-1.280000,0.161618,0.000049
8,mobley_2492140,-3.274954,-1.230000,2.044954,0.007864
8,mobley_7542832,-2.241169,-1.160000,1.081169,0.002198
8,mobley_7814642,-2.118235,-1.120000,0.998235,0.001874
8,mobley_1563176,-1.377460,-0.990000,0.387460,0.000282
8,mobley_1873346,-1.653511,-0.900000,0.753511,0.001068
8,mobley_3040612,-1.621939,-0.850000,0.771939,0.001121
8,mobley_4483973,-3.282039,-0.800000,2.482039,0.011585
8,mobley_9913368,-2.029523,-0.780000,1.249523,0.002936
8,mobley_1449384,-2.012945,-0.680000,1.332945,0.003341
8,mobley_7708038,-0.593402,-0.560000,0.033402,0.000002
8,mobley_8311321,-1.733832,-0.500000,1.233832,0.002863
8,mobley_766666,-1.765940,-0.440000,1.325940,0.003306
8,mobley_5445548,-0.871216,-0.300000,0.571216,0.000614
8,mobley_9029594,-0.995315,-0.220000,0.775315,0.001130
8,mobley_3370989,-3.189925,-0.110000,3.079925,0.017838
8,mobley_627267,-0.553905,-0.030000,0.523905,0.000516
8,mobley_6250025,0.339749,0.080000,0.259749,0.000127
8,mobley_4252724,-1.227179,0.160000,1.387179,0.003618
8,mobley_7157427,-0.695659,0.290000,0.985659,0.001827
8,mobley_8885088,-0.996423,0.560000,1.556423,0.004555
8,mobley_8522124,0.078220,0.710000,0.631780,0.000751
8,mobley_4678740,-6.988383,1.070000,8.058383,0.122112
8,mobley_2689721,-0.841100,1.230000,2.071100,0.008066
8,mobley_1662128,0.128062,1.380000,1.251938,0.002947
8,mobley_4762983,0.623308,1.660000,1.036691,0.002021
8,mobley_7732703,-1.023955,1.790000,2.813955,0.014890
8,mobley_2068538,0.411688,2.000000,1.588312,0.004744
8,mobley_5157661,0.863257,2.300000,1.436743,0.003882
8,mobley_1261349,1.344565,2.510000,1.165435,0.002554
8,mobley_2328633,-0.183900,2.550000,2.733900,0.014055
8,mobley_8436428,1.524567,2.830000,1.305433,0.003205
8,mobley_3060426,1.726154,2.930000,1.203846,0.002725
8,mobley_2197088,1.429683,3.160000,1.730317,0.005630
9,mobley_9534740,-20.678648,-25.469999,4.791351,0.043170
9,mobley_6239320,-26.312679,-18.059999,8.252680,0.128072
9,mobley_7794077,-15.810905,-15.460000,0.350904,0.000232
9,mobley_7415647,-10.501390,-11.950000,1.448610,0.003946
9,mobley_1728386,-9.390612,-11.000000,1.609388,0.004871
9,mobley_2269032,-10.254539,-10.210000,0.044538,0.000004
9,mobley_2913224,-8.266116,-9.940000,1.673883,0.005269
9,mobley_2659552,-7.663374,-9.760000,2.096626,0.008266
9,mobley_7176290,-9.139247,-9.620000,0.480753,0.000435
9,mobley_2295058,-9.362203,-9.510000,0.147798,0.000041
9,mobley_6055410,-14.339973,-9.400000,4.939974,0.045889
9,mobley_4639255,-8.734690,-9.300000,0.565310,0.000601
9,mobley_1417007,-4.755037,-9.010000,4.254963,0.034045
9,mobley_6115639,-7.693437,-8.700000,1.006563,0.001905
9,mobley_6353617,-7.382964,-8.260000,0.877037,0.001446
9,mobley_2725215,-5.974364,-7.980000,2.005636,0.007564
9,mobley_7039935,-5.766982,-7.670000,1.903018,0.006810
9,mobley_4059279,-7.397423,-7.580000,0.182577,0.000063
9,mobley_951560,-10.931852,-7.400000,3.531852,0.023457
9,mobley_1922649,-9.546192,-7.190000,2.356192,0.010440
9,mobley_8798016,-7.950464,-7.000000,0.950464,0.001699
9,mobley_1858644,-5.696027,-6.790000,1.093973,0.002250
9,mobley_9114381,-6.321684,-6.720000,0.398315,0.000298
9,mobley_5311804,-4.737268,-6.620000,1.882732,0.006666
9,mobley_6743808,-6.244824,-6.500000,0.255176,0.000122
9,mobley_8789864,-6.775267,-6.400000,0.375267,0.000265
9,mobley_7009711,-7.098841,-6.270000,0.828841,0.001292
9,mobley_8789465,-4.144413,-6.200000,2.055586,0.007946
9,mobley_2923700,-6.530840,-6.130000,0.400840,0.000302
9,mobley_4780078,-5.290346,-6.010000,0.719655,0.000974
9,mobley_5467162,-5.265184,-5.910000,0.644815,0.000782
9,mobley_6257907,-7.363590,-5.820000,1.543590,0.004481
9,mobley_7913234,-7.147342,-5.730000,1.417342,0.003778
9,mobley_5518547,-6.968299,-5.570000,1.398299,0.003677
9,mobley_4883284,-5.849804,-5.490000,0.359805,0.000243
9,mobley_5220185,-6.683752,-5.450000,1.233752,0.002862
9,mobley_3359593,-6.761940,-5.260000,1.501939,0.004242
9,mobley_4683624,-6.244739,-5.210000,1.034739,0.002013
9,mobley_1636752,-2.861826,-5.100000,2.238173,0.009420
9,mobley_2310185,-4.040127,-5.000000,0.959873,0.001733
9,mobley_3682850,-3.968090,-4.910000,0.941910,0.001668
9,mobley_1363784,-5.678818,-4.840000,0.838818,0.001323
9,mobley_2837389,-4.835443,-4.780000,0.055443,0.000006
9,mobley_9507933,-5.682596,-4.720000,0.962596,0.001742
9,mobley_296847,-4.851961,-4.690000,0.161961,0.000049
9,mobley_8208692,-2.708863,-4.610000,1.901137,0.006797
9,mobley_4884177,-5.273160,-4.590000,0.683160,0.000878
9,mobley_6714389,-4.038418,-4.550000,0.511582,0.000492
9,mobley_2245668,-3.598028,-4.500000,0.901972,0.001530
9,mobley_5973402,-3.995633,-4.420000,0.424367,0.000339
9,mobley_3546460,-4.083237,-4.400000,0.316763,0.000189
9,mobley_8311303,-2.517367,-4.380000,1.862633,0.006524
9,mobley_9741965,-6.906212,-4.290000,2.616212,0.012871
9,mobley_4603202,-5.573735,-4.230000,1.343735,0.003395
9,mobley_628086,-1.766103,-4.160000,2.393896,0.010776
9,mobley_4620651,-4.770851,-4.100000,0.670851,0.000846
9,mobley_7977115,-4.473871,-4.060000,0.413871,0.000322
9,mobley_2789243,-4.227959,-4.010000,0.217958,0.000089
9,mobley_3968739,-4.097486,-3.920000,0.177486,0.000059
9,mobley_63712,-4.704846,-3.880000,0.824846,0.001279
9,mobley_1046331,-4.669498,-3.820000,0.849499,0.001357
9,mobley_1160109,-2.979347,-3.750000,0.770653,0.001117
9,mobley_4149784,-6.755260,-3.670000,3.085260,0.017900
9,mobley_397645,-4.322685,-3.640000,0.682685,0.000876
9,mobley_4690963,-6.944272,-3.540000,3.404272,0.021793
9,mobley_1967551,-2.748372,-3.500000,0.751628,0.001062
9,mobley_6733657,-1.335052,-3.440000,2.104948,0.008332
9,mobley_9565165,-2.205244,-3.350000,1.144756,0.002464
9,mobley_2487143,-2.828989,-3.280000,0.451011,0.000383
9,mobley_8449031,-3.792201,-3.220000,0.572201,0.000616
9,mobley_172879,-5.062974,-3.150000,1.912974,0.006881
9,mobley_5346580,-1.285922,-3.110000,1.824078,0.006257
9,mobley_3573480,-2.752778,-3.040000,0.287222,0.000155
9,mobley_1075836,-4.218337,-2.930000,1.288337,0.003121
9,mobley_6102880,-4.643462,-2.870000,1.773462,0.005914
9,mobley_1827204,-2.696141,-2.810000,0.113859,0.000024
9,mobley_2146331,-1.354831,-2.750000,1.395169,0.003660
9,mobley_7943327,-3.962373,-2.680000,1.282373,0.003092
9,mobley_5110043,-3.122661,-2.630000,0.492661,0.000456
9,mobley_5616693,-2.319699,-2.530000,0.210301,0.000083
9,mobley_6619554,-3.563311,-2.490000,1.073311,0.002166
9,mobley_6359156,-3.801747,-2.460000,1.341747,0.003385
9,mobley_1781152,-3.345684,-2.400000,0.945683,0.001682
9,mobley_859464,-3.575844,-2.360000,1.215844,0.002780
9,mobley_7150646,-2.427774,-2.300000,0.127774,0.000031
9,mobley_1592519,-4.307788,-2.230000,2.077788,0.008118
9,mobley_5538249,-1.591514,-2.160000,0.568487,0.000608
9,mobley_6911232,-2.687200,-2.100000,0.587200,0.000648
9,mobley_3269565,-2.469507,-2.010000,0.459507,0.000397
9,mobley_2484519,-2.447842,-1.930000,0.517842,0.000504
9,mobley_7690440,-3.800362,-1.830000,1.970362,0.007301
9,mobley_3802803,-2.882415,-1.660000,1.222415,0.002810
9,mobley_1144156,-3.093804,-1.590000,1.503804,0.004253
9,mobley_2481002,-3.369450,-1.450000,1.919450,0.006928
9,mobley_2489709,-1.419646,-1.360000,0.059646,0.000007
9,mobley_5052949,-1.610994,-1.280000,0.330994,0.000206
9,mobley_2492140,-2.180680,-1.230000,0.950680,0.001700
9,mobley_7542832,-2.891603,-1.160000,1.731603,0.005638
9,mobley_7814642,-1.933954,-1.120000,0.813954,0.001246
9,mobley_1563176,-1.503932,-0.990000,0.513932,0.000497
9,mobley_1873346,-0.924528,-0.900000,0.024528,0.000001
9,mobley_3040612,-0.903258,-0.850000,0.053258,0.000005
9,mobley_4483973,-2.932970,-0.800000,2.132970,0.008555
9,mobley_9913368,-2.650407,-0.780000,1.870407,0.006579
9,mobley_1449384,-1.191045,-0.680000,0.511045,0.000491
9,mobley_7708038,-0.615173,-0.560000,0.055173,0.000006
9,mobley_8311321,-1.244130,-0.500000,0.744130,0.001041
9,mobley_766666,-1.140227,-0.440000,0.700227,0.000922
9,mobley_5445548,-0.261188,-0.300000,0.038812,0.000003
9,mobley_9029594,-1.947006,-0.220000,1.727006,0.005609
9,mobley_3370989,-2.448107,-0.110000,2.338107,0.010280
9,mobley_627267,-0.520649,-0.030000,0.490649,0.000453
9,mobley_6250025,0.198052,0.080000,0.118052,0.000026
9,mobley_4252724,-0.463254,0.160000,0.623254,0.000730
9,mobley_7157427,-0.646858,0.290000,0.936858,0.001650
9,mobley_8885088,-0.782593,0.560000,1.342593,0.003390
9,mobley_8522124,0.249471,0.710000,0.460529,0.000399
9,mobley_4678740,-2.454157,1.070000,3.524157,0.023355
9,mobley_2689721,-0.469123,1.230000,1.699123,0.005429
9,mobley_1662128,0.141350,1.380000,1.238650,0.002885
9,mobley_4762983,0.630083,1.660000,1.029917,0.001995
9,mobley_7732703,-0.700868,1.790000,2.490868,0.011667
9,mobley_2068538,0.342523,2.000000,1.657477,0.005166
9,mobley_5157661,0.887753,2.300000,1.412247,0.003750
9,mobley_1261349,1.608978,2.510000,0.901022,0.001527
9,mobley_2328633,0.227105,2.550000,2.322895,0.010147
9,mobley_8436428,1.653123,2.830000,1.176877,0.002605
9,mobley_3060426,2.045371,2.930000,0.884629,0.001472
9,mobley_2197088,1.361820,3.160000,1.798180,0.006080
10,mobley_9534740,-20.881975,-25.469999,4.588024,0.039583
10,mobley_6239320,-23.234177,-18.059999,5.174177,0.050344
10,mobley_7794077,-13.607961,-15.460000,1.852039,0.006450
10,mobley_7415647,-11.279984,-11.950000,0.670015,0.000844
10,mobley_1728386,-10.085698,-11.000000,0.914302,0.001572
10,mobley_2269032,-10.948057,-10.210000,0.738057,0.001024
10,mobley_2913224,-7.710136,-9.940000,2.229864,0.009350
10,mobley_2659552,-8.270432,-9.760000,1.489568,0.004172
10,mobley_7176290,-8.444934,-9.620000,1.175066,0.002596
10,mobley_2295058,-9.121635,-9.510000,0.388365,0.000284
10,mobley_6055410,-14.123567,-9.400000,4.723567,0.041957
10,mobley_4639255,-8.552210,-9.300000,0.747790,0.001052
10,mobley_1417007,-4.706053,-9.010000,4.303947,0.034833
10,mobley_6115639,-9.864081,-8.700000,1.164082,0.002548
10,mobley_6353617,-7.407473,-8.260000,0.852527,0.001367
10,mobley_2725215,-7.080258,-7.980000,0.899742,0.001522
10,mobley_7039935,-6.514917,-7.670000,1.155083,0.002509
10,mobley_4059279,-6.380237,-7.580000,1.199763,0.002707
10,mobley_951560,-10.117485,-7.400000,2.717485,0.013887
10,mobley_1922649,-8.712070,-7.190000,1.522069,0.004356
10,mobley_8798016,-8.013865,-7.000000,1.013865,0.001933
10,mobley_1858644,-6.577801,-6.790000,0.212199,0.000085
10,mobley_9114381,-5.840484,-6.720000,0.879516,0.001455
10,mobley_5311804,-5.449934,-6.620000,1.170066,0.002574
10,mobley_6743808,-6.453393,-6.500000,0.046607,0.000004
10,mobley_8789864,-5.554737,-6.400000,0.845263,0.001344
10,mobley_7009711,-6.881302,-6.270000,0.611302,0.000703
10,mobley_8789465,-4.668257,-6.200000,1.531743,0.004412
10,mobley_2923700,-6.652676,-6.130000,0.522676,0.000514
10,mobley_4780078,-5.280622,-6.010000,0.729378,0.001000
10,mobley_5467162,-5.160428,-5.910000,0.749572,0.001057
10,mobley_6257907,-6.300147,-5.820000,0.480147,0.000434
10,mobley_7913234,-5.964659,-5.730000,0.234659,0.000104
10,mobley_5518547,-7.665631,-5.570000,2.095631,0.008258
10,mobley_4883284,-6.977338,-5.490000,1.487338,0.004160
10,mobley_5220185,-5.795289,-5.450000,0.345289,0.000224
10,mobley_3359593,-5.918917,-5.260000,0.658917,0.000816
10,mobley_4683624,-6.354200,-5.210000,1.144200,0.002462
10,mobley_1636752,-2.744957,-5.100000,2.355042,0.010429
10,mobley_2310185,-4.082413,-5.000000,0.917587,0.001583
10,mobley_3682850,-3.358239,-4.910000,1.551760,0.004528
10,mobley_1363784,-5.114415,-4.840000,0.274415,0.000142
10,mobley_2837389,-4.856802,-4.780000,0.076801,0.000011
10,mobley_9507933,-5.367987,-4.720000,0.647987,0.000790
10,mobley_296847,-4.693297,-4.690000,0.003297,0.000000
10,mobley_8208692,-3.296583,-4.610000,1.313417,0.003244
10,mobley_4884177,-5.302218,-4.590000,0.712218,0.000954
10,mobley_6714389,-4.036233,-4.550000,0.513767,0.000496
10,mobley_2245668,-3.145639,-4.500000,1.354361,0.003449
10,mobley_5973402,-3.666567,-4.420000,0.753433,0.001067
10,mobley_3546460,-3.661324,-4.400000,0.738676,0.001026
10,mobley_8311303,-3.040254,-4.380000,1.339746,0.003375
10,mobley_9741965,-5.649688,-4.290000,1.359688,0.003476
10,mobley_4603202,-3.544226,-4.230000,0.685774,0.000884
10,mobley_628086,-1.572129,-4.160000,2.587871,0.012594
10,mobley_4620651,-4.361217,-4.100000,0.261218,0.000128
10,mobley_7977115,-3.901410,-4.060000,0.158590,0.000047
10,mobley_2789243,-4.054290,-4.010000,0.044290,0.000004
10,mobley_3968739,-3.932750,-3.920000,0.012750,0.000000
10,mobley_63712,-3.662884,-3.880000,0.217116,0.000089
10,mobley_1046331,-4.454195,-3.820000,0.634195,0.000756
10,mobley_1160109,-2.271920,-3.750000,1.478080,0.004108
10,mobley_4149784,-4.347599,-3.670000,0.677599,0.000863
10,mobley_397645,-3.912420,-3.640000,0.272420,0.000140
10,mobley_4690963,-5.245256,-3.540000,1.705256,0.005468
10,mobley_1967551,-2.712344,-3.500000,0.787656,0.001167
10,mobley_6733657,-1.278837,-3.440000,2.161163,0.008783
10,mobley_9565165,-3.672724,-3.350000,0.322724,0.000196
10,mobley_2487143,-1.995833,-3.280000,1.284167,0.003101
10,mobley_8449031,-2.844927,-3.220000,0.375073,0.000265
10,mobley_172879,-4.356899,-3.150000,1.206899,0.002739
10,mobley_5346580,-0.498090,-3.110000,2.611910,0.012829
10,mobley_3573480,-1.824814,-3.040000,1.215186,0.002777
10,mobley_1075836,-3.388398,-2.930000,0.458398,0.000395
10,mobley_6102880,-4.778442,-2.870000,1.908442,0.006849
10,mobley_1827204,-1.688241,-2.810000,1.121758,0.002366
10,mobley_2146331,-1.449806,-2.750000,1.300194,0.003179
10,mobley_7943327,-3.284361,-2.680000,0.604361,0.000687
10,mobley_5110043,-3.666992,-2.630000,1.036992,0.002022
10,mobley_5616693,-1.446137,-2.530000,1.083863,0.002209
10,mobley_6619554,-2.851960,-2.490000,0.361960,0.000246
10,mobley_6359156,-2.510562,-2.460000,0.050562,0.000005
10,mobley_1781152,-1.866413,-2.400000,0.533588,0.000535
10,mobley_859464,-2.965914,-2.360000,0.605914,0.000690
10,mobley_7150646,-2.766323,-2.300000,0.466323,0.000409
10,mobley_1592519,-3.500132,-2.230000,1.270132,0.003034
10,mobley_5538249,-1.480507,-2.160000,0.679494,0.000868
10,mobley_6911232,-1.726031,-2.100000,0.373969,0.000263
10,mobley_3269565,-1.384193,-2.010000,0.625807,0.000736
10,mobley_2484519,-2.870580,-1.930000,0.940580,0.001664
10,mobley_7690440,-3.218980,-1.830000,1.388980,0.003628
10,mobley_3802803,-1.837910,-1.660000,0.177910,0.000060
10,mobley_1144156,-1.839388,-1.590000,0.249388,0.000117
10,mobley_2481002,-3.448174,-1.450000,1.998173,0.007508
10,mobley_2489709,-1.760758,-1.360000,0.400758,0.000302
10,mobley_5052949,-0.907338,-1.280000,0.372662,0.000261
10,mobley_2492140,-2.075668,-1.230000,0.845668,0.001345
10,mobley_7542832,-1.340467,-1.160000,0.180467,0.000061
10,mobley_7814642,-1.924476,-1.120000,0.804476,0.001217
10,mobley_1563176,-1.115433,-0.990000,0.125433,0.000030
10,mobley_1873346,-1.171057,-0.900000,0.271057,0.000138
10,mobley_3040612,-1.104320,-0.850000,0.254320,0.000122
10,mobley_4483973,-2.930493,-0.800000,2.130493,0.008535
10,mobley_9913368,-2.418830,-0.780000,1.638830,0.005050
10,mobley_1449384,-0.923425,-0.680000,0.243425,0.000111
10,mobley_7708038,-0.418662,-0.560000,0.141338,0.000038
10,mobley_8311321,-0.723846,-0.500000,0.223846,0.000094
10,mobley_766666,-1.068923,-0.440000,0.628923,0.000744
10,mobley_5445548,-0.332704,-0.300000,0.032704,0.000002
10,mobley_9029594,-1.423746,-0.220000,1.203746,0.002725
10,mobley_3370989,-1.975164,-0.110000,1.865164,0.006542
10,mobley_627267,-0.000014,-0.030000,0.029986,0.000002
10,mobley_6250025,0.585460,0.080000,0.505460,0.000480
10,mobley_4252724,-0.620895,0.160000,0.780895,0.001147
10,mobley_7157427,0.002177,0.290000,0.287823,0.000156
10,mobley_8885088,-0.624462,0.560000,1.184462,0.002638
10,mobley_8522124,0.594478,0.710000,0.115522,0.000025
10,mobley_4678740,-0.386636,1.070000,1.456637,0.003990
10,mobley_2689721,0.048747,1.230000,1.181253,0.002624
10,mobley_1662128,0.640209,1.380000,0.739791,0.001029
10,mobley_4762983,1.337991,1.660000,0.322009,0.000195
10,mobley_7732703,-0.448853,1.790000,2.238853,0.009426
10,mobley_2068538,0.949091,2.000000,1.050909,0.002077
10,mobley_5157661,1.695290,2.300000,0.604710,0.000688
10,mobley_1261349,2.626295,2.510000,0.116295,0.000025
10,mobley_2328633,1.008456,2.550000,1.541543,0.004469
10,mobley_8436428,2.617234,2.830000,0.212765,0.000085
10,mobley_3060426,3.365545,2.930000,0.435545,0.000357
10,mobley_2197088,2.227371,3.160000,0.932630,0.001636
11,mobley_9534740,-21.588964,-25.469999,3.881035,0.028324
11,mobley_6239320,-24.726719,-18.059999,6.666719,0.083577
11,mobley_7794077,-14.563769,-15.460000,0.896231,0.001510
11,mobley_7415647,-10.833964,-11.950000,1.116035,0.002342
11,mobley_1728386,-10.336452,-11.000000,0.663548,0.000828
11,mobley_2269032,-10.524734,-10.210000,0.314734,0.000186
11,mobley_2913224,-7.599180,-9.940000,2.340820,0.010304
11,mobley_2659552,-7.846047,-9.760000,1.913953,0.006889
11,mobley_7176290,-8.518729,-9.620000,1.101271,0.002281
11,mobley_2295058,-8.809258,-9.510000,0.700743,0.000923
11,mobley_6055410,-13.563441,-9.400000,4.163442,0.032596
11,mobley_4639255,-8.874100,-9.300000,0.425900,0.000341
11,mobley_1417007,-5.379716,-9.010000,3.630284,0.024782
11,mobley_6115639,-10.266252,-8.700000,1.566252,0.004613
11,mobley_6353617,-7.020038,-8.260000,1.239963,0.002891
11,mobley_2725215,-9.217346,-7.980000,1.237346,0.002879
11,mobley_7039935,-6.487360,-7.670000,1.182640,0.002630
11,mobley_4059279,-6.461122,-7.580000,1.118878,0.002354
11,mobley_951560,-10.162098,-7.400000,2.762098,0.014346
11,mobley_1922649,-8.175696,-7.190000,0.985696,0.001827
11,mobley_8798016,-7.486539,-7.000000,0.486539,0.000445
11,mobley_1858644,-6.843866,-6.790000,0.053866,0.000005
11,mobley_9114381,-5.689775,-6.720000,1.030224,0.001996
11,mobley_5311804,-5.500354,-6.620000,1.119646,0.002357
11,mobley_6743808,-6.606445,-6.500000,0.106445,0.000021
11,mobley_8789864,-4.803999,-6.400000,1.596001,0.004790
11,mobley_7009711,-7.048132,-6.270000,0.778132,0.001139
11,mobley_8789465,-4.754805,-6.200000,1.445195,0.003927
11,mobley_2923700,-6.728265,-6.130000,0.598265,0.000673
11,mobley_4780078,-5.409996,-6.010000,0.600005,0.000677
11,mobley_5467162,-5.618191,-5.910000,0.291809,0.000160
11,mobley_6257907,-5.577933,-5.820000,0.242067,0.000110
11,mobley_7913234,-6.448210,-5.730000,0.718210,0.000970
11,mobley_5518547,-6.575524,-5.570000,1.005524,0.001901
11,mobley_4883284,-5.959937,-5.490000,0.469937,0.000415
11,mobley_5220185,-5.916295,-5.450000,0.466295,0.000409
11,mobley_3359593,-5.831968,-5.260000,0.571968,0.000615
11,mobley_4683624,-6.644029,-5.210000,1.434029,0.003867
11,mobley_1636752,-2.733169,-5.100000,2.366831,0.010534
11,mobley_2310185,-4.377714,-5.000000,0.622286,0.000728
11,mobley_3682850,-3.821224,-4.910000,1.088776,0.002229
11,mobley_1363784,-5.008893,-4.840000,0.168892,0.000054
11,mobley_2837389,-4.837051,-4.780000,0.057051,0.000006
11,mobley_9507933,-5.285801,-4.720000,0.565802,0.000602
11,mobley_296847,-4.820073,-4.690000,0.130073,0.000032
11,mobley_8208692,-4.104517,-4.610000,0.505484,0.000480
11,mobley_4884177,-4.918571,-4.590000,0.328571,0.000203
11,mobley_6714389,-3.769608,-4.550000,0.780392,0.001145
11,mobley_2245668,-3.662192,-4.500000,0.837808,0.001320
11,mobley_5973402,-4.324792,-4.420000,0.095208,0.000017
11,mobley_3546460,-4.374065,-4.400000,0.025935,0.000001
11,mobley_8311303,-4.774498,-4.380000,0.394498,0.000293
11,mobley_9741965,-5.709157,-4.290000,1.419158,0.003787
11,mobley_4603202,-3.411866,-4.230000,0.818134,0.001259
11,mobley_628086,-2.520811,-4.160000,1.639189,0.005053
11,mobley_4620651,-3.823001,-4.100000,0.276999,0.000144
11,mobley_7977115,-4.680852,-4.060000,0.620852,0.000725
11,mobley_2789243,-3.913939,-4.010000,0.096062,0.000017
11,mobley_3968739,-3.502502,-3.920000,0.417498,0.000328
11,mobley_63712,-3.579678,-3.880000,0.300323,0.000170
11,mobley_1046331,-4.392068,-3.820000,0.572068,0.000615
11,mobley_1160109,-2.851071,-3.750000,0.898929,0.001520
11,mobley_4149784,-3.957464,-3.670000,0.287464,0.000155
11,mobley_397645,-3.467517,-3.640000,0.172483,0.000056
11,mobley_4690963,-4.947173,-3.540000,1.407173,0.003724
11,mobley_1967551,-2.706991,-3.500000,0.793009,0.001183
11,mobley_6733657,-2.405335,-3.440000,1.034665,0.002013
11,mobley_9565165,-3.725217,-3.350000,0.375217,0.000265
11,mobley_2487143,-2.702353,-3.280000,0.577647,0.000627
11,mobley_8449031,-2.916019,-3.220000,0.303981,0.000174
11,mobley_172879,-3.987445,-3.150000,0.837445,0.001319
11,mobley_5346580,-0.924574,-3.110000,2.185426,0.008981
11,mobley_3573480,-2.627085,-3.040000,0.412915,0.000321
11,mobley_1075836,-2.952932,-2.930000,0.022932,0.000001
11,mobley_6102880,-4.469942,-2.870000,1.599942,0.004814
11,mobley_1827204,-2.360234,-2.810000,0.449766,0.000380
11,mobley_2146331,-1.311584,-2.750000,1.438416,0.003891
11,mobley_7943327,-2.733184,-2.680000,0.053184,0.000005
11,mobley_5110043,-3.490717,-2.630000,0.860717,0.001393
11,mobley_5616693,-2.319829,-2.530000,0.210171,0.000083
11,mobley_6619554,-2.546803,-2.490000,0.056803,0.000006
11,mobley_6359156,-2.764781,-2.460000,0.304781,0.000175
11,mobley_1781152,-1.855155,-2.400000,0.544845,0.000558
11,mobley_859464,-2.449393,-2.360000,0.089393,0.000015
11,mobley_7150646,-2.209564,-2.300000,0.090436,0.000015
11,mobley_1592519,-3.418569,-2.230000,1.188569,0.002657
11,mobley_5538249,-1.211051,-2.160000,0.948949,0.001693
11,mobley_6911232,-1.624269,-2.100000,0.475731,0.000426
11,mobley_3269565,-1.144837,-2.010000,0.865163,0.001408
11,mobley_2484519,-2.910662,-1.930000,0.980662,0.001808
11,mobley_7690440,-3.099155,-1.830000,1.269155,0.003029
11,mobley_3802803,-2.141613,-1.660000,0.481613,0.000436
11,mobley_1144156,-1.732275,-1.590000,0.142275,0.000038
11,mobley_2481002,-3.552370,-1.450000,2.102370,0.008312
11,mobley_2489709,-2.549034,-1.360000,1.189034,0.002659
11,mobley_5052949,-1.224726,-1.280000,0.055274,0.000006
11,mobley_2492140,-2.331601,-1.230000,1.101601,0.002282
11,mobley_7542832,-1.596488,-1.160000,0.436488,0.000358
11,mobley_7814642,-2.573123,-1.120000,1.453122,0.003971
11,mobley_1563176,-1.486429,-0.990000,0.496429,0.000463
11,mobley_1873346,-1.182145,-0.900000,0.282145,0.000150
11,mobley_3040612,-1.171635,-0.850000,0.321635,0.000195
11,mobley_4483973,-2.836894,-0.800000,2.036894,0.007802
11,mobley_9913368,-2.062156,-0.780000,1.282156,0.003091
11,mobley_1449384,-1.076572,-0.680000,0.396572,0.000296
11,mobley_7708038,-0.661194,-0.560000,0.101194,0.000019
11,mobley_8311321,-0.808090,-0.500000,0.308090,0.000178
11,mobley_766666,-1.180489,-0.440000,0.740489,0.001031
11,mobley_5445548,-0.593104,-0.300000,0.293104,0.000162
11,mobley_9029594,-0.873363,-0.220000,0.653363,0.000803
11,mobley_3370989,-1.642322,-0.110000,1.532322,0.004415
11,mobley_627267,-0.331478,-0.030000,0.301478,0.000171
11,mobley_6250025,0.095708,0.080000,0.015708,0.000000
11,mobley_4252724,-0.942374,0.160000,1.102374,0.002285
11,mobley_7157427,-0.574056,0.290000,0.864056,0.001404
11,mobley_8885088,-0.891143,0.560000,1.451143,0.003960
11,mobley_8522124,0.078243,0.710000,0.631757,0.000751
11,mobley_4678740,-0.187087,1.070000,1.257087,0.002972
11,mobley_2689721,-0.022233,1.230000,1.252233,0.002949
11,mobley_1662128,0.692128,1.380000,0.687872,0.000890
11,mobley_4762983,1.239452,1.660000,0.420548,0.000333
11,mobley_7732703,-1.016845,1.790000,2.806844,0.014815
11,mobley_2068538,0.775561,2.000000,1.224439,0.002819
11,mobley_5157661,1.385372,2.300000,0.914628,0.001573
11,mobley_1261349,2.099023,2.510000,0.410977,0.000318
11,mobley_2328633,0.368989,2.550000,2.181011,0.008945
11,mobley_8436428,2.071755,2.830000,0.758245,0.001081
11,mobley_3060426,2.543578,2.930000,0.386422,0.000281
11,mobley_2197088,1.773111,3.160000,1.386889,0.003617
12,mobley_9534740,-21.870352,-25.469999,3.599648,0.024366
12,mobley_6239320,-23.086945,-18.059999,5.026945,0.047519
12,mobley_7794077,-13.161256,-15.460000,2.298744,0.009937
12,mobley_7415647,-11.696277,-11.950000,0.253723,0.000121
12,mobley_1728386,-10.176769,-11.000000,0.823231,0.001274
12,mobley_2269032,-10.732805,-10.210000,0.522805,0.000514
12,mobley_2913224,-7.827890,-9.940000,2.112109,0.008389
12,mobley_2659552,-8.334115,-9.760000,1.425885,0.003823
12,mobley_7176290,-9.152381,-9.620000,0.467619,0.000411
12,mobley_2295058,-9.028337,-9.510000,0.481663,0.000436
12,mobley_6055410,-13.833583,-9.400000,4.433583,0.036963
12,mobley_4639255,-8.962030,-9.300000,0.337970,0.000215
12,mobley_1417007,-3.939262,-9.010000,5.070738,0.048351
12,mobley_6115639,-8.861655,-8.700000,0.161655,0.000049
12,mobley_6353617,-7.398592,-8.260000,0.861408,0.001395
12,mobley_2725215,-9.275011,-7.980000,1.295011,0.003154
12,mobley_7039935,-6.647771,-7.670000,1.022229,0.001965
12,mobley_4059279,-6.167356,-7.580000,1.412644,0.003753
12,mobley_951560,-9.505350,-7.400000,2.105350,0.008335
12,mobley_1922649,-8.692245,-7.190000,1.502245,0.004244
12,mobley_8798016,-7.724674,-7.000000,0.724674,0.000988
12,mobley_1858644,-6.898924,-6.790000,0.108924,0.000022
12,mobley_9114381,-5.905835,-6.720000,0.814165,0.001246
12,mobley_5311804,-5.508566,-6.620000,1.111434,0.002323
12,mobley_6743808,-6.643539,-6.500000,0.143539,0.000039
12,mobley_8789864,-5.335545,-6.400000,1.064455,0.002131
12,mobley_7009711,-7.140408,-6.270000,0.870408,0.001425
12,mobley_8789465,-4.742327,-6.200000,1.457673,0.003996
12,mobley_2923700,-6.686028,-6.130000,0.556028,0.000581
12,mobley_4780078,-5.425612,-6.010000,0.584388,0.000642
12,mobley_5467162,-5.650859,-5.910000,0.259141,0.000126
12,mobley_6257907,-6.168641,-5.820000,0.348640,0.000229
12,mobley_7913234,-6.434240,-5.730000,0.704240,0.000933
12,mobley_5518547,-6.584127,-5.570000,1.014127,0.001934
12,mobley_4883284,-5.949916,-5.490000,0.459917,0.000398
12,mobley_5220185,-5.702059,-5.450000,0.252059,0.000119
12,mobley_3359593,-5.964681,-5.260000,0.704681,0.000934
12,mobley_4683624,-6.542991,-5.210000,1.332991,0.003341
12,mobley_1636752,-2.963136,-5.100000,2.136864,0.008587
12,mobley_2310185,-4.576253,-5.000000,0.423747,0.000338
12,mobley_3682850,-3.626350,-4.910000,1.283650,0.003099
12,mobley_1363784,-5.059878,-4.840000,0.219878,0.000091
12,mobley_2837389,-4.720193,-4.780000,0.059807,0.000007
12,mobley_9507933,-5.394902,-4.720000,0.674902,0.000857
12,mobley_296847,-4.789986,-4.690000,0.099986,0.000019
12,mobley_8208692,-3.278235,-4.610000,1.331765,0.003335
12,mobley_4884177,-4.789256,-4.590000,0.199255,0.000075
12,mobley_6714389,-3.924834,-4.550000,0.625166,0.000735
12,mobley_2245668,-3.785718,-4.500000,0.714282,0.000959
12,mobley_5973402,-4.344674,-4.420000,0.075326,0.000011
12,mobley_3546460,-4.365618,-4.400000,0.034382,0.000002
12,mobley_8311303,-3.871535,-4.380000,0.508465,0.000486
12,mobley_9741965,-6.791098,-4.290000,2.501098,0.011763
12,mobley_4603202,-4.175380,-4.230000,0.054620,0.000006
12,mobley_628086,-2.469389,-4.160000,1.690611,0.005375
12,mobley_4620651,-4.028232,-4.100000,0.071768,0.000010
12,mobley_7977115,-4.554922,-4.060000,0.494922,0.000461
12,mobley_2789243,-3.574481,-4.010000,0.435519,0.000357
12,mobley_3968739,-3.604184,-3.920000,0.315816,0.000188
12,mobley_63712,-3.238665,-3.880000,0.641335,0.000773
12,mobley_1046331,-4.371460,-3.820000,0.551461,0.000572
12,mobley_1160109,-2.616136,-3.750000,1.133864,0.002418
12,mobley_4149784,-3.599263,-3.670000,0.070737,0.000009
12,mobley_397645,-3.570217,-3.640000,0.069783,0.000009
12,mobley_4690963,-4.953690,-3.540000,1.413690,0.003758
12,mobley_1967551,-3.075824,-3.500000,0.424176,0.000338
12,mobley_6733657,-1.235893,-3.440000,2.204107,0.009135
12,mobley_9565165,-3.594692,-3.350000,0.244693,0.000113
12,mobley_2487143,-3.168618,-3.280000,0.111382,0.000023
12,mobley_8449031,-2.643043,-3.220000,0.576957,0.000626
12,mobley_172879,-3.668266,-3.150000,0.518266,0.000505
12,mobley_5346580,-1.162759,-3.110000,1.947241,0.007130
12,mobley_3573480,-3.053385,-3.040000,0.013385,0.000000
12,mobley_1075836,-3.068950,-2.930000,0.138950,0.000036
12,mobley_6102880,-4.415864,-2.870000,1.545864,0.004494
12,mobley_1827204,-2.470160,-2.810000,0.339840,0.000217
12,mobley_2146331,-1.519049,-2.750000,1.230951,0.002849
12,mobley_7943327,-2.917180,-2.680000,0.237180,0.000106
12,mobley_5110043,-3.486488,-2.630000,0.856488,0.001379
12,mobley_5616693,-2.095475,-2.530000,0.434525,0.000355
12,mobley_6619554,-2.653867,-2.490000,0.163867,0.000050
12,mobley_6359156,-3.474157,-2.460000,1.014157,0.001934
12,mobley_1781152,-2.275882,-2.400000,0.124119,0.000029
12,mobley_859464,-2.512852,-2.360000,0.152852,0.000044
12,mobley_7150646,-1.969100,-2.300000,0.330899,0.000206
12,mobley_1592519,-3.478902,-2.230000,1.248902,0.002933
12,mobley_5538249,-1.152632,-2.160000,1.007368,0.001908
12,mobley_6911232,-1.714756,-2.100000,0.385244,0.000279
12,mobley_3269565,-1.375587,-2.010000,0.634413,0.000757
12,mobley_2484519,-2.823778,-1.930000,0.893778,0.001502
12,mobley_7690440,-2.685219,-1.830000,0.855219,0.001375
12,mobley_3802803,-2.573017,-1.660000,0.913017,0.001568
12,mobley_1144156,-1.689069,-1.590000,0.099069,0.000018
12,mobley_2481002,-3.448287,-1.450000,1.998287,0.007509
12,mobley_2489709,-2.015693,-1.360000,0.655693,0.000808
12,mobley_5052949,-0.983083,-1.280000,0.296917,0.000166
12,mobley_2492140,-1.300660,-1.230000,0.070660,0.000009
12,mobley_7542832,-1.354039,-1.160000,0.194039,0.000071
12,mobley_7814642,-2.151835,-1.120000,1.031835,0.002002
12,mobley_1563176,-1.507620,-0.990000,0.517620,0.000504
12,mobley_1873346,-1.070686,-0.900000,0.170686,0.000055
12,mobley_3040612,-0.976313,-0.850000,0.126313,0.000030
12,mobley_4483973,-2.728008,-0.800000,1.928008,0.006990
12,mobley_9913368,-2.033751,-0.780000,1.253751,0.002956
12,mobley_1449384,-0.902755,-0.680000,0.222755,0.000093
12,mobley_7708038,-0.631905,-0.560000,0.071905,0.000010
12,mobley_8311321,-0.644175,-0.500000,0.144175,0.000039
12,mobley_766666,-0.987105,-0.440000,0.547105,0.000563
12,mobley_5445548,-0.465197,-0.300000,0.165197,0.000051
12,mobley_9029594,-1.112583,-0.220000,0.892583,0.001498
12,mobley_3370989,-1.752375,-0.110000,1.642375,0.005072
12,mobley_627267,-0.290483,-0.030000,0.260483,0.000128
12,mobley_6250025,0.218477,0.080000,0.138477,0.000036
12,mobley_4252724,-0.755207,0.160000,0.915207,0.001575
12,mobley_7157427,-0.286373,0.290000,0.576373,0.000625
12,mobley_8885088,-0.417239,0.560000,0.977239,0.001796
12,mobley_8522124,0.312190,0.710000,0.397810,0.000298
12,mobley_4678740,-0.252899,1.070000,1.322899,0.003291
12,mobley_2689721,0.232877,1.230000,0.997123,0.001870
12,mobley_1662128,0.808338,1.380000,0.571662,0.000615
12,mobley_4762983,1.489706,1.660000,0.170294,0.000055
12,mobley_7732703,-0.173734,1.790000,1.963734,0.007251
12,mobley_2068538,0.817587,2.000000,1.182413,0.002629
12,mobley_5157661,1.408872,2.300000,0.891128,0.001493
12,mobley_1261349,2.165018,2.510000,0.344982,0.000224
12,mobley_2328633,1.077312,2.550000,1.472688,0.004078
12,mobley_8436428,2.338528,2.830000,0.491472,0.000454
12,mobley_3060426,2.943526,2.930000,0.013526,0.000000
12,mobley_2197088,2.139073,3.160000,1.020927,0.001960
13,mobley_9534740,-20.811687,-25.469999,4.658312,0.040806
13,mobley_6239320,-22.019543,-18.059999,3.959543,0.029482
13,mobley_7794077,-12.561328,-15.460000,2.898672,0.015800
13,mobley_7415647,-10.984360,-11.950000,0.965640,0.001753
13,mobley_1728386,-9.574371,-11.000000,1.425629,0.003822
13,mobley_2269032,-9.739403,-10.210000,0.470597,0.000416
13,mobley_2913224,-7.033557,-9.940000,2.906443,0.015885
13,mobley_2659552,-8.064052,-9.760000,1.695949,0.005409
13,mobley_7176290,-8.348866,-9.620000,1.271134,0.003038
13,mobley_2295058,-8.330310,-9.510000,1.179690,0.002617
13,mobley_6055410,-12.151280,-9.400000,2.751281,0.014234
13,mobley_4639255,-8.853069,-9.300000,0.446931,0.000376
13,mobley_1417007,-4.255140,-9.010000,4.754860,0.042515
13,mobley_6115639,-9.504422,-8.700000,0.804422,0.001217
13,mobley_6353617,-6.817082,-8.260000,1.442918,0.003915
13,mobley_2725215,-9.391803,-7.980000,1.411803,0.003748
13,mobley_7039935,-6.119912,-7.670000,1.550088,0.004518
13,mobley_4059279,-6.210077,-7.580000,1.369923,0.003529
13,mobley_951560,-9.354219,-7.400000,1.954219,0.007181
13,mobley_1922649,-8.724669,-7.190000,1.534669,0.004429
13,mobley_8798016,-7.196236,-7.000000,0.196236,0.000072
13,mobley_1858644,-6.430596,-6.790000,0.359404,0.000243
13,mobley_9114381,-5.645598,-6.720000,1.074402,0.002171
13,mobley_5311804,-5.210549,-6.620000,1.409451,0.003736
13,mobley_6743808,-6.154431,-6.500000,0.345569,0.000225
13,mobley_8789864,-5.583379,-6.400000,0.816621,0.001254
13,mobley_7009711,-6.532785,-6.270000,0.262785,0.000130
13,mobley_8789465,-4.188270,-6.200000,2.011730,0.007610
13,mobley_2923700,-5.998930,-6.130000,0.131071,0.000032
13,mobley_4780078,-4.884605,-6.010000,1.125395,0.002382
13,mobley_5467162,-5.012568,-5.910000,0.897431,0.001514
13,mobley_6257907,-5.127940,-5.820000,0.692060,0.000901
13,mobley_7913234,-5.774611,-5.730000,0.044611,0.000004
13,mobley_5518547,-5.620054,-5.570000,0.050054,0.000005
13,mobley_4883284,-5.157724,-5.490000,0.332275,0.000208
13,mobley_5220185,-5.232759,-5.450000,0.217241,0.000089
13,mobley_3359593,-5.204291,-5.260000,0.055709,0.000006
13,mobley_4683624,-5.810389,-5.210000,0.600389,0.000678
13,mobley_1636752,-3.043984,-5.100000,2.056016,0.007949
13,mobley_2310185,-4.367117,-5.000000,0.632883,0.000753
13,mobley_3682850,-3.246664,-4.910000,1.663336,0.005203
13,mobley_1363784,-4.572355,-4.840000,0.267645,0.000135
13,mobley_2837389,-4.466650,-4.780000,0.313350,0.000185
13,mobley_9507933,-4.830706,-4.720000,0.110706,0.000023
13,mobley_296847,-4.455064,-4.690000,0.234936,0.000104
13,mobley_8208692,-3.409968,-4.610000,1.200032,0.002708
13,mobley_4884177,-4.227055,-4.590000,0.362945,0.000248
13,mobley_6714389,-3.825847,-4.550000,0.724153,0.000986
13,mobley_2245668,-3.615827,-4.500000,0.884173,0.001470
13,mobley_5973402,-3.972464,-4.420000,0.447536,0.000377
13,mobley_3546460,-3.796896,-4.400000,0.603105,0.000684
13,mobley_8311303,-3.804996,-4.380000,0.575004,0.000622
13,mobley_9741965,-5.484632,-4.290000,1.194632,0.002684
13,mobley_4603202,-3.807163,-4.230000,0.422837,0.000336
13,mobley_628086,-2.526953,-4.160000,1.633047,0.005015
13,mobley_4620651,-3.610515,-4.100000,0.489485,0.000451
13,mobley_7977115,-3.799686,-4.060000,0.260314,0.000127
13,mobley_2789243,-3.236546,-4.010000,0.773454,0.001125
13,mobley_3968739,-3.169918,-3.920000,0.750082,0.001058
13,mobley_63712,-2.984891,-3.880000,0.895109,0.001507
13,mobley_1046331,-3.850275,-3.820000,0.030275,0.000002
13,mobley_1160109,-2.044258,-3.750000,1.705742,0.005471
13,mobley_4149784,-2.695486,-3.670000,0.974514,0.001786
13,mobley_397645,-2.956108,-3.640000,0.683892,0.000880
13,mobley_4690963,-4.389055,-3.540000,0.849055,0.001356
13,mobley_1967551,-2.927975,-3.500000,0.572025,0.000615
13,mobley_6733657,-1.244044,-3.440000,2.195956,0.009068
13,mobley_9565165,-3.294389,-3.350000,0.055611,0.000006
13,mobley_2487143,-2.744162,-3.280000,0.535838,0.000540
13,mobley_8449031,-2.305093,-3.220000,0.914907,0.001574
13,mobley_172879,-2.685153,-3.150000,0.464847,0.000406
13,mobley_5346580,-0.947237,-3.110000,2.162763,0.008796
13,mobley_3573480,-2.521827,-3.040000,0.518173,0.000505
13,mobley_1075836,-2.663193,-2.930000,0.266807,0.000134
13,mobley_6102880,-3.758777,-2.870000,0.888777,0.001485
13,mobley_1827204,-2.086194,-2.810000,0.723806,0.000985
13,mobley_2146331,-1.403368,-2.750000,1.346632,0.003410
13,mobley_7943327,-2.370881,-2.680000,0.309119,0.000180
13,mobley_5110043,-2.977119,-2.630000,0.347119,0.000227
13,mobley_5616693,-1.553723,-2.530000,0.976277,0.001792
13,mobley_6619554,-1.839375,-2.490000,0.650625,0.000796
13,mobley_6359156,-2.957635,-2.460000,0.497635,0.000466
13,mobley_1781152,-2.013031,-2.400000,0.386970,0.000282
13,mobley_859464,-1.960801,-2.360000,0.399199,0.000300
13,mobley_7150646,-1.344776,-2.300000,0.955224,0.001716
13,mobley_1592519,-2.561689,-2.230000,0.331689,0.000207
13,mobley_5538249,-0.683120,-2.160000,1.476880,0.004102
13,mobley_6911232,-1.517698,-2.100000,0.582302,0.000638
13,mobley_3269565,-1.147595,-2.010000,0.862405,0.001399
13,mobley_2484519,-2.541348,-1.930000,0.611348,0.000703
13,mobley_7690440,-2.647400,-1.830000,0.817400,0.001256
13,mobley_3802803,-1.540986,-1.660000,0.119014,0.000027
13,mobley_1144156,-1.237013,-1.590000,0.352987,0.000234
13,mobley_2481002,-3.288079,-1.450000,1.838079,0.006353
13,mobley_2489709,-1.641414,-1.360000,0.281414,0.000149
13,mobley_5052949,-0.434834,-1.280000,0.845166,0.001343
13,mobley_2492140,-1.597960,-1.230000,0.367960,0.000255
13,mobley_7542832,-0.775135,-1.160000,0.384865,0.000279
13,mobley_7814642,-1.801531,-1.120000,0.681531,0.000873
13,mobley_1563176,-1.106747,-0.990000,0.116747,0.000026
13,mobley_1873346,-0.803719,-0.900000,0.096281,0.000017
13,mobley_3040612,-0.598615,-0.850000,0.251385,0.000119
13,mobley_4483973,-2.289512,-0.800000,1.489512,0.004172
13,mobley_9913368,-1.733693,-0.780000,0.953693,0.001710
13,mobley_1449384,-0.426104,-0.680000,0.253896,0.000121
13,mobley_7708038,-0.343107,-0.560000,0.216893,0.000088
13,mobley_8311321,-0.473820,-0.500000,0.026180,0.000001
13,mobley_766666,-0.932280,-0.440000,0.492280,0.000456
13,mobley_5445548,-0.185516,-0.300000,0.114484,0.000025
13,mobley_9029594,-1.198988,-0.220000,0.978988,0.001802
13,mobley_3370989,-1.494967,-0.110000,1.384967,0.003607
13,mobley_627267,-0.003076,-0.030000,0.026924,0.000001
13,mobley_6250025,0.715858,0.080000,0.635858,0.000760
13,mobley_4252724,-0.383671,0.160000,0.543671,0.000556
13,mobley_7157427,0.345493,0.290000,0.055493,0.000006
13,mobley_8885088,-0.118977,0.560000,0.678977,0.000867
13,mobley_8522124,0.934148,0.710000,0.224148,0.000094
13,mobley_4678740,0.229093,1.070000,0.840907,0.001330
13,mobley_2689721,0.572804,1.230000,0.657196,0.000812
13,mobley_1662128,1.103602,1.380000,0.276398,0.000144
13,mobley_4762983,2.041281,1.660000,0.381281,0.000273
13,mobley_7732703,-0.170988,1.790000,1.960988,0.007231
13,mobley_2068538,1.080684,2.000000,0.919316,0.001589
13,mobley_5157661,1.657496,2.300000,0.642504,0.000776
13,mobley_1261349,2.400481,2.510000,0.109519,0.000023
13,mobley_2328633,1.775242,2.550000,0.774758,0.001129
13,mobley_8436428,2.742395,2.830000,0.087605,0.000014
13,mobley_3060426,3.422038,2.930000,0.492038,0.000455
13,mobley_2197088,2.912353,3.160000,0.247647,0.000115
14,mobley_9534740,-21.939323,-25.469999,3.530676,0.023441
14,mobley_6239320,-23.759876,-18.059999,5.699877,0.061093
14,mobley_7794077,-13.952427,-15.460000,1.507573,0.004274
14,mobley_7415647,-11.844180,-11.950000,0.105820,0.000021
14,mobley_1728386,-10.377694,-11.000000,0.622306,0.000728
14,mobley_2269032,-10.991877,-10.210000,0.781877,0.001150
14,mobley_2913224,-8.001255,-9.940000,1.938745,0.007068
14,mobley_2659552,-8.765935,-9.760000,0.994065,0.001858
14,mobley_7176290,-8.897148,-9.620000,0.722852,0.000983
14,mobley_2295058,-9.164756,-9.510000,0.345244,0.000224
14,mobley_6055410,-13.646983,-9.400000,4.246984,0.033917
14,mobley_4639255,-9.290074,-9.300000,0.009926,0.000000
14,mobley_1417007,-4.901485,-9.010000,4.108515,0.031742
14,mobley_6115639,-10.546355,-8.700000,1.846355,0.006411
14,mobley_6353617,-7.453757,-8.260000,0.806243,0.001222
14,mobley_2725215,-9.178698,-7.980000,1.198698,0.002702
14,mobley_7039935,-7.004243,-7.670000,0.665757,0.000833
14,mobley_4059279,-5.887015,-7.580000,1.692985,0.005390
14,mobley_951560,-9.128669,-7.400000,1.728669,0.005619
14,mobley_1922649,-9.715741,-7.190000,2.525741,0.011996
14,mobley_8798016,-7.680496,-7.000000,0.680496,0.000871
14,mobley_1858644,-6.971623,-6.790000,0.181623,0.000062
14,mobley_9114381,-5.973203,-6.720000,0.746797,0.001049
14,mobley_5311804,-5.736072,-6.620000,0.883928,0.001469
14,mobley_6743808,-6.774525,-6.500000,0.274525,0.000142
14,mobley_8789864,-6.442292,-6.400000,0.042292,0.000003
14,mobley_7009711,-7.138744,-6.270000,0.868744,0.001419
14,mobley_8789465,-4.729201,-6.200000,1.470798,0.004068
14,mobley_2923700,-6.648832,-6.130000,0.518832,0.000506
14,mobley_4780078,-5.560194,-6.010000,0.449806,0.000380
14,mobley_5467162,-5.779495,-5.910000,0.130505,0.000032
14,mobley_6257907,-6.004049,-5.820000,0.184049,0.000064
14,mobley_7913234,-6.590027,-5.730000,0.860027,0.001391
14,mobley_5518547,-6.346648,-5.570000,0.776648,0.001134
14,mobley_4883284,-5.904154,-5.490000,0.414154,0.000323
14,mobley_5220185,-5.307638,-5.450000,0.142362,0.000038
14,mobley_3359593,-6.235223,-5.260000,0.975223,0.001788
14,mobley_4683624,-6.495127,-5.210000,1.285127,0.003106
14,mobley_1636752,-3.236892,-5.100000,1.863108,0.006527
14,mobley_2310185,-4.749855,-5.000000,0.250145,0.000118
14,mobley_3682850,-3.763740,-4.910000,1.146260,0.002471
14,mobley_1363784,-4.890766,-4.840000,0.050766,0.000005
14,mobley_2837389,-4.716140,-4.780000,0.063860,0.000008
14,mobley_9507933,-5.133268,-4.720000,0.413269,0.000321
14,mobley_296847,-4.708100,-4.690000,0.018100,0.000001
14,mobley_8208692,-2.774103,-4.610000,1.835897,0.006338
14,mobley_4884177,-4.604640,-4.590000,0.014640,0.000000
14,mobley_6714389,-4.195412,-4.550000,0.354588,0.000236
14,mobley_2245668,-4.181643,-4.500000,0.318357,0.000191
14,mobley_5973402,-4.557049,-4.420000,0.137049,0.000035
14,mobley_3546460,-4.404373,-4.400000,0.004373,0.000000
14,mobley_8311303,-3.351499,-4.380000,1.028501,0.001989
14,mobley_9741965,-6.081886,-4.290000,1.791886,0.006038
14,mobley_4603202,-4.105282,-4.230000,0.124718,0.000029
14,mobley_628086,-3.241346,-4.160000,0.918654,0.001587
14,mobley_4620651,-3.883456,-4.100000,0.216544,0.000088
14,mobley_7977115,-4.530643,-4.060000,0.470644,0.000417
14,mobley_2789243,-3.375159,-4.010000,0.634842,0.000758
14,mobley_3968739,-3.765215,-3.920000,0.154785,0.000045
14,mobley_63712,-3.313165,-3.880000,0.566835,0.000604
14,mobley_1046331,-4.326460,-3.820000,0.506460,0.000482
14,mobley_1160109,-2.684660,-3.750000,1.065340,0.002134
14,mobley_4149784,-2.686405,-3.670000,0.983595,0.001819
14,mobley_397645,-3.805637,-3.640000,0.165637,0.000052
14,mobley_4690963,-4.853049,-3.540000,1.313049,0.003242
14,mobley_1967551,-3.153541,-3.500000,0.346459,0.000226
14,mobley_6733657,-1.990851,-3.440000,1.449149,0.003949
14,mobley_9565165,-3.840836,-3.350000,0.490836,0.000453
14,mobley_2487143,-3.238323,-3.280000,0.041677,0.000003
14,mobley_8449031,-2.928812,-3.220000,0.291188,0.000159
14,mobley_172879,-3.256516,-3.150000,0.106516,0.000021
14,mobley_5346580,-1.328878,-3.110000,1.781122,0.005966
14,mobley_3573480,-3.072686,-3.040000,0.032686,0.000002
14,mobley_1075836,-3.006605,-2.930000,0.076605,0.000011
14,mobley_6102880,-4.500145,-2.870000,1.630145,0.004997
14,mobley_1827204,-2.514969,-2.810000,0.295031,0.000164
14,mobley_2146331,-1.530900,-2.750000,1.219100,0.002795
14,mobley_7943327,-2.942079,-2.680000,0.262079,0.000129
14,mobley_5110043,-3.315649,-2.630000,0.685649,0.000884
14,mobley_5616693,-2.383471,-2.530000,0.146529,0.000040
14,mobley_6619554,-2.404649,-2.490000,0.085351,0.000014
14,mobley_6359156,-3.650527,-2.460000,1.190526,0.002665
14,mobley_1781152,-2.283913,-2.400000,0.116087,0.000025
14,mobley_859464,-2.564300,-2.360000,0.204300,0.000078
14,mobley_7150646,-1.915352,-2.300000,0.384648,0.000278
14,mobley_1592519,-3.276859,-2.230000,1.046859,0.002061
14,mobley_5538249,-1.270183,-2.160000,0.889817,0.001489
14,mobley_6911232,-1.816334,-2.100000,0.283666,0.000151
14,mobley_3269565,-1.575816,-2.010000,0.434184,0.000354
14,mobley_2484519,-3.024560,-1.930000,1.094560,0.002253
14,mobley_7690440,-2.937084,-1.830000,1.107084,0.002305
14,mobley_3802803,-2.111521,-1.660000,0.451521,0.000383
14,mobley_1144156,-1.702798,-1.590000,0.112797,0.000024
14,mobley_2481002,-3.289876,-1.450000,1.839876,0.006366
14,mobley_2489709,-1.355480,-1.360000,0.004520,0.000000
14,mobley_5052949,-0.943059,-1.280000,0.336941,0.000213
14,mobley_2492140,-1.693039,-1.230000,0.463039,0.000403
14,mobley_7542832,-1.403609,-1.160000,0.243609,0.000112
14,mobley_7814642,-1.766865,-1.120000,0.646865,0.000787
14,mobley_1563176,-1.485649,-0.990000,0.495649,0.000462
14,mobley_1873346,-1.020551,-0.900000,0.120551,0.000027
14,mobley_3040612,-0.984452,-0.850000,0.134452,0.000034
14,mobley_4483973,-2.616566,-0.800000,1.816566,0.006205
14,mobley_9913368,-2.106022,-0.780000,1.326022,0.003306
14,mobley_1449384,-0.809978,-0.680000,0.129978,0.000032
14,mobley_7708038,-0.704498,-0.560000,0.144498,0.000039
14,mobley_8311321,-0.483989,-0.500000,0.016011,0.000000
14,mobley_766666,-0.933649,-0.440000,0.493649,0.000458
14,mobley_5445548,-0.599330,-0.300000,0.299330,0.000168
14,mobley_9029594,-1.130775,-0.220000,0.910775,0.001560
14,mobley_3370989,-1.794530,-0.110000,1.684530,0.005336
14,mobley_627267,-0.410412,-0.030000,0.380412,0.000272
14,mobley_6250025,0.323809,0.080000,0.243809,0.000112
14,mobley_4252724,-0.870830,0.160000,1.030830,0.001998
14,mobley_7157427,-0.110460,0.290000,0.400460,0.000302
14,mobley_8885088,-0.352002,0.560000,0.912002,0.001564
14,mobley_8522124,0.598837,0.710000,0.111163,0.000023
14,mobley_4678740,-0.078337,1.070000,1.148337,0.002480
14,mobley_2689721,0.236371,1.230000,0.993629,0.001857
14,mobley_1662128,0.877648,1.380000,0.502352,0.000475
14,mobley_4762983,1.689165,1.660000,0.029165,0.000002
14,mobley_7732703,-0.139772,1.790000,1.929772,0.007003
14,mobley_2068538,0.837259,2.000000,1.162741,0.002542
14,mobley_5157661,1.415914,2.300000,0.884086,0.001470
14,mobley_1261349,2.264416,2.510000,0.245584,0.000113
14,mobley_2328633,1.275394,2.550000,1.274606,0.003055
14,mobley_8436428,2.347257,2.830000,0.482743,0.000438
14,mobley_3060426,3.037602,2.930000,0.107602,0.000022
14,mobley_2197088,2.372050,3.160000,0.787950,0.001168
15,mobley_9534740,-21.620710,-25.469999,3.849289,0.027863
15,mobley_6239320,-23.159101,-18.059999,5.099102,0.048893
15,mobley_7794077,-13.870512,-15.460000,1.589488,0.004751
15,mobley_7415647,-12.601122,-11.950000,0.651122,0.000797
15,mobley_1728386,-9.965007,-11.000000,1.034993,0.002014
15,mobley_2269032,-9.744261,-10.210000,0.465739,0.000408
15,mobley_2913224,-7.249329,-9.940000,2.690670,0.013614
15,mobley_2659552,-9.008226,-9.760000,0.751774,0.001063
15,mobley_7176290,-8.924294,-9.620000,0.695705,0.000910
15,mobley_2295058,-8.699516,-9.510000,0.810484,0.001235
15,mobley_6055410,-12.379333,-9.400000,2.979333,0.016692
15,mobley_4639255,-9.466937,-9.300000,0.166937,0.000052
15,mobley_1417007,-4.643979,-9.010000,4.366022,0.035845
15,mobley_6115639,-11.254417,-8.700000,2.554418,0.012270
15,mobley_6353617,-7.299454,-8.260000,0.960546,0.001735
15,mobley_2725215,-9.221851,-7.980000,1.241851,0.002900
15,mobley_7039935,-6.213944,-7.670000,1.456056,0.003987
15,mobley_4059279,-6.847446,-7.580000,0.732553,0.001009
15,mobley_951560,-9.883893,-7.400000,2.483893,0.011602
15,mobley_1922649,-9.460382,-7.190000,2.270382,0.009693
15,mobley_8798016,-7.590837,-7.000000,0.590837,0.000656
15,mobley_1858644,-6.510679,-6.790000,0.279321,0.000147
15,mobley_9114381,-5.914511,-6.720000,0.805489,0.001220
15,mobley_5311804,-5.380544,-6.620000,1.239456,0.002889
15,mobley_6743808,-6.260900,-6.500000,0.239100,0.000108
15,mobley_8789864,-6.457165,-6.400000,0.057165,0.000006
15,mobley_7009711,-6.550811,-6.270000,0.280811,0.000148
15,mobley_8789465,-4.277493,-6.200000,1.922506,0.006950
15,mobley_2923700,-5.951355,-6.130000,0.178645,0.000060
15,mobley_4780078,-4.983484,-6.010000,1.026516,0.001982
15,mobley_5467162,-5.005569,-5.910000,0.904431,0.001538
15,mobley_6257907,-5.593031,-5.820000,0.226969,0.000097
15,mobley_7913234,-6.410035,-5.730000,0.680035,0.000870
15,mobley_5518547,-5.743056,-5.570000,0.173056,0.000056
15,mobley_4883284,-5.425810,-5.490000,0.064189,0.000008
15,mobley_5220185,-5.403834,-5.450000,0.046166,0.000004
15,mobley_3359593,-5.445885,-5.260000,0.185884,0.000065
15,mobley_4683624,-5.708764,-5.210000,0.498764,0.000468
15,mobley_1636752,-3.507979,-5.100000,1.592021,0.004766
15,mobley_2310185,-4.729829,-5.000000,0.270171,0.000137
15,mobley_3682850,-3.578571,-4.910000,1.331429,0.003333
15,mobley_1363784,-4.552497,-4.840000,0.287503,0.000155
15,mobley_2837389,-4.460242,-4.780000,0.319758,0.000192
15,mobley_9507933,-4.842444,-4.720000,0.122445,0.000028
15,mobley_296847,-4.620873,-4.690000,0.069127,0.000009
15,mobley_8208692,-3.276567,-4.610000,1.333434,0.003344
15,mobley_4884177,-4.261934,-4.590000,0.328066,0.000202
15,mobley_6714389,-4.352804,-4.550000,0.197196,0.000073
15,mobley_2245668,-3.972564,-4.500000,0.527436,0.000523
15,mobley_5973402,-4.220329,-4.420000,0.199671,0.000075
15,mobley_3546460,-4.086631,-4.400000,0.313369,0.000185
15,mobley_8311303,-3.625938,-4.380000,0.754062,0.001069
15,mobley_9741965,-6.770141,-4.290000,2.480141,0.011567
15,mobley_4603202,-4.404105,-4.230000,0.174105,0.000057
15,mobley_628086,-3.530864,-4.160000,0.629135,0.000744
15,mobley_4620651,-3.726653,-4.100000,0.373347,0.000262
15,mobley_7977115,-3.896988,-4.060000,0.163012,0.000050
15,mobley_2789243,-3.496108,-4.010000,0.513893,0.000497
15,mobley_3968739,-3.450817,-3.920000,0.469183,0.000414
15,mobley_63712,-3.424560,-3.880000,0.455440,0.000390
15,mobley_1046331,-3.892574,-3.820000,0.072574,0.000010
15,mobley_1160109,-2.129974,-3.750000,1.620026,0.004935
15,mobley_4149784,-2.429337,-3.670000,1.240663,0.002894
15,mobley_397645,-3.459706,-3.640000,0.180295,0.000061
15,mobley_4690963,-4.889013,-3.540000,1.349013,0.003422
15,mobley_1967551,-3.134106,-3.500000,0.365894,0.000252
15,mobley_6733657,-1.660247,-3.440000,1.779753,0.005956
15,mobley_9565165,-2.998724,-3.350000,0.351276,0.000232
15,mobley_2487143,-2.946960,-3.280000,0.333040,0.000209
15,mobley_8449031,-2.800564,-3.220000,0.419436,0.000331
15,mobley_172879,-2.511494,-3.150000,0.638506,0.000767
15,mobley_5346580,-0.926568,-3.110000,2.183432,0.008965
15,mobley_3573480,-2.702814,-3.040000,0.337186,0.000214
15,mobley_1075836,-2.847817,-2.930000,0.082183,0.000013
15,mobley_6102880,-3.566978,-2.870000,0.696978,0.000913
15,mobley_1827204,-2.181156,-2.810000,0.628844,0.000744
15,mobley_2146331,-1.576600,-2.750000,1.173400,0.002589
15,mobley_7943327,-2.716644,-2.680000,0.036644,0.000003
15,mobley_5110043,-2.420504,-2.630000,0.209496,0.000083
15,mobley_5616693,-1.678344,-2.530000,0.851655,0.001364
15,mobley_6619554,-2.111787,-2.490000,0.378213,0.000269
15,mobley_6359156,-2.942415,-2.460000,0.482415,0.000438
15,mobley_1781152,-1.936129,-2.400000,0.463871,0.000405
15,mobley_859464,-2.227540,-2.360000,0.132460,0.000033
15,mobley_7150646,-1.581040,-2.300000,0.718960,0.000972
15,mobley_1592519,-2.848337,-2.230000,0.618337,0.000719
15,mobley_5538249,-0.970760,-2.160000,1.189240,0.002660
15,mobley_6911232,-1.777524,-2.100000,0.322476,0.000196
15,mobley_3269565,-1.304156,-2.010000,0.705844,0.000937
15,mobley_2484519,-2.604758,-1.930000,0.674758,0.000856
15,mobley_7690440,-3.279655,-1.830000,1.449655,0.003952
15,mobley_3802803,-2.224072,-1.660000,0.564072,0.000598
15,mobley_1144156,-1.627669,-1.590000,0.037669,0.000003
15,mobley_2481002,-3.399992,-1.450000,1.949992,0.007150
15,mobley_2489709,-1.733109,-1.360000,0.373109,0.000262
15,mobley_5052949,-0.480863,-1.280000,0.799137,0.001201
15,mobley_2492140,-1.861851,-1.230000,0.631851,0.000751
15,mobley_7542832,-1.147094,-1.160000,0.012906,0.000000
15,mobley_7814642,-1.923484,-1.120000,0.803484,0.001214
15,mobley_1563176,-0.960956,-0.990000,0.029044,0.000002
15,mobley_1873346,-0.574232,-0.900000,0.325768,0.000200
15,mobley_3040612,-0.359434,-0.850000,0.490566,0.000453
15,mobley_4483973,-2.176116,-0.800000,1.376116,0.003561
15,mobley_9913368,-2.270950,-0.780000,1.490950,0.004180
15,mobley_1449384,-0.031108,-0.680000,0.648892,0.000792
15,mobley_7708038,-0.473643,-0.560000,0.086357,0.000014
15,mobley_8311321,-0.557636,-0.500000,0.057636,0.000006
15,mobley_766666,-0.961126,-0.440000,0.521126,0.000511
15,mobley_5445548,0.017890,-0.300000,0.317890,0.000190
15,mobley_9029594,-1.449888,-0.220000,1.229888,0.002844
15,mobley_3370989,-1.836663,-0.110000,1.726663,0.005606
15,mobley_627267,-0.035089,-0.030000,0.005089,0.000000
15,mobley_6250025,0.772349,0.080000,0.692349,0.000901
15,mobley_4252724,-0.152406,0.160000,0.312406,0.000184
15,mobley_7157427,0.339037,0.290000,0.049037,0.000005
15,mobley_8885088,-0.047934,0.560000,0.607934,0.000695
15,mobley_8522124,1.101933,0.710000,0.391933,0.000289
15,mobley_4678740,0.198599,1.070000,0.871401,0.001428
15,mobley_2689721,0.589618,1.230000,0.640382,0.000771
15,mobley_1662128,1.267712,1.380000,0.112288,0.000024
15,mobley_4762983,2.250467,1.660000,0.590467,0.000656
15,mobley_7732703,-0.227992,1.790000,2.017992,0.007658
15,mobley_2068538,1.178166,2.000000,0.821834,0.001270
15,mobley_5157661,1.855227,2.300000,0.444773,0.000372
15,mobley_1261349,2.723073,2.510000,0.213073,0.000085
15,mobley_2328633,1.952936,2.550000,0.597064,0.000670
15,mobley_8436428,2.896810,2.830000,0.066810,0.000008
15,mobley_3060426,3.766753,2.930000,0.836753,0.001317
15,mobley_2197088,3.119824,3.160000,0.040176,0.000003
16,mobley_9534740,-21.476398,-25.469999,3.993601,0.029991
16,mobley_6239320,-24.322613,-18.059999,6.262613,0.073752
16,mobley_7794077,-14.718215,-15.460000,0.741785,0.001035
16,mobley_7415647,-12.184805,-11.950000,0.234805,0.000104
16,mobley_1728386,-10.091607,-11.000000,0.908393,0.001552
16,mobley_2269032,-9.627538,-10.210000,0.582462,0.000638
16,mobley_2913224,-7.323471,-9.940000,2.616529,0.012874
16,mobley_2659552,-8.446139,-9.760000,1.313861,0.003246
16,mobley_7176290,-8.986058,-9.620000,0.633942,0.000756
16,mobley_2295058,-8.433901,-9.510000,1.076099,0.002178
16,mobley_6055410,-12.307699,-9.400000,2.907700,0.015899
16,mobley_4639255,-9.271080,-9.300000,0.028920,0.000002
16,mobley_1417007,-4.714217,-9.010000,4.295784,0.034701
16,mobley_6115639,-9.880359,-8.700000,1.180359,0.002620
16,mobley_6353617,-7.048257,-8.260000,1.211743,0.002761
16,mobley_2725215,-8.902665,-7.980000,0.922665,0.001601
16,mobley_7039935,-6.198204,-7.670000,1.471797,0.004073
16,mobley_4059279,-6.392108,-7.580000,1.187892,0.002653
16,mobley_951560,-9.649579,-7.400000,2.249579,0.009516
16,mobley_1922649,-9.243562,-7.190000,2.053562,0.007930
16,mobley_8798016,-7.329866,-7.000000,0.329866,0.000205
16,mobley_1858644,-6.456690,-6.790000,0.333310,0.000209
16,mobley_9114381,-5.629779,-6.720000,1.090220,0.002235
16,mobley_5311804,-5.295012,-6.620000,1.324987,0.003301
16,mobley_6743808,-6.094385,-6.500000,0.405615,0.000309
16,mobley_8789864,-5.726819,-6.400000,0.673181,0.000852
16,mobley_7009711,-6.361400,-6.270000,0.091400,0.000016
16,mobley_8789465,-4.261616,-6.200000,1.938384,0.007065
16,mobley_2923700,-5.897229,-6.130000,0.232771,0.000102
16,mobley_4780078,-4.773418,-6.010000,1.236582,0.002875
16,mobley_5467162,-5.012716,-5.910000,0.897284,0.001514
16,mobley_6257907,-5.874896,-5.820000,0.054895,0.000006
16,mobley_7913234,-6.294638,-5.730000,0.564638,0.000600
16,mobley_5518547,-5.541574,-5.570000,0.028426,0.000002
16,mobley_4883284,-5.338429,-5.490000,0.151571,0.000043
16,mobley_5220185,-5.223836,-5.450000,0.226163,0.000096
16,mobley_3359593,-5.221175,-5.260000,0.038825,0.000003
16,mobley_4683624,-5.700804,-5.210000,0.490804,0.000453
16,mobley_1636752,-3.247892,-5.100000,1.852108,0.006451
16,mobley_2310185,-4.579912,-5.000000,0.420088,0.000332
16,mobley_3682850,-3.765488,-4.910000,1.144512,0.002463
16,mobley_1363784,-4.329260,-4.840000,0.510740,0.000491
16,mobley_2837389,-4.299035,-4.780000,0.480966,0.000435
16,mobley_9507933,-4.531340,-4.720000,0.188660,0.000067
16,mobley_296847,-4.385100,-4.690000,0.304900,0.000175
16,mobley_8208692,-3.391500,-4.610000,1.218500,0.002792
16,mobley_4884177,-4.147796,-4.590000,0.442204,0.000368
16,mobley_6714389,-4.010196,-4.550000,0.539804,0.000548
16,mobley_2245668,-3.981122,-4.500000,0.518878,0.000506
16,mobley_5973402,-4.289685,-4.420000,0.130315,0.000032
16,mobley_3546460,-4.154541,-4.400000,0.245459,0.000113
16,mobley_8311303,-3.817983,-4.380000,0.562017,0.000594
16,mobley_9741965,-6.413153,-4.290000,2.123153,0.008477
16,mobley_4603202,-4.587982,-4.230000,0.357982,0.000241
16,mobley_628086,-3.730356,-4.160000,0.429643,0.000347
16,mobley_4620651,-3.662105,-4.100000,0.437895,0.000361
16,mobley_7977115,-3.933919,-4.060000,0.126081,0.000030
16,mobley_2789243,-3.544637,-4.010000,0.465363,0.000407
16,mobley_3968739,-3.281847,-3.920000,0.638153,0.000766
16,mobley_63712,-3.313216,-3.880000,0.566784,0.000604
16,mobley_1046331,-3.810115,-3.820000,0.009885,0.000000
16,mobley_1160109,-2.409694,-3.750000,1.340306,0.003378
16,mobley_4149784,-3.558409,-3.670000,0.111591,0.000023
16,mobley_397645,-3.398275,-3.640000,0.241725,0.000110
16,mobley_4690963,-4.855367,-3.540000,1.315367,0.003254
16,mobley_1967551,-3.030440,-3.500000,0.469560,0.000415
16,mobley_6733657,-1.975327,-3.440000,1.464673,0.004034
16,mobley_9565165,-2.906481,-3.350000,0.443519,0.000370
16,mobley_2487143,-3.087546,-3.280000,0.192454,0.000070
16,mobley_8449031,-2.747607,-3.220000,0.472393,0.000420
16,mobley_172879,-2.670598,-3.150000,0.479403,0.000432
16,mobley_5346580,-0.969331,-3.110000,2.140669,0.008617
16,mobley_3573480,-2.870724,-3.040000,0.169276,0.000054
16,mobley_1075836,-2.673032,-2.930000,0.256968,0.000124
16,mobley_6102880,-3.607004,-2.870000,0.737004,0.001021
16,mobley_1827204,-2.382345,-2.810000,0.427655,0.000344
16,mobley_2146331,-1.519765,-2.750000,1.230235,0.002846
16,mobley_7943327,-2.692918,-2.680000,0.012918,0.000000
16,mobley_5110043,-2.240746,-2.630000,0.389254,0.000285
16,mobley_5616693,-2.012860,-2.530000,0.517140,0.000503
16,mobley_6619554,-2.171582,-2.490000,0.318418,0.000191
16,mobley_6359156,-3.548270,-2.460000,1.088270,0.002227
16,mobley_1781152,-1.862672,-2.400000,0.537328,0.000543
16,mobley_859464,-2.213017,-2.360000,0.146983,0.000041
16,mobley_7150646,-1.548190,-2.300000,0.751810,0.001063
16,mobley_1592519,-3.004891,-2.230000,0.774891,0.001129
16,mobley_5538249,-1.427378,-2.160000,0.732622,0.001009
16,mobley_6911232,-1.626188,-2.100000,0.473812,0.000422
16,mobley_3269565,-1.166669,-2.010000,0.843331,0.001337
16,mobley_2484519,-2.684654,-1.930000,0.754654,0.001071
16,mobley_7690440,-2.924196,-1.830000,1.094196,0.002251
16,mobley_3802803,-1.975194,-1.660000,0.315194,0.000187
16,mobley_1144156,-1.565665,-1.590000,0.024335,0.000001
16,mobley_2481002,-3.165988,-1.450000,1.715988,0.005537
16,mobley_2489709,-2.032605,-1.360000,0.672605,0.000851
16,mobley_5052949,-0.577021,-1.280000,0.702979,0.000929
16,mobley_2492140,-1.609734,-1.230000,0.379734,0.000271
16,mobley_7542832,-1.258949,-1.160000,0.098949,0.000018
16,mobley_7814642,-2.080308,-1.120000,0.960308,0.001734
16,mobley_1563176,-1.071499,-0.990000,0.081499,0.000012
16,mobley_1873346,-0.491189,-0.900000,0.408811,0.000314
16,mobley_3040612,-0.350785,-0.850000,0.499215,0.000469
16,mobley_4483973,-2.078102,-0.800000,1.278102,0.003072
16,mobley_9913368,-2.222318,-0.780000,1.442318,0.003912
16,mobley_1449384,-0.060141,-0.680000,0.619859,0.000723
16,mobley_7708038,-0.592702,-0.560000,0.032702,0.000002
16,mobley_8311321,-0.409749,-0.500000,0.090251,0.000015
16,mobley_766666,-0.859425,-0.440000,0.419425,0.000331
16,mobley_5445548,-0.105973,-0.300000,0.194027,0.000071
16,mobley_9029594,-1.090418,-0.220000,0.870418,0.001425
16,mobley_3370989,-1.701295,-0.110000,1.591295,0.004762
16,mobley_627267,-0.165461,-0.030000,0.135461,0.000035
16,mobley_6250025,0.557237,0.080000,0.477237,0.000428
16,mobley_4252724,-0.272961,0.160000,0.432961,0.000353
16,mobley_7157427,0.122596,0.290000,0.167404,0.000053
16,mobley_8885088,-0.136517,0.560000,0.696517,0.000912
16,mobley_8522124,0.920242,0.710000,0.210242,0.000083
16,mobley_4678740,-0.169866,1.070000,1.239866,0.002891
16,mobley_2689721,0.422825,1.230000,0.807175,0.001225
16,mobley_1662128,1.155855,1.380000,0.224145,0.000094
16,mobley_4762983,2.001479,1.660000,0.341479,0.000219
16,mobley_7732703,-0.158573,1.790000,1.948573,0.007140
16,mobley_2068538,1.134225,2.000000,0.865775,0.001410
16,mobley_5157661,1.752533,2.300000,0.547467,0.000564
16,mobley_1261349,2.603952,2.510000,0.093952,0.000017
16,mobley_2328633,1.703093,2.550000,0.846907,0.001349
16,mobley_8436428,2.718144,2.830000,0.111856,0.000024
16,mobley_3060426,3.486151,2.930000,0.556151,0.000582
16,mobley_2197088,2.879942,3.160000,0.280058,0.000147
17,mobley_9534740,-21.596622,-25.469999,3.873377,0.028213
17,mobley_6239320,-21.848478,-18.059999,3.788479,0.026989
17,mobley_7794077,-13.543639,-15.460000,1.916361,0.006906
17,mobley_7415647,-12.753477,-11.950000,0.803477,0.001214
17,mobley_1728386,-9.826292,-11.000000,1.173708,0.002590
17,mobley_2269032,-10.056151,-10.210000,0.153849,0.000045
17,mobley_2913224,-7.366302,-9.940000,2.573697,0.012456
17,mobley_2659552,-9.363265,-9.760000,0.396735,0.000296
17,mobley_7176290,-8.934873,-9.620000,0.685127,0.000883
17,mobley_2295058,-8.783892,-9.510000,0.726109,0.000991
17,mobley_6055410,-12.386782,-9.400000,2.986782,0.016775
17,mobley_4639255,-9.528119,-9.300000,0.228119,0.000098
17,mobley_1417007,-4.923630,-9.010000,4.086370,0.031401
17,mobley_6115639,-10.611614,-8.700000,1.911614,0.006872
17,mobley_6353617,-7.493437,-8.260000,0.766563,0.001105
17,mobley_2725215,-8.517860,-7.980000,0.537860,0.000544
17,mobley_7039935,-6.565885,-7.670000,1.104115,0.002292
17,mobley_4059279,-6.557996,-7.580000,1.022004,0.001964
17,mobley_951560,-9.878007,-7.400000,2.478007,0.011547
17,mobley_1922649,-9.672410,-7.190000,2.482410,0.011588
17,mobley_8798016,-7.687126,-7.000000,0.687126,0.000888
17,mobley_1858644,-6.697147,-6.790000,0.092853,0.000016
17,mobley_9114381,-5.807833,-6.720000,0.912167,0.001565
17,mobley_5311804,-5.584882,-6.620000,1.035118,0.002015
17,mobley_6743808,-6.509427,-6.500000,0.009427,0.000000
17,mobley_8789864,-6.060433,-6.400000,0.339567,0.000217
17,mobley_7009711,-6.798024,-6.270000,0.528024,0.000524
17,mobley_8789465,-4.469753,-6.200000,1.730247,0.005630
17,mobley_2923700,-6.161888,-6.130000,0.031888,0.000002
17,mobley_4780078,-5.258865,-6.010000,0.751135,0.001061
17,mobley_5467162,-5.411465,-5.910000,0.498535,0.000467
17,mobley_6257907,-5.760923,-5.820000,0.059077,0.000007
17,mobley_7913234,-6.426810,-5.730000,0.696810,0.000913
17,mobley_5518547,-5.869188,-5.570000,0.299188,0.000168
17,mobley_4883284,-5.551522,-5.490000,0.061522,0.000007
17,mobley_5220185,-5.299929,-5.450000,0.150071,0.000042
17,mobley_3359593,-5.529997,-5.260000,0.269997,0.000137
17,mobley_4683624,-5.921301,-5.210000,0.711301,0.000951
17,mobley_1636752,-3.526205,-5.100000,1.573795,0.004658
17,mobley_2310185,-4.761480,-5.000000,0.238520,0.000107
17,mobley_3682850,-3.777363,-4.910000,1.132637,0.002412
17,mobley_1363784,-4.833613,-4.840000,0.006387,0.000000
17,mobley_2837389,-4.477861,-4.780000,0.302139,0.000172
17,mobley_9507933,-5.017206,-4.720000,0.297206,0.000166
17,mobley_296847,-4.704282,-4.690000,0.014282,0.000000
17,mobley_8208692,-2.545138,-4.610000,2.064862,0.008018
17,mobley_4884177,-4.472374,-4.590000,0.117626,0.000026
17,mobley_6714389,-4.259822,-4.550000,0.290178,0.000158
17,mobley_2245668,-4.262482,-4.500000,0.237518,0.000106
17,mobley_5973402,-4.483972,-4.420000,0.063972,0.000008
17,mobley_3546460,-4.287651,-4.400000,0.112350,0.000024
17,mobley_8311303,-2.946727,-4.380000,1.433273,0.003863
17,mobley_9741965,-6.135615,-4.290000,1.845615,0.006405
17,mobley_4603202,-4.726802,-4.230000,0.496802,0.000464
17,mobley_628086,-3.794801,-4.160000,0.365199,0.000251
17,mobley_4620651,-3.719234,-4.100000,0.380766,0.000273
17,mobley_7977115,-4.046451,-4.060000,0.013549,0.000000
17,mobley_2789243,-3.343400,-4.010000,0.666600,0.000836
17,mobley_3968739,-3.545961,-3.920000,0.374039,0.000263
17,mobley_63712,-3.394472,-3.880000,0.485528,0.000443
17,mobley_1046331,-3.927300,-3.820000,0.107301,0.000022
17,mobley_1160109,-2.495927,-3.750000,1.254073,0.002957
17,mobley_4149784,-2.724252,-3.670000,0.945748,0.001682
17,mobley_397645,-3.689425,-3.640000,0.049425,0.000005
17,mobley_4690963,-4.938380,-3.540000,1.398380,0.003677
17,mobley_1967551,-3.232803,-3.500000,0.267197,0.000134
17,mobley_6733657,-1.756740,-3.440000,1.683260,0.005328
17,mobley_9565165,-3.178974,-3.350000,0.171026,0.000055
17,mobley_2487143,-3.312006,-3.280000,0.032006,0.000002
17,mobley_8449031,-2.756904,-3.220000,0.463096,0.000403
17,mobley_172879,-2.903370,-3.150000,0.246630,0.000114
17,mobley_5346580,-1.347666,-3.110000,1.762334,0.005840
17,mobley_3573480,-3.083068,-3.040000,0.043068,0.000003
17,mobley_1075836,-2.821096,-2.930000,0.108904,0.000022
17,mobley_6102880,-3.849567,-2.870000,0.979567,0.001804
17,mobley_1827204,-2.525680,-2.810000,0.284320,0.000152
17,mobley_2146331,-1.600745,-2.750000,1.149255,0.002484
17,mobley_7943327,-2.852395,-2.680000,0.172395,0.000056
17,mobley_5110043,-2.837952,-2.630000,0.207952,0.000081
17,mobley_5616693,-2.116059,-2.530000,0.413941,0.000322
17,mobley_6619554,-2.256952,-2.490000,0.233048,0.000102
17,mobley_6359156,-3.169918,-2.460000,0.709918,0.000948
17,mobley_1781152,-2.130128,-2.400000,0.269872,0.000137
17,mobley_859464,-2.461462,-2.360000,0.101462,0.000019
17,mobley_7150646,-1.612950,-2.300000,0.687050,0.000888
17,mobley_1592519,-3.065084,-2.230000,0.835083,0.001311
17,mobley_5538249,-0.604001,-2.160000,1.555999,0.004553
17,mobley_6911232,-1.778639,-2.100000,0.321361,0.000194
17,mobley_3269565,-1.351915,-2.010000,0.658085,0.000814
17,mobley_2484519,-2.860913,-1.930000,0.930913,0.001630
17,mobley_7690440,-3.407250,-1.830000,1.577250,0.004678
17,mobley_3802803,-1.887552,-1.660000,0.227552,0.000097
17,mobley_1144156,-1.623075,-1.590000,0.033075,0.000002
17,mobley_2481002,-3.180421,-1.450000,1.730421,0.005631
17,mobley_2489709,-1.250263,-1.360000,0.109737,0.000023
17,mobley_5052949,-0.624558,-1.280000,0.655442,0.000808
17,mobley_2492140,-1.881874,-1.230000,0.651874,0.000799
17,mobley_7542832,-1.345247,-1.160000,0.185247,0.000065
17,mobley_7814642,-1.501367,-1.120000,0.381367,0.000273
17,mobley_1563176,-1.218600,-0.990000,0.228600,0.000098
17,mobley_1873346,-0.751095,-0.900000,0.148905,0.000042
17,mobley_3040612,-0.620123,-0.850000,0.229877,0.000099
17,mobley_4483973,-2.233955,-0.800000,1.433955,0.003867
17,mobley_9913368,-1.669453,-0.780000,0.889453,0.001488
17,mobley_1449384,-0.463990,-0.680000,0.216010,0.000088
17,mobley_7708038,-0.624821,-0.560000,0.064821,0.000008
17,mobley_8311321,-0.375271,-0.500000,0.124729,0.000029
17,mobley_766666,-0.760752,-0.440000,0.320752,0.000193
17,mobley_5445548,-0.361668,-0.300000,0.061668,0.000007
17,mobley_9029594,-1.205003,-0.220000,0.985004,0.001824
17,mobley_3370989,-1.785928,-0.110000,1.675928,0.005282
17,mobley_627267,-0.251929,-0.030000,0.221929,0.000093
17,mobley_6250025,0.528626,0.080000,0.448626,0.000378
17,mobley_4252724,-0.460190,0.160000,0.620190,0.000723
17,mobley_7157427,0.177096,0.290000,0.112904,0.000024
17,mobley_8885088,-0.134289,0.560000,0.694289,0.000906
17,mobley_8522124,0.904619,0.710000,0.194619,0.000071
17,mobley_4678740,0.200485,1.070000,0.869515,0.001422
17,mobley_2689721,0.470432,1.230000,0.759568,0.001085
17,mobley_1662128,1.106723,1.380000,0.273277,0.000140
17,mobley_4762983,1.987198,1.660000,0.327198,0.000201
17,mobley_7732703,-0.173072,1.790000,1.963072,0.007247
17,mobley_2068538,1.059605,2.000000,0.940395,0.001663
17,mobley_5157661,1.603508,2.300000,0.696492,0.000912
17,mobley_1261349,2.408860,2.510000,0.101140,0.000019
17,mobley_2328633,1.799221,2.550000,0.750779,0.001060
17,mobley_8436428,2.684099,2.830000,0.145901,0.000040
17,mobley_3060426,3.388498,2.930000,0.458498,0.000395
17,mobley_2197088,2.892818,3.160000,0.267182,0.000134
18,mobley_9534740,-21.275852,-25.469999,4.194147,0.033079
18,mobley_6239320,-20.455950,-18.059999,2.395950,0.010795
18,mobley_7794077,-13.424117,-15.460000,2.035883,0.007794
18,mobley_7415647,-12.499041,-11.950000,0.549041,0.000567
18,mobley_1728386,-9.551846,-11.000000,1.448154,0.003944
18,mobley_2269032,-9.139400,-10.210000,1.070601,0.002155
18,mobley_2913224,-7.090434,-9.940000,2.849566,0.015269
18,mobley_2659552,-8.586505,-9.760000,1.173495,0.002590
18,mobley_7176290,-9.140389,-9.620000,0.479610,0.000433
18,mobley_2295058,-8.347565,-9.510000,1.162436,0.002541
18,mobley_6055410,-11.576099,-9.400000,2.176100,0.008905
18,mobley_4639255,-9.393509,-9.300000,0.093509,0.000016
18,mobley_1417007,-4.282037,-9.010000,4.727963,0.042035
18,mobley_6115639,-9.799828,-8.700000,1.099828,0.002275
18,mobley_6353617,-7.016018,-8.260000,1.243982,0.002910
18,mobley_2725215,-8.500509,-7.980000,0.520509,0.000509
18,mobley_7039935,-5.993193,-7.670000,1.676807,0.005287
18,mobley_4059279,-6.461934,-7.580000,1.118066,0.002351
18,mobley_951560,-9.540835,-7.400000,2.140835,0.008618
18,mobley_1922649,-9.905719,-7.190000,2.715719,0.013869
18,mobley_8798016,-7.065481,-7.000000,0.065481,0.000008
18,mobley_1858644,-6.261146,-6.790000,0.528854,0.000526
18,mobley_9114381,-5.731139,-6.720000,0.988861,0.001839
18,mobley_5311804,-5.213574,-6.620000,1.406426,0.003720
18,mobley_6743808,-6.222249,-6.500000,0.277751,0.000145
18,mobley_8789864,-6.288817,-6.400000,0.111183,0.000023
18,mobley_7009711,-6.431571,-6.270000,0.161571,0.000049
18,mobley_8789465,-4.109052,-6.200000,2.090948,0.008221
18,mobley_2923700,-5.689325,-6.130000,0.440675,0.000365
18,mobley_4780078,-4.929993,-6.010000,1.080007,0.002193
18,mobley_5467162,-5.153437,-5.910000,0.756563,0.001076
18,mobley_6257907,-5.719722,-5.820000,0.100278,0.000019
18,mobley_7913234,-6.353460,-5.730000,0.623460,0.000731
18,mobley_5518547,-5.381608,-5.570000,0.188393,0.000067
18,mobley_4883284,-5.150628,-5.490000,0.339372,0.000217
18,mobley_5220185,-4.923751,-5.450000,0.526248,0.000521
18,mobley_3359593,-5.292214,-5.260000,0.032214,0.000002
18,mobley_4683624,-5.423117,-5.210000,0.213117,0.000085
18,mobley_1636752,-3.494277,-5.100000,1.605723,0.004848
18,mobley_2310185,-4.661920,-5.000000,0.338080,0.000215
18,mobley_3682850,-3.568136,-4.910000,1.341864,0.003386
18,mobley_1363784,-4.463044,-4.840000,0.376956,0.000267
18,mobley_2837389,-4.023841,-4.780000,0.756159,0.001075
18,mobley_9507933,-4.571730,-4.720000,0.148270,0.000041
18,mobley_296847,-4.149713,-4.690000,0.540287,0.000549
18,mobley_8208692,-2.919581,-4.610000,1.690419,0.005373
18,mobley_4884177,-4.002331,-4.590000,0.587669,0.000649
18,mobley_6714389,-4.196626,-4.550000,0.353374,0.000235
18,mobley_2245668,-4.143707,-4.500000,0.356293,0.000239
18,mobley_5973402,-4.393517,-4.420000,0.026483,0.000001
18,mobley_3546460,-4.102879,-4.400000,0.297121,0.000166
18,mobley_8311303,-3.264709,-4.380000,1.115291,0.002339
18,mobley_9741965,-6.472839,-4.290000,2.182839,0.008960
18,mobley_4603202,-4.933731,-4.230000,0.703731,0.000931
18,mobley_628086,-4.035988,-4.160000,0.124012,0.000029
18,mobley_4620651,-3.462328,-4.100000,0.637672,0.000765
18,mobley_7977115,-3.858149,-4.060000,0.201851,0.000077
18,mobley_2789243,-3.024900,-4.010000,0.985100,0.001825
18,mobley_3968739,-3.279882,-3.920000,0.640118,0.000771
18,mobley_63712,-3.177011,-3.880000,0.702990,0.000929
18,mobley_1046331,-3.489433,-3.820000,0.330567,0.000205
18,mobley_1160109,-2.566514,-3.750000,1.183486,0.002634
18,mobley_4149784,-2.300913,-3.670000,1.369087,0.003525
18,mobley_397645,-3.364292,-3.640000,0.275708,0.000143
18,mobley_4690963,-5.040354,-3.540000,1.500354,0.004233
18,mobley_1967551,-3.122813,-3.500000,0.377187,0.000268
18,mobley_6733657,-1.711016,-3.440000,1.728984,0.005621
18,mobley_9565165,-2.597743,-3.350000,0.752257,0.001064
18,mobley_2487143,-3.169919,-3.280000,0.110081,0.000023
18,mobley_8449031,-2.663077,-3.220000,0.556923,0.000583
18,mobley_172879,-2.419873,-3.150000,0.730127,0.001002
18,mobley_5346580,-1.431355,-3.110000,1.678645,0.005299
18,mobley_3573480,-2.926671,-3.040000,0.113329,0.000024
18,mobley_1075836,-2.743888,-2.930000,0.186112,0.000065
18,mobley_6102880,-3.286407,-2.870000,0.416407,0.000326
18,mobley_1827204,-2.376890,-2.810000,0.433110,0.000353
18,mobley_2146331,-1.600734,-2.750000,1.149266,0.002484
18,mobley_7943327,-2.561783,-2.680000,0.118217,0.000026
18,mobley_5110043,-2.161411,-2.630000,0.468589,0.000413
18,mobley_5616693,-2.073447,-2.530000,0.456553,0.000392
18,mobley_6619554,-1.976643,-2.490000,0.513357,0.000496
18,mobley_6359156,-3.041457,-2.460000,0.581457,0.000636
18,mobley_1781152,-2.242360,-2.400000,0.157640,0.000047
18,mobley_859464,-2.401670,-2.360000,0.041670,0.000003
18,mobley_7150646,-1.292217,-2.300000,1.007783,0.001910
18,mobley_1592519,-2.788383,-2.230000,0.558383,0.000586
18,mobley_5538249,-0.510219,-2.160000,1.649781,0.005118
18,mobley_6911232,-1.821830,-2.100000,0.278170,0.000146
18,mobley_3269565,-1.410131,-2.010000,0.599869,0.000677
18,mobley_2484519,-2.538204,-1.930000,0.608204,0.000696
18,mobley_7690440,-3.173728,-1.830000,1.343728,0.003395
18,mobley_3802803,-1.851429,-1.660000,0.191429,0.000069
18,mobley_1144156,-1.615280,-1.590000,0.025280,0.000001
18,mobley_2481002,-2.960503,-1.450000,1.510503,0.004290
18,mobley_2489709,-1.455664,-1.360000,0.095664,0.000017
18,mobley_5052949,-0.516638,-1.280000,0.763362,0.001096
18,mobley_2492140,-1.279786,-1.230000,0.049786,0.000005
18,mobley_7542832,-1.272888,-1.160000,0.112888,0.000024
18,mobley_7814642,-1.579947,-1.120000,0.459947,0.000398
18,mobley_1563176,-1.113299,-0.990000,0.123299,0.000029
18,mobley_1873346,-0.434252,-0.900000,0.465748,0.000408
18,mobley_3040612,-0.337477,-0.850000,0.512523,0.000494
18,mobley_4483973,-1.888888,-0.800000,1.088888,0.002230
18,mobley_9913368,-1.636116,-0.780000,0.856116,0.001378
18,mobley_1449384,-0.134603,-0.680000,0.545397,0.000559
18,mobley_7708038,-0.536701,-0.560000,0.023299,0.000001
18,mobley_8311321,-0.331634,-0.500000,0.168366,0.000053
18,mobley_766666,-0.670160,-0.440000,0.230160,0.000100
18,mobley_5445548,-0.119120,-0.300000,0.180880,0.000062
18,mobley_9029594,-1.063754,-0.220000,0.843754,0.001339
18,mobley_3370989,-1.702029,-0.110000,1.592029,0.004766
18,mobley_627267,-0.228914,-0.030000,0.198914,0.000074
18,mobley_6250025,0.583319,0.080000,0.503319,0.000476
18,mobley_4252724,-0.176819,0.160000,0.336819,0.000213
18,mobley_7157427,0.289896,0.290000,0.000104,0.000000
18,mobley_8885088,0.089735,0.560000,0.470265,0.000416
18,mobley_8522124,1.004185,0.710000,0.294185,0.000163
18,mobley_4678740,-0.348051,1.070000,1.418051,0.003781
18,mobley_2689721,0.703977,1.230000,0.526023,0.000520
18,mobley_1662128,1.161217,1.380000,0.218783,0.000090
18,mobley_4762983,2.048415,1.660000,0.388415,0.000284
18,mobley_7732703,-0.260768,1.790000,2.050768,0.007909
18,mobley_2068538,1.170279,2.000000,0.829721,0.001295
18,mobley_5157661,1.637293,2.300000,0.662707,0.000826
18,mobley_1261349,2.321756,2.510000,0.188244,0.000067
18,mobley_2328633,2.008322,2.550000,0.541678,0.000552
18,mobley_8436428,2.626158,2.830000,0.203841,0.000078
18,mobley_3060426,3.223811,2.930000,0.293811,0.000162
18,mobley_2197088,3.058019,3.160000,0.101981,0.000020
19,mobley_9534740,-21.313389,-25.469999,4.156610,0.032489
19,mobley_6239320,-21.294521,-18.059999,3.234522,0.019674
19,mobley_7794077,-13.467053,-15.460000,1.992947,0.007469
19,mobley_7415647,-11.920742,-11.950000,0.029258,0.000002
19,mobley_1728386,-9.799940,-11.000000,1.200060,0.002708
19,mobley_2269032,-9.739107,-10.210000,0.470893,0.000417
19,mobley_2913224,-7.165198,-9.940000,2.774801,0.014479
19,mobley_2659552,-8.784392,-9.760000,0.975608,0.001790
19,mobley_7176290,-8.780697,-9.620000,0.839303,0.001325
19,mobley_2295058,-8.450654,-9.510000,1.059346,0.002110
19,mobley_6055410,-11.895622,-9.400000,2.495623,0.011712
19,mobley_4639255,-9.299193,-9.300000,0.000807,0.000000
19,mobley_1417007,-4.447756,-9.010000,4.562244,0.039140
19,mobley_6115639,-10.005641,-8.700000,1.305641,0.003206
19,mobley_6353617,-7.206869,-8.260000,1.053132,0.002086
19,mobley_2725215,-9.319670,-7.980000,1.339670,0.003375
19,mobley_7039935,-6.455761,-7.670000,1.214239,0.002772
19,mobley_4059279,-6.180902,-7.580000,1.399097,0.003681
19,mobley_951560,-9.300098,-7.400000,1.900098,0.006789
19,mobley_1922649,-9.209383,-7.190000,2.019383,0.007668
19,mobley_8798016,-7.302561,-7.000000,0.302561,0.000172
19,mobley_1858644,-6.491206,-6.790000,0.298794,0.000168
19,mobley_9114381,-5.590957,-6.720000,1.129043,0.002397
19,mobley_5311804,-5.497583,-6.620000,1.122416,0.002369
19,mobley_6743808,-6.409999,-6.500000,0.090001,0.000015
19,mobley_8789864,-6.214613,-6.400000,0.185387,0.000065
19,mobley_7009711,-6.586449,-6.270000,0.316449,0.000188
19,mobley_8789465,-4.365420,-6.200000,1.834579,0.006329
19,mobley_2923700,-5.906961,-6.130000,0.223039,0.000094
19,mobley_4780078,-5.140557,-6.010000,0.869443,0.001421
19,mobley_5467162,-5.385587,-5.910000,0.524413,0.000517
19,mobley_6257907,-5.786603,-5.820000,0.033397,0.000002
19,mobley_7913234,-6.252739,-5.730000,0.522739,0.000514
19,mobley_5518547,-5.532997,-5.570000,0.037003,0.000003
19,mobley_4883284,-5.325799,-5.490000,0.164200,0.000051
19,mobley_5220185,-5.058057,-5.450000,0.391943,0.000289
19,mobley_3359593,-5.411716,-5.260000,0.151716,0.000043
19,mobley_4683624,-5.683680,-5.210000,0.473680,0.000422
19,mobley_1636752,-3.385040,-5.100000,1.714960,0.005531
19,mobley_2310185,-4.614419,-5.000000,0.385581,0.000280
19,mobley_3682850,-3.623649,-4.910000,1.286351,0.003112
19,mobley_1363784,-4.625230,-4.840000,0.214770,0.000087
19,mobley_2837389,-4.228686,-4.780000,0.551314,0.000572
19,mobley_9507933,-4.757584,-4.720000,0.037584,0.000003
19,mobley_296847,-4.477170,-4.690000,0.212831,0.000085
19,mobley_8208692,-3.610566,-4.610000,0.999434,0.001878
19,mobley_4884177,-4.246830,-4.590000,0.343170,0.000221
19,mobley_6714389,-4.041826,-4.550000,0.508174,0.000486
19,mobley_2245668,-4.202682,-4.500000,0.297318,0.000166
19,mobley_5973402,-4.412925,-4.420000,0.007075,0.000000
19,mobley_3546460,-4.158482,-4.400000,0.241518,0.000110
19,mobley_8311303,-3.614641,-4.380000,0.765359,0.001102
19,mobley_9741965,-6.507351,-4.290000,2.217351,0.009246
19,mobley_4603202,-4.735578,-4.230000,0.505578,0.000481
19,mobley_628086,-4.010179,-4.160000,0.149821,0.000042
19,mobley_4620651,-3.656558,-4.100000,0.443442,0.000370
19,mobley_7977115,-3.989149,-4.060000,0.070851,0.000009
19,mobley_2789243,-3.649975,-4.010000,0.360025,0.000244
19,mobley_3968739,-3.446592,-3.920000,0.473408,0.000421
19,mobley_63712,-3.021796,-3.880000,0.858204,0.001385
19,mobley_1046331,-3.765702,-3.820000,0.054297,0.000006
19,mobley_1160109,-2.799297,-3.750000,0.950703,0.001700
19,mobley_4149784,-3.482659,-3.670000,0.187341,0.000066
19,mobley_397645,-3.535805,-3.640000,0.104196,0.000020
19,mobley_4690963,-4.766145,-3.540000,1.226145,0.002827
19,mobley_1967551,-3.114503,-3.500000,0.385497,0.000279
19,mobley_6733657,-2.114465,-3.440000,1.325535,0.003304
19,mobley_9565165,-3.174366,-3.350000,0.175634,0.000058
19,mobley_2487143,-3.228383,-3.280000,0.051617,0.000005
19,mobley_8449031,-2.494802,-3.220000,0.725198,0.000989
19,mobley_172879,-2.742422,-3.150000,0.407578,0.000312
19,mobley_5346580,-1.440441,-3.110000,1.669559,0.005242
19,mobley_3573480,-2.982119,-3.040000,0.057881,0.000006
19,mobley_1075836,-2.689693,-2.930000,0.240307,0.000109
19,mobley_6102880,-3.720486,-2.870000,0.850487,0.001360
19,mobley_1827204,-2.497336,-2.810000,0.312664,0.000184
19,mobley_2146331,-1.568043,-2.750000,1.181957,0.002627
19,mobley_7943327,-2.660541,-2.680000,0.019459,0.000001
19,mobley_5110043,-2.677428,-2.630000,0.047428,0.000004
19,mobley_5616693,-2.305100,-2.530000,0.224900,0.000095
19,mobley_6619554,-2.176088,-2.490000,0.313912,0.000185
19,mobley_6359156,-3.408978,-2.460000,0.948978,0.001693
19,mobley_1781152,-2.360302,-2.400000,0.039698,0.000003
19,mobley_859464,-2.349123,-2.360000,0.010877,0.000000
19,mobley_7150646,-1.556883,-2.300000,0.743116,0.001038
19,mobley_1592519,-2.925360,-2.230000,0.695360,0.000909
19,mobley_5538249,-1.225826,-2.160000,0.934174,0.001641
19,mobley_6911232,-1.722265,-2.100000,0.377734,0.000268
19,mobley_3269565,-1.369182,-2.010000,0.640818,0.000772
19,mobley_2484519,-2.753336,-1.930000,0.823336,0.001275
19,mobley_7690440,-3.190799,-1.830000,1.360798,0.003482
19,mobley_3802803,-1.921525,-1.660000,0.261525,0.000129
19,mobley_1144156,-1.471469,-1.590000,0.118531,0.000026
19,mobley_2481002,-2.925799,-1.450000,1.475799,0.004096
19,mobley_2489709,-1.975620,-1.360000,0.615620,0.000713
19,mobley_5052949,-0.586518,-1.280000,0.693482,0.000904
19,mobley_2492140,-1.303186,-1.230000,0.073186,0.000010
19,mobley_7542832,-1.200501,-1.160000,0.040501,0.000003
19,mobley_7814642,-1.779519,-1.120000,0.659519,0.000818
19,mobley_1563176,-0.988110,-0.990000,0.001890,0.000000
19,mobley_1873346,-0.687150,-0.900000,0.212850,0.000085
19,mobley_3040612,-0.632333,-0.850000,0.217667,0.000089
19,mobley_4483973,-2.085531,-0.800000,1.285531,0.003108
19,mobley_9913368,-1.824010,-0.780000,1.044010,0.002050
19,mobley_1449384,-0.490799,-0.680000,0.189202,0.000067
19,mobley_7708038,-0.648809,-0.560000,0.088809,0.000015
19,mobley_8311321,-0.332694,-0.500000,0.167306,0.000053
19,mobley_766666,-0.707303,-0.440000,0.267303,0.000134
19,mobley_5445548,-0.467066,-0.300000,0.167066,0.000052
19,mobley_9029594,-1.144796,-0.220000,0.924796,0.001608
19,mobley_3370989,-1.694192,-0.110000,1.584192,0.004719
19,mobley_627267,-0.322347,-0.030000,0.292347,0.000161
19,mobley_6250025,0.458309,0.080000,0.378309,0.000269
19,mobley_4252724,-0.518862,0.160000,0.678862,0.000867
19,mobley_7157427,0.247541,0.290000,0.042459,0.000003
19,mobley_8885088,-0.054813,0.560000,0.614813,0.000711
19,mobley_8522124,0.864093,0.710000,0.154093,0.000045
19,mobley_4678740,-0.632663,1.070000,1.702663,0.005452
19,mobley_2689721,0.629023,1.230000,0.600977,0.000679
19,mobley_1662128,1.075323,1.380000,0.304677,0.000175
19,mobley_4762983,1.910421,1.660000,0.250421,0.000118
19,mobley_7732703,-0.269409,1.790000,2.059409,0.007975
19,mobley_2068538,1.137294,2.000000,0.862706,0.001400
19,mobley_5157661,1.605687,2.300000,0.694313,0.000907
19,mobley_1261349,2.301912,2.510000,0.208088,0.000081
19,mobley_2328633,1.884269,2.550000,0.665731,0.000833
19,mobley_8436428,2.600019,2.830000,0.229981,0.000099
19,mobley_3060426,3.199677,2.930000,0.269677,0.000137
19,mobley_2197088,2.953946,3.160000,0.206054,0.000080
20,mobley_9534740,-20.913506,-25.469999,4.556494,0.039041
20,mobley_6239320,-22.786276,-18.059999,4.726276,0.042005
20,mobley_7794077,-14.329958,-15.460000,1.130042,0.002401
20,mobley_7415647,-12.666969,-11.950000,0.716969,0.000967
20,mobley_1728386,-9.927544,-11.000000,1.072456,0.002163
20,mobley_2269032,-9.758952,-10.210000,0.451048,0.000383
20,mobley_2913224,-7.319168,-9.940000,2.620832,0.012916
20,mobley_2659552,-9.021381,-9.760000,0.738619,0.001026
20,mobley_7176290,-9.192175,-9.620000,0.427825,0.000344
20,mobley_2295058,-8.665426,-9.510000,0.844574,0.001341
20,mobley_6055410,-11.955083,-9.400000,2.555083,0.012276
20,mobley_4639255,-9.292379,-9.300000,0.007621,0.000000
20,mobley_1417007,-4.572856,-9.010000,4.437144,0.037023
20,mobley_6115639,-9.201430,-8.700000,0.501431,0.000473
20,mobley_6353617,-7.295065,-8.260000,0.964935,0.001751
20,mobley_2725215,-9.220580,-7.980000,1.240580,0.002894
20,mobley_7039935,-6.530144,-7.670000,1.139856,0.002443
20,mobley_4059279,-6.519506,-7.580000,1.060494,0.002115
20,mobley_951560,-9.437711,-7.400000,2.037711,0.007808
20,mobley_1922649,-9.472651,-7.190000,2.282650,0.009798
20,mobley_8798016,-7.330955,-7.000000,0.330955,0.000206
20,mobley_1858644,-6.501941,-6.790000,0.288059,0.000156
20,mobley_9114381,-5.643670,-6.720000,1.076330,0.002178
20,mobley_5311804,-5.514325,-6.620000,1.105675,0.002299
20,mobley_6743808,-6.446430,-6.500000,0.053570,0.000005
20,mobley_8789864,-5.844556,-6.400000,0.555444,0.000580
20,mobley_7009711,-6.582014,-6.270000,0.312014,0.000183
20,mobley_8789465,-4.364161,-6.200000,1.835839,0.006338
20,mobley_2923700,-6.017036,-6.130000,0.112964,0.000024
20,mobley_4780078,-5.126894,-6.010000,0.883106,0.001467
20,mobley_5467162,-5.422208,-5.910000,0.487792,0.000447
20,mobley_6257907,-5.899312,-5.820000,0.079312,0.000012
20,mobley_7913234,-6.381572,-5.730000,0.651572,0.000798
20,mobley_5518547,-5.564431,-5.570000,0.005569,0.000000
20,mobley_4883284,-5.404830,-5.490000,0.085170,0.000014
20,mobley_5220185,-5.011013,-5.450000,0.438987,0.000362
20,mobley_3359593,-5.449270,-5.260000,0.189270,0.000067
20,mobley_4683624,-5.783520,-5.210000,0.573520,0.000619
20,mobley_1636752,-3.380526,-5.100000,1.719474,0.005560
20,mobley_2310185,-4.678264,-5.000000,0.321736,0.000195
20,mobley_3682850,-3.907825,-4.910000,1.002175,0.001889
20,mobley_1363784,-4.567241,-4.840000,0.272759,0.000140
20,mobley_2837389,-4.083469,-4.780000,0.696531,0.000912
20,mobley_9507933,-4.707535,-4.720000,0.012465,0.000000
20,mobley_296847,-4.437201,-4.690000,0.252800,0.000120
20,mobley_8208692,-3.122850,-4.610000,1.487150,0.004159
20,mobley_4884177,-4.234834,-4.590000,0.355166,0.000237
20,mobley_6714389,-4.127865,-4.550000,0.422135,0.000335
20,mobley_2245668,-4.179889,-4.500000,0.320111,0.000193
20,mobley_5973402,-4.432899,-4.420000,0.012898,0.000000
20,mobley_3546460,-4.212554,-4.400000,0.187446,0.000066
20,mobley_8311303,-3.453778,-4.380000,0.926222,0.001613
20,mobley_9741965,-6.531580,-4.290000,2.241580,0.009449
20,mobley_4603202,-4.862644,-4.230000,0.632644,0.000753
20,mobley_628086,-3.825893,-4.160000,0.334106,0.000210
20,mobley_4620651,-3.785876,-4.100000,0.314124,0.000186
20,mobley_7977115,-4.036063,-4.060000,0.023937,0.000001
20,mobley_2789243,-3.437449,-4.010000,0.572551,0.000616
20,mobley_3968739,-3.544377,-3.920000,0.375623,0.000265
20,mobley_63712,-3.399568,-3.880000,0.480433,0.000434
20,mobley_1046331,-3.828635,-3.820000,0.008635,0.000000
20,mobley_1160109,-2.917188,-3.750000,0.832812,0.001304
20,mobley_4149784,-3.214807,-3.670000,0.455193,0.000390
20,mobley_397645,-3.727486,-3.640000,0.087486,0.000014
20,mobley_4690963,-5.134995,-3.540000,1.594995,0.004784
20,mobley_1967551,-3.157864,-3.500000,0.342136,0.000220
20,mobley_6733657,-1.781346,-3.440000,1.658654,0.005173
20,mobley_9565165,-3.101064,-3.350000,0.248936,0.000117
20,mobley_2487143,-3.258247,-3.280000,0.021753,0.000001
20,mobley_8449031,-2.830577,-3.220000,0.389423,0.000285
20,mobley_172879,-2.764781,-3.150000,0.385219,0.000279
20,mobley_5346580,-1.470575,-3.110000,1.639425,0.005054
20,mobley_3573480,-3.036578,-3.040000,0.003422,0.000000
20,mobley_1075836,-2.776269,-2.930000,0.153731,0.000044
20,mobley_6102880,-3.823501,-2.870000,0.953501,0.001710
20,mobley_1827204,-2.599534,-2.810000,0.210466,0.000083
20,mobley_2146331,-1.518411,-2.750000,1.231589,0.002852
20,mobley_7943327,-2.841779,-2.680000,0.161779,0.000049
20,mobley_5110043,-2.513556,-2.630000,0.116444,0.000025
20,mobley_5616693,-2.432650,-2.530000,0.097350,0.000018
20,mobley_6619554,-2.290272,-2.490000,0.199728,0.000075
20,mobley_6359156,-3.492206,-2.460000,1.032206,0.002004
20,mobley_1781152,-2.403837,-2.400000,0.003837,0.000000
20,mobley_859464,-2.501640,-2.360000,0.141640,0.000038
20,mobley_7150646,-1.505340,-2.300000,0.794660,0.001187
20,mobley_1592519,-3.115489,-2.230000,0.885489,0.001474
20,mobley_5538249,-1.095372,-2.160000,1.064628,0.002131
20,mobley_6911232,-1.886917,-2.100000,0.213083,0.000085
20,mobley_3269565,-1.490882,-2.010000,0.519118,0.000507
20,mobley_2484519,-2.736261,-1.930000,0.806261,0.001222
20,mobley_7690440,-3.080075,-1.830000,1.250075,0.002939
20,mobley_3802803,-1.842917,-1.660000,0.182917,0.000063
20,mobley_1144156,-1.740470,-1.590000,0.150470,0.000043
20,mobley_2481002,-2.920928,-1.450000,1.470928,0.004069
20,mobley_2489709,-1.753249,-1.360000,0.393249,0.000291
20,mobley_5052949,-0.613840,-1.280000,0.666160,0.000834
20,mobley_2492140,-1.342157,-1.230000,0.112157,0.000024
20,mobley_7542832,-1.429543,-1.160000,0.269544,0.000137
20,mobley_7814642,-1.737430,-1.120000,0.617430,0.000717
20,mobley_1563176,-1.015064,-0.990000,0.025064,0.000001
20,mobley_1873346,-0.614833,-0.900000,0.285167,0.000153
20,mobley_3040612,-0.574400,-0.850000,0.275600,0.000143
20,mobley_4483973,-2.081997,-0.800000,1.281997,0.003091
20,mobley_9913368,-1.706112,-0.780000,0.926112,0.001613
20,mobley_1449384,-0.379377,-0.680000,0.300623,0.000170
20,mobley_7708038,-0.629235,-0.560000,0.069235,0.000009
20,mobley_8311321,-0.282763,-0.500000,0.217237,0.000089
20,mobley_766666,-0.612728,-0.440000,0.172728,0.000056
20,mobley_5445548,-0.400179,-0.300000,0.100179,0.000019
20,mobley_9029594,-1.102629,-0.220000,0.882629,0.001465
20,mobley_3370989,-1.703524,-0.110000,1.593524,0.004775
20,mobley_627267,-0.281536,-0.030000,0.251536,0.000119
20,mobley_6250025,0.478531,0.080000,0.398531,0.000299
20,mobley_4252724,-0.450037,0.160000,0.610037,0.000700
20,mobley_7157427,0.231349,0.290000,0.058651,0.000006
20,mobley_8885088,-0.073482,0.560000,0.633482,0.000755
20,mobley_8522124,0.972950,0.710000,0.262950,0.000130
20,mobley_4678740,-0.352943,1.070000,1.422943,0.003807
20,mobley_2689721,0.528440,1.230000,0.701560,0.000926
20,mobley_1662128,1.143715,1.380000,0.236285,0.000105
20,mobley_4762983,1.954885,1.660000,0.294885,0.000164
20,mobley_7732703,-0.236665,1.790000,2.026665,0.007724
20,mobley_2068538,1.173998,2.000000,0.826002,0.001283
20,mobley_5157661,1.690779,2.300000,0.609221,0.000698
20,mobley_1261349,2.399017,2.510000,0.110983,0.000023
20,mobley_2328633,1.837105,2.550000,0.712895,0.000956
20,mobley_8436428,2.694064,2.830000,0.135936,0.000035
20,mobley_3060426,3.305110,2.930000,0.375110,0.000265
20,mobley_2197088,2.956893,3.160000,0.203107,0.000078
21,mobley_9534740,-21.877014,-25.469999,3.592985,0.024276
21,mobley_6239320,-21.356411,-18.059999,3.296412,0.020434
21,mobley_7794077,-13.659220,-15.460000,1.800780,0.006098
21,mobley_7415647,-12.960358,-11.950000,1.010358,0.001920
21,mobley_1728386,-10.267309,-11.000000,0.732691,0.001009
21,mobley_2269032,-10.401167,-10.210000,0.191167,0.000069
21,mobley_2913224,-7.616722,-9.940000,2.323277,0.010150
21,mobley_2659552,-9.641049,-9.760000,0.118951,0.000027
21,mobley_7176290,-9.346987,-9.620000,0.273013,0.000140
21,mobley_2295058,-9.074189,-9.510000,0.435811,0.000357
21,mobley_6055410,-12.461018,-9.400000,3.061018,0.017620
21,mobley_4639255,-9.701010,-9.300000,0.401010,0.000302
21,mobley_1417007,-5.113999,-9.010000,3.896001,0.028543
21,mobley_6115639,-9.863082,-8.700000,1.163082,0.002544
21,mobley_6353617,-7.705971,-8.260000,0.554029,0.000577
21,mobley_2725215,-9.471152,-7.980000,1.491152,0.004181
21,mobley_7039935,-7.051404,-7.670000,0.618596,0.000720
21,mobley_4059279,-6.535065,-7.580000,1.044935,0.002053
21,mobley_951560,-9.819613,-7.400000,2.419613,0.011009
21,mobley_1922649,-9.814433,-7.190000,2.624433,0.012952
21,mobley_8798016,-7.827160,-7.000000,0.827160,0.001287
21,mobley_1858644,-6.958442,-6.790000,0.168442,0.000053
21,mobley_9114381,-5.859686,-6.720000,0.860314,0.001392
21,mobley_5311804,-5.931669,-6.620000,0.688331,0.000891
21,mobley_6743808,-6.761867,-6.500000,0.261867,0.000129
21,mobley_8789864,-6.320933,-6.400000,0.079067,0.000012
21,mobley_7009711,-6.924531,-6.270000,0.654531,0.000806
21,mobley_8789465,-4.642887,-6.200000,1.557113,0.004559
21,mobley_2923700,-6.415906,-6.130000,0.285906,0.000154
21,mobley_4780078,-5.457756,-6.010000,0.552244,0.000573
21,mobley_5467162,-5.650755,-5.910000,0.259244,0.000126
21,mobley_6257907,-6.167993,-5.820000,0.347993,0.000228
21,mobley_7913234,-6.676550,-5.730000,0.946550,0.001685
21,mobley_5518547,-5.986141,-5.570000,0.416141,0.000326
21,mobley_4883284,-5.804303,-5.490000,0.314303,0.000186
21,mobley_5220185,-5.406688,-5.450000,0.043312,0.000004
21,mobley_3359593,-5.880820,-5.260000,0.620820,0.000725
21,mobley_4683624,-6.199305,-5.210000,0.989305,0.001840
21,mobley_1636752,-3.573884,-5.100000,1.526116,0.004380
21,mobley_2310185,-4.835661,-5.000000,0.164339,0.000051
21,mobley_3682850,-4.240691,-4.910000,0.669309,0.000842
21,mobley_1363784,-4.934305,-4.840000,0.094305,0.000017
21,mobley_2837389,-4.387428,-4.780000,0.392572,0.000290
21,mobley_9507933,-5.053026,-4.720000,0.333026,0.000209
21,mobley_296847,-4.842192,-4.690000,0.152192,0.000044
21,mobley_8208692,-3.064574,-4.610000,1.545426,0.004491
21,mobley_4884177,-4.652367,-4.590000,0.062366,0.000007
21,mobley_6714389,-4.268205,-4.550000,0.281795,0.000149
21,mobley_2245668,-4.404004,-4.500000,0.095996,0.000017
21,mobley_5973402,-4.650735,-4.420000,0.230735,0.000100
21,mobley_3546460,-4.569897,-4.400000,0.169897,0.000054
21,mobley_8311303,-3.467198,-4.380000,0.912802,0.001567
21,mobley_9741965,-7.055707,-4.290000,2.765707,0.014384
21,mobley_4603202,-5.121968,-4.230000,0.891968,0.001496
21,mobley_628086,-4.065190,-4.160000,0.094810,0.000017
21,mobley_4620651,-3.887999,-4.100000,0.212001,0.000085
21,mobley_7977115,-4.390046,-4.060000,0.330046,0.000205
21,mobley_2789243,-3.598873,-4.010000,0.411127,0.000318
21,mobley_3968739,-3.839422,-3.920000,0.080579,0.000012
21,mobley_63712,-3.591365,-3.880000,0.288635,0.000157
21,mobley_1046331,-4.024101,-3.820000,0.204101,0.000078
21,mobley_1160109,-3.232208,-3.750000,0.517792,0.000504
21,mobley_4149784,-3.451958,-3.670000,0.218042,0.000089
21,mobley_397645,-4.049988,-3.640000,0.409988,0.000316
21,mobley_4690963,-5.199737,-3.540000,1.659737,0.005180
21,mobley_1967551,-3.289178,-3.500000,0.210822,0.000084
21,mobley_6733657,-1.728293,-3.440000,1.711707,0.005510
21,mobley_9565165,-3.640007,-3.350000,0.290007,0.000158
21,mobley_2487143,-3.569756,-3.280000,0.289756,0.000158
21,mobley_8449031,-2.957187,-3.220000,0.262813,0.000130
21,mobley_172879,-3.133298,-3.150000,0.016702,0.000001
21,mobley_5346580,-1.401620,-3.110000,1.708380,0.005488
21,mobley_3573480,-3.370064,-3.040000,0.330064,0.000205
21,mobley_1075836,-2.957953,-2.930000,0.027953,0.000001
21,mobley_6102880,-4.223262,-2.870000,1.353262,0.003444
21,mobley_1827204,-2.973714,-2.810000,0.163714,0.000050
21,mobley_2146331,-1.577801,-2.750000,1.172199,0.002584
21,mobley_7943327,-3.026027,-2.680000,0.346027,0.000225
21,mobley_5110043,-3.057581,-2.630000,0.427581,0.000344
21,mobley_5616693,-2.818202,-2.530000,0.288202,0.000156
21,mobley_6619554,-2.558624,-2.490000,0.068624,0.000009
21,mobley_6359156,-3.654590,-2.460000,1.194590,0.002683
21,mobley_1781152,-2.357091,-2.400000,0.042909,0.000003
21,mobley_859464,-2.603789,-2.360000,0.243789,0.000112
21,mobley_7150646,-1.685493,-2.300000,0.614507,0.000710
21,mobley_1592519,-3.435698,-2.230000,1.205698,0.002734
21,mobley_5538249,-1.227208,-2.160000,0.932792,0.001636
21,mobley_6911232,-1.893283,-2.100000,0.206717,0.000080
21,mobley_3269565,-1.503726,-2.010000,0.506274,0.000482
21,mobley_2484519,-3.059323,-1.930000,1.129323,0.002398
21,mobley_7690440,-3.458459,-1.830000,1.628459,0.004987
21,mobley_3802803,-2.217655,-1.660000,0.557655,0.000585
21,mobley_1144156,-1.738740,-1.590000,0.148740,0.000042
21,mobley_2481002,-3.015494,-1.450000,1.565494,0.004609
21,mobley_2489709,-1.768604,-1.360000,0.408604,0.000314
21,mobley_5052949,-0.767434,-1.280000,0.512566,0.000494
21,mobley_2492140,-1.691342,-1.230000,0.461342,0.000400
21,mobley_7542832,-1.574683,-1.160000,0.414683,0.000323
21,mobley_7814642,-1.717188,-1.120000,0.597188,0.000671
21,mobley_1563176,-1.172783,-0.990000,0.182783,0.000063
21,mobley_1873346,-0.843525,-0.900000,0.056475,0.000006
21,mobley_3040612,-0.877756,-0.850000,0.027756,0.000001
21,mobley_4483973,-2.295198,-0.800000,1.495198,0.004204
21,mobley_9913368,-1.719477,-0.780000,0.939477,0.001660
21,mobley_1449384,-0.731302,-0.680000,0.051302,0.000005
21,mobley_7708038,-0.712268,-0.560000,0.152268,0.000044
21,mobley_8311321,-0.272606,-0.500000,0.227394,0.000097
21,mobley_766666,-0.603222,-0.440000,0.163222,0.000050
21,mobley_5445548,-0.675022,-0.300000,0.375022,0.000264
21,mobley_9029594,-1.211516,-0.220000,0.991516,0.001849
21,mobley_3370989,-1.812283,-0.110000,1.702283,0.005449
21,mobley_627267,-0.328473,-0.030000,0.298473,0.000168
21,mobley_6250025,0.311480,0.080000,0.231480,0.000101
21,mobley_4252724,-0.708716,0.160000,0.868716,0.001419
21,mobley_7157427,0.028114,0.290000,0.261886,0.000129
21,mobley_8885088,-0.250100,0.560000,0.810100,0.001234
21,mobley_8522124,0.782740,0.710000,0.072740,0.000010
21,mobley_4678740,-0.305003,1.070000,1.375003,0.003555
21,mobley_2689721,0.458764,1.230000,0.771236,0.001119
21,mobley_1662128,1.116493,1.380000,0.263507,0.000131
21,mobley_4762983,1.868605,1.660000,0.208605,0.000082
21,mobley_7732703,-0.195814,1.790000,1.985814,0.007415
21,mobley_2068538,1.145933,2.000000,0.854067,0.001372
21,mobley_5157661,1.701411,2.300000,0.598589,0.000674
21,mobley_1261349,2.701956,2.510000,0.191956,0.000069
21,mobley_2328633,1.659949,2.550000,0.890051,0.001490
21,mobley_8436428,2.777350,2.830000,0.052650,0.000005
21,mobley_3060426,3.506874,2.930000,0.576874,0.000626
21,mobley_2197088,2.853813,3.160000,0.306187,0.000176
22,mobley_9534740,-21.533838,-25.469999,3.936161,0.029135
22,mobley_6239320,-21.859491,-18.059999,3.799492,0.027146
22,mobley_7794077,-13.920683,-15.460000,1.539317,0.004456
22,mobley_7415647,-12.830751,-11.950000,0.880752,0.001459
22,mobley_1728386,-10.403644,-11.000000,0.596356,0.000669
22,mobley_2269032,-10.150903,-10.210000,0.059097,0.000007
22,mobley_2913224,-7.447760,-9.940000,2.492239,0.011680
22,mobley_2659552,-9.407572,-9.760000,0.352428,0.000234
22,mobley_7176290,-9.227491,-9.620000,0.392509,0.000290
22,mobley_2295058,-8.960856,-9.510000,0.549144,0.000567
22,mobley_6055410,-12.117590,-9.400000,2.717590,0.013888
22,mobley_4639255,-9.531535,-9.300000,0.231535,0.000101
22,mobley_1417007,-4.961086,-9.010000,4.048914,0.030828
22,mobley_6115639,-9.085250,-8.700000,0.385250,0.000279
22,mobley_6353617,-7.500862,-8.260000,0.759139,0.001084
22,mobley_2725215,-8.765728,-7.980000,0.785728,0.001161
22,mobley_7039935,-6.998033,-7.670000,0.671967,0.000849
22,mobley_4059279,-6.401817,-7.580000,1.178183,0.002610
22,mobley_951560,-9.752146,-7.400000,2.352146,0.010404
22,mobley_1922649,-9.322302,-7.190000,2.132302,0.008550
22,mobley_8798016,-7.753345,-7.000000,0.753345,0.001067
22,mobley_1858644,-6.803441,-6.790000,0.013441,0.000000
22,mobley_9114381,-5.720932,-6.720000,0.999068,0.001877
22,mobley_5311804,-5.864622,-6.620000,0.755378,0.001073
22,mobley_6743808,-6.672843,-6.500000,0.172843,0.000056
22,mobley_8789864,-6.060505,-6.400000,0.339495,0.000217
22,mobley_7009711,-6.756997,-6.270000,0.486997,0.000446
22,mobley_8789465,-4.598636,-6.200000,1.601364,0.004822
22,mobley_2923700,-6.249313,-6.130000,0.119313,0.000027
22,mobley_4780078,-5.393586,-6.010000,0.616415,0.000715
22,mobley_5467162,-5.604652,-5.910000,0.305347,0.000175
22,mobley_6257907,-6.036030,-5.820000,0.216030,0.000088
22,mobley_7913234,-6.358684,-5.730000,0.628684,0.000743
22,mobley_5518547,-5.851302,-5.570000,0.281302,0.000149
22,mobley_4883284,-5.749659,-5.490000,0.259659,0.000127
22,mobley_5220185,-5.180297,-5.450000,0.269702,0.000137
22,mobley_3359593,-5.614339,-5.260000,0.354339,0.000236
22,mobley_4683624,-6.012084,-5.210000,0.802083,0.001210
22,mobley_1636752,-3.456920,-5.100000,1.643080,0.005077
22,mobley_2310185,-4.652472,-5.000000,0.347528,0.000227
22,mobley_3682850,-3.944531,-4.910000,0.965469,0.001753
22,mobley_1363784,-4.775281,-4.840000,0.064719,0.000008
22,mobley_2837389,-4.303824,-4.780000,0.476176,0.000426
22,mobley_9507933,-4.833614,-4.720000,0.113615,0.000024
22,mobley_296847,-4.748910,-4.690000,0.058910,0.000007
22,mobley_8208692,-3.496344,-4.610000,1.113656,0.002332
22,mobley_4884177,-4.508037,-4.590000,0.081963,0.000013
22,mobley_6714389,-4.095978,-4.550000,0.454022,0.000388
22,mobley_2245668,-4.244340,-4.500000,0.255660,0.000123
22,mobley_5973402,-4.439520,-4.420000,0.019520,0.000001
22,mobley_3546460,-4.275129,-4.400000,0.124871,0.000029
22,mobley_8311303,-3.828423,-4.380000,0.551577,0.000572
22,mobley_9741965,-6.430451,-4.290000,2.140451,0.008615
22,mobley_4603202,-4.882331,-4.230000,0.652331,0.000800
22,mobley_628086,-3.947547,-4.160000,0.212453,0.000085
22,mobley_4620651,-3.536352,-4.100000,0.563648,0.000597
22,mobley_7977115,-4.131418,-4.060000,0.071418,0.000010
22,mobley_2789243,-3.360243,-4.010000,0.649757,0.000794
22,mobley_3968739,-3.759272,-3.920000,0.160728,0.000049
22,mobley_63712,-3.281715,-3.880000,0.598285,0.000673
22,mobley_1046331,-3.879039,-3.820000,0.059039,0.000007
22,mobley_1160109,-3.107090,-3.750000,0.642910,0.000777
22,mobley_4149784,-2.948764,-3.670000,0.721236,0.000978
22,mobley_397645,-3.924151,-3.640000,0.284151,0.000152
22,mobley_4690963,-4.895689,-3.540000,1.355690,0.003456
22,mobley_1967551,-3.100445,-3.500000,0.399555,0.000300
22,mobley_6733657,-2.009032,-3.440000,1.430968,0.003851
22,mobley_9565165,-3.559283,-3.350000,0.209283,0.000082
22,mobley_2487143,-3.145620,-3.280000,0.134380,0.000034
22,mobley_8449031,-2.696923,-3.220000,0.523077,0.000515
22,mobley_172879,-3.113863,-3.150000,0.036137,0.000002
22,mobley_5346580,-1.287237,-3.110000,1.822763,0.006248
22,mobley_3573480,-2.891587,-3.040000,0.148412,0.000041
22,mobley_1075836,-2.679625,-2.930000,0.250376,0.000118
22,mobley_6102880,-4.025522,-2.870000,1.155522,0.002511
22,mobley_1827204,-2.664431,-2.810000,0.145569,0.000040
22,mobley_2146331,-1.519208,-2.750000,1.230792,0.002849
22,mobley_7943327,-2.512877,-2.680000,0.167123,0.000053
22,mobley_5110043,-2.881377,-2.630000,0.251377,0.000119
22,mobley_5616693,-2.593092,-2.530000,0.063092,0.000007
22,mobley_6619554,-2.195781,-2.490000,0.294219,0.000163
22,mobley_6359156,-3.578987,-2.460000,1.118987,0.002355
22,mobley_1781152,-2.015728,-2.400000,0.384272,0.000278
22,mobley_859464,-2.291276,-2.360000,0.068724,0.000009
22,mobley_7150646,-1.646101,-2.300000,0.653899,0.000804
22,mobley_1592519,-2.869069,-2.230000,0.639069,0.000768
22,mobley_5538249,-1.351852,-2.160000,0.808148,0.001228
22,mobley_6911232,-1.686220,-2.100000,0.413780,0.000322
22,mobley_3269565,-1.277879,-2.010000,0.732121,0.001008
22,mobley_2484519,-3.016500,-1.930000,1.086500,0.002220
22,mobley_7690440,-3.340366,-1.830000,1.510366,0.004290
22,mobley_3802803,-1.852517,-1.660000,0.192517,0.000070
22,mobley_1144156,-1.492081,-1.590000,0.097919,0.000018
22,mobley_2481002,-2.781447,-1.450000,1.331447,0.003334
22,mobley_2489709,-1.530981,-1.360000,0.170981,0.000055
22,mobley_5052949,-0.530899,-1.280000,0.749101,0.001055
22,mobley_2492140,-1.400627,-1.230000,0.170627,0.000055
22,mobley_7542832,-1.254173,-1.160000,0.094173,0.000017
22,mobley_7814642,-1.796274,-1.120000,0.676274,0.000860
22,mobley_1563176,-1.077823,-0.990000,0.087823,0.000015
22,mobley_1873346,-0.753159,-0.900000,0.146841,0.000041
22,mobley_3040612,-0.788705,-0.850000,0.061296,0.000007
22,mobley_4483973,-2.197509,-0.800000,1.397509,0.003673
22,mobley_9913368,-1.601912,-0.780000,0.821912,0.001270
22,mobley_1449384,-0.584877,-0.680000,0.095123,0.000017
22,mobley_7708038,-0.580449,-0.560000,0.020449,0.000001
22,mobley_8311321,-0.182192,-0.500000,0.317808,0.000190
22,mobley_766666,-0.553084,-0.440000,0.113084,0.000024
22,mobley_5445548,-0.577932,-0.300000,0.277932,0.000145
22,mobley_9029594,-0.937621,-0.220000,0.717621,0.000968
22,mobley_3370989,-1.619194,-0.110000,1.509194,0.004283
22,mobley_627267,-0.197850,-0.030000,0.167850,0.000053
22,mobley_6250025,0.559969,0.080000,0.479969,0.000433
22,mobley_4252724,-0.579039,0.160000,0.739039,0.001027
22,mobley_7157427,0.308170,0.290000,0.018171,0.000001
22,mobley_8885088,-0.079476,0.560000,0.639476,0.000769
22,mobley_8522124,1.054443,0.710000,0.344443,0.000223
22,mobley_4678740,0.019948,1.070000,1.050053,0.002073
22,mobley_2689721,0.793867,1.230000,0.436133,0.000358
22,mobley_1662128,1.250116,1.380000,0.129884,0.000032
22,mobley_4762983,2.108648,1.660000,0.448648,0.000379
22,mobley_7732703,-0.116255,1.790000,1.906255,0.006833
22,mobley_2068538,1.335905,2.000000,0.664095,0.000829
22,mobley_5157661,1.880042,2.300000,0.419958,0.000332
22,mobley_1261349,2.744497,2.510000,0.234497,0.000103
22,mobley_2328633,2.076605,2.550000,0.473395,0.000421
22,mobley_8436428,2.951035,2.830000,0.121035,0.000028
22,mobley_3060426,3.640638,2.930000,0.710638,0.000950
22,mobley_2197088,3.298281,3.160000,0.138281,0.000036
23,mobley_9534740,-21.214861,-25.469999,4.255138,0.034048
23,mobley_6239320,-20.925276,-18.059999,2.865276,0.015438
23,mobley_7794077,-13.450363,-15.460000,2.009637,0.007594
23,mobley_7415647,-12.547366,-11.950000,0.597366,0.000671
23,mobley_1728386,-10.091190,-11.000000,0.908810,0.001553
23,mobley_2269032,-9.849726,-10.210000,0.360274,0.000244
23,mobley_2913224,-7.391802,-9.940000,2.548197,0.012210
23,mobley_2659552,-9.121833,-9.760000,0.638167,0.000766
23,mobley_7176290,-9.277021,-9.620000,0.342978,0.000221
23,mobley_2295058,-8.737034,-9.510000,0.772966,0.001124
23,mobley_6055410,-11.855491,-9.400000,2.455491,0.011338
23,mobley_4639255,-9.383835,-9.300000,0.083835,0.000013
23,mobley_1417007,-4.896415,-9.010000,4.113585,0.031820
23,mobley_6115639,-9.512035,-8.700000,0.812036,0.001240
23,mobley_6353617,-7.418345,-8.260000,0.841655,0.001332
23,mobley_2725215,-9.026747,-7.980000,1.046747,0.002060
23,mobley_7039935,-6.761006,-7.670000,0.908994,0.001554
23,mobley_4059279,-6.304969,-7.580000,1.275031,0.003057
23,mobley_951560,-9.563346,-7.400000,2.163346,0.008801
23,mobley_1922649,-9.761210,-7.190000,2.571210,0.012432
23,mobley_8798016,-7.632163,-7.000000,0.632163,0.000751
23,mobley_1858644,-6.606597,-6.790000,0.183403,0.000063
23,mobley_9114381,-5.564022,-6.720000,1.155978,0.002513
23,mobley_5311804,-5.663267,-6.620000,0.956733,0.001721
23,mobley_6743808,-6.517420,-6.500000,0.017420,0.000001
23,mobley_8789864,-5.711773,-6.400000,0.688227,0.000891
23,mobley_7009711,-6.643757,-6.270000,0.373757,0.000263
23,mobley_8789465,-4.446895,-6.200000,1.753105,0.005779
23,mobley_2923700,-6.087405,-6.130000,0.042595,0.000003
23,mobley_4780078,-5.219021,-6.010000,0.790979,0.001177
23,mobley_5467162,-5.480472,-5.910000,0.429528,0.000347
23,mobley_6257907,-6.096799,-5.820000,0.276799,0.000144
23,mobley_7913234,-6.305351,-5.730000,0.575351,0.000622
23,mobley_5518547,-5.716110,-5.570000,0.146110,0.000040
23,mobley_4883284,-5.644991,-5.490000,0.154991,0.000045
23,mobley_5220185,-5.323180,-5.450000,0.126820,0.000030
23,mobley_3359593,-5.498603,-5.260000,0.238603,0.000107
23,mobley_4683624,-5.875637,-5.210000,0.665637,0.000833
23,mobley_1636752,-3.448894,-5.100000,1.651106,0.005126
23,mobley_2310185,-4.635667,-5.000000,0.364333,0.000250
23,mobley_3682850,-4.009311,-4.910000,0.900689,0.001525
23,mobley_1363784,-4.770247,-4.840000,0.069753,0.000009
23,mobley_2837389,-4.265211,-4.780000,0.514789,0.000498
23,mobley_9507933,-4.826795,-4.720000,0.106795,0.000021
23,mobley_296847,-4.725774,-4.690000,0.035774,0.000002
23,mobley_8208692,-2.779548,-4.610000,1.830452,0.006301
23,mobley_4884177,-4.436536,-4.590000,0.153464,0.000044
23,mobley_6714389,-4.120442,-4.550000,0.429558,0.000347
23,mobley_2245668,-4.315976,-4.500000,0.184024,0.000064
23,mobley_5973402,-4.466602,-4.420000,0.046602,0.000004
23,mobley_3546460,-4.306209,-4.400000,0.093791,0.000017
23,mobley_8311303,-3.202179,-4.380000,1.177821,0.002609
23,mobley_9741965,-6.531141,-4.290000,2.241141,0.009445
23,mobley_4603202,-4.775953,-4.230000,0.545953,0.000560
23,mobley_628086,-4.217681,-4.160000,0.057681,0.000006
23,mobley_4620651,-3.608117,-4.100000,0.491883,0.000455
23,mobley_7977115,-4.197668,-4.060000,0.137668,0.000036
23,mobley_2789243,-3.513040,-4.010000,0.496960,0.000464
23,mobley_3968739,-3.627748,-3.920000,0.292252,0.000161
23,mobley_63712,-3.319875,-3.880000,0.560125,0.000590
23,mobley_1046331,-3.802550,-3.820000,0.017450,0.000001
23,mobley_1160109,-3.118412,-3.750000,0.631588,0.000750
23,mobley_4149784,-3.566082,-3.670000,0.103918,0.000020
23,mobley_397645,-3.834730,-3.640000,0.194730,0.000071
23,mobley_4690963,-4.780945,-3.540000,1.240945,0.002896
23,mobley_1967551,-3.181819,-3.500000,0.318181,0.000190
23,mobley_6733657,-1.591747,-3.440000,1.848253,0.006424
23,mobley_9565165,-3.261108,-3.350000,0.088892,0.000015
23,mobley_2487143,-3.300403,-3.280000,0.020403,0.000001
23,mobley_8449031,-2.665793,-3.220000,0.554207,0.000578
23,mobley_172879,-2.919434,-3.150000,0.230566,0.000100
23,mobley_5346580,-1.465735,-3.110000,1.644265,0.005084
23,mobley_3573480,-3.059510,-3.040000,0.019510,0.000001
23,mobley_1075836,-2.664865,-2.930000,0.265136,0.000132
23,mobley_6102880,-3.961239,-2.870000,1.091239,0.002239
23,mobley_1827204,-2.785223,-2.810000,0.024776,0.000001
23,mobley_2146331,-1.552409,-2.750000,1.197591,0.002697
23,mobley_7943327,-2.639307,-2.680000,0.040694,0.000003
23,mobley_5110043,-2.668204,-2.630000,0.038203,0.000003
23,mobley_5616693,-2.675574,-2.530000,0.145574,0.000040
23,mobley_6619554,-2.213006,-2.490000,0.276994,0.000144
23,mobley_6359156,-3.710253,-2.460000,1.250253,0.002939
23,mobley_1781152,-2.304742,-2.400000,0.095258,0.000017
23,mobley_859464,-2.348225,-2.360000,0.011775,0.000000
23,mobley_7150646,-1.610756,-2.300000,0.689244,0.000893
23,mobley_1592519,-3.043902,-2.230000,0.813902,0.001246
23,mobley_5538249,-1.185042,-2.160000,0.974958,0.001787
23,mobley_6911232,-1.718280,-2.100000,0.381720,0.000274
23,mobley_3269565,-1.397146,-2.010000,0.612854,0.000706
23,mobley_2484519,-2.785706,-1.930000,0.855706,0.001377
23,mobley_7690440,-3.296497,-1.830000,1.466497,0.004044
23,mobley_3802803,-1.777414,-1.660000,0.117414,0.000026
23,mobley_1144156,-1.464747,-1.590000,0.125253,0.000030
23,mobley_2481002,-2.776533,-1.450000,1.326533,0.003309
23,mobley_2489709,-1.649542,-1.360000,0.289542,0.000158
23,mobley_5052949,-0.598297,-1.280000,0.681703,0.000874
23,mobley_2492140,-1.433977,-1.230000,0.203977,0.000078
23,mobley_7542832,-1.289988,-1.160000,0.129988,0.000032
23,mobley_7814642,-1.532673,-1.120000,0.412673,0.000320
23,mobley_1563176,-1.117377,-0.990000,0.127377,0.000031
23,mobley_1873346,-0.698047,-0.900000,0.201953,0.000077
23,mobley_3040612,-0.689370,-0.850000,0.160630,0.000049
23,mobley_4483973,-2.131616,-0.800000,1.331616,0.003334
23,mobley_9913368,-1.641395,-0.780000,0.861395,0.001395
23,mobley_1449384,-0.543218,-0.680000,0.136782,0.000035
23,mobley_7708038,-0.619242,-0.560000,0.059242,0.000007
23,mobley_8311321,-0.162905,-0.500000,0.337095,0.000214
23,mobley_766666,-0.519744,-0.440000,0.079744,0.000012
23,mobley_5445548,-0.550883,-0.300000,0.250883,0.000118
23,mobley_9029594,-1.189257,-0.220000,0.969257,0.001767
23,mobley_3370989,-1.593004,-0.110000,1.483004,0.004136
23,mobley_627267,-0.310643,-0.030000,0.280643,0.000148
23,mobley_6250025,0.458165,0.080000,0.378165,0.000269
23,mobley_4252724,-0.559403,0.160000,0.719403,0.000973
23,mobley_7157427,0.306849,0.290000,0.016849,0.000001
23,mobley_8885088,-0.167536,0.560000,0.727536,0.000995
23,mobley_8522124,0.946432,0.710000,0.236432,0.000105
23,mobley_4678740,-0.525196,1.070000,1.595196,0.004785
23,mobley_2689721,0.654388,1.230000,0.575612,0.000623
23,mobley_1662128,1.076074,1.380000,0.303926,0.000174
23,mobley_4762983,1.849593,1.660000,0.189593,0.000068
23,mobley_7732703,-0.198330,1.790000,1.988330,0.007434
23,mobley_2068538,1.247746,2.000000,0.752254,0.001064
23,mobley_5157661,1.692001,2.300000,0.607999,0.000695
23,mobley_1261349,2.441149,2.510000,0.068851,0.000009
23,mobley_2328633,1.877334,2.550000,0.672666,0.000851
23,mobley_8436428,2.730217,2.830000,0.099783,0.000019
23,mobley_3060426,3.377204,2.930000,0.447204,0.000376
23,mobley_2197088,3.100634,3.160000,0.059366,0.000007
24,mobley_9534740,-21.565746,-25.469999,3.904253,0.028664
24,mobley_6239320,-22.636875,-18.059999,4.576876,0.039391
24,mobley_7794077,-14.208268,-15.460000,1.251732,0.002946
24,mobley_7415647,-13.233120,-11.950000,1.283120,0.003096
24,mobley_1728386,-10.332524,-11.000000,0.667476,0.000838
24,mobley_2269032,-10.087243,-10.210000,0.122757,0.000028
24,mobley_2913224,-7.711560,-9.940000,2.228439,0.009338
24,mobley_2659552,-9.434547,-9.760000,0.325453,0.000199
24,mobley_7176290,-9.702941,-9.620000,0.082941,0.000013
24,mobley_2295058,-8.625683,-9.510000,0.884317,0.001471
24,mobley_6055410,-12.190105,-9.400000,2.790106,0.014639
24,mobley_4639255,-9.503290,-9.300000,0.203290,0.000078
24,mobley_1417007,-4.363335,-9.010000,4.646665,0.040602
24,mobley_6115639,-9.782990,-8.700000,1.082991,0.002206
24,mobley_6353617,-7.431082,-8.260000,0.828918,0.001292
24,mobley_2725215,-9.194002,-7.980000,1.214002,0.002771
24,mobley_7039935,-6.774167,-7.670000,0.895833,0.001509
24,mobley_4059279,-6.663787,-7.580000,0.916213,0.001579
24,mobley_951560,-9.722182,-7.400000,2.322182,0.010140
24,mobley_1922649,-10.120495,-7.190000,2.930495,0.016149
24,mobley_8798016,-7.629060,-7.000000,0.629060,0.000744
24,mobley_1858644,-6.730515,-6.790000,0.059485,0.000007
24,mobley_9114381,-5.707741,-6.720000,1.012259,0.001927
24,mobley_5311804,-5.777870,-6.620000,0.842130,0.001334
24,mobley_6743808,-6.477192,-6.500000,0.022808,0.000001
24,mobley_8789864,-6.686986,-6.400000,0.286986,0.000155
24,mobley_7009711,-6.625294,-6.270000,0.355294,0.000237
24,mobley_8789465,-4.238019,-6.200000,1.961980,0.007239
24,mobley_2923700,-6.034379,-6.130000,0.095621,0.000017
24,mobley_4780078,-5.141263,-6.010000,0.868737,0.001419
24,mobley_5467162,-5.513808,-5.910000,0.396192,0.000295
24,mobley_6257907,-6.384541,-5.820000,0.564540,0.000599
24,mobley_7913234,-6.595032,-5.730000,0.865032,0.001407
24,mobley_5518547,-5.703978,-5.570000,0.133978,0.000034
24,mobley_4883284,-5.639462,-5.490000,0.149462,0.000042
24,mobley_5220185,-5.659185,-5.450000,0.209185,0.000082
24,mobley_3359593,-5.717608,-5.260000,0.457608,0.000394
24,mobley_4683624,-5.835431,-5.210000,0.625431,0.000736
24,mobley_1636752,-3.441616,-5.100000,1.658384,0.005172
24,mobley_2310185,-4.655210,-5.000000,0.344790,0.000224
24,mobley_3682850,-4.077864,-4.910000,0.832136,0.001302
24,mobley_1363784,-4.857557,-4.840000,0.017557,0.000001
24,mobley_2837389,-4.177741,-4.780000,0.602260,0.000682
24,mobley_9507933,-4.936597,-4.720000,0.216597,0.000088
24,mobley_296847,-4.650317,-4.690000,0.039683,0.000003
24,mobley_8208692,-2.561329,-4.610000,2.048671,0.007892
24,mobley_4884177,-4.506168,-4.590000,0.083832,0.000013
24,mobley_6714389,-4.157437,-4.550000,0.392563,0.000290
24,mobley_2245668,-4.385607,-4.500000,0.114393,0.000025
24,mobley_5973402,-4.595821,-4.420000,0.175821,0.000058
24,mobley_3546460,-4.429039,-4.400000,0.029039,0.000002
24,mobley_8311303,-3.197473,-4.380000,1.182528,0.002630
24,mobley_9741965,-7.059586,-4.290000,2.769586,0.014424
24,mobley_4603202,-5.560156,-4.230000,1.330156,0.003327
24,mobley_628086,-4.446472,-4.160000,0.286472,0.000154
24,mobley_4620651,-3.891047,-4.100000,0.208953,0.000082
24,mobley_7977115,-4.376903,-4.060000,0.316903,0.000189
24,mobley_2789243,-3.655681,-4.010000,0.354319,0.000236
24,mobley_3968739,-3.693644,-3.920000,0.226356,0.000096
24,mobley_63712,-3.589375,-3.880000,0.290625,0.000159
24,mobley_1046331,-3.867672,-3.820000,0.047673,0.000004
24,mobley_1160109,-3.459137,-3.750000,0.290863,0.000159
24,mobley_4149784,-4.049536,-3.670000,0.379536,0.000271
24,mobley_397645,-3.846487,-3.640000,0.206487,0.000080
24,mobley_4690963,-5.227457,-3.540000,1.687457,0.005355
24,mobley_1967551,-3.143264,-3.500000,0.356736,0.000239
24,mobley_6733657,-1.412821,-3.440000,2.027179,0.007728
24,mobley_9565165,-3.329247,-3.350000,0.020753,0.000001
24,mobley_2487143,-3.565112,-3.280000,0.285112,0.000153
24,mobley_8449031,-3.046096,-3.220000,0.173904,0.000057
24,mobley_172879,-2.889951,-3.150000,0.260049,0.000127
24,mobley_5346580,-1.540299,-3.110000,1.569701,0.004633
24,mobley_3573480,-3.344326,-3.040000,0.304326,0.000174
24,mobley_1075836,-2.781858,-2.930000,0.148142,0.000041
24,mobley_6102880,-4.170154,-2.870000,1.300154,0.003179
24,mobley_1827204,-2.907578,-2.810000,0.097578,0.000018
24,mobley_2146331,-1.542292,-2.750000,1.207708,0.002743
24,mobley_7943327,-2.939126,-2.680000,0.259126,0.000126
24,mobley_5110043,-2.710051,-2.630000,0.080050,0.000012
24,mobley_5616693,-3.034237,-2.530000,0.504237,0.000478
24,mobley_6619554,-2.461445,-2.490000,0.028555,0.000002
24,mobley_6359156,-4.374711,-2.460000,1.914711,0.006894
24,mobley_1781152,-2.897932,-2.400000,0.497931,0.000466
24,mobley_859464,-2.644143,-2.360000,0.284143,0.000152
24,mobley_7150646,-1.639909,-2.300000,0.660091,0.000819
24,mobley_1592519,-3.403586,-2.230000,1.173586,0.002590
24,mobley_5538249,-1.422823,-2.160000,0.737177,0.001022
24,mobley_6911232,-1.794821,-2.100000,0.305179,0.000175
24,mobley_3269565,-1.598675,-2.010000,0.411325,0.000318
24,mobley_2484519,-2.973903,-1.930000,1.043903,0.002049
24,mobley_7690440,-3.333631,-1.830000,1.503631,0.004252
24,mobley_3802803,-1.849404,-1.660000,0.189404,0.000067
24,mobley_1144156,-1.710807,-1.590000,0.120807,0.000027
24,mobley_2481002,-2.749671,-1.450000,1.299670,0.003176
24,mobley_2489709,-2.009354,-1.360000,0.649354,0.000793
24,mobley_5052949,-0.833489,-1.280000,0.446511,0.000375
24,mobley_2492140,-1.057312,-1.230000,0.172688,0.000056
24,mobley_7542832,-1.551930,-1.160000,0.391930,0.000289
24,mobley_7814642,-1.650972,-1.120000,0.530972,0.000530
24,mobley_1563176,-1.140341,-0.990000,0.150341,0.000043
24,mobley_1873346,-0.719388,-0.900000,0.180612,0.000061
24,mobley_3040612,-0.849007,-0.850000,0.000993,0.000000
24,mobley_4483973,-2.046186,-0.800000,1.246186,0.002920
24,mobley_9913368,-1.708879,-0.780000,0.928879,0.001622
24,mobley_1449384,-0.698625,-0.680000,0.018625,0.000001
24,mobley_7708038,-0.558520,-0.560000,0.001480,0.000000
24,mobley_8311321,-0.187337,-0.500000,0.312663,0.000184
24,mobley_766666,-0.480668,-0.440000,0.040668,0.000003
24,mobley_5445548,-0.716361,-0.300000,0.416361,0.000326
24,mobley_9029594,-0.821042,-0.220000,0.601042,0.000679
24,mobley_3370989,-1.694553,-0.110000,1.584553,0.004721
24,mobley_627267,-0.288008,-0.030000,0.258008,0.000125
24,mobley_6250025,0.449195,0.080000,0.369195,0.000256
24,mobley_4252724,-0.726267,0.160000,0.886267,0.001477
24,mobley_7157427,0.101666,0.290000,0.188334,0.000067
24,mobley_8885088,-0.126167,0.560000,0.686167,0.000885
24,mobley_8522124,0.938907,0.710000,0.228907,0.000099
24,mobley_4678740,-0.805557,1.070000,1.875558,0.006615
24,mobley_2689721,0.578063,1.230000,0.651937,0.000799
24,mobley_1662128,1.169726,1.380000,0.210274,0.000083
24,mobley_4762983,1.919217,1.660000,0.259217,0.000126
24,mobley_7732703,-0.115075,1.790000,1.905075,0.006825
24,mobley_2068538,1.233079,2.000000,0.766921,0.001106
24,mobley_5157661,1.701797,2.300000,0.598203,0.000673
24,mobley_1261349,2.531246,2.510000,0.021246,0.000001
24,mobley_2328633,1.699368,2.550000,0.850632,0.001361
24,mobley_8436428,2.672292,2.830000,0.157708,0.000047
24,mobley_3060426,3.173146,2.930000,0.243146,0.000111
24,mobley_2197088,2.917413,3.160000,0.242587,0.000111
25,mobley_9534740,-21.662222,-25.469999,3.807777,0.027265
25,mobley_6239320,-21.990585,-18.059999,3.930586,0.029052
25,mobley_7794077,-14.250276,-15.460000,1.209724,0.002752
25,mobley_7415647,-13.758176,-11.950000,1.808176,0.006148
25,mobley_1728386,-10.115967,-11.000000,0.884033,0.001470
25,mobley_2269032,-9.981923,-10.210000,0.228077,0.000098
25,mobley_2913224,-7.800079,-9.940000,2.139921,0.008611
25,mobley_2659552,-9.747823,-9.760000,0.012177,0.000000
25,mobley_7176290,-9.518752,-9.620000,0.101248,0.000019
25,mobley_2295058,-9.388317,-9.510000,0.121683,0.000028
25,mobley_6055410,-11.744330,-9.400000,2.344331,0.010335
25,mobley_4639255,-9.720401,-9.300000,0.420401,0.000332
25,mobley_1417007,-5.045006,-9.010000,3.964994,0.029563
25,mobley_6115639,-12.768661,-8.700000,4.068661,0.031129
25,mobley_6353617,-7.681695,-8.260000,0.578306,0.000629
25,mobley_2725215,-9.242654,-7.980000,1.262654,0.002998
25,mobley_7039935,-6.829459,-7.670000,0.840541,0.001329
25,mobley_4059279,-7.709422,-7.580000,0.129422,0.000031
25,mobley_951560,-10.163890,-7.400000,2.763890,0.014365
25,mobley_1922649,-11.536389,-7.190000,4.346389,0.035524
25,mobley_8798016,-7.753121,-7.000000,0.753121,0.001067
25,mobley_1858644,-6.934347,-6.790000,0.144347,0.000039
25,mobley_9114381,-6.125413,-6.720000,0.594587,0.000665
25,mobley_5311804,-6.017340,-6.620000,0.602660,0.000683
25,mobley_6743808,-6.587234,-6.500000,0.087234,0.000014
25,mobley_8789864,-7.589631,-6.400000,1.189631,0.002661
25,mobley_7009711,-6.506827,-6.270000,0.236827,0.000105
25,mobley_8789465,-4.592474,-6.200000,1.607526,0.004859
25,mobley_2923700,-6.196729,-6.130000,0.066729,0.000008
25,mobley_4780078,-5.255075,-6.010000,0.754926,0.001072
25,mobley_5467162,-5.497298,-5.910000,0.412702,0.000320
25,mobley_6257907,-6.161401,-5.820000,0.341401,0.000219
25,mobley_7913234,-7.187623,-5.730000,1.457623,0.003995
25,mobley_5518547,-6.023926,-5.570000,0.453926,0.000387
25,mobley_4883284,-5.982263,-5.490000,0.492263,0.000456
25,mobley_5220185,-5.690528,-5.450000,0.240529,0.000109
25,mobley_3359593,-6.069221,-5.260000,0.809220,0.001231
25,mobley_4683624,-5.988113,-5.210000,0.778113,0.001139
25,mobley_1636752,-3.926433,-5.100000,1.173567,0.002590
25,mobley_2310185,-5.107528,-5.000000,0.107528,0.000022
25,mobley_3682850,-4.143679,-4.910000,0.766321,0.001104
25,mobley_1363784,-4.729272,-4.840000,0.110728,0.000023
25,mobley_2837389,-4.268311,-4.780000,0.511690,0.000492
25,mobley_9507933,-4.988493,-4.720000,0.268493,0.000136
25,mobley_296847,-4.869514,-4.690000,0.179513,0.000061
25,mobley_8208692,-3.943666,-4.610000,0.666334,0.000835
25,mobley_4884177,-4.565138,-4.590000,0.024862,0.000001
25,mobley_6714389,-4.597929,-4.550000,0.047928,0.000004
25,mobley_2245668,-4.557617,-4.500000,0.057617,0.000006
25,mobley_5973402,-4.769658,-4.420000,0.349658,0.000230
25,mobley_3546460,-4.682893,-4.400000,0.282893,0.000150
25,mobley_8311303,-3.986364,-4.380000,0.393636,0.000291
25,mobley_9741965,-7.998102,-4.290000,3.708102,0.025856
25,mobley_4603202,-5.757053,-4.230000,1.527053,0.004385
25,mobley_628086,-4.299945,-4.160000,0.139945,0.000037
25,mobley_4620651,-4.308394,-4.100000,0.208394,0.000082
25,mobley_7977115,-4.673348,-4.060000,0.613348,0.000707
25,mobley_2789243,-4.039779,-4.010000,0.029778,0.000002
25,mobley_3968739,-4.184180,-3.920000,0.264180,0.000131
25,mobley_63712,-3.951932,-3.880000,0.071932,0.000010
25,mobley_1046331,-4.096182,-3.820000,0.276182,0.000143
25,mobley_1160109,-3.155602,-3.750000,0.594398,0.000664
25,mobley_4149784,-3.938913,-3.670000,0.268913,0.000136
25,mobley_397645,-4.512594,-3.640000,0.872594,0.001432
25,mobley_4690963,-6.246650,-3.540000,2.706650,0.013776
25,mobley_1967551,-3.322890,-3.500000,0.177110,0.000059
25,mobley_6733657,-3.093759,-3.440000,0.346241,0.000225
25,mobley_9565165,-3.207313,-3.350000,0.142687,0.000038
25,mobley_2487143,-3.343257,-3.280000,0.063257,0.000008
25,mobley_8449031,-3.359417,-3.220000,0.139417,0.000037
25,mobley_172879,-3.031018,-3.150000,0.118982,0.000027
25,mobley_5346580,-1.671024,-3.110000,1.438976,0.003894
25,mobley_3573480,-3.137857,-3.040000,0.097857,0.000018
25,mobley_1075836,-3.212438,-2.930000,0.282438,0.000150
25,mobley_6102880,-4.203790,-2.870000,1.333790,0.003345
25,mobley_1827204,-2.802762,-2.810000,0.007238,0.000000
25,mobley_2146331,-1.703845,-2.750000,1.046155,0.002058
25,mobley_7943327,-3.356779,-2.680000,0.676779,0.000861
25,mobley_5110043,-2.472752,-2.630000,0.157248,0.000046
25,mobley_5616693,-2.651550,-2.530000,0.121550,0.000028
25,mobley_6619554,-2.956764,-2.490000,0.466764,0.000410
25,mobley_6359156,-4.050172,-2.460000,1.590172,0.004755
25,mobley_1781152,-2.901691,-2.400000,0.501691,0.000473
25,mobley_859464,-3.147645,-2.360000,0.787645,0.001167
25,mobley_7150646,-1.829222,-2.300000,0.470778,0.000417
25,mobley_1592519,-3.649065,-2.230000,1.419065,0.003787
25,mobley_5538249,-1.921151,-2.160000,0.238849,0.000107
25,mobley_6911232,-2.471004,-2.100000,0.371004,0.000259
25,mobley_3269565,-2.134666,-2.010000,0.124666,0.000029
25,mobley_2484519,-2.999555,-1.930000,1.069555,0.002151
25,mobley_7690440,-3.384750,-1.830000,1.554750,0.004546
25,mobley_3802803,-2.755518,-1.660000,1.095518,0.002257
25,mobley_1144156,-2.415639,-1.590000,0.825639,0.001282
25,mobley_2481002,-2.930737,-1.450000,1.480737,0.004123
25,mobley_2489709,-2.188854,-1.360000,0.828854,0.001292
25,mobley_5052949,-0.919215,-1.280000,0.360785,0.000245
25,mobley_2492140,-1.623877,-1.230000,0.393877,0.000292
25,mobley_7542832,-2.018146,-1.160000,0.858146,0.001385
25,mobley_7814642,-2.055299,-1.120000,0.935299,0.001645
25,mobley_1563176,-1.101912,-0.990000,0.111912,0.000024
25,mobley_1873346,-0.744104,-0.900000,0.155896,0.000046
25,mobley_3040612,-0.676483,-0.850000,0.173517,0.000057
25,mobley_4483973,-2.288661,-0.800000,1.488661,0.004167
25,mobley_9913368,-1.735920,-0.780000,0.955920,0.001718
25,mobley_1449384,-0.376136,-0.680000,0.303864,0.000174
25,mobley_7708038,-0.723341,-0.560000,0.163341,0.000050
25,mobley_8311321,-0.328604,-0.500000,0.171396,0.000055
25,mobley_766666,-0.823105,-0.440000,0.383105,0.000276
25,mobley_5445548,-0.475921,-0.300000,0.175921,0.000058
25,mobley_9029594,-1.362185,-0.220000,1.142185,0.002453
25,mobley_3370989,-2.037014,-0.110000,1.927014,0.006983
25,mobley_627267,-0.393777,-0.030000,0.363777,0.000249
25,mobley_6250025,0.410105,0.080000,0.330105,0.000205
25,mobley_4252724,-0.574997,0.160000,0.734997,0.001016
25,mobley_7157427,-0.053975,0.290000,0.343975,0.000222
25,mobley_8885088,-0.222600,0.560000,0.782600,0.001152
25,mobley_8522124,0.932614,0.710000,0.222614,0.000093
25,mobley_4678740,-0.286087,1.070000,1.356087,0.003458
25,mobley_2689721,0.533404,1.230000,0.696596,0.000912
25,mobley_1662128,1.101533,1.380000,0.278467,0.000146
25,mobley_4762983,1.853271,1.660000,0.193271,0.000070
25,mobley_7732703,0.080826,1.790000,1.709174,0.005493
25,mobley_2068538,1.259681,2.000000,0.740319,0.001031
25,mobley_5157661,1.676746,2.300000,0.623254,0.000730
25,mobley_1261349,2.374130,2.510000,0.135870,0.000035
25,mobley_2328633,1.771324,2.550000,0.778676,0.001140
25,mobley_8436428,2.659768,2.830000,0.170232,0.000054
25,mobley_3060426,3.297313,2.930000,0.367313,0.000254
25,mobley_2197088,2.951314,3.160000,0.208686,0.000082
26,mobley_9534740,-20.722961,-25.469999,4.747038,0.042375
26,mobley_6239320,-21.966208,-18.059999,3.906208,0.028693
26,mobley_7794077,-13.934483,-15.460000,1.525517,0.004376
26,mobley_7415647,-11.940995,-11.950000,0.009005,0.000000
26,mobley_1728386,-10.085944,-11.000000,0.914056,0.001571
26,mobley_2269032,-9.241524,-10.210000,0.968476,0.001764
26,mobley_2913224,-7.100026,-9.940000,2.839973,0.015167
26,mobley_2659552,-8.358048,-9.760000,1.401952,0.003696
26,mobley_7176290,-8.969369,-9.620000,0.650631,0.000796
26,mobley_2295058,-8.412457,-9.510000,1.097543,0.002265
26,mobley_6055410,-11.654155,-9.400000,2.254155,0.009555
26,mobley_4639255,-8.890970,-9.300000,0.409030,0.000315
26,mobley_1417007,-4.191504,-9.010000,4.818496,0.043660
26,mobley_6115639,-7.873617,-8.700000,0.826383,0.001284
26,mobley_6353617,-7.175180,-8.260000,1.084820,0.002213
26,mobley_2725215,-8.877850,-7.980000,0.897850,0.001516
26,mobley_7039935,-6.535267,-7.670000,1.134733,0.002421
26,mobley_4059279,-5.817007,-7.580000,1.762993,0.005845
26,mobley_951560,-9.207731,-7.400000,1.807731,0.006145
26,mobley_1922649,-8.947001,-7.190000,1.757001,0.005805
26,mobley_8798016,-7.350728,-7.000000,0.350728,0.000231
26,mobley_1858644,-6.433738,-6.790000,0.356262,0.000239
26,mobley_9114381,-5.139957,-6.720000,1.580043,0.004695
26,mobley_5311804,-5.500417,-6.620000,1.119583,0.002357
26,mobley_6743808,-6.374611,-6.500000,0.125389,0.000030
26,mobley_8789864,-4.940772,-6.400000,1.459228,0.004004
26,mobley_7009711,-6.367036,-6.270000,0.097036,0.000018
26,mobley_8789465,-4.429999,-6.200000,1.770000,0.005891
26,mobley_2923700,-5.864892,-6.130000,0.265108,0.000132
26,mobley_4780078,-5.301706,-6.010000,0.708294,0.000943
26,mobley_5467162,-5.306107,-5.910000,0.603893,0.000686
26,mobley_6257907,-6.594319,-5.820000,0.774319,0.001127
26,mobley_7913234,-5.809838,-5.730000,0.079838,0.000012
26,mobley_5518547,-5.716477,-5.570000,0.146477,0.000040
26,mobley_4883284,-5.451045,-5.490000,0.038955,0.000003
26,mobley_5220185,-4.913240,-5.450000,0.536759,0.000542
26,mobley_3359593,-5.244222,-5.260000,0.015779,0.000000
26,mobley_4683624,-5.665672,-5.210000,0.455672,0.000390
26,mobley_1636752,-3.063431,-5.100000,2.036569,0.007799
26,mobley_2310185,-4.250242,-5.000000,0.749758,0.001057
26,mobley_3682850,-3.711068,-4.910000,1.198932,0.002703
26,mobley_1363784,-4.851283,-4.840000,0.011282,0.000000
26,mobley_2837389,-4.247246,-4.780000,0.532754,0.000534
26,mobley_9507933,-4.884301,-4.720000,0.164301,0.000051
26,mobley_296847,-4.564516,-4.690000,0.125484,0.000030
26,mobley_8208692,-2.936874,-4.610000,1.673126,0.005264
26,mobley_4884177,-4.373453,-4.590000,0.216547,0.000088
26,mobley_6714389,-3.774248,-4.550000,0.775752,0.001132
26,mobley_2245668,-3.892829,-4.500000,0.607171,0.000693
26,mobley_5973402,-4.118327,-4.420000,0.301673,0.000171
26,mobley_3546460,-4.052789,-4.400000,0.347211,0.000227
26,mobley_8311303,-3.538248,-4.380000,0.841753,0.001332
26,mobley_9741965,-6.542449,-4.290000,2.252450,0.009541
26,mobley_4603202,-5.120120,-4.230000,0.890120,0.001490
26,mobley_628086,-4.057992,-4.160000,0.102008,0.000020
26,mobley_4620651,-3.344060,-4.100000,0.755940,0.001075
26,mobley_7977115,-4.074824,-4.060000,0.014824,0.000000
26,mobley_2789243,-3.458487,-4.010000,0.551513,0.000572
26,mobley_3968739,-3.514185,-3.920000,0.405815,0.000310
26,mobley_63712,-2.970838,-3.880000,0.909162,0.001554
26,mobley_1046331,-3.532836,-3.820000,0.287164,0.000155
26,mobley_1160109,-3.129355,-3.750000,0.620645,0.000724
26,mobley_4149784,-3.601676,-3.670000,0.068324,0.000009
26,mobley_397645,-3.589209,-3.640000,0.050791,0.000005
26,mobley_4690963,-4.074277,-3.540000,0.534277,0.000537
26,mobley_1967551,-2.992099,-3.500000,0.507901,0.000485
26,mobley_6733657,-1.525191,-3.440000,1.914809,0.006895
26,mobley_9565165,-3.394195,-3.350000,0.044195,0.000004
26,mobley_2487143,-3.260632,-3.280000,0.019368,0.000001
26,mobley_8449031,-2.316996,-3.220000,0.903004,0.001533
26,mobley_172879,-2.572481,-3.150000,0.577519,0.000627
26,mobley_5346580,-1.315512,-3.110000,1.794488,0.006055
26,mobley_3573480,-3.021801,-3.040000,0.018199,0.000001
26,mobley_1075836,-2.359264,-2.930000,0.570736,0.000613
26,mobley_6102880,-3.832273,-2.870000,0.962273,0.001741
26,mobley_1827204,-2.756948,-2.810000,0.053052,0.000005
26,mobley_2146331,-1.512595,-2.750000,1.237405,0.002879
26,mobley_7943327,-2.278879,-2.680000,0.401121,0.000303
26,mobley_5110043,-2.726072,-2.630000,0.096071,0.000017
26,mobley_5616693,-2.440598,-2.530000,0.089402,0.000015
26,mobley_6619554,-2.038907,-2.490000,0.451093,0.000383
26,mobley_6359156,-4.847522,-2.460000,2.387522,0.010719
26,mobley_1781152,-1.525891,-2.400000,0.874109,0.001437
26,mobley_859464,-1.927132,-2.360000,0.432868,0.000352
26,mobley_7150646,-1.944488,-2.300000,0.355512,0.000238
26,mobley_1592519,-2.639524,-2.230000,0.409523,0.000315
26,mobley_5538249,-2.151036,-2.160000,0.008965,0.000000
26,mobley_6911232,-1.341745,-2.100000,0.758255,0.001081
26,mobley_3269565,-1.015733,-2.010000,0.994267,0.001859
26,mobley_2484519,-3.075774,-1.930000,1.145774,0.002469
26,mobley_7690440,-2.539452,-1.830000,0.709452,0.000946
26,mobley_3802803,-1.670464,-1.660000,0.010464,0.000000
26,mobley_1144156,-1.100697,-1.590000,0.489303,0.000450
26,mobley_2481002,-2.442025,-1.450000,0.992025,0.001851
26,mobley_2489709,-2.016301,-1.360000,0.656301,0.000810
26,mobley_5052949,-0.543509,-1.280000,0.736491,0.001020
26,mobley_2492140,-0.860227,-1.230000,0.369774,0.000257
26,mobley_7542832,-0.956671,-1.160000,0.203329,0.000078
26,mobley_7814642,-2.131123,-1.120000,1.011123,0.001923
26,mobley_1563176,-1.179408,-0.990000,0.189408,0.000067
26,mobley_1873346,-0.804687,-0.900000,0.095313,0.000017
26,mobley_3040612,-0.755980,-0.850000,0.094020,0.000017
26,mobley_4483973,-1.964700,-0.800000,1.164700,0.002551
26,mobley_9913368,-1.530275,-0.780000,0.750275,0.001059
26,mobley_1449384,-0.628000,-0.680000,0.052000,0.000005
26,mobley_7708038,-0.770023,-0.560000,0.210023,0.000083
26,mobley_8311321,-0.023166,-0.500000,0.476834,0.000428
26,mobley_766666,-0.439283,-0.440000,0.000717,0.000000
26,mobley_5445548,-0.513454,-0.300000,0.213454,0.000086
26,mobley_9029594,-0.819836,-0.220000,0.599836,0.000677
26,mobley_3370989,-1.301963,-0.110000,1.191963,0.002672
26,mobley_627267,-0.360674,-0.030000,0.330674,0.000206
26,mobley_6250025,0.271623,0.080000,0.191623,0.000069
26,mobley_4252724,-0.562748,0.160000,0.722748,0.000982
26,mobley_7157427,0.161335,0.290000,0.128665,0.000031
26,mobley_8885088,-0.323521,0.560000,0.883521,0.001468
26,mobley_8522124,0.673507,0.710000,0.036493,0.000003
26,mobley_4678740,-0.548624,1.070000,1.618624,0.004927
26,mobley_2689721,0.766574,1.230000,0.463426,0.000404
26,mobley_1662128,1.119300,1.380000,0.260700,0.000128
26,mobley_4762983,1.821266,1.660000,0.161266,0.000049
26,mobley_7732703,0.102335,1.790000,1.687665,0.005356
26,mobley_2068538,1.328473,2.000000,0.671527,0.000848
26,mobley_5157661,1.752527,2.300000,0.547473,0.000564
26,mobley_1261349,2.392206,2.510000,0.117794,0.000026
26,mobley_2328633,1.797279,2.550000,0.752721,0.001065
26,mobley_8436428,2.728818,2.830000,0.101182,0.000019
26,mobley_3060426,3.239302,2.930000,0.309302,0.000180
26,mobley_2197088,3.094367,3.160000,0.065633,0.000008
27,mobley_9534740,-21.626427,-25.469999,3.843573,0.027780
27,mobley_6239320,-23.164272,-18.059999,5.104273,0.048993
27,mobley_7794077,-14.680759,-15.460000,0.779241,0.001142
27,mobley_7415647,-12.312881,-11.950000,0.362881,0.000248
27,mobley_1728386,-10.040784,-11.000000,0.959216,0.001730
27,mobley_2269032,-9.463099,-10.210000,0.746901,0.001049
27,mobley_2913224,-7.220889,-9.940000,2.719110,0.013903
27,mobley_2659552,-8.690660,-9.760000,1.069340,0.002150
27,mobley_7176290,-8.884952,-9.620000,0.735048,0.001016
27,mobley_2295058,-8.620058,-9.510000,0.889942,0.001489
27,mobley_6055410,-10.938731,-9.400000,1.538732,0.004452
27,mobley_4639255,-9.568505,-9.300000,0.268505,0.000136
27,mobley_1417007,-4.746153,-9.010000,4.263847,0.034187
27,mobley_6115639,-10.512017,-8.700000,1.812017,0.006174
27,mobley_6353617,-7.457753,-8.260000,0.802248,0.001210
27,mobley_2725215,-9.030362,-7.980000,1.050362,0.002075
27,mobley_7039935,-6.198979,-7.670000,1.471021,0.004069
27,mobley_4059279,-7.158007,-7.580000,0.421993,0.000335
27,mobley_951560,-10.164553,-7.400000,2.764553,0.014372
27,mobley_1922649,-9.401824,-7.190000,2.211824,0.009199
27,mobley_8798016,-7.460603,-7.000000,0.460603,0.000399
27,mobley_1858644,-6.554066,-6.790000,0.235934,0.000105
27,mobley_9114381,-5.433311,-6.720000,1.286689,0.003113
27,mobley_5311804,-5.439103,-6.620000,1.180897,0.002622
27,mobley_6743808,-6.551625,-6.500000,0.051625,0.000005
27,mobley_8789864,-6.110997,-6.400000,0.289003,0.000157
27,mobley_7009711,-6.531385,-6.270000,0.261385,0.000128
27,mobley_8789465,-4.270869,-6.200000,1.929131,0.006998
27,mobley_2923700,-6.180264,-6.130000,0.050264,0.000005
27,mobley_4780078,-5.566883,-6.010000,0.443117,0.000369
27,mobley_5467162,-5.797958,-5.910000,0.112042,0.000024
27,mobley_6257907,-5.348011,-5.820000,0.471989,0.000419
27,mobley_7913234,-6.815758,-5.730000,1.085758,0.002217
27,mobley_5518547,-6.063454,-5.570000,0.493454,0.000458
27,mobley_4883284,-5.740440,-5.490000,0.250441,0.000118
27,mobley_5220185,-5.500161,-5.450000,0.050161,0.000005
27,mobley_3359593,-5.713972,-5.260000,0.453971,0.000388
27,mobley_4683624,-6.008330,-5.210000,0.798330,0.001198
27,mobley_1636752,-3.387227,-5.100000,1.712773,0.005516
27,mobley_2310185,-4.722518,-5.000000,0.277482,0.000145
27,mobley_3682850,-3.845460,-4.910000,1.064540,0.002131
27,mobley_1363784,-4.884891,-4.840000,0.044891,0.000004
27,mobley_2837389,-3.952947,-4.780000,0.827053,0.001286
27,mobley_9507933,-5.165790,-4.720000,0.445790,0.000374
27,mobley_296847,-4.389736,-4.690000,0.300264,0.000170
27,mobley_8208692,-2.556822,-4.610000,2.053178,0.007927
27,mobley_4884177,-4.509085,-4.590000,0.080915,0.000012
27,mobley_6714389,-3.964084,-4.550000,0.585916,0.000646
27,mobley_2245668,-4.548944,-4.500000,0.048944,0.000005
27,mobley_5973402,-4.714849,-4.420000,0.294848,0.000163
27,mobley_3546460,-4.712005,-4.400000,0.312005,0.000183
27,mobley_8311303,-2.648554,-4.380000,1.731447,0.005637
27,mobley_9741965,-5.056019,-4.290000,0.766019,0.001103
27,mobley_4603202,-4.325723,-4.230000,0.095723,0.000017
27,mobley_628086,-4.556051,-4.160000,0.396051,0.000295
27,mobley_4620651,-3.584013,-4.100000,0.515987,0.000501
27,mobley_7977115,-4.736152,-4.060000,0.676152,0.000860
27,mobley_2789243,-3.247705,-4.010000,0.762295,0.001093
27,mobley_3968739,-3.371077,-3.920000,0.548923,0.000567
27,mobley_63712,-3.379060,-3.880000,0.500941,0.000472
27,mobley_1046331,-3.622648,-3.820000,0.197352,0.000073
27,mobley_1160109,-3.465430,-3.750000,0.284570,0.000152
27,mobley_4149784,-2.748183,-3.670000,0.921817,0.001598
27,mobley_397645,-3.575216,-3.640000,0.064784,0.000008
27,mobley_4690963,-5.013468,-3.540000,1.473468,0.004083
27,mobley_1967551,-2.961542,-3.500000,0.538458,0.000545
27,mobley_6733657,-1.080946,-3.440000,2.359054,0.010465
27,mobley_9565165,-2.600944,-3.350000,0.749056,0.001055
27,mobley_2487143,-3.722818,-3.280000,0.442818,0.000369
27,mobley_8449031,-2.887858,-3.220000,0.332142,0.000207
27,mobley_172879,-2.397573,-3.150000,0.752428,0.001065
27,mobley_5346580,-1.961564,-3.110000,1.148436,0.002480
27,mobley_3573480,-3.532557,-3.040000,0.492557,0.000456
27,mobley_1075836,-2.742704,-2.930000,0.187296,0.000066
27,mobley_6102880,-3.402022,-2.870000,0.532022,0.000532
27,mobley_1827204,-2.786288,-2.810000,0.023712,0.000001
27,mobley_2146331,-1.408683,-2.750000,1.341317,0.003383
27,mobley_7943327,-2.792407,-2.680000,0.112406,0.000024
27,mobley_5110043,-2.057445,-2.630000,0.572555,0.000616
27,mobley_5616693,-2.884974,-2.530000,0.354974,0.000237
27,mobley_6619554,-3.045776,-2.490000,0.555776,0.000581
27,mobley_6359156,-2.464254,-2.460000,0.004254,0.000000
27,mobley_1781152,-2.498055,-2.400000,0.098055,0.000018
27,mobley_859464,-2.816443,-2.360000,0.456443,0.000392
27,mobley_7150646,-1.641796,-2.300000,0.658204,0.000815
27,mobley_1592519,-3.308338,-2.230000,1.078338,0.002187
27,mobley_5538249,-0.986336,-2.160000,1.173664,0.002590
27,mobley_6911232,-1.805061,-2.100000,0.294938,0.000164
27,mobley_3269565,-1.678467,-2.010000,0.331533,0.000207
27,mobley_2484519,-2.419264,-1.930000,0.489264,0.000450
27,mobley_7690440,-3.157001,-1.830000,1.327001,0.003311
27,mobley_3802803,-1.171221,-1.660000,0.488779,0.000449
27,mobley_1144156,-1.729765,-1.590000,0.139765,0.000037
27,mobley_2481002,-2.655810,-1.450000,1.205810,0.002734
27,mobley_2489709,-1.239274,-1.360000,0.120726,0.000027
27,mobley_5052949,-0.817127,-1.280000,0.462873,0.000403
27,mobley_2492140,-2.069612,-1.230000,0.839612,0.001326
27,mobley_7542832,-1.643738,-1.160000,0.483738,0.000440
27,mobley_7814642,-1.649006,-1.120000,0.529006,0.000526
27,mobley_1563176,-0.983781,-0.990000,0.006219,0.000000
27,mobley_1873346,-0.507457,-0.900000,0.392543,0.000290
27,mobley_3040612,-0.610539,-0.850000,0.239461,0.000108
27,mobley_4483973,-1.745954,-0.800000,0.945954,0.001683
27,mobley_9913368,-1.945839,-0.780000,1.165839,0.002556
27,mobley_1449384,-0.594489,-0.680000,0.085511,0.000014
27,mobley_7708038,-0.663918,-0.560000,0.103918,0.000020
27,mobley_8311321,-0.126543,-0.500000,0.373457,0.000262
27,mobley_766666,-0.715325,-0.440000,0.275325,0.000143
27,mobley_5445548,-0.522080,-0.300000,0.222080,0.000093
27,mobley_9029594,-0.644132,-0.220000,0.424132,0.000338
27,mobley_3370989,-1.691874,-0.110000,1.581874,0.004706
27,mobley_627267,-0.321953,-0.030000,0.291953,0.000160
27,mobley_6250025,0.169565,0.080000,0.089565,0.000015
27,mobley_4252724,-0.499905,0.160000,0.659905,0.000819
27,mobley_7157427,0.111621,0.290000,0.178379,0.000060
27,mobley_8885088,-0.057558,0.560000,0.617558,0.000717
27,mobley_8522124,0.557928,0.710000,0.152072,0.000043
27,mobley_4678740,-0.035451,1.070000,1.105451,0.002298
27,mobley_2689721,0.635207,1.230000,0.594793,0.000665
27,mobley_1662128,1.074546,1.380000,0.305454,0.000175
27,mobley_4762983,1.687609,1.660000,0.027609,0.000001
27,mobley_7732703,0.115485,1.790000,1.674515,0.005273
27,mobley_2068538,1.072433,2.000000,0.927567,0.001618
27,mobley_5157661,1.503568,2.300000,0.796432,0.001193
27,mobley_1261349,2.233733,2.510000,0.276267,0.000144
27,mobley_2328633,1.474151,2.550000,1.075848,0.002177
27,mobley_8436428,2.326962,2.830000,0.503038,0.000476
27,mobley_3060426,2.757418,2.930000,0.172582,0.000056
27,mobley_2197088,2.547834,3.160000,0.612166,0.000705
28,mobley_9534740,-20.455956,-25.469999,5.014044,0.047276
28,mobley_6239320,-23.581465,-18.059999,5.521465,0.057329
28,mobley_7794077,-14.277646,-15.460000,1.182354,0.002629
28,mobley_7415647,-12.266819,-11.950000,0.316819,0.000189
28,mobley_1728386,-10.399692,-11.000000,0.600308,0.000678
28,mobley_2269032,-8.933932,-10.210000,1.276068,0.003062
28,mobley_2913224,-6.900241,-9.940000,3.039758,0.017376
28,mobley_2659552,-8.604366,-9.760000,1.155634,0.002511
28,mobley_7176290,-9.072600,-9.620000,0.547400,0.000563
28,mobley_2295058,-8.632897,-9.510000,0.877103,0.001447
28,mobley_6055410,-10.666413,-9.400000,1.266414,0.003016
28,mobley_4639255,-8.993647,-9.300000,0.306354,0.000176
28,mobley_1417007,-3.556217,-9.010000,5.453783,0.055932
28,mobley_6115639,-8.742291,-8.700000,0.042292,0.000003
28,mobley_6353617,-7.304315,-8.260000,0.955685,0.001717
28,mobley_2725215,-8.526563,-7.980000,0.546563,0.000562
28,mobley_7039935,-6.474062,-7.670000,1.195938,0.002690
28,mobley_4059279,-5.908921,-7.580000,1.671079,0.005251
28,mobley_951560,-9.163153,-7.400000,1.763153,0.005846
28,mobley_1922649,-8.741073,-7.190000,1.551073,0.004524
28,mobley_8798016,-7.242090,-7.000000,0.242090,0.000110
28,mobley_1858644,-6.435306,-6.790000,0.354694,0.000237
28,mobley_9114381,-5.345482,-6.720000,1.374518,0.003553
28,mobley_5311804,-5.509316,-6.620000,1.110684,0.002320
28,mobley_6743808,-6.316798,-6.500000,0.183202,0.000063
28,mobley_8789864,-5.539043,-6.400000,0.860957,0.001394
28,mobley_7009711,-6.260974,-6.270000,0.009026,0.000000
28,mobley_8789465,-4.375120,-6.200000,1.824880,0.006262
28,mobley_2923700,-5.996830,-6.130000,0.133170,0.000033
28,mobley_4780078,-5.359336,-6.010000,0.650664,0.000796
28,mobley_5467162,-5.317603,-5.910000,0.592397,0.000660
28,mobley_6257907,-5.401639,-5.820000,0.418361,0.000329
28,mobley_7913234,-5.651714,-5.730000,0.078286,0.000012
28,mobley_5518547,-5.648537,-5.570000,0.078537,0.000012
28,mobley_4883284,-5.528203,-5.490000,0.038203,0.000003
28,mobley_5220185,-4.939812,-5.450000,0.510188,0.000489
28,mobley_3359593,-4.994357,-5.260000,0.265643,0.000133
28,mobley_4683624,-5.773977,-5.210000,0.563977,0.000598
28,mobley_1636752,-3.217754,-5.100000,1.882246,0.006662
28,mobley_2310185,-4.392436,-5.000000,0.607564,0.000694
28,mobley_3682850,-3.446580,-4.910000,1.463419,0.004027
28,mobley_1363784,-4.525811,-4.840000,0.314189,0.000186
28,mobley_2837389,-4.076355,-4.780000,0.703645,0.000931
28,mobley_9507933,-4.733396,-4.720000,0.013396,0.000000
28,mobley_296847,-4.735799,-4.690000,0.045799,0.000004
28,mobley_8208692,-2.024900,-4.610000,2.585100,0.012567
28,mobley_4884177,-4.284951,-4.590000,0.305049,0.000175
28,mobley_6714389,-3.668490,-4.550000,0.881510,0.001461
28,mobley_2245668,-3.896388,-4.500000,0.603612,0.000685
28,mobley_5973402,-4.011541,-4.420000,0.408459,0.000314
28,mobley_3546460,-3.903708,-4.400000,0.496293,0.000463
28,mobley_8311303,-2.625596,-4.380000,1.754404,0.005788
28,mobley_9741965,-6.150902,-4.290000,1.860902,0.006512
28,mobley_4603202,-4.173992,-4.230000,0.056008,0.000006
28,mobley_628086,-3.217106,-4.160000,0.942894,0.001672
28,mobley_4620651,-3.352130,-4.100000,0.747870,0.001052
28,mobley_7977115,-3.698424,-4.060000,0.361576,0.000246
28,mobley_2789243,-3.466838,-4.010000,0.543163,0.000555
28,mobley_3968739,-3.541066,-3.920000,0.378934,0.000270
28,mobley_63712,-2.694416,-3.880000,1.185585,0.002643
28,mobley_1046331,-3.726263,-3.820000,0.093737,0.000017
28,mobley_1160109,-2.578878,-3.750000,1.171122,0.002579
28,mobley_4149784,-3.005715,-3.670000,0.664285,0.000830
28,mobley_397645,-3.718986,-3.640000,0.078986,0.000012
28,mobley_4690963,-4.253502,-3.540000,0.713502,0.000957
28,mobley_1967551,-2.967707,-3.500000,0.532293,0.000533
28,mobley_6733657,-1.001547,-3.440000,2.438453,0.011181
28,mobley_9565165,-3.183188,-3.350000,0.166812,0.000052
28,mobley_2487143,-3.135552,-3.280000,0.144448,0.000039
28,mobley_8449031,-2.004158,-3.220000,1.215842,0.002780
28,mobley_172879,-2.484577,-3.150000,0.665423,0.000833
28,mobley_5346580,-1.313619,-3.110000,1.796381,0.006068
28,mobley_3573480,-2.893078,-3.040000,0.146922,0.000041
28,mobley_1075836,-2.537405,-2.930000,0.392595,0.000290
28,mobley_6102880,-3.712343,-2.870000,0.842343,0.001334
28,mobley_1827204,-2.266237,-2.810000,0.543763,0.000556
28,mobley_2146331,-1.446424,-2.750000,1.303576,0.003195
28,mobley_7943327,-2.547348,-2.680000,0.132653,0.000033
28,mobley_5110043,-2.288249,-2.630000,0.341751,0.000220
28,mobley_5616693,-1.914718,-2.530000,0.615282,0.000712
28,mobley_6619554,-2.117032,-2.490000,0.372968,0.000262
28,mobley_6359156,-3.388043,-2.460000,0.928043,0.001620
28,mobley_1781152,-1.768633,-2.400000,0.631367,0.000750
28,mobley_859464,-2.164840,-2.360000,0.195160,0.000072
28,mobley_7150646,-1.545634,-2.300000,0.754366,0.001070
28,mobley_1592519,-2.562355,-2.230000,0.332355,0.000208
28,mobley_5538249,-0.822639,-2.160000,1.337361,0.003363
28,mobley_6911232,-1.525706,-2.100000,0.574293,0.000620
28,mobley_3269565,-1.196424,-2.010000,0.813576,0.001245
28,mobley_2484519,-2.689391,-1.930000,0.759391,0.001084
28,mobley_7690440,-2.511905,-1.830000,0.681905,0.000874
28,mobley_3802803,-1.764311,-1.660000,0.104311,0.000020
28,mobley_1144156,-1.177074,-1.590000,0.412926,0.000321
28,mobley_2481002,-2.506952,-1.450000,1.056952,0.002101
28,mobley_2489709,-1.466743,-1.360000,0.106743,0.000021
28,mobley_5052949,-0.332474,-1.280000,0.947526,0.001688
28,mobley_2492140,-0.798130,-1.230000,0.431870,0.000351
28,mobley_7542832,-0.834797,-1.160000,0.325203,0.000199
28,mobley_7814642,-1.465731,-1.120000,0.345731,0.000225
28,mobley_1563176,-0.639387,-0.990000,0.350613,0.000231
28,mobley_1873346,-0.722641,-0.900000,0.177359,0.000059
28,mobley_3040612,-0.538900,-0.850000,0.311100,0.000182
28,mobley_4483973,-1.986918,-0.800000,1.186918,0.002649
28,mobley_9913368,-1.397326,-0.780000,0.617326,0.000717
28,mobley_1449384,-0.430049,-0.680000,0.249951,0.000117
28,mobley_7708038,-0.551899,-0.560000,0.008101,0.000000
28,mobley_8311321,-0.051239,-0.500000,0.448761,0.000379
28,mobley_766666,-0.541070,-0.440000,0.101070,0.000019
28,mobley_5445548,-0.513727,-0.300000,0.213727,0.000086
28,mobley_9029594,-0.810863,-0.220000,0.590863,0.000657
28,mobley_3370989,-1.406424,-0.110000,1.296424,0.003161
28,mobley_627267,-0.061606,-0.030000,0.031606,0.000002
28,mobley_6250025,0.503445,0.080000,0.423445,0.000337
28,mobley_4252724,-0.357159,0.160000,0.517159,0.000503
28,mobley_7157427,0.623499,0.290000,0.333499,0.000209
28,mobley_8885088,0.026595,0.560000,0.533405,0.000535
28,mobley_8522124,0.840971,0.710000,0.130971,0.000032
28,mobley_4678740,0.278176,1.070000,0.791824,0.001179
28,mobley_2689721,0.852784,1.230000,0.377217,0.000268
28,mobley_1662128,1.159241,1.380000,0.220759,0.000092
28,mobley_4762983,1.965840,1.660000,0.305840,0.000176
28,mobley_7732703,0.220673,1.790000,1.569326,0.004631
28,mobley_2068538,1.250583,2.000000,0.749417,0.001056
28,mobley_5157661,1.770170,2.300000,0.529830,0.000528
28,mobley_1261349,2.684410,2.510000,0.174410,0.000057
28,mobley_2328633,2.095045,2.550000,0.454955,0.000389
28,mobley_8436428,2.896255,2.830000,0.066255,0.000008
28,mobley_3060426,3.804179,2.930000,0.874179,0.001437
28,mobley_2197088,3.104711,3.160000,0.055289,0.000006
29,mobley_9534740,-21.352903,-25.469999,4.117096,0.031875
29,mobley_6239320,-22.546419,-18.059999,4.486420,0.037850
29,mobley_7794077,-14.225777,-15.460000,1.234223,0.002865
29,mobley_7415647,-12.438058,-11.950000,0.488058,0.000448
29,mobley_1728386,-10.243871,-11.000000,0.756129,0.001075
29,mobley_2269032,-9.341150,-10.210000,0.868850,0.001420
29,mobley_2913224,-7.041703,-9.940000,2.898297,0.015796
29,mobley_2659552,-9.033923,-9.760000,0.726077,0.000991
29,mobley_7176290,-8.808414,-9.620000,0.811586,0.001239
29,mobley_2295058,-8.673747,-9.510000,0.836253,0.001315
29,mobley_6055410,-10.932354,-9.400000,1.532354,0.004416
29,mobley_4639255,-9.281457,-9.300000,0.018543,0.000001
29,mobley_1417007,-4.805691,-9.010000,4.204309,0.033239
29,mobley_6115639,-9.977942,-8.700000,1.277943,0.003071
29,mobley_6353617,-7.328718,-8.260000,0.931283,0.001631
29,mobley_2725215,-8.446239,-7.980000,0.466238,0.000409
29,mobley_7039935,-6.558620,-7.670000,1.111380,0.002323
29,mobley_4059279,-6.113624,-7.580000,1.466376,0.004043
29,mobley_951560,-9.252172,-7.400000,1.852171,0.006451
29,mobley_1922649,-8.840268,-7.190000,1.650268,0.005121
29,mobley_8798016,-7.352984,-7.000000,0.352984,0.000234
29,mobley_1858644,-6.484895,-6.790000,0.305105,0.000175
29,mobley_9114381,-5.492376,-6.720000,1.227624,0.002834
29,mobley_5311804,-5.536964,-6.620000,1.083036,0.002206
29,mobley_6743808,-6.444539,-6.500000,0.055461,0.000006
29,mobley_8789864,-5.548501,-6.400000,0.851499,0.001363
29,mobley_7009711,-6.443907,-6.270000,0.173907,0.000057
29,mobley_8789465,-4.370820,-6.200000,1.829180,0.006292
29,mobley_2923700,-6.052270,-6.130000,0.077730,0.000011
29,mobley_4780078,-5.453490,-6.010000,0.556510,0.000582
29,mobley_5467162,-5.500064,-5.910000,0.409935,0.000316
29,mobley_6257907,-5.926210,-5.820000,0.106210,0.000021
29,mobley_7913234,-5.998789,-5.730000,0.268789,0.000136
29,mobley_5518547,-5.898826,-5.570000,0.328825,0.000203
29,mobley_4883284,-5.725608,-5.490000,0.235609,0.000104
29,mobley_5220185,-5.027315,-5.450000,0.422685,0.000336
29,mobley_3359593,-5.445733,-5.260000,0.185733,0.000065
29,mobley_4683624,-5.854210,-5.210000,0.644210,0.000780
29,mobley_1636752,-3.316853,-5.100000,1.783147,0.005979
29,mobley_2310185,-4.463215,-5.000000,0.536785,0.000542
29,mobley_3682850,-3.553380,-4.910000,1.356620,0.003461
29,mobley_1363784,-4.590382,-4.840000,0.249619,0.000117
29,mobley_2837389,-4.108631,-4.780000,0.671369,0.000848
29,mobley_9507933,-4.764198,-4.720000,0.044198,0.000004
29,mobley_296847,-4.725468,-4.690000,0.035468,0.000002
29,mobley_8208692,-3.516250,-4.610000,1.093750,0.002250
29,mobley_4884177,-4.227509,-4.590000,0.362491,0.000247
29,mobley_6714389,-3.939760,-4.550000,0.610240,0.000700
29,mobley_2245668,-4.001245,-4.500000,0.498755,0.000468
29,mobley_5973402,-4.158222,-4.420000,0.261778,0.000129
29,mobley_3546460,-4.079610,-4.400000,0.320390,0.000193
29,mobley_8311303,-3.819125,-4.380000,0.560875,0.000592
29,mobley_9741965,-5.764406,-4.290000,1.474406,0.004088
29,mobley_4603202,-4.369943,-4.230000,0.139943,0.000037
29,mobley_628086,-4.048064,-4.160000,0.111936,0.000024
29,mobley_4620651,-3.353284,-4.100000,0.746716,0.001049
29,mobley_7977115,-3.939440,-4.060000,0.120560,0.000027
29,mobley_2789243,-3.648691,-4.010000,0.361309,0.000245
29,mobley_3968739,-3.457190,-3.920000,0.462811,0.000403
29,mobley_63712,-2.829655,-3.880000,1.050345,0.002075
29,mobley_1046331,-3.795976,-3.820000,0.024024,0.000001
29,mobley_1160109,-2.692519,-3.750000,1.057481,0.002103
29,mobley_4149784,-3.387577,-3.670000,0.282423,0.000150
29,mobley_397645,-3.602872,-3.640000,0.037128,0.000003
29,mobley_4690963,-4.429508,-3.540000,0.889508,0.001488
29,mobley_1967551,-2.921346,-3.500000,0.578654,0.000630
29,mobley_6733657,-2.331829,-3.440000,1.108171,0.002309
29,mobley_9565165,-3.077075,-3.350000,0.272924,0.000140
29,mobley_2487143,-3.156616,-3.280000,0.123384,0.000029
29,mobley_8449031,-2.047731,-3.220000,1.172269,0.002584
29,mobley_172879,-2.587319,-3.150000,0.562681,0.000595
29,mobley_5346580,-1.298892,-3.110000,1.811108,0.006168
29,mobley_3573480,-2.904987,-3.040000,0.135013,0.000034
29,mobley_1075836,-2.508529,-2.930000,0.421471,0.000334
29,mobley_6102880,-3.707815,-2.870000,0.837815,0.001320
29,mobley_1827204,-2.401814,-2.810000,0.408186,0.000313
29,mobley_2146331,-1.447430,-2.750000,1.302570,0.003191
29,mobley_7943327,-2.430847,-2.680000,0.249153,0.000117
29,mobley_5110043,-2.369585,-2.630000,0.260415,0.000128
29,mobley_5616693,-2.133092,-2.530000,0.396908,0.000296
29,mobley_6619554,-2.223548,-2.490000,0.266452,0.000134
29,mobley_6359156,-3.809942,-2.460000,1.349941,0.003427
29,mobley_1781152,-1.724437,-2.400000,0.675563,0.000858
29,mobley_859464,-2.139961,-2.360000,0.220038,0.000091
29,mobley_7150646,-1.697346,-2.300000,0.602654,0.000683
29,mobley_1592519,-2.605851,-2.230000,0.375851,0.000266
29,mobley_5538249,-1.685040,-2.160000,0.474960,0.000424
29,mobley_6911232,-1.560034,-2.100000,0.539966,0.000548
29,mobley_3269565,-1.185924,-2.010000,0.824076,0.001277
29,mobley_2484519,-2.805485,-1.930000,0.875485,0.001441
29,mobley_7690440,-2.716154,-1.830000,0.886154,0.001477
29,mobley_3802803,-1.621705,-1.660000,0.038295,0.000003
29,mobley_1144156,-1.253058,-1.590000,0.336942,0.000213
29,mobley_2481002,-2.718049,-1.450000,1.268049,0.003024
29,mobley_2489709,-1.794869,-1.360000,0.434869,0.000356
29,mobley_5052949,-0.500619,-1.280000,0.779381,0.001142
29,mobley_2492140,-1.585168,-1.230000,0.355168,0.000237
29,mobley_7542832,-1.013582,-1.160000,0.146418,0.000040
29,mobley_7814642,-2.300030,-1.120000,1.180030,0.002618
29,mobley_1563176,-0.761071,-0.990000,0.228929,0.000099
29,mobley_1873346,-0.660007,-0.900000,0.239993,0.000108
29,mobley_3040612,-0.484515,-0.850000,0.365485,0.000251
29,mobley_4483973,-1.975707,-0.800000,1.175707,0.002599
29,mobley_9913368,-1.889397,-0.780000,1.109397,0.002314
29,mobley_1449384,-0.476198,-0.680000,0.203802,0.000078
29,mobley_7708038,-0.629977,-0.560000,0.069977,0.000009
29,mobley_8311321,-0.084840,-0.500000,0.415160,0.000324
29,mobley_766666,-0.700492,-0.440000,0.260492,0.000128
29,mobley_5445548,-0.479900,-0.300000,0.179900,0.000061
29,mobley_9029594,-0.690253,-0.220000,0.470253,0.000416
29,mobley_3370989,-1.510436,-0.110000,1.400436,0.003688
29,mobley_627267,-0.133793,-0.030000,0.103793,0.000020
29,mobley_6250025,0.503963,0.080000,0.423963,0.000338
29,mobley_4252724,-0.330782,0.160000,0.490782,0.000453
29,mobley_7157427,0.497895,0.290000,0.207895,0.000081
29,mobley_8885088,0.043734,0.560000,0.516266,0.000501
29,mobley_8522124,0.940781,0.710000,0.230781,0.000100
29,mobley_4678740,0.011641,1.070000,1.058359,0.002106
29,mobley_2689721,0.837214,1.230000,0.392786,0.000290
29,mobley_1662128,1.217631,1.380000,0.162369,0.000050
29,mobley_4762983,2.015669,1.660000,0.355669,0.000238
29,mobley_7732703,0.187907,1.790000,1.602093,0.004827
29,mobley_2068538,1.246499,2.000000,0.753501,0.001068
29,mobley_5157661,1.747869,2.300000,0.552131,0.000573
29,mobley_1261349,2.640134,2.510000,0.130134,0.000032
29,mobley_2328633,2.087514,2.550000,0.462486,0.000402
29,mobley_8436428,2.886476,2.830000,0.056476,0.000006
29,mobley_3060426,3.703131,2.930000,0.773131,0.001124
29,mobley_2197088,3.119337,3.160000,0.040663,0.000003
30,mobley_9534740,-21.376169,-25.469999,4.093830,0.031515
30,mobley_6239320,-23.771032,-18.059999,5.711033,0.061333
30,mobley_7794077,-14.887480,-15.460000,0.572520,0.000616
30,mobley_7415647,-12.435370,-11.950000,0.485371,0.000443
30,mobley_1728386,-10.594520,-11.000000,0.405480,0.000309
30,mobley_2269032,-9.582684,-10.210000,0.627316,0.000740
30,mobley_2913224,-7.243060,-9.940000,2.696939,0.013677
30,mobley_2659552,-9.293573,-9.760000,0.466427,0.000409
30,mobley_7176290,-8.769103,-9.620000,0.850897,0.001361
30,mobley_2295058,-9.004253,-9.510000,0.505747,0.000481
30,mobley_6055410,-10.925372,-9.400000,1.525373,0.004375
30,mobley_4639255,-9.391045,-9.300000,0.091044,0.000016
30,mobley_1417007,-4.479884,-9.010000,4.530117,0.038591
30,mobley_6115639,-9.293052,-8.700000,0.593052,0.000661
30,mobley_6353617,-7.626820,-8.260000,0.633180,0.000754
30,mobley_2725215,-8.021484,-7.980000,0.041484,0.000003
30,mobley_7039935,-6.792590,-7.670000,0.877410,0.001448
30,mobley_4059279,-5.917590,-7.580000,1.662410,0.005197
30,mobley_951560,-8.949713,-7.400000,1.549713,0.004516
30,mobley_1922649,-8.469189,-7.190000,1.279189,0.003077
30,mobley_8798016,-7.607189,-7.000000,0.607189,0.000693
30,mobley_1858644,-6.770792,-6.790000,0.019208,0.000001
30,mobley_9114381,-5.872785,-6.720000,0.847215,0.001350
30,mobley_5311804,-5.777377,-6.620000,0.842623,0.001335
30,mobley_6743808,-6.550166,-6.500000,0.050166,0.000005
30,mobley_8789864,-5.938552,-6.400000,0.461448,0.000400
30,mobley_7009711,-6.536230,-6.270000,0.266230,0.000133
30,mobley_8789465,-4.550992,-6.200000,1.649008,0.005113
30,mobley_2923700,-6.156756,-6.130000,0.026756,0.000001
30,mobley_4780078,-5.552868,-6.010000,0.457132,0.000393
30,mobley_5467162,-5.654111,-5.910000,0.255888,0.000123
30,mobley_6257907,-5.806751,-5.820000,0.013249,0.000000
30,mobley_7913234,-6.095948,-5.730000,0.365948,0.000252
30,mobley_5518547,-5.932199,-5.570000,0.362199,0.000247
30,mobley_4883284,-5.864904,-5.490000,0.374904,0.000264
30,mobley_5220185,-5.109708,-5.450000,0.340292,0.000218
30,mobley_3359593,-5.467262,-5.260000,0.207262,0.000081
30,mobley_4683624,-6.003324,-5.210000,0.793324,0.001183
30,mobley_1636752,-3.512325,-5.100000,1.587675,0.004740
30,mobley_2310185,-4.663512,-5.000000,0.336488,0.000213
30,mobley_3682850,-3.956901,-4.910000,0.953099,0.001708
30,mobley_1363784,-4.733685,-4.840000,0.106316,0.000021
30,mobley_2837389,-4.329296,-4.780000,0.450705,0.000382
30,mobley_9507933,-4.875668,-4.720000,0.155668,0.000046
30,mobley_296847,-5.004582,-4.690000,0.314582,0.000186
30,mobley_8208692,-2.287132,-4.610000,2.322868,0.010146
30,mobley_4884177,-4.494635,-4.590000,0.095366,0.000017
30,mobley_6714389,-4.117626,-4.550000,0.432374,0.000352
30,mobley_2245668,-4.272503,-4.500000,0.227497,0.000097
30,mobley_5973402,-4.376749,-4.420000,0.043252,0.000004
30,mobley_3546460,-4.291378,-4.400000,0.108622,0.000022
30,mobley_8311303,-2.719729,-4.380000,1.660271,0.005183
30,mobley_9741965,-5.935082,-4.290000,1.645082,0.005089
30,mobley_4603202,-4.240985,-4.230000,0.010985,0.000000
30,mobley_628086,-4.251864,-4.160000,0.091864,0.000016
30,mobley_4620651,-3.751432,-4.100000,0.348567,0.000228
30,mobley_7977115,-4.139345,-4.060000,0.079345,0.000012
30,mobley_2789243,-3.577995,-4.010000,0.432005,0.000351
30,mobley_3968739,-3.804862,-3.920000,0.115138,0.000025
30,mobley_63712,-3.084837,-3.880000,0.795163,0.001189
30,mobley_1046331,-3.998738,-3.820000,0.178738,0.000060
30,mobley_1160109,-3.052282,-3.750000,0.697718,0.000915
30,mobley_4149784,-2.801711,-3.670000,0.868289,0.001418
30,mobley_397645,-3.921311,-3.640000,0.281311,0.000149
30,mobley_4690963,-4.522824,-3.540000,0.982824,0.001816
30,mobley_1967551,-3.278157,-3.500000,0.221843,0.000093
30,mobley_6733657,-1.663746,-3.440000,1.776254,0.005933
30,mobley_9565165,-3.379197,-3.350000,0.029197,0.000002
30,mobley_2487143,-3.271899,-3.280000,0.008101,0.000000
30,mobley_8449031,-2.250708,-3.220000,0.969292,0.001767
30,mobley_172879,-2.558515,-3.150000,0.591485,0.000658
30,mobley_5346580,-1.587292,-3.110000,1.522708,0.004360
30,mobley_3573480,-3.030466,-3.040000,0.009534,0.000000
30,mobley_1075836,-2.804140,-2.930000,0.125860,0.000030
30,mobley_6102880,-3.877172,-2.870000,1.007172,0.001908
30,mobley_1827204,-2.667515,-2.810000,0.142485,0.000038
30,mobley_2146331,-1.614622,-2.750000,1.135378,0.002424
30,mobley_7943327,-2.665480,-2.680000,0.014520,0.000000
30,mobley_5110043,-2.460697,-2.630000,0.169303,0.000054
30,mobley_5616693,-2.486364,-2.530000,0.043636,0.000004
30,mobley_6619554,-2.395983,-2.490000,0.094017,0.000017
30,mobley_6359156,-3.518939,-2.460000,1.058939,0.002109
30,mobley_1781152,-2.187776,-2.400000,0.212224,0.000085
30,mobley_859464,-2.446907,-2.360000,0.086907,0.000014
30,mobley_7150646,-1.724434,-2.300000,0.575566,0.000623
30,mobley_1592519,-2.938354,-2.230000,0.708354,0.000944
30,mobley_5538249,-1.207108,-2.160000,0.952892,0.001707
30,mobley_6911232,-1.673883,-2.100000,0.426117,0.000341
30,mobley_3269565,-1.330769,-2.010000,0.679231,0.000868
30,mobley_2484519,-2.890159,-1.930000,0.960159,0.001734
30,mobley_7690440,-2.981373,-1.830000,1.151373,0.002493
30,mobley_3802803,-1.656850,-1.660000,0.003150,0.000000
30,mobley_1144156,-1.366612,-1.590000,0.223388,0.000094
30,mobley_2481002,-2.630345,-1.450000,1.180345,0.002620
30,mobley_2489709,-1.451001,-1.360000,0.091001,0.000016
30,mobley_5052949,-0.621595,-1.280000,0.658405,0.000815
30,mobley_2492140,-1.130745,-1.230000,0.099255,0.000019
30,mobley_7542832,-1.141961,-1.160000,0.018039,0.000001
30,mobley_7814642,-1.891684,-1.120000,0.771684,0.001120
30,mobley_1563176,-0.832664,-0.990000,0.157336,0.000047
30,mobley_1873346,-0.779415,-0.900000,0.120585,0.000027
30,mobley_3040612,-0.605717,-0.850000,0.244283,0.000112
30,mobley_4483973,-2.117169,-0.800000,1.317169,0.003262
30,mobley_9913368,-1.688115,-0.780000,0.908115,0.001551
30,mobley_1449384,-0.534791,-0.680000,0.145209,0.000040
30,mobley_7708038,-0.741313,-0.560000,0.181313,0.000062
30,mobley_8311321,-0.083010,-0.500000,0.416990,0.000327
30,mobley_766666,-0.560417,-0.440000,0.120417,0.000027
30,mobley_5445548,-0.608955,-0.300000,0.308955,0.000179
30,mobley_9029594,-1.078192,-0.220000,0.858192,0.001385
30,mobley_3370989,-1.706598,-0.110000,1.596598,0.004794
30,mobley_627267,-0.264320,-0.030000,0.234320,0.000103
30,mobley_6250025,0.405953,0.080000,0.325953,0.000200
30,mobley_4252724,-0.521622,0.160000,0.681622,0.000874
30,mobley_7157427,0.429237,0.290000,0.139237,0.000036
30,mobley_8885088,-0.159104,0.560000,0.719104,0.000972
30,mobley_8522124,0.783754,0.710000,0.073754,0.000010
30,mobley_4678740,-0.276256,1.070000,1.346256,0.003408
30,mobley_2689721,0.714118,1.230000,0.515882,0.000500
30,mobley_1662128,1.107627,1.380000,0.272373,0.000140
30,mobley_4762983,1.852586,1.660000,0.192586,0.000070
30,mobley_7732703,0.090491,1.790000,1.699509,0.005431
30,mobley_2068538,1.270790,2.000000,0.729210,0.001000
30,mobley_5157661,1.767273,2.300000,0.532727,0.000534
30,mobley_1261349,2.445337,2.510000,0.064663,0.000008
30,mobley_2328633,1.953853,2.550000,0.596146,0.000668
30,mobley_8436428,2.826756,2.830000,0.003244,0.000000
30,mobley_3060426,3.514066,2.930000,0.584066,0.000641
30,mobley_2197088,3.073036,3.160000,0.086964,0.000014
31,mobley_9534740,-21.316721,-25.469999,4.153278,0.032437
31,mobley_6239320,-23.496368,-18.059999,5.436369,0.055575
31,mobley_7794077,-14.784175,-15.460000,0.675825,0.000859
31,mobley_7415647,-13.328543,-11.950000,1.378543,0.003574
31,mobley_1728386,-10.630838,-11.000000,0.369162,0.000256
31,mobley_2269032,-9.746611,-10.210000,0.463389,0.000404
31,mobley_2913224,-7.472696,-9.940000,2.467304,0.011447
31,mobley_2659552,-9.696203,-9.760000,0.063797,0.000008
31,mobley_7176290,-9.334847,-9.620000,0.285152,0.000153
31,mobley_2295058,-9.068333,-9.510000,0.441668,0.000367
31,mobley_6055410,-11.140502,-9.400000,1.740502,0.005697
31,mobley_4639255,-9.408032,-9.300000,0.108032,0.000022
31,mobley_1417007,-5.031823,-9.010000,3.978178,0.029760
31,mobley_6115639,-9.874815,-8.700000,1.174815,0.002595
31,mobley_6353617,-7.566488,-8.260000,0.693512,0.000904
31,mobley_2725215,-9.056540,-7.980000,1.076540,0.002179
31,mobley_7039935,-6.946683,-7.670000,0.723317,0.000984
31,mobley_4059279,-6.847809,-7.580000,0.732191,0.001008
31,mobley_951560,-9.612847,-7.400000,2.212847,0.009208
31,mobley_1922649,-9.336577,-7.190000,2.146577,0.008665
31,mobley_8798016,-7.588656,-7.000000,0.588656,0.000652
31,mobley_1858644,-6.865184,-6.790000,0.075184,0.000011
31,mobley_9114381,-5.824470,-6.720000,0.895530,0.001508
31,mobley_5311804,-5.897301,-6.620000,0.722699,0.000982
31,mobley_6743808,-6.676549,-6.500000,0.176549,0.000059
31,mobley_8789864,-5.980442,-6.400000,0.419558,0.000331
31,mobley_7009711,-6.721818,-6.270000,0.451818,0.000384
31,mobley_8789465,-4.555103,-6.200000,1.644897,0.005088
31,mobley_2923700,-6.250636,-6.130000,0.120636,0.000027
31,mobley_4780078,-5.628844,-6.010000,0.381156,0.000273
31,mobley_5467162,-5.776900,-5.910000,0.133100,0.000033
31,mobley_6257907,-5.979737,-5.820000,0.159737,0.000048
31,mobley_7913234,-6.498697,-5.730000,0.768697,0.001111
31,mobley_5518547,-6.080152,-5.570000,0.510152,0.000489
31,mobley_4883284,-5.971807,-5.490000,0.481808,0.000437
31,mobley_5220185,-5.250489,-5.450000,0.199511,0.000075
31,mobley_3359593,-5.818548,-5.260000,0.558548,0.000587
31,mobley_4683624,-6.137808,-5.210000,0.927808,0.001619
31,mobley_1636752,-3.478796,-5.100000,1.621204,0.004942
31,mobley_2310185,-4.681333,-5.000000,0.318667,0.000191
31,mobley_3682850,-4.144792,-4.910000,0.765208,0.001101
31,mobley_1363784,-4.838288,-4.840000,0.001712,0.000000
31,mobley_2837389,-4.325775,-4.780000,0.454226,0.000388
31,mobley_9507933,-4.916885,-4.720000,0.196886,0.000073
31,mobley_296847,-4.796596,-4.690000,0.106596,0.000021
31,mobley_8208692,-3.124165,-4.610000,1.485835,0.004151
31,mobley_4884177,-4.448039,-4.590000,0.141961,0.000038
31,mobley_6714389,-4.123730,-4.550000,0.426270,0.000342
31,mobley_2245668,-4.310358,-4.500000,0.189642,0.000068
31,mobley_5973402,-4.490086,-4.420000,0.070086,0.000009
31,mobley_3546460,-4.461911,-4.400000,0.061911,0.000007
31,mobley_8311303,-3.534711,-4.380000,0.845289,0.001344
31,mobley_9741965,-6.489735,-4.290000,2.199735,0.009099
31,mobley_4603202,-4.666194,-4.230000,0.436194,0.000358
31,mobley_628086,-4.351046,-4.160000,0.191046,0.000069
31,mobley_4620651,-3.757634,-4.100000,0.342366,0.000220
31,mobley_7977115,-4.404620,-4.060000,0.344620,0.000223
31,mobley_2789243,-3.712517,-4.010000,0.297483,0.000166
31,mobley_3968739,-3.920616,-3.920000,0.000616,0.000000
31,mobley_63712,-3.583867,-3.880000,0.296134,0.000165
31,mobley_1046331,-4.003129,-3.820000,0.183130,0.000063
31,mobley_1160109,-3.473140,-3.750000,0.276860,0.000144
31,mobley_4149784,-3.425575,-3.670000,0.244425,0.000112
31,mobley_397645,-4.119087,-3.640000,0.479087,0.000432
31,mobley_4690963,-5.003426,-3.540000,1.463426,0.004027
31,mobley_1967551,-3.191569,-3.500000,0.308431,0.000179
31,mobley_6733657,-2.310121,-3.440000,1.129879,0.002401
31,mobley_9565165,-3.698625,-3.350000,0.348625,0.000229
31,mobley_2487143,-3.515254,-3.280000,0.235254,0.000104
31,mobley_8449031,-2.766078,-3.220000,0.453922,0.000387
31,mobley_172879,-2.887353,-3.150000,0.262647,0.000130
31,mobley_5346580,-1.680618,-3.110000,1.429382,0.003842
31,mobley_3573480,-3.306381,-3.040000,0.266381,0.000133
31,mobley_1075836,-2.899238,-2.930000,0.030762,0.000002
31,mobley_6102880,-4.120112,-2.870000,1.250113,0.002939
31,mobley_1827204,-2.884908,-2.810000,0.074908,0.000011
31,mobley_2146331,-1.656363,-2.750000,1.093637,0.002249
31,mobley_7943327,-2.752853,-2.680000,0.072853,0.000010
31,mobley_5110043,-2.832890,-2.630000,0.202890,0.000077
31,mobley_5616693,-2.912461,-2.530000,0.382461,0.000275
31,mobley_6619554,-2.520224,-2.490000,0.030224,0.000002
31,mobley_6359156,-3.910314,-2.460000,1.450314,0.003955
31,mobley_1781152,-2.282094,-2.400000,0.117906,0.000026
31,mobley_859464,-2.621976,-2.360000,0.261976,0.000129
31,mobley_7150646,-1.690678,-2.300000,0.609322,0.000698
31,mobley_1592519,-3.120361,-2.230000,0.890361,0.001491
31,mobley_5538249,-1.626018,-2.160000,0.533982,0.000536
31,mobley_6911232,-1.863748,-2.100000,0.236252,0.000105
31,mobley_3269565,-1.542327,-2.010000,0.467673,0.000411
31,mobley_2484519,-3.037741,-1.930000,1.107741,0.002307
31,mobley_7690440,-2.878367,-1.830000,1.048367,0.002067
31,mobley_3802803,-1.986783,-1.660000,0.326783,0.000201
31,mobley_1144156,-1.625940,-1.590000,0.035940,0.000002
31,mobley_2481002,-2.709052,-1.450000,1.259052,0.002981
31,mobley_2489709,-1.707756,-1.360000,0.347756,0.000227
31,mobley_5052949,-0.832482,-1.280000,0.447518,0.000377
31,mobley_2492140,-1.540456,-1.230000,0.310456,0.000181
31,mobley_7542832,-1.518058,-1.160000,0.358058,0.000241
31,mobley_7814642,-2.150959,-1.120000,1.030959,0.001999
31,mobley_1563176,-1.033172,-0.990000,0.043172,0.000004
31,mobley_1873346,-0.918226,-0.900000,0.018227,0.000001
31,mobley_3040612,-0.849523,-0.850000,0.000477,0.000000
31,mobley_4483973,-2.146601,-0.800000,1.346601,0.003410
31,mobley_9913368,-1.668242,-0.780000,0.888242,0.001484
31,mobley_1449384,-0.817334,-0.680000,0.137334,0.000035
31,mobley_7708038,-0.763833,-0.560000,0.203833,0.000078
31,mobley_8311321,-0.109732,-0.500000,0.390268,0.000286
31,mobley_766666,-0.639118,-0.440000,0.199118,0.000075
31,mobley_5445548,-0.786612,-0.300000,0.486612,0.000445
31,mobley_9029594,-0.811263,-0.220000,0.591263,0.000657
31,mobley_3370989,-1.668798,-0.110000,1.558798,0.004569
31,mobley_627267,-0.343809,-0.030000,0.313809,0.000185
31,mobley_6250025,0.258492,0.080000,0.178492,0.000060
31,mobley_4252724,-0.782037,0.160000,0.942037,0.001669
31,mobley_7157427,0.189318,0.290000,0.100682,0.000019
31,mobley_8885088,-0.215904,0.560000,0.775904,0.001132
31,mobley_8522124,0.639760,0.710000,0.070240,0.000009
31,mobley_4678740,-0.262616,1.070000,1.332616,0.003339
31,mobley_2689721,0.705806,1.230000,0.524194,0.000517
31,mobley_1662128,1.074992,1.380000,0.305008,0.000175
31,mobley_4762983,1.737318,1.660000,0.077318,0.000011
31,mobley_7732703,0.118640,1.790000,1.671360,0.005253
31,mobley_2068538,1.246492,2.000000,0.753508,0.001068
31,mobley_5157661,1.715820,2.300000,0.584180,0.000642
31,mobley_1261349,2.417555,2.510000,0.092445,0.000016
31,mobley_2328633,1.758540,2.550000,0.791460,0.001178
31,mobley_8436428,2.708507,2.830000,0.121493,0.000028
31,mobley_3060426,3.243545,2.930000,0.313545,0.000185
31,mobley_2197088,2.911920,3.160000,0.248080,0.000116
32,mobley_9534740,-21.358007,-25.469999,4.111992,0.031796
32,mobley_6239320,-22.505581,-18.059999,4.445581,0.037164
32,mobley_7794077,-14.158681,-15.460000,1.301319,0.003184
32,mobley_7415647,-12.919884,-11.950000,0.969884,0.001769
32,mobley_1728386,-10.363229,-11.000000,0.636771,0.000762
32,mobley_2269032,-9.697280,-10.210000,0.512720,0.000494
32,mobley_2913224,-7.304693,-9.940000,2.635306,0.013059
32,mobley_2659552,-9.508427,-9.760000,0.251574,0.000119
32,mobley_7176290,-9.116496,-9.620000,0.503504,0.000477
32,mobley_2295058,-9.019666,-9.510000,0.490335,0.000452
32,mobley_6055410,-10.907825,-9.400000,1.507826,0.004275
32,mobley_4639255,-9.404498,-9.300000,0.104498,0.000021
32,mobley_1417007,-5.075166,-9.010000,3.934834,0.029115
32,mobley_6115639,-9.615995,-8.700000,0.915996,0.001578
32,mobley_6353617,-7.512039,-8.260000,0.747961,0.001052
32,mobley_2725215,-8.856383,-7.980000,0.876383,0.001444
32,mobley_7039935,-6.897500,-7.670000,0.772501,0.001122
32,mobley_4059279,-6.205368,-7.580000,1.374632,0.003553
32,mobley_951560,-9.353734,-7.400000,1.953734,0.007178
32,mobley_1922649,-8.768628,-7.190000,1.578628,0.004686
32,mobley_8798016,-7.566471,-7.000000,0.566471,0.000603
32,mobley_1858644,-6.757551,-6.790000,0.032449,0.000002
32,mobley_9114381,-5.828708,-6.720000,0.891292,0.001494
32,mobley_5311804,-5.768293,-6.620000,0.851707,0.001364
32,mobley_6743808,-6.528643,-6.500000,0.028643,0.000002
32,mobley_8789864,-5.685365,-6.400000,0.714635,0.000960
32,mobley_7009711,-6.576905,-6.270000,0.306905,0.000177
32,mobley_8789465,-4.538344,-6.200000,1.661655,0.005192
32,mobley_2923700,-6.118322,-6.130000,0.011678,0.000000
32,mobley_4780078,-5.445811,-6.010000,0.564189,0.000599
32,mobley_5467162,-5.571512,-5.910000,0.338488,0.000215
32,mobley_6257907,-6.045681,-5.820000,0.225680,0.000096
32,mobley_7913234,-6.185456,-5.730000,0.455456,0.000390
32,mobley_5518547,-6.055215,-5.570000,0.485215,0.000443
32,mobley_4883284,-6.007226,-5.490000,0.517227,0.000503
32,mobley_5220185,-5.249828,-5.450000,0.200172,0.000075
32,mobley_3359593,-5.610156,-5.260000,0.350156,0.000231
32,mobley_4683624,-5.994916,-5.210000,0.784916,0.001159
32,mobley_1636752,-3.559103,-5.100000,1.540897,0.004465
32,mobley_2310185,-4.674921,-5.000000,0.325079,0.000199
32,mobley_3682850,-3.843496,-4.910000,1.066504,0.002139
32,mobley_1363784,-4.727406,-4.840000,0.112594,0.000024
32,mobley_2837389,-4.144987,-4.780000,0.635014,0.000758
32,mobley_9507933,-4.796438,-4.720000,0.076438,0.000011
32,mobley_296847,-4.811895,-4.690000,0.121895,0.000028
32,mobley_8208692,-3.115041,-4.610000,1.494960,0.004203
32,mobley_4884177,-4.361420,-4.590000,0.228580,0.000098
32,mobley_6714389,-4.204049,-4.550000,0.345951,0.000225
32,mobley_2245668,-4.248057,-4.500000,0.251943,0.000119
32,mobley_5973402,-4.397762,-4.420000,0.022238,0.000001
32,mobley_3546460,-4.417091,-4.400000,0.017091,0.000001
32,mobley_8311303,-3.395866,-4.380000,0.984134,0.001821
32,mobley_9741965,-6.110862,-4.290000,1.820862,0.006235
32,mobley_4603202,-4.433663,-4.230000,0.203663,0.000078
32,mobley_628086,-4.280131,-4.160000,0.120131,0.000027
32,mobley_4620651,-3.671655,-4.100000,0.428344,0.000345
32,mobley_7977115,-4.242230,-4.060000,0.182230,0.000062
32,mobley_2789243,-3.631086,-4.010000,0.378915,0.000270
32,mobley_3968739,-3.826207,-3.920000,0.093793,0.000017
32,mobley_63712,-3.002317,-3.880000,0.877683,0.001449
32,mobley_1046331,-3.955294,-3.820000,0.135294,0.000034
32,mobley_1160109,-3.048739,-3.750000,0.701261,0.000925
32,mobley_4149784,-3.425325,-3.670000,0.244675,0.000113
32,mobley_397645,-3.978163,-3.640000,0.338162,0.000215
32,mobley_4690963,-4.567612,-3.540000,1.027612,0.001986
32,mobley_1967551,-3.230464,-3.500000,0.269536,0.000137
32,mobley_6733657,-2.081301,-3.440000,1.358699,0.003471
32,mobley_9565165,-3.425296,-3.350000,0.075296,0.000011
32,mobley_2487143,-3.322914,-3.280000,0.042914,0.000003
32,mobley_8449031,-2.225437,-3.220000,0.994563,0.001860
32,mobley_172879,-2.940395,-3.150000,0.209605,0.000083
32,mobley_5346580,-1.440066,-3.110000,1.669934,0.005244
32,mobley_3573480,-3.109436,-3.040000,0.069436,0.000009
32,mobley_1075836,-2.803621,-2.930000,0.126379,0.000030
32,mobley_6102880,-3.960374,-2.870000,1.090374,0.002236
32,mobley_1827204,-2.760237,-2.810000,0.049763,0.000005
32,mobley_2146331,-1.608537,-2.750000,1.141463,0.002450
32,mobley_7943327,-2.605207,-2.680000,0.074793,0.000011
32,mobley_5110043,-2.597765,-2.630000,0.032235,0.000002
32,mobley_5616693,-2.610188,-2.530000,0.080189,0.000012
32,mobley_6619554,-2.365469,-2.490000,0.124531,0.000029
32,mobley_6359156,-3.669053,-2.460000,1.209053,0.002749
32,mobley_1781152,-2.092758,-2.400000,0.307242,0.000178
32,mobley_859464,-2.392657,-2.360000,0.032657,0.000002
32,mobley_7150646,-1.647866,-2.300000,0.652134,0.000800
32,mobley_1592519,-2.993083,-2.230000,0.763083,0.001095
32,mobley_5538249,-1.549374,-2.160000,0.610626,0.000701
32,mobley_6911232,-1.671485,-2.100000,0.428515,0.000345
32,mobley_3269565,-1.353816,-2.010000,0.656184,0.000810
32,mobley_2484519,-2.882297,-1.930000,0.952297,0.001705
32,mobley_7690440,-3.167575,-1.830000,1.337575,0.003364
32,mobley_3802803,-1.761036,-1.660000,0.101036,0.000019
32,mobley_1144156,-1.370806,-1.590000,0.219194,0.000090
32,mobley_2481002,-2.674753,-1.450000,1.224753,0.002821
32,mobley_2489709,-1.582453,-1.360000,0.222453,0.000093
32,mobley_5052949,-0.594173,-1.280000,0.685827,0.000884
32,mobley_2492140,-1.748106,-1.230000,0.518106,0.000505
32,mobley_7542832,-1.187379,-1.160000,0.027379,0.000001
32,mobley_7814642,-2.067114,-1.120000,0.947114,0.001687
32,mobley_1563176,-0.898288,-0.990000,0.091712,0.000016
32,mobley_1873346,-0.746931,-0.900000,0.153069,0.000044
32,mobley_3040612,-0.633161,-0.850000,0.216839,0.000088
32,mobley_4483973,-2.071632,-0.800000,1.271632,0.003041
32,mobley_9913368,-1.686941,-0.780000,0.906941,0.001547
32,mobley_1449384,-0.571359,-0.680000,0.108641,0.000022
32,mobley_7708038,-0.672482,-0.560000,0.112482,0.000024
32,mobley_8311321,-0.111785,-0.500000,0.388215,0.000283
32,mobley_766666,-0.643634,-0.440000,0.203634,0.000078
32,mobley_5445548,-0.595945,-0.300000,0.295945,0.000165
32,mobley_9029594,-1.106855,-0.220000,0.886855,0.001479
32,mobley_3370989,-1.610110,-0.110000,1.500110,0.004232
32,mobley_627267,-0.193149,-0.030000,0.163149,0.000050
32,mobley_6250025,0.377126,0.080000,0.297126,0.000166
32,mobley_4252724,-0.530975,0.160000,0.690975,0.000898
32,mobley_7157427,0.313886,0.290000,0.023886,0.000001
32,mobley_8885088,0.031153,0.560000,0.528847,0.000526
32,mobley_8522124,0.749501,0.710000,0.039501,0.000003
32,mobley_4678740,0.019987,1.070000,1.050013,0.002073
32,mobley_2689721,0.870692,1.230000,0.359308,0.000243
32,mobley_1662128,1.205190,1.380000,0.174810,0.000057
32,mobley_4762983,1.890815,1.660000,0.230815,0.000100
32,mobley_7732703,0.159434,1.790000,1.630566,0.005000
32,mobley_2068538,1.322283,2.000000,0.677717,0.000864
32,mobley_5157661,1.806096,2.300000,0.493904,0.000459
32,mobley_1261349,2.573289,2.510000,0.063289,0.000008
32,mobley_2328633,2.042846,2.550000,0.507154,0.000484
32,mobley_8436428,2.882427,2.830000,0.052427,0.000005
32,mobley_3060426,3.559914,2.930000,0.629914,0.000746
32,mobley_2197088,3.053401,3.160000,0.106599,0.000021
33,mobley_9534740,-20.880230,-25.469999,4.589769,0.039614
33,mobley_6239320,-23.332811,-18.059999,5.272812,0.052281
33,mobley_7794077,-14.732503,-15.460000,0.727497,0.000995
33,mobley_7415647,-12.816200,-11.950000,0.866200,0.001411
33,mobley_1728386,-10.571036,-11.000000,0.428964,0.000346
33,mobley_2269032,-9.521708,-10.210000,0.688293,0.000891
33,mobley_2913224,-7.121667,-9.940000,2.818332,0.014936
33,mobley_2659552,-9.539219,-9.760000,0.220781,0.000092
33,mobley_7176290,-8.910879,-9.620000,0.709121,0.000946
33,mobley_2295058,-8.824229,-9.510000,0.685771,0.000884
33,mobley_6055410,-10.559206,-9.400000,1.159206,0.002527
33,mobley_4639255,-9.351125,-9.300000,0.051125,0.000005
33,mobley_1417007,-4.105298,-9.010000,4.904703,0.045236
33,mobley_6115639,-9.544861,-8.700000,0.844861,0.001342
33,mobley_6353617,-7.344850,-8.260000,0.915151,0.001575
33,mobley_2725215,-8.503770,-7.980000,0.523770,0.000516
33,mobley_7039935,-6.817338,-7.670000,0.852662,0.001367
33,mobley_4059279,-6.642693,-7.580000,0.937307,0.001652
33,mobley_951560,-9.623262,-7.400000,2.223262,0.009295
33,mobley_1922649,-8.754714,-7.190000,1.564714,0.004604
33,mobley_8798016,-7.541997,-7.000000,0.541997,0.000552
33,mobley_1858644,-6.781926,-6.790000,0.008074,0.000000
33,mobley_9114381,-5.666444,-6.720000,1.053556,0.002087
33,mobley_5311804,-5.875694,-6.620000,0.744306,0.001042
33,mobley_6743808,-6.328542,-6.500000,0.171458,0.000055
33,mobley_8789864,-5.567377,-6.400000,0.832623,0.001304
33,mobley_7009711,-6.330688,-6.270000,0.060688,0.000007
33,mobley_8789465,-4.476704,-6.200000,1.723296,0.005584
33,mobley_2923700,-5.966265,-6.130000,0.163735,0.000050
33,mobley_4780078,-5.239620,-6.010000,0.770380,0.001116
33,mobley_5467162,-5.531655,-5.910000,0.378345,0.000269
33,mobley_6257907,-5.732827,-5.820000,0.087173,0.000014
33,mobley_7913234,-6.113953,-5.730000,0.383953,0.000277
33,mobley_5518547,-5.767765,-5.570000,0.197765,0.000074
33,mobley_4883284,-5.836496,-5.490000,0.346496,0.000226
33,mobley_5220185,-4.987028,-5.450000,0.462972,0.000403
33,mobley_3359593,-5.318974,-5.260000,0.058974,0.000007
33,mobley_4683624,-5.841836,-5.210000,0.631836,0.000751
33,mobley_1636752,-3.511449,-5.100000,1.588551,0.004745
33,mobley_2310185,-4.584713,-5.000000,0.415287,0.000324
33,mobley_3682850,-3.945236,-4.910000,0.964764,0.001750
33,mobley_1363784,-4.612964,-4.840000,0.227036,0.000097
33,mobley_2837389,-4.239542,-4.780000,0.540458,0.000549
33,mobley_9507933,-4.641336,-4.720000,0.078663,0.000012
33,mobley_296847,-4.873249,-4.690000,0.183249,0.000063
33,mobley_8208692,-2.565901,-4.610000,2.044099,0.007857
33,mobley_4884177,-4.331528,-4.590000,0.258472,0.000126
33,mobley_6714389,-4.050781,-4.550000,0.499219,0.000469
33,mobley_2245668,-4.249681,-4.500000,0.250319,0.000118
33,mobley_5973402,-4.361793,-4.420000,0.058207,0.000006
33,mobley_3546460,-4.292974,-4.400000,0.107026,0.000022
33,mobley_8311303,-2.974947,-4.380000,1.405053,0.003712
33,mobley_9741965,-6.167553,-4.290000,1.877553,0.006629
33,mobley_4603202,-4.421655,-4.230000,0.191655,0.000069
33,mobley_628086,-4.428682,-4.160000,0.268682,0.000136
33,mobley_4620651,-3.663564,-4.100000,0.436436,0.000358
33,mobley_7977115,-4.170038,-4.060000,0.110038,0.000023
33,mobley_2789243,-3.515944,-4.010000,0.494056,0.000459
33,mobley_3968739,-3.828171,-3.920000,0.091829,0.000016
33,mobley_63712,-3.318816,-3.880000,0.561184,0.000592
33,mobley_1046331,-3.905335,-3.820000,0.085335,0.000014
33,mobley_1160109,-3.297838,-3.750000,0.452162,0.000384
33,mobley_4149784,-2.741901,-3.670000,0.928099,0.001620
33,mobley_397645,-3.961608,-3.640000,0.321608,0.000194
33,mobley_4690963,-4.577689,-3.540000,1.037689,0.002025
33,mobley_1967551,-3.121293,-3.500000,0.378707,0.000270
33,mobley_6733657,-2.087929,-3.440000,1.352071,0.003438
33,mobley_9565165,-3.715690,-3.350000,0.365690,0.000251
33,mobley_2487143,-3.120078,-3.280000,0.159922,0.000048
33,mobley_8449031,-2.498904,-3.220000,0.721097,0.000978
33,mobley_172879,-2.664075,-3.150000,0.485925,0.000444
33,mobley_5346580,-1.518138,-3.110000,1.591862,0.004765
33,mobley_3573480,-2.890592,-3.040000,0.149408,0.000042
33,mobley_1075836,-2.673537,-2.930000,0.256463,0.000124
33,mobley_6102880,-4.016099,-2.870000,1.146099,0.002470
33,mobley_1827204,-2.640995,-2.810000,0.169005,0.000054
33,mobley_2146331,-1.623405,-2.750000,1.126595,0.002387
33,mobley_7943327,-2.474544,-2.680000,0.205456,0.000079
33,mobley_5110043,-2.545574,-2.630000,0.084426,0.000013
33,mobley_5616693,-2.685870,-2.530000,0.155870,0.000046
33,mobley_6619554,-2.196861,-2.490000,0.293139,0.000162
33,mobley_6359156,-3.524447,-2.460000,1.064447,0.002131
33,mobley_1781152,-2.136829,-2.400000,0.263171,0.000130
33,mobley_859464,-2.369235,-2.360000,0.009235,0.000000
33,mobley_7150646,-1.644959,-2.300000,0.655041,0.000807
33,mobley_1592519,-2.801716,-2.230000,0.571716,0.000615
33,mobley_5538249,-1.328523,-2.160000,0.831478,0.001300
33,mobley_6911232,-1.676177,-2.100000,0.423823,0.000338
33,mobley_3269565,-1.338673,-2.010000,0.671327,0.000847
33,mobley_2484519,-2.902957,-1.930000,0.972957,0.001780
33,mobley_7690440,-3.039507,-1.830000,1.209507,0.002751
33,mobley_3802803,-1.759228,-1.660000,0.099228,0.000019
33,mobley_1144156,-1.329541,-1.590000,0.260459,0.000128
33,mobley_2481002,-2.722702,-1.450000,1.272702,0.003046
33,mobley_2489709,-1.427318,-1.360000,0.067318,0.000009
33,mobley_5052949,-0.576296,-1.280000,0.703704,0.000931
33,mobley_2492140,-1.066285,-1.230000,0.163715,0.000050
33,mobley_7542832,-1.180858,-1.160000,0.020858,0.000001
33,mobley_7814642,-1.830472,-1.120000,0.710472,0.000949
33,mobley_1563176,-0.835244,-0.990000,0.154756,0.000045
33,mobley_1873346,-0.812084,-0.900000,0.087916,0.000015
33,mobley_3040612,-0.673797,-0.850000,0.176203,0.000058
33,mobley_4483973,-2.082308,-0.800000,1.282308,0.003092
33,mobley_9913368,-1.613446,-0.780000,0.833446,0.001306
33,mobley_1449384,-0.571584,-0.680000,0.108416,0.000022
33,mobley_7708038,-0.634158,-0.560000,0.074158,0.000010
33,mobley_8311321,-0.122653,-0.500000,0.377347,0.000268
33,mobley_766666,-0.574741,-0.440000,0.134741,0.000034
33,mobley_5445548,-0.687111,-0.300000,0.387111,0.000282
33,mobley_9029594,-1.021705,-0.220000,0.801705,0.001209
33,mobley_3370989,-1.581570,-0.110000,1.471570,0.004072
33,mobley_627267,-0.234315,-0.030000,0.204315,0.000078
33,mobley_6250025,0.447200,0.080000,0.367200,0.000254
33,mobley_4252724,-0.700934,0.160000,0.860934,0.001394
33,mobley_7157427,0.405575,0.290000,0.115575,0.000025
33,mobley_8885088,-0.148559,0.560000,0.708559,0.000944
33,mobley_8522124,0.786591,0.710000,0.076591,0.000011
33,mobley_4678740,-0.164770,1.070000,1.234770,0.002867
33,mobley_2689721,0.885651,1.230000,0.344350,0.000223
33,mobley_1662128,1.153358,1.380000,0.226642,0.000097
33,mobley_4762983,1.843657,1.660000,0.183657,0.000063
33,mobley_7732703,0.093648,1.790000,1.696352,0.005411
33,mobley_2068538,1.418872,2.000000,0.581128,0.000635
33,mobley_5157661,1.813648,2.300000,0.486351,0.000445
33,mobley_1261349,2.358533,2.510000,0.151467,0.000043
33,mobley_2328633,1.997467,2.550000,0.552533,0.000574
33,mobley_8436428,2.821711,2.830000,0.008289,0.000000
33,mobley_3060426,3.304378,2.930000,0.374378,0.000264
33,mobley_2197088,3.216532,3.160000,0.056532,0.000006
34,mobley_9534740,-21.129797,-25.469999,4.340202,0.035423
34,mobley_6239320,-21.998037,-18.059999,3.938038,0.029162
34,mobley_7794077,-13.984044,-15.460000,1.475956,0.004096
34,mobley_7415647,-13.056370,-11.950000,1.106370,0.002302
34,mobley_1728386,-10.581315,-11.000000,0.418685,0.000330
34,mobley_2269032,-9.771911,-10.210000,0.438089,0.000361
34,mobley_2913224,-7.353057,-9.940000,2.586943,0.012585
34,mobley_2659552,-9.761020,-9.760000,0.001019,0.000000
34,mobley_7176290,-9.142854,-9.620000,0.477146,0.000428
34,mobley_2295058,-9.114297,-9.510000,0.395703,0.000294
34,mobley_6055410,-11.069357,-9.400000,1.669357,0.005240
34,mobley_4639255,-9.454537,-9.300000,0.154537,0.000045
34,mobley_1417007,-4.529407,-9.010000,4.480594,0.037751
34,mobley_6115639,-9.569297,-8.700000,0.869297,0.001421
34,mobley_6353617,-7.641222,-8.260000,0.618778,0.000720
34,mobley_2725215,-8.403852,-7.980000,0.423852,0.000338
34,mobley_7039935,-7.074543,-7.670000,0.595457,0.000667
34,mobley_4059279,-6.556488,-7.580000,1.023512,0.001970
34,mobley_951560,-9.354753,-7.400000,1.954753,0.007185
34,mobley_1922649,-8.771589,-7.190000,1.581589,0.004704
34,mobley_8798016,-7.785380,-7.000000,0.785380,0.001160
34,mobley_1858644,-6.908938,-6.790000,0.118938,0.000027
34,mobley_9114381,-5.768982,-6.720000,0.951017,0.001701
34,mobley_5311804,-5.977501,-6.620000,0.642498,0.000776
34,mobley_6743808,-6.644419,-6.500000,0.144419,0.000039
34,mobley_8789864,-5.638247,-6.400000,0.761754,0.001091
34,mobley_7009711,-6.640418,-6.270000,0.370418,0.000258
34,mobley_8789465,-4.674098,-6.200000,1.525902,0.004378
34,mobley_2923700,-6.209442,-6.130000,0.079442,0.000012
34,mobley_4780078,-5.556849,-6.010000,0.453152,0.000386
34,mobley_5467162,-5.743488,-5.910000,0.166512,0.000052
34,mobley_6257907,-6.124066,-5.820000,0.304066,0.000174
34,mobley_7913234,-6.295872,-5.730000,0.565872,0.000602
34,mobley_5518547,-6.101635,-5.570000,0.531635,0.000531
34,mobley_4883284,-6.094536,-5.490000,0.604537,0.000687
34,mobley_5220185,-5.198848,-5.450000,0.251152,0.000119
34,mobley_3359593,-5.751110,-5.260000,0.491109,0.000454
34,mobley_4683624,-6.097562,-5.210000,0.887562,0.001481
34,mobley_1636752,-3.629809,-5.100000,1.470191,0.004065
34,mobley_2310185,-4.668514,-5.000000,0.331486,0.000207
34,mobley_3682850,-4.038855,-4.910000,0.871145,0.001427
34,mobley_1363784,-4.918147,-4.840000,0.078146,0.000011
34,mobley_2837389,-4.423285,-4.780000,0.356716,0.000239
34,mobley_9507933,-4.953961,-4.720000,0.233962,0.000103
34,mobley_296847,-5.073830,-4.690000,0.383830,0.000277
34,mobley_8208692,-2.933935,-4.610000,1.676065,0.005283
34,mobley_4884177,-4.555117,-4.590000,0.034883,0.000002
34,mobley_6714389,-4.185323,-4.550000,0.364677,0.000250
34,mobley_2245668,-4.306688,-4.500000,0.193312,0.000070
34,mobley_5973402,-4.455125,-4.420000,0.035125,0.000002
34,mobley_3546460,-4.449442,-4.400000,0.049442,0.000005
34,mobley_8311303,-3.152684,-4.380000,1.227316,0.002833
34,mobley_9741965,-6.331865,-4.290000,2.041865,0.007840
34,mobley_4603202,-4.626348,-4.230000,0.396348,0.000295
34,mobley_628086,-4.230082,-4.160000,0.070082,0.000009
34,mobley_4620651,-3.855483,-4.100000,0.244517,0.000112
34,mobley_7977115,-4.242076,-4.060000,0.182076,0.000062
34,mobley_2789243,-3.784182,-4.010000,0.225818,0.000096
34,mobley_3968739,-4.013578,-3.920000,0.093578,0.000016
34,mobley_63712,-3.232717,-3.880000,0.647283,0.000788
34,mobley_1046331,-4.112931,-3.820000,0.292931,0.000161
34,mobley_1160109,-3.337817,-3.750000,0.412183,0.000319
34,mobley_4149784,-3.412935,-3.670000,0.257065,0.000124
34,mobley_397645,-4.130723,-3.640000,0.490722,0.000453
34,mobley_4690963,-4.684451,-3.540000,1.144451,0.002463
34,mobley_1967551,-3.269839,-3.500000,0.230161,0.000100
34,mobley_6733657,-1.950276,-3.440000,1.489724,0.004173
34,mobley_9565165,-3.802785,-3.350000,0.452785,0.000386
34,mobley_2487143,-3.331974,-3.280000,0.051974,0.000005
34,mobley_8449031,-2.407185,-3.220000,0.812815,0.001242
34,mobley_172879,-3.016284,-3.150000,0.133716,0.000034
34,mobley_5346580,-1.603686,-3.110000,1.506314,0.004267
34,mobley_3573480,-3.132790,-3.040000,0.092790,0.000016
34,mobley_1075836,-2.794644,-2.930000,0.135356,0.000034
34,mobley_6102880,-4.291016,-2.870000,1.421016,0.003797
34,mobley_1827204,-2.841893,-2.810000,0.031893,0.000002
34,mobley_2146331,-1.768797,-2.750000,0.981203,0.001810
34,mobley_7943327,-2.597227,-2.680000,0.082773,0.000013
34,mobley_5110043,-2.853199,-2.630000,0.223199,0.000094
34,mobley_5616693,-2.713396,-2.530000,0.183396,0.000063
34,mobley_6619554,-2.364715,-2.490000,0.125285,0.000030
34,mobley_6359156,-3.927119,-2.460000,1.467119,0.004048
34,mobley_1781152,-2.277424,-2.400000,0.122576,0.000028
34,mobley_859464,-2.447213,-2.360000,0.087213,0.000014
34,mobley_7150646,-1.864709,-2.300000,0.435290,0.000356
34,mobley_1592519,-3.030205,-2.230000,0.800205,0.001204
34,mobley_5538249,-1.649114,-2.160000,0.510886,0.000491
34,mobley_6911232,-1.765811,-2.100000,0.334188,0.000210
34,mobley_3269565,-1.390588,-2.010000,0.619412,0.000721
34,mobley_2484519,-3.015219,-1.930000,1.085219,0.002215
34,mobley_7690440,-3.101260,-1.830000,1.271260,0.003039
34,mobley_3802803,-1.917122,-1.660000,0.257122,0.000124
34,mobley_1144156,-1.372484,-1.590000,0.217516,0.000089
34,mobley_2481002,-2.653108,-1.450000,1.203108,0.002722
34,mobley_2489709,-1.532423,-1.360000,0.172423,0.000056
34,mobley_5052949,-0.703360,-1.280000,0.576639,0.000625
34,mobley_2492140,-1.310416,-1.230000,0.080416,0.000012
34,mobley_7542832,-1.290822,-1.160000,0.130822,0.000032
34,mobley_7814642,-1.972398,-1.120000,0.852398,0.001366
34,mobley_1563176,-0.954573,-0.990000,0.035427,0.000002
34,mobley_1873346,-0.930083,-0.900000,0.030083,0.000002
34,mobley_3040612,-0.824577,-0.850000,0.025423,0.000001
34,mobley_4483973,-2.219618,-0.800000,1.419618,0.003790
34,mobley_9913368,-1.792143,-0.780000,1.012143,0.001926
34,mobley_1449384,-0.749636,-0.680000,0.069636,0.000009
34,mobley_7708038,-0.688604,-0.560000,0.128604,0.000031
34,mobley_8311321,-0.064279,-0.500000,0.435721,0.000357
34,mobley_766666,-0.563957,-0.440000,0.123957,0.000029
34,mobley_5445548,-0.767401,-0.300000,0.467401,0.000411
34,mobley_9029594,-1.155319,-0.220000,0.935319,0.001645
34,mobley_3370989,-1.537998,-0.110000,1.427998,0.003835
34,mobley_627267,-0.310216,-0.030000,0.280216,0.000148
34,mobley_6250025,0.293039,0.080000,0.213039,0.000085
34,mobley_4252724,-0.789328,0.160000,0.949328,0.001695
34,mobley_7157427,0.274616,0.290000,0.015384,0.000000
34,mobley_8885088,-0.256314,0.560000,0.816314,0.001253
34,mobley_8522124,0.595384,0.710000,0.114615,0.000025
34,mobley_4678740,0.092473,1.070000,0.977527,0.001797
34,mobley_2689721,0.866092,1.230000,0.363908,0.000249
34,mobley_1662128,1.088021,1.380000,0.291979,0.000160
34,mobley_4762983,1.708729,1.660000,0.048729,0.000004
34,mobley_7732703,0.195715,1.790000,1.594285,0.004780
34,mobley_2068538,1.327809,2.000000,0.672191,0.000850
34,mobley_5157661,1.703183,2.300000,0.596817,0.000670
34,mobley_1261349,2.307152,2.510000,0.202848,0.000077
34,mobley_2328633,1.907440,2.550000,0.642560,0.000776
34,mobley_8436428,2.746456,2.830000,0.083544,0.000013
34,mobley_3060426,3.257518,2.930000,0.327518,0.000202
34,mobley_2197088,3.068423,3.160000,0.091577,0.000016
35,mobley_9534740,-20.945377,-25.469999,4.524622,0.038497
35,mobley_6239320,-22.960365,-18.059999,4.900366,0.045156
35,mobley_7794077,-14.156600,-15.460000,1.303400,0.003195
35,mobley_7415647,-12.820977,-11.950000,0.870977,0.001427
35,mobley_1728386,-10.478891,-11.000000,0.521109,0.000511
35,mobley_2269032,-9.666765,-10.210000,0.543235,0.000555
35,mobley_2913224,-7.327385,-9.940000,2.612615,0.012836
35,mobley_2659552,-9.495440,-9.760000,0.264560,0.000132
35,mobley_7176290,-9.189534,-9.620000,0.430466,0.000348
35,mobley_2295058,-9.021951,-9.510000,0.488050,0.000448
35,mobley_6055410,-10.803384,-9.400000,1.403384,0.003704
35,mobley_4639255,-9.468999,-9.300000,0.168999,0.000054
35,mobley_1417007,-4.535214,-9.010000,4.474786,0.037654
35,mobley_6115639,-9.600330,-8.700000,0.900331,0.001524
35,mobley_6353617,-7.465225,-8.260000,0.794775,0.001188
35,mobley_2725215,-8.715466,-7.980000,0.735466,0.001017
35,mobley_7039935,-6.869670,-7.670000,0.800330,0.001204
35,mobley_4059279,-6.285479,-7.580000,1.294521,0.003151
35,mobley_951560,-9.476224,-7.400000,2.076224,0.008106
35,mobley_1922649,-9.047400,-7.190000,1.857400,0.006487
35,mobley_8798016,-7.598630,-7.000000,0.598630,0.000674
35,mobley_1858644,-6.728015,-6.790000,0.061985,0.000007
35,mobley_9114381,-5.786758,-6.720000,0.933241,0.001638
35,mobley_5311804,-5.815298,-6.620000,0.804702,0.001218
35,mobley_6743808,-6.627547,-6.500000,0.127547,0.000031
35,mobley_8789864,-5.577503,-6.400000,0.822497,0.001272
35,mobley_7009711,-6.686653,-6.270000,0.416653,0.000326
35,mobley_8789465,-4.485824,-6.200000,1.714176,0.005526
35,mobley_2923700,-6.102106,-6.130000,0.027894,0.000001
35,mobley_4780078,-5.492914,-6.010000,0.517087,0.000503
35,mobley_5467162,-5.718369,-5.910000,0.191631,0.000069
35,mobley_6257907,-5.953536,-5.820000,0.133536,0.000034
35,mobley_7913234,-6.204783,-5.730000,0.474783,0.000424
35,mobley_5518547,-5.957348,-5.570000,0.387348,0.000282
35,mobley_4883284,-5.968099,-5.490000,0.478099,0.000430
35,mobley_5220185,-5.098578,-5.450000,0.351422,0.000232
35,mobley_3359593,-5.428545,-5.260000,0.168545,0.000053
35,mobley_4683624,-5.942496,-5.210000,0.732496,0.001009
35,mobley_1636752,-3.572254,-5.100000,1.527746,0.004389
35,mobley_2310185,-4.694549,-5.000000,0.305451,0.000175
35,mobley_3682850,-4.017054,-4.910000,0.892946,0.001499
35,mobley_1363784,-4.913353,-4.840000,0.073353,0.000010
35,mobley_2837389,-4.258712,-4.780000,0.521288,0.000511
35,mobley_9507933,-4.886346,-4.720000,0.166347,0.000052
35,mobley_296847,-4.803484,-4.690000,0.113484,0.000024
35,mobley_8208692,-2.604562,-4.610000,2.005438,0.007563
35,mobley_4884177,-4.371712,-4.590000,0.218288,0.000090
35,mobley_6714389,-4.044973,-4.550000,0.505027,0.000480
35,mobley_2245668,-4.401784,-4.500000,0.098216,0.000018
35,mobley_5973402,-4.476326,-4.420000,0.056326,0.000006
35,mobley_3546460,-4.406951,-4.400000,0.006951,0.000000
35,mobley_8311303,-3.055992,-4.380000,1.324008,0.003296
35,mobley_9741965,-5.901064,-4.290000,1.611064,0.004881
35,mobley_4603202,-4.574112,-4.230000,0.344112,0.000223
35,mobley_628086,-4.017064,-4.160000,0.142936,0.000038
35,mobley_4620651,-3.650203,-4.100000,0.449797,0.000380
35,mobley_7977115,-4.240722,-4.060000,0.180722,0.000061
35,mobley_2789243,-3.625267,-4.010000,0.384733,0.000278
35,mobley_3968739,-3.869029,-3.920000,0.050972,0.000005
35,mobley_63712,-3.162521,-3.880000,0.717479,0.000968
35,mobley_1046331,-3.916929,-3.820000,0.096929,0.000018
35,mobley_1160109,-3.213231,-3.750000,0.536769,0.000542
35,mobley_4149784,-3.361843,-3.670000,0.308157,0.000179
35,mobley_397645,-3.968457,-3.640000,0.328457,0.000203
35,mobley_4690963,-4.722888,-3.540000,1.182889,0.002631
35,mobley_1967551,-3.259080,-3.500000,0.240920,0.000109
35,mobley_6733657,-1.774202,-3.440000,1.665798,0.005218
35,mobley_9565165,-3.387705,-3.350000,0.037705,0.000003
35,mobley_2487143,-3.363032,-3.280000,0.083032,0.000013
35,mobley_8449031,-2.428342,-3.220000,0.791658,0.001179
35,mobley_172879,-2.802350,-3.150000,0.347650,0.000227
35,mobley_5346580,-1.743804,-3.110000,1.366196,0.003510
35,mobley_3573480,-3.143163,-3.040000,0.103163,0.000020
35,mobley_1075836,-2.846099,-2.930000,0.083901,0.000013
35,mobley_6102880,-4.083901,-2.870000,1.213901,0.002771
35,mobley_1827204,-2.803858,-2.810000,0.006142,0.000000
35,mobley_2146331,-1.651779,-2.750000,1.098221,0.002268
35,mobley_7943327,-2.531621,-2.680000,0.148379,0.000041
35,mobley_5110043,-2.683822,-2.630000,0.053822,0.000005
35,mobley_5616693,-2.685432,-2.530000,0.155432,0.000045
35,mobley_6619554,-2.196184,-2.490000,0.293816,0.000162
35,mobley_6359156,-3.609924,-2.460000,1.149924,0.002487
35,mobley_1781152,-2.093388,-2.400000,0.306612,0.000177
35,mobley_859464,-2.524077,-2.360000,0.164077,0.000051
35,mobley_7150646,-1.655073,-2.300000,0.644927,0.000782
35,mobley_1592519,-2.827187,-2.230000,0.597187,0.000671
35,mobley_5538249,-1.318015,-2.160000,0.841985,0.001333
35,mobley_6911232,-1.728644,-2.100000,0.371356,0.000259
35,mobley_3269565,-1.502347,-2.010000,0.507653,0.000485
35,mobley_2484519,-2.815557,-1.930000,0.885557,0.001475
35,mobley_7690440,-2.818089,-1.830000,0.988089,0.001836
35,mobley_3802803,-1.581352,-1.660000,0.078647,0.000012
35,mobley_1144156,-1.356917,-1.590000,0.233083,0.000102
35,mobley_2481002,-2.544137,-1.450000,1.094136,0.002251
35,mobley_2489709,-1.383436,-1.360000,0.023436,0.000001
35,mobley_5052949,-0.611447,-1.280000,0.668553,0.000840
35,mobley_2492140,-1.307065,-1.230000,0.077065,0.000011
35,mobley_7542832,-1.299032,-1.160000,0.139032,0.000036
35,mobley_7814642,-1.828508,-1.120000,0.708508,0.000944
35,mobley_1563176,-0.887650,-0.990000,0.102350,0.000020
35,mobley_1873346,-0.792471,-0.900000,0.107529,0.000022
35,mobley_3040612,-0.703194,-0.850000,0.146806,0.000041
35,mobley_4483973,-2.063197,-0.800000,1.263197,0.003001
35,mobley_9913368,-1.551137,-0.780000,0.771137,0.001118
35,mobley_1449384,-0.719832,-0.680000,0.039832,0.000003
35,mobley_7708038,-0.666597,-0.560000,0.106597,0.000021
35,mobley_8311321,-0.029124,-0.500000,0.470876,0.000417
35,mobley_766666,-0.502414,-0.440000,0.062414,0.000007
35,mobley_5445548,-0.723619,-0.300000,0.423619,0.000337
35,mobley_9029594,-0.913952,-0.220000,0.693952,0.000906
35,mobley_3370989,-1.578506,-0.110000,1.468506,0.004055
35,mobley_627267,-0.308041,-0.030000,0.278041,0.000145
35,mobley_6250025,0.380637,0.080000,0.300637,0.000170
35,mobley_4252724,-0.634362,0.160000,0.794362,0.001187
35,mobley_7157427,0.413126,0.290000,0.123126,0.000029
35,mobley_8885088,-0.125573,0.560000,0.685573,0.000884
35,mobley_8522124,0.763214,0.710000,0.053214,0.000005
35,mobley_4678740,0.368798,1.070000,0.701202,0.000925
35,mobley_2689721,0.823798,1.230000,0.406202,0.000310
35,mobley_1662128,1.122630,1.380000,0.257370,0.000125
35,mobley_4762983,1.851434,1.660000,0.191434,0.000069
35,mobley_7732703,0.268445,1.790000,1.521555,0.004353
35,mobley_2068538,1.267816,2.000000,0.732184,0.001008
35,mobley_5157661,1.616518,2.300000,0.683481,0.000878
35,mobley_1261349,2.277500,2.510000,0.232500,0.000102
35,mobley_2328633,2.026847,2.550000,0.523153,0.000515
35,mobley_8436428,2.776635,2.830000,0.053365,0.000005
35,mobley_3060426,3.322431,2.930000,0.392431,0.000290
35,mobley_2197088,3.130627,3.160000,0.029373,0.000002
36,mobley_9534740,-21.203455,-25.469999,4.266544,0.034231
36,mobley_6239320,-23.712870,-18.059999,5.652870,0.060090
36,mobley_7794077,-15.026484,-15.460000,0.433517,0.000353
36,mobley_7415647,-12.959582,-11.950000,1.009583,0.001917
36,mobley_1728386,-10.787047,-11.000000,0.212953,0.000085
36,mobley_2269032,-10.173581,-10.210000,0.036419,0.000002
36,mobley_2913224,-7.589251,-9.940000,2.350749,0.010391
36,mobley_2659552,-9.731847,-9.760000,0.028153,0.000001
36,mobley_7176290,-9.192833,-9.620000,0.427167,0.000343
36,mobley_2295058,-9.339747,-9.510000,0.170253,0.000055
36,mobley_6055410,-11.184174,-9.400000,1.784174,0.005986
36,mobley_4639255,-9.741828,-9.300000,0.441828,0.000367
36,mobley_1417007,-4.671293,-9.010000,4.338707,0.035398
36,mobley_6115639,-8.864311,-8.700000,0.164311,0.000051
36,mobley_6353617,-7.661488,-8.260000,0.598512,0.000674
36,mobley_2725215,-7.839753,-7.980000,0.140247,0.000037
36,mobley_7039935,-7.127627,-7.670000,0.542373,0.000553
36,mobley_4059279,-6.393316,-7.580000,1.186684,0.002648
36,mobley_951560,-9.339628,-7.400000,1.939628,0.007075
36,mobley_1922649,-8.155930,-7.190000,0.965930,0.001755
36,mobley_8798016,-7.793294,-7.000000,0.793294,0.001183
36,mobley_1858644,-6.987875,-6.790000,0.197875,0.000074
36,mobley_9114381,-6.022031,-6.720000,0.697969,0.000916
36,mobley_5311804,-5.953450,-6.620000,0.666550,0.000835
36,mobley_6743808,-6.722616,-6.500000,0.222616,0.000093
36,mobley_8789864,-5.606289,-6.400000,0.793711,0.001185
36,mobley_7009711,-6.686304,-6.270000,0.416304,0.000326
36,mobley_8789465,-4.678426,-6.200000,1.521574,0.004354
36,mobley_2923700,-6.321312,-6.130000,0.191312,0.000069
36,mobley_4780078,-5.616983,-6.010000,0.393017,0.000290
36,mobley_5467162,-5.821221,-5.910000,0.088778,0.000015
36,mobley_6257907,-6.097713,-5.820000,0.277713,0.000145
36,mobley_7913234,-6.656103,-5.730000,0.926103,0.001613
36,mobley_5518547,-6.028959,-5.570000,0.458959,0.000396
36,mobley_4883284,-6.100859,-5.490000,0.610859,0.000702
36,mobley_5220185,-5.334189,-5.450000,0.115811,0.000025
36,mobley_3359593,-5.668673,-5.260000,0.408672,0.000314
36,mobley_4683624,-6.205653,-5.210000,0.995653,0.001864
36,mobley_1636752,-3.732615,-5.100000,1.367385,0.003516
36,mobley_2310185,-4.878307,-5.000000,0.121693,0.000028
36,mobley_3682850,-4.288518,-4.910000,0.621482,0.000726
36,mobley_1363784,-4.814427,-4.840000,0.025573,0.000001
36,mobley_2837389,-4.312480,-4.780000,0.467520,0.000411
36,mobley_9507933,-4.926465,-4.720000,0.206465,0.000080
36,mobley_296847,-4.981082,-4.690000,0.291082,0.000159
36,mobley_8208692,-2.741031,-4.610000,1.868969,0.006569
36,mobley_4884177,-4.549686,-4.590000,0.040314,0.000003
36,mobley_6714389,-4.162256,-4.550000,0.387744,0.000283
36,mobley_2245668,-4.453698,-4.500000,0.046302,0.000004
36,mobley_5973402,-4.670433,-4.420000,0.250433,0.000118
36,mobley_3546460,-4.666186,-4.400000,0.266186,0.000133
36,mobley_8311303,-3.062043,-4.380000,1.317957,0.003266
36,mobley_9741965,-5.993399,-4.290000,1.703399,0.005456
36,mobley_4603202,-4.610089,-4.230000,0.380089,0.000272
36,mobley_628086,-4.244956,-4.160000,0.084956,0.000014
36,mobley_4620651,-3.981380,-4.100000,0.118620,0.000026
36,mobley_7977115,-4.531871,-4.060000,0.471871,0.000419
36,mobley_2789243,-3.636918,-4.010000,0.373082,0.000262
36,mobley_3968739,-4.041347,-3.920000,0.121346,0.000028
36,mobley_63712,-3.300192,-3.880000,0.579808,0.000632
36,mobley_1046331,-4.044924,-3.820000,0.224924,0.000095
36,mobley_1160109,-3.387841,-3.750000,0.362159,0.000247
36,mobley_4149784,-3.478878,-3.670000,0.191122,0.000069
36,mobley_397645,-4.185315,-3.640000,0.545315,0.000559
36,mobley_4690963,-5.015563,-3.540000,1.475564,0.004094
36,mobley_1967551,-3.321009,-3.500000,0.178991,0.000060
36,mobley_6733657,-1.634827,-3.440000,1.805173,0.006128
36,mobley_9565165,-3.638171,-3.350000,0.288171,0.000156
36,mobley_2487143,-3.219430,-3.280000,0.060570,0.000007
36,mobley_8449031,-2.555049,-3.220000,0.664951,0.000831
36,mobley_172879,-3.171550,-3.150000,0.021550,0.000001
36,mobley_5346580,-1.575692,-3.110000,1.534308,0.004427
36,mobley_3573480,-3.039593,-3.040000,0.000407,0.000000
36,mobley_1075836,-3.013685,-2.930000,0.083685,0.000013
36,mobley_6102880,-4.243887,-2.870000,1.373888,0.003549
36,mobley_1827204,-2.940774,-2.810000,0.130774,0.000032
36,mobley_2146331,-1.740876,-2.750000,1.009124,0.001915
36,mobley_7943327,-2.716458,-2.680000,0.036458,0.000002
36,mobley_5110043,-2.709388,-2.630000,0.079388,0.000012
36,mobley_5616693,-2.895530,-2.530000,0.365530,0.000251
36,mobley_6619554,-2.509433,-2.490000,0.019433,0.000001
36,mobley_6359156,-3.729472,-2.460000,1.269472,0.003030
36,mobley_1781152,-2.198759,-2.400000,0.201241,0.000076
36,mobley_859464,-2.576512,-2.360000,0.216512,0.000088
36,mobley_7150646,-1.724434,-2.300000,0.575566,0.000623
36,mobley_1592519,-3.214077,-2.230000,0.984077,0.001821
36,mobley_5538249,-1.303181,-2.160000,0.856820,0.001381
36,mobley_6911232,-1.879356,-2.100000,0.220644,0.000092
36,mobley_3269565,-1.518942,-2.010000,0.491058,0.000453
36,mobley_2484519,-2.897232,-1.930000,0.967232,0.001759
36,mobley_7690440,-2.966893,-1.830000,1.136893,0.002431
36,mobley_3802803,-1.868998,-1.660000,0.208998,0.000082
36,mobley_1144156,-1.605321,-1.590000,0.015321,0.000000
36,mobley_2481002,-2.596398,-1.450000,1.146398,0.002471
36,mobley_2489709,-1.352520,-1.360000,0.007480,0.000000
36,mobley_5052949,-0.743443,-1.280000,0.536557,0.000541
36,mobley_2492140,-0.952766,-1.230000,0.277234,0.000145
36,mobley_7542832,-1.557575,-1.160000,0.397575,0.000297
36,mobley_7814642,-1.806868,-1.120000,0.686868,0.000887
36,mobley_1563176,-0.992949,-0.990000,0.002949,0.000000
36,mobley_1873346,-0.738067,-0.900000,0.161933,0.000049
36,mobley_3040612,-0.758701,-0.850000,0.091299,0.000016
36,mobley_4483973,-2.162395,-0.800000,1.362395,0.003490
36,mobley_9913368,-1.638487,-0.780000,0.858487,0.001386
36,mobley_1449384,-0.652820,-0.680000,0.027180,0.000001
36,mobley_7708038,-0.775783,-0.560000,0.215783,0.000088
36,mobley_8311321,-0.055479,-0.500000,0.444521,0.000372
36,mobley_766666,-0.481302,-0.440000,0.041302,0.000003
36,mobley_5445548,-0.689065,-0.300000,0.389065,0.000285
36,mobley_9029594,-1.156574,-0.220000,0.936574,0.001649
36,mobley_3370989,-1.755092,-0.110000,1.645092,0.005089
36,mobley_627267,-0.353475,-0.030000,0.323475,0.000197
36,mobley_6250025,0.236078,0.080000,0.156078,0.000046
36,mobley_4252724,-0.669091,0.160000,0.829091,0.001293
36,mobley_7157427,0.217949,0.290000,0.072051,0.000010
36,mobley_8885088,-0.187507,0.560000,0.747507,0.001051
36,mobley_8522124,0.636661,0.710000,0.073339,0.000010
36,mobley_4678740,0.274897,1.070000,0.795103,0.001189
36,mobley_2689721,0.780261,1.230000,0.449739,0.000380
36,mobley_1662128,1.089202,1.380000,0.290798,0.000159
36,mobley_4762983,1.694072,1.660000,0.034072,0.000002
36,mobley_7732703,0.237258,1.790000,1.552742,0.004534
36,mobley_2068538,1.341196,2.000000,0.658804,0.000816
36,mobley_5157661,1.790433,2.300000,0.509567,0.000488
36,mobley_1261349,2.413981,2.510000,0.096019,0.000017
36,mobley_2328633,1.909547,2.550000,0.640453,0.000771
36,mobley_8436428,2.819602,2.830000,0.010398,0.000000
36,mobley_3060426,3.387359,2.930000,0.457359,0.000393
36,mobley_2197088,3.034095,3.160000,0.125905,0.000030
37,mobley_9534740,-21.100863,-25.469999,4.369137,0.035897
37,mobley_6239320,-21.589195,-18.059999,3.529196,0.023421
37,mobley_7794077,-14.072374,-15.460000,1.387626,0.003621
37,mobley_7415647,-12.419204,-11.950000,0.469204,0.000414
37,mobley_1728386,-10.266076,-11.000000,0.733924,0.001013
37,mobley_2269032,-9.460418,-10.210000,0.749582,0.001057
37,mobley_2913224,-7.349106,-9.940000,2.590893,0.012623
37,mobley_2659552,-9.039803,-9.760000,0.720198,0.000975
37,mobley_7176290,-8.979757,-9.620000,0.640243,0.000771
37,mobley_2295058,-8.693472,-9.510000,0.816528,0.001254
37,mobley_6055410,-10.552227,-9.400000,1.152227,0.002497
37,mobley_4639255,-9.238056,-9.300000,0.061944,0.000007
37,mobley_1417007,-5.113265,-9.010000,3.896735,0.028554
37,mobley_6115639,-9.223643,-8.700000,0.523643,0.000516
37,mobley_6353617,-7.301744,-8.260000,0.958257,0.001727
37,mobley_2725215,-9.529897,-7.980000,1.549897,0.004517
37,mobley_7039935,-6.521029,-7.670000,1.148972,0.002482
37,mobley_4059279,-5.732081,-7.580000,1.847919,0.006421
37,mobley_951560,-9.144559,-7.400000,1.744559,0.005723
37,mobley_1922649,-9.252597,-7.190000,2.062597,0.008000
37,mobley_8798016,-7.393533,-7.000000,0.393533,0.000291
37,mobley_1858644,-6.367761,-6.790000,0.422239,0.000335
37,mobley_9114381,-5.803797,-6.720000,0.916203,0.001579
37,mobley_5311804,-5.465085,-6.620000,1.154915,0.002508
37,mobley_6743808,-6.346239,-6.500000,0.153761,0.000044
37,mobley_8789864,-5.492914,-6.400000,0.907086,0.001547
37,mobley_7009711,-6.380590,-6.270000,0.110590,0.000023
37,mobley_8789465,-4.307775,-6.200000,1.892224,0.006733
37,mobley_2923700,-5.817838,-6.130000,0.312162,0.000183
37,mobley_4780078,-5.298048,-6.010000,0.711952,0.000953
37,mobley_5467162,-5.466494,-5.910000,0.443506,0.000370
37,mobley_6257907,-5.573598,-5.820000,0.246402,0.000114
37,mobley_7913234,-5.832950,-5.730000,0.102950,0.000020
37,mobley_5518547,-5.446452,-5.570000,0.123549,0.000029
37,mobley_4883284,-5.388174,-5.490000,0.101826,0.000019
37,mobley_5220185,-5.119880,-5.450000,0.330120,0.000205
37,mobley_3359593,-5.214473,-5.260000,0.045527,0.000004
37,mobley_4683624,-5.647169,-5.210000,0.437169,0.000359
37,mobley_1636752,-3.354227,-5.100000,1.745773,0.005731
37,mobley_2310185,-4.398985,-5.000000,0.601015,0.000679
37,mobley_3682850,-3.621895,-4.910000,1.288105,0.003120
37,mobley_1363784,-4.815898,-4.840000,0.024102,0.000001
37,mobley_2837389,-3.980789,-4.780000,0.799211,0.001201
37,mobley_9507933,-4.776195,-4.720000,0.056195,0.000006
37,mobley_296847,-4.733117,-4.690000,0.043117,0.000003
37,mobley_8208692,-3.438184,-4.610000,1.171816,0.002582
37,mobley_4884177,-4.281682,-4.590000,0.308318,0.000179
37,mobley_6714389,-3.763022,-4.550000,0.786978,0.001165
37,mobley_2245668,-4.130239,-4.500000,0.369761,0.000257
37,mobley_5973402,-4.169816,-4.420000,0.250185,0.000118
37,mobley_3546460,-4.117377,-4.400000,0.282623,0.000150
37,mobley_8311303,-3.573168,-4.380000,0.806833,0.001224
37,mobley_9741965,-6.314242,-4.290000,2.024242,0.007705
37,mobley_4603202,-4.251126,-4.230000,0.021126,0.000001
37,mobley_628086,-4.235346,-4.160000,0.075346,0.000011
37,mobley_4620651,-3.616820,-4.100000,0.483180,0.000439
37,mobley_7977115,-3.972227,-4.060000,0.087773,0.000014
37,mobley_2789243,-3.551265,-4.010000,0.458735,0.000396
37,mobley_3968739,-3.717343,-3.920000,0.202657,0.000077
37,mobley_63712,-2.572011,-3.880000,1.307989,0.003217
37,mobley_1046331,-3.757261,-3.820000,0.062739,0.000007
37,mobley_1160109,-2.996909,-3.750000,0.753091,0.001066
37,mobley_4149784,-3.484055,-3.670000,0.185945,0.000065
37,mobley_397645,-3.737299,-3.640000,0.097299,0.000018
37,mobley_4690963,-4.155009,-3.540000,0.615009,0.000711
37,mobley_1967551,-3.013032,-3.500000,0.486968,0.000446
37,mobley_6733657,-2.601302,-3.440000,0.838698,0.001323
37,mobley_9565165,-3.102640,-3.350000,0.247360,0.000115
37,mobley_2487143,-3.185481,-3.280000,0.094519,0.000017
37,mobley_8449031,-2.102765,-3.220000,1.117235,0.002347
37,mobley_172879,-2.718374,-3.150000,0.431626,0.000350
37,mobley_5346580,-1.607459,-3.110000,1.502541,0.004245
37,mobley_3573480,-2.964158,-3.040000,0.075842,0.000011
37,mobley_1075836,-2.805796,-2.930000,0.124204,0.000029
37,mobley_6102880,-3.803493,-2.870000,0.933493,0.001639
37,mobley_1827204,-2.540222,-2.810000,0.269778,0.000137
37,mobley_2146331,-1.444060,-2.750000,1.305940,0.003207
37,mobley_7943327,-2.600419,-2.680000,0.079581,0.000012
37,mobley_5110043,-2.511443,-2.630000,0.118557,0.000026
37,mobley_5616693,-2.452883,-2.530000,0.077117,0.000011
37,mobley_6619554,-2.213866,-2.490000,0.276134,0.000143
37,mobley_6359156,-3.732477,-2.460000,1.272477,0.003045
37,mobley_1781152,-2.134143,-2.400000,0.265857,0.000133
37,mobley_859464,-2.346594,-2.360000,0.013406,0.000000
37,mobley_7150646,-1.661011,-2.300000,0.638989,0.000768
37,mobley_1592519,-2.897922,-2.230000,0.667922,0.000839
37,mobley_5538249,-1.490422,-2.160000,0.669578,0.000843
37,mobley_6911232,-1.477962,-2.100000,0.622038,0.000728
37,mobley_3269565,-1.291382,-2.010000,0.718618,0.000971
37,mobley_2484519,-2.616259,-1.930000,0.686259,0.000886
37,mobley_7690440,-2.854072,-1.830000,1.024072,0.001972
37,mobley_3802803,-1.725408,-1.660000,0.065408,0.000008
37,mobley_1144156,-1.046330,-1.590000,0.543670,0.000556
37,mobley_2481002,-2.678374,-1.450000,1.228374,0.002837
37,mobley_2489709,-1.416331,-1.360000,0.056331,0.000006
37,mobley_5052949,-0.529639,-1.280000,0.750361,0.001059
37,mobley_2492140,-2.034789,-1.230000,0.804789,0.001218
37,mobley_7542832,-0.934926,-1.160000,0.225074,0.000095
37,mobley_7814642,-1.960868,-1.120000,0.840868,0.001330
37,mobley_1563176,-0.788438,-0.990000,0.201562,0.000076
37,mobley_1873346,-0.638046,-0.900000,0.261954,0.000129
37,mobley_3040612,-0.621516,-0.850000,0.228484,0.000098
37,mobley_4483973,-1.887165,-0.800000,1.087165,0.002223
37,mobley_9913368,-1.555276,-0.780000,0.775276,0.001130
37,mobley_1449384,-0.641421,-0.680000,0.038579,0.000003
37,mobley_7708038,-0.546537,-0.560000,0.013463,0.000000
37,mobley_8311321,-0.067772,-0.500000,0.432228,0.000351
37,mobley_766666,-0.660538,-0.440000,0.220538,0.000091
37,mobley_5445548,-0.594961,-0.300000,0.294961,0.000164
37,mobley_9029594,-0.708205,-0.220000,0.488205,0.000448
37,mobley_3370989,-1.561309,-0.110000,1.451309,0.003961
37,mobley_627267,-0.168700,-0.030000,0.138700,0.000036
37,mobley_6250025,0.461848,0.080000,0.381848,0.000274
37,mobley_4252724,-0.457110,0.160000,0.617110,0.000716
37,mobley_7157427,0.463168,0.290000,0.173168,0.000056
37,mobley_8885088,0.081324,0.560000,0.478676,0.000431
37,mobley_8522124,0.841123,0.710000,0.131123,0.000032
37,mobley_4678740,-0.162244,1.070000,1.232244,0.002855
37,mobley_2689721,1.011499,1.230000,0.218501,0.000090
37,mobley_1662128,1.211306,1.380000,0.168694,0.000054
37,mobley_4762983,1.977672,1.660000,0.317672,0.000190
37,mobley_7732703,0.174734,1.790000,1.615266,0.004906
37,mobley_2068538,1.283075,2.000000,0.716925,0.000967
37,mobley_5157661,1.669122,2.300000,0.630877,0.000748
37,mobley_1261349,2.413084,2.510000,0.096916,0.000018
37,mobley_2328633,2.159693,2.550000,0.390306,0.000286
37,mobley_8436428,2.805387,2.830000,0.024613,0.000001
37,mobley_3060426,3.397381,2.930000,0.467381,0.000411
37,mobley_2197088,3.148304,3.160000,0.011696,0.000000
38,mobley_9534740,-21.130428,-25.469999,4.339571,0.035412
38,mobley_6239320,-21.714750,-18.059999,3.654751,0.025118
38,mobley_7794077,-14.375728,-15.460000,1.084272,0.002211
38,mobley_7415647,-12.357510,-11.950000,0.407510,0.000312
38,mobley_1728386,-10.338472,-11.000000,0.661528,0.000823
38,mobley_2269032,-9.416532,-10.210000,0.793468,0.001184
38,mobley_2913224,-7.359469,-9.940000,2.580531,0.012522
38,mobley_2659552,-8.513052,-9.760000,1.246948,0.002924
38,mobley_7176290,-9.411193,-9.620000,0.208807,0.000082
38,mobley_2295058,-8.867571,-9.510000,0.642429,0.000776
38,mobley_6055410,-10.822518,-9.400000,1.422519,0.003805
38,mobley_4639255,-9.444842,-9.300000,0.144842,0.000039
38,mobley_1417007,-5.018974,-9.010000,3.991026,0.029952
38,mobley_6115639,-9.290642,-8.700000,0.590642,0.000656
38,mobley_6353617,-7.105367,-8.260000,1.154634,0.002507
38,mobley_2725215,-9.827313,-7.980000,1.847313,0.006417
38,mobley_7039935,-6.637910,-7.670000,1.032090,0.002003
38,mobley_4059279,-5.987682,-7.580000,1.592318,0.004768
38,mobley_951560,-9.397146,-7.400000,1.997146,0.007500
38,mobley_1922649,-8.914268,-7.190000,1.724268,0.005591
38,mobley_8798016,-7.403877,-7.000000,0.403877,0.000307
38,mobley_1858644,-6.461789,-6.790000,0.328211,0.000203
38,mobley_9114381,-5.702154,-6.720000,1.017846,0.001948
38,mobley_5311804,-5.462263,-6.620000,1.157737,0.002520
38,mobley_6743808,-6.279753,-6.500000,0.220247,0.000091
38,mobley_8789864,-5.534321,-6.400000,0.865679,0.001409
38,mobley_7009711,-6.338859,-6.270000,0.068859,0.000009
38,mobley_8789465,-4.451399,-6.200000,1.748601,0.005750
38,mobley_2923700,-6.019352,-6.130000,0.110648,0.000023
38,mobley_4780078,-5.204808,-6.010000,0.805192,0.001219
38,mobley_5467162,-5.584370,-5.910000,0.325630,0.000199
38,mobley_6257907,-5.947574,-5.820000,0.127573,0.000031
38,mobley_7913234,-6.178143,-5.730000,0.448143,0.000378
38,mobley_5518547,-5.512792,-5.570000,0.057209,0.000006
38,mobley_4883284,-5.556283,-5.490000,0.066283,0.000008
38,mobley_5220185,-5.154730,-5.450000,0.295269,0.000164
38,mobley_3359593,-5.230383,-5.260000,0.029617,0.000002
38,mobley_4683624,-5.841541,-5.210000,0.631541,0.000750
38,mobley_1636752,-3.355991,-5.100000,1.744009,0.005720
38,mobley_2310185,-4.545496,-5.000000,0.454504,0.000388
38,mobley_3682850,-3.767730,-4.910000,1.142270,0.002454
38,mobley_1363784,-4.384708,-4.840000,0.455292,0.000390
38,mobley_2837389,-3.936218,-4.780000,0.843783,0.001339
38,mobley_9507933,-4.365797,-4.720000,0.354203,0.000236
38,mobley_296847,-4.520825,-4.690000,0.169175,0.000054
38,mobley_8208692,-3.197427,-4.610000,1.412573,0.003752
38,mobley_4884177,-4.026223,-4.590000,0.563777,0.000598
38,mobley_6714389,-3.883022,-4.550000,0.666978,0.000837
38,mobley_2245668,-4.201135,-4.500000,0.298865,0.000168
38,mobley_5973402,-4.335123,-4.420000,0.084877,0.000014
38,mobley_3546460,-4.302332,-4.400000,0.097668,0.000018
38,mobley_8311303,-3.503536,-4.380000,0.876464,0.001445
38,mobley_9741965,-6.834121,-4.290000,2.544121,0.012171
38,mobley_4603202,-4.714278,-4.230000,0.484278,0.000441
38,mobley_628086,-4.294600,-4.160000,0.134600,0.000034
38,mobley_4620651,-3.587959,-4.100000,0.512041,0.000493
38,mobley_7977115,-4.134992,-4.060000,0.074992,0.000011
38,mobley_2789243,-3.750297,-4.010000,0.259704,0.000127
38,mobley_3968739,-3.571422,-3.920000,0.348578,0.000228
38,mobley_63712,-2.827477,-3.880000,1.052523,0.002083
38,mobley_1046331,-3.807318,-3.820000,0.012682,0.000000
38,mobley_1160109,-2.817850,-3.750000,0.932150,0.001634
38,mobley_4149784,-4.168006,-3.670000,0.498006,0.000466
38,mobley_397645,-3.702285,-3.640000,0.062285,0.000007
38,mobley_4690963,-4.478494,-3.540000,0.938494,0.001656
38,mobley_1967551,-3.045209,-3.500000,0.454791,0.000389
38,mobley_6733657,-2.591572,-3.440000,0.848428,0.001354
38,mobley_9565165,-2.809720,-3.350000,0.540280,0.000549
38,mobley_2487143,-3.053049,-3.280000,0.226951,0.000097
38,mobley_8449031,-2.331179,-3.220000,0.888821,0.001486
38,mobley_172879,-2.925131,-3.150000,0.224869,0.000095
38,mobley_5346580,-1.372739,-3.110000,1.737261,0.005675
38,mobley_3573480,-2.846563,-3.040000,0.193437,0.000070
38,mobley_1075836,-2.678396,-2.930000,0.251604,0.000119
38,mobley_6102880,-3.923472,-2.870000,1.053472,0.002087
38,mobley_1827204,-2.628876,-2.810000,0.181124,0.000062
38,mobley_2146331,-1.372079,-2.750000,1.377921,0.003570
38,mobley_7943327,-2.571182,-2.680000,0.108819,0.000022
38,mobley_5110043,-2.051585,-2.630000,0.578415,0.000629
38,mobley_5616693,-2.446582,-2.530000,0.083418,0.000013
38,mobley_6619554,-2.098618,-2.490000,0.391382,0.000288
38,mobley_6359156,-3.958737,-2.460000,1.498737,0.004224
38,mobley_1781152,-2.276333,-2.400000,0.123667,0.000029
38,mobley_859464,-2.264825,-2.360000,0.095175,0.000017
38,mobley_7150646,-1.690681,-2.300000,0.609319,0.000698
38,mobley_1592519,-2.885989,-2.230000,0.655989,0.000809
38,mobley_5538249,-1.988070,-2.160000,0.171930,0.000056
38,mobley_6911232,-1.577533,-2.100000,0.522467,0.000513
38,mobley_3269565,-1.279221,-2.010000,0.730779,0.001004
38,mobley_2484519,-2.611716,-1.930000,0.681716,0.000874
38,mobley_7690440,-2.782557,-1.830000,0.952557,0.001706
38,mobley_3802803,-2.002260,-1.660000,0.342260,0.000220
38,mobley_1144156,-1.247805,-1.590000,0.342196,0.000220
38,mobley_2481002,-2.776144,-1.450000,1.326144,0.003307
38,mobley_2489709,-1.336391,-1.360000,0.023609,0.000001
38,mobley_5052949,-0.591856,-1.280000,0.688144,0.000890
38,mobley_2492140,-1.802427,-1.230000,0.572427,0.000616
38,mobley_7542832,-1.120958,-1.160000,0.039042,0.000003
38,mobley_7814642,-2.288352,-1.120000,1.168352,0.002567
38,mobley_1563176,-0.801110,-0.990000,0.188890,0.000067
38,mobley_1873346,-0.390832,-0.900000,0.509168,0.000488
38,mobley_3040612,-0.319866,-0.850000,0.530134,0.000528
38,mobley_4483973,-1.859409,-0.800000,1.059409,0.002111
38,mobley_9913368,-1.743121,-0.780000,0.963121,0.001744
38,mobley_1449384,-0.317110,-0.680000,0.362890,0.000248
38,mobley_7708038,-0.537812,-0.560000,0.022188,0.000001
38,mobley_8311321,-0.165741,-0.500000,0.334259,0.000210
38,mobley_766666,-0.696635,-0.440000,0.256635,0.000124
38,mobley_5445548,-0.377542,-0.300000,0.077542,0.000011
38,mobley_9029594,-0.991132,-0.220000,0.771132,0.001118
38,mobley_3370989,-1.712342,-0.110000,1.602342,0.004828
38,mobley_627267,-0.061773,-0.030000,0.031773,0.000002
38,mobley_6250025,0.526713,0.080000,0.446713,0.000375
38,mobley_4252724,-0.215861,0.160000,0.375861,0.000266
38,mobley_7157427,0.378810,0.290000,0.088810,0.000015
38,mobley_8885088,0.179582,0.560000,0.380418,0.000272
38,mobley_8522124,0.985710,0.710000,0.275710,0.000143
38,mobley_4678740,-0.033019,1.070000,1.103019,0.002288
38,mobley_2689721,1.009814,1.230000,0.220186,0.000091
38,mobley_1662128,1.306619,1.380000,0.073381,0.000010
38,mobley_4762983,2.059769,1.660000,0.399769,0.000301
38,mobley_7732703,0.169731,1.790000,1.620269,0.004937
38,mobley_2068538,1.359075,2.000000,0.640925,0.000772
38,mobley_5157661,1.794688,2.300000,0.505312,0.000480
38,mobley_1261349,2.555295,2.510000,0.045295,0.000004
38,mobley_2328633,2.217597,2.550000,0.332403,0.000208
38,mobley_8436428,2.908259,2.830000,0.078259,0.000012
38,mobley_3060426,3.564531,2.930000,0.634531,0.000757
38,mobley_2197088,3.171378,3.160000,0.011378,0.000000
39,mobley_9534740,-22.226130,-25.469999,3.243870,0.019787
39,mobley_6239320,-22.595900,-18.059999,4.535900,0.038689
39,mobley_7794077,-14.884824,-15.460000,0.575176,0.000622
39,mobley_7415647,-13.587550,-11.950000,1.637550,0.005043
39,mobley_1728386,-10.995091,-11.000000,0.004909,0.000000
39,mobley_2269032,-10.442195,-10.210000,0.232195,0.000101
39,mobley_2913224,-7.980521,-9.940000,1.959478,0.007220
39,mobley_2659552,-9.984801,-9.760000,0.224801,0.000095
39,mobley_7176290,-9.843605,-9.620000,0.223605,0.000094
39,mobley_2295058,-9.600760,-9.510000,0.090760,0.000015
39,mobley_6055410,-11.711243,-9.400000,2.311243,0.010045
39,mobley_4639255,-9.658507,-9.300000,0.358507,0.000242
39,mobley_1417007,-5.961787,-9.010000,3.048213,0.017472
39,mobley_6115639,-9.973256,-8.700000,1.273256,0.003049
39,mobley_6353617,-8.079173,-8.260000,0.180827,0.000061
39,mobley_2725215,-10.056872,-7.980000,2.076872,0.008111
39,mobley_7039935,-7.551320,-7.670000,0.118680,0.000026
39,mobley_4059279,-5.578794,-7.580000,2.001206,0.007531
39,mobley_951560,-9.264798,-7.400000,1.864798,0.006539
39,mobley_1922649,-8.664464,-7.190000,1.474464,0.004088
39,mobley_8798016,-8.231047,-7.000000,1.231047,0.002850
39,mobley_1858644,-7.183220,-6.790000,0.393220,0.000291
39,mobley_9114381,-6.154461,-6.720000,0.565539,0.000601
39,mobley_5311804,-6.143425,-6.620000,0.476575,0.000427
39,mobley_6743808,-6.900259,-6.500000,0.400259,0.000301
39,mobley_8789864,-5.895299,-6.400000,0.504701,0.000479
39,mobley_7009711,-7.008961,-6.270000,0.738961,0.001027
39,mobley_8789465,-5.015199,-6.200000,1.184801,0.002640
39,mobley_2923700,-6.632659,-6.130000,0.502659,0.000475
39,mobley_4780078,-5.801791,-6.010000,0.208209,0.000082
39,mobley_5467162,-6.189608,-5.910000,0.279608,0.000147
39,mobley_6257907,-6.193585,-5.820000,0.373585,0.000262
39,mobley_7913234,-6.334787,-5.730000,0.604787,0.000688
39,mobley_5518547,-6.317399,-5.570000,0.747398,0.001050
39,mobley_4883284,-6.311528,-5.490000,0.821528,0.001269
39,mobley_5220185,-5.370367,-5.450000,0.079633,0.000012
39,mobley_3359593,-5.774834,-5.260000,0.514833,0.000498
39,mobley_4683624,-6.515009,-5.210000,1.305009,0.003203
39,mobley_1636752,-3.446370,-5.100000,1.653630,0.005142
39,mobley_2310185,-4.820478,-5.000000,0.179522,0.000061
39,mobley_3682850,-4.121572,-4.910000,0.788427,0.001169
39,mobley_1363784,-5.281248,-4.840000,0.441248,0.000366
39,mobley_2837389,-4.575438,-4.780000,0.204562,0.000079
39,mobley_9507933,-5.143036,-4.720000,0.423036,0.000337
39,mobley_296847,-5.242925,-4.690000,0.552925,0.000575
39,mobley_8208692,-3.224800,-4.610000,1.385201,0.003608
39,mobley_4884177,-4.890128,-4.590000,0.300128,0.000169
39,mobley_6714389,-4.006785,-4.550000,0.543215,0.000555
39,mobley_2245668,-4.585298,-4.500000,0.085298,0.000014
39,mobley_5973402,-4.761323,-4.420000,0.341323,0.000219
39,mobley_3546460,-4.819492,-4.400000,0.419492,0.000331
39,mobley_8311303,-3.393564,-4.380000,0.986436,0.001830
39,mobley_9741965,-6.733401,-4.290000,2.443401,0.011227
39,mobley_4603202,-4.151714,-4.230000,0.078286,0.000012
39,mobley_628086,-4.025990,-4.160000,0.134010,0.000034
39,mobley_4620651,-3.917276,-4.100000,0.182724,0.000063
39,mobley_7977115,-4.746110,-4.060000,0.686110,0.000885
39,mobley_2789243,-3.691888,-4.010000,0.318112,0.000190
39,mobley_3968739,-4.218069,-3.920000,0.298069,0.000167
39,mobley_63712,-2.967398,-3.880000,0.912602,0.001566
39,mobley_1046331,-4.322278,-3.820000,0.502278,0.000474
39,mobley_1160109,-3.362104,-3.750000,0.387896,0.000283
39,mobley_4149784,-3.394672,-3.670000,0.275328,0.000143
39,mobley_397645,-4.262145,-3.640000,0.622145,0.000728
39,mobley_4690963,-4.419277,-3.540000,0.879277,0.001454
39,mobley_1967551,-3.248735,-3.500000,0.251265,0.000119
39,mobley_6733657,-1.791446,-3.440000,1.648554,0.005111
39,mobley_9565165,-3.766612,-3.350000,0.416612,0.000326
39,mobley_2487143,-3.456039,-3.280000,0.176039,0.000058
39,mobley_8449031,-2.328424,-3.220000,0.891576,0.001495
39,mobley_172879,-3.415151,-3.150000,0.265151,0.000132
39,mobley_5346580,-1.616701,-3.110000,1.493299,0.004193
39,mobley_3573480,-3.305860,-3.040000,0.265860,0.000133
39,mobley_1075836,-2.866361,-2.930000,0.063639,0.000008
39,mobley_6102880,-4.541664,-2.870000,1.671664,0.005255
39,mobley_1827204,-3.072000,-2.810000,0.262000,0.000129
39,mobley_2146331,-1.618070,-2.750000,1.131930,0.002409
39,mobley_7943327,-2.632220,-2.680000,0.047780,0.000004
39,mobley_5110043,-3.045070,-2.630000,0.415070,0.000324
39,mobley_5616693,-3.038570,-2.530000,0.508570,0.000486
39,mobley_6619554,-2.457232,-2.490000,0.032768,0.000002
39,mobley_6359156,-3.905335,-2.460000,1.445335,0.003928
39,mobley_1781152,-2.221164,-2.400000,0.178837,0.000060
39,mobley_859464,-2.618343,-2.360000,0.258343,0.000126
39,mobley_7150646,-1.953417,-2.300000,0.346583,0.000226
39,mobley_1592519,-3.172775,-2.230000,0.942775,0.001671
39,mobley_5538249,-1.562577,-2.160000,0.597423,0.000671
39,mobley_6911232,-1.535520,-2.100000,0.564479,0.000599
39,mobley_3269565,-1.286784,-2.010000,0.723216,0.000984
39,mobley_2484519,-3.036701,-1.930000,1.106701,0.002303
39,mobley_7690440,-2.390667,-1.830000,0.560667,0.000591
39,mobley_3802803,-2.025159,-1.660000,0.365159,0.000251
39,mobley_1144156,-1.149222,-1.590000,0.440778,0.000365
39,mobley_2481002,-2.959221,-1.450000,1.509221,0.004283
39,mobley_2489709,-1.260880,-1.360000,0.099120,0.000018
39,mobley_5052949,-0.878148,-1.280000,0.401852,0.000304
39,mobley_2492140,-2.529075,-1.230000,1.299075,0.003173
39,mobley_7542832,-1.243143,-1.160000,0.083143,0.000013
39,mobley_7814642,-1.850618,-1.120000,0.730618,0.001004
39,mobley_1563176,-1.065205,-0.990000,0.075205,0.000011
39,mobley_1873346,-0.910508,-0.900000,0.010508,0.000000
39,mobley_3040612,-0.873365,-0.850000,0.023365,0.000001
39,mobley_4483973,-2.280185,-0.800000,1.480185,0.004120
39,mobley_9913368,-1.743670,-0.780000,0.963670,0.001746
39,mobley_1449384,-0.959434,-0.680000,0.279434,0.000147
39,mobley_7708038,-0.641294,-0.560000,0.081294,0.000012
39,mobley_8311321,-0.253152,-0.500000,0.246848,0.000115
39,mobley_766666,-0.684653,-0.440000,0.244653,0.000113
39,mobley_5445548,-0.926381,-0.300000,0.626381,0.000738
39,mobley_9029594,-0.800272,-0.220000,0.580272,0.000633
39,mobley_3370989,-1.798468,-0.110000,1.688468,0.005361
39,mobley_627267,-0.269445,-0.030000,0.239445,0.000108
39,mobley_6250025,0.202629,0.080000,0.122629,0.000028
39,mobley_4252724,-0.802883,0.160000,0.962883,0.001743
39,mobley_7157427,0.187845,0.290000,0.102155,0.000020
39,mobley_8885088,-0.197429,0.560000,0.757429,0.001079
39,mobley_8522124,0.629600,0.710000,0.080400,0.000012
39,mobley_4678740,0.094000,1.070000,0.976000,0.001791
39,mobley_2689721,0.778669,1.230000,0.451331,0.000383
39,mobley_1662128,1.094892,1.380000,0.285108,0.000153
39,mobley_4762983,1.695635,1.660000,0.035635,0.000002
39,mobley_7732703,0.191493,1.790000,1.598507,0.004805
39,mobley_2068538,1.206232,2.000000,0.793768,0.001185
39,mobley_5157661,1.584439,2.300000,0.715561,0.000963
39,mobley_1261349,2.375483,2.510000,0.134517,0.000034
39,mobley_2328633,1.732155,2.550000,0.817845,0.001258
39,mobley_8436428,2.682713,2.830000,0.147287,0.000041
39,mobley_3060426,3.289557,2.930000,0.359557,0.000243
39,mobley_2197088,2.737534,3.160000,0.422466,0.000336
40,mobley_9534740,-21.483936,-25.469999,3.986063,0.029878
40,mobley_6239320,-24.626938,-18.059999,6.566938,0.081094
40,mobley_7794077,-16.360115,-15.460000,0.900115,0.001524
40,mobley_7415647,-13.010899,-11.950000,1.060899,0.002116
40,mobley_1728386,-11.219006,-11.000000,0.219006,0.000090
40,mobley_2269032,-10.777054,-10.210000,0.567054,0.000605
40,mobley_2913224,-8.060791,-9.940000,1.879209,0.006641
40,mobley_2659552,-9.837224,-9.760000,0.077224,0.000011
40,mobley_7176290,-9.223873,-9.620000,0.396127,0.000295
40,mobley_2295058,-9.525217,-9.510000,0.015217,0.000000
40,mobley_6055410,-11.407686,-9.400000,2.007687,0.007580
40,mobley_4639255,-9.498773,-9.300000,0.198772,0.000074
40,mobley_1417007,-4.472926,-9.010000,4.537074,0.038709
40,mobley_6115639,-9.908172,-8.700000,1.208172,0.002745
40,mobley_6353617,-7.636464,-8.260000,0.623536,0.000731
40,mobley_2725215,-10.035741,-7.980000,2.055741,0.007947
40,mobley_7039935,-7.352451,-7.670000,0.317549,0.000190
40,mobley_4059279,-7.031595,-7.580000,0.548405,0.000566
40,mobley_951560,-10.584723,-7.400000,3.184722,0.019072
40,mobley_1922649,-9.182659,-7.190000,1.992659,0.007467
40,mobley_8798016,-7.988700,-7.000000,0.988700,0.001838
40,mobley_1858644,-6.833686,-6.790000,0.043686,0.000004
40,mobley_9114381,-6.257620,-6.720000,0.462379,0.000402
40,mobley_5311804,-5.848189,-6.620000,0.771811,0.001120
40,mobley_6743808,-6.751553,-6.500000,0.251553,0.000119
40,mobley_8789864,-6.274045,-6.400000,0.125955,0.000030
40,mobley_7009711,-6.802106,-6.270000,0.532106,0.000532
40,mobley_8789465,-4.761244,-6.200000,1.438756,0.003893
40,mobley_2923700,-6.448205,-6.130000,0.318205,0.000190
40,mobley_4780078,-5.565122,-6.010000,0.444879,0.000372
40,mobley_5467162,-5.978646,-5.910000,0.068646,0.000009
40,mobley_6257907,-6.228489,-5.820000,0.408489,0.000314
40,mobley_7913234,-6.262925,-5.730000,0.532925,0.000534
40,mobley_5518547,-6.179927,-5.570000,0.609927,0.000700
40,mobley_4883284,-6.163507,-5.490000,0.673507,0.000853
40,mobley_5220185,-5.311181,-5.450000,0.138819,0.000036
40,mobley_3359593,-5.647830,-5.260000,0.387829,0.000283
40,mobley_4683624,-6.299460,-5.210000,1.089460,0.002232
40,mobley_1636752,-3.485443,-5.100000,1.614557,0.004902
40,mobley_2310185,-4.553058,-5.000000,0.446942,0.000376
40,mobley_3682850,-4.107068,-4.910000,0.802932,0.001212
40,mobley_1363784,-4.919749,-4.840000,0.079749,0.000012
40,mobley_2837389,-4.258415,-4.780000,0.521585,0.000512
40,mobley_9507933,-4.842265,-4.720000,0.122265,0.000028
40,mobley_296847,-4.908403,-4.690000,0.218403,0.000090
40,mobley_8208692,-3.182790,-4.610000,1.427210,0.003830
40,mobley_4884177,-4.620290,-4.590000,0.030290,0.000002
40,mobley_6714389,-4.094913,-4.550000,0.455087,0.000389
40,mobley_2245668,-4.325785,-4.500000,0.174215,0.000057
40,mobley_5973402,-4.397480,-4.420000,0.022520,0.000001
40,mobley_3546460,-4.502966,-4.400000,0.102966,0.000020
40,mobley_8311303,-3.738609,-4.380000,0.641391,0.000774
40,mobley_9741965,-6.120895,-4.290000,1.830895,0.006304
40,mobley_4603202,-4.432631,-4.230000,0.202631,0.000077
40,mobley_628086,-4.733173,-4.160000,0.573174,0.000618
40,mobley_4620651,-3.897134,-4.100000,0.202866,0.000077
40,mobley_7977115,-4.409139,-4.060000,0.349139,0.000229
40,mobley_2789243,-3.757495,-4.010000,0.252505,0.000120
40,mobley_3968739,-4.199753,-3.920000,0.279753,0.000147
40,mobley_63712,-3.460807,-3.880000,0.419193,0.000330
40,mobley_1046331,-4.207964,-3.820000,0.387964,0.000283
40,mobley_1160109,-3.308707,-3.750000,0.441293,0.000366
40,mobley_4149784,-3.474656,-3.670000,0.195344,0.000072
40,mobley_397645,-4.325093,-3.640000,0.685093,0.000883
40,mobley_4690963,-4.573952,-3.540000,1.033952,0.002010
40,mobley_1967551,-3.227779,-3.500000,0.272221,0.000139
40,mobley_6733657,-2.266821,-3.440000,1.173179,0.002588
40,mobley_9565165,-3.734836,-3.350000,0.384836,0.000278
40,mobley_2487143,-3.259202,-3.280000,0.020798,0.000001
40,mobley_8449031,-2.633493,-3.220000,0.586507,0.000647
40,mobley_172879,-3.254246,-3.150000,0.104245,0.000020
40,mobley_5346580,-1.501736,-3.110000,1.608264,0.004864
40,mobley_3573480,-3.095889,-3.040000,0.055889,0.000006
40,mobley_1075836,-3.025509,-2.930000,0.095509,0.000017
40,mobley_6102880,-4.384205,-2.870000,1.514205,0.004312
40,mobley_1827204,-2.832547,-2.810000,0.022547,0.000001
40,mobley_2146331,-1.552003,-2.750000,1.197997,0.002699
40,mobley_7943327,-2.860801,-2.680000,0.180801,0.000061
40,mobley_5110043,-3.040531,-2.630000,0.410531,0.000317
40,mobley_5616693,-2.955245,-2.530000,0.425245,0.000340
40,mobley_6619554,-2.582515,-2.490000,0.092515,0.000016
40,mobley_6359156,-4.001307,-2.460000,1.541306,0.004467
40,mobley_1781152,-2.339060,-2.400000,0.060941,0.000007
40,mobley_859464,-2.648749,-2.360000,0.288749,0.000157
40,mobley_7150646,-1.806079,-2.300000,0.493921,0.000459
40,mobley_1592519,-3.219223,-2.230000,0.989223,0.001840
40,mobley_5538249,-1.733006,-2.160000,0.426994,0.000343
40,mobley_6911232,-1.634732,-2.100000,0.465268,0.000407
40,mobley_3269565,-1.388327,-2.010000,0.621673,0.000727
40,mobley_2484519,-2.919777,-1.930000,0.989777,0.001842
40,mobley_7690440,-2.591872,-1.830000,0.761872,0.001092
40,mobley_3802803,-1.869524,-1.660000,0.209524,0.000083
40,mobley_1144156,-1.262163,-1.590000,0.327837,0.000202
40,mobley_2481002,-2.597086,-1.450000,1.147086,0.002474
40,mobley_2489709,-1.431148,-1.360000,0.071148,0.000010
40,mobley_5052949,-0.734952,-1.280000,0.545048,0.000559
40,mobley_2492140,-0.778071,-1.230000,0.451929,0.000384
40,mobley_7542832,-1.204534,-1.160000,0.044534,0.000004
40,mobley_7814642,-2.086745,-1.120000,0.966745,0.001757
40,mobley_1563176,-0.927546,-0.990000,0.062454,0.000007
40,mobley_1873346,-0.751914,-0.900000,0.148086,0.000041
40,mobley_3040612,-0.857728,-0.850000,0.007728,0.000000
40,mobley_4483973,-2.133707,-0.800000,1.333707,0.003345
40,mobley_9913368,-1.736163,-0.780000,0.956163,0.001719
40,mobley_1449384,-0.887203,-0.680000,0.207203,0.000081
40,mobley_7708038,-0.663108,-0.560000,0.103108,0.000020
40,mobley_8311321,-0.239779,-0.500000,0.260221,0.000127
40,mobley_766666,-0.611983,-0.440000,0.171983,0.000056
40,mobley_5445548,-0.813777,-0.300000,0.513777,0.000496
40,mobley_9029594,-1.054705,-0.220000,0.834705,0.001310
40,mobley_3370989,-1.928044,-0.110000,1.818044,0.006215
40,mobley_627267,-0.184360,-0.030000,0.154360,0.000045
40,mobley_6250025,0.300045,0.080000,0.220045,0.000091
40,mobley_4252724,-0.710309,0.160000,0.870309,0.001424
40,mobley_7157427,0.217286,0.290000,0.072714,0.000010
40,mobley_8885088,-0.017436,0.560000,0.577436,0.000627
40,mobley_8522124,0.673775,0.710000,0.036225,0.000002
40,mobley_4678740,-0.635699,1.070000,1.705699,0.005471
40,mobley_2689721,0.796040,1.230000,0.433960,0.000354
40,mobley_1662128,1.186774,1.380000,0.193226,0.000070
40,mobley_4762983,1.824967,1.660000,0.164967,0.000051
40,mobley_7732703,0.026615,1.790000,1.763384,0.005847
40,mobley_2068538,1.315204,2.000000,0.684796,0.000882
40,mobley_5157661,1.760811,2.300000,0.539189,0.000547
40,mobley_1261349,2.498421,2.510000,0.011579,0.000000
40,mobley_2328633,1.867467,2.550000,0.682533,0.000876
40,mobley_8436428,2.840558,2.830000,0.010558,0.000000
40,mobley_3060426,3.463655,2.930000,0.533654,0.000536
40,mobley_2197088,2.857126,3.160000,0.302875,0.000172
41,mobley_9534740,-21.662798,-25.469999,3.807201,0.027257
41,mobley_6239320,-23.662027,-18.059999,5.602028,0.059014
41,mobley_7794077,-15.083159,-15.460000,0.376841,0.000267
41,mobley_7415647,-13.364261,-11.950000,1.414261,0.003761
41,mobley_1728386,-11.089492,-11.000000,0.089492,0.000015
41,mobley_2269032,-10.120941,-10.210000,0.089059,0.000015
41,mobley_2913224,-7.576076,-9.940000,2.363924,0.010508
41,mobley_2659552,-9.776017,-9.760000,0.016017,0.000000
41,mobley_7176290,-9.370043,-9.620000,0.249957,0.000117
41,mobley_2295058,-9.173317,-9.510000,0.336683,0.000213
41,mobley_6055410,-11.201358,-9.400000,1.801358,0.006102
41,mobley_4639255,-9.633140,-9.300000,0.333139,0.000209
41,mobley_1417007,-4.991533,-9.010000,4.018467,0.030366
41,mobley_6115639,-9.590718,-8.700000,0.890718,0.001492
41,mobley_6353617,-7.717682,-8.260000,0.542318,0.000553
41,mobley_2725215,-7.953856,-7.980000,0.026144,0.000001
41,mobley_7039935,-7.150559,-7.670000,0.519441,0.000507
41,mobley_4059279,-5.973399,-7.580000,1.606601,0.004854
41,mobley_951560,-9.323052,-7.400000,1.923052,0.006954
41,mobley_1922649,-9.206909,-7.190000,2.016909,0.007650
41,mobley_8798016,-7.882388,-7.000000,0.882388,0.001464
41,mobley_1858644,-6.776515,-6.790000,0.013485,0.000000
41,mobley_9114381,-6.035474,-6.720000,0.684526,0.000881
41,mobley_5311804,-5.870103,-6.620000,0.749897,0.001057
41,mobley_6743808,-6.650972,-6.500000,0.150972,0.000043
41,mobley_8789864,-5.839688,-6.400000,0.560312,0.000590
41,mobley_7009711,-6.772285,-6.270000,0.502285,0.000474
41,mobley_8789465,-4.819614,-6.200000,1.380385,0.003583
41,mobley_2923700,-6.218961,-6.130000,0.088961,0.000015
41,mobley_4780078,-5.661317,-6.010000,0.348683,0.000229
41,mobley_5467162,-5.781343,-5.910000,0.128657,0.000031
41,mobley_6257907,-6.204053,-5.820000,0.384053,0.000277
41,mobley_7913234,-6.309315,-5.730000,0.579315,0.000631
41,mobley_5518547,-6.184858,-5.570000,0.614858,0.000711
41,mobley_4883284,-6.151352,-5.490000,0.661353,0.000822
41,mobley_5220185,-5.181217,-5.450000,0.268783,0.000136
41,mobley_3359593,-5.782866,-5.260000,0.522865,0.000514
41,mobley_4683624,-6.086696,-5.210000,0.876696,0.001445
41,mobley_1636752,-3.642014,-5.100000,1.457986,0.003997
41,mobley_2310185,-4.647508,-5.000000,0.352492,0.000234
41,mobley_3682850,-4.017159,-4.910000,0.892841,0.001499
41,mobley_1363784,-5.143733,-4.840000,0.303733,0.000173
41,mobley_2837389,-4.407196,-4.780000,0.372805,0.000261
41,mobley_9507933,-5.182221,-4.720000,0.462222,0.000402
41,mobley_296847,-4.991976,-4.690000,0.301976,0.000171
41,mobley_8208692,-3.516255,-4.610000,1.093745,0.002250
41,mobley_4884177,-4.668759,-4.590000,0.078759,0.000012
41,mobley_6714389,-4.186227,-4.550000,0.363773,0.000249
41,mobley_2245668,-4.328765,-4.500000,0.171235,0.000055
41,mobley_5973402,-4.417232,-4.420000,0.002768,0.000000
41,mobley_3546460,-4.445035,-4.400000,0.045034,0.000004
41,mobley_8311303,-3.946184,-4.380000,0.433816,0.000354
41,mobley_9741965,-6.154365,-4.290000,1.864365,0.006536
41,mobley_4603202,-4.542778,-4.230000,0.312778,0.000184
41,mobley_628086,-4.094798,-4.160000,0.065202,0.000008
41,mobley_4620651,-3.764164,-4.100000,0.335836,0.000212
41,mobley_7977115,-4.316553,-4.060000,0.256553,0.000124
41,mobley_2789243,-3.750911,-4.010000,0.259089,0.000126
41,mobley_3968739,-4.004421,-3.920000,0.084421,0.000013
41,mobley_63712,-2.792078,-3.880000,1.087922,0.002226
41,mobley_1046331,-4.070892,-3.820000,0.250892,0.000118
41,mobley_1160109,-3.308468,-3.750000,0.441532,0.000367
41,mobley_4149784,-3.401448,-3.670000,0.268552,0.000136
41,mobley_397645,-4.007383,-3.640000,0.367383,0.000254
41,mobley_4690963,-4.543630,-3.540000,1.003630,0.001894
41,mobley_1967551,-3.285725,-3.500000,0.214275,0.000086
41,mobley_6733657,-2.243625,-3.440000,1.196375,0.002692
41,mobley_9565165,-3.651028,-3.350000,0.301028,0.000170
41,mobley_2487143,-3.280722,-3.280000,0.000722,0.000000
41,mobley_8449031,-2.114305,-3.220000,1.105695,0.002299
41,mobley_172879,-3.212963,-3.150000,0.062963,0.000007
41,mobley_5346580,-1.627745,-3.110000,1.482255,0.004132
41,mobley_3573480,-3.123672,-3.040000,0.083673,0.000013
41,mobley_1075836,-2.817884,-2.930000,0.112116,0.000024
41,mobley_6102880,-4.288229,-2.870000,1.418230,0.003782
41,mobley_1827204,-2.843503,-2.810000,0.033504,0.000002
41,mobley_2146331,-1.719310,-2.750000,1.030690,0.001998
41,mobley_7943327,-2.489255,-2.680000,0.190745,0.000068
41,mobley_5110043,-2.930803,-2.630000,0.300803,0.000170
41,mobley_5616693,-2.801032,-2.530000,0.271032,0.000138
41,mobley_6619554,-2.240322,-2.490000,0.249678,0.000117
41,mobley_6359156,-3.980085,-2.460000,1.520085,0.004345
41,mobley_1781152,-2.007971,-2.400000,0.392029,0.000289
41,mobley_859464,-2.387979,-2.360000,0.027979,0.000001
41,mobley_7150646,-1.900276,-2.300000,0.399724,0.000300
41,mobley_1592519,-2.821708,-2.230000,0.591708,0.000658
41,mobley_5538249,-1.627081,-2.160000,0.532919,0.000534
41,mobley_6911232,-1.679568,-2.100000,0.420432,0.000332
41,mobley_3269565,-1.313852,-2.010000,0.696148,0.000911
41,mobley_2484519,-2.958456,-1.930000,1.028456,0.001989
41,mobley_7690440,-2.590366,-1.830000,0.760366,0.001087
41,mobley_3802803,-1.869203,-1.660000,0.209203,0.000082
41,mobley_1144156,-1.179871,-1.590000,0.410129,0.000316
41,mobley_2481002,-2.822450,-1.450000,1.372450,0.003542
41,mobley_2489709,-1.546864,-1.360000,0.186864,0.000066
41,mobley_5052949,-0.779246,-1.280000,0.500754,0.000472
41,mobley_2492140,-1.879878,-1.230000,0.649878,0.000794
41,mobley_7542832,-1.142830,-1.160000,0.017170,0.000001
41,mobley_7814642,-2.023515,-1.120000,0.903515,0.001535
41,mobley_1563176,-0.970876,-0.990000,0.019124,0.000001
41,mobley_1873346,-0.789446,-0.900000,0.110554,0.000023
41,mobley_3040612,-0.769556,-0.850000,0.080444,0.000012
41,mobley_4483973,-2.144443,-0.800000,1.344443,0.003399
41,mobley_9913368,-1.699194,-0.780000,0.919194,0.001589
41,mobley_1449384,-0.761761,-0.680000,0.081761,0.000013
41,mobley_7708038,-0.689209,-0.560000,0.129209,0.000031
41,mobley_8311321,-0.129406,-0.500000,0.370594,0.000258
41,mobley_766666,-0.712975,-0.440000,0.272975,0.000140
41,mobley_5445548,-0.707757,-0.300000,0.407757,0.000313
41,mobley_9029594,-1.143760,-0.220000,0.923760,0.001605
41,mobley_3370989,-1.728546,-0.110000,1.618546,0.004926
41,mobley_627267,-0.321575,-0.030000,0.291575,0.000160
41,mobley_6250025,0.274340,0.080000,0.194340,0.000071
41,mobley_4252724,-0.644046,0.160000,0.804046,0.001216
41,mobley_7157427,0.298954,0.290000,0.008954,0.000000
41,mobley_8885088,-0.093301,0.560000,0.653301,0.000803
41,mobley_8522124,0.609060,0.710000,0.100940,0.000019
41,mobley_4678740,0.171657,1.070000,0.898343,0.001518
41,mobley_2689721,0.869844,1.230000,0.360156,0.000244
41,mobley_1662128,1.147934,1.380000,0.232066,0.000101
41,mobley_4762983,1.786451,1.660000,0.126451,0.000030
41,mobley_7732703,0.206387,1.790000,1.583613,0.004716
41,mobley_2068538,1.299369,2.000000,0.700631,0.000923
41,mobley_5157661,1.673601,2.300000,0.626399,0.000738
41,mobley_1261349,2.359988,2.510000,0.150012,0.000042
41,mobley_2328633,1.948989,2.550000,0.601011,0.000679
41,mobley_8436428,2.773882,2.830000,0.056118,0.000006
41,mobley_3060426,3.331607,2.930000,0.401607,0.000303
41,mobley_2197088,2.927365,3.160000,0.232635,0.000102
42,mobley_9534740,-20.743391,-25.469999,4.726608,0.042011
42,mobley_6239320,-22.103504,-18.059999,4.043505,0.030745
42,mobley_7794077,-14.574471,-15.460000,0.885529,0.001475
42,mobley_7415647,-13.065073,-11.950000,1.115073,0.002338
42,mobley_1728386,-10.571243,-11.000000,0.428757,0.000346
42,mobley_2269032,-10.097957,-10.210000,0.112043,0.000024
42,mobley_2913224,-7.542862,-9.940000,2.397138,0.010806
42,mobley_2659552,-10.130385,-9.760000,0.370385,0.000258
42,mobley_7176290,-9.054502,-9.620000,0.565497,0.000601
42,mobley_2295058,-9.172441,-9.510000,0.337559,0.000214
42,mobley_6055410,-10.918494,-9.400000,1.518495,0.004336
42,mobley_4639255,-9.485986,-9.300000,0.185986,0.000065
42,mobley_1417007,-4.415731,-9.010000,4.594269,0.039691
42,mobley_6115639,-9.882287,-8.700000,1.182287,0.002629
42,mobley_6353617,-7.800228,-8.260000,0.459773,0.000398
42,mobley_2725215,-10.453930,-7.980000,2.473930,0.011509
42,mobley_7039935,-7.203670,-7.670000,0.466330,0.000409
42,mobley_4059279,-6.845146,-7.580000,0.734854,0.001015
42,mobley_951560,-9.917244,-7.400000,2.517244,0.011916
42,mobley_1922649,-9.047858,-7.190000,1.857858,0.006491
42,mobley_8798016,-7.897947,-7.000000,0.897947,0.001516
42,mobley_1858644,-6.844042,-6.790000,0.054042,0.000005
42,mobley_9114381,-6.030389,-6.720000,0.689610,0.000894
42,mobley_5311804,-5.951189,-6.620000,0.668811,0.000841
42,mobley_6743808,-6.875721,-6.500000,0.375721,0.000265
42,mobley_8789864,-6.046356,-6.400000,0.353644,0.000235
42,mobley_7009711,-7.043136,-6.270000,0.773136,0.001124
42,mobley_8789465,-4.995201,-6.200000,1.204799,0.002730
42,mobley_2923700,-6.296928,-6.130000,0.166928,0.000052
42,mobley_4780078,-5.826356,-6.010000,0.183644,0.000063
42,mobley_5467162,-6.062669,-5.910000,0.152669,0.000044
42,mobley_6257907,-6.071507,-5.820000,0.251506,0.000119
42,mobley_7913234,-6.342709,-5.730000,0.612709,0.000706
42,mobley_5518547,-6.153935,-5.570000,0.583935,0.000641
42,mobley_4883284,-6.059817,-5.490000,0.569817,0.000611
42,mobley_5220185,-5.493404,-5.450000,0.043405,0.000004
42,mobley_3359593,-5.539292,-5.260000,0.279292,0.000147
42,mobley_4683624,-6.129355,-5.210000,0.919355,0.001589
42,mobley_1636752,-3.766579,-5.100000,1.333421,0.003343
42,mobley_2310185,-4.690382,-5.000000,0.309618,0.000180
42,mobley_3682850,-4.398640,-4.910000,0.511360,0.000492
42,mobley_1363784,-5.336030,-4.840000,0.496030,0.000463
42,mobley_2837389,-4.659970,-4.780000,0.120030,0.000027
42,mobley_9507933,-5.366634,-4.720000,0.646635,0.000786
42,mobley_296847,-5.121206,-4.690000,0.431206,0.000350
42,mobley_8208692,-3.202018,-4.610000,1.407982,0.003728
42,mobley_4884177,-4.637490,-4.590000,0.047490,0.000004
42,mobley_6714389,-4.317945,-4.550000,0.232055,0.000101
42,mobley_2245668,-4.626320,-4.500000,0.126320,0.000030
42,mobley_5973402,-4.596815,-4.420000,0.176815,0.000059
42,mobley_3546460,-4.468885,-4.400000,0.068885,0.000009
42,mobley_8311303,-3.693952,-4.380000,0.686048,0.000885
42,mobley_9741965,-6.280794,-4.290000,1.990794,0.007453
42,mobley_4603202,-4.665248,-4.230000,0.435248,0.000356
42,mobley_628086,-4.036952,-4.160000,0.123047,0.000028
42,mobley_4620651,-3.969990,-4.100000,0.130010,0.000032
42,mobley_7977115,-4.417944,-4.060000,0.357944,0.000241
42,mobley_2789243,-3.855698,-4.010000,0.154302,0.000045
42,mobley_3968739,-4.022293,-3.920000,0.102293,0.000020
42,mobley_63712,-3.513358,-3.880000,0.366642,0.000253
42,mobley_1046331,-4.180456,-3.820000,0.360456,0.000244
42,mobley_1160109,-3.824141,-3.750000,0.074141,0.000010
42,mobley_4149784,-3.659118,-3.670000,0.010882,0.000000
42,mobley_397645,-4.042322,-3.640000,0.402322,0.000304
42,mobley_4690963,-4.811346,-3.540000,1.271346,0.003039
42,mobley_1967551,-3.475763,-3.500000,0.024237,0.000001
42,mobley_6733657,-2.723964,-3.440000,0.716036,0.000964
42,mobley_9565165,-3.924367,-3.350000,0.574367,0.000620
42,mobley_2487143,-3.424092,-3.280000,0.144092,0.000039
42,mobley_8449031,-2.733814,-3.220000,0.486186,0.000444
42,mobley_172879,-3.352449,-3.150000,0.202449,0.000077
42,mobley_5346580,-2.081440,-3.110000,1.028560,0.001989
42,mobley_3573480,-3.235177,-3.040000,0.195177,0.000072
42,mobley_1075836,-2.937053,-2.930000,0.007053,0.000000
42,mobley_6102880,-4.546294,-2.870000,1.676294,0.005284
42,mobley_1827204,-2.913800,-2.810000,0.103800,0.000020
42,mobley_2146331,-2.027748,-2.750000,0.722252,0.000981
42,mobley_7943327,-2.719496,-2.680000,0.039496,0.000003
42,mobley_5110043,-3.231358,-2.630000,0.601358,0.000680
42,mobley_5616693,-3.149777,-2.530000,0.619777,0.000722
42,mobley_6619554,-2.349256,-2.490000,0.140744,0.000037
42,mobley_6359156,-3.998713,-2.460000,1.538713,0.004452
42,mobley_1781152,-2.796085,-2.400000,0.396085,0.000295
42,mobley_859464,-2.774360,-2.360000,0.414360,0.000323
42,mobley_7150646,-2.266511,-2.300000,0.033489,0.000002
42,mobley_1592519,-2.981366,-2.230000,0.751366,0.001062
42,mobley_5538249,-2.014388,-2.160000,0.145612,0.000040
42,mobley_6911232,-1.841603,-2.100000,0.258397,0.000126
42,mobley_3269565,-1.638384,-2.010000,0.371616,0.000260
42,mobley_2484519,-3.040887,-1.930000,1.110887,0.002321
42,mobley_7690440,-2.779502,-1.830000,0.949502,0.001695
42,mobley_3802803,-1.841015,-1.660000,0.181015,0.000062
42,mobley_1144156,-1.409744,-1.590000,0.180256,0.000061
42,mobley_2481002,-2.794672,-1.450000,1.344672,0.003400
42,mobley_2489709,-1.451574,-1.360000,0.091574,0.000016
42,mobley_5052949,-0.897085,-1.280000,0.382915,0.000276
42,mobley_2492140,-1.214653,-1.230000,0.015347,0.000000
42,mobley_7542832,-1.470130,-1.160000,0.310130,0.000181
42,mobley_7814642,-2.042447,-1.120000,0.922447,0.001600
42,mobley_1563176,-0.957322,-0.990000,0.032678,0.000002
42,mobley_1873346,-0.988819,-0.900000,0.088819,0.000015
42,mobley_3040612,-0.929836,-0.850000,0.079836,0.000012
42,mobley_4483973,-2.220677,-0.800000,1.420677,0.003795
42,mobley_9913368,-1.850682,-0.780000,1.070682,0.002156
42,mobley_1449384,-1.059492,-0.680000,0.379492,0.000271
42,mobley_7708038,-0.978276,-0.560000,0.418276,0.000329
42,mobley_8311321,-0.173652,-0.500000,0.326348,0.000200
42,mobley_766666,-0.636131,-0.440000,0.196131,0.000072
42,mobley_5445548,-0.902431,-0.300000,0.602431,0.000682
42,mobley_9029594,-1.208860,-0.220000,0.988860,0.001839
42,mobley_3370989,-1.726500,-0.110000,1.616500,0.004914
42,mobley_627267,-0.607526,-0.030000,0.577526,0.000627
42,mobley_6250025,0.157796,0.080000,0.077796,0.000011
42,mobley_4252724,-0.862588,0.160000,1.022588,0.001966
42,mobley_7157427,0.296992,0.290000,0.006992,0.000000
42,mobley_8885088,-0.417579,0.560000,0.977579,0.001797
42,mobley_8522124,0.414356,0.710000,0.295644,0.000164
42,mobley_4678740,0.553364,1.070000,0.516636,0.000502
42,mobley_2689721,0.706046,1.230000,0.523954,0.000516
42,mobley_1662128,0.895662,1.380000,0.484338,0.000441
42,mobley_4762983,1.576599,1.660000,0.083401,0.000013
42,mobley_7732703,0.183091,1.790000,1.606909,0.004856
42,mobley_2068538,1.251948,2.000000,0.748052,0.001052
42,mobley_5157661,1.484521,2.300000,0.815479,0.001251
42,mobley_1261349,1.920646,2.510000,0.589354,0.000653
42,mobley_2328633,1.781164,2.550000,0.768836,0.001112
42,mobley_8436428,2.508462,2.830000,0.321537,0.000194
42,mobley_3060426,2.847124,2.930000,0.082876,0.000013
42,mobley_2197088,2.965444,3.160000,0.194556,0.000071
43,mobley_9534740,-22.179243,-25.469999,3.290756,0.020364
43,mobley_6239320,-22.256233,-18.059999,4.196234,0.033112
43,mobley_7794077,-14.505401,-15.460000,0.954599,0.001714
43,mobley_7415647,-13.086135,-11.950000,1.136135,0.002427
43,mobley_1728386,-10.584620,-11.000000,0.415380,0.000324
43,mobley_2269032,-9.770857,-10.210000,0.439143,0.000363
43,mobley_2913224,-7.665343,-9.940000,2.274657,0.009730
43,mobley_2659552,-9.161706,-9.760000,0.598294,0.000673
43,mobley_7176290,-9.545368,-9.620000,0.074632,0.000010
43,mobley_2295058,-9.005105,-9.510000,0.504895,0.000479
43,mobley_6055410,-10.661793,-9.400000,1.261793,0.002994
43,mobley_4639255,-9.607676,-9.300000,0.307675,0.000178
43,mobley_1417007,-4.687407,-9.010000,4.322593,0.035136
43,mobley_6115639,-9.743230,-8.700000,1.043230,0.002047
43,mobley_6353617,-7.389759,-8.260000,0.870242,0.001424
43,mobley_2725215,-9.412512,-7.980000,1.432512,0.003859
43,mobley_7039935,-6.879752,-7.670000,0.790248,0.001174
43,mobley_4059279,-6.395151,-7.580000,1.184849,0.002640
43,mobley_951560,-9.998860,-7.400000,2.598860,0.012701
43,mobley_1922649,-9.143695,-7.190000,1.953695,0.007178
43,mobley_8798016,-7.584184,-7.000000,0.584184,0.000642
43,mobley_1858644,-6.722278,-6.790000,0.067722,0.000009
43,mobley_9114381,-6.009766,-6.720000,0.710234,0.000949
43,mobley_5311804,-5.733760,-6.620000,0.886240,0.001477
43,mobley_6743808,-6.451990,-6.500000,0.048010,0.000004
43,mobley_8789864,-5.754129,-6.400000,0.645871,0.000784
43,mobley_7009711,-6.531669,-6.270000,0.261669,0.000129
43,mobley_8789465,-4.617642,-6.200000,1.582357,0.004708
43,mobley_2923700,-6.032076,-6.130000,0.097924,0.000018
43,mobley_4780078,-5.396698,-6.010000,0.613303,0.000707
43,mobley_5467162,-5.629603,-5.910000,0.280396,0.000148
43,mobley_6257907,-5.929865,-5.820000,0.109865,0.000023
43,mobley_7913234,-6.224397,-5.730000,0.494397,0.000460
43,mobley_5518547,-5.894888,-5.570000,0.324888,0.000198
43,mobley_4883284,-5.839979,-5.490000,0.349979,0.000230
43,mobley_5220185,-5.125213,-5.450000,0.324787,0.000198
43,mobley_3359593,-5.225701,-5.260000,0.034299,0.000002
43,mobley_4683624,-5.886577,-5.210000,0.676577,0.000861
43,mobley_1636752,-3.375107,-5.100000,1.724893,0.005595
43,mobley_2310185,-4.570426,-5.000000,0.429574,0.000347
43,mobley_3682850,-3.973188,-4.910000,0.936812,0.001650
43,mobley_1363784,-4.862635,-4.840000,0.022635,0.000001
43,mobley_2837389,-4.204321,-4.780000,0.575679,0.000623
43,mobley_9507933,-4.855446,-4.720000,0.135446,0.000034
43,mobley_296847,-4.659612,-4.690000,0.030388,0.000002
43,mobley_8208692,-3.252538,-4.610000,1.357462,0.003465
43,mobley_4884177,-4.320746,-4.590000,0.269254,0.000136
43,mobley_6714389,-3.931391,-4.550000,0.618609,0.000720
43,mobley_2245668,-4.281142,-4.500000,0.218858,0.000090
43,mobley_5973402,-4.344894,-4.420000,0.075106,0.000011
43,mobley_3546460,-4.417157,-4.400000,0.017157,0.000001
43,mobley_8311303,-3.610222,-4.380000,0.769778,0.001114
43,mobley_9741965,-6.478865,-4.290000,2.188865,0.009009
43,mobley_4603202,-4.544589,-4.230000,0.314589,0.000186
43,mobley_628086,-4.365527,-4.160000,0.205527,0.000079
43,mobley_4620651,-3.714974,-4.100000,0.385026,0.000279
43,mobley_7977115,-4.332731,-4.060000,0.272731,0.000140
43,mobley_2789243,-3.605692,-4.010000,0.404309,0.000307
43,mobley_3968739,-3.835884,-3.920000,0.084116,0.000013
43,mobley_63712,-2.987157,-3.880000,0.892843,0.001499
43,mobley_1046331,-3.910408,-3.820000,0.090408,0.000015
43,mobley_1160109,-3.385816,-3.750000,0.364184,0.000249
43,mobley_4149784,-3.052670,-3.670000,0.617330,0.000717
43,mobley_397645,-3.829772,-3.640000,0.189772,0.000068
43,mobley_4690963,-4.465974,-3.540000,0.925974,0.001612
43,mobley_1967551,-3.275704,-3.500000,0.224296,0.000095
43,mobley_6733657,-3.061654,-3.440000,0.378346,0.000269
43,mobley_9565165,-3.452517,-3.350000,0.102517,0.000020
43,mobley_2487143,-3.190082,-3.280000,0.089918,0.000015
43,mobley_8449031,-2.282198,-3.220000,0.937802,0.001654
43,mobley_172879,-2.800595,-3.150000,0.349405,0.000230
43,mobley_5346580,-1.535412,-3.110000,1.574588,0.004662
43,mobley_3573480,-2.990542,-3.040000,0.049458,0.000005
43,mobley_1075836,-2.858706,-2.930000,0.071295,0.000010
43,mobley_6102880,-3.827577,-2.870000,0.957577,0.001724
43,mobley_1827204,-2.746803,-2.810000,0.063197,0.000008
43,mobley_2146331,-1.632553,-2.750000,1.117447,0.002348
43,mobley_7943327,-2.620447,-2.680000,0.059553,0.000007
43,mobley_5110043,-2.688311,-2.630000,0.058311,0.000006
43,mobley_5616693,-2.726129,-2.530000,0.196129,0.000072
43,mobley_6619554,-2.251975,-2.490000,0.238025,0.000107
43,mobley_6359156,-3.679666,-2.460000,1.219666,0.002797
43,mobley_1781152,-2.035818,-2.400000,0.364182,0.000249
43,mobley_859464,-2.469691,-2.360000,0.109691,0.000023
43,mobley_7150646,-1.767294,-2.300000,0.532706,0.000534
43,mobley_1592519,-2.880447,-2.230000,0.650447,0.000796
43,mobley_5538249,-1.531421,-2.160000,0.628579,0.000743
43,mobley_6911232,-1.491553,-2.100000,0.608447,0.000696
43,mobley_3269565,-1.274907,-2.010000,0.735093,0.001016
43,mobley_2484519,-2.807657,-1.930000,0.877657,0.001448
43,mobley_7690440,-2.291886,-1.830000,0.461886,0.000401
43,mobley_3802803,-1.957805,-1.660000,0.297805,0.000167
43,mobley_1144156,-1.152318,-1.590000,0.437682,0.000360
43,mobley_2481002,-2.658989,-1.450000,1.208989,0.002749
43,mobley_2489709,-1.315484,-1.360000,0.044516,0.000004
43,mobley_5052949,-0.673150,-1.280000,0.606850,0.000693
43,mobley_2492140,-1.293677,-1.230000,0.063677,0.000008
43,mobley_7542832,-1.067448,-1.160000,0.092552,0.000016
43,mobley_7814642,-1.921003,-1.120000,0.801003,0.001207
43,mobley_1563176,-0.857960,-0.990000,0.132040,0.000033
43,mobley_1873346,-0.598862,-0.900000,0.301138,0.000171
43,mobley_3040612,-0.615713,-0.850000,0.234287,0.000103
43,mobley_4483973,-1.867151,-0.800000,1.067151,0.002141
43,mobley_9913368,-1.689777,-0.780000,0.909777,0.001556
43,mobley_1449384,-0.618147,-0.680000,0.061853,0.000007
43,mobley_7708038,-0.698506,-0.560000,0.138506,0.000036
43,mobley_8311321,-0.110333,-0.500000,0.389667,0.000286
43,mobley_766666,-0.636244,-0.440000,0.196244,0.000072
43,mobley_5445548,-0.537652,-0.300000,0.237652,0.000106
43,mobley_9029594,-0.993307,-0.220000,0.773307,0.001125
43,mobley_3370989,-1.796604,-0.110000,1.686604,0.005349
43,mobley_627267,-0.173965,-0.030000,0.143965,0.000039
43,mobley_6250025,0.384938,0.080000,0.304938,0.000175
43,mobley_4252724,-0.423960,0.160000,0.583960,0.000641
43,mobley_7157427,0.417465,0.290000,0.127465,0.000031
43,mobley_8885088,-0.030025,0.560000,0.590025,0.000655
43,mobley_8522124,0.719765,0.710000,0.009765,0.000000
43,mobley_4678740,0.427213,1.070000,0.642787,0.000777
43,mobley_2689721,0.980725,1.230000,0.249275,0.000117
43,mobley_1662128,1.210195,1.380000,0.169805,0.000054
43,mobley_4762983,1.884791,1.660000,0.224791,0.000095
43,mobley_7732703,0.276837,1.790000,1.513163,0.004306
43,mobley_2068538,1.430545,2.000000,0.569455,0.000610
43,mobley_5157661,1.881954,2.300000,0.418046,0.000329
43,mobley_1261349,2.600649,2.510000,0.090649,0.000015
43,mobley_2328633,2.061021,2.550000,0.488979,0.000450
43,mobley_8436428,2.974784,2.830000,0.144784,0.000039
43,mobley_3060426,3.543417,2.930000,0.613417,0.000708
43,mobley_2197088,3.130145,3.160000,0.029855,0.000002
44,mobley_9534740,-21.464363,-25.469999,4.005636,0.030172
44,mobley_6239320,-22.813265,-18.059999,4.753265,0.042486
44,mobley_7794077,-14.840005,-15.460000,0.619995,0.000723
44,mobley_7415647,-13.016441,-11.950000,1.066442,0.002139
44,mobley_1728386,-10.863810,-11.000000,0.136190,0.000035
44,mobley_2269032,-9.922585,-10.210000,0.287416,0.000155
44,mobley_2913224,-7.601716,-9.940000,2.338284,0.010282
44,mobley_2659552,-9.515748,-9.760000,0.244252,0.000112
44,mobley_7176290,-9.481185,-9.620000,0.138815,0.000036
44,mobley_2295058,-9.229713,-9.510000,0.280287,0.000148
44,mobley_6055410,-11.153309,-9.400000,1.753309,0.005781
44,mobley_4639255,-9.451424,-9.300000,0.151423,0.000043
44,mobley_1417007,-4.500589,-9.010000,4.509411,0.038239
44,mobley_6115639,-9.013533,-8.700000,0.313533,0.000185
44,mobley_6353617,-7.563516,-8.260000,0.696485,0.000912
44,mobley_2725215,-8.575587,-7.980000,0.595587,0.000667
44,mobley_7039935,-7.205517,-7.670000,0.464483,0.000406
44,mobley_4059279,-6.215346,-7.580000,1.364654,0.003502
44,mobley_951560,-9.624365,-7.400000,2.224365,0.009304
44,mobley_1922649,-8.393014,-7.190000,1.203014,0.002721
44,mobley_8798016,-7.691607,-7.000000,0.691607,0.000899
44,mobley_1858644,-6.854785,-6.790000,0.064785,0.000008
44,mobley_9114381,-5.885578,-6.720000,0.834422,0.001309
44,mobley_5311804,-5.916851,-6.620000,0.703149,0.000930
44,mobley_6743808,-6.590214,-6.500000,0.090214,0.000015
44,mobley_8789864,-5.759727,-6.400000,0.640273,0.000771
44,mobley_7009711,-6.722101,-6.270000,0.452101,0.000384
44,mobley_8789465,-4.784590,-6.200000,1.415410,0.003767
44,mobley_2923700,-6.289323,-6.130000,0.159323,0.000048
44,mobley_4780078,-5.665512,-6.010000,0.344489,0.000223
44,mobley_5467162,-5.804773,-5.910000,0.105227,0.000021
44,mobley_6257907,-6.114511,-5.820000,0.294511,0.000163
44,mobley_7913234,-6.234119,-5.730000,0.504119,0.000478
44,mobley_5518547,-6.049217,-5.570000,0.479217,0.000432
44,mobley_4883284,-6.041223,-5.490000,0.551223,0.000571
44,mobley_5220185,-5.054493,-5.450000,0.395507,0.000294
44,mobley_3359593,-5.564457,-5.260000,0.304457,0.000174
44,mobley_4683624,-6.145526,-5.210000,0.935526,0.001646
44,mobley_1636752,-3.469958,-5.100000,1.630042,0.004996
44,mobley_2310185,-4.643322,-5.000000,0.356678,0.000239
44,mobley_3682850,-4.067439,-4.910000,0.842561,0.001335
44,mobley_1363784,-4.894222,-4.840000,0.054222,0.000006
44,mobley_2837389,-4.196801,-4.780000,0.583200,0.000640
44,mobley_9507933,-4.849218,-4.720000,0.129219,0.000031
44,mobley_296847,-4.788206,-4.690000,0.098206,0.000018
44,mobley_8208692,-3.242970,-4.610000,1.367030,0.003514
44,mobley_4884177,-4.365610,-4.590000,0.224391,0.000095
44,mobley_6714389,-4.000824,-4.550000,0.549176,0.000567
44,mobley_2245668,-4.335948,-4.500000,0.164052,0.000051
44,mobley_5973402,-4.413117,-4.420000,0.006883,0.000000
44,mobley_3546460,-4.414870,-4.400000,0.014870,0.000000
44,mobley_8311303,-3.801440,-4.380000,0.578560,0.000629
44,mobley_9741965,-6.232286,-4.290000,1.942286,0.007094
44,mobley_4603202,-4.671585,-4.230000,0.441585,0.000367
44,mobley_628086,-4.293446,-4.160000,0.133446,0.000033
44,mobley_4620651,-3.658184,-4.100000,0.441816,0.000367
44,mobley_7977115,-4.389838,-4.060000,0.329838,0.000205
44,mobley_2789243,-3.800148,-4.010000,0.209852,0.000083
44,mobley_3968739,-4.038542,-3.920000,0.118542,0.000026
44,mobley_63712,-2.973692,-3.880000,0.906308,0.001545
44,mobley_1046331,-4.142886,-3.820000,0.322886,0.000196
44,mobley_1160109,-3.233089,-3.750000,0.516911,0.000502
44,mobley_4149784,-3.497030,-3.670000,0.172970,0.000056
44,mobley_397645,-4.117867,-3.640000,0.477867,0.000429
44,mobley_4690963,-4.548213,-3.540000,1.008214,0.001911
44,mobley_1967551,-3.285281,-3.500000,0.214719,0.000087
44,mobley_6733657,-2.287987,-3.440000,1.152013,0.002496
44,mobley_9565165,-3.294840,-3.350000,0.055160,0.000006
44,mobley_2487143,-3.191334,-3.280000,0.088666,0.000015
44,mobley_8449031,-2.217644,-3.220000,1.002356,0.001889
44,mobley_172879,-3.213156,-3.150000,0.063156,0.000008
44,mobley_5346580,-1.620828,-3.110000,1.489172,0.004170
44,mobley_3573480,-3.012427,-3.040000,0.027573,0.000001
44,mobley_1075836,-2.910628,-2.930000,0.019372,0.000001
44,mobley_6102880,-4.409948,-2.870000,1.539948,0.004459
44,mobley_1827204,-2.798844,-2.810000,0.011156,0.000000
44,mobley_2146331,-1.511564,-2.750000,1.238436,0.002884
44,mobley_7943327,-2.739183,-2.680000,0.059183,0.000007
44,mobley_5110043,-2.669690,-2.630000,0.039690,0.000003
44,mobley_5616693,-2.821400,-2.530000,0.291400,0.000160
44,mobley_6619554,-2.359470,-2.490000,0.130530,0.000032
44,mobley_6359156,-4.095698,-2.460000,1.635698,0.005031
44,mobley_1781152,-2.253622,-2.400000,0.146379,0.000040
44,mobley_859464,-2.465867,-2.360000,0.105867,0.000021
44,mobley_7150646,-2.019630,-2.300000,0.280370,0.000148
44,mobley_1592519,-2.920241,-2.230000,0.690241,0.000896
44,mobley_5538249,-1.808203,-2.160000,0.351797,0.000233
44,mobley_6911232,-1.650410,-2.100000,0.449590,0.000380
44,mobley_3269565,-1.403788,-2.010000,0.606212,0.000691
44,mobley_2484519,-3.014343,-1.930000,1.084343,0.002211
44,mobley_7690440,-2.677222,-1.830000,0.847221,0.001350
44,mobley_3802803,-1.808235,-1.660000,0.148235,0.000041
44,mobley_1144156,-1.266940,-1.590000,0.323060,0.000196
44,mobley_2481002,-2.636319,-1.450000,1.186319,0.002646
44,mobley_2489709,-1.468798,-1.360000,0.108798,0.000022
44,mobley_5052949,-0.750769,-1.280000,0.529231,0.000527
44,mobley_2492140,-1.305349,-1.230000,0.075349,0.000011
44,mobley_7542832,-1.208369,-1.160000,0.048369,0.000004
44,mobley_7814642,-2.150609,-1.120000,1.030609,0.001997
44,mobley_1563176,-0.876680,-0.990000,0.113320,0.000024
44,mobley_1873346,-0.845618,-0.900000,0.054382,0.000006
44,mobley_3040612,-0.685097,-0.850000,0.164903,0.000051
44,mobley_4483973,-2.180589,-0.800000,1.380589,0.003584
44,mobley_9913368,-1.800479,-0.780000,1.020479,0.001958
44,mobley_1449384,-0.707704,-0.680000,0.027704,0.000001
44,mobley_7708038,-0.704359,-0.560000,0.144359,0.000039
44,mobley_8311321,-0.088677,-0.500000,0.411323,0.000318
44,mobley_766666,-0.549225,-0.440000,0.109225,0.000022
44,mobley_5445548,-0.730894,-0.300000,0.430894,0.000349
44,mobley_9029594,-1.080985,-0.220000,0.860985,0.001394
44,mobley_3370989,-1.682597,-0.110000,1.572597,0.004650
44,mobley_627267,-0.244325,-0.030000,0.214325,0.000086
44,mobley_6250025,0.449772,0.080000,0.369772,0.000257
44,mobley_4252724,-0.570342,0.160000,0.730342,0.001003
44,mobley_7157427,0.376263,0.290000,0.086263,0.000014
44,mobley_8885088,-0.019521,0.560000,0.579521,0.000632
44,mobley_8522124,0.805651,0.710000,0.095651,0.000017
44,mobley_4678740,0.269157,1.070000,0.800844,0.001206
44,mobley_2689721,0.899910,1.230000,0.330090,0.000205
44,mobley_1662128,1.235277,1.380000,0.144723,0.000039
44,mobley_4762983,1.958778,1.660000,0.298778,0.000168
44,mobley_7732703,0.271499,1.790000,1.518500,0.004336
44,mobley_2068538,1.344093,2.000000,0.655907,0.000809
44,mobley_5157661,1.755680,2.300000,0.544320,0.000557
44,mobley_1261349,2.400004,2.510000,0.109996,0.000023
44,mobley_2328633,2.054307,2.550000,0.495693,0.000462
44,mobley_8436428,2.824133,2.830000,0.005867,0.000000
44,mobley_3060426,3.387742,2.930000,0.457742,0.000394
44,mobley_2197088,3.050436,3.160000,0.109564,0.000023
45,mobley_9534740,-21.499559,-25.469999,3.970440,0.029644
45,mobley_6239320,-21.841000,-18.059999,3.781000,0.026883
45,mobley_7794077,-14.145016,-15.460000,1.314984,0.003252
45,mobley_7415647,-13.105062,-11.950000,1.155062,0.002509
45,mobley_1728386,-10.632630,-11.000000,0.367370,0.000254
45,mobley_2269032,-9.787020,-10.210000,0.422980,0.000336
45,mobley_2913224,-7.604014,-9.940000,2.335986,0.010261
45,mobley_2659552,-9.599102,-9.760000,0.160898,0.000049
45,mobley_7176290,-9.429391,-9.620000,0.190609,0.000068
45,mobley_2295058,-9.055871,-9.510000,0.454129,0.000388
45,mobley_6055410,-10.889956,-9.400000,1.489957,0.004175
45,mobley_4639255,-9.300777,-9.300000,0.000777,0.000000
45,mobley_1417007,-5.482957,-9.010000,3.527043,0.023393
45,mobley_6115639,-9.294396,-8.700000,0.594397,0.000664
45,mobley_6353617,-7.448255,-8.260000,0.811745,0.001239
45,mobley_2725215,-8.816433,-7.980000,0.836433,0.001316
45,mobley_7039935,-7.052049,-7.670000,0.617951,0.000718
45,mobley_4059279,-6.158927,-7.580000,1.421072,0.003797
45,mobley_951560,-9.467993,-7.400000,2.067993,0.008042
45,mobley_1922649,-8.609675,-7.190000,1.419675,0.003790
45,mobley_8798016,-7.689140,-7.000000,0.689140,0.000893
45,mobley_1858644,-6.720259,-6.790000,0.069741,0.000009
45,mobley_9114381,-5.891904,-6.720000,0.828096,0.001290
45,mobley_5311804,-5.845454,-6.620000,0.774546,0.001128
45,mobley_6743808,-6.443594,-6.500000,0.056406,0.000006
45,mobley_8789864,-5.607869,-6.400000,0.792131,0.001180
45,mobley_7009711,-6.586625,-6.270000,0.316625,0.000189
45,mobley_8789465,-4.718741,-6.200000,1.481259,0.004126
45,mobley_2923700,-6.081038,-6.130000,0.048962,0.000005
45,mobley_4780078,-5.486140,-6.010000,0.523860,0.000516
45,mobley_5467162,-5.641415,-5.910000,0.268585,0.000136
45,mobley_6257907,-6.105703,-5.820000,0.285703,0.000153
45,mobley_7913234,-6.054495,-5.730000,0.324495,0.000198
45,mobley_5518547,-5.967795,-5.570000,0.397795,0.000298
45,mobley_4883284,-5.956149,-5.490000,0.466149,0.000409
45,mobley_5220185,-4.985550,-5.450000,0.464450,0.000406
45,mobley_3359593,-5.348646,-5.260000,0.088645,0.000015
45,mobley_4683624,-5.982995,-5.210000,0.772995,0.001124
45,mobley_1636752,-3.390690,-5.100000,1.709310,0.005494
45,mobley_2310185,-4.470064,-5.000000,0.529936,0.000528
45,mobley_3682850,-3.897967,-4.910000,1.012033,0.001926
45,mobley_1363784,-4.940520,-4.840000,0.100520,0.000019
45,mobley_2837389,-4.216387,-4.780000,0.563613,0.000597
45,mobley_9507933,-4.894372,-4.720000,0.174373,0.000057
45,mobley_296847,-4.757152,-4.690000,0.067152,0.000008
45,mobley_8208692,-4.098207,-4.610000,0.511794,0.000493
45,mobley_4884177,-4.321980,-4.590000,0.268020,0.000135
45,mobley_6714389,-3.916195,-4.550000,0.633806,0.000755
45,mobley_2245668,-4.232765,-4.500000,0.267235,0.000134
45,mobley_5973402,-4.273115,-4.420000,0.146885,0.000041
45,mobley_3546460,-4.253990,-4.400000,0.146010,0.000040
45,mobley_8311303,-4.302787,-4.380000,0.077213,0.000011
45,mobley_9741965,-5.670271,-4.290000,1.380271,0.003583
45,mobley_4603202,-4.527103,-4.230000,0.297103,0.000166
45,mobley_628086,-3.973937,-4.160000,0.186063,0.000065
45,mobley_4620651,-3.546014,-4.100000,0.553986,0.000577
45,mobley_7977115,-4.204974,-4.060000,0.144974,0.000040
45,mobley_2789243,-3.712814,-4.010000,0.297186,0.000166
45,mobley_3968739,-3.884754,-3.920000,0.035246,0.000002
45,mobley_63712,-2.850538,-3.880000,1.029463,0.001993
45,mobley_1046331,-4.019507,-3.820000,0.199507,0.000075
45,mobley_1160109,-3.290110,-3.750000,0.459890,0.000398
45,mobley_4149784,-3.593068,-3.670000,0.076932,0.000011
45,mobley_397645,-3.859928,-3.640000,0.219928,0.000091
45,mobley_4690963,-4.428205,-3.540000,0.888205,0.001484
45,mobley_1967551,-3.216344,-3.500000,0.283656,0.000151
45,mobley_6733657,-3.165659,-3.440000,0.274341,0.000142
45,mobley_9565165,-3.354762,-3.350000,0.004762,0.000000
45,mobley_2487143,-3.051747,-3.280000,0.228253,0.000098
45,mobley_8449031,-2.128455,-3.220000,1.091545,0.002241
45,mobley_172879,-3.227660,-3.150000,0.077660,0.000011
45,mobley_5346580,-1.602021,-3.110000,1.507979,0.004276
45,mobley_3573480,-2.842375,-3.040000,0.197625,0.000073
45,mobley_1075836,-2.694661,-2.930000,0.235339,0.000104
45,mobley_6102880,-4.221235,-2.870000,1.351235,0.003433
45,mobley_1827204,-2.649570,-2.810000,0.160430,0.000048
45,mobley_2146331,-1.609832,-2.750000,1.140168,0.002445
45,mobley_7943327,-2.364988,-2.680000,0.315012,0.000187
45,mobley_5110043,-2.681706,-2.630000,0.051706,0.000005
45,mobley_5616693,-2.716288,-2.530000,0.186288,0.000065
45,mobley_6619554,-2.035824,-2.490000,0.454176,0.000388
45,mobley_6359156,-4.025587,-2.460000,1.565587,0.004609
45,mobley_1781152,-1.943178,-2.400000,0.456823,0.000392
45,mobley_859464,-2.322814,-2.360000,0.037186,0.000003
45,mobley_7150646,-1.797635,-2.300000,0.502365,0.000475
45,mobley_1592519,-2.582986,-2.230000,0.352986,0.000234
45,mobley_5538249,-1.869409,-2.160000,0.290591,0.000159
45,mobley_6911232,-1.416822,-2.100000,0.683178,0.000878
45,mobley_3269565,-1.263322,-2.010000,0.746678,0.001048
45,mobley_2484519,-3.009650,-1.930000,1.079650,0.002192
45,mobley_7690440,-2.320909,-1.830000,0.490909,0.000453
45,mobley_3802803,-1.565824,-1.660000,0.094176,0.000017
45,mobley_1144156,-1.004609,-1.590000,0.585391,0.000644
45,mobley_2481002,-2.739719,-1.450000,1.289719,0.003128
45,mobley_2489709,-1.535115,-1.360000,0.175115,0.000058
45,mobley_5052949,-0.590449,-1.280000,0.689551,0.000894
45,mobley_2492140,-2.293236,-1.230000,1.063236,0.002126
45,mobley_7542832,-0.963854,-1.160000,0.196146,0.000072
45,mobley_7814642,-2.178256,-1.120000,1.058256,0.002106
45,mobley_1563176,-0.813485,-0.990000,0.176515,0.000059
45,mobley_1873346,-0.732444,-0.900000,0.167556,0.000053
45,mobley_3040612,-0.571363,-0.850000,0.278637,0.000146
45,mobley_4483973,-2.051939,-0.800000,1.251939,0.002947
45,mobley_9913368,-1.733138,-0.780000,0.953138,0.001708
45,mobley_1449384,-0.626252,-0.680000,0.053748,0.000005
45,mobley_7708038,-0.610018,-0.560000,0.050018,0.000005
45,mobley_8311321,-0.132101,-0.500000,0.367899,0.000255
45,mobley_766666,-0.750943,-0.440000,0.310943,0.000182
45,mobley_5445548,-0.588433,-0.300000,0.288433,0.000156
45,mobley_9029594,-1.033108,-0.220000,0.813108,0.001243
45,mobley_3370989,-1.631639,-0.110000,1.521639,0.004354
45,mobley_627267,-0.221720,-0.030000,0.191720,0.000069
45,mobley_6250025,0.480704,0.080000,0.400704,0.000302
45,mobley_4252724,-0.504720,0.160000,0.664720,0.000831
45,mobley_7157427,0.457330,0.290000,0.167330,0.000053
45,mobley_8885088,0.057759,0.560000,0.502241,0.000474
45,mobley_8522124,0.790758,0.710000,0.080758,0.000012
45,mobley_4678740,0.975715,1.070000,0.094285,0.000017
45,mobley_2689721,1.095276,1.230000,0.134724,0.000034
45,mobley_1662128,1.262635,1.380000,0.117365,0.000026
45,mobley_4762983,1.967658,1.660000,0.307658,0.000178
45,mobley_7732703,0.304075,1.790000,1.485925,0.004152
45,mobley_2068538,1.452201,2.000000,0.547799,0.000564
45,mobley_5157661,1.846194,2.300000,0.453806,0.000387
45,mobley_1261349,2.469409,2.510000,0.040591,0.000003
45,mobley_2328633,2.260992,2.550000,0.289008,0.000157
45,mobley_8436428,2.995769,2.830000,0.165769,0.000052
45,mobley_3060426,3.504544,2.930000,0.574544,0.000621
45,mobley_2197088,3.296360,3.160000,0.136360,0.000035
46,mobley_9534740,-21.307039,-25.469999,4.162960,0.032589
46,mobley_6239320,-22.871775,-18.059999,4.811775,0.043538
46,mobley_7794077,-14.516640,-15.460000,0.943360,0.001673
46,mobley_7415647,-13.154399,-11.950000,1.204399,0.002728
46,mobley_1728386,-10.786407,-11.000000,0.213593,0.000086
46,mobley_2269032,-9.863082,-10.210000,0.346918,0.000226
46,mobley_2913224,-7.442654,-9.940000,2.497346,0.011728
46,mobley_2659552,-9.825926,-9.760000,0.065926,0.000008
46,mobley_7176290,-9.225659,-9.620000,0.394341,0.000292
46,mobley_2295058,-8.980587,-9.510000,0.529413,0.000527
46,mobley_6055410,-10.624190,-9.400000,1.224191,0.002818
46,mobley_4639255,-9.445842,-9.300000,0.145842,0.000040
46,mobley_1417007,-4.266807,-9.010000,4.743194,0.042306
46,mobley_6115639,-9.580855,-8.700000,0.880856,0.001459
46,mobley_6353617,-7.373796,-8.260000,0.886205,0.001477
46,mobley_2725215,-8.898924,-7.980000,0.918924,0.001588
46,mobley_7039935,-7.084436,-7.670000,0.585564,0.000645
46,mobley_4059279,-6.627859,-7.580000,0.952141,0.001705
46,mobley_951560,-9.705794,-7.400000,2.305794,0.009998
46,mobley_1922649,-8.396577,-7.190000,1.206577,0.002738
46,mobley_8798016,-7.622646,-7.000000,0.622646,0.000729
46,mobley_1858644,-6.803457,-6.790000,0.013457,0.000000
46,mobley_9114381,-5.865861,-6.720000,0.854138,0.001372
46,mobley_5311804,-5.921350,-6.620000,0.698649,0.000918
46,mobley_6743808,-6.361274,-6.500000,0.138726,0.000036
46,mobley_8789864,-5.648367,-6.400000,0.751633,0.001062
46,mobley_7009711,-6.439034,-6.270000,0.169034,0.000054
46,mobley_8789465,-4.646463,-6.200000,1.553537,0.004538
46,mobley_2923700,-6.045409,-6.130000,0.084591,0.000013
46,mobley_4780078,-5.362100,-6.010000,0.647901,0.000789
46,mobley_5467162,-5.693185,-5.910000,0.216815,0.000088
46,mobley_6257907,-5.852648,-5.820000,0.032648,0.000002
46,mobley_7913234,-6.178733,-5.730000,0.448733,0.000379
46,mobley_5518547,-5.830759,-5.570000,0.260759,0.000128
46,mobley_4883284,-5.899106,-5.490000,0.409106,0.000315
46,mobley_5220185,-5.051245,-5.450000,0.398755,0.000299
46,mobley_3359593,-5.443506,-5.260000,0.183506,0.000063
46,mobley_4683624,-5.951179,-5.210000,0.741179,0.001033
46,mobley_1636752,-3.604468,-5.100000,1.495532,0.004206
46,mobley_2310185,-4.600407,-5.000000,0.399593,0.000300
46,mobley_3682850,-4.049843,-4.910000,0.860157,0.001391
46,mobley_1363784,-4.793955,-4.840000,0.046045,0.000004
46,mobley_2837389,-4.134325,-4.780000,0.645675,0.000784
46,mobley_9507933,-4.718460,-4.720000,0.001540,0.000000
46,mobley_296847,-4.749051,-4.690000,0.059051,0.000007
46,mobley_8208692,-2.815159,-4.610000,1.794841,0.006058
46,mobley_4884177,-4.303262,-4.590000,0.286738,0.000155
46,mobley_6714389,-4.223924,-4.550000,0.326076,0.000200
46,mobley_2245668,-4.326228,-4.500000,0.173772,0.000057
46,mobley_5973402,-4.374585,-4.420000,0.045415,0.000004
46,mobley_3546460,-4.402223,-4.400000,0.002223,0.000000
46,mobley_8311303,-3.278120,-4.380000,1.101880,0.002283
46,mobley_9741965,-6.219899,-4.290000,1.929899,0.007004
46,mobley_4603202,-4.663484,-4.230000,0.433484,0.000353
46,mobley_628086,-3.952269,-4.160000,0.207731,0.000081
46,mobley_4620651,-3.743812,-4.100000,0.356188,0.000239
46,mobley_7977115,-4.259305,-4.060000,0.199306,0.000075
46,mobley_2789243,-3.539897,-4.010000,0.470103,0.000416
46,mobley_3968739,-3.896652,-3.920000,0.023348,0.000001
46,mobley_63712,-3.324533,-3.880000,0.555467,0.000580
46,mobley_1046331,-3.961203,-3.820000,0.141203,0.000037
46,mobley_1160109,-3.492737,-3.750000,0.257263,0.000124
46,mobley_4149784,-2.947011,-3.670000,0.722989,0.000983
46,mobley_397645,-3.942801,-3.640000,0.302800,0.000172
46,mobley_4690963,-4.756921,-3.540000,1.216921,0.002785
46,mobley_1967551,-3.178085,-3.500000,0.321915,0.000195
46,mobley_6733657,-2.579356,-3.440000,0.860644,0.001393
46,mobley_9565165,-3.614341,-3.350000,0.264341,0.000131
46,mobley_2487143,-3.041754,-3.280000,0.238246,0.000107
46,mobley_8449031,-2.646032,-3.220000,0.573968,0.000619
46,mobley_172879,-3.071775,-3.150000,0.078225,0.000012
46,mobley_5346580,-1.647426,-3.110000,1.462574,0.004023
46,mobley_3573480,-2.852722,-3.040000,0.187278,0.000066
46,mobley_1075836,-2.750048,-2.930000,0.179952,0.000061
46,mobley_6102880,-4.242821,-2.870000,1.372821,0.003544
46,mobley_1827204,-2.696390,-2.810000,0.113610,0.000024
46,mobley_2146331,-1.620349,-2.750000,1.129651,0.002400
46,mobley_7943327,-2.607853,-2.680000,0.072147,0.000010
46,mobley_5110043,-2.683583,-2.630000,0.053583,0.000005
46,mobley_5616693,-2.904923,-2.530000,0.374923,0.000264
46,mobley_6619554,-2.120271,-2.490000,0.369729,0.000257
46,mobley_6359156,-3.649098,-2.460000,1.189098,0.002659
46,mobley_1781152,-2.369192,-2.400000,0.030808,0.000002
46,mobley_859464,-2.438281,-2.360000,0.078281,0.000012
46,mobley_7150646,-1.611915,-2.300000,0.688084,0.000890
46,mobley_1592519,-2.869349,-2.230000,0.639349,0.000769
46,mobley_5538249,-1.584081,-2.160000,0.575919,0.000624
46,mobley_6911232,-1.624185,-2.100000,0.475815,0.000426
46,mobley_3269565,-1.328398,-2.010000,0.681602,0.000874
46,mobley_2484519,-2.856866,-1.930000,0.926866,0.001615
46,mobley_7690440,-2.171270,-1.830000,0.341270,0.000219
46,mobley_3802803,-1.759555,-1.660000,0.099555,0.000019
46,mobley_1144156,-1.336347,-1.590000,0.253653,0.000121
46,mobley_2481002,-2.634406,-1.450000,1.184406,0.002638
46,mobley_2489709,-1.197073,-1.360000,0.162927,0.000050
46,mobley_5052949,-0.668306,-1.280000,0.611694,0.000704
46,mobley_2492140,-1.044681,-1.230000,0.185319,0.000065
46,mobley_7542832,-1.171112,-1.160000,0.011112,0.000000
46,mobley_7814642,-1.639974,-1.120000,0.519974,0.000508
46,mobley_1563176,-0.805724,-0.990000,0.184276,0.000064
46,mobley_1873346,-0.646805,-0.900000,0.253195,0.000121
46,mobley_3040612,-0.600200,-0.850000,0.249800,0.000117
46,mobley_4483973,-1.978531,-0.800000,1.178531,0.002612
46,mobley_9913368,-1.641592,-0.780000,0.861592,0.001396
46,mobley_1449384,-0.587348,-0.680000,0.092652,0.000016
46,mobley_7708038,-0.614199,-0.560000,0.054199,0.000006
46,mobley_8311321,-0.093902,-0.500000,0.406098,0.000310
46,mobley_766666,-0.502235,-0.440000,0.062235,0.000007
46,mobley_5445548,-0.598853,-0.300000,0.298853,0.000168
46,mobley_9029594,-1.009504,-0.220000,0.789504,0.001172
46,mobley_3370989,-1.635705,-0.110000,1.525705,0.004377
46,mobley_627267,-0.206389,-0.030000,0.176389,0.000059
46,mobley_6250025,0.434479,0.080000,0.354479,0.000236
46,mobley_4252724,-0.564775,0.160000,0.724775,0.000988
46,mobley_7157427,0.414013,0.290000,0.124013,0.000029
46,mobley_8885088,0.030037,0.560000,0.529963,0.000528
46,mobley_8522124,0.796700,0.710000,0.086700,0.000014
46,mobley_4678740,0.852338,1.070000,0.217662,0.000089
46,mobley_2689721,1.070970,1.230000,0.159030,0.000048
46,mobley_1662128,1.289034,1.380000,0.090966,0.000016
46,mobley_4762983,1.932997,1.660000,0.272997,0.000140
46,mobley_7732703,0.301322,1.790000,1.488678,0.004167
46,mobley_2068538,1.532047,2.000000,0.467953,0.000412
46,mobley_5157661,1.898689,2.300000,0.401311,0.000303
46,mobley_1261349,2.366351,2.510000,0.143649,0.000039
46,mobley_2328633,2.165540,2.550000,0.384460,0.000278
46,mobley_8436428,2.959272,2.830000,0.129272,0.000031
46,mobley_3060426,3.305270,2.930000,0.375270,0.000265
46,mobley_2197088,3.238721,3.160000,0.078721,0.000012
47,mobley_9534740,-20.803848,-25.469999,4.666151,0.040943
47,mobley_6239320,-20.903399,-18.059999,2.843399,0.015203
47,mobley_7794077,-13.574450,-15.460000,1.885550,0.006686
47,mobley_7415647,-12.895174,-11.950000,0.945174,0.001680
47,mobley_1728386,-10.338834,-11.000000,0.661166,0.000822
47,mobley_2269032,-8.958673,-10.210000,1.251327,0.002944
47,mobley_2913224,-6.985728,-9.940000,2.954272,0.016412
47,mobley_2659552,-8.864913,-9.760000,0.895087,0.001507
47,mobley_7176290,-9.478887,-9.620000,0.141113,0.000037
47,mobley_2295058,-8.708747,-9.510000,0.801253,0.001207
47,mobley_6055410,-9.968028,-9.400000,0.568028,0.000607
47,mobley_4639255,-9.228693,-9.300000,0.071307,0.000010
47,mobley_1417007,-4.180252,-9.010000,4.829749,0.043864
47,mobley_6115639,-9.321003,-8.700000,0.621003,0.000725
47,mobley_6353617,-7.121997,-8.260000,1.138003,0.002435
47,mobley_2725215,-8.871297,-7.980000,0.891297,0.001494
47,mobley_7039935,-6.543334,-7.670000,1.126667,0.002387
47,mobley_4059279,-5.766282,-7.580000,1.813718,0.006186
47,mobley_951560,-9.012059,-7.400000,1.612059,0.004887
47,mobley_1922649,-8.887162,-7.190000,1.697162,0.005416
47,mobley_8798016,-7.212960,-7.000000,0.212960,0.000085
47,mobley_1858644,-6.336349,-6.790000,0.453651,0.000387
47,mobley_9114381,-5.649423,-6.720000,1.070577,0.002155
47,mobley_5311804,-5.452864,-6.620000,1.167136,0.002562
47,mobley_6743808,-5.921193,-6.500000,0.578807,0.000630
47,mobley_8789864,-5.339365,-6.400000,1.060636,0.002115
47,mobley_7009711,-6.034037,-6.270000,0.235963,0.000105
47,mobley_8789465,-4.297864,-6.200000,1.902136,0.006804
47,mobley_2923700,-5.757494,-6.130000,0.372506,0.000261
47,mobley_4780078,-4.929155,-6.010000,1.080845,0.002197
47,mobley_5467162,-5.292716,-5.910000,0.617284,0.000717
47,mobley_6257907,-5.621539,-5.820000,0.198461,0.000074
47,mobley_7913234,-5.971630,-5.730000,0.241630,0.000110
47,mobley_5518547,-5.424899,-5.570000,0.145102,0.000040
47,mobley_4883284,-5.593422,-5.490000,0.103423,0.000020
47,mobley_5220185,-4.741921,-5.450000,0.708078,0.000943
47,mobley_3359593,-5.131694,-5.260000,0.128306,0.000031
47,mobley_4683624,-5.613529,-5.210000,0.403529,0.000306
47,mobley_1636752,-3.290457,-5.100000,1.809543,0.006157
47,mobley_2310185,-4.431879,-5.000000,0.568121,0.000607
47,mobley_3682850,-3.529331,-4.910000,1.380668,0.003585
47,mobley_1363784,-4.439336,-4.840000,0.400664,0.000302
47,mobley_2837389,-3.747797,-4.780000,1.032203,0.002004
47,mobley_9507933,-4.324405,-4.720000,0.395595,0.000294
47,mobley_296847,-4.567707,-4.690000,0.122293,0.000028
47,mobley_8208692,-3.399726,-4.610000,1.210274,0.002754
47,mobley_4884177,-4.022505,-4.590000,0.567495,0.000606
47,mobley_6714389,-3.812740,-4.550000,0.737260,0.001022
47,mobley_2245668,-4.151648,-4.500000,0.348352,0.000228
47,mobley_5973402,-4.186247,-4.420000,0.233753,0.000103
47,mobley_3546460,-4.210523,-4.400000,0.189477,0.000068
47,mobley_8311303,-3.679172,-4.380000,0.700829,0.000924
47,mobley_9741965,-6.903376,-4.290000,2.613376,0.012843
47,mobley_4603202,-4.481163,-4.230000,0.251163,0.000119
47,mobley_628086,-3.825535,-4.160000,0.334465,0.000210
47,mobley_4620651,-3.308537,-4.100000,0.791463,0.001178
47,mobley_7977115,-4.029701,-4.060000,0.030299,0.000002
47,mobley_2789243,-3.424238,-4.010000,0.585762,0.000645
47,mobley_3968739,-3.712076,-3.920000,0.207924,0.000081
47,mobley_63712,-2.461098,-3.880000,1.418902,0.003786
47,mobley_1046331,-3.733245,-3.820000,0.086755,0.000014
47,mobley_1160109,-2.702751,-3.750000,1.047249,0.002062
47,mobley_4149784,-2.645890,-3.670000,1.024111,0.001972
47,mobley_397645,-3.718358,-3.640000,0.078357,0.000012
47,mobley_4690963,-4.346029,-3.540000,0.806029,0.001222
47,mobley_1967551,-3.027559,-3.500000,0.472441,0.000420
47,mobley_6733657,-2.477659,-3.440000,0.962341,0.001741
47,mobley_9565165,-2.656649,-3.350000,0.693351,0.000904
47,mobley_2487143,-2.979670,-3.280000,0.300330,0.000170
47,mobley_8449031,-1.924478,-3.220000,1.295522,0.003156
47,mobley_172879,-2.756679,-3.150000,0.393321,0.000291
47,mobley_5346580,-1.341662,-3.110000,1.768337,0.005880
47,mobley_3573480,-2.806414,-3.040000,0.233586,0.000103
47,mobley_1075836,-2.757421,-2.930000,0.172579,0.000056
47,mobley_6102880,-3.817864,-2.870000,0.947864,0.001689
47,mobley_1827204,-2.531001,-2.810000,0.278999,0.000146
47,mobley_2146331,-1.357354,-2.750000,1.392646,0.003647
47,mobley_7943327,-2.542464,-2.680000,0.137536,0.000036
47,mobley_5110043,-1.986780,-2.630000,0.643220,0.000778
47,mobley_5616693,-2.379861,-2.530000,0.150139,0.000042
47,mobley_6619554,-2.139130,-2.490000,0.350870,0.000232
47,mobley_6359156,-3.407603,-2.460000,0.947603,0.001689
47,mobley_1781152,-1.968681,-2.400000,0.431319,0.000350
47,mobley_859464,-2.313436,-2.360000,0.046564,0.000004
47,mobley_7150646,-1.515709,-2.300000,0.784291,0.001157
47,mobley_1592519,-2.793376,-2.230000,0.563376,0.000597
47,mobley_5538249,-1.469741,-2.160000,0.690259,0.000896
47,mobley_6911232,-1.448309,-2.100000,0.651691,0.000799
47,mobley_3269565,-1.180246,-2.010000,0.829754,0.001295
47,mobley_2484519,-2.559492,-1.930000,0.629492,0.000745
47,mobley_7690440,-2.338505,-1.830000,0.508505,0.000486
47,mobley_3802803,-2.107380,-1.660000,0.447380,0.000376
47,mobley_1144156,-1.043098,-1.590000,0.546902,0.000562
47,mobley_2481002,-2.789067,-1.450000,1.339067,0.003372
47,mobley_2489709,-1.233101,-1.360000,0.126899,0.000030
47,mobley_5052949,-0.635181,-1.280000,0.644819,0.000782
47,mobley_2492140,-1.379467,-1.230000,0.149467,0.000042
47,mobley_7542832,-0.994839,-1.160000,0.165161,0.000051
47,mobley_7814642,-1.728209,-1.120000,0.608209,0.000696
47,mobley_1563176,-0.803415,-0.990000,0.186585,0.000065
47,mobley_1873346,-0.473842,-0.900000,0.426158,0.000342
47,mobley_3040612,-0.279877,-0.850000,0.570123,0.000611
47,mobley_4483973,-1.853746,-0.800000,1.053746,0.002088
47,mobley_9913368,-1.714663,-0.780000,0.934663,0.001643
47,mobley_1449384,-0.311829,-0.680000,0.368171,0.000255
47,mobley_7708038,-0.399644,-0.560000,0.160356,0.000048
47,mobley_8311321,-0.096207,-0.500000,0.403793,0.000307
47,mobley_766666,-0.583430,-0.440000,0.143430,0.000039
47,mobley_5445548,-0.452172,-0.300000,0.152172,0.000044
47,mobley_9029594,-0.817779,-0.220000,0.597779,0.000672
47,mobley_3370989,-1.427513,-0.110000,1.317513,0.003264
47,mobley_627267,-0.037246,-0.030000,0.007246,0.000000
47,mobley_6250025,0.522064,0.080000,0.442064,0.000367
47,mobley_4252724,-0.223288,0.160000,0.383288,0.000276
47,mobley_7157427,0.458407,0.290000,0.168407,0.000053
47,mobley_8885088,0.224440,0.560000,0.335560,0.000212
47,mobley_8522124,0.925623,0.710000,0.215623,0.000087
47,mobley_4678740,0.877324,1.070000,0.192676,0.000070
47,mobley_2689721,1.079621,1.230000,0.150379,0.000043
47,mobley_1662128,1.308210,1.380000,0.071790,0.000010
47,mobley_4762983,2.024320,1.660000,0.364320,0.000250
47,mobley_7732703,0.350686,1.790000,1.439314,0.003896
47,mobley_2068538,1.351221,2.000000,0.648779,0.000792
47,mobley_5157661,1.745320,2.300000,0.554680,0.000579
47,mobley_1261349,2.502771,2.510000,0.007229,0.000000
47,mobley_2328633,2.190112,2.550000,0.359888,0.000244
47,mobley_8436428,2.878995,2.830000,0.048995,0.000005
47,mobley_3060426,3.514704,2.930000,0.584704,0.000643
47,mobley_2197088,3.039043,3.160000,0.120957,0.000028
48,mobley_9534740,-21.257769,-25.469999,4.212231,0.033365
48,mobley_6239320,-23.619448,-18.059999,5.559448,0.058120
48,mobley_7794077,-15.304353,-15.460000,0.155647,0.000046
48,mobley_7415647,-13.487182,-11.950000,1.537182,0.004443
48,mobley_1728386,-10.848466,-11.000000,0.151534,0.000043
48,mobley_2269032,-10.225179,-10.210000,0.015179,0.000000
48,mobley_2913224,-7.673162,-9.940000,2.266838,0.009663
48,mobley_2659552,-9.866400,-9.760000,0.106400,0.000021
48,mobley_7176290,-9.475176,-9.620000,0.144824,0.000039
48,mobley_2295058,-9.295084,-9.510000,0.214916,0.000087
48,mobley_6055410,-11.221751,-9.400000,1.821752,0.006241
48,mobley_4639255,-9.445714,-9.300000,0.145714,0.000040
48,mobley_1417007,-5.171818,-9.010000,3.838182,0.027702
48,mobley_6115639,-9.319459,-8.700000,0.619459,0.000722
48,mobley_6353617,-7.543600,-8.260000,0.716400,0.000965
48,mobley_2725215,-9.670256,-7.980000,1.690256,0.005372
48,mobley_7039935,-7.062376,-7.670000,0.607624,0.000694
48,mobley_4059279,-6.323393,-7.580000,1.256607,0.002969
48,mobley_951560,-9.282156,-7.400000,1.882156,0.006662
48,mobley_1922649,-8.453883,-7.190000,1.263883,0.003004
48,mobley_8798016,-7.747918,-7.000000,0.747918,0.001052
48,mobley_1858644,-6.766840,-6.790000,0.023160,0.000001
48,mobley_9114381,-6.067904,-6.720000,0.652095,0.000800
48,mobley_5311804,-5.843381,-6.620000,0.776618,0.001134
48,mobley_6743808,-6.518395,-6.500000,0.018395,0.000001
48,mobley_8789864,-5.913208,-6.400000,0.486792,0.000446
48,mobley_7009711,-6.474164,-6.270000,0.204165,0.000078
48,mobley_8789465,-4.761314,-6.200000,1.438686,0.003892
48,mobley_2923700,-6.183635,-6.130000,0.053635,0.000005
48,mobley_4780078,-5.599757,-6.010000,0.410244,0.000316
48,mobley_5467162,-5.764055,-5.910000,0.145945,0.000040
48,mobley_6257907,-6.067518,-5.820000,0.247518,0.000115
48,mobley_7913234,-6.203003,-5.730000,0.473003,0.000421
48,mobley_5518547,-6.129748,-5.570000,0.559748,0.000589
48,mobley_4883284,-6.078906,-5.490000,0.588906,0.000652
48,mobley_5220185,-5.171824,-5.450000,0.278176,0.000146
48,mobley_3359593,-5.813037,-5.260000,0.553037,0.000575
48,mobley_4683624,-6.068880,-5.210000,0.858880,0.001387
48,mobley_1636752,-3.565441,-5.100000,1.534559,0.004428
48,mobley_2310185,-4.561608,-5.000000,0.438392,0.000361
48,mobley_3682850,-4.001235,-4.910000,0.908765,0.001553
48,mobley_1363784,-4.995256,-4.840000,0.155256,0.000045
48,mobley_2837389,-4.385967,-4.780000,0.394033,0.000292
48,mobley_9507933,-4.955360,-4.720000,0.235361,0.000104
48,mobley_296847,-4.722777,-4.690000,0.032777,0.000002
48,mobley_8208692,-3.703137,-4.610000,0.906863,0.001546
48,mobley_4884177,-4.413753,-4.590000,0.176248,0.000058
48,mobley_6714389,-4.205216,-4.550000,0.344784,0.000224
48,mobley_2245668,-4.333061,-4.500000,0.166939,0.000052
48,mobley_5973402,-4.373601,-4.420000,0.046399,0.000004
48,mobley_3546460,-4.447402,-4.400000,0.047401,0.000004
48,mobley_8311303,-3.868666,-4.380000,0.511334,0.000492
48,mobley_9741965,-6.653712,-4.290000,2.363712,0.010506
48,mobley_4603202,-4.596337,-4.230000,0.366337,0.000252
48,mobley_628086,-4.259342,-4.160000,0.099342,0.000019
48,mobley_4620651,-3.724664,-4.100000,0.375336,0.000265
48,mobley_7977115,-4.364488,-4.060000,0.304488,0.000174
48,mobley_2789243,-3.756620,-4.010000,0.253381,0.000121
48,mobley_3968739,-4.085403,-3.920000,0.165403,0.000051
48,mobley_63712,-3.099633,-3.880000,0.780367,0.001145
48,mobley_1046331,-4.046412,-3.820000,0.226412,0.000096
48,mobley_1160109,-3.527755,-3.750000,0.222245,0.000093
48,mobley_4149784,-3.417931,-3.670000,0.252069,0.000119
48,mobley_397645,-4.085719,-3.640000,0.445719,0.000374
48,mobley_4690963,-4.713622,-3.540000,1.173622,0.002590
48,mobley_1967551,-3.276768,-3.500000,0.223232,0.000094
48,mobley_6733657,-3.012123,-3.440000,0.427877,0.000344
48,mobley_9565165,-3.507788,-3.350000,0.157789,0.000047
48,mobley_2487143,-3.239939,-3.280000,0.040061,0.000003
48,mobley_8449031,-2.484905,-3.220000,0.735095,0.001016
48,mobley_172879,-3.273434,-3.150000,0.123434,0.000029
48,mobley_5346580,-1.628559,-3.110000,1.481440,0.004127
48,mobley_3573480,-3.045703,-3.040000,0.005703,0.000000
48,mobley_1075836,-3.066895,-2.930000,0.136895,0.000035
48,mobley_6102880,-4.277435,-2.870000,1.407435,0.003725
48,mobley_1827204,-2.755248,-2.810000,0.054752,0.000006
48,mobley_2146331,-1.804918,-2.750000,0.945082,0.001680
48,mobley_7943327,-2.815168,-2.680000,0.135168,0.000034
48,mobley_5110043,-2.820292,-2.630000,0.190292,0.000068
48,mobley_5616693,-2.861813,-2.530000,0.331813,0.000207
48,mobley_6619554,-2.592257,-2.490000,0.102257,0.000020
48,mobley_6359156,-3.781330,-2.460000,1.321330,0.003283
48,mobley_1781152,-2.175356,-2.400000,0.224644,0.000095
48,mobley_859464,-2.571440,-2.360000,0.211440,0.000084
48,mobley_7150646,-1.904177,-2.300000,0.395823,0.000295
48,mobley_1592519,-3.059074,-2.230000,0.829074,0.001293
48,mobley_5538249,-1.737057,-2.160000,0.422943,0.000336
48,mobley_6911232,-1.624993,-2.100000,0.475006,0.000424
48,mobley_3269565,-1.340156,-2.010000,0.669844,0.000844
48,mobley_2484519,-2.894549,-1.930000,0.964549,0.001749
48,mobley_7690440,-2.580317,-1.830000,0.750317,0.001059
48,mobley_3802803,-1.915680,-1.660000,0.255680,0.000123
48,mobley_1144156,-1.310124,-1.590000,0.279876,0.000147
48,mobley_2481002,-2.875167,-1.450000,1.425167,0.003819
48,mobley_2489709,-1.306824,-1.360000,0.053176,0.000005
48,mobley_5052949,-0.710856,-1.280000,0.569144,0.000609
48,mobley_2492140,-1.743056,-1.230000,0.513056,0.000495
48,mobley_7542832,-1.223656,-1.160000,0.063656,0.000008
48,mobley_7814642,-1.935275,-1.120000,0.815275,0.001250
48,mobley_1563176,-0.951694,-0.990000,0.038306,0.000003
48,mobley_1873346,-0.713435,-0.900000,0.186565,0.000065
48,mobley_3040612,-0.725987,-0.850000,0.124013,0.000029
48,mobley_4483973,-2.039263,-0.800000,1.239263,0.002888
48,mobley_9913368,-1.720333,-0.780000,0.940333,0.001663
48,mobley_1449384,-0.734390,-0.680000,0.054390,0.000006
48,mobley_7708038,-0.613714,-0.560000,0.053714,0.000005
48,mobley_8311321,-0.235391,-0.500000,0.264609,0.000132
48,mobley_766666,-0.612881,-0.440000,0.172881,0.000056
48,mobley_5445548,-0.615045,-0.300000,0.315045,0.000187
48,mobley_9029594,-1.138252,-0.220000,0.918252,0.001586
48,mobley_3370989,-1.760345,-0.110000,1.650345,0.005122
48,mobley_627267,-0.246961,-0.030000,0.216961,0.000089
48,mobley_6250025,0.312736,0.080000,0.232736,0.000102
48,mobley_4252724,-0.561667,0.160000,0.721667,0.000979
48,mobley_7157427,0.338549,0.290000,0.048549,0.000004
48,mobley_8885088,-0.034690,0.560000,0.594690,0.000665
48,mobley_8522124,0.629389,0.710000,0.080611,0.000012
48,mobley_4678740,0.041396,1.070000,1.028604,0.001990
48,mobley_2689721,1.062047,1.230000,0.167953,0.000053
48,mobley_1662128,1.232546,1.380000,0.147454,0.000041
48,mobley_4762983,1.831316,1.660000,0.171316,0.000055
48,mobley_7732703,0.154095,1.790000,1.635905,0.005032
48,mobley_2068538,1.464096,2.000000,0.535904,0.000540
48,mobley_5157661,1.845763,2.300000,0.454237,0.000388
48,mobley_1261349,2.423972,2.510000,0.086028,0.000014
48,mobley_2328633,2.025879,2.550000,0.524121,0.000517
48,mobley_8436428,2.921278,2.830000,0.091278,0.000016
48,mobley_3060426,3.306283,2.930000,0.376282,0.000266
48,mobley_2197088,3.081639,3.160000,0.078361,0.000012
49,mobley_9534740,-21.146257,-25.469999,4.323742,0.035155
49,mobley_6239320,-23.122652,-18.059999,5.062653,0.048197
49,mobley_7794077,-14.356197,-15.460000,1.103803,0.002291
49,mobley_7415647,-13.464935,-11.950000,1.514935,0.004316
49,mobley_1728386,-10.922282,-11.000000,0.077718,0.000011
49,mobley_2269032,-10.253387,-10.210000,0.043387,0.000004
49,mobley_2913224,-7.567981,-9.940000,2.372018,0.010580
49,mobley_2659552,-10.091740,-9.760000,0.331739,0.000207
49,mobley_7176290,-9.460561,-9.620000,0.159439,0.000048
49,mobley_2295058,-9.281251,-9.510000,0.228749,0.000098
49,mobley_6055410,-10.913693,-9.400000,1.513694,0.004309
49,mobley_4639255,-9.520370,-9.300000,0.220370,0.000091
49,mobley_1417007,-4.786299,-9.010000,4.223701,0.033547
49,mobley_6115639,-9.513211,-8.700000,0.813211,0.001244
49,mobley_6353617,-7.474236,-8.260000,0.785765,0.001161
49,mobley_2725215,-8.940012,-7.980000,0.960012,0.001733
49,mobley_7039935,-7.320001,-7.670000,0.349999,0.000230
49,mobley_4059279,-6.523199,-7.580000,1.056801,0.002100
49,mobley_951560,-9.676368,-7.400000,2.276368,0.009744
49,mobley_1922649,-8.514294,-7.190000,1.324294,0.003298
49,mobley_8798016,-7.680700,-7.000000,0.680700,0.000871
49,mobley_1858644,-6.794607,-6.790000,0.004607,0.000000
49,mobley_9114381,-5.996556,-6.720000,0.723444,0.000984
49,mobley_5311804,-5.952178,-6.620000,0.667822,0.000839
49,mobley_6743808,-6.782722,-6.500000,0.282722,0.000150
49,mobley_8789864,-6.280334,-6.400000,0.119667,0.000027
49,mobley_7009711,-6.777501,-6.270000,0.507501,0.000484
49,mobley_8789465,-4.835238,-6.200000,1.364762,0.003502
49,mobley_2923700,-6.327319,-6.130000,0.197319,0.000073
49,mobley_4780078,-5.743593,-6.010000,0.266407,0.000133
49,mobley_5467162,-6.059372,-5.910000,0.149373,0.000042
49,mobley_6257907,-6.250011,-5.820000,0.430011,0.000348
49,mobley_7913234,-6.217383,-5.730000,0.487383,0.000447
49,mobley_5518547,-6.197958,-5.570000,0.627958,0.000742
49,mobley_4883284,-6.115292,-5.490000,0.625292,0.000735
49,mobley_5220185,-5.031960,-5.450000,0.418040,0.000329
49,mobley_3359593,-5.655360,-5.260000,0.395360,0.000294
49,mobley_4683624,-6.198040,-5.210000,0.988040,0.001836
49,mobley_1636752,-3.645002,-5.100000,1.454998,0.003981
49,mobley_2310185,-4.655709,-5.000000,0.344291,0.000223
49,mobley_3682850,-4.259296,-4.910000,0.650703,0.000796
49,mobley_1363784,-5.046236,-4.840000,0.206235,0.000080
49,mobley_2837389,-4.196600,-4.780000,0.583400,0.000640
49,mobley_9507933,-4.920120,-4.720000,0.200120,0.000075
49,mobley_296847,-4.670995,-4.690000,0.019005,0.000001
49,mobley_8208692,-3.139082,-4.610000,1.470918,0.004069
49,mobley_4884177,-4.370564,-4.590000,0.219436,0.000091
49,mobley_6714389,-4.115155,-4.550000,0.434845,0.000356
49,mobley_2245668,-4.636137,-4.500000,0.136137,0.000035
49,mobley_5973402,-4.538263,-4.420000,0.118263,0.000026
49,mobley_3546460,-4.472832,-4.400000,0.072832,0.000010
49,mobley_8311303,-3.708157,-4.380000,0.671843,0.000849
49,mobley_9741965,-6.256216,-4.290000,1.966216,0.007270
49,mobley_4603202,-4.628570,-4.230000,0.398570,0.000299
49,mobley_628086,-4.031525,-4.160000,0.128475,0.000031
49,mobley_4620651,-3.561818,-4.100000,0.538182,0.000545
49,mobley_7977115,-4.585729,-4.060000,0.525729,0.000520
49,mobley_2789243,-3.930179,-4.010000,0.079821,0.000012
49,mobley_3968739,-3.988969,-3.920000,0.068969,0.000009
49,mobley_63712,-3.237769,-3.880000,0.642231,0.000776
49,mobley_1046331,-4.029523,-3.820000,0.209523,0.000083
49,mobley_1160109,-3.710055,-3.750000,0.039945,0.000003
49,mobley_4149784,-3.835407,-3.670000,0.165407,0.000051
49,mobley_397645,-3.955518,-3.640000,0.315517,0.000187
49,mobley_4690963,-4.440959,-3.540000,0.900959,0.001526
49,mobley_1967551,-3.325621,-3.500000,0.174379,0.000057
49,mobley_6733657,-1.946180,-3.440000,1.493820,0.004196
49,mobley_9565165,-3.676707,-3.350000,0.326707,0.000201
49,mobley_2487143,-3.443784,-3.280000,0.163785,0.000050
49,mobley_8449031,-2.548411,-3.220000,0.671589,0.000848
49,mobley_172879,-3.345668,-3.150000,0.195668,0.000072
49,mobley_5346580,-2.009064,-3.110000,1.100936,0.002279
49,mobley_3573480,-3.205059,-3.040000,0.165059,0.000051
49,mobley_1075836,-3.010201,-2.930000,0.080201,0.000012
49,mobley_6102880,-4.375951,-2.870000,1.505951,0.004265
49,mobley_1827204,-2.813900,-2.810000,0.003900,0.000000
49,mobley_2146331,-1.694361,-2.750000,1.055639,0.002096
49,mobley_7943327,-2.636010,-2.680000,0.043990,0.000004
49,mobley_5110043,-3.173803,-2.630000,0.543803,0.000556
49,mobley_5616693,-3.115434,-2.530000,0.585434,0.000644
49,mobley_6619554,-2.380983,-2.490000,0.109017,0.000022
49,mobley_6359156,-4.050112,-2.460000,1.590112,0.004755
49,mobley_1781152,-2.426339,-2.400000,0.026339,0.000001
49,mobley_859464,-2.647771,-2.360000,0.287771,0.000156
49,mobley_7150646,-1.875468,-2.300000,0.424532,0.000339
49,mobley_1592519,-2.730978,-2.230000,0.500978,0.000472
49,mobley_5538249,-1.882006,-2.160000,0.277994,0.000145
49,mobley_6911232,-1.656095,-2.100000,0.443905,0.000371
49,mobley_3269565,-1.548060,-2.010000,0.461940,0.000401
49,mobley_2484519,-3.050551,-1.930000,1.120551,0.002361
49,mobley_7690440,-2.895431,-1.830000,1.065431,0.002135
49,mobley_3802803,-1.695894,-1.660000,0.035894,0.000002
49,mobley_1144156,-1.188532,-1.590000,0.401468,0.000303
49,mobley_2481002,-2.815043,-1.450000,1.365043,0.003504
49,mobley_2489709,-1.434385,-1.360000,0.074385,0.000010
49,mobley_5052949,-0.804620,-1.280000,0.475380,0.000425
49,mobley_2492140,-1.832700,-1.230000,0.602700,0.000683
49,mobley_7542832,-1.177431,-1.160000,0.017431,0.000001
49,mobley_7814642,-2.187235,-1.120000,1.067235,0.002142
49,mobley_1563176,-0.957929,-0.990000,0.032071,0.000002
49,mobley_1873346,-0.799872,-0.900000,0.100128,0.000019
49,mobley_3040612,-0.887371,-0.850000,0.037371,0.000003
49,mobley_4483973,-2.041875,-0.800000,1.241875,0.002900
49,mobley_9913368,-1.741112,-0.780000,0.961112,0.001737
49,mobley_1449384,-0.939317,-0.680000,0.259317,0.000126
49,mobley_7708038,-0.687294,-0.560000,0.127294,0.000030
49,mobley_8311321,-0.125779,-0.500000,0.374221,0.000263
49,mobley_766666,-0.657372,-0.440000,0.217372,0.000089
49,mobley_5445548,-0.780951,-0.300000,0.480951,0.000435
49,mobley_9029594,-1.154515,-0.220000,0.934515,0.001642
49,mobley_3370989,-1.637718,-0.110000,1.527718,0.004389
49,mobley_627267,-0.409453,-0.030000,0.379453,0.000271
49,mobley_6250025,0.412325,0.080000,0.332325,0.000208
49,mobley_4252724,-0.726296,0.160000,0.886296,0.001477
49,mobley_7157427,0.394147,0.290000,0.104147,0.000020
49,mobley_8885088,-0.099731,0.560000,0.659731,0.000818
49,mobley_8522124,0.772075,0.710000,0.062075,0.000007
49,mobley_4678740,1.240554,1.070000,0.170554,0.000055
49,mobley_2689721,0.935104,1.230000,0.294896,0.000164
49,mobley_1662128,1.206218,1.380000,0.173782,0.000057
49,mobley_4762983,1.938391,1.660000,0.278391,0.000146
49,mobley_7732703,0.374416,1.790000,1.415584,0.003768
49,mobley_2068538,1.387909,2.000000,0.612091,0.000705
49,mobley_5157661,1.710517,2.300000,0.589483,0.000653
49,mobley_1261349,2.125964,2.510000,0.384036,0.000277
49,mobley_2328633,2.026224,2.550000,0.523776,0.000516
49,mobley_8436428,2.766998,2.830000,0.063002,0.000007
49,mobley_3060426,3.047405,2.930000,0.117405,0.000026
49,mobley_2197088,3.201495,3.160000,0.041495,0.000003
50,mobley_9534740,-21.077343,-25.469999,4.392656,0.036284
50,mobley_6239320,-22.580450,-18.059999,4.520451,0.038426
50,mobley_7794077,-14.334234,-15.460000,1.125766,0.002383
50,mobley_7415647,-12.895065,-11.950000,0.945065,0.001680
50,mobley_1728386,-10.838053,-11.000000,0.161947,0.000049
50,mobley_2269032,-9.700768,-10.210000,0.509232,0.000488
50,mobley_2913224,-7.555830,-9.940000,2.384169,0.010689
50,mobley_2659552,-9.525864,-9.760000,0.234137,0.000103
50,mobley_7176290,-9.195456,-9.620000,0.424544,0.000339
50,mobley_2295058,-9.041692,-9.510000,0.468308,0.000412
50,mobley_6055410,-10.519384,-9.400000,1.119385,0.002356
50,mobley_4639255,-9.453000,-9.300000,0.153000,0.000044
50,mobley_1417007,-4.532027,-9.010000,4.477973,0.037707
50,mobley_6115639,-9.176543,-8.700000,0.476543,0.000427
50,mobley_6353617,-7.251090,-8.260000,1.008910,0.001914
50,mobley_2725215,-8.047218,-7.980000,0.067218,0.000008
50,mobley_7039935,-6.976643,-7.670000,0.693357,0.000904
50,mobley_4059279,-6.332257,-7.580000,1.247743,0.002928
50,mobley_951560,-9.227121,-7.400000,1.827121,0.006278
50,mobley_1922649,-8.096725,-7.190000,0.906725,0.001546
50,mobley_8798016,-7.395632,-7.000000,0.395632,0.000294
50,mobley_1858644,-6.624473,-6.790000,0.165527,0.000052
50,mobley_9114381,-5.978957,-6.720000,0.741043,0.001033
50,mobley_5311804,-5.808318,-6.620000,0.811682,0.001239
50,mobley_6743808,-6.239244,-6.500000,0.260756,0.000128
50,mobley_8789864,-5.702155,-6.400000,0.697845,0.000916
50,mobley_7009711,-6.260522,-6.270000,0.009478,0.000000
50,mobley_8789465,-4.689887,-6.200000,1.510113,0.004288
50,mobley_2923700,-5.978317,-6.130000,0.151683,0.000043
50,mobley_4780078,-5.262763,-6.010000,0.747237,0.001050
50,mobley_5467162,-5.542484,-5.910000,0.367516,0.000254
50,mobley_6257907,-5.857530,-5.820000,0.037529,0.000003
50,mobley_7913234,-6.178887,-5.730000,0.448887,0.000379
50,mobley_5518547,-5.873813,-5.570000,0.303813,0.000174
50,mobley_4883284,-5.923944,-5.490000,0.433944,0.000354
50,mobley_5220185,-4.863417,-5.450000,0.586583,0.000647
50,mobley_3359593,-5.460626,-5.260000,0.200625,0.000076
50,mobley_4683624,-5.827439,-5.210000,0.617439,0.000717
50,mobley_1636752,-3.595130,-5.100000,1.504869,0.004259
50,mobley_2310185,-4.542793,-5.000000,0.457207,0.000393
50,mobley_3682850,-3.999044,-4.910000,0.910956,0.001560
50,mobley_1363784,-4.581130,-4.840000,0.258871,0.000126
50,mobley_2837389,-4.193614,-4.780000,0.586387,0.000647
50,mobley_9507933,-4.549770,-4.720000,0.170229,0.000054
50,mobley_296847,-4.604096,-4.690000,0.085904,0.000014
50,mobley_8208692,-3.258686,-4.610000,1.351314,0.003434
50,mobley_4884177,-4.082286,-4.590000,0.507714,0.000485
50,mobley_6714389,-4.024252,-4.550000,0.525748,0.000520
50,mobley_2245668,-4.355061,-4.500000,0.144939,0.000040
50,mobley_5973402,-4.279616,-4.420000,0.140384,0.000037
50,mobley_3546460,-4.289787,-4.400000,0.110213,0.000023
50,mobley_8311303,-3.386070,-4.380000,0.993930,0.001858
50,mobley_9741965,-6.311806,-4.290000,2.021806,0.007687
50,mobley_4603202,-4.863290,-4.230000,0.633290,0.000754
50,mobley_628086,-3.972338,-4.160000,0.187661,0.000066
50,mobley_4620651,-3.535234,-4.100000,0.564765,0.000600
50,mobley_7977115,-4.181808,-4.060000,0.121808,0.000028
50,mobley_2789243,-3.601205,-4.010000,0.408795,0.000314
50,mobley_3968739,-3.942868,-3.920000,0.022867,0.000001
50,mobley_63712,-2.913471,-3.880000,0.966529,0.001757
50,mobley_1046331,-4.016494,-3.820000,0.196494,0.000073
50,mobley_1160109,-3.323157,-3.750000,0.426843,0.000343
50,mobley_4149784,-3.062215,-3.670000,0.607785,0.000695
50,mobley_397645,-3.894228,-3.640000,0.254228,0.000122
50,mobley_4690963,-4.616054,-3.540000,1.076054,0.002177
50,mobley_1967551,-3.318294,-3.500000,0.181706,0.000062
50,mobley_6733657,-2.286231,-3.440000,1.153769,0.002503
50,mobley_9565165,-3.454327,-3.350000,0.104327,0.000020
50,mobley_2487143,-3.217240,-3.280000,0.062760,0.000007
50,mobley_8449031,-2.303764,-3.220000,0.916236,0.001579
50,mobley_172879,-3.016324,-3.150000,0.133676,0.000034
50,mobley_5346580,-1.578845,-3.110000,1.531155,0.004409
50,mobley_3573480,-3.011138,-3.040000,0.028862,0.000002
50,mobley_1075836,-2.899084,-2.930000,0.030916,0.000002
50,mobley_6102880,-4.067659,-2.870000,1.197659,0.002697
50,mobley_1827204,-2.699493,-2.810000,0.110507,0.000023
50,mobley_2146331,-1.859941,-2.750000,0.890059,0.001490
50,mobley_7943327,-2.567222,-2.680000,0.112778,0.000024
50,mobley_5110043,-2.518010,-2.630000,0.111990,0.000024
50,mobley_5616693,-2.569875,-2.530000,0.039875,0.000003
50,mobley_6619554,-2.368557,-2.490000,0.121443,0.000028
50,mobley_6359156,-3.439851,-2.460000,0.979851,0.001805
50,mobley_1781152,-2.038669,-2.400000,0.361331,0.000246
50,mobley_859464,-2.618797,-2.360000,0.258797,0.000126
50,mobley_7150646,-1.805778,-2.300000,0.494222,0.000459
50,mobley_1592519,-2.739107,-2.230000,0.509107,0.000487
50,mobley_5538249,-1.571155,-2.160000,0.588845,0.000652
50,mobley_6911232,-1.574033,-2.100000,0.525967,0.000520
50,mobley_3269565,-1.415944,-2.010000,0.594056,0.000664
50,mobley_2484519,-2.972899,-1.930000,1.042899,0.002045
50,mobley_7690440,-2.298802,-1.830000,0.468802,0.000413
50,mobley_3802803,-1.634153,-1.660000,0.025847,0.000001
50,mobley_1144156,-1.261956,-1.590000,0.328044,0.000202
50,mobley_2481002,-2.710787,-1.450000,1.260787,0.002989
50,mobley_2489709,-1.194570,-1.360000,0.165430,0.000051
50,mobley_5052949,-0.675476,-1.280000,0.604524,0.000687
50,mobley_2492140,-1.199034,-1.230000,0.030966,0.000002
50,mobley_7542832,-1.062352,-1.160000,0.097648,0.000018
50,mobley_7814642,-1.768259,-1.120000,0.648259,0.000790
50,mobley_1563176,-0.867999,-0.990000,0.122001,0.000028
50,mobley_1873346,-0.642437,-0.900000,0.257563,0.000125
50,mobley_3040612,-0.474747,-0.850000,0.375253,0.000265
50,mobley_4483973,-2.006791,-0.800000,1.206791,0.002739
50,mobley_9913368,-1.757875,-0.780000,0.977875,0.001798
50,mobley_1449384,-0.514176,-0.680000,0.165824,0.000052
50,mobley_7708038,-0.641976,-0.560000,0.081976,0.000013
50,mobley_8311321,-0.096608,-0.500000,0.403392,0.000306
50,mobley_766666,-0.591429,-0.440000,0.151429,0.000043
50,mobley_5445548,-0.550315,-0.300000,0.250315,0.000118
50,mobley_9029594,-1.128561,-0.220000,0.908561,0.001552
50,mobley_3370989,-1.733145,-0.110000,1.623145,0.004954
50,mobley_627267,-0.262912,-0.030000,0.232912,0.000102
50,mobley_6250025,0.380292,0.080000,0.300292,0.000170
50,mobley_4252724,-0.403338,0.160000,0.563338,0.000597
50,mobley_7157427,0.405839,0.290000,0.115839,0.000025
50,mobley_8885088,-0.078402,0.560000,0.638402,0.000766
50,mobley_8522124,0.732933,0.710000,0.022933,0.000001
50,mobley_4678740,1.033776,1.070000,0.036224,0.000002
50,mobley_2689721,1.048431,1.230000,0.181569,0.000062
50,mobley_1662128,1.209184,1.380000,0.170816,0.000055
50,mobley_4762983,1.848711,1.660000,0.188711,0.000067
50,mobley_7732703,0.362609,1.790000,1.427391,0.003831
50,mobley_2068538,1.452813,2.000000,0.547187,0.000563
50,mobley_5157661,1.839585,2.300000,0.460415,0.000399
50,mobley_1261349,2.421643,2.510000,0.088356,0.000015
50,mobley_2328633,2.168690,2.550000,0.381310,0.000273
50,mobley_8436428,3.003158,2.830000,0.173158,0.000056
50,mobley_3060426,3.491137,2.930000,0.561137,0.000592
50,mobley_2197088,3.221261,3.160000,0.061260,0.000007
51,mobley_9534740,-21.440395,-25.469999,4.029604,0.030534
51,mobley_6239320,-24.048258,-18.059999,5.988258,0.067432
51,mobley_7794077,-15.405179,-15.460000,0.054821,0.000006
51,mobley_7415647,-13.416592,-11.950000,1.466592,0.004045
51,mobley_1728386,-11.086990,-11.000000,0.086990,0.000014
51,mobley_2269032,-10.074423,-10.210000,0.135577,0.000035
51,mobley_2913224,-7.803608,-9.940000,2.136392,0.008583
51,mobley_2659552,-9.942534,-9.760000,0.182534,0.000063
51,mobley_7176290,-9.395533,-9.620000,0.224467,0.000095
51,mobley_2295058,-9.239605,-9.510000,0.270395,0.000137
51,mobley_6055410,-10.480895,-9.400000,1.080895,0.002197
51,mobley_4639255,-9.652098,-9.300000,0.352098,0.000233
51,mobley_1417007,-4.816785,-9.010000,4.193215,0.033064
51,mobley_6115639,-9.457157,-8.700000,0.757157,0.001078
51,mobley_6353617,-7.347215,-8.260000,0.912785,0.001567
51,mobley_2725215,-9.529679,-7.980000,1.549679,0.004516
51,mobley_7039935,-7.029696,-7.670000,0.640304,0.000771
51,mobley_4059279,-7.076045,-7.580000,0.503955,0.000478
51,mobley_951560,-10.120642,-7.400000,2.720642,0.013919
51,mobley_1922649,-8.830035,-7.190000,1.640035,0.005058
51,mobley_8798016,-7.745780,-7.000000,0.745780,0.001046
51,mobley_1858644,-6.773152,-6.790000,0.016848,0.000001
51,mobley_9114381,-6.274372,-6.720000,0.445628,0.000373
51,mobley_5311804,-5.911286,-6.620000,0.708714,0.000945
51,mobley_6743808,-6.330412,-6.500000,0.169588,0.000054
51,mobley_8789864,-6.212703,-6.400000,0.187297,0.000066
51,mobley_7009711,-6.385824,-6.270000,0.115824,0.000025
51,mobley_8789465,-4.712466,-6.200000,1.487534,0.004161
51,mobley_2923700,-5.969140,-6.130000,0.160861,0.000049
51,mobley_4780078,-5.329679,-6.010000,0.680321,0.000870
51,mobley_5467162,-5.550041,-5.910000,0.359959,0.000244
51,mobley_6257907,-6.018780,-5.820000,0.198780,0.000074
51,mobley_7913234,-6.493995,-5.730000,0.763995,0.001098
51,mobley_5518547,-5.822394,-5.570000,0.252394,0.000120
51,mobley_4883284,-5.916952,-5.490000,0.426952,0.000343
51,mobley_5220185,-5.087438,-5.450000,0.362562,0.000247
51,mobley_3359593,-5.279844,-5.260000,0.019844,0.000001
51,mobley_4683624,-5.837106,-5.210000,0.627106,0.000740
51,mobley_1636752,-3.644278,-5.100000,1.455722,0.003985
51,mobley_2310185,-4.703460,-5.000000,0.296540,0.000165
51,mobley_3682850,-4.193903,-4.910000,0.716096,0.000964
51,mobley_1363784,-4.740097,-4.840000,0.099904,0.000019
51,mobley_2837389,-4.409054,-4.780000,0.370946,0.000259
51,mobley_9507933,-4.724824,-4.720000,0.004824,0.000000
51,mobley_296847,-4.813303,-4.690000,0.123303,0.000029
51,mobley_8208692,-3.583824,-4.610000,1.026176,0.001980
51,mobley_4884177,-4.244929,-4.590000,0.345071,0.000224
51,mobley_6714389,-4.095368,-4.550000,0.454632,0.000389
51,mobley_2245668,-4.681152,-4.500000,0.181152,0.000062
51,mobley_5973402,-4.616822,-4.420000,0.196822,0.000073
51,mobley_3546460,-4.630538,-4.400000,0.230538,0.000100
51,mobley_8311303,-4.048589,-4.380000,0.331411,0.000207
51,mobley_9741965,-6.843217,-4.290000,2.553217,0.012259
51,mobley_4603202,-4.987846,-4.230000,0.757846,0.001080
51,mobley_628086,-4.343831,-4.160000,0.183831,0.000064
51,mobley_4620651,-3.833936,-4.100000,0.266064,0.000133
51,mobley_7977115,-4.605764,-4.060000,0.545764,0.000560
51,mobley_2789243,-3.862587,-4.010000,0.147413,0.000041
51,mobley_3968739,-4.112720,-3.920000,0.192719,0.000070
51,mobley_63712,-3.433196,-3.880000,0.446804,0.000375
51,mobley_1046331,-4.116240,-3.820000,0.296240,0.000165
51,mobley_1160109,-3.525068,-3.750000,0.224932,0.000095
51,mobley_4149784,-3.496354,-3.670000,0.173646,0.000057
51,mobley_397645,-4.076863,-3.640000,0.436863,0.000359
51,mobley_4690963,-4.965948,-3.540000,1.425948,0.003824
51,mobley_1967551,-3.446208,-3.500000,0.053792,0.000005
51,mobley_6733657,-2.644535,-3.440000,0.795465,0.001190
51,mobley_9565165,-3.351775,-3.350000,0.001775,0.000000
51,mobley_2487143,-3.324714,-3.280000,0.044714,0.000004
51,mobley_8449031,-2.755354,-3.220000,0.464646,0.000406
51,mobley_172879,-3.117673,-3.150000,0.032327,0.000002
51,mobley_5346580,-1.747215,-3.110000,1.362785,0.003492
51,mobley_3573480,-3.126655,-3.040000,0.086655,0.000014
51,mobley_1075836,-3.121391,-2.930000,0.191391,0.000069
51,mobley_6102880,-4.121463,-2.870000,1.251463,0.002945
51,mobley_1827204,-2.858503,-2.810000,0.048503,0.000004
51,mobley_2146331,-1.989882,-2.750000,0.760118,0.001086
51,mobley_7943327,-2.805776,-2.680000,0.125776,0.000030
51,mobley_5110043,-2.554635,-2.630000,0.075366,0.000011
51,mobley_5616693,-2.878917,-2.530000,0.348917,0.000229
51,mobley_6619554,-2.636095,-2.490000,0.146095,0.000040
51,mobley_6359156,-3.861482,-2.460000,1.401482,0.003693
51,mobley_1781152,-2.241049,-2.400000,0.158951,0.000048
51,mobley_859464,-2.927998,-2.360000,0.567998,0.000607
51,mobley_7150646,-1.910178,-2.300000,0.389822,0.000286
51,mobley_1592519,-3.049903,-2.230000,0.819903,0.001264
51,mobley_5538249,-1.777331,-2.160000,0.382669,0.000275
51,mobley_6911232,-1.731485,-2.100000,0.368515,0.000255
51,mobley_3269565,-1.629542,-2.010000,0.380458,0.000272
51,mobley_2484519,-3.003721,-1.930000,1.073721,0.002168
51,mobley_7690440,-2.792154,-1.830000,0.962154,0.001741
51,mobley_3802803,-2.060122,-1.660000,0.400122,0.000301
51,mobley_1144156,-1.422218,-1.590000,0.167782,0.000053
51,mobley_2481002,-2.886857,-1.450000,1.436857,0.003882
51,mobley_2489709,-1.350453,-1.360000,0.009547,0.000000
51,mobley_5052949,-0.968988,-1.280000,0.311012,0.000182
51,mobley_2492140,-1.361362,-1.230000,0.131362,0.000032
51,mobley_7542832,-1.398269,-1.160000,0.238269,0.000107
51,mobley_7814642,-2.011824,-1.120000,0.891824,0.001496
51,mobley_1563176,-1.065957,-0.990000,0.075957,0.000011
51,mobley_1873346,-0.649657,-0.900000,0.250343,0.000118
51,mobley_3040612,-0.544498,-0.850000,0.305502,0.000176
51,mobley_4483973,-1.964411,-0.800000,1.164411,0.002550
51,mobley_9913368,-1.843796,-0.780000,1.063797,0.002128
51,mobley_1449384,-0.576943,-0.680000,0.103057,0.000020
51,mobley_7708038,-0.850894,-0.560000,0.290894,0.000159
51,mobley_8311321,-0.227229,-0.500000,0.272771,0.000140
51,mobley_766666,-0.652878,-0.440000,0.212878,0.000085
51,mobley_5445548,-0.582983,-0.300000,0.282983,0.000151
51,mobley_9029594,-1.115711,-0.220000,0.895711,0.001509
51,mobley_3370989,-1.870862,-0.110000,1.760862,0.005831
51,mobley_627267,-0.477611,-0.030000,0.447611,0.000377
51,mobley_6250025,0.170759,0.080000,0.090759,0.000015
51,mobley_4252724,-0.447036,0.160000,0.607036,0.000693
51,mobley_7157427,0.209047,0.290000,0.080953,0.000012
51,mobley_8885088,-0.110484,0.560000,0.670484,0.000845
51,mobley_8522124,0.531339,0.710000,0.178661,0.000060
51,mobley_4678740,0.911690,1.070000,0.158310,0.000047
51,mobley_2689721,0.908737,1.230000,0.321263,0.000194
51,mobley_1662128,1.154925,1.380000,0.225075,0.000095
51,mobley_4762983,1.785381,1.660000,0.125381,0.000030
51,mobley_7732703,0.313896,1.790000,1.476104,0.004097
51,mobley_2068538,1.400416,2.000000,0.599584,0.000676
51,mobley_5157661,1.757833,2.300000,0.542167,0.000553
51,mobley_1261349,2.296493,2.510000,0.213507,0.000086
51,mobley_2328633,2.001521,2.550000,0.548479,0.000566
51,mobley_8436428,2.856615,2.830000,0.026615,0.000001
51,mobley_3060426,3.321819,2.930000,0.391819,0.000289
51,mobley_2197088,3.077169,3.160000,0.082831,0.000013
52,mobley_9534740,-21.307404,-25.469999,4.162596,0.032583
52,mobley_6239320,-22.487799,-18.059999,4.427799,0.036867
52,mobley_7794077,-14.711271,-15.460000,0.748729,0.001054
52,mobley_7415647,-13.689595,-11.950000,1.739595,0.005691
52,mobley_1728386,-10.529528,-11.000000,0.470472,0.000416
52,mobley_2269032,-9.688588,-10.210000,0.521412,0.000511
52,mobley_2913224,-7.548717,-9.940000,2.391282,0.010753
52,mobley_2659552,-10.014495,-9.760000,0.254495,0.000122
52,mobley_7176290,-9.526509,-9.620000,0.093491,0.000016
52,mobley_2295058,-9.064066,-9.510000,0.445934,0.000374
52,mobley_6055410,-10.398747,-9.400000,0.998748,0.001876
52,mobley_4639255,-9.462055,-9.300000,0.162055,0.000049
52,mobley_1417007,-5.231129,-9.010000,3.778871,0.026853
52,mobley_6115639,-9.162911,-8.700000,0.462912,0.000403
52,mobley_6353617,-7.504445,-8.260000,0.755556,0.001073
52,mobley_2725215,-9.828440,-7.980000,1.848440,0.006425
52,mobley_7039935,-6.874067,-7.670000,0.795933,0.001191
52,mobley_4059279,-6.777342,-7.580000,0.802658,0.001211
52,mobley_951560,-9.650623,-7.400000,2.250623,0.009525
52,mobley_1922649,-8.952438,-7.190000,1.762438,0.005841
52,mobley_8798016,-7.650265,-7.000000,0.650265,0.000795
52,mobley_1858644,-6.643660,-6.790000,0.146340,0.000040
52,mobley_9114381,-5.969738,-6.720000,0.750262,0.001058
52,mobley_5311804,-5.823983,-6.620000,0.796017,0.001192
52,mobley_6743808,-6.219430,-6.500000,0.280570,0.000148
52,mobley_8789864,-6.292050,-6.400000,0.107950,0.000022
52,mobley_7009711,-6.162996,-6.270000,0.107004,0.000022
52,mobley_8789465,-4.569784,-6.200000,1.630216,0.004998
52,mobley_2923700,-5.938621,-6.130000,0.191380,0.000069
52,mobley_4780078,-5.257474,-6.010000,0.752526,0.001065
52,mobley_5467162,-5.633951,-5.910000,0.276049,0.000143
52,mobley_6257907,-5.880775,-5.820000,0.060775,0.000007
52,mobley_7913234,-6.265398,-5.730000,0.535398,0.000539
52,mobley_5518547,-5.751896,-5.570000,0.181896,0.000062
52,mobley_4883284,-5.783834,-5.490000,0.293834,0.000162
52,mobley_5220185,-5.211668,-5.450000,0.238331,0.000107
52,mobley_3359593,-5.373013,-5.260000,0.113013,0.000024
52,mobley_4683624,-5.791495,-5.210000,0.581495,0.000636
52,mobley_1636752,-3.634822,-5.100000,1.465178,0.004037
52,mobley_2310185,-4.621934,-5.000000,0.378066,0.000269
52,mobley_3682850,-3.996928,-4.910000,0.913071,0.001568
52,mobley_1363784,-4.751612,-4.840000,0.088388,0.000015
52,mobley_2837389,-4.380347,-4.780000,0.399653,0.000300
52,mobley_9507933,-4.727792,-4.720000,0.007792,0.000000
52,mobley_296847,-4.730182,-4.690000,0.040182,0.000003
52,mobley_8208692,-3.426702,-4.610000,1.183299,0.002633
52,mobley_4884177,-4.321610,-4.590000,0.268390,0.000135
52,mobley_6714389,-3.956958,-4.550000,0.593042,0.000661
52,mobley_2245668,-4.492523,-4.500000,0.007477,0.000000
52,mobley_5973402,-4.436068,-4.420000,0.016068,0.000000
52,mobley_3546460,-4.391923,-4.400000,0.008077,0.000000
52,mobley_8311303,-3.862571,-4.380000,0.517429,0.000503
52,mobley_9741965,-7.032248,-4.290000,2.742249,0.014141
52,mobley_4603202,-4.982749,-4.230000,0.752748,0.001066
52,mobley_628086,-4.582193,-4.160000,0.422194,0.000335
52,mobley_4620651,-3.628474,-4.100000,0.471526,0.000418
52,mobley_7977115,-4.361773,-4.060000,0.301774,0.000171
52,mobley_2789243,-3.946639,-4.010000,0.063361,0.000008
52,mobley_3968739,-3.974096,-3.920000,0.054096,0.000006
52,mobley_63712,-3.170575,-3.880000,0.709425,0.000946
52,mobley_1046331,-3.941791,-3.820000,0.121791,0.000028
52,mobley_1160109,-3.468212,-3.750000,0.281788,0.000149
52,mobley_4149784,-3.931604,-3.670000,0.261604,0.000129
52,mobley_397645,-3.954061,-3.640000,0.314061,0.000185
52,mobley_4690963,-4.762383,-3.540000,1.222383,0.002810
52,mobley_1967551,-3.312250,-3.500000,0.187750,0.000066
52,mobley_6733657,-2.600136,-3.440000,0.839864,0.001326
52,mobley_9565165,-3.173629,-3.350000,0.176371,0.000058
52,mobley_2487143,-3.316005,-3.280000,0.036005,0.000002
52,mobley_8449031,-2.594773,-3.220000,0.625227,0.000735
52,mobley_172879,-3.175766,-3.150000,0.025766,0.000001
52,mobley_5346580,-1.832421,-3.110000,1.277579,0.003069
52,mobley_3573480,-3.112244,-3.040000,0.072244,0.000010
52,mobley_1075836,-2.910843,-2.930000,0.019157,0.000001
52,mobley_6102880,-3.980775,-2.870000,1.110775,0.002320
52,mobley_1827204,-2.763423,-2.810000,0.046577,0.000004
52,mobley_2146331,-1.692477,-2.750000,1.057523,0.002103
52,mobley_7943327,-2.625829,-2.680000,0.054172,0.000006
52,mobley_5110043,-2.455477,-2.630000,0.174523,0.000057
52,mobley_5616693,-2.776306,-2.530000,0.246306,0.000114
52,mobley_6619554,-2.422584,-2.490000,0.067416,0.000009
52,mobley_6359156,-3.788185,-2.460000,1.328185,0.003317
52,mobley_1781152,-2.307385,-2.400000,0.092615,0.000016
52,mobley_859464,-2.735338,-2.360000,0.375338,0.000265
52,mobley_7150646,-1.655519,-2.300000,0.644481,0.000781
52,mobley_1592519,-2.775717,-2.230000,0.545717,0.000560
52,mobley_5538249,-1.630985,-2.160000,0.529015,0.000526
52,mobley_6911232,-1.755555,-2.100000,0.344445,0.000223
52,mobley_3269565,-1.549905,-2.010000,0.460095,0.000398
52,mobley_2484519,-2.830090,-1.930000,0.900090,0.001523
52,mobley_7690440,-2.563766,-1.830000,0.733766,0.001012
52,mobley_3802803,-2.009202,-1.660000,0.349202,0.000229
52,mobley_1144156,-1.331824,-1.590000,0.258176,0.000125
52,mobley_2481002,-2.770043,-1.450000,1.320043,0.003277
52,mobley_2489709,-1.256241,-1.360000,0.103759,0.000020
52,mobley_5052949,-0.771625,-1.280000,0.508375,0.000486
52,mobley_2492140,-1.817261,-1.230000,0.587261,0.000649
52,mobley_7542832,-1.196821,-1.160000,0.036821,0.000003
52,mobley_7814642,-2.024931,-1.120000,0.904931,0.001540
52,mobley_1563176,-0.924685,-0.990000,0.065315,0.000008
52,mobley_1873346,-0.586208,-0.900000,0.313792,0.000185
52,mobley_3040612,-0.536265,-0.850000,0.313735,0.000185
52,mobley_4483973,-1.880004,-0.800000,1.080004,0.002193
52,mobley_9913368,-1.702532,-0.780000,0.922532,0.001600
52,mobley_1449384,-0.546930,-0.680000,0.133070,0.000033
52,mobley_7708038,-0.560225,-0.560000,0.000225,0.000000
52,mobley_8311321,-0.170121,-0.500000,0.329879,0.000205
52,mobley_766666,-0.654681,-0.440000,0.214681,0.000087
52,mobley_5445548,-0.537696,-0.300000,0.237696,0.000106
52,mobley_9029594,-1.160595,-0.220000,0.940595,0.001664
52,mobley_3370989,-1.904374,-0.110000,1.794374,0.006055
52,mobley_627267,-0.258351,-0.030000,0.228351,0.000098
52,mobley_6250025,0.436765,0.080000,0.356765,0.000239
52,mobley_4252724,-0.417708,0.160000,0.577708,0.000628
52,mobley_7157427,0.389072,0.290000,0.099072,0.000018
52,mobley_8885088,-0.026846,0.560000,0.586846,0.000648
52,mobley_8522124,0.804113,0.710000,0.094113,0.000017
52,mobley_4678740,0.085903,1.070000,0.984097,0.001821
52,mobley_2689721,0.975050,1.230000,0.254950,0.000122
52,mobley_1662128,1.242462,1.380000,0.137538,0.000036
52,mobley_4762983,1.897890,1.660000,0.237890,0.000106
52,mobley_7732703,0.260160,1.790000,1.529840,0.004401
52,mobley_2068538,1.461249,2.000000,0.538751,0.000546
52,mobley_5157661,1.779271,2.300000,0.520729,0.000510
52,mobley_1261349,2.209355,2.510000,0.300645,0.000170
52,mobley_2328633,2.094294,2.550000,0.455706,0.000391
52,mobley_8436428,2.816015,2.830000,0.013985,0.000000
52,mobley_3060426,3.154574,2.930000,0.224574,0.000095
52,mobley_2197088,3.167028,3.160000,0.007028,0.000000
53,mobley_9534740,-20.672909,-25.469999,4.797091,0.043273
53,mobley_6239320,-22.169586,-18.059999,4.109587,0.031758
53,mobley_7794077,-14.450141,-15.460000,1.009859,0.001918
53,mobley_7415647,-13.087253,-11.950000,1.137253,0.002432
53,mobley_1728386,-10.739031,-11.000000,0.260969,0.000128
53,mobley_2269032,-10.049436,-10.210000,0.160564,0.000048
53,mobley_2913224,-7.822563,-9.940000,2.117436,0.008431
53,mobley_2659552,-9.755913,-9.760000,0.004087,0.000000
53,mobley_7176290,-9.306743,-9.620000,0.313257,0.000185
53,mobley_2295058,-9.118386,-9.510000,0.391614,0.000288
53,mobley_6055410,-10.478354,-9.400000,1.078355,0.002187
53,mobley_4639255,-9.288226,-9.300000,0.011774,0.000000
53,mobley_1417007,-5.022154,-9.010000,3.987846,0.029905
53,mobley_6115639,-9.816121,-8.700000,1.116121,0.002343
53,mobley_6353617,-7.543013,-8.260000,0.716988,0.000967
53,mobley_2725215,-9.103179,-7.980000,1.123179,0.002372
53,mobley_7039935,-7.069854,-7.670000,0.600146,0.000677
53,mobley_4059279,-6.602056,-7.580000,0.977944,0.001798
53,mobley_951560,-9.559885,-7.400000,2.159885,0.008773
53,mobley_1922649,-8.931149,-7.190000,1.741148,0.005701
53,mobley_8798016,-7.636658,-7.000000,0.636658,0.000762
53,mobley_1858644,-6.724364,-6.790000,0.065636,0.000008
53,mobley_9114381,-6.106542,-6.720000,0.613458,0.000708
53,mobley_5311804,-5.944532,-6.620000,0.675467,0.000858
53,mobley_6743808,-6.213422,-6.500000,0.286578,0.000154
53,mobley_8789864,-6.262307,-6.400000,0.137693,0.000036
53,mobley_7009711,-6.233019,-6.270000,0.036981,0.000003
53,mobley_8789465,-4.610221,-6.200000,1.589778,0.004753
53,mobley_2923700,-5.844704,-6.130000,0.285296,0.000153
53,mobley_4780078,-5.247618,-6.010000,0.762383,0.001093
53,mobley_5467162,-5.524285,-5.910000,0.385715,0.000280
53,mobley_6257907,-6.055795,-5.820000,0.235795,0.000105
53,mobley_7913234,-6.002861,-5.730000,0.272861,0.000140
53,mobley_5518547,-5.798502,-5.570000,0.228502,0.000098
53,mobley_4883284,-5.993504,-5.490000,0.503504,0.000477
53,mobley_5220185,-5.150444,-5.450000,0.299556,0.000169
53,mobley_3359593,-5.308437,-5.260000,0.048437,0.000004
53,mobley_4683624,-5.698365,-5.210000,0.488365,0.000448
53,mobley_1636752,-3.716207,-5.100000,1.383793,0.003601
53,mobley_2310185,-4.474923,-5.000000,0.525077,0.000518
53,mobley_3682850,-4.060868,-4.910000,0.849132,0.001356
53,mobley_1363784,-4.598872,-4.840000,0.241128,0.000109
53,mobley_2837389,-4.138662,-4.780000,0.641338,0.000773
53,mobley_9507933,-4.723596,-4.720000,0.003596,0.000000
53,mobley_296847,-4.871752,-4.690000,0.181752,0.000062
53,mobley_8208692,-3.582506,-4.610000,1.027494,0.001985
53,mobley_4884177,-4.228942,-4.590000,0.361058,0.000245
53,mobley_6714389,-4.049897,-4.550000,0.500103,0.000470
53,mobley_2245668,-4.391122,-4.500000,0.108878,0.000022
53,mobley_5973402,-4.295367,-4.420000,0.124633,0.000029
53,mobley_3546460,-4.166720,-4.400000,0.233280,0.000102
53,mobley_8311303,-4.074218,-4.380000,0.305782,0.000176
53,mobley_9741965,-6.149438,-4.290000,1.859438,0.006502
53,mobley_4603202,-4.608245,-4.230000,0.378245,0.000269
53,mobley_628086,-4.027839,-4.160000,0.132161,0.000033
53,mobley_4620651,-3.646306,-4.100000,0.453694,0.000387
53,mobley_7977115,-4.061015,-4.060000,0.001015,0.000000
53,mobley_2789243,-3.762800,-4.010000,0.247201,0.000115
53,mobley_3968739,-4.193833,-3.920000,0.273833,0.000141
53,mobley_63712,-3.101264,-3.880000,0.778736,0.001140
53,mobley_1046331,-4.172294,-3.820000,0.352294,0.000233
53,mobley_1160109,-3.409141,-3.750000,0.340859,0.000218
53,mobley_4149784,-3.678115,-3.670000,0.008115,0.000000
53,mobley_397645,-4.033588,-3.640000,0.393588,0.000291
53,mobley_4690963,-4.567596,-3.540000,1.027596,0.001986
53,mobley_1967551,-3.376536,-3.500000,0.123464,0.000029
53,mobley_6733657,-2.883590,-3.440000,0.556410,0.000582
53,mobley_9565165,-3.650099,-3.350000,0.300099,0.000169
53,mobley_2487143,-3.048358,-3.280000,0.231642,0.000101
53,mobley_8449031,-2.313732,-3.220000,0.906268,0.001544
53,mobley_172879,-3.437583,-3.150000,0.287583,0.000156
53,mobley_5346580,-1.651983,-3.110000,1.458017,0.003997
53,mobley_3573480,-2.792884,-3.040000,0.247116,0.000115
53,mobley_1075836,-2.910125,-2.930000,0.019875,0.000001
53,mobley_6102880,-4.390153,-2.870000,1.520154,0.004345
53,mobley_1827204,-2.541802,-2.810000,0.268198,0.000135
53,mobley_2146331,-1.847956,-2.750000,0.902044,0.001530
53,mobley_7943327,-2.510914,-2.680000,0.169086,0.000054
53,mobley_5110043,-2.630919,-2.630000,0.000919,0.000000
53,mobley_5616693,-2.752363,-2.530000,0.222363,0.000093
53,mobley_6619554,-2.236203,-2.490000,0.253797,0.000121
53,mobley_6359156,-4.143404,-2.460000,1.683404,0.005329
53,mobley_1781152,-2.222153,-2.400000,0.177847,0.000059
53,mobley_859464,-2.705153,-2.360000,0.345153,0.000224
53,mobley_7150646,-1.832692,-2.300000,0.467308,0.000411
53,mobley_1592519,-2.621073,-2.230000,0.391073,0.000288
53,mobley_5538249,-2.235980,-2.160000,0.075980,0.000011
53,mobley_6911232,-1.594444,-2.100000,0.505556,0.000481
53,mobley_3269565,-1.485495,-2.010000,0.524505,0.000517
53,mobley_2484519,-3.013206,-1.930000,1.083207,0.002206
53,mobley_7690440,-2.085403,-1.830000,0.255403,0.000123
53,mobley_3802803,-1.550840,-1.660000,0.109160,0.000022
53,mobley_1144156,-1.090918,-1.590000,0.499082,0.000468
53,mobley_2481002,-2.627456,-1.450000,1.177456,0.002607
53,mobley_2489709,-1.262238,-1.360000,0.097762,0.000018
53,mobley_5052949,-0.549399,-1.280000,0.730601,0.001004
53,mobley_2492140,-1.124116,-1.230000,0.105884,0.000021
53,mobley_7542832,-1.038122,-1.160000,0.121878,0.000028
53,mobley_7814642,-1.957490,-1.120000,0.837490,0.001319
53,mobley_1563176,-0.743515,-0.990000,0.246485,0.000114
53,mobley_1873346,-0.719162,-0.900000,0.180838,0.000061
53,mobley_3040612,-0.654016,-0.850000,0.195984,0.000072
53,mobley_4483973,-2.069931,-0.800000,1.269931,0.003033
53,mobley_9913368,-1.800060,-0.780000,1.020060,0.001957
53,mobley_1449384,-0.634351,-0.680000,0.045649,0.000004
53,mobley_7708038,-0.590477,-0.560000,0.030477,0.000002
53,mobley_8311321,-0.146118,-0.500000,0.353882,0.000235
53,mobley_766666,-0.565309,-0.440000,0.125309,0.000030
53,mobley_5445548,-0.690632,-0.300000,0.390632,0.000287
53,mobley_9029594,-1.150490,-0.220000,0.930490,0.001628
53,mobley_3370989,-1.771302,-0.110000,1.661302,0.005190
53,mobley_627267,-0.250153,-0.030000,0.220153,0.000091
53,mobley_6250025,0.550388,0.080000,0.470388,0.000416
53,mobley_4252724,-0.535040,0.160000,0.695040,0.000908
53,mobley_7157427,0.568648,0.290000,0.278648,0.000146
53,mobley_8885088,0.083104,0.560000,0.476896,0.000428
53,mobley_8522124,0.852156,0.710000,0.142156,0.000038
53,mobley_4678740,0.932835,1.070000,0.137165,0.000035
53,mobley_2689721,1.134948,1.230000,0.095052,0.000017
53,mobley_1662128,1.316749,1.380000,0.063251,0.000008
53,mobley_4762983,2.120704,1.660000,0.460704,0.000399
53,mobley_7732703,0.367256,1.790000,1.422744,0.003806
53,mobley_2068538,1.529746,2.000000,0.470254,0.000416
53,mobley_5157661,1.891829,2.300000,0.408171,0.000313
53,mobley_1261349,2.456271,2.510000,0.053729,0.000005
53,mobley_2328633,2.428536,2.550000,0.121464,0.000028
53,mobley_8436428,3.050470,2.830000,0.220470,0.000091
53,mobley_3060426,3.520136,2.930000,0.590136,0.000655
53,mobley_2197088,3.530647,3.160000,0.370647,0.000258
54,mobley_9534740,-21.433975,-25.469999,4.036024,0.030632
54,mobley_6239320,-23.169270,-18.059999,5.109270,0.049089
54,mobley_7794077,-14.676303,-15.460000,0.783697,0.001155
54,mobley_7415647,-12.957926,-11.950000,1.007926,0.001910
54,mobley_1728386,-10.995799,-11.000000,0.004201,0.000000
54,mobley_2269032,-9.940774,-10.210000,0.269226,0.000136
54,mobley_2913224,-7.531881,-9.940000,2.408119,0.010905
54,mobley_2659552,-9.638928,-9.760000,0.121072,0.000028
54,mobley_7176290,-9.274611,-9.620000,0.345389,0.000224
54,mobley_2295058,-9.069719,-9.510000,0.440281,0.000365
54,mobley_6055410,-10.315551,-9.400000,0.915551,0.001576
54,mobley_4639255,-9.612021,-9.300000,0.312021,0.000183
54,mobley_1417007,-4.683370,-9.010000,4.326631,0.035202
54,mobley_6115639,-9.196179,-8.700000,0.496180,0.000463
54,mobley_6353617,-7.426679,-8.260000,0.833321,0.001306
54,mobley_2725215,-8.203245,-7.980000,0.223245,0.000094
54,mobley_7039935,-6.910707,-7.670000,0.759294,0.001084
54,mobley_4059279,-6.645819,-7.580000,0.934181,0.001641
54,mobley_951560,-9.953458,-7.400000,2.553458,0.012261
54,mobley_1922649,-8.185513,-7.190000,0.995513,0.001864
54,mobley_8798016,-7.569777,-7.000000,0.569777,0.000610
54,mobley_1858644,-6.677464,-6.790000,0.112535,0.000024
54,mobley_9114381,-6.026376,-6.720000,0.693624,0.000905
54,mobley_5311804,-5.849991,-6.620000,0.770009,0.001115
54,mobley_6743808,-6.352859,-6.500000,0.147141,0.000041
54,mobley_8789864,-5.380816,-6.400000,1.019184,0.001953
54,mobley_7009711,-6.417557,-6.270000,0.147557,0.000041
54,mobley_8789465,-4.455317,-6.200000,1.744682,0.005724
54,mobley_2923700,-5.971784,-6.130000,0.158216,0.000047
54,mobley_4780078,-5.467315,-6.010000,0.542686,0.000554
54,mobley_5467162,-5.633133,-5.910000,0.276867,0.000144
54,mobley_6257907,-5.639081,-5.820000,0.180920,0.000062
54,mobley_7913234,-6.411585,-5.730000,0.681585,0.000874
54,mobley_5518547,-5.721885,-5.570000,0.151885,0.000043
54,mobley_4883284,-5.763521,-5.490000,0.273521,0.000141
54,mobley_5220185,-4.999269,-5.450000,0.450731,0.000382
54,mobley_3359593,-5.374346,-5.260000,0.114346,0.000025
54,mobley_4683624,-5.873413,-5.210000,0.663413,0.000828
54,mobley_1636752,-3.481914,-5.100000,1.618086,0.004923
54,mobley_2310185,-4.589560,-5.000000,0.410440,0.000317
54,mobley_3682850,-4.156695,-4.910000,0.753304,0.001067
54,mobley_1363784,-4.772911,-4.840000,0.067090,0.000008
54,mobley_2837389,-3.994453,-4.780000,0.785547,0.001160
54,mobley_9507933,-4.772623,-4.720000,0.052623,0.000005
54,mobley_296847,-4.466928,-4.690000,0.223072,0.000094
54,mobley_8208692,-2.813605,-4.610000,1.796395,0.006068
54,mobley_4884177,-4.135366,-4.590000,0.454634,0.000389
54,mobley_6714389,-3.935397,-4.550000,0.614603,0.000710
54,mobley_2245668,-4.567826,-4.500000,0.067826,0.000009
54,mobley_5973402,-4.484555,-4.420000,0.064555,0.000008
54,mobley_3546460,-4.522941,-4.400000,0.122941,0.000028
54,mobley_8311303,-3.220437,-4.380000,1.159564,0.002528
54,mobley_9741965,-6.550772,-4.290000,2.260772,0.009611
54,mobley_4603202,-4.726779,-4.230000,0.496779,0.000464
54,mobley_628086,-4.357687,-4.160000,0.197687,0.000073
54,mobley_4620651,-3.639705,-4.100000,0.460295,0.000398
54,mobley_7977115,-4.535892,-4.060000,0.475892,0.000426
54,mobley_2789243,-3.481637,-4.010000,0.528363,0.000525
54,mobley_3968739,-3.951672,-3.920000,0.031672,0.000002
54,mobley_63712,-3.181512,-3.880000,0.698488,0.000917
54,mobley_1046331,-3.918404,-3.820000,0.098404,0.000018
54,mobley_1160109,-3.623534,-3.750000,0.126466,0.000030
54,mobley_4149784,-2.537139,-3.670000,1.132861,0.002413
54,mobley_397645,-3.951329,-3.640000,0.311329,0.000182
54,mobley_4690963,-4.567014,-3.540000,1.027014,0.001983
54,mobley_1967551,-3.420608,-3.500000,0.079392,0.000012
54,mobley_6733657,-1.713865,-3.440000,1.726135,0.005603
54,mobley_9565165,-3.327569,-3.350000,0.022431,0.000001
54,mobley_2487143,-3.468236,-3.280000,0.188236,0.000067
54,mobley_8449031,-2.627744,-3.220000,0.592256,0.000660
54,mobley_172879,-2.659976,-3.150000,0.490024,0.000452
54,mobley_5346580,-1.912905,-3.110000,1.197094,0.002695
54,mobley_3573480,-3.293989,-3.040000,0.253989,0.000121
54,mobley_1075836,-2.856288,-2.930000,0.073712,0.000010
54,mobley_6102880,-3.924580,-2.870000,1.054580,0.002091
54,mobley_1827204,-2.875643,-2.810000,0.065643,0.000008
54,mobley_2146331,-1.695874,-2.750000,1.054126,0.002090
54,mobley_7943327,-2.630723,-2.680000,0.049277,0.000005
54,mobley_5110043,-2.662770,-2.630000,0.032770,0.000002
54,mobley_5616693,-3.056510,-2.530000,0.526510,0.000521
54,mobley_6619554,-2.427999,-2.490000,0.062001,0.000007
54,mobley_6359156,-3.345146,-2.460000,0.885146,0.001473
54,mobley_1781152,-2.209276,-2.400000,0.190724,0.000068
54,mobley_859464,-2.770248,-2.360000,0.410248,0.000316
54,mobley_7150646,-1.611502,-2.300000,0.688498,0.000891
54,mobley_1592519,-2.811863,-2.230000,0.581863,0.000637
54,mobley_5538249,-1.007316,-2.160000,1.152684,0.002499
54,mobley_6911232,-1.585225,-2.100000,0.514775,0.000498
54,mobley_3269565,-1.505099,-2.010000,0.504901,0.000479
54,mobley_2484519,-2.835451,-1.930000,0.905451,0.001542
54,mobley_7690440,-2.259415,-1.830000,0.429415,0.000347
54,mobley_3802803,-2.116060,-1.660000,0.456060,0.000391
54,mobley_1144156,-1.127734,-1.590000,0.462266,0.000402
54,mobley_2481002,-2.799859,-1.450000,1.349859,0.003426
54,mobley_2489709,-0.864711,-1.360000,0.495289,0.000461
54,mobley_5052949,-0.905055,-1.280000,0.374945,0.000264
54,mobley_2492140,-1.681840,-1.230000,0.451840,0.000384
54,mobley_7542832,-1.222453,-1.160000,0.062453,0.000007
54,mobley_7814642,-1.510229,-1.120000,0.390229,0.000286
54,mobley_1563176,-1.036546,-0.990000,0.046546,0.000004
54,mobley_1873346,-0.646358,-0.900000,0.253642,0.000121
54,mobley_3040612,-0.670861,-0.850000,0.179139,0.000060
54,mobley_4483973,-1.809444,-0.800000,1.009444,0.001916
54,mobley_9913368,-1.637487,-0.780000,0.857487,0.001383
54,mobley_1449384,-0.689796,-0.680000,0.009796,0.000000
54,mobley_7708038,-0.735104,-0.560000,0.175104,0.000058
54,mobley_8311321,-0.090480,-0.500000,0.409520,0.000315
54,mobley_766666,-0.558883,-0.440000,0.118883,0.000027
54,mobley_5445548,-0.626258,-0.300000,0.326258,0.000200
54,mobley_9029594,-0.937910,-0.220000,0.717910,0.000969
54,mobley_3370989,-1.815229,-0.110000,1.705229,0.005468
54,mobley_627267,-0.409729,-0.030000,0.379729,0.000271
54,mobley_6250025,0.256886,0.080000,0.176886,0.000059
54,mobley_4252724,-0.501830,0.160000,0.661830,0.000824
54,mobley_7157427,0.257518,0.290000,0.032482,0.000002
54,mobley_8885088,0.110861,0.560000,0.449139,0.000379
54,mobley_8522124,0.683429,0.710000,0.026571,0.000001
54,mobley_4678740,0.890192,1.070000,0.179808,0.000061
54,mobley_2689721,1.054990,1.230000,0.175010,0.000058
54,mobley_1662128,1.188988,1.380000,0.191012,0.000069
54,mobley_4762983,1.840029,1.660000,0.180029,0.000061
54,mobley_7732703,0.387373,1.790000,1.402627,0.003700
54,mobley_2068538,1.397518,2.000000,0.602482,0.000683
54,mobley_5157661,1.777162,2.300000,0.522838,0.000514
54,mobley_1261349,2.347441,2.510000,0.162559,0.000050
54,mobley_2328633,2.154806,2.550000,0.395194,0.000294
54,mobley_8436428,2.848630,2.830000,0.018631,0.000001
54,mobley_3060426,3.215641,2.930000,0.285641,0.000153
54,mobley_2197088,3.099592,3.160000,0.060408,0.000007
55,mobley_9534740,-20.979927,-25.469999,4.490072,0.037911
55,mobley_6239320,-22.691145,-18.059999,4.631145,0.040331
55,mobley_7794077,-14.990485,-15.460000,0.469515,0.000415
55,mobley_7415647,-13.337030,-11.950000,1.387031,0.003618
55,mobley_1728386,-10.854093,-11.000000,0.145907,0.000040
55,mobley_2269032,-9.663188,-10.210000,0.546812,0.000562
55,mobley_2913224,-7.619801,-9.940000,2.320199,0.010123
55,mobley_2659552,-9.662734,-9.760000,0.097266,0.000018
55,mobley_7176290,-9.419726,-9.620000,0.200274,0.000075
55,mobley_2295058,-9.095401,-9.510000,0.414599,0.000323
55,mobley_6055410,-10.019918,-9.400000,0.619919,0.000723
55,mobley_4639255,-9.390670,-9.300000,0.090670,0.000015
55,mobley_1417007,-6.408668,-9.010000,2.601333,0.012725
55,mobley_6115639,-10.132821,-8.700000,1.432821,0.003861
55,mobley_6353617,-7.270794,-8.260000,0.989206,0.001840
55,mobley_2725215,-9.496818,-7.980000,1.516818,0.004326
55,mobley_7039935,-6.694672,-7.670000,0.975328,0.001789
55,mobley_4059279,-6.400832,-7.580000,1.179168,0.002615
55,mobley_951560,-9.742109,-7.400000,2.342109,0.010315
55,mobley_1922649,-9.740081,-7.190000,2.550081,0.012228
55,mobley_8798016,-7.520681,-7.000000,0.520681,0.000510
55,mobley_1858644,-6.590514,-6.790000,0.199486,0.000075
55,mobley_9114381,-6.139752,-6.720000,0.580247,0.000633
55,mobley_5311804,-5.817457,-6.620000,0.802543,0.001211
55,mobley_6743808,-6.219687,-6.500000,0.280313,0.000148
55,mobley_8789864,-5.877731,-6.400000,0.522269,0.000513
55,mobley_7009711,-6.246494,-6.270000,0.023506,0.000001
55,mobley_8789465,-4.535347,-6.200000,1.664653,0.005211
55,mobley_2923700,-5.930167,-6.130000,0.199833,0.000075
55,mobley_4780078,-5.185255,-6.010000,0.824745,0.001279
55,mobley_5467162,-5.470440,-5.910000,0.439559,0.000363
55,mobley_6257907,-5.970095,-5.820000,0.150095,0.000042
55,mobley_7913234,-5.982501,-5.730000,0.252501,0.000120
55,mobley_5518547,-5.632859,-5.570000,0.062859,0.000007
55,mobley_4883284,-5.739750,-5.490000,0.249751,0.000117
55,mobley_5220185,-4.876798,-5.450000,0.573202,0.000618
55,mobley_3359593,-5.116523,-5.260000,0.143477,0.000039
55,mobley_4683624,-5.778235,-5.210000,0.568235,0.000607
55,mobley_1636752,-3.523207,-5.100000,1.576793,0.004675
55,mobley_2310185,-4.504776,-5.000000,0.495224,0.000461
55,mobley_3682850,-4.033815,-4.910000,0.876184,0.001444
55,mobley_1363784,-4.528718,-4.840000,0.311282,0.000182
55,mobley_2837389,-4.232889,-4.780000,0.547111,0.000563
55,mobley_9507933,-4.562325,-4.720000,0.157675,0.000047
55,mobley_296847,-4.479821,-4.690000,0.210179,0.000083
55,mobley_8208692,-4.242150,-4.610000,0.367850,0.000254
55,mobley_4884177,-4.045282,-4.590000,0.544718,0.000558
55,mobley_6714389,-3.999600,-4.550000,0.550400,0.000570
55,mobley_2245668,-4.378046,-4.500000,0.121954,0.000028
55,mobley_5973402,-4.297868,-4.420000,0.122132,0.000028
55,mobley_3546460,-4.298013,-4.400000,0.101987,0.000020
55,mobley_8311303,-4.413754,-4.380000,0.033753,0.000002
55,mobley_9741965,-5.872708,-4.290000,1.582708,0.004710
55,mobley_4603202,-4.551425,-4.230000,0.321424,0.000194
55,mobley_628086,-4.432436,-4.160000,0.272436,0.000140
55,mobley_4620651,-3.579605,-4.100000,0.520395,0.000509
55,mobley_7977115,-4.118652,-4.060000,0.058652,0.000006
55,mobley_2789243,-3.777705,-4.010000,0.232295,0.000101
55,mobley_3968739,-3.952141,-3.920000,0.032140,0.000002
55,mobley_63712,-3.062034,-3.880000,0.817966,0.001258
55,mobley_1046331,-3.933751,-3.820000,0.113751,0.000024
55,mobley_1160109,-3.426307,-3.750000,0.323693,0.000197
55,mobley_4149784,-2.948861,-3.670000,0.721139,0.000978
55,mobley_397645,-3.894924,-3.640000,0.254924,0.000122
55,mobley_4690963,-4.425473,-3.540000,0.885473,0.001474
55,mobley_1967551,-3.341383,-3.500000,0.158617,0.000047
55,mobley_6733657,-3.803205,-3.440000,0.363205,0.000248
55,mobley_9565165,-3.129777,-3.350000,0.220223,0.000091
55,mobley_2487143,-3.144611,-3.280000,0.135389,0.000034
55,mobley_8449031,-2.450208,-3.220000,0.769792,0.001114
55,mobley_172879,-2.569934,-3.150000,0.580066,0.000633
55,mobley_5346580,-1.650019,-3.110000,1.459981,0.004008
55,mobley_3573480,-2.955512,-3.040000,0.084488,0.000013
55,mobley_1075836,-2.818886,-2.930000,0.111115,0.000023
55,mobley_6102880,-3.851991,-2.870000,0.981991,0.001813
55,mobley_1827204,-2.715740,-2.810000,0.094260,0.000017
55,mobley_2146331,-1.809430,-2.750000,0.940570,0.001664
55,mobley_7943327,-2.563564,-2.680000,0.116436,0.000025
55,mobley_5110043,-2.273547,-2.630000,0.356453,0.000239
55,mobley_5616693,-2.742058,-2.530000,0.212058,0.000085
55,mobley_6619554,-2.359554,-2.490000,0.130446,0.000032
55,mobley_6359156,-4.092677,-2.460000,1.632677,0.005013
55,mobley_1781152,-2.062134,-2.400000,0.337867,0.000215
55,mobley_859464,-2.504411,-2.360000,0.144411,0.000039
55,mobley_7150646,-1.667460,-2.300000,0.632540,0.000752
55,mobley_1592519,-2.715821,-2.230000,0.485821,0.000444
55,mobley_5538249,-1.987203,-2.160000,0.172797,0.000056
55,mobley_6911232,-1.587468,-2.100000,0.512532,0.000494
55,mobley_3269565,-1.422945,-2.010000,0.587054,0.000648
55,mobley_2484519,-2.820230,-1.930000,0.890230,0.001490
55,mobley_7690440,-2.150747,-1.830000,0.320747,0.000193
55,mobley_3802803,-1.539174,-1.660000,0.120826,0.000027
55,mobley_1144156,-1.029193,-1.590000,0.560807,0.000591
55,mobley_2481002,-2.773889,-1.450000,1.323889,0.003296
55,mobley_2489709,-1.360509,-1.360000,0.000509,0.000000
55,mobley_5052949,-0.671857,-1.280000,0.608143,0.000695
55,mobley_2492140,-2.135750,-1.230000,0.905750,0.001543
55,mobley_7542832,-1.077482,-1.160000,0.082518,0.000013
55,mobley_7814642,-2.011855,-1.120000,0.891855,0.001496
55,mobley_1563176,-0.825170,-0.990000,0.164830,0.000051
55,mobley_1873346,-0.589652,-0.900000,0.310348,0.000181
55,mobley_3040612,-0.523285,-0.850000,0.326715,0.000201
55,mobley_4483973,-1.808560,-0.800000,1.008560,0.001913
55,mobley_9913368,-1.726148,-0.780000,0.946148,0.001683
55,mobley_1449384,-0.499252,-0.680000,0.180748,0.000061
55,mobley_7708038,-0.684536,-0.560000,0.124536,0.000029
55,mobley_8311321,-0.128537,-0.500000,0.371463,0.000259
55,mobley_766666,-0.751153,-0.440000,0.311153,0.000182
55,mobley_5445548,-0.538105,-0.300000,0.238105,0.000107
55,mobley_9029594,-0.916780,-0.220000,0.696780,0.000913
55,mobley_3370989,-1.868581,-0.110000,1.758581,0.005816
55,mobley_627267,-0.230416,-0.030000,0.200416,0.000076
55,mobley_6250025,0.325090,0.080000,0.245090,0.000113
55,mobley_4252724,-0.327058,0.160000,0.487058,0.000446
55,mobley_7157427,0.402631,0.290000,0.112631,0.000024
55,mobley_8885088,-0.015358,0.560000,0.575358,0.000623
55,mobley_8522124,0.656639,0.710000,0.053361,0.000005
55,mobley_4678740,-0.106918,1.070000,1.176918,0.002605
55,mobley_2689721,0.980125,1.230000,0.249875,0.000117
55,mobley_1662128,1.168394,1.380000,0.211606,0.000084
55,mobley_4762983,1.855721,1.660000,0.195721,0.000072
55,mobley_7732703,0.264388,1.790000,1.525612,0.004377
55,mobley_2068538,1.430625,2.000000,0.569375,0.000610
55,mobley_5157661,1.850348,2.300000,0.449652,0.000380
55,mobley_1261349,2.526595,2.510000,0.016595,0.000001
55,mobley_2328633,2.127284,2.550000,0.422716,0.000336
55,mobley_8436428,2.919942,2.830000,0.089942,0.000015
55,mobley_3060426,3.499247,2.930000,0.569247,0.000609
55,mobley_2197088,3.148584,3.160000,0.011416,0.000000
56,mobley_9534740,-20.924498,-25.469999,4.545502,0.038853
56,mobley_6239320,-21.764086,-18.059999,3.704086,0.025800
56,mobley_7794077,-14.312188,-15.460000,1.147812,0.002477
56,mobley_7415647,-12.762352,-11.950000,0.812352,0.001241
56,mobley_1728386,-11.083781,-11.000000,0.083781,0.000013
56,mobley_2269032,-10.867236,-10.210000,0.657236,0.000812
56,mobley_2913224,-7.986777,-9.940000,1.953223,0.007174
56,mobley_2659552,-10.054093,-9.760000,0.294093,0.000163
56,mobley_7176290,-9.153172,-9.620000,0.466828,0.000410
56,mobley_2295058,-9.629106,-9.510000,0.119105,0.000027
56,mobley_6055410,-10.846591,-9.400000,1.446591,0.003935
56,mobley_4639255,-9.227755,-9.300000,0.072246,0.000010
56,mobley_1417007,-5.456974,-9.010000,3.553026,0.023739
56,mobley_6115639,-9.867921,-8.700000,1.167921,0.002565
56,mobley_6353617,-7.935143,-8.260000,0.324857,0.000198
56,mobley_2725215,-9.855606,-7.980000,1.875606,0.006615
56,mobley_7039935,-7.986259,-7.670000,0.316258,0.000188
56,mobley_4059279,-6.776667,-7.580000,0.803333,0.001214
56,mobley_951560,-9.598069,-7.400000,2.198069,0.009085
56,mobley_1922649,-8.828431,-7.190000,1.638431,0.005048
56,mobley_8798016,-8.258730,-7.000000,1.258730,0.002979
56,mobley_1858644,-7.318764,-6.790000,0.528764,0.000526
56,mobley_9114381,-6.052738,-6.720000,0.667262,0.000837
56,mobley_5311804,-6.386863,-6.620000,0.233137,0.000102
56,mobley_6743808,-6.601043,-6.500000,0.101043,0.000019
56,mobley_8789864,-6.179759,-6.400000,0.220241,0.000091
56,mobley_7009711,-6.613333,-6.270000,0.343333,0.000222
56,mobley_8789465,-5.092514,-6.200000,1.107486,0.002306
56,mobley_2923700,-6.658115,-6.130000,0.528115,0.000524
56,mobley_4780078,-5.710021,-6.010000,0.299979,0.000169
56,mobley_5467162,-6.148553,-5.910000,0.238554,0.000107
56,mobley_6257907,-6.321710,-5.820000,0.501709,0.000473
56,mobley_7913234,-6.411659,-5.730000,0.681659,0.000874
56,mobley_5518547,-6.393288,-5.570000,0.823287,0.001275
56,mobley_4883284,-6.559375,-5.490000,1.069376,0.002150
56,mobley_5220185,-5.344109,-5.450000,0.105891,0.000021
56,mobley_3359593,-5.900989,-5.260000,0.640988,0.000773
56,mobley_4683624,-6.611346,-5.210000,1.401346,0.003693
56,mobley_1636752,-3.505987,-5.100000,1.594013,0.004778
56,mobley_2310185,-4.526717,-5.000000,0.473283,0.000421
56,mobley_3682850,-4.296580,-4.910000,0.613420,0.000708
56,mobley_1363784,-4.927861,-4.840000,0.087861,0.000015
56,mobley_2837389,-4.592005,-4.780000,0.187995,0.000066
56,mobley_9507933,-5.028637,-4.720000,0.308637,0.000179
56,mobley_296847,-5.236584,-4.690000,0.546584,0.000562
56,mobley_8208692,-3.175642,-4.610000,1.434358,0.003869
56,mobley_4884177,-4.787862,-4.590000,0.197862,0.000074
56,mobley_6714389,-3.968718,-4.550000,0.581282,0.000635
56,mobley_2245668,-4.453074,-4.500000,0.046926,0.000004
56,mobley_5973402,-4.571179,-4.420000,0.151179,0.000043
56,mobley_3546460,-4.663970,-4.400000,0.263970,0.000131
56,mobley_8311303,-3.720703,-4.380000,0.659297,0.000817
56,mobley_9741965,-5.946392,-4.290000,1.656392,0.005159
56,mobley_4603202,-4.534407,-4.230000,0.304407,0.000174
56,mobley_628086,-4.205997,-4.160000,0.045997,0.000004
56,mobley_4620651,-3.692564,-4.100000,0.407436,0.000312
56,mobley_7977115,-4.438379,-4.060000,0.378379,0.000269
56,mobley_2789243,-3.980088,-4.010000,0.029913,0.000002
56,mobley_3968739,-4.559748,-3.920000,0.639748,0.000770
56,mobley_63712,-3.294363,-3.880000,0.585637,0.000645
56,mobley_1046331,-4.487301,-3.820000,0.667301,0.000837
56,mobley_1160109,-3.735074,-3.750000,0.014926,0.000000
56,mobley_4149784,-2.965664,-3.670000,0.704336,0.000933
56,mobley_397645,-4.509421,-3.640000,0.869421,0.001421
56,mobley_4690963,-4.754520,-3.540000,1.214520,0.002774
56,mobley_1967551,-3.385537,-3.500000,0.114463,0.000025
56,mobley_6733657,-2.283961,-3.440000,1.156039,0.002513
56,mobley_9565165,-4.608343,-3.350000,1.258343,0.002978
56,mobley_2487143,-3.414484,-3.280000,0.134484,0.000034
56,mobley_8449031,-2.671116,-3.220000,0.548884,0.000567
56,mobley_172879,-3.872470,-3.150000,0.722470,0.000982
56,mobley_5346580,-1.729951,-3.110000,1.380049,0.003581
56,mobley_3573480,-3.296173,-3.040000,0.256173,0.000123
56,mobley_1075836,-2.918714,-2.930000,0.011286,0.000000
56,mobley_6102880,-5.116178,-2.870000,2.246178,0.009487
56,mobley_1827204,-3.023169,-2.810000,0.213169,0.000085
56,mobley_2146331,-1.772317,-2.750000,0.977683,0.001797
56,mobley_7943327,-2.644740,-2.680000,0.035260,0.000002
56,mobley_5110043,-3.507046,-2.630000,0.877046,0.001446
56,mobley_5616693,-3.184693,-2.530000,0.654693,0.000806
56,mobley_6619554,-2.631056,-2.490000,0.141056,0.000037
56,mobley_6359156,-4.358355,-2.460000,1.898355,0.006777
56,mobley_1781152,-2.224755,-2.400000,0.175245,0.000058
56,mobley_859464,-2.695058,-2.360000,0.335058,0.000211
56,mobley_7150646,-2.023412,-2.300000,0.276588,0.000144
56,mobley_1592519,-3.073581,-2.230000,0.843581,0.001338
56,mobley_5538249,-1.881555,-2.160000,0.278445,0.000146
56,mobley_6911232,-1.726529,-2.100000,0.373471,0.000262
56,mobley_3269565,-1.679839,-2.010000,0.330161,0.000205
56,mobley_2484519,-3.235806,-1.930000,1.305806,0.003206
56,mobley_7690440,-2.150556,-1.830000,0.320556,0.000193
56,mobley_3802803,-1.963401,-1.660000,0.303401,0.000173
56,mobley_1144156,-1.202190,-1.590000,0.387810,0.000283
56,mobley_2481002,-2.777556,-1.450000,1.327556,0.003314
56,mobley_2489709,-1.533707,-1.360000,0.173707,0.000057
56,mobley_5052949,-1.146572,-1.280000,0.133428,0.000033
56,mobley_2492140,-2.028141,-1.230000,0.798141,0.001198
56,mobley_7542832,-1.413867,-1.160000,0.253867,0.000121
56,mobley_7814642,-1.629008,-1.120000,0.509008,0.000487
56,mobley_1563176,-1.180918,-0.990000,0.190918,0.000069
56,mobley_1873346,-1.200632,-0.900000,0.300632,0.000170
56,mobley_3040612,-1.164207,-0.850000,0.314207,0.000186
56,mobley_4483973,-2.422976,-0.800000,1.622976,0.004953
56,mobley_9913368,-1.722502,-0.780000,0.942502,0.001670
56,mobley_1449384,-1.226114,-0.680000,0.546114,0.000561
56,mobley_7708038,-0.831618,-0.560000,0.271618,0.000139
56,mobley_8311321,-0.119937,-0.500000,0.380063,0.000272
56,mobley_766666,-0.654665,-0.440000,0.214665,0.000087
56,mobley_5445548,-1.285437,-0.300000,0.985437,0.001826
56,mobley_9029594,-1.161097,-0.220000,0.941097,0.001665
56,mobley_3370989,-1.802937,-0.110000,1.692937,0.005389
56,mobley_627267,-0.456387,-0.030000,0.426387,0.000342
56,mobley_6250025,-0.077942,0.080000,0.157942,0.000047
56,mobley_4252724,-1.251397,0.160000,1.411397,0.003746
56,mobley_7157427,-0.061987,0.290000,0.351987,0.000233
56,mobley_8885088,-0.321515,0.560000,0.881515,0.001461
56,mobley_8522124,0.273679,0.710000,0.436321,0.000358
56,mobley_4678740,0.289657,1.070000,0.780343,0.001145
56,mobley_2689721,0.561368,1.230000,0.668632,0.000841
56,mobley_1662128,0.874243,1.380000,0.505757,0.000481
56,mobley_4762983,1.306953,1.660000,0.353047,0.000234
56,mobley_7732703,0.407101,1.790000,1.382899,0.003596
56,mobley_2068538,1.199587,2.000000,0.800413,0.001205
56,mobley_5157661,1.564052,2.300000,0.735948,0.001018
56,mobley_1261349,2.268818,2.510000,0.241182,0.000109
56,mobley_2328633,1.457178,2.550000,1.092821,0.002246
56,mobley_8436428,2.506706,2.830000,0.323294,0.000197
56,mobley_3060426,3.025540,2.930000,0.095540,0.000017
56,mobley_2197088,2.441432,3.160000,0.718568,0.000971
57,mobley_9534740,-19.845470,-25.469999,5.624529,0.059489
57,mobley_6239320,-21.087780,-18.059999,3.027781,0.017239
57,mobley_7794077,-13.174615,-15.460000,2.285385,0.009822
57,mobley_7415647,-12.618410,-11.950000,0.668410,0.000840
57,mobley_1728386,-10.545640,-11.000000,0.454360,0.000388
57,mobley_2269032,-9.461789,-10.210000,0.748211,0.001053
57,mobley_2913224,-6.894726,-9.940000,3.045273,0.017439
57,mobley_2659552,-9.342642,-9.760000,0.417358,0.000328
57,mobley_7176290,-9.299766,-9.620000,0.320234,0.000193
57,mobley_2295058,-9.016702,-9.510000,0.493299,0.000458
57,mobley_6055410,-9.724172,-9.400000,0.324172,0.000198
57,mobley_4639255,-9.166764,-9.300000,0.133236,0.000033
57,mobley_1417007,-4.415552,-9.010000,4.594449,0.039694
57,mobley_6115639,-9.431184,-8.700000,0.731184,0.001005
57,mobley_6353617,-7.918268,-8.260000,0.341732,0.000220
57,mobley_2725215,-8.481295,-7.980000,0.501295,0.000473
57,mobley_7039935,-7.043747,-7.670000,0.626253,0.000737
57,mobley_4059279,-5.736685,-7.580000,1.843315,0.006389
57,mobley_951560,-8.838426,-7.400000,1.438426,0.003891
57,mobley_1922649,-8.085868,-7.190000,0.895868,0.001509
57,mobley_8798016,-8.007184,-7.000000,1.007184,0.001908
57,mobley_1858644,-6.574566,-6.790000,0.215434,0.000087
57,mobley_9114381,-5.693420,-6.720000,1.026580,0.001982
57,mobley_5311804,-5.788632,-6.620000,0.831367,0.001300
57,mobley_6743808,-6.258725,-6.500000,0.241275,0.000109
57,mobley_8789864,-5.250628,-6.400000,1.149372,0.002484
57,mobley_7009711,-6.446190,-6.270000,0.176190,0.000058
57,mobley_8789465,-4.824998,-6.200000,1.375001,0.003555
57,mobley_2923700,-6.097030,-6.130000,0.032970,0.000002
57,mobley_4780078,-5.663612,-6.010000,0.346388,0.000226
57,mobley_5467162,-5.744209,-5.910000,0.165791,0.000052
57,mobley_6257907,-5.877936,-5.820000,0.057936,0.000006
57,mobley_7913234,-5.885927,-5.730000,0.155927,0.000046
57,mobley_5518547,-5.822908,-5.570000,0.252908,0.000120
57,mobley_4883284,-5.901911,-5.490000,0.411911,0.000319
57,mobley_5220185,-5.095498,-5.450000,0.354502,0.000236
57,mobley_3359593,-5.369459,-5.260000,0.109458,0.000023
57,mobley_4683624,-5.970653,-5.210000,0.760653,0.001088
57,mobley_1636752,-3.553758,-5.100000,1.546242,0.004496
57,mobley_2310185,-4.554149,-5.000000,0.445851,0.000374
57,mobley_3682850,-3.840242,-4.910000,1.069758,0.002152
57,mobley_1363784,-5.086173,-4.840000,0.246173,0.000114
57,mobley_2837389,-4.938829,-4.780000,0.158829,0.000047
57,mobley_9507933,-5.046513,-4.720000,0.326513,0.000200
57,mobley_296847,-5.318297,-4.690000,0.628297,0.000742
57,mobley_8208692,-2.706112,-4.610000,1.903888,0.006816
57,mobley_4884177,-4.715022,-4.590000,0.125022,0.000029
57,mobley_6714389,-3.858624,-4.550000,0.691376,0.000899
57,mobley_2245668,-4.602572,-4.500000,0.102572,0.000020
57,mobley_5973402,-4.408919,-4.420000,0.011081,0.000000
57,mobley_3546460,-4.263917,-4.400000,0.136083,0.000035
57,mobley_8311303,-2.980337,-4.380000,1.399663,0.003684
57,mobley_9741965,-5.863058,-4.290000,1.573058,0.004653
57,mobley_4603202,-4.239080,-4.230000,0.009080,0.000000
57,mobley_628086,-3.339716,-4.160000,0.820284,0.001265
57,mobley_4620651,-3.419263,-4.100000,0.680737,0.000871
57,mobley_7977115,-4.165724,-4.060000,0.105724,0.000021
57,mobley_2789243,-4.013007,-4.010000,0.003007,0.000000
57,mobley_3968739,-3.872564,-3.920000,0.047436,0.000004
57,mobley_63712,-2.771842,-3.880000,1.108159,0.002309
57,mobley_1046331,-3.822456,-3.820000,0.002456,0.000000
57,mobley_1160109,-3.413633,-3.750000,0.336367,0.000213
57,mobley_4149784,-2.910805,-3.670000,0.759195,0.001084
57,mobley_397645,-3.783254,-3.640000,0.143254,0.000039
57,mobley_4690963,-4.294092,-3.540000,0.754092,0.001069
57,mobley_1967551,-3.431543,-3.500000,0.068457,0.000009
57,mobley_6733657,-1.668606,-3.440000,1.771394,0.005901
57,mobley_9565165,-3.077526,-3.350000,0.272474,0.000140
57,mobley_2487143,-3.121837,-3.280000,0.158163,0.000047
57,mobley_8449031,-2.386368,-3.220000,0.833632,0.001307
57,mobley_172879,-2.842839,-3.150000,0.307161,0.000177
57,mobley_5346580,-1.865912,-3.110000,1.244088,0.002910
57,mobley_3573480,-2.895418,-3.040000,0.144582,0.000039
57,mobley_1075836,-2.832181,-2.930000,0.097819,0.000018
57,mobley_6102880,-3.981095,-2.870000,1.111095,0.002321
57,mobley_1827204,-2.667246,-2.810000,0.142754,0.000038
57,mobley_2146331,-1.864546,-2.750000,0.885454,0.001474
57,mobley_7943327,-2.561556,-2.680000,0.118444,0.000026
57,mobley_5110043,-2.575718,-2.630000,0.054282,0.000006
57,mobley_5616693,-2.798779,-2.530000,0.268779,0.000136
57,mobley_6619554,-2.287741,-2.490000,0.202259,0.000077
57,mobley_6359156,-3.412579,-2.460000,0.952579,0.001706
57,mobley_1781152,-1.953558,-2.400000,0.446442,0.000375
57,mobley_859464,-2.496009,-2.360000,0.136009,0.000035
57,mobley_7150646,-2.183629,-2.300000,0.116371,0.000025
57,mobley_1592519,-2.648454,-2.230000,0.418454,0.000329
57,mobley_5538249,-1.405560,-2.160000,0.754440,0.001070
57,mobley_6911232,-1.570583,-2.100000,0.529417,0.000527
57,mobley_3269565,-1.591884,-2.010000,0.418116,0.000329
57,mobley_2484519,-2.799914,-1.930000,0.869914,0.001423
57,mobley_7690440,-2.123124,-1.830000,0.293124,0.000162
57,mobley_3802803,-1.526754,-1.660000,0.133246,0.000033
57,mobley_1144156,-1.179371,-1.590000,0.410629,0.000317
57,mobley_2481002,-2.698517,-1.450000,1.248517,0.002931
57,mobley_2489709,-1.294432,-1.360000,0.065568,0.000008
57,mobley_5052949,-0.761435,-1.280000,0.518565,0.000506
57,mobley_2492140,-2.211574,-1.230000,0.981574,0.001812
57,mobley_7542832,-1.124413,-1.160000,0.035587,0.000002
57,mobley_7814642,-1.595045,-1.120000,0.475045,0.000424
57,mobley_1563176,-0.822744,-0.990000,0.167256,0.000053
57,mobley_1873346,-0.786479,-0.900000,0.113521,0.000024
57,mobley_3040612,-0.546260,-0.850000,0.303740,0.000173
57,mobley_4483973,-1.964563,-0.800000,1.164563,0.002550
57,mobley_9913368,-1.724479,-0.780000,0.944479,0.001677
57,mobley_1449384,-0.681876,-0.680000,0.001876,0.000000
57,mobley_7708038,-0.845833,-0.560000,0.285833,0.000154
57,mobley_8311321,-0.043372,-0.500000,0.456628,0.000392
57,mobley_766666,-0.604481,-0.440000,0.164481,0.000051
57,mobley_5445548,-0.733227,-0.300000,0.433227,0.000353
57,mobley_9029594,-1.004104,-0.220000,0.784104,0.001156
57,mobley_3370989,-1.539922,-0.110000,1.429922,0.003845
57,mobley_627267,-0.496188,-0.030000,0.466188,0.000409
57,mobley_6250025,0.307576,0.080000,0.227576,0.000097
57,mobley_4252724,-0.484857,0.160000,0.644857,0.000782
57,mobley_7157427,0.464882,0.290000,0.174882,0.000058
57,mobley_8885088,-0.182292,0.560000,0.742292,0.001036
57,mobley_8522124,0.475774,0.710000,0.234226,0.000103
57,mobley_4678740,0.522291,1.070000,0.547709,0.000564
57,mobley_2689721,0.923812,1.230000,0.306188,0.000176
57,mobley_1662128,0.947614,1.380000,0.432386,0.000352
57,mobley_4762983,1.703086,1.660000,0.043086,0.000003
57,mobley_7732703,0.428400,1.790000,1.361600,0.003486
57,mobley_2068538,1.212849,2.000000,0.787151,0.001165
57,mobley_5157661,1.531909,2.300000,0.768091,0.001109
57,mobley_1261349,2.061846,2.510000,0.448154,0.000378
57,mobley_2328633,2.050639,2.550000,0.499361,0.000469
57,mobley_8436428,2.529630,2.830000,0.300370,0.000170
57,mobley_3060426,3.006044,2.930000,0.076044,0.000011
57,mobley_2197088,3.027522,3.160000,0.132478,0.000033
58,mobley_9534740,-23.581491,-25.469999,1.888508,0.006707
58,mobley_6239320,-24.273386,-18.059999,6.213387,0.072597
58,mobley_7794077,-15.888610,-15.460000,0.428610,0.000345
58,mobley_7415647,-13.083457,-11.950000,1.133457,0.002416
58,mobley_1728386,-11.501859,-11.000000,0.501859,0.000474
58,mobley_2269032,-10.878614,-10.210000,0.668614,0.000841
58,mobley_2913224,-8.381243,-9.940000,1.558757,0.004569
58,mobley_2659552,-10.263079,-9.760000,0.503078,0.000476
58,mobley_7176290,-9.146667,-9.620000,0.473332,0.000421
58,mobley_2295058,-9.476168,-9.510000,0.033833,0.000002
58,mobley_6055410,-11.123466,-9.400000,1.723466,0.005586
58,mobley_4639255,-10.268332,-9.300000,0.968332,0.001763
58,mobley_1417007,-5.595386,-9.010000,3.414614,0.021925
58,mobley_6115639,-8.415013,-8.700000,0.284986,0.000153
58,mobley_6353617,-8.046582,-8.260000,0.213418,0.000086
58,mobley_2725215,-9.258280,-7.980000,1.278280,0.003073
58,mobley_7039935,-7.828028,-7.670000,0.158028,0.000047
58,mobley_4059279,-7.080251,-7.580000,0.499749,0.000470
58,mobley_951560,-10.363612,-7.400000,2.963612,0.016516
58,mobley_1922649,-7.400636,-7.190000,0.210636,0.000083
58,mobley_8798016,-8.130148,-7.000000,1.130148,0.002402
58,mobley_1858644,-7.365546,-6.790000,0.575546,0.000623
58,mobley_9114381,-6.366480,-6.720000,0.353520,0.000235
58,mobley_5311804,-6.487466,-6.620000,0.132534,0.000033
58,mobley_6743808,-6.491800,-6.500000,0.008200,0.000000
58,mobley_8789864,-5.805018,-6.400000,0.594982,0.000666
58,mobley_7009711,-6.689160,-6.270000,0.419160,0.000330
58,mobley_8789465,-4.947307,-6.200000,1.252693,0.002951
58,mobley_2923700,-6.327197,-6.130000,0.197196,0.000073
58,mobley_4780078,-5.858215,-6.010000,0.151785,0.000043
58,mobley_5467162,-6.020584,-5.910000,0.110584,0.000023
58,mobley_6257907,-6.234060,-5.820000,0.414060,0.000322
58,mobley_7913234,-7.084639,-5.730000,1.354639,0.003451
58,mobley_5518547,-5.976991,-5.570000,0.406991,0.000311
58,mobley_4883284,-6.064260,-5.490000,0.574260,0.000620
58,mobley_5220185,-5.579052,-5.450000,0.129052,0.000031
58,mobley_3359593,-5.922792,-5.260000,0.662792,0.000826
58,mobley_4683624,-6.316335,-5.210000,1.106335,0.002302
58,mobley_1636752,-3.661405,-5.100000,1.438595,0.003892
58,mobley_2310185,-4.792655,-5.000000,0.207345,0.000081
58,mobley_3682850,-4.608319,-4.910000,0.301681,0.000171
58,mobley_1363784,-5.082513,-4.840000,0.242513,0.000111
58,mobley_2837389,-4.952754,-4.780000,0.172753,0.000056
58,mobley_9507933,-4.994067,-4.720000,0.274067,0.000141
58,mobley_296847,-5.030563,-4.690000,0.340563,0.000218
58,mobley_8208692,-3.096056,-4.610000,1.513944,0.004310
58,mobley_4884177,-4.659051,-4.590000,0.069051,0.000009
58,mobley_6714389,-4.203737,-4.550000,0.346263,0.000225
58,mobley_2245668,-4.792229,-4.500000,0.292229,0.000161
58,mobley_5973402,-4.786793,-4.420000,0.366793,0.000253
58,mobley_3546460,-4.832767,-4.400000,0.432766,0.000352
58,mobley_8311303,-3.665166,-4.380000,0.714834,0.000961
58,mobley_9741965,-5.220944,-4.290000,0.930944,0.001630
58,mobley_4603202,-5.240165,-4.230000,1.010165,0.001919
58,mobley_628086,-4.760387,-4.160000,0.600388,0.000678
58,mobley_4620651,-4.110322,-4.100000,0.010322,0.000000
58,mobley_7977115,-4.717861,-4.060000,0.657861,0.000814
58,mobley_2789243,-4.311429,-4.010000,0.301428,0.000171
58,mobley_3968739,-4.412536,-3.920000,0.492536,0.000456
58,mobley_63712,-3.785847,-3.880000,0.094153,0.000017
58,mobley_1046331,-4.387305,-3.820000,0.567305,0.000605
58,mobley_1160109,-4.417764,-3.750000,0.667764,0.000839
58,mobley_4149784,-4.136574,-3.670000,0.466574,0.000409
58,mobley_397645,-4.550547,-3.640000,0.910547,0.001559
58,mobley_4690963,-5.460781,-3.540000,1.920781,0.006938
58,mobley_1967551,-3.474239,-3.500000,0.025761,0.000001
58,mobley_6733657,-2.344160,-3.440000,1.095840,0.002258
58,mobley_9565165,-4.196212,-3.350000,0.846212,0.001347
58,mobley_2487143,-3.446945,-3.280000,0.166945,0.000052
58,mobley_8449031,-3.276055,-3.220000,0.056055,0.000006
58,mobley_172879,-3.811876,-3.150000,0.661876,0.000824
58,mobley_5346580,-1.965055,-3.110000,1.144945,0.002465
58,mobley_3573480,-3.255862,-3.040000,0.215862,0.000088
58,mobley_1075836,-3.059229,-2.930000,0.129229,0.000031
58,mobley_6102880,-4.834069,-2.870000,1.964069,0.007254
58,mobley_1827204,-3.133272,-2.810000,0.323272,0.000197
58,mobley_2146331,-1.723180,-2.750000,1.026820,0.001983
58,mobley_7943327,-3.081029,-2.680000,0.401029,0.000302
58,mobley_5110043,-3.271762,-2.630000,0.641762,0.000774
58,mobley_5616693,-3.697469,-2.530000,1.167469,0.002563
58,mobley_6619554,-3.012279,-2.490000,0.522279,0.000513
58,mobley_6359156,-4.440104,-2.460000,1.980104,0.007373
58,mobley_1781152,-2.303325,-2.400000,0.096675,0.000018
58,mobley_859464,-3.153233,-2.360000,0.793233,0.001183
58,mobley_7150646,-2.213765,-2.300000,0.086235,0.000014
58,mobley_1592519,-3.429058,-2.230000,1.199058,0.002704
58,mobley_5538249,-1.935934,-2.160000,0.224066,0.000094
58,mobley_6911232,-1.811244,-2.100000,0.288756,0.000157
58,mobley_3269565,-1.632121,-2.010000,0.377879,0.000269
58,mobley_2484519,-3.295854,-1.930000,1.365854,0.003508
58,mobley_7690440,-2.362043,-1.830000,0.532043,0.000532
58,mobley_3802803,-1.497398,-1.660000,0.162602,0.000050
58,mobley_1144156,-1.834747,-1.590000,0.244747,0.000113
58,mobley_2481002,-2.570157,-1.450000,1.120157,0.002360
58,mobley_2489709,-1.328782,-1.360000,0.031218,0.000002
58,mobley_5052949,-1.050669,-1.280000,0.229331,0.000099
58,mobley_2492140,-1.833496,-1.230000,0.603496,0.000685
58,mobley_7542832,-1.814388,-1.160000,0.654388,0.000805
58,mobley_7814642,-1.926080,-1.120000,0.806080,0.001222
58,mobley_1563176,-1.090277,-0.990000,0.100277,0.000019
58,mobley_1873346,-1.015450,-0.900000,0.115450,0.000025
58,mobley_3040612,-1.017493,-0.850000,0.167493,0.000053
58,mobley_4483973,-2.184448,-0.800000,1.384448,0.003604
58,mobley_9913368,-1.710481,-0.780000,0.930481,0.001628
58,mobley_1449384,-1.052765,-0.680000,0.372765,0.000261
58,mobley_7708038,-0.887756,-0.560000,0.327756,0.000202
58,mobley_8311321,-0.153261,-0.500000,0.346739,0.000226
58,mobley_766666,-0.629295,-0.440000,0.189295,0.000067
58,mobley_5445548,-1.039340,-0.300000,0.739340,0.001028
58,mobley_9029594,-0.961893,-0.220000,0.741893,0.001035
58,mobley_3370989,-2.140440,-0.110000,2.030440,0.007753
58,mobley_627267,-0.491990,-0.030000,0.461990,0.000401
58,mobley_6250025,0.235115,0.080000,0.155115,0.000045
58,mobley_4252724,-0.988514,0.160000,1.148514,0.002480
58,mobley_7157427,-0.030616,0.290000,0.320616,0.000193
58,mobley_8885088,-0.366608,0.560000,0.926608,0.001615
58,mobley_8522124,0.470445,0.710000,0.239555,0.000108
58,mobley_4678740,-0.275976,1.070000,1.345976,0.003407
58,mobley_2689721,0.789789,1.230000,0.440211,0.000364
58,mobley_1662128,1.110640,1.380000,0.269360,0.000136
58,mobley_4762983,1.640293,1.660000,0.019707,0.000001
58,mobley_7732703,0.222143,1.790000,1.567857,0.004622
58,mobley_2068538,1.415529,2.000000,0.584471,0.000642
58,mobley_5157661,1.785481,2.300000,0.514519,0.000498
58,mobley_1261349,2.271175,2.510000,0.238825,0.000107
58,mobley_2328633,1.698233,2.550000,0.851766,0.001364
58,mobley_8436428,2.679346,2.830000,0.150654,0.000043
58,mobley_3060426,2.923374,2.930000,0.006626,0.000000
58,mobley_2197088,2.851773,3.160000,0.308227,0.000179
59,mobley_9534740,-20.863501,-25.469999,4.606499,0.039903
59,mobley_6239320,-23.730854,-18.059999,5.670855,0.060473
59,mobley_7794077,-14.829376,-15.460000,0.630624,0.000748
59,mobley_7415647,-13.091954,-11.950000,1.141954,0.002452
59,mobley_1728386,-10.816604,-11.000000,0.183396,0.000063
59,mobley_2269032,-9.575138,-10.210000,0.634862,0.000758
59,mobley_2913224,-7.178356,-9.940000,2.761643,0.014342
59,mobley_2659552,-9.696629,-9.760000,0.063372,0.000008
59,mobley_7176290,-9.154571,-9.620000,0.465429,0.000407
59,mobley_2295058,-9.149962,-9.510000,0.360038,0.000244
59,mobley_6055410,-10.221174,-9.400000,0.821175,0.001268
59,mobley_4639255,-9.267986,-9.300000,0.032014,0.000002
59,mobley_1417007,-4.365792,-9.010000,4.644208,0.040559
59,mobley_6115639,-8.949541,-8.700000,0.249541,0.000117
59,mobley_6353617,-7.622976,-8.260000,0.637024,0.000763
59,mobley_2725215,-8.804278,-7.980000,0.824278,0.001278
59,mobley_7039935,-6.920592,-7.670000,0.749408,0.001056
59,mobley_4059279,-6.956351,-7.580000,0.623649,0.000731
59,mobley_951560,-9.856288,-7.400000,2.456288,0.011345
59,mobley_1922649,-8.329508,-7.190000,1.139508,0.002442
59,mobley_8798016,-7.715478,-7.000000,0.715478,0.000963
59,mobley_1858644,-6.755969,-6.790000,0.034031,0.000002
59,mobley_9114381,-5.889381,-6.720000,0.830618,0.001297
59,mobley_5311804,-5.921463,-6.620000,0.698536,0.000918
59,mobley_6743808,-6.197695,-6.500000,0.302305,0.000172
59,mobley_8789864,-5.780269,-6.400000,0.619731,0.000722
59,mobley_7009711,-6.303941,-6.270000,0.033941,0.000002
59,mobley_8789465,-4.587496,-6.200000,1.612504,0.004889
59,mobley_2923700,-5.954118,-6.130000,0.175882,0.000058
59,mobley_4780078,-5.488998,-6.010000,0.521002,0.000510
59,mobley_5467162,-5.627944,-5.910000,0.282056,0.000150
59,mobley_6257907,-5.835038,-5.820000,0.015038,0.000000
59,mobley_7913234,-6.083008,-5.730000,0.353008,0.000234
59,mobley_5518547,-5.763823,-5.570000,0.193823,0.000071
59,mobley_4883284,-5.719474,-5.490000,0.229474,0.000099
59,mobley_5220185,-5.110827,-5.450000,0.339173,0.000216
59,mobley_3359593,-5.341313,-5.260000,0.081313,0.000012
59,mobley_4683624,-5.872608,-5.210000,0.662608,0.000826
59,mobley_1636752,-3.595249,-5.100000,1.504751,0.004258
59,mobley_2310185,-4.482489,-5.000000,0.517511,0.000504
59,mobley_3682850,-4.131600,-4.910000,0.778400,0.001139
59,mobley_1363784,-4.890284,-4.840000,0.050283,0.000005
59,mobley_2837389,-4.562376,-4.780000,0.217624,0.000089
59,mobley_9507933,-4.778105,-4.720000,0.058105,0.000006
59,mobley_296847,-4.792778,-4.690000,0.102777,0.000020
59,mobley_8208692,-3.807842,-4.610000,0.802159,0.001210
59,mobley_4884177,-4.395800,-4.590000,0.194201,0.000071
59,mobley_6714389,-3.972113,-4.550000,0.577887,0.000628
59,mobley_2245668,-4.398688,-4.500000,0.101312,0.000019
59,mobley_5973402,-4.389046,-4.420000,0.030954,0.000002
59,mobley_3546460,-4.326783,-4.400000,0.073217,0.000010
59,mobley_8311303,-4.072447,-4.380000,0.307553,0.000178
59,mobley_9741965,-6.229936,-4.290000,1.939936,0.007077
59,mobley_4603202,-4.512178,-4.230000,0.282178,0.000150
59,mobley_628086,-3.204219,-4.160000,0.955781,0.001718
59,mobley_4620651,-3.580847,-4.100000,0.519153,0.000507
59,mobley_7977115,-4.192022,-4.060000,0.132022,0.000033
59,mobley_2789243,-3.939733,-4.010000,0.070267,0.000009
59,mobley_3968739,-4.025240,-3.920000,0.105240,0.000021
59,mobley_63712,-3.247796,-3.880000,0.632205,0.000752
59,mobley_1046331,-3.924119,-3.820000,0.104119,0.000020
59,mobley_1160109,-3.777467,-3.750000,0.027467,0.000001
59,mobley_4149784,-2.995818,-3.670000,0.674182,0.000855
59,mobley_397645,-4.008046,-3.640000,0.368046,0.000255
59,mobley_4690963,-4.642582,-3.540000,1.102582,0.002286
59,mobley_1967551,-3.228417,-3.500000,0.271583,0.000139
59,mobley_6733657,-3.435341,-3.440000,0.004659,0.000000
59,mobley_9565165,-3.251890,-3.350000,0.098110,0.000018
59,mobley_2487143,-3.185065,-3.280000,0.094935,0.000017
59,mobley_8449031,-2.563298,-3.220000,0.656702,0.000811
59,mobley_172879,-2.817854,-3.150000,0.332146,0.000207
59,mobley_5346580,-1.758978,-3.110000,1.351022,0.003432
59,mobley_3573480,-2.948804,-3.040000,0.091196,0.000016
59,mobley_1075836,-2.740995,-2.930000,0.189005,0.000067
59,mobley_6102880,-3.984792,-2.870000,1.114793,0.002337
59,mobley_1827204,-2.627196,-2.810000,0.182804,0.000063
59,mobley_2146331,-1.716576,-2.750000,1.033424,0.002008
59,mobley_7943327,-2.494178,-2.680000,0.185822,0.000065
59,mobley_5110043,-2.540735,-2.630000,0.089265,0.000015
59,mobley_5616693,-3.063085,-2.530000,0.533085,0.000534
59,mobley_6619554,-2.374179,-2.490000,0.115821,0.000025
59,mobley_6359156,-3.743296,-2.460000,1.283296,0.003097
59,mobley_1781152,-2.022736,-2.400000,0.377264,0.000268
59,mobley_859464,-2.305784,-2.360000,0.054216,0.000006
59,mobley_7150646,-2.001588,-2.300000,0.298412,0.000167
59,mobley_1592519,-2.607811,-2.230000,0.377811,0.000268
59,mobley_5538249,-1.933091,-2.160000,0.226909,0.000097
59,mobley_6911232,-1.582371,-2.100000,0.517629,0.000504
59,mobley_3269565,-1.415982,-2.010000,0.594018,0.000664
59,mobley_2484519,-2.773977,-1.930000,0.843977,0.001339
59,mobley_7690440,-1.718809,-1.830000,0.111191,0.000023
59,mobley_3802803,-1.827471,-1.660000,0.167471,0.000053
59,mobley_1144156,-1.277595,-1.590000,0.312405,0.000184
59,mobley_2481002,-2.784269,-1.450000,1.334269,0.003348
59,mobley_2489709,-1.464826,-1.360000,0.104826,0.000021
59,mobley_5052949,-0.757978,-1.280000,0.522022,0.000512
59,mobley_2492140,-1.027626,-1.230000,0.202374,0.000077
59,mobley_7542832,-1.202625,-1.160000,0.042625,0.000003
59,mobley_7814642,-1.872321,-1.120000,0.752321,0.001064
59,mobley_1563176,-0.876729,-0.990000,0.113271,0.000024
59,mobley_1873346,-0.748445,-0.900000,0.151555,0.000043
59,mobley_3040612,-0.585525,-0.850000,0.264475,0.000132
59,mobley_4483973,-1.877419,-0.800000,1.077419,0.002183
59,mobley_9913368,-1.715435,-0.780000,0.935435,0.001645
59,mobley_1449384,-0.601467,-0.680000,0.078533,0.000012
59,mobley_7708038,-0.687634,-0.560000,0.127634,0.000031
59,mobley_8311321,-0.076242,-0.500000,0.423758,0.000338
59,mobley_766666,-0.647704,-0.440000,0.207704,0.000081
59,mobley_5445548,-0.560782,-0.300000,0.260782,0.000128
59,mobley_9029594,-0.974751,-0.220000,0.754751,0.001071
59,mobley_3370989,-1.611391,-0.110000,1.501391,0.004239
59,mobley_627267,-0.293533,-0.030000,0.263533,0.000131
59,mobley_6250025,0.436002,0.080000,0.356002,0.000238
59,mobley_4252724,-0.460801,0.160000,0.620801,0.000725
59,mobley_7157427,0.340681,0.290000,0.050681,0.000005
59,mobley_8885088,-0.080118,0.560000,0.640118,0.000771
59,mobley_8522124,0.778345,0.710000,0.068345,0.000009
59,mobley_4678740,0.977893,1.070000,0.092107,0.000016
59,mobley_2689721,1.123257,1.230000,0.106743,0.000021
59,mobley_1662128,1.273306,1.380000,0.106694,0.000021
59,mobley_4762983,1.951921,1.660000,0.291921,0.000160
59,mobley_7732703,0.265605,1.790000,1.524395,0.004370
59,mobley_2068538,1.462401,2.000000,0.537599,0.000543
59,mobley_5157661,1.861526,2.300000,0.438474,0.000362
59,mobley_1261349,2.232001,2.510000,0.277999,0.000145
59,mobley_2328633,2.131343,2.550000,0.418657,0.000330
59,mobley_8436428,2.810887,2.830000,0.019113,0.000001
59,mobley_3060426,2.992363,2.930000,0.062363,0.000007
59,mobley_2197088,3.207954,3.160000,0.047954,0.000004
60,mobley_9534740,-21.325304,-25.469999,4.144695,0.032303
60,mobley_6239320,-21.449188,-18.059999,3.389189,0.021600
60,mobley_7794077,-13.642691,-15.460000,1.817309,0.006210
60,mobley_7415647,-12.919187,-11.950000,0.969187,0.001766
60,mobley_1728386,-10.778285,-11.000000,0.221715,0.000092
60,mobley_2269032,-9.630028,-10.210000,0.579972,0.000633
60,mobley_2913224,-7.612385,-9.940000,2.327615,0.010188
60,mobley_2659552,-9.432512,-9.760000,0.327488,0.000202
60,mobley_7176290,-9.441456,-9.620000,0.178544,0.000060
60,mobley_2295058,-9.158156,-9.510000,0.351844,0.000233
60,mobley_6055410,-10.147808,-9.400000,0.747808,0.001052
60,mobley_4639255,-9.599007,-9.300000,0.299006,0.000168
60,mobley_1417007,-5.280534,-9.010000,3.729466,0.026155
60,mobley_6115639,-9.050747,-8.700000,0.350747,0.000231
60,mobley_6353617,-7.329966,-8.260000,0.930035,0.001627
60,mobley_2725215,-10.729049,-7.980000,2.749049,0.014211
60,mobley_7039935,-6.978975,-7.670000,0.691025,0.000898
60,mobley_4059279,-6.348195,-7.580000,1.231805,0.002853
60,mobley_951560,-9.705915,-7.400000,2.305915,0.009999
60,mobley_1922649,-8.284192,-7.190000,1.094192,0.002251
60,mobley_8798016,-7.529088,-7.000000,0.529088,0.000526
60,mobley_1858644,-6.671484,-6.790000,0.118516,0.000026
60,mobley_9114381,-6.025416,-6.720000,0.694583,0.000907
60,mobley_5311804,-5.793612,-6.620000,0.826388,0.001284
60,mobley_6743808,-6.247645,-6.500000,0.252355,0.000120
60,mobley_8789864,-5.190665,-6.400000,1.209335,0.002750
60,mobley_7009711,-6.358109,-6.270000,0.088109,0.000015
60,mobley_8789465,-4.612871,-6.200000,1.587129,0.004737
60,mobley_2923700,-6.041714,-6.130000,0.088286,0.000015
60,mobley_4780078,-5.418368,-6.010000,0.591632,0.000658
60,mobley_5467162,-5.546105,-5.910000,0.363895,0.000249
60,mobley_6257907,-5.918986,-5.820000,0.098986,0.000018
60,mobley_7913234,-6.119404,-5.730000,0.389404,0.000285
60,mobley_5518547,-5.776127,-5.570000,0.206127,0.000080
60,mobley_4883284,-5.904243,-5.490000,0.414244,0.000323
60,mobley_5220185,-4.865339,-5.450000,0.584661,0.000643
60,mobley_3359593,-5.207561,-5.260000,0.052440,0.000005
60,mobley_4683624,-5.952675,-5.210000,0.742675,0.001037
60,mobley_1636752,-3.597219,-5.100000,1.502780,0.004247
60,mobley_2310185,-4.495904,-5.000000,0.504096,0.000478
60,mobley_3682850,-4.084894,-4.910000,0.825106,0.001280
60,mobley_1363784,-4.496588,-4.840000,0.343412,0.000222
60,mobley_2837389,-4.226112,-4.780000,0.553888,0.000577
60,mobley_9507933,-4.516447,-4.720000,0.203553,0.000078
60,mobley_296847,-4.529814,-4.690000,0.160186,0.000048
60,mobley_8208692,-3.257866,-4.610000,1.352134,0.003438
60,mobley_4884177,-4.052121,-4.590000,0.537879,0.000544
60,mobley_6714389,-3.924259,-4.550000,0.625741,0.000736
60,mobley_2245668,-4.375591,-4.500000,0.124409,0.000029
60,mobley_5973402,-4.404483,-4.420000,0.015517,0.000000
60,mobley_3546460,-4.409242,-4.400000,0.009242,0.000000
60,mobley_8311303,-3.707098,-4.380000,0.672902,0.000851
60,mobley_9741965,-5.204968,-4.290000,0.914968,0.001574
60,mobley_4603202,-4.359307,-4.230000,0.129307,0.000031
60,mobley_628086,-4.025052,-4.160000,0.134948,0.000034
60,mobley_4620651,-3.422654,-4.100000,0.677346,0.000863
60,mobley_7977115,-4.196427,-4.060000,0.136427,0.000035
60,mobley_2789243,-3.698220,-4.010000,0.311780,0.000183
60,mobley_3968739,-3.791643,-3.920000,0.128357,0.000031
60,mobley_63712,-2.768978,-3.880000,1.111022,0.002321
60,mobley_1046331,-3.959695,-3.820000,0.139695,0.000037
60,mobley_1160109,-3.304103,-3.750000,0.445897,0.000374
60,mobley_4149784,-2.944004,-3.670000,0.725996,0.000991
60,mobley_397645,-3.793866,-3.640000,0.153866,0.000045
60,mobley_4690963,-4.199887,-3.540000,0.659887,0.000819
60,mobley_1967551,-3.344351,-3.500000,0.155649,0.000046
60,mobley_6733657,-2.201258,-3.440000,1.238742,0.002886
60,mobley_9565165,-3.045544,-3.350000,0.304456,0.000174
60,mobley_2487143,-3.052697,-3.280000,0.227303,0.000097
60,mobley_8449031,-2.171762,-3.220000,1.048238,0.002066
60,mobley_172879,-3.001680,-3.150000,0.148320,0.000041
60,mobley_5346580,-1.462230,-3.110000,1.647770,0.005106
60,mobley_3573480,-2.840040,-3.040000,0.199960,0.000075
60,mobley_1075836,-2.572358,-2.930000,0.357642,0.000241
60,mobley_6102880,-3.926086,-2.870000,1.056087,0.002097
60,mobley_1827204,-2.637076,-2.810000,0.172924,0.000056
60,mobley_2146331,-1.685732,-2.750000,1.064268,0.002130
60,mobley_7943327,-2.315669,-2.680000,0.364331,0.000250
60,mobley_5110043,-2.187285,-2.630000,0.442715,0.000369
60,mobley_5616693,-2.759379,-2.530000,0.229379,0.000099
60,mobley_6619554,-2.133156,-2.490000,0.356844,0.000239
60,mobley_6359156,-3.440889,-2.460000,0.980889,0.001809
60,mobley_1781152,-1.705334,-2.400000,0.694666,0.000907
60,mobley_859464,-2.292725,-2.360000,0.067275,0.000009
60,mobley_7150646,-1.513204,-2.300000,0.786796,0.001164
60,mobley_1592519,-2.461628,-2.230000,0.231628,0.000101
60,mobley_5538249,-1.315854,-2.160000,0.844146,0.001340
60,mobley_6911232,-1.244917,-2.100000,0.855083,0.001375
60,mobley_3269565,-1.060763,-2.010000,0.949237,0.001694
60,mobley_2484519,-2.646982,-1.930000,0.716982,0.000967
60,mobley_7690440,-2.078744,-1.830000,0.248744,0.000116
60,mobley_3802803,-1.495816,-1.660000,0.164184,0.000051
60,mobley_1144156,-0.939908,-1.590000,0.650092,0.000795
60,mobley_2481002,-2.937408,-1.450000,1.487408,0.004160
60,mobley_2489709,-1.144146,-1.360000,0.215854,0.000088
60,mobley_5052949,-0.608689,-1.280000,0.671311,0.000847
60,mobley_2492140,-2.303788,-1.230000,1.073788,0.002168
60,mobley_7542832,-0.966439,-1.160000,0.193561,0.000070
60,mobley_7814642,-1.599633,-1.120000,0.479633,0.000433
60,mobley_1563176,-0.796427,-0.990000,0.193573,0.000070
60,mobley_1873346,-0.436451,-0.900000,0.463549,0.000404
60,mobley_3040612,-0.305073,-0.850000,0.544927,0.000558
60,mobley_4483973,-1.797608,-0.800000,0.997608,0.001871
60,mobley_9913368,-1.677004,-0.780000,0.897004,0.001513
60,mobley_1449384,-0.267464,-0.680000,0.412536,0.000320
60,mobley_7708038,-0.551278,-0.560000,0.008722,0.000000
60,mobley_8311321,-0.124194,-0.500000,0.375806,0.000266
60,mobley_766666,-0.711047,-0.440000,0.271047,0.000138
60,mobley_5445548,-0.321050,-0.300000,0.021050,0.000001
60,mobley_9029594,-0.858245,-0.220000,0.638245,0.000766
60,mobley_3370989,-1.727870,-0.110000,1.617870,0.004922
60,mobley_627267,-0.086911,-0.030000,0.056911,0.000006
60,mobley_6250025,0.497482,0.080000,0.417482,0.000328
60,mobley_4252724,-0.152727,0.160000,0.312727,0.000184
60,mobley_7157427,0.455610,0.290000,0.165610,0.000052
60,mobley_8885088,0.163806,0.560000,0.396194,0.000295
60,mobley_8522124,0.856816,0.710000,0.146816,0.000041
60,mobley_4678740,1.283544,1.070000,0.213544,0.000086
60,mobley_2689721,1.179526,1.230000,0.050474,0.000005
60,mobley_1662128,1.378231,1.380000,0.001769,0.000000
60,mobley_4762983,2.059027,1.660000,0.399027,0.000299
60,mobley_7732703,0.200833,1.790000,1.589167,0.004749
60,mobley_2068538,1.493134,2.000000,0.506866,0.000483
60,mobley_5157661,1.964578,2.300000,0.335422,0.000212
60,mobley_1261349,2.645476,2.510000,0.135476,0.000035
60,mobley_2328633,2.310856,2.550000,0.239144,0.000108
60,mobley_8436428,3.113903,2.830000,0.283903,0.000152
60,mobley_3060426,3.631567,2.930000,0.701567,0.000926
60,mobley_2197088,3.293521,3.160000,0.133521,0.000034
61,mobley_9534740,-20.569933,-25.469999,4.900066,0.045151
61,mobley_6239320,-21.798229,-18.059999,3.738230,0.026278
61,mobley_7794077,-13.872367,-15.460000,1.587633,0.004740
61,mobley_7415647,-12.640356,-11.950000,0.690356,0.000896
61,mobley_1728386,-10.566533,-11.000000,0.433467,0.000353
61,mobley_2269032,-9.707842,-10.210000,0.502158,0.000474
61,mobley_2913224,-7.673720,-9.940000,2.266279,0.009658
61,mobley_2659552,-9.307752,-9.760000,0.452249,0.000385
61,mobley_7176290,-9.238082,-9.620000,0.381918,0.000274
61,mobley_2295058,-9.086559,-9.510000,0.423441,0.000337
61,mobley_6055410,-10.375598,-9.400000,0.975598,0.001790
61,mobley_4639255,-9.500830,-9.300000,0.200830,0.000076
61,mobley_1417007,-5.219323,-9.010000,3.790677,0.027021
61,mobley_6115639,-9.234876,-8.700000,0.534876,0.000538
61,mobley_6353617,-7.506949,-8.260000,0.753051,0.001066
61,mobley_2725215,-7.960197,-7.980000,0.019803,0.000001
61,mobley_7039935,-7.009244,-7.670000,0.660756,0.000821
61,mobley_4059279,-5.871428,-7.580000,1.708572,0.005489
61,mobley_951560,-9.312951,-7.400000,1.912951,0.006881
61,mobley_1922649,-8.751625,-7.190000,1.561625,0.004586
61,mobley_8798016,-7.721729,-7.000000,0.721729,0.000980
61,mobley_1858644,-6.767665,-6.790000,0.022335,0.000001
61,mobley_9114381,-5.971474,-6.720000,0.748526,0.001054
61,mobley_5311804,-5.877149,-6.620000,0.742851,0.001038
61,mobley_6743808,-6.158041,-6.500000,0.341959,0.000220
61,mobley_8789864,-5.445459,-6.400000,0.954541,0.001713
61,mobley_7009711,-6.172964,-6.270000,0.097036,0.000018
61,mobley_8789465,-4.916946,-6.200000,1.283054,0.003096
61,mobley_2923700,-6.018556,-6.130000,0.111444,0.000023
61,mobley_4780078,-5.372274,-6.010000,0.637726,0.000765
61,mobley_5467162,-5.509581,-5.910000,0.400419,0.000302
61,mobley_6257907,-5.945011,-5.820000,0.125010,0.000029
61,mobley_7913234,-5.884256,-5.730000,0.154256,0.000045
61,mobley_5518547,-5.800659,-5.570000,0.230659,0.000100
61,mobley_4883284,-5.910211,-5.490000,0.420211,0.000332
61,mobley_5220185,-5.171060,-5.450000,0.278940,0.000146
61,mobley_3359593,-5.378820,-5.260000,0.118820,0.000027
61,mobley_4683624,-5.892956,-5.210000,0.682956,0.000877
61,mobley_1636752,-3.640770,-5.100000,1.459229,0.004004
61,mobley_2310185,-4.548182,-5.000000,0.451818,0.000384
61,mobley_3682850,-4.173133,-4.910000,0.736866,0.001021
61,mobley_1363784,-4.706981,-4.840000,0.133019,0.000033
61,mobley_2837389,-4.519233,-4.780000,0.260767,0.000128
61,mobley_9507933,-4.833915,-4.720000,0.113915,0.000024
61,mobley_296847,-4.971755,-4.690000,0.281755,0.000149
61,mobley_8208692,-3.032709,-4.610000,1.577291,0.004678
61,mobley_4884177,-4.394174,-4.590000,0.195826,0.000072
61,mobley_6714389,-4.166803,-4.550000,0.383197,0.000276
61,mobley_2245668,-4.391057,-4.500000,0.108943,0.000022
61,mobley_5973402,-4.305682,-4.420000,0.114318,0.000025
61,mobley_3546460,-4.256907,-4.400000,0.143093,0.000039
61,mobley_8311303,-3.509222,-4.380000,0.870778,0.001426
61,mobley_9741965,-5.845019,-4.290000,1.555019,0.004547
61,mobley_4603202,-4.124874,-4.230000,0.105126,0.000021
61,mobley_628086,-4.071991,-4.160000,0.088008,0.000015
61,mobley_4620651,-3.621074,-4.100000,0.478925,0.000431
61,mobley_7977115,-4.038231,-4.060000,0.021769,0.000001
61,mobley_2789243,-3.855564,-4.010000,0.154436,0.000045
61,mobley_3968739,-4.040471,-3.920000,0.120471,0.000027
61,mobley_63712,-2.838020,-3.880000,1.041981,0.002042
61,mobley_1046331,-4.137213,-3.820000,0.317213,0.000189
61,mobley_1160109,-3.466101,-3.750000,0.283899,0.000152
61,mobley_4149784,-3.272974,-3.670000,0.397026,0.000296
61,mobley_397645,-4.022686,-3.640000,0.382685,0.000275
61,mobley_4690963,-4.165680,-3.540000,0.625680,0.000736
61,mobley_1967551,-3.474689,-3.500000,0.025311,0.000001
61,mobley_6733657,-2.383411,-3.440000,1.056589,0.002099
61,mobley_9565165,-3.455077,-3.350000,0.105077,0.000021
61,mobley_2487143,-3.135490,-3.280000,0.144510,0.000039
61,mobley_8449031,-2.179425,-3.220000,1.040575,0.002036
61,mobley_172879,-3.309464,-3.150000,0.159463,0.000048
61,mobley_5346580,-1.673405,-3.110000,1.436595,0.003881
61,mobley_3573480,-2.916744,-3.040000,0.123256,0.000029
61,mobley_1075836,-2.841064,-2.930000,0.088936,0.000015
61,mobley_6102880,-4.240653,-2.870000,1.370653,0.003533
61,mobley_1827204,-2.591285,-2.810000,0.218715,0.000090
61,mobley_2146331,-1.850540,-2.750000,0.899460,0.001521
61,mobley_7943327,-2.617074,-2.680000,0.062926,0.000007
61,mobley_5110043,-2.461887,-2.630000,0.168113,0.000053
61,mobley_5616693,-2.701398,-2.530000,0.171398,0.000055
61,mobley_6619554,-2.374199,-2.490000,0.115801,0.000025
61,mobley_6359156,-3.642116,-2.460000,1.182116,0.002628
61,mobley_1781152,-1.797427,-2.400000,0.602574,0.000683
61,mobley_859464,-2.528169,-2.360000,0.168169,0.000053
61,mobley_7150646,-1.988007,-2.300000,0.311993,0.000183
61,mobley_1592519,-2.568661,-2.230000,0.338661,0.000216
61,mobley_5538249,-1.882155,-2.160000,0.277845,0.000145
61,mobley_6911232,-1.502489,-2.100000,0.597511,0.000671
61,mobley_3269565,-1.250521,-2.010000,0.759479,0.001085
61,mobley_2484519,-2.757097,-1.930000,0.827098,0.001286
61,mobley_7690440,-1.785183,-1.830000,0.044817,0.000004
61,mobley_3802803,-1.698572,-1.660000,0.038572,0.000003
61,mobley_1144156,-1.165016,-1.590000,0.424984,0.000340
61,mobley_2481002,-2.790401,-1.450000,1.340400,0.003379
61,mobley_2489709,-1.663229,-1.360000,0.303229,0.000173
61,mobley_5052949,-0.699554,-1.280000,0.580446,0.000634
61,mobley_2492140,-1.856309,-1.230000,0.626309,0.000738
61,mobley_7542832,-1.033717,-1.160000,0.126283,0.000030
61,mobley_7814642,-1.734708,-1.120000,0.614708,0.000711
61,mobley_1563176,-0.875855,-0.990000,0.114145,0.000025
61,mobley_1873346,-0.759606,-0.900000,0.140394,0.000037
61,mobley_3040612,-0.574904,-0.850000,0.275096,0.000142
61,mobley_4483973,-1.979781,-0.800000,1.179781,0.002617
61,mobley_9913368,-1.703331,-0.780000,0.923331,0.001603
61,mobley_1449384,-0.543144,-0.680000,0.136856,0.000035
61,mobley_7708038,-0.814776,-0.560000,0.254776,0.000122
61,mobley_8311321,-0.111023,-0.500000,0.388977,0.000285
61,mobley_766666,-0.629940,-0.440000,0.189940,0.000068
61,mobley_5445548,-0.641387,-0.300000,0.341387,0.000219
61,mobley_9029594,-1.065648,-0.220000,0.845648,0.001345
61,mobley_3370989,-1.773433,-0.110000,1.663433,0.005203
61,mobley_627267,-0.346339,-0.030000,0.316339,0.000188
61,mobley_6250025,0.361420,0.080000,0.281420,0.000149
61,mobley_4252724,-0.478449,0.160000,0.638449,0.000767
61,mobley_7157427,0.470165,0.290000,0.180165,0.000061
61,mobley_8885088,-0.080955,0.560000,0.640955,0.000773
61,mobley_8522124,0.649503,0.710000,0.060497,0.000007
61,mobley_4678740,0.914418,1.070000,0.155582,0.000046
61,mobley_2689721,1.044800,1.230000,0.185200,0.000064
61,mobley_1662128,1.105202,1.380000,0.274798,0.000142
61,mobley_4762983,1.815212,1.660000,0.155212,0.000045
61,mobley_7732703,0.355642,1.790000,1.434358,0.003869
61,mobley_2068538,1.384793,2.000000,0.615207,0.000712
61,mobley_5157661,1.769448,2.300000,0.530552,0.000529
61,mobley_1261349,2.397469,2.510000,0.112531,0.000024
61,mobley_2328633,2.198269,2.550000,0.351731,0.000233
61,mobley_8436428,2.890936,2.830000,0.060936,0.000007
61,mobley_3060426,3.449399,2.930000,0.519399,0.000507
61,mobley_2197088,3.233683,3.160000,0.073683,0.000010
62,mobley_9534740,-21.296368,-25.469999,4.173632,0.032756
62,mobley_6239320,-21.257847,-18.059999,3.197847,0.019230
62,mobley_7794077,-13.748895,-15.460000,1.711105,0.005506
62,mobley_7415647,-12.715016,-11.950000,0.765017,0.001101
62,mobley_1728386,-10.544035,-11.000000,0.455965,0.000391
62,mobley_2269032,-9.896301,-10.210000,0.313699,0.000185
62,mobley_2913224,-7.522408,-9.940000,2.417592,0.010991
62,mobley_2659552,-9.577201,-9.760000,0.182799,0.000063
62,mobley_7176290,-9.185510,-9.620000,0.434490,0.000355
62,mobley_2295058,-9.118812,-9.510000,0.391189,0.000288
62,mobley_6055410,-10.034219,-9.400000,0.634219,0.000756
62,mobley_4639255,-9.817140,-9.300000,0.517139,0.000503
62,mobley_1417007,-5.165485,-9.010000,3.844515,0.027794
62,mobley_6115639,-9.674669,-8.700000,0.974669,0.001786
62,mobley_6353617,-7.406563,-8.260000,0.853437,0.001370
62,mobley_2725215,-8.880969,-7.980000,0.900969,0.001526
62,mobley_7039935,-7.136055,-7.670000,0.533945,0.000536
62,mobley_4059279,-6.889490,-7.580000,0.690510,0.000897
62,mobley_951560,-10.194514,-7.400000,2.794514,0.014685
62,mobley_1922649,-8.767669,-7.190000,1.577669,0.004681
62,mobley_8798016,-7.689873,-7.000000,0.689873,0.000895
62,mobley_1858644,-6.926257,-6.790000,0.136257,0.000035
62,mobley_9114381,-6.006699,-6.720000,0.713301,0.000957
62,mobley_5311804,-6.056107,-6.620000,0.563893,0.000598
62,mobley_6743808,-6.242398,-6.500000,0.257602,0.000125
62,mobley_8789864,-5.887610,-6.400000,0.512390,0.000494
62,mobley_7009711,-6.268955,-6.270000,0.001045,0.000000
62,mobley_8789465,-4.775279,-6.200000,1.424721,0.003817
62,mobley_2923700,-5.994117,-6.130000,0.135883,0.000035
62,mobley_4780078,-5.419770,-6.010000,0.590230,0.000655
62,mobley_5467162,-5.509987,-5.910000,0.400013,0.000301
62,mobley_6257907,-5.595235,-5.820000,0.224765,0.000095
62,mobley_7913234,-6.393466,-5.730000,0.663465,0.000828
62,mobley_5518547,-5.692856,-5.570000,0.122856,0.000028
62,mobley_4883284,-5.788452,-5.490000,0.298452,0.000167
62,mobley_5220185,-5.146433,-5.450000,0.303566,0.000173
62,mobley_3359593,-5.566965,-5.260000,0.306964,0.000177
62,mobley_4683624,-5.922659,-5.210000,0.712659,0.000955
62,mobley_1636752,-3.814470,-5.100000,1.285530,0.003108
62,mobley_2310185,-4.704610,-5.000000,0.295390,0.000164
62,mobley_3682850,-4.211167,-4.910000,0.698833,0.000918
62,mobley_1363784,-4.702644,-4.840000,0.137356,0.000035
62,mobley_2837389,-4.412508,-4.780000,0.367492,0.000254
62,mobley_9507933,-4.713151,-4.720000,0.006849,0.000000
62,mobley_296847,-4.804082,-4.690000,0.114082,0.000024
62,mobley_8208692,-2.440367,-4.610000,2.169633,0.008852
62,mobley_4884177,-4.276534,-4.590000,0.313466,0.000185
62,mobley_6714389,-4.164620,-4.550000,0.385380,0.000279
62,mobley_2245668,-4.598254,-4.500000,0.098254,0.000018
62,mobley_5973402,-4.509762,-4.420000,0.089762,0.000015
62,mobley_3546460,-4.554121,-4.400000,0.154121,0.000045
62,mobley_8311303,-2.918492,-4.380000,1.461508,0.004017
62,mobley_9741965,-5.773017,-4.290000,1.483017,0.004136
62,mobley_4603202,-4.786719,-4.230000,0.556719,0.000583
62,mobley_628086,-4.170994,-4.160000,0.010994,0.000000
62,mobley_4620651,-3.693053,-4.100000,0.406947,0.000311
62,mobley_7977115,-4.373777,-4.060000,0.313777,0.000185
62,mobley_2789243,-3.661012,-4.010000,0.348988,0.000229
62,mobley_3968739,-4.031534,-3.920000,0.111534,0.000023
62,mobley_63712,-3.369601,-3.880000,0.510399,0.000490
62,mobley_1046331,-4.034947,-3.820000,0.214947,0.000087
62,mobley_1160109,-3.675182,-3.750000,0.074818,0.000011
62,mobley_4149784,-2.739977,-3.670000,0.930023,0.001626
62,mobley_397645,-3.981412,-3.640000,0.341412,0.000219
62,mobley_4690963,-4.778913,-3.540000,1.238914,0.002886
62,mobley_1967551,-3.455272,-3.500000,0.044728,0.000004
62,mobley_6733657,-2.103748,-3.440000,1.336252,0.003358
62,mobley_9565165,-3.557164,-3.350000,0.207164,0.000081
62,mobley_2487143,-3.267835,-3.280000,0.012165,0.000000
62,mobley_8449031,-2.719484,-3.220000,0.500516,0.000471
62,mobley_172879,-3.094393,-3.150000,0.055607,0.000006
62,mobley_5346580,-1.698684,-3.110000,1.411316,0.003746
62,mobley_3573480,-3.061715,-3.040000,0.021715,0.000001
62,mobley_1075836,-2.847053,-2.930000,0.082947,0.000013
62,mobley_6102880,-4.169024,-2.870000,1.299025,0.003173
62,mobley_1827204,-2.759784,-2.810000,0.050216,0.000005
62,mobley_2146331,-1.897005,-2.750000,0.852995,0.001368
62,mobley_7943327,-2.593523,-2.680000,0.086477,0.000014
62,mobley_5110043,-2.638592,-2.630000,0.008592,0.000000
62,mobley_5616693,-2.851624,-2.530000,0.321624,0.000195
62,mobley_6619554,-2.400806,-2.490000,0.089194,0.000015
62,mobley_6359156,-3.292934,-2.460000,0.832934,0.001305
62,mobley_1781152,-1.975023,-2.400000,0.424977,0.000340
62,mobley_859464,-2.630754,-2.360000,0.270754,0.000138
62,mobley_7150646,-1.772063,-2.300000,0.527937,0.000524
62,mobley_1592519,-2.683470,-2.230000,0.453470,0.000387
62,mobley_5538249,-1.494473,-2.160000,0.665527,0.000833
62,mobley_6911232,-1.703727,-2.100000,0.396273,0.000295
62,mobley_3269565,-1.471804,-2.010000,0.538196,0.000545
62,mobley_2484519,-2.803929,-1.930000,0.873929,0.001436
62,mobley_7690440,-1.560533,-1.830000,0.269467,0.000137
62,mobley_3802803,-1.672648,-1.660000,0.012648,0.000000
62,mobley_1144156,-1.443684,-1.590000,0.146316,0.000040
62,mobley_2481002,-2.789195,-1.450000,1.339195,0.003372
62,mobley_2489709,-1.174309,-1.360000,0.185691,0.000065
62,mobley_5052949,-0.823093,-1.280000,0.456907,0.000393
62,mobley_2492140,-1.954682,-1.230000,0.724682,0.000988
62,mobley_7542832,-1.363106,-1.160000,0.203106,0.000078
62,mobley_7814642,-1.401752,-1.120000,0.281752,0.000149
62,mobley_1563176,-0.980038,-0.990000,0.009962,0.000000
62,mobley_1873346,-0.725605,-0.900000,0.174395,0.000057
62,mobley_3040612,-0.632514,-0.850000,0.217486,0.000089
62,mobley_4483973,-1.885875,-0.800000,1.085875,0.002217
62,mobley_9913368,-1.620984,-0.780000,0.840984,0.001330
62,mobley_1449384,-0.577242,-0.680000,0.102758,0.000020
62,mobley_7708038,-0.785193,-0.560000,0.225193,0.000095
62,mobley_8311321,-0.095479,-0.500000,0.404521,0.000308
62,mobley_766666,-0.557390,-0.440000,0.117390,0.000026
62,mobley_5445548,-0.598256,-0.300000,0.298256,0.000167
62,mobley_9029594,-1.054992,-0.220000,0.834992,0.001311
62,mobley_3370989,-1.765681,-0.110000,1.655681,0.005155
62,mobley_627267,-0.328800,-0.030000,0.298800,0.000168
62,mobley_6250025,0.274264,0.080000,0.194264,0.000071
62,mobley_4252724,-0.533294,0.160000,0.693294,0.000904
62,mobley_7157427,0.275122,0.290000,0.014878,0.000000
62,mobley_8885088,-0.073037,0.560000,0.633037,0.000754
62,mobley_8522124,0.571233,0.710000,0.138767,0.000036
62,mobley_4678740,0.966233,1.070000,0.103767,0.000020
62,mobley_2689721,1.030856,1.230000,0.199144,0.000075
62,mobley_1662128,1.189756,1.380000,0.190244,0.000068
62,mobley_4762983,1.824170,1.660000,0.164170,0.000051
62,mobley_7732703,0.346337,1.790000,1.443663,0.003919
62,mobley_2068538,1.466730,2.000000,0.533270,0.000535
62,mobley_5157661,1.850948,2.300000,0.449052,0.000379
62,mobley_1261349,2.443841,2.510000,0.066159,0.000008
62,mobley_2328633,2.080038,2.550000,0.469962,0.000415
62,mobley_8436428,2.937264,2.830000,0.107264,0.000022
62,mobley_3060426,3.338320,2.930000,0.408320,0.000314
62,mobley_2197088,3.166865,3.160000,0.006865,0.000000
63,mobley_9534740,-21.485891,-25.469999,3.984108,0.029849
63,mobley_6239320,-21.947647,-18.059999,3.887648,0.028421
63,mobley_7794077,-14.816672,-15.460000,0.643328,0.000778
63,mobley_7415647,-14.021930,-11.950000,2.071930,0.008073
63,mobley_1728386,-10.820923,-11.000000,0.179077,0.000060
63,mobley_2269032,-10.128101,-10.210000,0.081899,0.000013
63,mobley_2913224,-7.718180,-9.940000,2.221820,0.009283
63,mobley_2659552,-10.399012,-9.760000,0.639011,0.000768
63,mobley_7176290,-9.648488,-9.620000,0.028488,0.000002
63,mobley_2295058,-9.362798,-9.510000,0.147202,0.000041
63,mobley_6055410,-10.517355,-9.400000,1.117355,0.002348
63,mobley_4639255,-9.586559,-9.300000,0.286559,0.000154
63,mobley_1417007,-5.488400,-9.010000,3.521600,0.023321
63,mobley_6115639,-9.951317,-8.700000,1.251317,0.002944
63,mobley_6353617,-7.745953,-8.260000,0.514048,0.000497
63,mobley_2725215,-10.464152,-7.980000,2.484152,0.011604
63,mobley_7039935,-7.143195,-7.670000,0.526805,0.000522
63,mobley_4059279,-7.294209,-7.580000,0.285791,0.000154
63,mobley_951560,-9.989679,-7.400000,2.589679,0.012611
63,mobley_1922649,-9.622426,-7.190000,2.432426,0.011126
63,mobley_8798016,-7.784330,-7.000000,0.784330,0.001157
63,mobley_1858644,-6.898767,-6.790000,0.108767,0.000022
63,mobley_9114381,-6.169284,-6.720000,0.550716,0.000570
63,mobley_5311804,-6.027971,-6.620000,0.592029,0.000659
63,mobley_6743808,-6.393159,-6.500000,0.106841,0.000021
63,mobley_8789864,-6.499393,-6.400000,0.099393,0.000019
63,mobley_7009711,-6.290618,-6.270000,0.020618,0.000001
63,mobley_8789465,-4.802498,-6.200000,1.397502,0.003673
63,mobley_2923700,-6.212050,-6.130000,0.082050,0.000013
63,mobley_4780078,-5.662731,-6.010000,0.347269,0.000227
63,mobley_5467162,-5.928561,-5.910000,0.018561,0.000001
63,mobley_6257907,-5.832597,-5.820000,0.012597,0.000000
63,mobley_7913234,-6.487429,-5.730000,0.757429,0.001079
63,mobley_5518547,-6.003805,-5.570000,0.433805,0.000354
63,mobley_4883284,-5.999498,-5.490000,0.509498,0.000488
63,mobley_5220185,-5.293049,-5.450000,0.156950,0.000046
63,mobley_3359593,-5.928405,-5.260000,0.668405,0.000840
63,mobley_4683624,-6.115032,-5.210000,0.905032,0.001540
63,mobley_1636752,-3.793802,-5.100000,1.306198,0.003208
63,mobley_2310185,-4.658147,-5.000000,0.341853,0.000220
63,mobley_3682850,-4.324400,-4.910000,0.585600,0.000645
63,mobley_1363784,-4.848834,-4.840000,0.008833,0.000000
63,mobley_2837389,-4.403084,-4.780000,0.376916,0.000267
63,mobley_9507933,-4.871126,-4.720000,0.151126,0.000043
63,mobley_296847,-4.866015,-4.690000,0.176015,0.000058
63,mobley_8208692,-3.724931,-4.610000,0.885069,0.001473
63,mobley_4884177,-4.482655,-4.590000,0.107346,0.000022
63,mobley_6714389,-4.225636,-4.550000,0.324365,0.000198
63,mobley_2245668,-4.539718,-4.500000,0.039718,0.000003
63,mobley_5973402,-4.435764,-4.420000,0.015764,0.000000
63,mobley_3546460,-4.480129,-4.400000,0.080129,0.000012
63,mobley_8311303,-4.171702,-4.380000,0.208298,0.000082
63,mobley_9741965,-6.968624,-4.290000,2.678624,0.013492
63,mobley_4603202,-4.759381,-4.230000,0.529381,0.000527
63,mobley_628086,-4.301942,-4.160000,0.141943,0.000038
63,mobley_4620651,-3.903251,-4.100000,0.196749,0.000073
63,mobley_7977115,-4.491315,-4.060000,0.431315,0.000350
63,mobley_2789243,-3.873132,-4.010000,0.136869,0.000035
63,mobley_3968739,-4.192014,-3.920000,0.272014,0.000139
63,mobley_63712,-3.850209,-3.880000,0.029791,0.000002
63,mobley_1046331,-4.147038,-3.820000,0.327039,0.000201
63,mobley_1160109,-4.017217,-3.750000,0.267217,0.000134
63,mobley_4149784,-3.266032,-3.670000,0.403969,0.000307
63,mobley_397645,-4.110608,-3.640000,0.470608,0.000416
63,mobley_4690963,-5.021313,-3.540000,1.481313,0.004126
63,mobley_1967551,-3.415616,-3.500000,0.084384,0.000013
63,mobley_6733657,-3.337817,-3.440000,0.102183,0.000020
63,mobley_9565165,-3.521051,-3.350000,0.171051,0.000055
63,mobley_2487143,-3.344143,-3.280000,0.064143,0.000008
63,mobley_8449031,-3.172461,-3.220000,0.047539,0.000004
63,mobley_172879,-3.294463,-3.150000,0.144463,0.000039
63,mobley_5346580,-2.065949,-3.110000,1.044051,0.002050
63,mobley_3573480,-3.116350,-3.040000,0.076350,0.000011
63,mobley_1075836,-3.086028,-2.930000,0.156028,0.000046
63,mobley_6102880,-4.360877,-2.870000,1.490877,0.004180
63,mobley_1827204,-2.714252,-2.810000,0.095748,0.000017
63,mobley_2146331,-1.729329,-2.750000,1.020671,0.001959
63,mobley_7943327,-2.849454,-2.680000,0.169454,0.000054
63,mobley_5110043,-2.689949,-2.630000,0.059948,0.000007
63,mobley_5616693,-3.189132,-2.530000,0.659132,0.000817
63,mobley_6619554,-2.655035,-2.490000,0.165035,0.000051
63,mobley_6359156,-3.628696,-2.460000,1.168696,0.002568
63,mobley_1781152,-2.422645,-2.400000,0.022645,0.000001
63,mobley_859464,-2.900324,-2.360000,0.540324,0.000549
63,mobley_7150646,-1.879322,-2.300000,0.420678,0.000333
63,mobley_1592519,-2.864286,-2.230000,0.634286,0.000757
63,mobley_5538249,-1.955380,-2.160000,0.204620,0.000079
63,mobley_6911232,-1.884130,-2.100000,0.215870,0.000088
63,mobley_3269565,-1.628208,-2.010000,0.381792,0.000274
63,mobley_2484519,-2.964354,-1.930000,1.034354,0.002012
63,mobley_7690440,-1.761063,-1.830000,0.068937,0.000009
63,mobley_3802803,-2.210981,-1.660000,0.550981,0.000571
63,mobley_1144156,-1.630655,-1.590000,0.040655,0.000003
63,mobley_2481002,-2.941973,-1.450000,1.491973,0.004186
63,mobley_2489709,-1.485231,-1.360000,0.125231,0.000029
63,mobley_5052949,-0.903684,-1.280000,0.376316,0.000266
63,mobley_2492140,-1.423931,-1.230000,0.193931,0.000071
63,mobley_7542832,-1.567651,-1.160000,0.407651,0.000312
63,mobley_7814642,-1.750226,-1.120000,0.630226,0.000747
63,mobley_1563176,-0.942329,-0.990000,0.047671,0.000004
63,mobley_1873346,-0.734249,-0.900000,0.165751,0.000052
63,mobley_3040612,-0.788982,-0.850000,0.061018,0.000007
63,mobley_4483973,-1.939996,-0.800000,1.139996,0.002444
63,mobley_9913368,-1.627987,-0.780000,0.847987,0.001352
63,mobley_1449384,-0.736476,-0.680000,0.056476,0.000006
63,mobley_7708038,-0.819471,-0.560000,0.259471,0.000127
63,mobley_8311321,-0.227285,-0.500000,0.272715,0.000140
63,mobley_766666,-0.651449,-0.440000,0.211449,0.000084
63,mobley_5445548,-0.685441,-0.300000,0.385441,0.000279
63,mobley_9029594,-1.171515,-0.220000,0.951515,0.001703
63,mobley_3370989,-2.001332,-0.110000,1.891332,0.006727
63,mobley_627267,-0.393704,-0.030000,0.363704,0.000249
63,mobley_6250025,0.377939,0.080000,0.297939,0.000167
63,mobley_4252724,-0.646048,0.160000,0.806048,0.001222
63,mobley_7157427,0.227090,0.290000,0.062909,0.000007
63,mobley_8885088,0.044205,0.560000,0.515795,0.000500
63,mobley_8522124,0.773759,0.710000,0.063759,0.000008
63,mobley_4678740,0.182429,1.070000,0.887571,0.001481
63,mobley_2689721,1.056453,1.230000,0.173547,0.000057
63,mobley_1662128,1.281567,1.380000,0.098433,0.000018
63,mobley_4762983,1.941025,1.660000,0.281025,0.000149
63,mobley_7732703,0.350042,1.790000,1.439958,0.003899
63,mobley_2068538,1.478918,2.000000,0.521082,0.000511
63,mobley_5157661,1.866896,2.300000,0.433104,0.000353
63,mobley_1261349,2.281078,2.510000,0.228922,0.000099
63,mobley_2328633,2.116952,2.550000,0.433048,0.000353
63,mobley_8436428,2.883207,2.830000,0.053207,0.000005
63,mobley_3060426,3.017948,2.930000,0.087948,0.000015
63,mobley_2197088,3.184118,3.160000,0.024118,0.000001
64,mobley_9534740,-22.100771,-25.469999,3.369228,0.021346
64,mobley_6239320,-21.199287,-18.059999,3.139288,0.018532
64,mobley_7794077,-14.094380,-15.460000,1.365620,0.003507
64,mobley_7415647,-13.743829,-11.950000,1.793829,0.006051
64,mobley_1728386,-11.139160,-11.000000,0.139160,0.000036
64,mobley_2269032,-10.554088,-10.210000,0.344088,0.000223
64,mobley_2913224,-7.872828,-9.940000,2.067172,0.008036
64,mobley_2659552,-10.546996,-9.760000,0.786996,0.001165
64,mobley_7176290,-9.603459,-9.620000,0.016541,0.000001
64,mobley_2295058,-9.498754,-9.510000,0.011247,0.000000
64,mobley_6055410,-10.558579,-9.400000,1.158580,0.002524
64,mobley_4639255,-9.858194,-9.300000,0.558194,0.000586
64,mobley_1417007,-5.699111,-9.010000,3.310889,0.020614
64,mobley_6115639,-10.256610,-8.700000,1.556610,0.004556
64,mobley_6353617,-7.782647,-8.260000,0.477353,0.000428
64,mobley_2725215,-8.597883,-7.980000,0.617883,0.000718
64,mobley_7039935,-7.565002,-7.670000,0.104998,0.000021
64,mobley_4059279,-6.456436,-7.580000,1.123564,0.002374
64,mobley_951560,-9.789594,-7.400000,2.389594,0.010738
64,mobley_1922649,-9.080005,-7.190000,1.890005,0.006717
64,mobley_8798016,-8.076756,-7.000000,1.076756,0.002180
64,mobley_1858644,-7.147217,-6.790000,0.357217,0.000240
64,mobley_9114381,-6.120043,-6.720000,0.599957,0.000677
64,mobley_5311804,-6.224607,-6.620000,0.395393,0.000294
64,mobley_6743808,-6.423870,-6.500000,0.076130,0.000011
64,mobley_8789864,-6.077521,-6.400000,0.322479,0.000196
64,mobley_7009711,-6.422102,-6.270000,0.152102,0.000044
64,mobley_8789465,-4.995309,-6.200000,1.204690,0.002729
64,mobley_2923700,-6.277851,-6.130000,0.147851,0.000041
64,mobley_4780078,-5.680110,-6.010000,0.329890,0.000205
64,mobley_5467162,-5.750745,-5.910000,0.159255,0.000048
64,mobley_6257907,-6.095503,-5.820000,0.275503,0.000143
64,mobley_7913234,-6.338839,-5.730000,0.608839,0.000697
64,mobley_5518547,-6.155890,-5.570000,0.585890,0.000645
64,mobley_4883284,-6.312641,-5.490000,0.822641,0.001273
64,mobley_5220185,-5.302814,-5.450000,0.147186,0.000041
64,mobley_3359593,-5.510167,-5.260000,0.250167,0.000118
64,mobley_4683624,-6.188214,-5.210000,0.978214,0.001799
64,mobley_1636752,-3.846141,-5.100000,1.253859,0.002956
64,mobley_2310185,-4.762410,-5.000000,0.237590,0.000106
64,mobley_3682850,-4.277162,-4.910000,0.632838,0.000753
64,mobley_1363784,-4.802860,-4.840000,0.037140,0.000003
64,mobley_2837389,-4.678262,-4.780000,0.101738,0.000019
64,mobley_9507933,-4.853617,-4.720000,0.133617,0.000034
64,mobley_296847,-5.067846,-4.690000,0.377846,0.000268
64,mobley_8208692,-3.070719,-4.610000,1.539281,0.004456
64,mobley_4884177,-4.500408,-4.590000,0.089592,0.000015
64,mobley_6714389,-4.243704,-4.550000,0.306296,0.000176
64,mobley_2245668,-4.560218,-4.500000,0.060218,0.000007
64,mobley_5973402,-4.452664,-4.420000,0.032664,0.000002
64,mobley_3546460,-4.578966,-4.400000,0.178966,0.000060
64,mobley_8311303,-3.353856,-4.380000,1.026144,0.001980
64,mobley_9741965,-6.083402,-4.290000,1.793402,0.006048
64,mobley_4603202,-4.761860,-4.230000,0.531860,0.000532
64,mobley_628086,-4.194887,-4.160000,0.034887,0.000002
64,mobley_4620651,-3.834332,-4.100000,0.265668,0.000133
64,mobley_7977115,-4.399104,-4.060000,0.339104,0.000216
64,mobley_2789243,-3.990801,-4.010000,0.019199,0.000001
64,mobley_3968739,-4.338225,-3.920000,0.418225,0.000329
64,mobley_63712,-3.349185,-3.880000,0.530815,0.000530
64,mobley_1046331,-4.325900,-3.820000,0.505900,0.000481
64,mobley_1160109,-3.628320,-3.750000,0.121680,0.000028
64,mobley_4149784,-3.403915,-3.670000,0.266085,0.000133
64,mobley_397645,-4.332321,-3.640000,0.692321,0.000901
64,mobley_4690963,-4.704652,-3.540000,1.164652,0.002551
64,mobley_1967551,-3.594925,-3.500000,0.094925,0.000017
64,mobley_6733657,-2.091902,-3.440000,1.348098,0.003417
64,mobley_9565165,-4.009799,-3.350000,0.659800,0.000819
64,mobley_2487143,-3.346845,-3.280000,0.066845,0.000008
64,mobley_8449031,-2.627408,-3.220000,0.592592,0.000660
64,mobley_172879,-3.564668,-3.150000,0.414668,0.000323
64,mobley_5346580,-1.740512,-3.110000,1.369488,0.003527
64,mobley_3573480,-3.185055,-3.040000,0.145055,0.000040
64,mobley_1075836,-2.993799,-2.930000,0.063799,0.000008
64,mobley_6102880,-4.578357,-2.870000,1.708357,0.005488
64,mobley_1827204,-2.742833,-2.810000,0.067167,0.000008
64,mobley_2146331,-1.875561,-2.750000,0.874439,0.001438
64,mobley_7943327,-2.784112,-2.680000,0.104112,0.000020
64,mobley_5110043,-3.005291,-2.630000,0.375291,0.000265
64,mobley_5616693,-2.859113,-2.530000,0.329113,0.000204
64,mobley_6619554,-2.510540,-2.490000,0.020540,0.000001
64,mobley_6359156,-3.689438,-2.460000,1.229438,0.002842
64,mobley_1781152,-2.008866,-2.400000,0.391134,0.000288
64,mobley_859464,-2.748424,-2.360000,0.388424,0.000284
64,mobley_7150646,-1.966408,-2.300000,0.333592,0.000209
64,mobley_1592519,-2.871652,-2.230000,0.641652,0.000774
64,mobley_5538249,-1.968674,-2.160000,0.191326,0.000069
64,mobley_6911232,-1.743146,-2.100000,0.356854,0.000239
64,mobley_3269565,-1.505135,-2.010000,0.504865,0.000479
64,mobley_2484519,-2.932685,-1.930000,1.002685,0.001891
64,mobley_7690440,-1.381933,-1.830000,0.448067,0.000378
64,mobley_3802803,-2.061891,-1.660000,0.401891,0.000304
64,mobley_1144156,-1.387828,-1.590000,0.202173,0.000077
64,mobley_2481002,-2.894964,-1.450000,1.444964,0.003926
64,mobley_2489709,-1.401364,-1.360000,0.041364,0.000003
64,mobley_5052949,-0.691000,-1.280000,0.589000,0.000652
64,mobley_2492140,-2.490550,-1.230000,1.260550,0.002988
64,mobley_7542832,-1.290341,-1.160000,0.130341,0.000032
64,mobley_7814642,-1.543183,-1.120000,0.423183,0.000337
64,mobley_1563176,-0.932396,-0.990000,0.057604,0.000006
64,mobley_1873346,-0.875637,-0.900000,0.024363,0.000001
64,mobley_3040612,-0.907575,-0.850000,0.057575,0.000006
64,mobley_4483973,-2.117025,-0.800000,1.317025,0.003262
64,mobley_9913368,-1.740896,-0.780000,0.960896,0.001736
64,mobley_1449384,-0.819324,-0.680000,0.139324,0.000037
64,mobley_7708038,-0.770159,-0.560000,0.210159,0.000083
64,mobley_8311321,-0.116275,-0.500000,0.383725,0.000277
64,mobley_766666,-0.653726,-0.440000,0.213726,0.000086
64,mobley_5445548,-0.829059,-0.300000,0.529059,0.000526
64,mobley_9029594,-1.176772,-0.220000,0.956772,0.001721
64,mobley_3370989,-1.977810,-0.110000,1.867810,0.006560
64,mobley_627267,-0.286523,-0.030000,0.256523,0.000124
64,mobley_6250025,0.244462,0.080000,0.164462,0.000051
64,mobley_4252724,-0.712416,0.160000,0.872416,0.001431
64,mobley_7157427,0.301079,0.290000,0.011079,0.000000
64,mobley_8885088,-0.085281,0.560000,0.645281,0.000783
64,mobley_8522124,0.464272,0.710000,0.245728,0.000114
64,mobley_4678740,0.706147,1.070000,0.363853,0.000249
64,mobley_2689721,0.990773,1.230000,0.239227,0.000108
64,mobley_1662128,1.133576,1.380000,0.246424,0.000114
64,mobley_4762983,1.740227,1.660000,0.080227,0.000012
64,mobley_7732703,0.405463,1.790000,1.384537,0.003605
64,mobley_2068538,1.445009,2.000000,0.554991,0.000579
64,mobley_5157661,1.873736,2.300000,0.426264,0.000342
64,mobley_1261349,2.561538,2.510000,0.051538,0.000005
64,mobley_2328633,2.100454,2.550000,0.449546,0.000380
64,mobley_8436428,3.018542,2.830000,0.188542,0.000067
64,mobley_3060426,3.587193,2.930000,0.657193,0.000812
64,mobley_2197088,3.140994,3.160000,0.019006,0.000001
65,mobley_9534740,-21.436356,-25.469999,4.033644,0.030596
65,mobley_6239320,-22.827381,-18.059999,4.767382,0.042739
65,mobley_7794077,-15.414870,-15.460000,0.045130,0.000004
65,mobley_7415647,-13.459649,-11.950000,1.509649,0.004286
65,mobley_1728386,-10.853109,-11.000000,0.146891,0.000041
65,mobley_2269032,-9.645889,-10.210000,0.564111,0.000598
65,mobley_2913224,-7.867268,-9.940000,2.072732,0.008079
65,mobley_2659552,-9.929621,-9.760000,0.169621,0.000054
65,mobley_7176290,-9.288207,-9.620000,0.331793,0.000207
65,mobley_2295058,-9.430361,-9.510000,0.079639,0.000012
65,mobley_6055410,-10.398318,-9.400000,0.998319,0.001874
65,mobley_4639255,-9.770829,-9.300000,0.470829,0.000417
65,mobley_1417007,-5.917720,-9.010000,3.092280,0.017981
65,mobley_6115639,-10.266332,-8.700000,1.566332,0.004613
65,mobley_6353617,-7.410862,-8.260000,0.849138,0.001356
65,mobley_2725215,-9.776978,-7.980000,1.796978,0.006072
65,mobley_7039935,-6.807785,-7.670000,0.862215,0.001398
65,mobley_4059279,-5.781686,-7.580000,1.798314,0.006081
65,mobley_951560,-9.593814,-7.400000,2.193814,0.009050
65,mobley_1922649,-9.219000,-7.190000,2.029000,0.007742
65,mobley_8798016,-7.666148,-7.000000,0.666148,0.000834
65,mobley_1858644,-6.426084,-6.790000,0.363916,0.000249
65,mobley_9114381,-6.223873,-6.720000,0.496127,0.000463
65,mobley_5311804,-5.629586,-6.620000,0.990414,0.001845
65,mobley_6743808,-6.024186,-6.500000,0.475814,0.000426
65,mobley_8789864,-5.605765,-6.400000,0.794235,0.001186
65,mobley_7009711,-5.915747,-6.270000,0.354253,0.000236
65,mobley_8789465,-4.630593,-6.200000,1.569407,0.004632
65,mobley_2923700,-6.116435,-6.130000,0.013565,0.000000
65,mobley_4780078,-5.222701,-6.010000,0.787299,0.001166
65,mobley_5467162,-5.404664,-5.910000,0.505336,0.000480
65,mobley_6257907,-6.082391,-5.820000,0.262391,0.000129
65,mobley_7913234,-5.895871,-5.730000,0.165871,0.000052
65,mobley_5518547,-5.642114,-5.570000,0.072114,0.000010
65,mobley_4883284,-5.857206,-5.490000,0.367207,0.000254
65,mobley_5220185,-4.837011,-5.450000,0.612989,0.000707
65,mobley_3359593,-5.233510,-5.260000,0.026490,0.000001
65,mobley_4683624,-5.936470,-5.210000,0.726470,0.000992
65,mobley_1636752,-3.618719,-5.100000,1.481281,0.004126
65,mobley_2310185,-4.537391,-5.000000,0.462609,0.000402
65,mobley_3682850,-3.902985,-4.910000,1.007015,0.001907
65,mobley_1363784,-4.236957,-4.840000,0.603044,0.000684
65,mobley_2837389,-4.195767,-4.780000,0.584233,0.000642
65,mobley_9507933,-4.202133,-4.720000,0.517867,0.000504
65,mobley_296847,-4.716014,-4.690000,0.026014,0.000001
65,mobley_8208692,-3.431084,-4.610000,1.178916,0.002614
65,mobley_4884177,-4.149852,-4.590000,0.440148,0.000364
65,mobley_6714389,-3.897163,-4.550000,0.652837,0.000801
65,mobley_2245668,-4.108404,-4.500000,0.391596,0.000288
65,mobley_5973402,-4.020126,-4.420000,0.399874,0.000301
65,mobley_3546460,-4.237098,-4.400000,0.162902,0.000050
65,mobley_8311303,-3.982418,-4.380000,0.397582,0.000297
65,mobley_9741965,-6.229331,-4.290000,1.939331,0.007072
65,mobley_4603202,-4.465632,-4.230000,0.235632,0.000104
65,mobley_628086,-4.689727,-4.160000,0.529727,0.000528
65,mobley_4620651,-3.624045,-4.100000,0.475955,0.000426
65,mobley_7977115,-3.925525,-4.060000,0.134475,0.000034
65,mobley_2789243,-3.737756,-4.010000,0.272244,0.000139
65,mobley_3968739,-3.986096,-3.920000,0.066096,0.000008
65,mobley_63712,-2.485129,-3.880000,1.394871,0.003659
65,mobley_1046331,-4.024185,-3.820000,0.204185,0.000078
65,mobley_1160109,-2.948779,-3.750000,0.801221,0.001207
65,mobley_4149784,-2.643921,-3.670000,1.026079,0.001980
65,mobley_397645,-3.979588,-3.640000,0.339588,0.000217
65,mobley_4690963,-4.093808,-3.540000,0.553808,0.000577
65,mobley_1967551,-3.281707,-3.500000,0.218293,0.000090
65,mobley_6733657,-3.009085,-3.440000,0.430915,0.000349
65,mobley_9565165,-2.610170,-3.350000,0.739830,0.001029
65,mobley_2487143,-2.879928,-3.280000,0.400072,0.000301
65,mobley_8449031,-2.076957,-3.220000,1.143043,0.002457
65,mobley_172879,-2.844541,-3.150000,0.305459,0.000175
65,mobley_5346580,-1.329743,-3.110000,1.780257,0.005960
65,mobley_3573480,-2.710323,-3.040000,0.329677,0.000204
65,mobley_1075836,-2.888371,-2.930000,0.041629,0.000003
65,mobley_6102880,-3.979948,-2.870000,1.109948,0.002317
65,mobley_1827204,-2.436232,-2.810000,0.373768,0.000263
65,mobley_2146331,-1.504006,-2.750000,1.245994,0.002919
65,mobley_7943327,-2.741033,-2.680000,0.061033,0.000007
65,mobley_5110043,-1.620236,-2.630000,1.009764,0.001917
65,mobley_5616693,-2.179778,-2.530000,0.350222,0.000231
65,mobley_6619554,-2.472048,-2.490000,0.017952,0.000001
65,mobley_6359156,-3.685700,-2.460000,1.225700,0.002825
65,mobley_1781152,-1.639973,-2.400000,0.760027,0.001086
65,mobley_859464,-2.320584,-2.360000,0.039416,0.000003
65,mobley_7150646,-1.505510,-2.300000,0.794490,0.001187
65,mobley_1592519,-2.787354,-2.230000,0.557354,0.000584
65,mobley_5538249,-1.533745,-2.160000,0.626255,0.000738
65,mobley_6911232,-1.407728,-2.100000,0.692272,0.000901
65,mobley_3269565,-1.020732,-2.010000,0.989268,0.001840
65,mobley_2484519,-2.618250,-1.930000,0.688250,0.000891
65,mobley_7690440,-1.911745,-1.830000,0.081745,0.000013
65,mobley_3802803,-1.968374,-1.660000,0.308374,0.000179
65,mobley_1144156,-1.075399,-1.590000,0.514601,0.000498
65,mobley_2481002,-3.105683,-1.450000,1.655683,0.005155
65,mobley_2489709,-1.299844,-1.360000,0.060156,0.000007
65,mobley_5052949,-0.414906,-1.280000,0.865094,0.001407
65,mobley_2492140,-2.552866,-1.230000,1.322866,0.003291
65,mobley_7542832,-0.842524,-1.160000,0.317476,0.000190
65,mobley_7814642,-1.755244,-1.120000,0.635244,0.000759
65,mobley_1563176,-0.701076,-0.990000,0.288924,0.000157
65,mobley_1873346,-0.292064,-0.900000,0.607936,0.000695
65,mobley_3040612,-0.174125,-0.850000,0.675875,0.000859
65,mobley_4483973,-1.766150,-0.800000,0.966150,0.001755
65,mobley_9913368,-1.618490,-0.780000,0.838490,0.001322
65,mobley_1449384,0.034106,-0.680000,0.714106,0.000959
65,mobley_7708038,-0.430321,-0.560000,0.129679,0.000032
65,mobley_8311321,-0.301865,-0.500000,0.198135,0.000074
65,mobley_766666,-0.789884,-0.440000,0.349884,0.000230
65,mobley_5445548,-0.183771,-0.300000,0.116229,0.000025
65,mobley_9029594,-0.920203,-0.220000,0.700203,0.000922
65,mobley_3370989,-1.973864,-0.110000,1.863864,0.006533
65,mobley_627267,0.170938,-0.030000,0.200938,0.000076
65,mobley_6250025,0.549549,0.080000,0.469549,0.000415
65,mobley_4252724,0.076715,0.160000,0.083285,0.000013
65,mobley_7157427,0.446291,0.290000,0.156291,0.000046
65,mobley_8885088,0.248387,0.560000,0.311613,0.000183
65,mobley_8522124,0.829564,0.710000,0.119564,0.000027
65,mobley_4678740,0.222036,1.070000,0.847964,0.001352
65,mobley_2689721,1.176844,1.230000,0.053156,0.000005
65,mobley_1662128,1.423186,1.380000,0.043186,0.000004
65,mobley_4762983,2.068434,1.660000,0.408434,0.000314
65,mobley_7732703,0.368379,1.790000,1.421621,0.003800
65,mobley_2068538,1.507321,2.000000,0.492679,0.000456
65,mobley_5157661,2.020402,2.300000,0.279598,0.000147
65,mobley_1261349,2.884868,2.510000,0.374868,0.000264
65,mobley_2328633,2.375263,2.550000,0.174737,0.000057
65,mobley_8436428,3.183266,2.830000,0.353266,0.000235
65,mobley_3060426,4.039810,2.930000,1.109810,0.002316
65,mobley_2197088,3.230813,3.160000,0.070813,0.000009
66,mobley_9534740,-21.391844,-25.469999,4.078156,0.031274
66,mobley_6239320,-22.370028,-18.059999,4.310028,0.034932
66,mobley_7794077,-14.895158,-15.460000,0.564842,0.000600
66,mobley_7415647,-13.611385,-11.950000,1.661386,0.005190
66,mobley_1728386,-10.986625,-11.000000,0.013375,0.000000
66,mobley_2269032,-10.199280,-10.210000,0.010720,0.000000
66,mobley_2913224,-7.828496,-9.940000,2.111504,0.008384
66,mobley_2659552,-10.444025,-9.760000,0.684025,0.000880
66,mobley_7176290,-9.392962,-9.620000,0.227038,0.000097
66,mobley_2295058,-9.446523,-9.510000,0.063478,0.000008
66,mobley_6055410,-10.574986,-9.400000,1.174987,0.002596
66,mobley_4639255,-9.599823,-9.300000,0.299823,0.000169
66,mobley_1417007,-5.064496,-9.010000,3.945505,0.029273
66,mobley_6115639,-8.937583,-8.700000,0.237583,0.000106
66,mobley_6353617,-7.243916,-8.260000,1.016085,0.001941
66,mobley_2725215,-10.716676,-7.980000,2.736676,0.014083
66,mobley_7039935,-7.307392,-7.670000,0.362608,0.000247
66,mobley_4059279,-6.654873,-7.580000,0.925127,0.001609
66,mobley_951560,-9.603597,-7.400000,2.203597,0.009131
66,mobley_1922649,-8.274098,-7.190000,1.084098,0.002210
66,mobley_8798016,-7.493716,-7.000000,0.493716,0.000458
66,mobley_1858644,-6.899811,-6.790000,0.109811,0.000023
66,mobley_9114381,-6.204785,-6.720000,0.515214,0.000499
66,mobley_5311804,-5.998860,-6.620000,0.621140,0.000726
66,mobley_6743808,-6.427540,-6.500000,0.072460,0.000010
66,mobley_8789864,-5.893965,-6.400000,0.506035,0.000482
66,mobley_7009711,-6.413329,-6.270000,0.143329,0.000039
66,mobley_8789465,-5.008256,-6.200000,1.191743,0.002671
66,mobley_2923700,-6.423650,-6.130000,0.293650,0.000162
66,mobley_4780078,-5.607912,-6.010000,0.402089,0.000304
66,mobley_5467162,-6.010273,-5.910000,0.100273,0.000019
66,mobley_6257907,-6.051290,-5.820000,0.231290,0.000101
66,mobley_7913234,-6.234622,-5.730000,0.504622,0.000479
66,mobley_5518547,-6.117908,-5.570000,0.547908,0.000565
66,mobley_4883284,-6.168616,-5.490000,0.678616,0.000866
66,mobley_5220185,-4.925652,-5.450000,0.524348,0.000517
66,mobley_3359593,-5.687803,-5.260000,0.427803,0.000344
66,mobley_4683624,-6.358273,-5.210000,1.148273,0.002479
66,mobley_1636752,-3.706083,-5.100000,1.393917,0.003654
66,mobley_2310185,-4.479345,-5.000000,0.520655,0.000510
66,mobley_3682850,-4.091567,-4.910000,0.818433,0.001260
66,mobley_1363784,-4.454872,-4.840000,0.385128,0.000279
66,mobley_2837389,-4.549058,-4.780000,0.230942,0.000100
66,mobley_9507933,-4.455728,-4.720000,0.264272,0.000131
66,mobley_296847,-4.561882,-4.690000,0.128119,0.000031
66,mobley_8208692,-3.128895,-4.610000,1.481105,0.004125
66,mobley_4884177,-4.209268,-4.590000,0.380733,0.000273
66,mobley_6714389,-3.992616,-4.550000,0.557384,0.000584
66,mobley_2245668,-4.286888,-4.500000,0.213112,0.000085
66,mobley_5973402,-4.306214,-4.420000,0.113786,0.000024
66,mobley_3546460,-4.437807,-4.400000,0.037807,0.000003
66,mobley_8311303,-3.641629,-4.380000,0.738371,0.001025
66,mobley_9741965,-6.225966,-4.290000,1.935966,0.007048
66,mobley_4603202,-4.626805,-4.230000,0.396805,0.000296
66,mobley_628086,-4.521668,-4.160000,0.361668,0.000246
66,mobley_4620651,-3.614164,-4.100000,0.485836,0.000444
66,mobley_7977115,-4.179575,-4.060000,0.119575,0.000027
66,mobley_2789243,-3.811653,-4.010000,0.198347,0.000074
66,mobley_3968739,-4.315452,-3.920000,0.395452,0.000294
66,mobley_63712,-3.108438,-3.880000,0.771563,0.001119
66,mobley_1046331,-4.193124,-3.820000,0.373124,0.000262
66,mobley_1160109,-3.672369,-3.750000,0.077631,0.000011
66,mobley_4149784,-3.502450,-3.670000,0.167550,0.000053
66,mobley_397645,-4.227868,-3.640000,0.587868,0.000650
66,mobley_4690963,-4.728910,-3.540000,1.188910,0.002658
66,mobley_1967551,-3.294889,-3.500000,0.205111,0.000079
66,mobley_6733657,-2.776852,-3.440000,0.663148,0.000827
66,mobley_9565165,-3.638644,-3.350000,0.288644,0.000157
66,mobley_2487143,-3.380423,-3.280000,0.100423,0.000019
66,mobley_8449031,-2.664310,-3.220000,0.555690,0.000581
66,mobley_172879,-3.407509,-3.150000,0.257509,0.000125
66,mobley_5346580,-1.645483,-3.110000,1.464516,0.004033
66,mobley_3573480,-3.212037,-3.040000,0.172037,0.000056
66,mobley_1075836,-2.890048,-2.930000,0.039953,0.000003
66,mobley_6102880,-4.590290,-2.870000,1.720290,0.005565
66,mobley_1827204,-2.717488,-2.810000,0.092512,0.000016
66,mobley_2146331,-1.784021,-2.750000,0.965979,0.001755
66,mobley_7943327,-2.597145,-2.680000,0.082855,0.000013
66,mobley_5110043,-2.762186,-2.630000,0.132186,0.000033
66,mobley_5616693,-2.976744,-2.530000,0.446744,0.000375
66,mobley_6619554,-2.484947,-2.490000,0.005053,0.000000
66,mobley_6359156,-3.846689,-2.460000,1.386689,0.003616
66,mobley_1781152,-2.069655,-2.400000,0.330345,0.000205
66,mobley_859464,-2.373833,-2.360000,0.013833,0.000000
66,mobley_7150646,-2.023499,-2.300000,0.276501,0.000144
66,mobley_1592519,-2.780231,-2.230000,0.550231,0.000569
66,mobley_5538249,-2.097997,-2.160000,0.062003,0.000007
66,mobley_6911232,-1.701685,-2.100000,0.398315,0.000298
66,mobley_3269565,-1.384729,-2.010000,0.625271,0.000735
66,mobley_2484519,-2.791567,-1.930000,0.861567,0.001396
66,mobley_7690440,-1.651140,-1.830000,0.178860,0.000060
66,mobley_3802803,-2.190535,-1.660000,0.530535,0.000529
66,mobley_1144156,-1.479987,-1.590000,0.110013,0.000023
66,mobley_2481002,-2.728070,-1.450000,1.278070,0.003072
66,mobley_2489709,-1.220514,-1.360000,0.139486,0.000037
66,mobley_5052949,-0.775530,-1.280000,0.504470,0.000479
66,mobley_2492140,-1.451459,-1.230000,0.221459,0.000092
66,mobley_7542832,-1.334958,-1.160000,0.174958,0.000058
66,mobley_7814642,-1.657642,-1.120000,0.537642,0.000544
66,mobley_1563176,-0.913885,-0.990000,0.076115,0.000011
66,mobley_1873346,-0.895136,-0.900000,0.004864,0.000000
66,mobley_3040612,-0.978158,-0.850000,0.128158,0.000031
66,mobley_4483973,-2.075508,-0.800000,1.275508,0.003059
66,mobley_9913368,-1.715439,-0.780000,0.935439,0.001645
66,mobley_1449384,-0.959074,-0.680000,0.279074,0.000146
66,mobley_7708038,-0.656545,-0.560000,0.096545,0.000018
66,mobley_8311321,-0.189328,-0.500000,0.310672,0.000181
66,mobley_766666,-0.638671,-0.440000,0.198671,0.000074
66,mobley_5445548,-0.921928,-0.300000,0.621928,0.000727
66,mobley_9029594,-1.222538,-0.220000,1.002538,0.001890
66,mobley_3370989,-1.822037,-0.110000,1.712037,0.005512
66,mobley_627267,-0.190994,-0.030000,0.160994,0.000049
66,mobley_6250025,0.122943,0.080000,0.042943,0.000003
66,mobley_4252724,-0.818121,0.160000,0.978121,0.001799
66,mobley_7157427,0.241475,0.290000,0.048525,0.000004
66,mobley_8885088,-0.085784,0.560000,0.645784,0.000784
66,mobley_8522124,0.226241,0.710000,0.483759,0.000440
66,mobley_4678740,0.354439,1.070000,0.715561,0.000963
66,mobley_2689721,0.829054,1.230000,0.400946,0.000302
66,mobley_1662128,1.182939,1.380000,0.197061,0.000073
66,mobley_4762983,1.727420,1.660000,0.067420,0.000009
66,mobley_7732703,0.213213,1.790000,1.576787,0.004675
66,mobley_2068538,1.280974,2.000000,0.719026,0.000972
66,mobley_5157661,1.710782,2.300000,0.589218,0.000653
66,mobley_1261349,2.353289,2.510000,0.156711,0.000046
66,mobley_2328633,1.776276,2.550000,0.773723,0.001126
66,mobley_8436428,2.631490,2.830000,0.198509,0.000074
66,mobley_3060426,3.066780,2.930000,0.136780,0.000035
66,mobley_2197088,2.688923,3.160000,0.471077,0.000417
67,mobley_9534740,-21.648191,-25.469999,3.821808,0.027466
67,mobley_6239320,-23.440918,-18.059999,5.380919,0.054447
67,mobley_7794077,-15.007943,-15.460000,0.452057,0.000384
67,mobley_7415647,-13.825073,-11.950000,1.875073,0.006611
67,mobley_1728386,-10.856140,-11.000000,0.143860,0.000039
67,mobley_2269032,-9.492163,-10.210000,0.717837,0.000969
67,mobley_2913224,-7.763492,-9.940000,2.176507,0.008908
67,mobley_2659552,-10.093809,-9.760000,0.333809,0.000210
67,mobley_7176290,-9.629654,-9.620000,0.009654,0.000000
67,mobley_2295058,-9.201483,-9.510000,0.308517,0.000179
67,mobley_6055410,-9.657145,-9.400000,0.257145,0.000124
67,mobley_4639255,-10.047909,-9.300000,0.747909,0.001052
67,mobley_1417007,-5.697821,-9.010000,3.312179,0.020630
67,mobley_6115639,-10.567928,-8.700000,1.867929,0.006561
67,mobley_6353617,-7.528635,-8.260000,0.731365,0.001006
67,mobley_2725215,-9.738258,-7.980000,1.758258,0.005813
67,mobley_7039935,-6.479643,-7.670000,1.190357,0.002665
67,mobley_4059279,-6.871311,-7.580000,0.708689,0.000944
67,mobley_951560,-10.620176,-7.400000,3.220176,0.019499
67,mobley_1922649,-9.222352,-7.190000,2.032352,0.007767
67,mobley_8798016,-7.538528,-7.000000,0.538528,0.000545
67,mobley_1858644,-6.466743,-6.790000,0.323256,0.000196
67,mobley_9114381,-6.428585,-6.720000,0.291415,0.000160
67,mobley_5311804,-5.553849,-6.620000,1.066151,0.002137
67,mobley_6743808,-6.293816,-6.500000,0.206184,0.000080
67,mobley_8789864,-6.398103,-6.400000,0.001897,0.000000
67,mobley_7009711,-6.399578,-6.270000,0.129578,0.000032
67,mobley_8789465,-4.417132,-6.200000,1.782867,0.005977
67,mobley_2923700,-5.911645,-6.130000,0.218355,0.000090
67,mobley_4780078,-5.459139,-6.010000,0.550861,0.000571
67,mobley_5467162,-5.580995,-5.910000,0.329005,0.000204
67,mobley_6257907,-5.967458,-5.820000,0.147458,0.000041
67,mobley_7913234,-6.539490,-5.730000,0.809490,0.001232
67,mobley_5518547,-5.769711,-5.570000,0.199711,0.000075
67,mobley_4883284,-5.708785,-5.490000,0.218785,0.000090
67,mobley_5220185,-5.338149,-5.450000,0.111851,0.000024
67,mobley_3359593,-5.626665,-5.260000,0.366665,0.000253
67,mobley_4683624,-5.779524,-5.210000,0.569524,0.000610
67,mobley_1636752,-3.778665,-5.100000,1.321335,0.003283
67,mobley_2310185,-4.780864,-5.000000,0.219136,0.000090
67,mobley_3682850,-4.198598,-4.910000,0.711401,0.000952
67,mobley_1363784,-4.750263,-4.840000,0.089737,0.000015
67,mobley_2837389,-4.310258,-4.780000,0.469742,0.000415
67,mobley_9507933,-4.859826,-4.720000,0.139826,0.000037
67,mobley_296847,-4.551000,-4.690000,0.139000,0.000036
67,mobley_8208692,-3.838177,-4.610000,0.771823,0.001120
67,mobley_4884177,-4.061356,-4.590000,0.528645,0.000526
67,mobley_6714389,-4.175826,-4.550000,0.374175,0.000263
67,mobley_2245668,-4.704509,-4.500000,0.204509,0.000079
67,mobley_5973402,-4.560181,-4.420000,0.140181,0.000037
67,mobley_3546460,-4.537871,-4.400000,0.137871,0.000036
67,mobley_8311303,-4.232123,-4.380000,0.147877,0.000041
67,mobley_9741965,-6.152740,-4.290000,1.862740,0.006525
67,mobley_4603202,-4.762239,-4.230000,0.532239,0.000533
67,mobley_628086,-4.436876,-4.160000,0.276876,0.000144
67,mobley_4620651,-3.712623,-4.100000,0.387377,0.000282
67,mobley_7977115,-4.489527,-4.060000,0.429527,0.000347
67,mobley_2789243,-3.968122,-4.010000,0.041878,0.000003
67,mobley_3968739,-3.856397,-3.920000,0.063603,0.000008
67,mobley_63712,-3.209803,-3.880000,0.670197,0.000845
67,mobley_1046331,-3.865912,-3.820000,0.045912,0.000004
67,mobley_1160109,-3.543657,-3.750000,0.206343,0.000080
67,mobley_4149784,-3.582331,-3.670000,0.087669,0.000014
67,mobley_397645,-3.723371,-3.640000,0.083370,0.000013
67,mobley_4690963,-4.578006,-3.540000,1.038006,0.002026
67,mobley_1967551,-3.667400,-3.500000,0.167400,0.000053
67,mobley_6733657,-2.885218,-3.440000,0.554782,0.000579
67,mobley_9565165,-2.422835,-3.350000,0.927165,0.001617
67,mobley_2487143,-3.739362,-3.280000,0.459362,0.000397
67,mobley_8449031,-2.710790,-3.220000,0.509210,0.000488
67,mobley_172879,-2.888406,-3.150000,0.261594,0.000129
67,mobley_5346580,-2.177680,-3.110000,0.932320,0.001635
67,mobley_3573480,-3.520349,-3.040000,0.480349,0.000434
67,mobley_1075836,-3.193413,-2.930000,0.263413,0.000130
67,mobley_6102880,-3.673500,-2.870000,0.803500,0.001214
67,mobley_1827204,-2.708477,-2.810000,0.101523,0.000019
67,mobley_2146331,-1.622373,-2.750000,1.127627,0.002391
67,mobley_7943327,-2.835862,-2.680000,0.155862,0.000046
67,mobley_5110043,-1.984625,-2.630000,0.645375,0.000783
67,mobley_5616693,-2.998787,-2.530000,0.468787,0.000413
67,mobley_6619554,-2.502563,-2.490000,0.012563,0.000000
67,mobley_6359156,-3.512400,-2.460000,1.052400,0.002083
67,mobley_1781152,-2.547769,-2.400000,0.147769,0.000041
67,mobley_859464,-3.008425,-2.360000,0.648425,0.000791
67,mobley_7150646,-1.603872,-2.300000,0.696128,0.000911
67,mobley_1592519,-2.872369,-2.230000,0.642369,0.000776
67,mobley_5538249,-1.774471,-2.160000,0.385529,0.000279
67,mobley_6911232,-1.756599,-2.100000,0.343401,0.000222
67,mobley_3269565,-1.807044,-2.010000,0.202956,0.000077
67,mobley_2484519,-2.425822,-1.930000,0.495823,0.000462
67,mobley_7690440,-1.888475,-1.830000,0.058475,0.000006
67,mobley_3802803,-1.978832,-1.660000,0.318832,0.000191
67,mobley_1144156,-1.367242,-1.590000,0.222758,0.000093
67,mobley_2481002,-3.082977,-1.450000,1.632977,0.005014
67,mobley_2489709,-1.386126,-1.360000,0.026126,0.000001
67,mobley_5052949,-0.762506,-1.280000,0.517494,0.000504
67,mobley_2492140,-2.788735,-1.230000,1.558735,0.004569
67,mobley_7542832,-1.299662,-1.160000,0.139662,0.000037
67,mobley_7814642,-1.951356,-1.120000,0.831356,0.001300
67,mobley_1563176,-0.865452,-0.990000,0.124548,0.000029
67,mobley_1873346,-0.426006,-0.900000,0.473994,0.000422
67,mobley_3040612,-0.370321,-0.850000,0.479679,0.000433
67,mobley_4483973,-1.645558,-0.800000,0.845558,0.001344
67,mobley_9913368,-1.868175,-0.780000,1.088175,0.002227
67,mobley_1449384,-0.421040,-0.680000,0.258960,0.000126
67,mobley_7708038,-0.628510,-0.560000,0.068510,0.000009
67,mobley_8311321,-0.337653,-0.500000,0.162347,0.000050
67,mobley_766666,-0.881762,-0.440000,0.441762,0.000367
67,mobley_5445548,-0.258417,-0.300000,0.041583,0.000003
67,mobley_9029594,-1.086925,-0.220000,0.866925,0.001413
67,mobley_3370989,-2.133672,-0.110000,2.023672,0.007701
67,mobley_627267,-0.363611,-0.030000,0.333611,0.000209
67,mobley_6250025,0.458741,0.080000,0.378741,0.000270
67,mobley_4252724,-0.145699,0.160000,0.305699,0.000176
67,mobley_7157427,0.335671,0.290000,0.045671,0.000004
67,mobley_8885088,0.295732,0.560000,0.264268,0.000131
67,mobley_8522124,0.784607,0.710000,0.074607,0.000010
67,mobley_4678740,0.808124,1.070000,0.261876,0.000129
67,mobley_2689721,1.124451,1.230000,0.105549,0.000021
67,mobley_1662128,1.273156,1.380000,0.106844,0.000021
67,mobley_4762983,2.019679,1.660000,0.359679,0.000243
67,mobley_7732703,0.344222,1.790000,1.445778,0.003931
67,mobley_2068538,1.337847,2.000000,0.662153,0.000824
67,mobley_5157661,1.682765,2.300000,0.617235,0.000716
67,mobley_1261349,2.229877,2.510000,0.280123,0.000148
67,mobley_2328633,2.255062,2.550000,0.294938,0.000164
67,mobley_8436428,2.714433,2.830000,0.115567,0.000025
67,mobley_3060426,3.178103,2.930000,0.248103,0.000116
67,mobley_2197088,3.187629,3.160000,0.027629,0.000001
68,mobley_9534740,-20.109926,-25.469999,5.360073,0.054026
68,mobley_6239320,-21.841949,-18.059999,3.781950,0.026896
68,mobley_7794077,-14.943378,-15.460000,0.516622,0.000502
68,mobley_7415647,-13.405039,-11.950000,1.455039,0.003981
68,mobley_1728386,-10.609172,-11.000000,0.390828,0.000287
68,mobley_2269032,-10.051395,-10.210000,0.158605,0.000047
68,mobley_2913224,-7.801277,-9.940000,2.138722,0.008601
68,mobley_2659552,-9.951912,-9.760000,0.191912,0.000069
68,mobley_7176290,-9.285262,-9.620000,0.334738,0.000211
68,mobley_2295058,-9.292174,-9.510000,0.217826,0.000089
68,mobley_6055410,-10.547259,-9.400000,1.147260,0.002475
68,mobley_4639255,-9.431191,-9.300000,0.131191,0.000032
68,mobley_1417007,-5.646028,-9.010000,3.363973,0.021280
68,mobley_6115639,-8.391722,-8.700000,0.308278,0.000179
68,mobley_6353617,-7.621621,-8.260000,0.638379,0.000766
68,mobley_2725215,-9.848407,-7.980000,1.868407,0.006565
68,mobley_7039935,-7.180805,-7.670000,0.489195,0.000450
68,mobley_4059279,-6.151425,-7.580000,1.428575,0.003838
68,mobley_951560,-9.184121,-7.400000,1.784121,0.005986
68,mobley_1922649,-8.599477,-7.190000,1.409477,0.003736
68,mobley_8798016,-7.615499,-7.000000,0.615499,0.000712
68,mobley_1858644,-7.024353,-6.790000,0.234353,0.000103
68,mobley_9114381,-6.102911,-6.720000,0.617089,0.000716
68,mobley_5311804,-5.947763,-6.620000,0.672237,0.000850
68,mobley_6743808,-6.506619,-6.500000,0.006619,0.000000
68,mobley_8789864,-5.780647,-6.400000,0.619353,0.000721
68,mobley_7009711,-6.289655,-6.270000,0.019655,0.000001
68,mobley_8789465,-5.094742,-6.200000,1.105258,0.002297
68,mobley_2923700,-6.326675,-6.130000,0.196675,0.000073
68,mobley_4780078,-5.735699,-6.010000,0.274301,0.000141
68,mobley_5467162,-5.982320,-5.910000,0.072320,0.000010
68,mobley_6257907,-6.170547,-5.820000,0.350547,0.000231
68,mobley_7913234,-6.077487,-5.730000,0.347487,0.000227
68,mobley_5518547,-6.068487,-5.570000,0.498487,0.000467
68,mobley_4883284,-6.024002,-5.490000,0.534002,0.000536
68,mobley_5220185,-5.111785,-5.450000,0.338215,0.000215
68,mobley_3359593,-5.881568,-5.260000,0.621568,0.000727
68,mobley_4683624,-6.276586,-5.210000,1.066586,0.002139
68,mobley_1636752,-3.727032,-5.100000,1.372968,0.003545
68,mobley_2310185,-4.535107,-5.000000,0.464893,0.000406
68,mobley_3682850,-4.080795,-4.910000,0.829205,0.001293
68,mobley_1363784,-4.661932,-4.840000,0.178068,0.000060
68,mobley_2837389,-4.494122,-4.780000,0.285878,0.000154
68,mobley_9507933,-4.707706,-4.720000,0.012294,0.000000
68,mobley_296847,-4.612180,-4.690000,0.077820,0.000011
68,mobley_8208692,-4.048422,-4.610000,0.561578,0.000593
68,mobley_4884177,-4.289245,-4.590000,0.300755,0.000170
68,mobley_6714389,-3.973022,-4.550000,0.576978,0.000626
68,mobley_2245668,-4.355275,-4.500000,0.144725,0.000039
68,mobley_5973402,-4.377221,-4.420000,0.042779,0.000003
68,mobley_3546460,-4.400021,-4.400000,0.000021,0.000000
68,mobley_8311303,-4.381444,-4.380000,0.001443,0.000000
68,mobley_9741965,-5.764390,-4.290000,1.474391,0.004088
68,mobley_4603202,-4.392826,-4.230000,0.162826,0.000050
68,mobley_628086,-4.164188,-4.160000,0.004189,0.000000
68,mobley_4620651,-3.697035,-4.100000,0.402965,0.000305
68,mobley_7977115,-4.293673,-4.060000,0.233673,0.000103
68,mobley_2789243,-3.771035,-4.010000,0.238965,0.000107
68,mobley_3968739,-3.992687,-3.920000,0.072687,0.000010
68,mobley_63712,-2.980694,-3.880000,0.899307,0.001521
68,mobley_1046331,-4.111389,-3.820000,0.291389,0.000160
68,mobley_1160109,-3.867342,-3.750000,0.117342,0.000026
68,mobley_4149784,-3.638750,-3.670000,0.031250,0.000002
68,mobley_397645,-3.709085,-3.640000,0.069085,0.000009
68,mobley_4690963,-4.472216,-3.540000,0.932216,0.001634
68,mobley_1967551,-3.459285,-3.500000,0.040715,0.000003
68,mobley_6733657,-3.339687,-3.440000,0.100313,0.000019
68,mobley_9565165,-3.775820,-3.350000,0.425820,0.000341
68,mobley_2487143,-3.328554,-3.280000,0.048554,0.000004
68,mobley_8449031,-2.594809,-3.220000,0.625191,0.000735
68,mobley_172879,-3.256808,-3.150000,0.106807,0.000021
68,mobley_5346580,-1.810263,-3.110000,1.299737,0.003177
68,mobley_3573480,-3.121921,-3.040000,0.081921,0.000013
68,mobley_1075836,-3.008893,-2.930000,0.078893,0.000012
68,mobley_6102880,-4.261290,-2.870000,1.391290,0.003640
68,mobley_1827204,-2.542029,-2.810000,0.267971,0.000135
68,mobley_2146331,-1.948888,-2.750000,0.801112,0.001207
68,mobley_7943327,-2.497345,-2.680000,0.182655,0.000063
68,mobley_5110043,-2.577681,-2.630000,0.052320,0.000005
68,mobley_5616693,-2.938918,-2.530000,0.408918,0.000314
68,mobley_6619554,-2.334877,-2.490000,0.155123,0.000045
68,mobley_6359156,-4.141016,-2.460000,1.681016,0.005314
68,mobley_1781152,-1.989542,-2.400000,0.410458,0.000317
68,mobley_859464,-2.476586,-2.360000,0.116586,0.000026
68,mobley_7150646,-2.269005,-2.300000,0.030995,0.000002
68,mobley_1592519,-2.763504,-2.230000,0.533504,0.000535
68,mobley_5538249,-2.599314,-2.160000,0.439314,0.000363
68,mobley_6911232,-1.602833,-2.100000,0.497167,0.000465
68,mobley_3269565,-1.494979,-2.010000,0.515021,0.000499
68,mobley_2484519,-2.801267,-1.930000,0.871267,0.001427
68,mobley_7690440,-2.179935,-1.830000,0.349935,0.000230
68,mobley_3802803,-1.621766,-1.660000,0.038234,0.000003
68,mobley_1144156,-1.229294,-1.590000,0.360706,0.000245
68,mobley_2481002,-2.705669,-1.450000,1.255669,0.002965
68,mobley_2489709,-1.557939,-1.360000,0.197939,0.000074
68,mobley_5052949,-0.784967,-1.280000,0.495033,0.000461
68,mobley_2492140,-1.888912,-1.230000,0.658912,0.000816
68,mobley_7542832,-1.152818,-1.160000,0.007182,0.000000
68,mobley_7814642,-1.993930,-1.120000,0.873930,0.001436
68,mobley_1563176,-1.018163,-0.990000,0.028163,0.000001
68,mobley_1873346,-0.625146,-0.900000,0.274854,0.000142
68,mobley_3040612,-0.786344,-0.850000,0.063656,0.000008
68,mobley_4483973,-1.912786,-0.800000,1.112786,0.002329
68,mobley_9913368,-1.841495,-0.780000,1.061495,0.002119
68,mobley_1449384,-0.626688,-0.680000,0.053312,0.000005
68,mobley_7708038,-0.752471,-0.560000,0.192471,0.000070
68,mobley_8311321,-0.248224,-0.500000,0.251776,0.000119
68,mobley_766666,-0.742150,-0.440000,0.302150,0.000172
68,mobley_5445548,-0.572466,-0.300000,0.272466,0.000140
68,mobley_9029594,-1.086093,-0.220000,0.866093,0.001411
68,mobley_3370989,-1.961424,-0.110000,1.851424,0.006446
68,mobley_627267,-0.314636,-0.030000,0.284636,0.000152
68,mobley_6250025,0.215959,0.080000,0.135959,0.000035
68,mobley_4252724,-0.581275,0.160000,0.741275,0.001033
68,mobley_7157427,0.213248,0.290000,0.076752,0.000011
68,mobley_8885088,0.000815,0.560000,0.559185,0.000588
68,mobley_8522124,0.425696,0.710000,0.284304,0.000152
68,mobley_4678740,0.021828,1.070000,1.048172,0.002066
68,mobley_2689721,1.102763,1.230000,0.127237,0.000030
68,mobley_1662128,1.160203,1.380000,0.219797,0.000091
68,mobley_4762983,1.735275,1.660000,0.075275,0.000011
68,mobley_7732703,0.308138,1.790000,1.481862,0.004129
68,mobley_2068538,1.463509,2.000000,0.536491,0.000541
68,mobley_5157661,1.894477,2.300000,0.405523,0.000309
68,mobley_1261349,2.479785,2.510000,0.030215,0.000002
68,mobley_2328633,2.032869,2.550000,0.517131,0.000503
68,mobley_8436428,2.875700,2.830000,0.045700,0.000004
68,mobley_3060426,3.227609,2.930000,0.297609,0.000167
68,mobley_2197088,3.116660,3.160000,0.043340,0.000004
69,mobley_9534740,-21.120462,-25.469999,4.349537,0.035575
69,mobley_6239320,-21.055311,-18.059999,2.995312,0.016871
69,mobley_7794077,-13.927348,-15.460000,1.532652,0.004417
69,mobley_7415647,-12.685713,-11.950000,0.735713,0.001018
69,mobley_1728386,-10.747382,-11.000000,0.252618,0.000120
69,mobley_2269032,-9.864258,-10.210000,0.345742,0.000225
69,mobley_2913224,-7.487495,-9.940000,2.452504,0.011311
69,mobley_2659552,-9.560530,-9.760000,0.199471,0.000075
69,mobley_7176290,-9.246163,-9.620000,0.373837,0.000263
69,mobley_2295058,-9.293734,-9.510000,0.216267,0.000088
69,mobley_6055410,-10.055237,-9.400000,0.655237,0.000807
69,mobley_4639255,-9.394378,-9.300000,0.094378,0.000017
69,mobley_1417007,-5.015812,-9.010000,3.994188,0.030000
69,mobley_6115639,-10.119313,-8.700000,1.419313,0.003788
69,mobley_6353617,-7.159126,-8.260000,1.100874,0.002279
69,mobley_2725215,-10.413762,-7.980000,2.433762,0.011138
69,mobley_7039935,-7.297700,-7.670000,0.372300,0.000261
69,mobley_4059279,-5.889235,-7.580000,1.690765,0.005376
69,mobley_951560,-8.859168,-7.400000,1.459168,0.004004
69,mobley_1922649,-8.973636,-7.190000,1.783636,0.005982
69,mobley_8798016,-7.319077,-7.000000,0.319077,0.000191
69,mobley_1858644,-6.692966,-6.790000,0.097034,0.000018
69,mobley_9114381,-5.964782,-6.720000,0.755218,0.001073
69,mobley_5311804,-5.781347,-6.620000,0.838653,0.001323
69,mobley_6743808,-6.385397,-6.500000,0.114603,0.000025
69,mobley_8789864,-6.416077,-6.400000,0.016077,0.000000
69,mobley_7009711,-6.389728,-6.270000,0.119728,0.000027
69,mobley_8789465,-4.825690,-6.200000,1.374310,0.003552
69,mobley_2923700,-6.184990,-6.130000,0.054990,0.000006
69,mobley_4780078,-5.659488,-6.010000,0.350512,0.000231
69,mobley_5467162,-5.898582,-5.910000,0.011418,0.000000
69,mobley_6257907,-5.814726,-5.820000,0.005274,0.000000
69,mobley_7913234,-5.958743,-5.730000,0.228743,0.000098
69,mobley_5518547,-6.053764,-5.570000,0.483764,0.000440
69,mobley_4883284,-6.105746,-5.490000,0.615746,0.000713
69,mobley_5220185,-4.668828,-5.450000,0.781172,0.001148
69,mobley_3359593,-5.567882,-5.260000,0.307882,0.000178
69,mobley_4683624,-6.050858,-5.210000,0.840858,0.001330
69,mobley_1636752,-3.690333,-5.100000,1.409667,0.003737
69,mobley_2310185,-4.501796,-5.000000,0.498204,0.000467
69,mobley_3682850,-3.784324,-4.910000,1.125676,0.002383
69,mobley_1363784,-4.482711,-4.840000,0.357289,0.000240
69,mobley_2837389,-4.200432,-4.780000,0.579568,0.000632
69,mobley_9507933,-4.559591,-4.720000,0.160409,0.000048
69,mobley_296847,-4.550967,-4.690000,0.139033,0.000036
69,mobley_8208692,-3.471389,-4.610000,1.138612,0.002438
69,mobley_4884177,-4.076753,-4.590000,0.513247,0.000495
69,mobley_6714389,-3.820545,-4.550000,0.729455,0.001001
69,mobley_2245668,-4.424944,-4.500000,0.075056,0.000011
69,mobley_5973402,-4.277166,-4.420000,0.142834,0.000038
69,mobley_3546460,-4.114066,-4.400000,0.285934,0.000154
69,mobley_8311303,-3.844743,-4.380000,0.535257,0.000539
69,mobley_9741965,-6.123783,-4.290000,1.833783,0.006324
69,mobley_4603202,-4.472976,-4.230000,0.242976,0.000111
69,mobley_628086,-4.126020,-4.160000,0.033980,0.000002
69,mobley_4620651,-3.400538,-4.100000,0.699462,0.000920
69,mobley_7977115,-4.071384,-4.060000,0.011384,0.000000
69,mobley_2789243,-3.514371,-4.010000,0.495629,0.000462
69,mobley_3968739,-4.072223,-3.920000,0.152223,0.000044
69,mobley_63712,-2.601439,-3.880000,1.278561,0.003074
69,mobley_1046331,-3.992080,-3.820000,0.172080,0.000056
69,mobley_1160109,-3.381012,-3.750000,0.368988,0.000256
69,mobley_4149784,-2.332300,-3.670000,1.337700,0.003365
69,mobley_397645,-3.906775,-3.640000,0.266774,0.000134
69,mobley_4690963,-4.201344,-3.540000,0.661345,0.000822
69,mobley_1967551,-3.356159,-3.500000,0.143841,0.000039
69,mobley_6733657,-2.782006,-3.440000,0.657994,0.000814
69,mobley_9565165,-3.453163,-3.350000,0.103163,0.000020
69,mobley_2487143,-3.113165,-3.280000,0.166835,0.000052
69,mobley_8449031,-2.081447,-3.220000,1.138553,0.002438
69,mobley_172879,-2.854370,-3.150000,0.295630,0.000164
69,mobley_5346580,-1.842702,-3.110000,1.267298,0.003020
69,mobley_3573480,-2.897340,-3.040000,0.142660,0.000038
69,mobley_1075836,-2.962364,-2.930000,0.032364,0.000002
69,mobley_6102880,-4.289207,-2.870000,1.419208,0.003788
69,mobley_1827204,-2.486216,-2.810000,0.323784,0.000197
69,mobley_2146331,-1.817729,-2.750000,0.932271,0.001634
69,mobley_7943327,-2.640908,-2.680000,0.039093,0.000003
69,mobley_5110043,-2.603331,-2.630000,0.026669,0.000001
69,mobley_5616693,-2.654231,-2.530000,0.124231,0.000029
69,mobley_6619554,-2.280661,-2.490000,0.209339,0.000082
69,mobley_6359156,-3.747985,-2.460000,1.287985,0.003119
69,mobley_1781152,-2.227151,-2.400000,0.172849,0.000056
69,mobley_859464,-2.618167,-2.360000,0.258168,0.000125
69,mobley_7150646,-1.775827,-2.300000,0.524173,0.000517
69,mobley_1592519,-2.517772,-2.230000,0.287772,0.000156
69,mobley_5538249,-1.767058,-2.160000,0.392942,0.000290
69,mobley_6911232,-1.609038,-2.100000,0.490961,0.000453
69,mobley_3269565,-1.560620,-2.010000,0.449380,0.000380
69,mobley_2484519,-2.617988,-1.930000,0.687988,0.000890
69,mobley_7690440,-1.817520,-1.830000,0.012480,0.000000
69,mobley_3802803,-2.179543,-1.660000,0.519544,0.000508
69,mobley_1144156,-0.961868,-1.590000,0.628132,0.000742
69,mobley_2481002,-3.017547,-1.450000,1.567547,0.004621
69,mobley_2489709,-1.661823,-1.360000,0.301823,0.000171
69,mobley_5052949,-0.470597,-1.280000,0.809403,0.001232
69,mobley_2492140,-2.229374,-1.230000,0.999374,0.001878
69,mobley_7542832,-0.921863,-1.160000,0.238137,0.000107
69,mobley_7814642,-1.600898,-1.120000,0.480898,0.000435
69,mobley_1563176,-0.640754,-0.990000,0.349246,0.000229
69,mobley_1873346,-0.712672,-0.900000,0.187328,0.000066
69,mobley_3040612,-0.713639,-0.850000,0.136361,0.000035
69,mobley_4483973,-1.873094,-0.800000,1.073094,0.002165
69,mobley_9913368,-1.676083,-0.780000,0.896083,0.001510
69,mobley_1449384,-0.752038,-0.680000,0.072038,0.000010
69,mobley_7708038,-0.553499,-0.560000,0.006501,0.000000
69,mobley_8311321,-0.151483,-0.500000,0.348517,0.000228
69,mobley_766666,-0.687163,-0.440000,0.247163,0.000115
69,mobley_5445548,-0.684074,-0.300000,0.384074,0.000277
69,mobley_9029594,-1.171005,-0.220000,0.951005,0.001701
69,mobley_3370989,-1.773640,-0.110000,1.663640,0.005205
69,mobley_627267,-0.232373,-0.030000,0.202373,0.000077
69,mobley_6250025,0.415000,0.080000,0.335000,0.000211
69,mobley_4252724,-0.584344,0.160000,0.744344,0.001042
69,mobley_7157427,0.469393,0.290000,0.179393,0.000061
69,mobley_8885088,0.114519,0.560000,0.445481,0.000373
69,mobley_8522124,0.634698,0.710000,0.075302,0.000011
69,mobley_4678740,0.615083,1.070000,0.454917,0.000389
69,mobley_2689721,1.047175,1.230000,0.182825,0.000063
69,mobley_1662128,1.147964,1.380000,0.232036,0.000101
69,mobley_4762983,1.851788,1.660000,0.191788,0.000069
69,mobley_7732703,0.348445,1.790000,1.441555,0.003908
69,mobley_2068538,1.342569,2.000000,0.657431,0.000813
69,mobley_5157661,1.647110,2.300000,0.652890,0.000802
69,mobley_1261349,2.094048,2.510000,0.415952,0.000325
69,mobley_2328633,2.157570,2.550000,0.392430,0.000290
69,mobley_8436428,2.646810,2.830000,0.183190,0.000063
69,mobley_3060426,3.096984,2.930000,0.166984,0.000052
69,mobley_2197088,3.089542,3.160000,0.070458,0.000009
70,mobley_9534740,-20.820257,-25.469999,4.649742,0.040656
70,mobley_6239320,-20.980322,-18.059999,2.920322,0.016037
70,mobley_7794077,-13.379707,-15.460000,2.080293,0.008138
70,mobley_7415647,-12.750934,-11.950000,0.800934,0.001206
70,mobley_1728386,-10.687836,-11.000000,0.312164,0.000183
70,mobley_2269032,-9.887265,-10.210000,0.322735,0.000196
70,mobley_2913224,-7.631972,-9.940000,2.308028,0.010017
70,mobley_2659552,-9.383857,-9.760000,0.376143,0.000266
70,mobley_7176290,-9.449340,-9.620000,0.170660,0.000055
70,mobley_2295058,-9.228699,-9.510000,0.281301,0.000149
70,mobley_6055410,-9.681942,-9.400000,0.281942,0.000149
70,mobley_4639255,-9.481288,-9.300000,0.181288,0.000062
70,mobley_1417007,-4.845407,-9.010000,4.164594,0.032614
70,mobley_6115639,-9.776781,-8.700000,1.076781,0.002180
70,mobley_6353617,-7.229697,-8.260000,1.030303,0.001996
70,mobley_2725215,-9.387059,-7.980000,1.407059,0.003723
70,mobley_7039935,-6.996558,-7.670000,0.673442,0.000853
70,mobley_4059279,-7.281641,-7.580000,0.298359,0.000167
70,mobley_951560,-9.755569,-7.400000,2.355569,0.010434
70,mobley_1922649,-9.012411,-7.190000,1.822411,0.006245
70,mobley_8798016,-7.559783,-7.000000,0.559783,0.000589
70,mobley_1858644,-6.822755,-6.790000,0.032755,0.000002
70,mobley_9114381,-6.099658,-6.720000,0.620342,0.000724
70,mobley_5311804,-5.774309,-6.620000,0.845691,0.001345
70,mobley_6743808,-6.324759,-6.500000,0.175241,0.000058
70,mobley_8789864,-5.735984,-6.400000,0.664016,0.000829
70,mobley_7009711,-6.289376,-6.270000,0.019376,0.000001
70,mobley_8789465,-4.755128,-6.200000,1.444872,0.003926
70,mobley_2923700,-6.152135,-6.130000,0.022135,0.000001
70,mobley_4780078,-5.534160,-6.010000,0.475841,0.000426
70,mobley_5467162,-5.762900,-5.910000,0.147099,0.000041
70,mobley_6257907,-5.919247,-5.820000,0.099247,0.000019
70,mobley_7913234,-6.385331,-5.730000,0.655331,0.000808
70,mobley_5518547,-5.826679,-5.570000,0.256679,0.000124
70,mobley_4883284,-5.908299,-5.490000,0.418299,0.000329
70,mobley_5220185,-4.797733,-5.450000,0.652267,0.000800
70,mobley_3359593,-5.670416,-5.260000,0.410416,0.000317
70,mobley_4683624,-6.074642,-5.210000,0.864642,0.001406
70,mobley_1636752,-3.722184,-5.100000,1.377816,0.003570
70,mobley_2310185,-4.649436,-5.000000,0.350564,0.000231
70,mobley_3682850,-4.377085,-4.910000,0.532915,0.000534
70,mobley_1363784,-4.505558,-4.840000,0.334442,0.000210
70,mobley_2837389,-4.435797,-4.780000,0.344203,0.000223
70,mobley_9507933,-4.617835,-4.720000,0.102165,0.000020
70,mobley_296847,-4.782918,-4.690000,0.092918,0.000016
70,mobley_8208692,-3.603405,-4.610000,1.006595,0.001905
70,mobley_4884177,-4.219740,-4.590000,0.370260,0.000258
70,mobley_6714389,-4.051756,-4.550000,0.498244,0.000467
70,mobley_2245668,-4.382402,-4.500000,0.117598,0.000026
70,mobley_5973402,-4.396995,-4.420000,0.023005,0.000001
70,mobley_3546460,-4.398820,-4.400000,0.001180,0.000000
70,mobley_8311303,-4.230414,-4.380000,0.149586,0.000042
70,mobley_9741965,-5.504903,-4.290000,1.214903,0.002776
70,mobley_4603202,-4.589864,-4.230000,0.359864,0.000244
70,mobley_628086,-4.033989,-4.160000,0.126011,0.000030
70,mobley_4620651,-3.603319,-4.100000,0.496681,0.000464
70,mobley_7977115,-4.378953,-4.060000,0.318954,0.000191
70,mobley_2789243,-3.600007,-4.010000,0.409994,0.000316
70,mobley_3968739,-4.043272,-3.920000,0.123272,0.000029
70,mobley_63712,-3.299144,-3.880000,0.580856,0.000634
70,mobley_1046331,-4.061615,-3.820000,0.241615,0.000110
70,mobley_1160109,-3.906727,-3.750000,0.156727,0.000046
70,mobley_4149784,-3.097831,-3.670000,0.572169,0.000616
70,mobley_397645,-3.923500,-3.640000,0.283500,0.000151
70,mobley_4690963,-4.776163,-3.540000,1.236163,0.002874
70,mobley_1967551,-3.525179,-3.500000,0.025179,0.000001
70,mobley_6733657,-2.619058,-3.440000,0.820942,0.001267
70,mobley_9565165,-3.527669,-3.350000,0.177669,0.000059
70,mobley_2487143,-3.353063,-3.280000,0.073063,0.000010
70,mobley_8449031,-2.844016,-3.220000,0.375984,0.000266
70,mobley_172879,-3.206763,-3.150000,0.056762,0.000006
70,mobley_5346580,-1.868166,-3.110000,1.241833,0.002900
70,mobley_3573480,-3.178309,-3.040000,0.138309,0.000036
70,mobley_1075836,-2.893460,-2.930000,0.036541,0.000003
70,mobley_6102880,-4.282601,-2.870000,1.412601,0.003752
70,mobley_1827204,-2.692343,-2.810000,0.117657,0.000026
70,mobley_2146331,-2.074727,-2.750000,0.675273,0.000857
70,mobley_7943327,-2.578705,-2.680000,0.101295,0.000019
70,mobley_5110043,-2.553100,-2.630000,0.076900,0.000011
70,mobley_5616693,-3.042150,-2.530000,0.512150,0.000493
70,mobley_6619554,-2.314054,-2.490000,0.175946,0.000058
70,mobley_6359156,-3.846257,-2.460000,1.386257,0.003614
70,mobley_1781152,-2.004856,-2.400000,0.395144,0.000294
70,mobley_859464,-2.664798,-2.360000,0.304798,0.000175
70,mobley_7150646,-1.581812,-2.300000,0.718188,0.000970
70,mobley_1592519,-2.679374,-2.230000,0.449374,0.000380
70,mobley_5538249,-1.680095,-2.160000,0.479905,0.000433
70,mobley_6911232,-1.701136,-2.100000,0.398864,0.000299
70,mobley_3269565,-1.593331,-2.010000,0.416669,0.000326
70,mobley_2484519,-2.895986,-1.930000,0.965986,0.001755
70,mobley_7690440,-2.187790,-1.830000,0.357790,0.000241
70,mobley_3802803,-1.820784,-1.660000,0.160784,0.000049
70,mobley_1144156,-1.524468,-1.590000,0.065532,0.000008
70,mobley_2481002,-3.051232,-1.450000,1.601232,0.004821
70,mobley_2489709,-1.403048,-1.360000,0.043048,0.000003
70,mobley_5052949,-0.828637,-1.280000,0.451363,0.000383
70,mobley_2492140,-2.146236,-1.230000,0.916236,0.001579
70,mobley_7542832,-1.286302,-1.160000,0.126302,0.000030
70,mobley_7814642,-1.703766,-1.120000,0.583766,0.000641
70,mobley_1563176,-0.973350,-0.990000,0.016650,0.000001
70,mobley_1873346,-0.696047,-0.900000,0.203953,0.000078
70,mobley_3040612,-0.656765,-0.850000,0.193235,0.000070
70,mobley_4483973,-1.961230,-0.800000,1.161230,0.002536
70,mobley_9913368,-1.755861,-0.780000,0.975861,0.001791
70,mobley_1449384,-0.604073,-0.680000,0.075927,0.000011
70,mobley_7708038,-0.820752,-0.560000,0.260752,0.000128
70,mobley_8311321,-0.359098,-0.500000,0.140902,0.000037
70,mobley_766666,-0.768763,-0.440000,0.328763,0.000203
70,mobley_5445548,-0.550256,-0.300000,0.250256,0.000118
70,mobley_9029594,-0.969184,-0.220000,0.749184,0.001055
70,mobley_3370989,-2.084006,-0.110000,1.974006,0.007328
70,mobley_627267,-0.453614,-0.030000,0.423614,0.000337
70,mobley_6250025,0.141196,0.080000,0.061196,0.000007
70,mobley_4252724,-0.561756,0.160000,0.721756,0.000980
70,mobley_7157427,0.122348,0.290000,0.167652,0.000053
70,mobley_8885088,-0.008040,0.560000,0.568040,0.000607
70,mobley_8522124,0.482402,0.710000,0.227598,0.000097
70,mobley_4678740,0.894370,1.070000,0.175630,0.000058
70,mobley_2689721,1.017903,1.230000,0.212097,0.000085
70,mobley_1662128,1.215884,1.380000,0.164116,0.000051
70,mobley_4762983,1.777966,1.660000,0.117966,0.000026
70,mobley_7732703,0.303731,1.790000,1.486269,0.004154
70,mobley_2068538,1.453458,2.000000,0.546542,0.000562
70,mobley_5157661,1.832825,2.300000,0.467175,0.000410
70,mobley_1261349,2.245507,2.510000,0.264493,0.000132
70,mobley_2328633,1.968109,2.550000,0.581891,0.000637
70,mobley_8436428,2.769790,2.830000,0.060210,0.000007
70,mobley_3060426,3.018704,2.930000,0.088704,0.000015
70,mobley_2197088,3.026636,3.160000,0.133364,0.000033
71,mobley_9534740,-21.022802,-25.469999,4.447197,0.037191
71,mobley_6239320,-23.397631,-18.059999,5.337631,0.053575
71,mobley_7794077,-15.601912,-15.460000,0.141912,0.000038
71,mobley_7415647,-13.739255,-11.950000,1.789255,0.006020
71,mobley_1728386,-11.448772,-11.000000,0.448772,0.000379
71,mobley_2269032,-10.390234,-10.210000,0.180234,0.000061
71,mobley_2913224,-7.789177,-9.940000,2.150823,0.008699
71,mobley_2659552,-10.336369,-9.760000,0.576368,0.000625
71,mobley_7176290,-9.484438,-9.620000,0.135562,0.000035
71,mobley_2295058,-9.562741,-9.510000,0.052741,0.000005
71,mobley_6055410,-10.675640,-9.400000,1.275640,0.003060
71,mobley_4639255,-9.357821,-9.300000,0.057821,0.000006
71,mobley_1417007,-5.667555,-9.010000,3.342445,0.021008
71,mobley_6115639,-9.756057,-8.700000,1.056057,0.002097
71,mobley_6353617,-7.734832,-8.260000,0.525168,0.000519
71,mobley_2725215,-9.642254,-7.980000,1.662254,0.005196
71,mobley_7039935,-7.518465,-7.670000,0.151535,0.000043
71,mobley_4059279,-6.830254,-7.580000,0.749746,0.001057
71,mobley_951560,-9.640909,-7.400000,2.240909,0.009443
71,mobley_1922649,-9.109770,-7.190000,1.919770,0.006930
71,mobley_8798016,-7.836071,-7.000000,0.836071,0.001314
71,mobley_1858644,-7.218232,-6.790000,0.428232,0.000345
71,mobley_9114381,-6.342135,-6.720000,0.377865,0.000268
71,mobley_5311804,-6.183749,-6.620000,0.436251,0.000358
71,mobley_6743808,-6.525632,-6.500000,0.025632,0.000001
71,mobley_8789864,-5.884209,-6.400000,0.515791,0.000500
71,mobley_7009711,-6.478480,-6.270000,0.208480,0.000082
71,mobley_8789465,-5.121602,-6.200000,1.078398,0.002187
71,mobley_2923700,-6.356153,-6.130000,0.226153,0.000096
71,mobley_4780078,-5.843586,-6.010000,0.166414,0.000052
71,mobley_5467162,-5.820397,-5.910000,0.089602,0.000015
71,mobley_6257907,-6.303524,-5.820000,0.483523,0.000440
71,mobley_7913234,-6.376392,-5.730000,0.646392,0.000786
71,mobley_5518547,-6.409333,-5.570000,0.839333,0.001325
71,mobley_4883284,-6.436510,-5.490000,0.946510,0.001685
71,mobley_5220185,-5.352881,-5.450000,0.097119,0.000018
71,mobley_3359593,-5.806973,-5.260000,0.546972,0.000563
71,mobley_4683624,-6.320539,-5.210000,1.110538,0.002319
71,mobley_1636752,-3.788445,-5.100000,1.311555,0.003235
71,mobley_2310185,-4.685453,-5.000000,0.314547,0.000186
71,mobley_3682850,-4.655318,-4.910000,0.254682,0.000122
71,mobley_1363784,-4.861129,-4.840000,0.021129,0.000001
71,mobley_2837389,-4.442428,-4.780000,0.337572,0.000214
71,mobley_9507933,-4.919996,-4.720000,0.199996,0.000075
71,mobley_296847,-4.942154,-4.690000,0.252154,0.000120
71,mobley_8208692,-3.526752,-4.610000,1.083249,0.002207
71,mobley_4884177,-4.561179,-4.590000,0.028821,0.000002
71,mobley_6714389,-4.298495,-4.550000,0.251505,0.000119
71,mobley_2245668,-4.482263,-4.500000,0.017737,0.000001
71,mobley_5973402,-4.558001,-4.420000,0.138000,0.000036
71,mobley_3546460,-4.617132,-4.400000,0.217132,0.000089
71,mobley_8311303,-4.360736,-4.380000,0.019264,0.000001
71,mobley_9741965,-5.965646,-4.290000,1.675646,0.005280
71,mobley_4603202,-4.616058,-4.230000,0.386058,0.000280
71,mobley_628086,-4.226920,-4.160000,0.066920,0.000008
71,mobley_4620651,-3.962321,-4.100000,0.137679,0.000036
71,mobley_7977115,-4.561846,-4.060000,0.501846,0.000474
71,mobley_2789243,-3.837333,-4.010000,0.172667,0.000056
71,mobley_3968739,-4.400625,-3.920000,0.480625,0.000434
71,mobley_63712,-3.474711,-3.880000,0.405289,0.000309
71,mobley_1046331,-4.225699,-3.820000,0.405699,0.000310
71,mobley_1160109,-4.152106,-3.750000,0.402106,0.000304
71,mobley_4149784,-3.533205,-3.670000,0.136795,0.000035
71,mobley_397645,-4.287769,-3.640000,0.647769,0.000789
71,mobley_4690963,-4.788894,-3.540000,1.248894,0.002933
71,mobley_1967551,-3.485936,-3.500000,0.014064,0.000000
71,mobley_6733657,-2.805387,-3.440000,0.634613,0.000757
71,mobley_9565165,-4.036435,-3.350000,0.686435,0.000886
71,mobley_2487143,-3.400523,-3.280000,0.120523,0.000027
71,mobley_8449031,-2.653197,-3.220000,0.566803,0.000604
71,mobley_172879,-3.647613,-3.150000,0.497612,0.000466
71,mobley_5346580,-1.858499,-3.110000,1.251501,0.002945
71,mobley_3573480,-3.255841,-3.040000,0.215841,0.000088
71,mobley_1075836,-3.055596,-2.930000,0.125596,0.000030
71,mobley_6102880,-4.544385,-2.870000,1.674385,0.005272
71,mobley_1827204,-3.053162,-2.810000,0.243162,0.000111
71,mobley_2146331,-2.047031,-2.750000,0.702969,0.000929
71,mobley_7943327,-2.794229,-2.680000,0.114229,0.000025
71,mobley_5110043,-2.991583,-2.630000,0.361583,0.000246
71,mobley_5616693,-3.341114,-2.530000,0.811114,0.001237
71,mobley_6619554,-2.758187,-2.490000,0.268187,0.000135
71,mobley_6359156,-4.122809,-2.460000,1.662809,0.005199
71,mobley_1781152,-2.180448,-2.400000,0.219552,0.000091
71,mobley_859464,-2.665192,-2.360000,0.305192,0.000175
71,mobley_7150646,-1.972170,-2.300000,0.327830,0.000202
71,mobley_1592519,-3.047806,-2.230000,0.817806,0.001258
71,mobley_5538249,-2.145360,-2.160000,0.014641,0.000000
71,mobley_6911232,-1.803939,-2.100000,0.296061,0.000165
71,mobley_3269565,-1.471381,-2.010000,0.538619,0.000546
71,mobley_2484519,-3.111967,-1.930000,1.181967,0.002627
71,mobley_7690440,-1.888552,-1.830000,0.058552,0.000006
71,mobley_3802803,-1.933826,-1.660000,0.273826,0.000141
71,mobley_1144156,-1.504854,-1.590000,0.085146,0.000014
71,mobley_2481002,-3.008762,-1.450000,1.558762,0.004569
71,mobley_2489709,-1.435181,-1.360000,0.075181,0.000011
71,mobley_5052949,-0.984574,-1.280000,0.295426,0.000164
71,mobley_2492140,-2.367949,-1.230000,1.137949,0.002435
71,mobley_7542832,-1.476991,-1.160000,0.316991,0.000189
71,mobley_7814642,-1.905488,-1.120000,0.785488,0.001160
71,mobley_1563176,-1.090183,-0.990000,0.100183,0.000019
71,mobley_1873346,-0.918071,-0.900000,0.018071,0.000001
71,mobley_3040612,-0.951824,-0.850000,0.101824,0.000019
71,mobley_4483973,-2.154784,-0.800000,1.354784,0.003451
71,mobley_9913368,-1.871942,-0.780000,1.091942,0.002242
71,mobley_1449384,-0.820993,-0.680000,0.140993,0.000037
71,mobley_7708038,-0.868400,-0.560000,0.308400,0.000179
71,mobley_8311321,-0.211027,-0.500000,0.288973,0.000157
71,mobley_766666,-0.761866,-0.440000,0.321866,0.000195
71,mobley_5445548,-0.752235,-0.300000,0.452235,0.000385
71,mobley_9029594,-1.198537,-0.220000,0.978537,0.001801
71,mobley_3370989,-1.837590,-0.110000,1.727590,0.005612
71,mobley_627267,-0.486308,-0.030000,0.456308,0.000392
71,mobley_6250025,-0.020394,0.080000,0.100394,0.000019
71,mobley_4252724,-0.786286,0.160000,0.946286,0.001684
71,mobley_7157427,-0.079644,0.290000,0.369644,0.000257
71,mobley_8885088,-0.200538,0.560000,0.760538,0.001088
71,mobley_8522124,0.302865,0.710000,0.407135,0.000312
71,mobley_4678740,0.468383,1.070000,0.601617,0.000681
71,mobley_2689721,0.828494,1.230000,0.401506,0.000303
71,mobley_1662128,1.099277,1.380000,0.280723,0.000148
71,mobley_4762983,1.567230,1.660000,0.092770,0.000016
71,mobley_7732703,0.349654,1.790000,1.440346,0.003901
71,mobley_2068538,1.406000,2.000000,0.594000,0.000663
71,mobley_5157661,1.847412,2.300000,0.452588,0.000385
71,mobley_1261349,2.281758,2.510000,0.228242,0.000098
71,mobley_2328633,1.686072,2.550000,0.863928,0.001404
71,mobley_8436428,2.771692,2.830000,0.058308,0.000006
71,mobley_3060426,3.061357,2.930000,0.131357,0.000032
71,mobley_2197088,2.822647,3.160000,0.337353,0.000214
72,mobley_9534740,-21.519495,-25.469999,3.950504,0.029347
72,mobley_6239320,-22.589508,-18.059999,4.529509,0.038580
72,mobley_7794077,-14.330557,-15.460000,1.129443,0.002399
72,mobley_7415647,-12.917471,-11.950000,0.967471,0.001760
72,mobley_1728386,-11.069596,-11.000000,0.069596,0.000009
72,mobley_2269032,-9.678881,-10.210000,0.531119,0.000530
72,mobley_2913224,-7.580928,-9.940000,2.359072,0.010465
72,mobley_2659552,-9.557616,-9.760000,0.202384,0.000077
72,mobley_7176290,-9.495090,-9.620000,0.124909,0.000029
72,mobley_2295058,-9.290647,-9.510000,0.219354,0.000090
72,mobley_6055410,-9.813863,-9.400000,0.413863,0.000322
72,mobley_4639255,-9.854082,-9.300000,0.554082,0.000577
72,mobley_1417007,-5.107090,-9.010000,3.902911,0.028644
72,mobley_6115639,-9.603241,-8.700000,0.903241,0.001534
72,mobley_6353617,-7.512547,-8.260000,0.747454,0.001051
72,mobley_2725215,-9.356075,-7.980000,1.376075,0.003561
72,mobley_7039935,-7.248443,-7.670000,0.421557,0.000334
72,mobley_4059279,-6.728085,-7.580000,0.851915,0.001365
72,mobley_951560,-10.005475,-7.400000,2.605475,0.012765
72,mobley_1922649,-8.711533,-7.190000,1.521533,0.004353
72,mobley_8798016,-7.921527,-7.000000,0.921527,0.001597
72,mobley_1858644,-7.080585,-6.790000,0.290585,0.000159
72,mobley_9114381,-5.862466,-6.720000,0.857534,0.001383
72,mobley_5311804,-6.092471,-6.620000,0.527529,0.000523
72,mobley_6743808,-6.128551,-6.500000,0.371449,0.000259
72,mobley_8789864,-5.799576,-6.400000,0.600424,0.000678
72,mobley_7009711,-6.131374,-6.270000,0.138626,0.000036
72,mobley_8789465,-4.831054,-6.200000,1.368946,0.003524
72,mobley_2923700,-5.958652,-6.130000,0.171348,0.000055
72,mobley_4780078,-5.384788,-6.010000,0.625212,0.000735
72,mobley_5467162,-5.395595,-5.910000,0.514405,0.000498
72,mobley_6257907,-5.739928,-5.820000,0.080072,0.000012
72,mobley_7913234,-6.478860,-5.730000,0.748860,0.001055
72,mobley_5518547,-5.728074,-5.570000,0.158074,0.000047
72,mobley_4883284,-6.001497,-5.490000,0.511497,0.000492
72,mobley_5220185,-4.968874,-5.450000,0.481125,0.000435
72,mobley_3359593,-5.269479,-5.260000,0.009479,0.000000
72,mobley_4683624,-5.891804,-5.210000,0.681804,0.000874
72,mobley_1636752,-3.787256,-5.100000,1.312744,0.003241
72,mobley_2310185,-4.777793,-5.000000,0.222207,0.000093
72,mobley_3682850,-4.267541,-4.910000,0.642458,0.000776
72,mobley_1363784,-4.378117,-4.840000,0.461884,0.000401
72,mobley_2837389,-4.596551,-4.780000,0.183449,0.000063
72,mobley_9507933,-4.479315,-4.720000,0.240685,0.000109
72,mobley_296847,-4.955282,-4.690000,0.265282,0.000132
72,mobley_8208692,-3.302743,-4.610000,1.307257,0.003214
72,mobley_4884177,-4.165796,-4.590000,0.424204,0.000338
72,mobley_6714389,-4.094072,-4.550000,0.455928,0.000391
72,mobley_2245668,-4.592551,-4.500000,0.092551,0.000016
72,mobley_5973402,-4.545825,-4.420000,0.125825,0.000030
72,mobley_3546460,-4.552176,-4.400000,0.152176,0.000044
72,mobley_8311303,-3.891938,-4.380000,0.488062,0.000448
72,mobley_9741965,-6.093316,-4.290000,1.803316,0.006115
72,mobley_4603202,-4.404243,-4.230000,0.174242,0.000057
72,mobley_628086,-3.901178,-4.160000,0.258822,0.000126
72,mobley_4620651,-3.500811,-4.100000,0.599189,0.000675
72,mobley_7977115,-4.502777,-4.060000,0.442777,0.000369
72,mobley_2789243,-3.604716,-4.010000,0.405285,0.000309
72,mobley_3968739,-4.023489,-3.920000,0.103489,0.000020
72,mobley_63712,-3.177646,-3.880000,0.702354,0.000928
72,mobley_1046331,-4.015791,-3.820000,0.195791,0.000072
72,mobley_1160109,-3.593445,-3.750000,0.156555,0.000046
72,mobley_4149784,-2.876647,-3.670000,0.793353,0.001184
72,mobley_397645,-3.970296,-3.640000,0.330296,0.000205
72,mobley_4690963,-4.606096,-3.540000,1.066096,0.002137
72,mobley_1967551,-3.476593,-3.500000,0.023407,0.000001
72,mobley_6733657,-2.739791,-3.440000,0.700209,0.000922
72,mobley_9565165,-3.564877,-3.350000,0.214877,0.000087
72,mobley_2487143,-3.279419,-3.280000,0.000581,0.000000
72,mobley_8449031,-2.606660,-3.220000,0.613340,0.000707
72,mobley_172879,-3.125251,-3.150000,0.024749,0.000001
72,mobley_5346580,-1.607662,-3.110000,1.502338,0.004244
72,mobley_3573480,-3.063027,-3.040000,0.023027,0.000001
72,mobley_1075836,-2.716526,-2.930000,0.213474,0.000086
72,mobley_6102880,-4.307797,-2.870000,1.437798,0.003887
72,mobley_1827204,-2.627058,-2.810000,0.182942,0.000063
72,mobley_2146331,-1.842680,-2.750000,0.907320,0.001548
72,mobley_7943327,-2.497875,-2.680000,0.182125,0.000062
72,mobley_5110043,-2.341750,-2.630000,0.288250,0.000156
72,mobley_5616693,-2.844922,-2.530000,0.314922,0.000186
72,mobley_6619554,-2.270653,-2.490000,0.219347,0.000090
72,mobley_6359156,-3.498668,-2.460000,1.038668,0.002029
72,mobley_1781152,-1.741014,-2.400000,0.658986,0.000817
72,mobley_859464,-2.504117,-2.360000,0.144117,0.000039
72,mobley_7150646,-1.529051,-2.300000,0.770949,0.001118
72,mobley_1592519,-2.469157,-2.230000,0.239157,0.000108
72,mobley_5538249,-1.837921,-2.160000,0.322079,0.000195
72,mobley_6911232,-1.610622,-2.100000,0.489378,0.000450
72,mobley_3269565,-1.396412,-2.010000,0.613588,0.000708
72,mobley_2484519,-2.827709,-1.930000,0.897709,0.001515
72,mobley_7690440,-1.821575,-1.830000,0.008425,0.000000
72,mobley_3802803,-1.841208,-1.660000,0.181208,0.000062
72,mobley_1144156,-1.352366,-1.590000,0.237634,0.000106
72,mobley_2481002,-2.898727,-1.450000,1.448727,0.003947
72,mobley_2489709,-1.036456,-1.360000,0.323545,0.000197
72,mobley_5052949,-0.671582,-1.280000,0.608418,0.000696
72,mobley_2492140,-1.830536,-1.230000,0.600536,0.000678
72,mobley_7542832,-1.266454,-1.160000,0.106454,0.000021
72,mobley_7814642,-1.511872,-1.120000,0.391872,0.000289
72,mobley_1563176,-0.886316,-0.990000,0.103684,0.000020
72,mobley_1873346,-0.631068,-0.900000,0.268932,0.000136
72,mobley_3040612,-0.476737,-0.850000,0.373263,0.000262
72,mobley_4483973,-1.955454,-0.800000,1.155454,0.002511
72,mobley_9913368,-1.661311,-0.780000,0.881311,0.001461
72,mobley_1449384,-0.295646,-0.680000,0.384354,0.000278
72,mobley_7708038,-0.616184,-0.560000,0.056184,0.000006
72,mobley_8311321,-0.086329,-0.500000,0.413671,0.000322
72,mobley_766666,-0.621200,-0.440000,0.181200,0.000062
72,mobley_5445548,-0.401172,-0.300000,0.101172,0.000019
72,mobley_9029594,-0.956796,-0.220000,0.736796,0.001021
72,mobley_3370989,-1.835023,-0.110000,1.725023,0.005596
72,mobley_627267,-0.236232,-0.030000,0.206232,0.000080
72,mobley_6250025,0.410408,0.080000,0.330408,0.000205
72,mobley_4252724,-0.376601,0.160000,0.536601,0.000541
72,mobley_7157427,0.440919,0.290000,0.150919,0.000043
72,mobley_8885088,0.074454,0.560000,0.485546,0.000443
72,mobley_8522124,0.794960,0.710000,0.084960,0.000014
72,mobley_4678740,1.107481,1.070000,0.037481,0.000003
72,mobley_2689721,1.173664,1.230000,0.056336,0.000006
72,mobley_1662128,1.333760,1.380000,0.046240,0.000004
72,mobley_4762983,2.032841,1.660000,0.372841,0.000261
72,mobley_7732703,0.342212,1.790000,1.447788,0.003942
72,mobley_2068538,1.586313,2.000000,0.413687,0.000322
72,mobley_5157661,2.027373,2.300000,0.272627,0.000140
72,mobley_1261349,2.527983,2.510000,0.017983,0.000001
72,mobley_2328633,2.271748,2.550000,0.278252,0.000146
72,mobley_8436428,3.061674,2.830000,0.231674,0.000101
72,mobley_3060426,3.527993,2.930000,0.597993,0.000672
72,mobley_2197088,3.440500,3.160000,0.280499,0.000148
73,mobley_9534740,-21.488626,-25.469999,3.981373,0.029808
73,mobley_6239320,-23.874065,-18.059999,5.814066,0.063566
73,mobley_7794077,-15.809809,-15.460000,0.349809,0.000230
73,mobley_7415647,-13.641731,-11.950000,1.691731,0.005382
73,mobley_1728386,-11.429721,-11.000000,0.429721,0.000347
73,mobley_2269032,-10.249332,-10.210000,0.039332,0.000003
73,mobley_2913224,-8.132439,-9.940000,1.807561,0.006144
73,mobley_2659552,-10.242636,-9.760000,0.482635,0.000438
73,mobley_7176290,-9.589706,-9.620000,0.030293,0.000002
73,mobley_2295058,-9.431311,-9.510000,0.078690,0.000012
73,mobley_6055410,-10.067537,-9.400000,0.667538,0.000838
73,mobley_4639255,-9.785581,-9.300000,0.485580,0.000443
73,mobley_1417007,-5.790545,-9.010000,3.219456,0.019491
73,mobley_6115639,-10.453193,-8.700000,1.753193,0.005780
73,mobley_6353617,-7.586757,-8.260000,0.673243,0.000852
73,mobley_2725215,-10.252117,-7.980000,2.272117,0.009708
73,mobley_7039935,-7.401627,-7.670000,0.268373,0.000135
73,mobley_4059279,-6.855661,-7.580000,0.724339,0.000987
73,mobley_951560,-10.248633,-7.400000,2.848633,0.015259
73,mobley_1922649,-9.427851,-7.190000,2.237851,0.009417
73,mobley_8798016,-8.086746,-7.000000,1.086746,0.002221
73,mobley_1858644,-7.038827,-6.790000,0.248827,0.000116
73,mobley_9114381,-6.255008,-6.720000,0.464992,0.000407
73,mobley_5311804,-6.115012,-6.620000,0.504988,0.000480
73,mobley_6743808,-6.292627,-6.500000,0.207373,0.000081
73,mobley_8789864,-6.008498,-6.400000,0.391502,0.000288
73,mobley_7009711,-6.328692,-6.270000,0.058692,0.000006
73,mobley_8789465,-4.940355,-6.200000,1.259645,0.002984
73,mobley_2923700,-6.001087,-6.130000,0.128913,0.000031
73,mobley_4780078,-5.612603,-6.010000,0.397397,0.000297
73,mobley_5467162,-5.481622,-5.910000,0.428378,0.000345
73,mobley_6257907,-6.067928,-5.820000,0.247928,0.000116
73,mobley_7913234,-6.342077,-5.730000,0.612077,0.000704
73,mobley_5518547,-5.958319,-5.570000,0.388319,0.000284
73,mobley_4883284,-6.207420,-5.490000,0.717420,0.000968
73,mobley_5220185,-5.264902,-5.450000,0.185098,0.000064
73,mobley_3359593,-5.274985,-5.260000,0.014985,0.000000
73,mobley_4683624,-5.909842,-5.210000,0.699842,0.000921
73,mobley_1636752,-3.889397,-5.100000,1.210603,0.002756
73,mobley_2310185,-4.769231,-5.000000,0.230769,0.000100
73,mobley_3682850,-4.065412,-4.910000,0.844588,0.001341
73,mobley_1363784,-4.686387,-4.840000,0.153613,0.000044
73,mobley_2837389,-4.418961,-4.780000,0.361040,0.000245
73,mobley_9507933,-4.644351,-4.720000,0.075648,0.000011
73,mobley_296847,-4.992229,-4.690000,0.302228,0.000172
73,mobley_8208692,-3.578017,-4.610000,1.031984,0.002003
73,mobley_4884177,-4.287338,-4.590000,0.302662,0.000172
73,mobley_6714389,-4.183175,-4.550000,0.366826,0.000253
73,mobley_2245668,-4.726698,-4.500000,0.226698,0.000097
73,mobley_5973402,-4.528410,-4.420000,0.108410,0.000022
73,mobley_3546460,-4.536616,-4.400000,0.136616,0.000035
73,mobley_8311303,-4.174692,-4.380000,0.205308,0.000079
73,mobley_9741965,-6.687567,-4.290000,2.397567,0.010809
73,mobley_4603202,-4.459100,-4.230000,0.229100,0.000099
73,mobley_628086,-4.015972,-4.160000,0.144028,0.000039
73,mobley_4620651,-3.795680,-4.100000,0.304320,0.000174
73,mobley_7977115,-4.496603,-4.060000,0.436603,0.000358
73,mobley_2789243,-3.858974,-4.010000,0.151026,0.000043
73,mobley_3968739,-4.286587,-3.920000,0.366587,0.000253
73,mobley_63712,-3.184515,-3.880000,0.695485,0.000910
73,mobley_1046331,-4.245323,-3.820000,0.425323,0.000340
73,mobley_1160109,-3.562458,-3.750000,0.187542,0.000066
73,mobley_4149784,-3.313344,-3.670000,0.356656,0.000239
73,mobley_397645,-4.165621,-3.640000,0.525621,0.000520
73,mobley_4690963,-4.705018,-3.540000,1.165018,0.002552
73,mobley_1967551,-3.525969,-3.500000,0.025969,0.000001
73,mobley_6733657,-2.979065,-3.440000,0.460935,0.000400
73,mobley_9565165,-3.419450,-3.350000,0.069450,0.000009
73,mobley_2487143,-3.094399,-3.280000,0.185601,0.000065
73,mobley_8449031,-2.732054,-3.220000,0.487946,0.000448
73,mobley_172879,-3.472484,-3.150000,0.322484,0.000196
73,mobley_5346580,-1.756800,-3.110000,1.353200,0.003443
73,mobley_3573480,-2.887100,-3.040000,0.152900,0.000044
73,mobley_1075836,-2.926045,-2.930000,0.003955,0.000000
73,mobley_6102880,-4.511878,-2.870000,1.641879,0.005069
73,mobley_1827204,-2.602825,-2.810000,0.207175,0.000081
73,mobley_2146331,-1.961884,-2.750000,0.788116,0.001168
73,mobley_7943327,-2.659085,-2.680000,0.020916,0.000001
73,mobley_5110043,-2.533834,-2.630000,0.096166,0.000017
73,mobley_5616693,-2.815170,-2.530000,0.285170,0.000153
73,mobley_6619554,-2.416088,-2.490000,0.073912,0.000010
73,mobley_6359156,-3.651599,-2.460000,1.191599,0.002670
73,mobley_1781152,-1.989683,-2.400000,0.410317,0.000317
73,mobley_859464,-2.646615,-2.360000,0.286615,0.000154
73,mobley_7150646,-1.703094,-2.300000,0.596906,0.000670
73,mobley_1592519,-2.664168,-2.230000,0.434168,0.000354
73,mobley_5538249,-2.130791,-2.160000,0.029209,0.000002
73,mobley_6911232,-1.657374,-2.100000,0.442626,0.000368
73,mobley_3269565,-1.525613,-2.010000,0.484387,0.000441
73,mobley_2484519,-2.997354,-1.930000,1.067354,0.002142
73,mobley_7690440,-1.946880,-1.830000,0.116880,0.000026
73,mobley_3802803,-1.999221,-1.660000,0.339221,0.000216
73,mobley_1144156,-1.369034,-1.590000,0.220966,0.000092
73,mobley_2481002,-3.087813,-1.450000,1.637813,0.005044
73,mobley_2489709,-1.067850,-1.360000,0.292150,0.000160
73,mobley_5052949,-0.791930,-1.280000,0.488070,0.000448
73,mobley_2492140,-2.049675,-1.230000,0.819675,0.001263
73,mobley_7542832,-1.280849,-1.160000,0.120849,0.000027
73,mobley_7814642,-1.668599,-1.120000,0.548599,0.000566
73,mobley_1563176,-0.995485,-0.990000,0.005485,0.000000
73,mobley_1873346,-0.780068,-0.900000,0.119932,0.000027
73,mobley_3040612,-0.702603,-0.850000,0.147397,0.000041
73,mobley_4483973,-2.049912,-0.800000,1.249912,0.002938
73,mobley_9913368,-1.778750,-0.780000,0.998750,0.001876
73,mobley_1449384,-0.531266,-0.680000,0.148734,0.000042
73,mobley_7708038,-0.780399,-0.560000,0.220399,0.000091
73,mobley_8311321,-0.226250,-0.500000,0.273750,0.000141
73,mobley_766666,-0.748740,-0.440000,0.308740,0.000179
73,mobley_5445548,-0.578185,-0.300000,0.278185,0.000146
73,mobley_9029594,-1.056239,-0.220000,0.836239,0.001315
73,mobley_3370989,-1.950350,-0.110000,1.840350,0.006369
73,mobley_627267,-0.356143,-0.030000,0.326143,0.000200
73,mobley_6250025,0.340590,0.080000,0.260590,0.000128
73,mobley_4252724,-0.452759,0.160000,0.612759,0.000706
73,mobley_7157427,0.280214,0.290000,0.009786,0.000000
73,mobley_8885088,0.107032,0.560000,0.452968,0.000386
73,mobley_8522124,0.572258,0.710000,0.137742,0.000036
73,mobley_4678740,0.592627,1.070000,0.477373,0.000429
73,mobley_2689721,1.196448,1.230000,0.033552,0.000002
73,mobley_1662128,1.207395,1.380000,0.172605,0.000056
73,mobley_4762983,1.908047,1.660000,0.248047,0.000116
73,mobley_7732703,0.436907,1.790000,1.353093,0.003443
73,mobley_2068538,1.522926,2.000000,0.477074,0.000428
73,mobley_5157661,1.956798,2.300000,0.343202,0.000221
73,mobley_1261349,2.512465,2.510000,0.002465,0.000000
73,mobley_2328633,2.268339,2.550000,0.281661,0.000149
73,mobley_8436428,2.935579,2.830000,0.105579,0.000021
73,mobley_3060426,3.477663,2.930000,0.547662,0.000564
73,mobley_2197088,3.324727,3.160000,0.164726,0.000051
74,mobley_9534740,-20.853546,-25.469999,4.616453,0.040076
74,mobley_6239320,-21.956713,-18.059999,3.896713,0.028554
74,mobley_7794077,-14.216119,-15.460000,1.243881,0.002910
74,mobley_7415647,-12.410965,-11.950000,0.460965,0.000400
74,mobley_1728386,-10.577699,-11.000000,0.422301,0.000335
74,mobley_2269032,-9.518064,-10.210000,0.691936,0.000900
74,mobley_2913224,-7.370305,-9.940000,2.569695,0.012417
74,mobley_2659552,-9.551262,-9.760000,0.208738,0.000082
74,mobley_7176290,-8.808568,-9.620000,0.811432,0.001238
74,mobley_2295058,-8.954374,-9.510000,0.555626,0.000581
74,mobley_6055410,-9.468613,-9.400000,0.068613,0.000009
74,mobley_4639255,-9.505425,-9.300000,0.205425,0.000079
74,mobley_1417007,-5.029176,-9.010000,3.980824,0.029799
74,mobley_6115639,-8.482534,-8.700000,0.217465,0.000089
74,mobley_6353617,-7.135737,-8.260000,1.124263,0.002377
74,mobley_2725215,-8.882122,-7.980000,0.902122,0.001530
74,mobley_7039935,-6.958890,-7.670000,0.711110,0.000951
74,mobley_4059279,-6.441339,-7.580000,1.138661,0.002438
74,mobley_951560,-9.637879,-7.400000,2.237879,0.009418
74,mobley_1922649,-7.619373,-7.190000,0.429373,0.000347
74,mobley_8798016,-7.530156,-7.000000,0.530156,0.000529
74,mobley_1858644,-6.796737,-6.790000,0.006737,0.000000
74,mobley_9114381,-5.795275,-6.720000,0.924725,0.001608
74,mobley_5311804,-5.891080,-6.620000,0.728920,0.000999
74,mobley_6743808,-6.055696,-6.500000,0.444304,0.000371
74,mobley_8789864,-5.503570,-6.400000,0.896430,0.001511
74,mobley_7009711,-6.089600,-6.270000,0.180400,0.000061
74,mobley_8789465,-4.756001,-6.200000,1.443999,0.003921
74,mobley_2923700,-5.692151,-6.130000,0.437850,0.000361
74,mobley_4780078,-5.470347,-6.010000,0.539653,0.000548
74,mobley_5467162,-5.372707,-5.910000,0.537292,0.000543
74,mobley_6257907,-5.405811,-5.820000,0.414189,0.000323
74,mobley_7913234,-6.071577,-5.730000,0.341577,0.000219
74,mobley_5518547,-5.589118,-5.570000,0.019117,0.000001
74,mobley_4883284,-5.646900,-5.490000,0.156900,0.000046
74,mobley_5220185,-4.745891,-5.450000,0.704109,0.000932
74,mobley_3359593,-4.966120,-5.260000,0.293880,0.000162
74,mobley_4683624,-5.658595,-5.210000,0.448595,0.000378
74,mobley_1636752,-3.746448,-5.100000,1.353552,0.003445
74,mobley_2310185,-4.524305,-5.000000,0.475695,0.000426
74,mobley_3682850,-3.983872,-4.910000,0.926128,0.001613
74,mobley_1363784,-4.495679,-4.840000,0.344321,0.000223
74,mobley_2837389,-4.099985,-4.780000,0.680015,0.000870
74,mobley_9507933,-4.485159,-4.720000,0.234841,0.000104
74,mobley_296847,-4.493814,-4.690000,0.196186,0.000072
74,mobley_8208692,-3.103127,-4.610000,1.506873,0.004270
74,mobley_4884177,-3.920060,-4.590000,0.669940,0.000844
74,mobley_6714389,-3.835900,-4.550000,0.714100,0.000959
74,mobley_2245668,-4.519582,-4.500000,0.019582,0.000001
74,mobley_5973402,-4.391860,-4.420000,0.028140,0.000001
74,mobley_3546460,-4.322065,-4.400000,0.077935,0.000011
74,mobley_8311303,-3.502434,-4.380000,0.877566,0.001448
74,mobley_9741965,-5.388521,-4.290000,1.098521,0.002269
74,mobley_4603202,-4.116967,-4.230000,0.113033,0.000024
74,mobley_628086,-3.993119,-4.160000,0.166881,0.000052
74,mobley_4620651,-3.499228,-4.100000,0.600772,0.000679
74,mobley_7977115,-4.264374,-4.060000,0.204374,0.000079
74,mobley_2789243,-3.469255,-4.010000,0.540745,0.000550
74,mobley_3968739,-4.026964,-3.920000,0.106964,0.000022
74,mobley_63712,-3.029207,-3.880000,0.850793,0.001361
74,mobley_1046331,-3.845421,-3.820000,0.025421,0.000001
74,mobley_1160109,-3.550638,-3.750000,0.199362,0.000075
74,mobley_4149784,-2.563084,-3.670000,1.106916,0.002304
74,mobley_397645,-3.785482,-3.640000,0.145482,0.000040
74,mobley_4690963,-4.281012,-3.540000,0.741012,0.001033
74,mobley_1967551,-3.328781,-3.500000,0.171219,0.000055
74,mobley_6733657,-2.259920,-3.440000,1.180080,0.002619
74,mobley_9565165,-3.461935,-3.350000,0.111935,0.000024
74,mobley_2487143,-3.021963,-3.280000,0.258037,0.000125
74,mobley_8449031,-2.421368,-3.220000,0.798632,0.001199
74,mobley_172879,-2.954556,-3.150000,0.195445,0.000072
74,mobley_5346580,-1.841943,-3.110000,1.268057,0.003024
74,mobley_3573480,-2.825556,-3.040000,0.214444,0.000086
74,mobley_1075836,-2.745012,-2.930000,0.184988,0.000064
74,mobley_6102880,-4.097944,-2.870000,1.227944,0.002835
74,mobley_1827204,-2.524638,-2.810000,0.285362,0.000153
74,mobley_2146331,-1.833069,-2.750000,0.916931,0.001581
74,mobley_7943327,-2.328635,-2.680000,0.351365,0.000232
74,mobley_5110043,-2.642530,-2.630000,0.012530,0.000000
74,mobley_5616693,-2.798812,-2.530000,0.268812,0.000136
74,mobley_6619554,-2.108176,-2.490000,0.381824,0.000274
74,mobley_6359156,-3.383963,-2.460000,0.923963,0.001605
74,mobley_1781152,-1.959766,-2.400000,0.440234,0.000364
74,mobley_859464,-2.364374,-2.360000,0.004374,0.000000
74,mobley_7150646,-1.753227,-2.300000,0.546773,0.000562
74,mobley_1592519,-2.377981,-2.230000,0.147981,0.000041
74,mobley_5538249,-1.644107,-2.160000,0.515893,0.000500
74,mobley_6911232,-1.616162,-2.100000,0.483838,0.000440
74,mobley_3269565,-1.340232,-2.010000,0.669768,0.000844
74,mobley_2484519,-2.604373,-1.930000,0.674373,0.000855
74,mobley_7690440,-1.544424,-1.830000,0.285576,0.000153
74,mobley_3802803,-1.634238,-1.660000,0.025762,0.000001
74,mobley_1144156,-1.114734,-1.590000,0.475266,0.000425
74,mobley_2481002,-2.741857,-1.450000,1.291857,0.003138
74,mobley_2489709,-0.937387,-1.360000,0.422613,0.000336
74,mobley_5052949,-0.679967,-1.280000,0.600033,0.000677
74,mobley_2492140,-1.912038,-1.230000,0.682038,0.000875
74,mobley_7542832,-1.158286,-1.160000,0.001714,0.000000
74,mobley_7814642,-1.335792,-1.120000,0.215792,0.000088
74,mobley_1563176,-0.879899,-0.990000,0.110101,0.000023
74,mobley_1873346,-0.788422,-0.900000,0.111578,0.000023
74,mobley_3040612,-0.698074,-0.850000,0.151926,0.000043
74,mobley_4483973,-1.854223,-0.800000,1.054223,0.002090
74,mobley_9913368,-1.578980,-0.780000,0.798980,0.001200
74,mobley_1449384,-0.654670,-0.680000,0.025330,0.000001
74,mobley_7708038,-0.692786,-0.560000,0.132786,0.000033
74,mobley_8311321,-0.039895,-0.500000,0.460105,0.000398
74,mobley_766666,-0.526881,-0.440000,0.086881,0.000014
74,mobley_5445548,-0.603114,-0.300000,0.303114,0.000173
74,mobley_9029594,-1.056018,-0.220000,0.836018,0.001314
74,mobley_3370989,-1.633731,-0.110000,1.523731,0.004366
74,mobley_627267,-0.364866,-0.030000,0.334866,0.000211
74,mobley_6250025,0.222862,0.080000,0.142862,0.000038
74,mobley_4252724,-0.550789,0.160000,0.710789,0.000950
74,mobley_7157427,0.412068,0.290000,0.122068,0.000028
74,mobley_8885088,0.020981,0.560000,0.539019,0.000546
74,mobley_8522124,0.522218,0.710000,0.187782,0.000066
74,mobley_4678740,0.943216,1.070000,0.126784,0.000030
74,mobley_2689721,1.034385,1.230000,0.195615,0.000072
74,mobley_1662128,1.146394,1.380000,0.233606,0.000103
74,mobley_4762983,1.799906,1.660000,0.139906,0.000037
74,mobley_7732703,0.461129,1.790000,1.328871,0.003321
74,mobley_2068538,1.454683,2.000000,0.545317,0.000559
74,mobley_5157661,1.807096,2.300000,0.492904,0.000457
74,mobley_1261349,2.178570,2.510000,0.331430,0.000207
74,mobley_2328633,2.049928,2.550000,0.500072,0.000470
74,mobley_8436428,2.750996,2.830000,0.079004,0.000012
74,mobley_3060426,3.072911,2.930000,0.142911,0.000038
74,mobley_2197088,3.131966,3.160000,0.028034,0.000001
75,mobley_9534740,-20.624922,-25.469999,4.845078,0.044143
75,mobley_6239320,-23.947412,-18.059999,5.887413,0.065180
75,mobley_7794077,-15.452272,-15.460000,0.007728,0.000000
75,mobley_7415647,-12.442182,-11.950000,0.492182,0.000456
75,mobley_1728386,-11.014836,-11.000000,0.014836,0.000000
75,mobley_2269032,-9.650722,-10.210000,0.559278,0.000588
75,mobley_2913224,-7.628868,-9.940000,2.311131,0.010044
75,mobley_2659552,-9.367642,-9.760000,0.392358,0.000289
75,mobley_7176290,-9.001560,-9.620000,0.618440,0.000719
75,mobley_2295058,-9.100776,-9.510000,0.409225,0.000315
75,mobley_6055410,-9.055124,-9.400000,0.344875,0.000224
75,mobley_4639255,-9.369837,-9.300000,0.069837,0.000009
75,mobley_1417007,-5.264371,-9.010000,3.745629,0.026382
75,mobley_6115639,-9.692667,-8.700000,0.992667,0.001853
75,mobley_6353617,-7.324773,-8.260000,0.935227,0.001645
75,mobley_2725215,-9.519505,-7.980000,1.539505,0.004457
75,mobley_7039935,-6.965271,-7.670000,0.704729,0.000934
75,mobley_4059279,-6.663833,-7.580000,0.916167,0.001578
75,mobley_951560,-9.420400,-7.400000,2.020400,0.007676
75,mobley_1922649,-8.485081,-7.190000,1.295081,0.003154
75,mobley_8798016,-7.713901,-7.000000,0.713901,0.000958
75,mobley_1858644,-6.733117,-6.790000,0.056883,0.000006
75,mobley_9114381,-6.208800,-6.720000,0.511200,0.000491
75,mobley_5311804,-5.836040,-6.620000,0.783960,0.001156
75,mobley_6743808,-5.806544,-6.500000,0.693456,0.000904
75,mobley_8789864,-6.034513,-6.400000,0.365487,0.000251
75,mobley_7009711,-5.890954,-6.270000,0.379045,0.000270
75,mobley_8789465,-4.567106,-6.200000,1.632894,0.005014
75,mobley_2923700,-5.684512,-6.130000,0.445488,0.000373
75,mobley_4780078,-5.264900,-6.010000,0.745100,0.001044
75,mobley_5467162,-5.080270,-5.910000,0.829730,0.001295
75,mobley_6257907,-5.826056,-5.820000,0.006055,0.000000
75,mobley_7913234,-6.356485,-5.730000,0.626485,0.000738
75,mobley_5518547,-5.779168,-5.570000,0.209168,0.000082
75,mobley_4883284,-6.100811,-5.490000,0.610811,0.000702
75,mobley_5220185,-5.130764,-5.450000,0.319235,0.000192
75,mobley_3359593,-5.130716,-5.260000,0.129284,0.000031
75,mobley_4683624,-5.624117,-5.210000,0.414117,0.000322
75,mobley_1636752,-3.593283,-5.100000,1.506716,0.004269
75,mobley_2310185,-4.610044,-5.000000,0.389956,0.000286
75,mobley_3682850,-4.507672,-4.910000,0.402328,0.000304
75,mobley_1363784,-4.329419,-4.840000,0.510581,0.000490
75,mobley_2837389,-4.289057,-4.780000,0.490943,0.000453
75,mobley_9507933,-4.375114,-4.720000,0.344885,0.000224
75,mobley_296847,-4.870508,-4.690000,0.180508,0.000061
75,mobley_8208692,-3.416681,-4.610000,1.193319,0.002678
75,mobley_4884177,-4.085648,-4.590000,0.504353,0.000478
75,mobley_6714389,-3.958141,-4.550000,0.591859,0.000659
75,mobley_2245668,-4.509331,-4.500000,0.009331,0.000000
75,mobley_5973402,-4.402175,-4.420000,0.017825,0.000001
75,mobley_3546460,-4.454926,-4.400000,0.054925,0.000006
75,mobley_8311303,-3.952929,-4.380000,0.427071,0.000343
75,mobley_9741965,-5.875419,-4.290000,1.585419,0.004727
75,mobley_4603202,-4.576858,-4.230000,0.346858,0.000226
75,mobley_628086,-4.098159,-4.160000,0.061841,0.000007
75,mobley_4620651,-3.748472,-4.100000,0.351527,0.000232
75,mobley_7977115,-4.491669,-4.060000,0.431669,0.000350
75,mobley_2789243,-3.719671,-4.010000,0.290329,0.000159
75,mobley_3968739,-4.247894,-3.920000,0.327894,0.000202
75,mobley_63712,-3.372913,-3.880000,0.507087,0.000484
75,mobley_1046331,-4.102163,-3.820000,0.282163,0.000150
75,mobley_1160109,-3.706214,-3.750000,0.043786,0.000004
75,mobley_4149784,-2.878934,-3.670000,0.791066,0.001177
75,mobley_397645,-4.174201,-3.640000,0.534200,0.000537
75,mobley_4690963,-4.867048,-3.540000,1.327048,0.003312
75,mobley_1967551,-3.560375,-3.500000,0.060375,0.000007
75,mobley_6733657,-2.697260,-3.440000,0.742740,0.001037
75,mobley_9565165,-3.192240,-3.350000,0.157759,0.000047
75,mobley_2487143,-3.349007,-3.280000,0.069007,0.000009
75,mobley_8449031,-2.784380,-3.220000,0.435620,0.000357
75,mobley_172879,-3.124420,-3.150000,0.025580,0.000001
75,mobley_5346580,-1.926867,-3.110000,1.183133,0.002632
75,mobley_3573480,-3.190559,-3.040000,0.150559,0.000043
75,mobley_1075836,-3.098914,-2.930000,0.168914,0.000054
75,mobley_6102880,-4.293751,-2.870000,1.423751,0.003812
75,mobley_1827204,-2.856773,-2.810000,0.046773,0.000004
75,mobley_2146331,-1.925638,-2.750000,0.824362,0.001278
75,mobley_7943327,-2.839692,-2.680000,0.159692,0.000048
75,mobley_5110043,-2.116646,-2.630000,0.513354,0.000496
75,mobley_5616693,-2.999878,-2.530000,0.469878,0.000415
75,mobley_6619554,-2.621451,-2.490000,0.131451,0.000032
75,mobley_6359156,-3.499866,-2.460000,1.039866,0.002033
75,mobley_1781152,-2.233223,-2.400000,0.166777,0.000052
75,mobley_859464,-2.827442,-2.360000,0.467442,0.000411
75,mobley_7150646,-1.616392,-2.300000,0.683608,0.000879
75,mobley_1592519,-2.930684,-2.230000,0.700684,0.000923
75,mobley_5538249,-1.827261,-2.160000,0.332739,0.000208
75,mobley_6911232,-1.880164,-2.100000,0.219836,0.000091
75,mobley_3269565,-1.675238,-2.010000,0.334762,0.000211
75,mobley_2484519,-2.886698,-1.930000,0.956698,0.001721
75,mobley_7690440,-2.220286,-1.830000,0.390286,0.000286
75,mobley_3802803,-2.034566,-1.660000,0.374566,0.000264
75,mobley_1144156,-1.642424,-1.590000,0.052424,0.000005
75,mobley_2481002,-2.975713,-1.450000,1.525713,0.004377
75,mobley_2489709,-1.091644,-1.360000,0.268356,0.000135
75,mobley_5052949,-1.085464,-1.280000,0.194536,0.000071
75,mobley_2492140,-2.200859,-1.230000,0.970859,0.001772
75,mobley_7542832,-1.546522,-1.160000,0.386522,0.000281
75,mobley_7814642,-1.486494,-1.120000,0.366494,0.000253
75,mobley_1563176,-1.074219,-0.990000,0.084219,0.000013
75,mobley_1873346,-0.798053,-0.900000,0.101947,0.000020
75,mobley_3040612,-0.580905,-0.850000,0.269095,0.000136
75,mobley_4483973,-2.037775,-0.800000,1.237775,0.002881
75,mobley_9913368,-1.718234,-0.780000,0.938234,0.001655
75,mobley_1449384,-0.433038,-0.680000,0.246962,0.000115
75,mobley_7708038,-0.942462,-0.560000,0.382462,0.000275
75,mobley_8311321,-0.188501,-0.500000,0.311499,0.000182
75,mobley_766666,-0.632564,-0.440000,0.192564,0.000070
75,mobley_5445548,-0.627792,-0.300000,0.327792,0.000202
75,mobley_9029594,-1.081967,-0.220000,0.861967,0.001397
75,mobley_3370989,-1.928247,-0.110000,1.818247,0.006217
75,mobley_627267,-0.536380,-0.030000,0.506380,0.000482
75,mobley_6250025,0.104207,0.080000,0.024207,0.000001
75,mobley_4252724,-0.565154,0.160000,0.725154,0.000989
75,mobley_7157427,0.071420,0.290000,0.218580,0.000090
75,mobley_8885088,-0.213001,0.560000,0.773001,0.001124
75,mobley_8522124,0.484302,0.710000,0.225698,0.000096
75,mobley_4678740,0.724625,1.070000,0.345375,0.000224
75,mobley_2689721,0.652489,1.230000,0.577511,0.000627
75,mobley_1662128,1.074024,1.380000,0.305976,0.000176
75,mobley_4762983,1.617305,1.660000,0.042695,0.000003
75,mobley_7732703,0.466142,1.790000,1.323858,0.003296
75,mobley_2068538,1.368057,2.000000,0.631943,0.000751
75,mobley_5157661,1.719350,2.300000,0.580650,0.000634
75,mobley_1261349,2.183444,2.510000,0.326555,0.000201
75,mobley_2328633,1.651654,2.550000,0.898346,0.001518
75,mobley_8436428,2.619979,2.830000,0.210021,0.000083
75,mobley_3060426,3.063511,2.930000,0.133511,0.000034
75,mobley_2197088,2.773948,3.160000,0.386052,0.000280
76,mobley_9534740,-20.882053,-25.469999,4.587946,0.039582
76,mobley_6239320,-22.837595,-18.059999,4.777596,0.042922
76,mobley_7794077,-14.989813,-15.460000,0.470187,0.000416
76,mobley_7415647,-12.952499,-11.950000,1.002500,0.001890
76,mobley_1728386,-10.877566,-11.000000,0.122434,0.000028
76,mobley_2269032,-10.025283,-10.210000,0.184717,0.000064
76,mobley_2913224,-7.630423,-9.940000,2.309577,0.010031
76,mobley_2659552,-9.592373,-9.760000,0.167627,0.000053
76,mobley_7176290,-9.300106,-9.620000,0.319894,0.000192
76,mobley_2295058,-9.337749,-9.510000,0.172251,0.000056
76,mobley_6055410,-9.769677,-9.400000,0.369678,0.000257
76,mobley_4639255,-9.501973,-9.300000,0.201973,0.000077
76,mobley_1417007,-5.346349,-9.010000,3.663651,0.025240
76,mobley_6115639,-9.523070,-8.700000,0.823071,0.001274
76,mobley_6353617,-7.548336,-8.260000,0.711665,0.000952
76,mobley_2725215,-9.374661,-7.980000,1.394661,0.003658
76,mobley_7039935,-7.179199,-7.670000,0.490801,0.000453
76,mobley_4059279,-6.600673,-7.580000,0.979327,0.001804
76,mobley_951560,-9.608470,-7.400000,2.208470,0.009172
76,mobley_1922649,-8.939583,-7.190000,1.749583,0.005756
76,mobley_8798016,-7.858761,-7.000000,0.858761,0.001387
76,mobley_1858644,-6.875792,-6.790000,0.085792,0.000014
76,mobley_9114381,-6.109620,-6.720000,0.610380,0.000701
76,mobley_5311804,-5.971355,-6.620000,0.648644,0.000791
76,mobley_6743808,-6.156686,-6.500000,0.343314,0.000222
76,mobley_8789864,-5.780112,-6.400000,0.619888,0.000723
76,mobley_7009711,-6.108912,-6.270000,0.161088,0.000049
76,mobley_8789465,-4.788060,-6.200000,1.411940,0.003749
76,mobley_2923700,-6.022561,-6.130000,0.107440,0.000022
76,mobley_4780078,-5.617063,-6.010000,0.392937,0.000290
76,mobley_5467162,-5.472767,-5.910000,0.437232,0.000359
76,mobley_6257907,-5.905190,-5.820000,0.085190,0.000014
76,mobley_7913234,-6.143775,-5.730000,0.413775,0.000322
76,mobley_5518547,-5.934176,-5.570000,0.364176,0.000249
76,mobley_4883284,-6.037475,-5.490000,0.547475,0.000564
76,mobley_5220185,-5.068455,-5.450000,0.381545,0.000274
76,mobley_3359593,-5.423975,-5.260000,0.163975,0.000051
76,mobley_4683624,-5.932453,-5.210000,0.722453,0.000981
76,mobley_1636752,-3.707712,-5.100000,1.392288,0.003645
76,mobley_2310185,-4.533332,-5.000000,0.466668,0.000410
76,mobley_3682850,-4.239731,-4.910000,0.670269,0.000845
76,mobley_1363784,-4.524800,-4.840000,0.315200,0.000187
76,mobley_2837389,-4.276096,-4.780000,0.503904,0.000477
76,mobley_9507933,-4.493222,-4.720000,0.226778,0.000097
76,mobley_296847,-4.894512,-4.690000,0.204512,0.000079
76,mobley_8208692,-3.251886,-4.610000,1.358114,0.003468
76,mobley_4884177,-4.258812,-4.590000,0.331188,0.000206
76,mobley_6714389,-3.969013,-4.550000,0.580987,0.000635
76,mobley_2245668,-4.407039,-4.500000,0.092961,0.000016
76,mobley_5973402,-4.305697,-4.420000,0.114303,0.000025
76,mobley_3546460,-4.330610,-4.400000,0.069390,0.000009
76,mobley_8311303,-3.873309,-4.380000,0.506691,0.000483
76,mobley_9741965,-6.132958,-4.290000,1.842958,0.006387
76,mobley_4603202,-4.412876,-4.230000,0.182876,0.000063
76,mobley_628086,-4.031233,-4.160000,0.128767,0.000031
76,mobley_4620651,-3.637823,-4.100000,0.462177,0.000402
76,mobley_7977115,-4.311855,-4.060000,0.251855,0.000119
76,mobley_2789243,-3.659120,-4.010000,0.350880,0.000232
76,mobley_3968739,-4.140913,-3.920000,0.220913,0.000092
76,mobley_63712,-3.205506,-3.880000,0.674494,0.000855
76,mobley_1046331,-4.042962,-3.820000,0.222962,0.000093
76,mobley_1160109,-3.717147,-3.750000,0.032853,0.000002
76,mobley_4149784,-3.135681,-3.670000,0.534319,0.000537
76,mobley_397645,-3.954879,-3.640000,0.314878,0.000186
76,mobley_4690963,-4.442197,-3.540000,0.902197,0.001531
76,mobley_1967551,-3.453235,-3.500000,0.046765,0.000004
76,mobley_6733657,-2.634995,-3.440000,0.805005,0.001219
76,mobley_9565165,-3.350973,-3.350000,0.000973,0.000000
76,mobley_2487143,-3.105078,-3.280000,0.174922,0.000058
76,mobley_8449031,-2.613500,-3.220000,0.606500,0.000692
76,mobley_172879,-3.130456,-3.150000,0.019544,0.000001
76,mobley_5346580,-1.796741,-3.110000,1.313259,0.003243
76,mobley_3573480,-2.893002,-3.040000,0.146998,0.000041
76,mobley_1075836,-2.898369,-2.930000,0.031631,0.000002
76,mobley_6102880,-4.306292,-2.870000,1.436292,0.003879
76,mobley_1827204,-2.620847,-2.810000,0.189153,0.000067
76,mobley_2146331,-1.798334,-2.750000,0.951666,0.001703
76,mobley_7943327,-2.563975,-2.680000,0.116025,0.000025
76,mobley_5110043,-2.412181,-2.630000,0.217819,0.000089
76,mobley_5616693,-2.927661,-2.530000,0.397661,0.000297
76,mobley_6619554,-2.332764,-2.490000,0.157236,0.000046
76,mobley_6359156,-3.557268,-2.460000,1.097268,0.002264
76,mobley_1781152,-2.000124,-2.400000,0.399876,0.000301
76,mobley_859464,-2.515046,-2.360000,0.155046,0.000045
76,mobley_7150646,-1.703912,-2.300000,0.596088,0.000668
76,mobley_1592519,-2.561247,-2.230000,0.331247,0.000206
76,mobley_5538249,-1.888695,-2.160000,0.271305,0.000138
76,mobley_6911232,-1.629348,-2.100000,0.470652,0.000417
76,mobley_3269565,-1.402080,-2.010000,0.607920,0.000695
76,mobley_2484519,-2.808998,-1.930000,0.878998,0.001453
76,mobley_7690440,-1.920768,-1.830000,0.090768,0.000015
76,mobley_3802803,-1.858104,-1.660000,0.198104,0.000074
76,mobley_1144156,-1.248451,-1.590000,0.341549,0.000219
76,mobley_2481002,-2.849597,-1.450000,1.399597,0.003684
76,mobley_2489709,-1.088187,-1.360000,0.271814,0.000139
76,mobley_5052949,-0.690865,-1.280000,0.589135,0.000653
76,mobley_2492140,-1.815944,-1.230000,0.585944,0.000646
76,mobley_7542832,-1.181569,-1.160000,0.021569,0.000001
76,mobley_7814642,-1.446491,-1.120000,0.326491,0.000200
76,mobley_1563176,-0.864715,-0.990000,0.125285,0.000030
76,mobley_1873346,-0.704708,-0.900000,0.195292,0.000072
76,mobley_3040612,-0.664373,-0.850000,0.185627,0.000065
76,mobley_4483973,-1.951527,-0.800000,1.151527,0.002494
76,mobley_9913368,-1.626497,-0.780000,0.846497,0.001347
76,mobley_1449384,-0.553887,-0.680000,0.126113,0.000030
76,mobley_7708038,-0.673907,-0.560000,0.113907,0.000024
76,mobley_8311321,-0.040949,-0.500000,0.459051,0.000396
76,mobley_766666,-0.552298,-0.440000,0.112298,0.000024
76,mobley_5445548,-0.558114,-0.300000,0.258114,0.000125
76,mobley_9029594,-1.031663,-0.220000,0.811663,0.001239
76,mobley_3370989,-1.711768,-0.110000,1.601768,0.004825
76,mobley_627267,-0.260346,-0.030000,0.230346,0.000100
76,mobley_6250025,0.403278,0.080000,0.323278,0.000197
76,mobley_4252724,-0.455466,0.160000,0.615466,0.000712
76,mobley_7157427,0.419185,0.290000,0.129185,0.000031
76,mobley_8885088,0.096008,0.560000,0.463992,0.000405
76,mobley_8522124,0.723087,0.710000,0.013088,0.000000
76,mobley_4678740,0.648765,1.070000,0.421235,0.000334
76,mobley_2689721,1.072298,1.230000,0.157702,0.000047
76,mobley_1662128,1.300864,1.380000,0.079136,0.000012
76,mobley_4762983,1.987977,1.660000,0.327977,0.000202
76,mobley_7732703,0.496737,1.790000,1.293263,0.003145
76,mobley_2068538,1.542713,2.000000,0.457287,0.000393
76,mobley_5157661,1.975919,2.300000,0.324081,0.000198
76,mobley_1261349,2.479143,2.510000,0.030857,0.000002
76,mobley_2328633,2.145206,2.550000,0.404794,0.000308
76,mobley_8436428,2.987539,2.830000,0.157539,0.000047
76,mobley_3060426,3.388101,2.930000,0.458101,0.000395
76,mobley_2197088,3.285075,3.160000,0.125075,0.000029
77,mobley_9534740,-21.279724,-25.469999,4.190275,0.033018
77,mobley_6239320,-23.458462,-18.059999,5.398462,0.054803
77,mobley_7794077,-15.530121,-15.460000,0.070121,0.000009
77,mobley_7415647,-13.056831,-11.950000,1.106832,0.002304
77,mobley_1728386,-11.146507,-11.000000,0.146507,0.000040
77,mobley_2269032,-10.291764,-10.210000,0.081764,0.000013
77,mobley_2913224,-7.732488,-9.940000,2.207512,0.009164
77,mobley_2659552,-9.789881,-9.760000,0.029881,0.000002
77,mobley_7176290,-9.361115,-9.620000,0.258885,0.000126
77,mobley_2295058,-9.378079,-9.510000,0.131921,0.000033
77,mobley_6055410,-10.002381,-9.400000,0.602382,0.000682
77,mobley_4639255,-9.657050,-9.300000,0.357050,0.000240
77,mobley_1417007,-5.454088,-9.010000,3.555912,0.023777
77,mobley_6115639,-9.551853,-8.700000,0.851853,0.001365
77,mobley_6353617,-7.610621,-8.260000,0.649379,0.000793
77,mobley_2725215,-9.729928,-7.980000,1.749928,0.005758
77,mobley_7039935,-7.259823,-7.670000,0.410177,0.000316
77,mobley_4059279,-6.625180,-7.580000,0.954820,0.001714
77,mobley_951560,-9.713733,-7.400000,2.313733,0.010067
77,mobley_1922649,-8.885633,-7.190000,1.695633,0.005407
77,mobley_8798016,-7.945872,-7.000000,0.945872,0.001682
77,mobley_1858644,-6.980307,-6.790000,0.190307,0.000068
77,mobley_9114381,-6.179657,-6.720000,0.540342,0.000549
77,mobley_5311804,-6.045902,-6.620000,0.574098,0.000620
77,mobley_6743808,-6.241475,-6.500000,0.258525,0.000126
77,mobley_8789864,-6.026608,-6.400000,0.373392,0.000262
77,mobley_7009711,-6.226985,-6.270000,0.043015,0.000003
77,mobley_8789465,-4.842523,-6.200000,1.357477,0.003465
77,mobley_2923700,-6.054587,-6.130000,0.075413,0.000011
77,mobley_4780078,-5.685405,-6.010000,0.324595,0.000198
77,mobley_5467162,-5.532717,-5.910000,0.377283,0.000268
77,mobley_6257907,-5.910308,-5.820000,0.090308,0.000015
77,mobley_7913234,-6.306950,-5.730000,0.576950,0.000626
77,mobley_5518547,-5.916776,-5.570000,0.346776,0.000226
77,mobley_4883284,-6.000514,-5.490000,0.510514,0.000490
77,mobley_5220185,-5.257865,-5.450000,0.192134,0.000069
77,mobley_3359593,-5.405155,-5.260000,0.145154,0.000040
77,mobley_4683624,-5.987314,-5.210000,0.777314,0.001136
77,mobley_1636752,-3.705679,-5.100000,1.394321,0.003656
77,mobley_2310185,-4.618537,-5.000000,0.381463,0.000274
77,mobley_3682850,-4.240561,-4.910000,0.669439,0.000843
77,mobley_1363784,-4.666980,-4.840000,0.173020,0.000056
77,mobley_2837389,-4.409464,-4.780000,0.370536,0.000258
77,mobley_9507933,-4.669363,-4.720000,0.050636,0.000005
77,mobley_296847,-5.018281,-4.690000,0.328280,0.000203
77,mobley_8208692,-3.287026,-4.610000,1.322974,0.003291
77,mobley_4884177,-4.365500,-4.590000,0.224500,0.000095
77,mobley_6714389,-3.939479,-4.550000,0.610522,0.000701
77,mobley_2245668,-4.481253,-4.500000,0.018747,0.000001
77,mobley_5973402,-4.382405,-4.420000,0.037595,0.000003
77,mobley_3546460,-4.408014,-4.400000,0.008014,0.000000
77,mobley_8311303,-3.922674,-4.380000,0.457326,0.000393
77,mobley_9741965,-6.077826,-4.290000,1.787827,0.006011
77,mobley_4603202,-4.574178,-4.230000,0.344178,0.000223
77,mobley_628086,-4.293347,-4.160000,0.133347,0.000033
77,mobley_4620651,-3.724870,-4.100000,0.375129,0.000265
77,mobley_7977115,-4.373025,-4.060000,0.313025,0.000184
77,mobley_2789243,-3.831933,-4.010000,0.178067,0.000060
77,mobley_3968739,-4.196078,-3.920000,0.276078,0.000143
77,mobley_63712,-3.204254,-3.880000,0.675746,0.000859
77,mobley_1046331,-4.099708,-3.820000,0.279708,0.000147
77,mobley_1160109,-3.745261,-3.750000,0.004739,0.000000
77,mobley_4149784,-3.294596,-3.670000,0.375404,0.000265
77,mobley_397645,-4.036534,-3.640000,0.396534,0.000296
77,mobley_4690963,-4.564623,-3.540000,1.024623,0.001974
77,mobley_1967551,-3.510564,-3.500000,0.010564,0.000000
77,mobley_6733657,-2.887567,-3.440000,0.552433,0.000574
77,mobley_9565165,-3.585906,-3.350000,0.235906,0.000105
77,mobley_2487143,-3.222486,-3.280000,0.057514,0.000006
77,mobley_8449031,-2.677472,-3.220000,0.542528,0.000553
77,mobley_172879,-3.250777,-3.150000,0.100777,0.000019
77,mobley_5346580,-1.828106,-3.110000,1.281894,0.003090
77,mobley_3573480,-3.025142,-3.040000,0.014858,0.000000
77,mobley_1075836,-2.938547,-2.930000,0.008547,0.000000
77,mobley_6102880,-4.353245,-2.870000,1.483245,0.004137
77,mobley_1827204,-2.671050,-2.810000,0.138950,0.000036
77,mobley_2146331,-1.823078,-2.750000,0.926922,0.001616
77,mobley_7943327,-2.623313,-2.680000,0.056687,0.000006
77,mobley_5110043,-2.651004,-2.630000,0.021004,0.000001
77,mobley_5616693,-2.892780,-2.530000,0.362780,0.000247
77,mobley_6619554,-2.389823,-2.490000,0.100177,0.000019
77,mobley_6359156,-3.743074,-2.460000,1.283074,0.003096
77,mobley_1781152,-2.042572,-2.400000,0.357428,0.000240
77,mobley_859464,-2.583150,-2.360000,0.223150,0.000094
77,mobley_7150646,-1.817887,-2.300000,0.482113,0.000437
77,mobley_1592519,-2.635893,-2.230000,0.405893,0.000310
77,mobley_5538249,-1.935768,-2.160000,0.224232,0.000095
77,mobley_6911232,-1.679807,-2.100000,0.420193,0.000332
77,mobley_3269565,-1.477788,-2.010000,0.532212,0.000533
77,mobley_2484519,-2.821563,-1.930000,0.891563,0.001495
77,mobley_7690440,-1.842314,-1.830000,0.012314,0.000000
77,mobley_3802803,-1.913729,-1.660000,0.253729,0.000121
77,mobley_1144156,-1.290923,-1.590000,0.299078,0.000168
77,mobley_2481002,-2.951052,-1.450000,1.501052,0.004237
77,mobley_2489709,-1.264035,-1.360000,0.095965,0.000017
77,mobley_5052949,-0.739706,-1.280000,0.540294,0.000549
77,mobley_2492140,-1.996176,-1.230000,0.766176,0.001104
77,mobley_7542832,-1.234633,-1.160000,0.074633,0.000010
77,mobley_7814642,-1.532824,-1.120000,0.412824,0.000320
77,mobley_1563176,-0.905098,-0.990000,0.084902,0.000014
77,mobley_1873346,-0.778382,-0.900000,0.121618,0.000028
77,mobley_3040612,-0.763271,-0.850000,0.086729,0.000014
77,mobley_4483973,-1.971251,-0.800000,1.171251,0.002580
77,mobley_9913368,-1.691400,-0.780000,0.911400,0.001562
77,mobley_1449384,-0.678699,-0.680000,0.001301,0.000000
77,mobley_7708038,-0.705254,-0.560000,0.145254,0.000040
77,mobley_8311321,-0.117992,-0.500000,0.382008,0.000274
77,mobley_766666,-0.606767,-0.440000,0.166767,0.000052
77,mobley_5445548,-0.625086,-0.300000,0.325086,0.000199
77,mobley_9029594,-1.029499,-0.220000,0.809499,0.001232
77,mobley_3370989,-1.854378,-0.110000,1.744378,0.005722
77,mobley_627267,-0.305500,-0.030000,0.275500,0.000143
77,mobley_6250025,0.306492,0.080000,0.226492,0.000096
77,mobley_4252724,-0.539060,0.160000,0.699060,0.000919
77,mobley_7157427,0.345722,0.290000,0.055722,0.000006
77,mobley_8885088,0.052925,0.560000,0.507075,0.000484
77,mobley_8522124,0.617121,0.710000,0.092879,0.000016
77,mobley_4678740,0.573429,1.070000,0.496571,0.000464
77,mobley_2689721,1.067895,1.230000,0.162105,0.000049
77,mobley_1662128,1.249571,1.380000,0.130429,0.000032
77,mobley_4762983,1.913164,1.660000,0.253164,0.000121
77,mobley_7732703,0.432677,1.790000,1.357323,0.003464
77,mobley_2068538,1.516333,2.000000,0.483667,0.000440
77,mobley_5157661,1.938476,2.300000,0.361524,0.000246
77,mobley_1261349,2.457878,2.510000,0.052122,0.000005
77,mobley_2328633,2.109383,2.550000,0.440617,0.000365
77,mobley_8436428,2.942046,2.830000,0.112046,0.000024
77,mobley_3060426,3.375618,2.930000,0.445618,0.000373
77,mobley_2197088,3.234565,3.160000,0.074565,0.000010
78,mobley_9534740,-21.006231,-25.469999,4.463768,0.037468
78,mobley_6239320,-22.685274,-18.059999,4.625275,0.040229
78,mobley_7794077,-14.880166,-15.460000,0.579834,0.000632
78,mobley_7415647,-12.785577,-11.950000,0.835577,0.001313
78,mobley_1728386,-10.882931,-11.000000,0.117069,0.000026
78,mobley_2269032,-10.037258,-10.210000,0.172742,0.000056
78,mobley_2913224,-7.642867,-9.940000,2.297133,0.009923
78,mobley_2659552,-9.638966,-9.760000,0.121035,0.000028
78,mobley_7176290,-9.200614,-9.620000,0.419386,0.000331
78,mobley_2295058,-9.261245,-9.510000,0.248755,0.000116
78,mobley_6055410,-9.842266,-9.400000,0.442266,0.000368
78,mobley_4639255,-9.585440,-9.300000,0.285439,0.000153
78,mobley_1417007,-5.363992,-9.010000,3.646008,0.024998
78,mobley_6115639,-9.561384,-8.700000,0.861384,0.001395
78,mobley_6353617,-7.479291,-8.260000,0.780709,0.001146
78,mobley_2725215,-9.101311,-7.980000,1.121311,0.002364
78,mobley_7039935,-7.163241,-7.670000,0.506759,0.000483
78,mobley_4059279,-6.532340,-7.580000,1.047660,0.002064
78,mobley_951560,-9.492768,-7.400000,2.092768,0.008236
78,mobley_1922649,-8.721396,-7.190000,1.531396,0.004410
78,mobley_8798016,-7.795672,-7.000000,0.795672,0.001191
78,mobley_1858644,-6.895520,-6.790000,0.105520,0.000021
78,mobley_9114381,-6.109936,-6.720000,0.610064,0.000700
78,mobley_5311804,-5.951659,-6.620000,0.668341,0.000840
78,mobley_6743808,-6.182098,-6.500000,0.317902,0.000190
78,mobley_8789864,-5.895225,-6.400000,0.504776,0.000479
78,mobley_7009711,-6.177756,-6.270000,0.092244,0.000016
78,mobley_8789465,-4.839255,-6.200000,1.360744,0.003482
78,mobley_2923700,-5.945358,-6.130000,0.184642,0.000064
78,mobley_4780078,-5.614520,-6.010000,0.395481,0.000294
78,mobley_5467162,-5.464989,-5.910000,0.445011,0.000372
78,mobley_6257907,-5.812150,-5.820000,0.007851,0.000000
78,mobley_7913234,-6.228782,-5.730000,0.498782,0.000468
78,mobley_5518547,-5.861739,-5.570000,0.291739,0.000160
78,mobley_4883284,-5.964223,-5.490000,0.474223,0.000423
78,mobley_5220185,-5.126365,-5.450000,0.323635,0.000197
78,mobley_3359593,-5.407963,-5.260000,0.147963,0.000041
78,mobley_4683624,-5.892031,-5.210000,0.682031,0.000875
78,mobley_1636752,-3.722454,-5.100000,1.377546,0.003568
78,mobley_2310185,-4.615468,-5.000000,0.384532,0.000278
78,mobley_3682850,-4.214069,-4.910000,0.695930,0.000911
78,mobley_1363784,-4.616880,-4.840000,0.223120,0.000094
78,mobley_2837389,-4.337716,-4.780000,0.442284,0.000368
78,mobley_9507933,-4.607666,-4.720000,0.112334,0.000024
78,mobley_296847,-4.913361,-4.690000,0.223361,0.000094
78,mobley_8208692,-3.163307,-4.610000,1.446693,0.003936
78,mobley_4884177,-4.256184,-4.590000,0.333816,0.000210
78,mobley_6714389,-3.926213,-4.550000,0.623787,0.000732
78,mobley_2245668,-4.455010,-4.500000,0.044990,0.000004
78,mobley_5973402,-4.352859,-4.420000,0.067142,0.000008
78,mobley_3546460,-4.356121,-4.400000,0.043880,0.000004
78,mobley_8311303,-3.713205,-4.380000,0.666795,0.000836
78,mobley_9741965,-5.828185,-4.290000,1.538185,0.004449
78,mobley_4603202,-4.419920,-4.230000,0.189920,0.000068
78,mobley_628086,-4.209236,-4.160000,0.049236,0.000005
78,mobley_4620651,-3.662685,-4.100000,0.437315,0.000360
78,mobley_7977115,-4.286598,-4.060000,0.226598,0.000097
78,mobley_2789243,-3.670632,-4.010000,0.339368,0.000217
78,mobley_3968739,-4.108865,-3.920000,0.188865,0.000067
78,mobley_63712,-3.122460,-3.880000,0.757540,0.001079
78,mobley_1046331,-4.033461,-3.820000,0.213461,0.000086
78,mobley_1160109,-3.697087,-3.750000,0.052913,0.000005
78,mobley_4149784,-3.059775,-3.670000,0.610225,0.000700
78,mobley_397645,-3.967886,-3.640000,0.327886,0.000202
78,mobley_4690963,-4.487922,-3.540000,0.947922,0.001690
78,mobley_1967551,-3.503147,-3.500000,0.003147,0.000000
78,mobley_6733657,-2.644371,-3.440000,0.795630,0.001190
78,mobley_9565165,-3.484953,-3.350000,0.134953,0.000034
78,mobley_2487143,-3.205446,-3.280000,0.074554,0.000010
78,mobley_8449031,-2.559061,-3.220000,0.660939,0.000821
78,mobley_172879,-3.168146,-3.150000,0.018146,0.000001
78,mobley_5346580,-1.843555,-3.110000,1.266445,0.003016
78,mobley_3573480,-3.011604,-3.040000,0.028396,0.000002
78,mobley_1075836,-2.908039,-2.930000,0.021961,0.000001
78,mobley_6102880,-4.238920,-2.870000,1.368920,0.003524
78,mobley_1827204,-2.635193,-2.810000,0.174807,0.000057
78,mobley_2146331,-1.898057,-2.750000,0.851943,0.001365
78,mobley_7943327,-2.606722,-2.680000,0.073278,0.000010
78,mobley_5110043,-2.556337,-2.630000,0.073663,0.000010
78,mobley_5616693,-2.819478,-2.530000,0.289478,0.000158
78,mobley_6619554,-2.377018,-2.490000,0.112982,0.000024
78,mobley_6359156,-3.458173,-2.460000,0.998173,0.001874
78,mobley_1781152,-2.040499,-2.400000,0.359501,0.000243
78,mobley_859464,-2.574657,-2.360000,0.214658,0.000087
78,mobley_7150646,-1.755817,-2.300000,0.544183,0.000557
78,mobley_1592519,-2.618770,-2.230000,0.388770,0.000284
78,mobley_5538249,-1.771338,-2.160000,0.388662,0.000284
78,mobley_6911232,-1.657837,-2.100000,0.442163,0.000368
78,mobley_3269565,-1.463720,-2.010000,0.546280,0.000561
78,mobley_2484519,-2.722829,-1.930000,0.792829,0.001182
78,mobley_7690440,-1.873620,-1.830000,0.043620,0.000004
78,mobley_3802803,-1.761186,-1.660000,0.101186,0.000019
78,mobley_1144156,-1.280240,-1.590000,0.309760,0.000180
78,mobley_2481002,-2.874538,-1.450000,1.424538,0.003816
78,mobley_2489709,-1.043989,-1.360000,0.316011,0.000188
78,mobley_5052949,-0.713265,-1.280000,0.566735,0.000604
78,mobley_2492140,-1.988626,-1.230000,0.758626,0.001082
78,mobley_7542832,-1.180981,-1.160000,0.020981,0.000001
78,mobley_7814642,-1.436178,-1.120000,0.316178,0.000188
78,mobley_1563176,-0.891970,-0.990000,0.098030,0.000018
78,mobley_1873346,-0.731571,-0.900000,0.168429,0.000053
78,mobley_3040612,-0.683905,-0.850000,0.166095,0.000052
78,mobley_4483973,-1.925785,-0.800000,1.125785,0.002383
78,mobley_9913368,-1.667901,-0.780000,0.887901,0.001482
78,mobley_1449384,-0.589273,-0.680000,0.090727,0.000015
78,mobley_7708038,-0.700216,-0.560000,0.140216,0.000037
78,mobley_8311321,-0.102886,-0.500000,0.397114,0.000297
78,mobley_766666,-0.590258,-0.440000,0.150258,0.000042
78,mobley_5445548,-0.545045,-0.300000,0.245045,0.000113
78,mobley_9029594,-1.048185,-0.220000,0.828185,0.001290
78,mobley_3370989,-1.828524,-0.110000,1.718524,0.005554
78,mobley_627267,-0.317907,-0.030000,0.287907,0.000156
78,mobley_6250025,0.283284,0.080000,0.203284,0.000078
78,mobley_4252724,-0.477945,0.160000,0.637945,0.000765
78,mobley_7157427,0.376892,0.290000,0.086892,0.000014
78,mobley_8885088,0.046290,0.560000,0.513710,0.000496
78,mobley_8522124,0.608438,0.710000,0.101562,0.000019
78,mobley_4678740,0.767826,1.070000,0.302174,0.000172
78,mobley_2689721,1.071294,1.230000,0.158706,0.000047
78,mobley_1662128,1.263794,1.380000,0.116206,0.000025
78,mobley_4762983,1.911408,1.660000,0.251408,0.000119
78,mobley_7732703,0.463545,1.790000,1.326455,0.003309
78,mobley_2068538,1.524568,2.000000,0.475432,0.000425
78,mobley_5157661,1.918812,2.300000,0.381188,0.000273
78,mobley_1261349,2.359638,2.510000,0.150362,0.000043
78,mobley_2328633,2.122940,2.550000,0.427060,0.000343
78,mobley_8436428,2.927450,2.830000,0.097450,0.000018
78,mobley_3060426,3.292842,2.930000,0.362842,0.000248
78,mobley_2197088,3.236544,3.160000,0.076544,0.000011
79,mobley_9534740,-20.982012,-25.469999,4.487988,0.037876
79,mobley_6239320,-22.840591,-18.059999,4.780592,0.042976
79,mobley_7794077,-15.168304,-15.460000,0.291696,0.000160
79,mobley_7415647,-13.097491,-11.950000,1.147491,0.002476
79,mobley_1728386,-10.943921,-11.000000,0.056079,0.000006
79,mobley_2269032,-10.077150,-10.210000,0.132850,0.000033
79,mobley_2913224,-7.699967,-9.940000,2.240032,0.009436
79,mobley_2659552,-9.790764,-9.760000,0.030764,0.000002
79,mobley_7176290,-9.367384,-9.620000,0.252616,0.000120
79,mobley_2295058,-9.344022,-9.510000,0.165978,0.000052
79,mobley_6055410,-9.997938,-9.400000,0.597939,0.000672
79,mobley_4639255,-9.586662,-9.300000,0.286662,0.000155
79,mobley_1417007,-5.658769,-9.010000,3.351232,0.021119
79,mobley_6115639,-9.651307,-8.700000,0.951307,0.001702
79,mobley_6353617,-7.535172,-8.260000,0.724829,0.000988
79,mobley_2725215,-9.547687,-7.980000,1.567687,0.004621
79,mobley_7039935,-7.168183,-7.670000,0.501817,0.000474
79,mobley_4059279,-6.493556,-7.580000,1.086444,0.002220
79,mobley_951560,-9.611796,-7.400000,2.211796,0.009199
79,mobley_1922649,-8.964440,-7.190000,1.774440,0.005921
79,mobley_8798016,-7.803944,-7.000000,0.803944,0.001215
79,mobley_1858644,-6.921263,-6.790000,0.131263,0.000032
79,mobley_9114381,-6.158835,-6.720000,0.561165,0.000592
79,mobley_5311804,-5.979960,-6.620000,0.640039,0.000770
79,mobley_6743808,-6.276536,-6.500000,0.223464,0.000094
79,mobley_8789864,-5.992386,-6.400000,0.407614,0.000312
79,mobley_7009711,-6.247169,-6.270000,0.022831,0.000001
79,mobley_8789465,-4.876340,-6.200000,1.323660,0.003295
79,mobley_2923700,-6.036737,-6.130000,0.093263,0.000016
79,mobley_4780078,-5.699093,-6.010000,0.310907,0.000182
79,mobley_5467162,-5.565661,-5.910000,0.344338,0.000223
79,mobley_6257907,-5.940852,-5.820000,0.120852,0.000027
79,mobley_7913234,-6.258839,-5.730000,0.528839,0.000526
79,mobley_5518547,-5.925076,-5.570000,0.355076,0.000237
79,mobley_4883284,-5.992818,-5.490000,0.502819,0.000475
79,mobley_5220185,-5.199815,-5.450000,0.250185,0.000118
79,mobley_3359593,-5.445416,-5.260000,0.185416,0.000065
79,mobley_4683624,-5.979440,-5.210000,0.769440,0.001113
79,mobley_1636752,-3.730395,-5.100000,1.369605,0.003527
79,mobley_2310185,-4.607046,-5.000000,0.392954,0.000290
79,mobley_3682850,-4.212163,-4.910000,0.697836,0.000916
79,mobley_1363784,-4.660600,-4.840000,0.179400,0.000061
79,mobley_2837389,-4.335719,-4.780000,0.444282,0.000371
79,mobley_9507933,-4.659405,-4.720000,0.060595,0.000007
79,mobley_296847,-4.898371,-4.690000,0.208371,0.000082
79,mobley_8208692,-3.562063,-4.610000,1.047937,0.002065
79,mobley_4884177,-4.276612,-4.590000,0.313388,0.000185
79,mobley_6714389,-3.936346,-4.550000,0.613654,0.000708
79,mobley_2245668,-4.497228,-4.500000,0.002772,0.000000
79,mobley_5973402,-4.376177,-4.420000,0.043823,0.000004
79,mobley_3546460,-4.413194,-4.400000,0.013194,0.000000
79,mobley_8311303,-4.108023,-4.380000,0.271977,0.000139
79,mobley_9741965,-6.002392,-4.290000,1.712392,0.005514
79,mobley_4603202,-4.499686,-4.230000,0.269686,0.000137
79,mobley_628086,-4.313537,-4.160000,0.153537,0.000044
79,mobley_4620651,-3.684864,-4.100000,0.415136,0.000324
79,mobley_7977115,-4.318233,-4.060000,0.258233,0.000125
79,mobley_2789243,-3.773935,-4.010000,0.236065,0.000105
79,mobley_3968739,-4.118849,-3.920000,0.198849,0.000074
79,mobley_63712,-3.081737,-3.880000,0.798263,0.001198
79,mobley_1046331,-4.052500,-3.820000,0.232500,0.000102
79,mobley_1160109,-3.737029,-3.750000,0.012971,0.000000
79,mobley_4149784,-3.285924,-3.670000,0.384076,0.000277
79,mobley_397645,-3.961502,-3.640000,0.321502,0.000194
79,mobley_4690963,-4.455358,-3.540000,0.915358,0.001576
79,mobley_1967551,-3.567106,-3.500000,0.067106,0.000008
79,mobley_6733657,-3.010579,-3.440000,0.429421,0.000347
79,mobley_9565165,-3.490828,-3.350000,0.140828,0.000037
79,mobley_2487143,-3.310802,-3.280000,0.030802,0.000002
79,mobley_8449031,-2.542756,-3.220000,0.677244,0.000862
79,mobley_172879,-3.224150,-3.150000,0.074150,0.000010
79,mobley_5346580,-1.906360,-3.110000,1.203640,0.002724
79,mobley_3573480,-3.127718,-3.040000,0.087718,0.000014
79,mobley_1075836,-2.908547,-2.930000,0.021453,0.000001
79,mobley_6102880,-4.258327,-2.870000,1.388327,0.003624
79,mobley_1827204,-2.686674,-2.810000,0.123326,0.000029
79,mobley_2146331,-1.871850,-2.750000,0.878150,0.001450
79,mobley_7943327,-2.594492,-2.680000,0.085508,0.000014
79,mobley_5110043,-2.601095,-2.630000,0.028905,0.000002
79,mobley_5616693,-2.833634,-2.530000,0.303634,0.000173
79,mobley_6619554,-2.384795,-2.490000,0.105205,0.000021
79,mobley_6359156,-3.675715,-2.460000,1.215715,0.002779
79,mobley_1781152,-2.048859,-2.400000,0.351141,0.000232
79,mobley_859464,-2.573728,-2.360000,0.213728,0.000086
79,mobley_7150646,-1.814599,-2.300000,0.485401,0.000443
79,mobley_1592519,-2.624372,-2.230000,0.394372,0.000292
79,mobley_5538249,-1.993992,-2.160000,0.166008,0.000052
79,mobley_6911232,-1.637687,-2.100000,0.462313,0.000402
79,mobley_3269565,-1.498613,-2.010000,0.511387,0.000492
79,mobley_2484519,-2.787256,-1.930000,0.857256,0.001382
79,mobley_7690440,-1.860444,-1.830000,0.030444,0.000002
79,mobley_3802803,-1.850001,-1.660000,0.190001,0.000068
79,mobley_1144156,-1.218353,-1.590000,0.371647,0.000260
79,mobley_2481002,-2.868721,-1.450000,1.418720,0.003785
79,mobley_2489709,-1.208981,-1.360000,0.151019,0.000043
79,mobley_5052949,-0.738345,-1.280000,0.541655,0.000552
79,mobley_2492140,-2.084862,-1.230000,0.854862,0.001374
79,mobley_7542832,-1.182779,-1.160000,0.022779,0.000001
79,mobley_7814642,-1.632434,-1.120000,0.512434,0.000494
79,mobley_1563176,-0.920287,-0.990000,0.069713,0.000009
79,mobley_1873346,-0.746348,-0.900000,0.153652,0.000044
79,mobley_3040612,-0.719053,-0.850000,0.130947,0.000032
79,mobley_4483973,-1.946299,-0.800000,1.146299,0.002471
79,mobley_9913368,-1.705069,-0.780000,0.925069,0.001609
79,mobley_1449384,-0.629442,-0.680000,0.050558,0.000005
79,mobley_7708038,-0.708028,-0.560000,0.148028,0.000041
79,mobley_8311321,-0.083853,-0.500000,0.416147,0.000326
79,mobley_766666,-0.631172,-0.440000,0.191172,0.000069
79,mobley_5445548,-0.560672,-0.300000,0.260672,0.000128
79,mobley_9029594,-1.038387,-0.220000,0.818387,0.001259
79,mobley_3370989,-1.871112,-0.110000,1.761112,0.005832
79,mobley_627267,-0.321619,-0.030000,0.291619,0.000160
79,mobley_6250025,0.244902,0.080000,0.164902,0.000051
79,mobley_4252724,-0.477447,0.160000,0.637447,0.000764
79,mobley_7157427,0.298264,0.290000,0.008264,0.000000
79,mobley_8885088,0.063577,0.560000,0.496423,0.000463
79,mobley_8522124,0.574575,0.710000,0.135425,0.000034
79,mobley_4678740,0.610763,1.070000,0.459237,0.000397
79,mobley_2689721,1.081469,1.230000,0.148531,0.000041
79,mobley_1662128,1.231430,1.380000,0.148570,0.000042
79,mobley_4762983,1.861315,1.660000,0.201315,0.000076
79,mobley_7732703,0.455696,1.790000,1.334304,0.003348
79,mobley_2068538,1.510690,2.000000,0.489310,0.000450
79,mobley_5157661,1.919171,2.300000,0.380828,0.000273
79,mobley_1261349,2.404310,2.510000,0.105690,0.000021
79,mobley_2328633,2.103332,2.550000,0.446668,0.000375
79,mobley_8436428,2.917810,2.830000,0.087810,0.000014
79,mobley_3060426,3.318153,2.930000,0.388153,0.000283
79,mobley_2197088,3.186693,3.160000,0.026693,0.000001
80,mobley_9534740,-20.955500,-25.469999,4.514500,0.038325
80,mobley_6239320,-22.516693,-18.059999,4.456694,0.037350
80,mobley_7794077,-14.890503,-15.460000,0.569497,0.000610
80,mobley_7415647,-13.056416,-11.950000,1.106416,0.002302
80,mobley_1728386,-10.945716,-11.000000,0.054284,0.000006
80,mobley_2269032,-10.132812,-10.210000,0.077188,0.000011
80,mobley_2913224,-7.669758,-9.940000,2.270241,0.009692
80,mobley_2659552,-9.777529,-9.760000,0.017529,0.000001
80,mobley_7176290,-9.388938,-9.620000,0.231062,0.000100
80,mobley_2295058,-9.362803,-9.510000,0.147197,0.000041
80,mobley_6055410,-9.989377,-9.400000,0.589377,0.000653
80,mobley_4639255,-9.606605,-9.300000,0.306604,0.000177
80,mobley_1417007,-5.547085,-9.010000,3.462915,0.022550
80,mobley_6115639,-9.548055,-8.700000,0.848055,0.001352
80,mobley_6353617,-7.532968,-8.260000,0.727033,0.000994
80,mobley_2725215,-9.417527,-7.980000,1.437527,0.003886
80,mobley_7039935,-7.255077,-7.670000,0.414923,0.000324
80,mobley_4059279,-6.417367,-7.580000,1.162633,0.002542
80,mobley_951560,-9.558881,-7.400000,2.158881,0.008764
80,mobley_1922649,-8.870701,-7.190000,1.680701,0.005312
80,mobley_8798016,-7.846338,-7.000000,0.846338,0.001347
80,mobley_1858644,-6.968151,-6.790000,0.178151,0.000060
80,mobley_9114381,-6.112954,-6.720000,0.607046,0.000693
80,mobley_5311804,-6.038405,-6.620000,0.581594,0.000636
80,mobley_6743808,-6.262439,-6.500000,0.237561,0.000106
80,mobley_8789864,-5.831750,-6.400000,0.568250,0.000607
80,mobley_7009711,-6.252766,-6.270000,0.017234,0.000001
80,mobley_8789465,-4.927114,-6.200000,1.272886,0.003047
80,mobley_2923700,-6.034382,-6.130000,0.095618,0.000017
80,mobley_4780078,-5.702761,-6.010000,0.307240,0.000178
80,mobley_5467162,-5.559720,-5.910000,0.350280,0.000231
80,mobley_6257907,-5.942884,-5.820000,0.122884,0.000028
80,mobley_7913234,-6.229553,-5.730000,0.499553,0.000469
80,mobley_5518547,-5.901580,-5.570000,0.331580,0.000207
80,mobley_4883284,-6.022669,-5.490000,0.532669,0.000534
80,mobley_5220185,-5.161308,-5.450000,0.288692,0.000157
80,mobley_3359593,-5.387739,-5.260000,0.127738,0.000031
80,mobley_4683624,-5.984639,-5.210000,0.774639,0.001128
80,mobley_1636752,-3.727115,-5.100000,1.372885,0.003544
80,mobley_2310185,-4.608041,-5.000000,0.391959,0.000289
80,mobley_3682850,-4.265216,-4.910000,0.644783,0.000782
80,mobley_1363784,-4.661268,-4.840000,0.178732,0.000060
80,mobley_2837389,-4.379279,-4.780000,0.400721,0.000302
80,mobley_9507933,-4.650421,-4.720000,0.069579,0.000009
80,mobley_296847,-4.988224,-4.690000,0.298223,0.000167
80,mobley_8208692,-3.370018,-4.610000,1.239982,0.002891
80,mobley_4884177,-4.319375,-4.590000,0.270626,0.000138
80,mobley_6714389,-3.945469,-4.550000,0.604531,0.000687
80,mobley_2245668,-4.505003,-4.500000,0.005003,0.000000
80,mobley_5973402,-4.372492,-4.420000,0.047508,0.000004
80,mobley_3546460,-4.376233,-4.400000,0.023767,0.000001
80,mobley_8311303,-3.893967,-4.380000,0.486033,0.000444
80,mobley_9741965,-5.911786,-4.290000,1.621786,0.004946
80,mobley_4603202,-4.448867,-4.230000,0.218867,0.000090
80,mobley_628086,-4.162838,-4.160000,0.002838,0.000000
80,mobley_4620651,-3.689643,-4.100000,0.410357,0.000317
80,mobley_7977115,-4.315894,-4.060000,0.255894,0.000123
80,mobley_2789243,-3.725159,-4.010000,0.284841,0.000153
80,mobley_3968739,-4.148181,-3.920000,0.228181,0.000098
80,mobley_63712,-3.067274,-3.880000,0.812726,0.001242
80,mobley_1046331,-4.076620,-3.820000,0.256620,0.000124
80,mobley_1160109,-3.803563,-3.750000,0.053563,0.000005
80,mobley_4149784,-3.213292,-3.670000,0.456708,0.000392
80,mobley_397645,-3.998416,-3.640000,0.358416,0.000242
80,mobley_4690963,-4.417685,-3.540000,0.877685,0.001449
80,mobley_1967551,-3.552750,-3.500000,0.052750,0.000005
80,mobley_6733657,-2.770038,-3.440000,0.669962,0.000844
80,mobley_9565165,-3.618354,-3.350000,0.268354,0.000135
80,mobley_2487143,-3.188891,-3.280000,0.091109,0.000016
80,mobley_8449031,-2.518844,-3.220000,0.701156,0.000924
80,mobley_172879,-3.227542,-3.150000,0.077542,0.000011
80,mobley_5346580,-1.886074,-3.110000,1.223926,0.002817
80,mobley_3573480,-2.994450,-3.040000,0.045550,0.000004
80,mobley_1075836,-2.868480,-2.930000,0.061520,0.000007
80,mobley_6102880,-4.306386,-2.870000,1.436386,0.003880
80,mobley_1827204,-2.676768,-2.810000,0.133232,0.000033
80,mobley_2146331,-1.911618,-2.750000,0.838382,0.001322
80,mobley_7943327,-2.559451,-2.680000,0.120549,0.000027
80,mobley_5110043,-2.642722,-2.630000,0.012722,0.000000
80,mobley_5616693,-2.849968,-2.530000,0.319968,0.000193
80,mobley_6619554,-2.321572,-2.490000,0.168428,0.000053
80,mobley_6359156,-3.663185,-2.460000,1.203185,0.002722
80,mobley_1781152,-2.012494,-2.400000,0.387506,0.000282
80,mobley_859464,-2.522111,-2.360000,0.162111,0.000049
80,mobley_7150646,-1.816877,-2.300000,0.483123,0.000439
80,mobley_1592519,-2.562471,-2.230000,0.332471,0.000208
80,mobley_5538249,-1.989280,-2.160000,0.170720,0.000055
80,mobley_6911232,-1.598875,-2.100000,0.501125,0.000472
80,mobley_3269565,-1.454640,-2.010000,0.555360,0.000580
80,mobley_2484519,-2.799767,-1.930000,0.869768,0.001423
80,mobley_7690440,-1.805403,-1.830000,0.024597,0.000001
80,mobley_3802803,-1.779616,-1.660000,0.119616,0.000027
80,mobley_1144156,-1.207525,-1.590000,0.382475,0.000275
80,mobley_2481002,-2.824631,-1.450000,1.374631,0.003553
80,mobley_2489709,-1.091393,-1.360000,0.268607,0.000136
80,mobley_5052949,-0.689234,-1.280000,0.590766,0.000656
80,mobley_2492140,-1.878851,-1.230000,0.648851,0.000792
80,mobley_7542832,-1.146660,-1.160000,0.013340,0.000000
80,mobley_7814642,-1.541466,-1.120000,0.421466,0.000334
80,mobley_1563176,-0.908981,-0.990000,0.081019,0.000012
80,mobley_1873346,-0.771968,-0.900000,0.128032,0.000031
80,mobley_3040612,-0.744416,-0.850000,0.105585,0.000021
80,mobley_4483973,-1.972467,-0.800000,1.172467,0.002585
80,mobley_9913368,-1.678580,-0.780000,0.898580,0.001518
80,mobley_1449384,-0.632818,-0.680000,0.047182,0.000004
80,mobley_7708038,-0.707394,-0.560000,0.147394,0.000041
80,mobley_8311321,-0.056790,-0.500000,0.443210,0.000369
80,mobley_766666,-0.587067,-0.440000,0.147067,0.000041
80,mobley_5445548,-0.594765,-0.300000,0.294765,0.000163
80,mobley_9029594,-1.023767,-0.220000,0.803767,0.001215
80,mobley_3370989,-1.842496,-0.110000,1.732496,0.005644
80,mobley_627267,-0.323572,-0.030000,0.293572,0.000162
80,mobley_6250025,0.290826,0.080000,0.210826,0.000084
80,mobley_4252724,-0.518324,0.160000,0.678324,0.000865
80,mobley_7157427,0.371260,0.290000,0.081260,0.000012
80,mobley_8885088,0.043082,0.560000,0.516918,0.000502
80,mobley_8522124,0.589670,0.710000,0.120330,0.000027
80,mobley_4678740,0.690637,1.070000,0.379363,0.000271
80,mobley_2689721,1.095254,1.230000,0.134746,0.000034
80,mobley_1662128,1.248113,1.380000,0.131887,0.000033
80,mobley_4762983,1.905991,1.660000,0.245991,0.000114
80,mobley_7732703,0.472043,1.790000,1.317957,0.003266
80,mobley_2068538,1.552764,2.000000,0.447236,0.000376
80,mobley_5157661,1.956082,2.300000,0.343918,0.000222
80,mobley_1261349,2.413718,2.510000,0.096282,0.000017
80,mobley_2328633,2.148609,2.550000,0.401391,0.000303
80,mobley_8436428,2.943815,2.830000,0.113815,0.000024
80,mobley_3060426,3.318624,2.930000,0.388624,0.000284
80,mobley_2197088,3.287576,3.160000,0.127576,0.000031
81,mobley_9534740,-20.986391,-25.469999,4.483608,0.037802
81,mobley_6239320,-22.773264,-18.059999,4.713264,0.041774
81,mobley_7794077,-15.117709,-15.460000,0.342291,0.000220
81,mobley_7415647,-13.175576,-11.950000,1.225576,0.002825
81,mobley_1728386,-10.929200,-11.000000,0.070800,0.000009
81,mobley_2269032,-10.094146,-10.210000,0.115854,0.000025
81,mobley_2913224,-7.666411,-9.940000,2.273589,0.009720
81,mobley_2659552,-9.821513,-9.760000,0.061513,0.000007
81,mobley_7176290,-9.397958,-9.620000,0.222042,0.000093
81,mobley_2295058,-9.324120,-9.510000,0.185881,0.000065
81,mobley_6055410,-9.975817,-9.400000,0.575817,0.000623
81,mobley_4639255,-9.570302,-9.300000,0.270302,0.000137
81,mobley_1417007,-5.732625,-9.010000,3.277376,0.020198
81,mobley_6115639,-9.617944,-8.700000,0.917944,0.001585
81,mobley_6353617,-7.477756,-8.260000,0.782245,0.001151
81,mobley_2725215,-9.548271,-7.980000,1.568271,0.004625
81,mobley_7039935,-7.142905,-7.670000,0.527095,0.000522
81,mobley_4059279,-6.554101,-7.580000,1.025899,0.001979
81,mobley_951560,-9.610070,-7.400000,2.210070,0.009185
81,mobley_1922649,-8.940025,-7.190000,1.750025,0.005759
81,mobley_8798016,-7.729343,-7.000000,0.729343,0.001000
81,mobley_1858644,-6.922830,-6.790000,0.132830,0.000033
81,mobley_9114381,-6.137164,-6.720000,0.582836,0.000639
81,mobley_5311804,-5.982808,-6.620000,0.637192,0.000763
81,mobley_6743808,-6.219584,-6.500000,0.280416,0.000148
81,mobley_8789864,-5.933006,-6.400000,0.466994,0.000410
81,mobley_7009711,-6.205667,-6.270000,0.064333,0.000008
81,mobley_8789465,-4.843352,-6.200000,1.356648,0.003461
81,mobley_2923700,-5.997397,-6.130000,0.132603,0.000033
81,mobley_4780078,-5.643918,-6.010000,0.366082,0.000252
81,mobley_5467162,-5.544459,-5.910000,0.365541,0.000251
81,mobley_6257907,-5.893651,-5.820000,0.073651,0.000010
81,mobley_7913234,-6.277543,-5.730000,0.547543,0.000564
81,mobley_5518547,-5.820729,-5.570000,0.250729,0.000118
81,mobley_4883284,-5.916523,-5.490000,0.426523,0.000342
81,mobley_5220185,-5.173072,-5.450000,0.276928,0.000144
81,mobley_3359593,-5.442977,-5.260000,0.182977,0.000063
81,mobley_4683624,-5.955766,-5.210000,0.745766,0.001046
81,mobley_1636752,-3.741280,-5.100000,1.358720,0.003472
81,mobley_2310185,-4.605065,-5.000000,0.394935,0.000293
81,mobley_3682850,-4.258797,-4.910000,0.651203,0.000797
81,mobley_1363784,-4.633267,-4.840000,0.206733,0.000080
81,mobley_2837389,-4.289527,-4.780000,0.490473,0.000452
81,mobley_9507933,-4.598126,-4.720000,0.121874,0.000028
81,mobley_296847,-4.873636,-4.690000,0.183636,0.000063
81,mobley_8208692,-3.585331,-4.610000,1.024669,0.001974
81,mobley_4884177,-4.259147,-4.590000,0.330853,0.000206
81,mobley_6714389,-3.941266,-4.550000,0.608734,0.000697
81,mobley_2245668,-4.494073,-4.500000,0.005927,0.000000
81,mobley_5973402,-4.385982,-4.420000,0.034018,0.000002
81,mobley_3546460,-4.407032,-4.400000,0.007031,0.000000
81,mobley_8311303,-4.071446,-4.380000,0.308554,0.000179
81,mobley_9741965,-6.004489,-4.290000,1.714489,0.005528
81,mobley_4603202,-4.533067,-4.230000,0.303067,0.000173
81,mobley_628086,-4.245971,-4.160000,0.085971,0.000014
81,mobley_4620651,-3.714815,-4.100000,0.385185,0.000279
81,mobley_7977115,-4.332850,-4.060000,0.272851,0.000140
81,mobley_2789243,-3.715541,-4.010000,0.294459,0.000163
81,mobley_3968739,-4.102634,-3.920000,0.182634,0.000063
81,mobley_63712,-3.125518,-3.880000,0.754482,0.001070
81,mobley_1046331,-4.026659,-3.820000,0.206659,0.000080
81,mobley_1160109,-3.818428,-3.750000,0.068428,0.000009
81,mobley_4149784,-3.237596,-3.670000,0.432404,0.000352
81,mobley_397645,-3.971581,-3.640000,0.331581,0.000207
81,mobley_4690963,-4.557321,-3.540000,1.017321,0.001946
81,mobley_1967551,-3.536986,-3.500000,0.036986,0.000003
81,mobley_6733657,-2.880664,-3.440000,0.559336,0.000588
81,mobley_9565165,-3.493268,-3.350000,0.143268,0.000039
81,mobley_2487143,-3.225582,-3.280000,0.054418,0.000006
81,mobley_8449031,-2.591303,-3.220000,0.628697,0.000743
81,mobley_172879,-3.203945,-3.150000,0.053945,0.000005
81,mobley_5346580,-1.902976,-3.110000,1.207024,0.002740
81,mobley_3573480,-3.041503,-3.040000,0.001503,0.000000
81,mobley_1075836,-2.901142,-2.930000,0.028858,0.000002
81,mobley_6102880,-4.226994,-2.870000,1.356994,0.003463
81,mobley_1827204,-2.692675,-2.810000,0.117325,0.000026
81,mobley_2146331,-1.870788,-2.750000,0.879212,0.001454
81,mobley_7943327,-2.611830,-2.680000,0.068170,0.000009
81,mobley_5110043,-2.571140,-2.630000,0.058860,0.000007
81,mobley_5616693,-2.884532,-2.530000,0.354532,0.000236
81,mobley_6619554,-2.405720,-2.490000,0.084280,0.000013
81,mobley_6359156,-3.642594,-2.460000,1.182594,0.002630
81,mobley_1781152,-2.056108,-2.400000,0.343892,0.000222
81,mobley_859464,-2.588313,-2.360000,0.228313,0.000098
81,mobley_7150646,-1.721127,-2.300000,0.578873,0.000630
81,mobley_1592519,-2.647518,-2.230000,0.417518,0.000328
81,mobley_5538249,-1.954180,-2.160000,0.205820,0.000080
81,mobley_6911232,-1.662902,-2.100000,0.437097,0.000359
81,mobley_3269565,-1.504388,-2.010000,0.505612,0.000481
81,mobley_2484519,-2.766084,-1.930000,0.836084,0.001315
81,mobley_7690440,-1.834345,-1.830000,0.004345,0.000000
81,mobley_3802803,-1.860737,-1.660000,0.200737,0.000076
81,mobley_1144156,-1.292956,-1.590000,0.297044,0.000166
81,mobley_2481002,-2.844358,-1.450000,1.394358,0.003656
81,mobley_2489709,-1.143401,-1.360000,0.216599,0.000088
81,mobley_5052949,-0.738337,-1.280000,0.541663,0.000552
81,mobley_2492140,-2.043325,-1.230000,0.813325,0.001244
81,mobley_7542832,-1.231406,-1.160000,0.071406,0.000010
81,mobley_7814642,-1.600936,-1.120000,0.480936,0.000435
81,mobley_1563176,-0.929910,-0.990000,0.060090,0.000007
81,mobley_1873346,-0.710737,-0.900000,0.189263,0.000067
81,mobley_3040612,-0.702442,-0.850000,0.147558,0.000041
81,mobley_4483973,-1.906100,-0.800000,1.106100,0.002301
81,mobley_9913368,-1.688179,-0.780000,0.908179,0.001551
81,mobley_1449384,-0.609384,-0.680000,0.070616,0.000009
81,mobley_7708038,-0.702130,-0.560000,0.142130,0.000038
81,mobley_8311321,-0.081194,-0.500000,0.418806,0.000330
81,mobley_766666,-0.628667,-0.440000,0.188667,0.000067
81,mobley_5445548,-0.553839,-0.300000,0.253839,0.000121
81,mobley_9029594,-1.036834,-0.220000,0.816834,0.001255
81,mobley_3370989,-1.889249,-0.110000,1.779249,0.005953
81,mobley_627267,-0.326393,-0.030000,0.296393,0.000165
81,mobley_6250025,0.262392,0.080000,0.182392,0.000063
81,mobley_4252724,-0.484421,0.160000,0.644421,0.000781
81,mobley_7157427,0.289305,0.290000,0.000695,0.000000
81,mobley_8885088,0.067807,0.560000,0.492193,0.000456
81,mobley_8522124,0.582612,0.710000,0.127388,0.000031
81,mobley_4678740,0.646394,1.070000,0.423606,0.000337
81,mobley_2689721,1.080719,1.230000,0.149282,0.000042
81,mobley_1662128,1.255604,1.380000,0.124396,0.000029
81,mobley_4762983,1.880462,1.660000,0.220462,0.000091
81,mobley_7732703,0.466657,1.790000,1.323343,0.003293
81,mobley_2068538,1.539248,2.000000,0.460752,0.000399
81,mobley_5157661,1.932819,2.300000,0.367181,0.000254
81,mobley_1261349,2.383352,2.510000,0.126648,0.000030
81,mobley_2328633,2.104541,2.550000,0.445459,0.000373
81,mobley_8436428,2.914145,2.830000,0.084145,0.000013
81,mobley_3060426,3.259011,2.930000,0.329011,0.000204
81,mobley_2197088,3.215669,3.160000,0.055669,0.000006
82,mobley_9534740,-21.169989,-25.469999,4.300011,0.034770
82,mobley_6239320,-22.485929,-18.059999,4.425930,0.036836
82,mobley_7794077,-14.927696,-15.460000,0.532304,0.000533
82,mobley_7415647,-12.937867,-11.950000,0.987867,0.001835
82,mobley_1728386,-10.826749,-11.000000,0.173251,0.000056
82,mobley_2269032,-9.958694,-10.210000,0.251306,0.000119
82,mobley_2913224,-7.562403,-9.940000,2.377597,0.010630
82,mobley_2659552,-9.604015,-9.760000,0.155985,0.000046
82,mobley_7176290,-9.309289,-9.620000,0.310711,0.000182
82,mobley_2295058,-9.124101,-9.510000,0.385900,0.000280
82,mobley_6055410,-9.788867,-9.400000,0.388867,0.000284
82,mobley_4639255,-9.646147,-9.300000,0.346147,0.000225
82,mobley_1417007,-5.544155,-9.010000,3.465845,0.022588
82,mobley_6115639,-9.524121,-8.700000,0.824121,0.001277
82,mobley_6353617,-7.294431,-8.260000,0.965569,0.001753
82,mobley_2725215,-9.433223,-7.980000,1.453223,0.003971
82,mobley_7039935,-6.999022,-7.670000,0.670979,0.000847
82,mobley_4059279,-6.544741,-7.580000,1.035259,0.002015
82,mobley_951560,-9.603485,-7.400000,2.203485,0.009130
82,mobley_1922649,-8.764509,-7.190000,1.574509,0.004662
82,mobley_8798016,-7.640507,-7.000000,0.640507,0.000771
82,mobley_1858644,-6.844305,-6.790000,0.054305,0.000006
82,mobley_9114381,-6.081298,-6.720000,0.638702,0.000767
82,mobley_5311804,-5.896031,-6.620000,0.723969,0.000986
82,mobley_6743808,-6.036907,-6.500000,0.463093,0.000403
82,mobley_8789864,-5.892742,-6.400000,0.507258,0.000484
82,mobley_7009711,-6.067457,-6.270000,0.202543,0.000077
82,mobley_8789465,-4.694545,-6.200000,1.505455,0.004262
82,mobley_2923700,-5.790452,-6.130000,0.339549,0.000217
82,mobley_4780078,-5.460147,-6.010000,0.549853,0.000569
82,mobley_5467162,-5.331511,-5.910000,0.578488,0.000629
82,mobley_6257907,-5.765400,-5.820000,0.054600,0.000006
82,mobley_7913234,-6.316107,-5.730000,0.586107,0.000646
82,mobley_5518547,-5.668536,-5.570000,0.098536,0.000018
82,mobley_4883284,-5.804239,-5.490000,0.314240,0.000186
82,mobley_5220185,-5.083121,-5.450000,0.366879,0.000253
82,mobley_3359593,-5.280446,-5.260000,0.020445,0.000001
82,mobley_4683624,-5.769279,-5.210000,0.559279,0.000588
82,mobley_1636752,-3.748590,-5.100000,1.351410,0.003434
82,mobley_2310185,-4.609650,-5.000000,0.390350,0.000287
82,mobley_3682850,-4.196164,-4.910000,0.713836,0.000958
82,mobley_1363784,-4.547598,-4.840000,0.292402,0.000161
82,mobley_2837389,-4.196893,-4.780000,0.583107,0.000639
82,mobley_9507933,-4.480152,-4.720000,0.239848,0.000108
82,mobley_296847,-4.779575,-4.690000,0.089575,0.000015
82,mobley_8208692,-3.387503,-4.610000,1.222497,0.002810
82,mobley_4884177,-4.148840,-4.590000,0.441160,0.000366
82,mobley_6714389,-3.916531,-4.550000,0.633469,0.000755
82,mobley_2245668,-4.546293,-4.500000,0.046293,0.000004
82,mobley_5973402,-4.427841,-4.420000,0.007841,0.000000
82,mobley_3546460,-4.451075,-4.400000,0.051075,0.000005
82,mobley_8311303,-3.850062,-4.380000,0.529938,0.000528
82,mobley_9741965,-5.905504,-4.290000,1.615504,0.004908
82,mobley_4603202,-4.510608,-4.230000,0.280608,0.000148
82,mobley_628086,-4.214717,-4.160000,0.054718,0.000006
82,mobley_4620651,-3.625759,-4.100000,0.474241,0.000423
82,mobley_7977115,-4.354611,-4.060000,0.294611,0.000163
82,mobley_2789243,-3.625457,-4.010000,0.384543,0.000278
82,mobley_3968739,-3.975693,-3.920000,0.055693,0.000006
82,mobley_63712,-3.101938,-3.880000,0.778062,0.001138
82,mobley_1046331,-3.904272,-3.820000,0.084272,0.000013
82,mobley_1160109,-3.724287,-3.750000,0.025713,0.000001
82,mobley_4149784,-3.040742,-3.670000,0.629258,0.000745
82,mobley_397645,-3.831919,-3.640000,0.191919,0.000069
82,mobley_4690963,-4.483398,-3.540000,0.943398,0.001674
82,mobley_1967551,-3.456331,-3.500000,0.043669,0.000004
82,mobley_6733657,-2.731985,-3.440000,0.708015,0.000943
82,mobley_9565165,-3.343472,-3.350000,0.006528,0.000000
82,mobley_2487143,-3.130152,-3.280000,0.149848,0.000042
82,mobley_8449031,-2.520902,-3.220000,0.699098,0.000919
82,mobley_172879,-3.016406,-3.150000,0.133595,0.000034
82,mobley_5346580,-1.823294,-3.110000,1.286706,0.003113
82,mobley_3573480,-2.950722,-3.040000,0.089278,0.000015
82,mobley_1075836,-2.834140,-2.930000,0.095860,0.000017
82,mobley_6102880,-4.005557,-2.870000,1.135557,0.002425
82,mobley_1827204,-2.683901,-2.810000,0.126099,0.000030
82,mobley_2146331,-1.837932,-2.750000,0.912068,0.001564
82,mobley_7943327,-2.517502,-2.680000,0.162498,0.000050
82,mobley_5110043,-2.437433,-2.630000,0.192567,0.000070
82,mobley_5616693,-2.854340,-2.530000,0.324340,0.000198
82,mobley_6619554,-2.312267,-2.490000,0.177733,0.000059
82,mobley_6359156,-3.484870,-2.460000,1.024870,0.001975
82,mobley_1781152,-2.024890,-2.400000,0.375110,0.000265
82,mobley_859464,-2.510517,-2.360000,0.150517,0.000043
82,mobley_7150646,-1.605348,-2.300000,0.694652,0.000907
82,mobley_1592519,-2.578267,-2.230000,0.348267,0.000228
82,mobley_5538249,-1.785646,-2.160000,0.374354,0.000264
82,mobley_6911232,-1.626755,-2.100000,0.473245,0.000421
82,mobley_3269565,-1.448075,-2.010000,0.561925,0.000594
82,mobley_2484519,-2.616289,-1.930000,0.686289,0.000886
82,mobley_7690440,-1.693025,-1.830000,0.136975,0.000035
82,mobley_3802803,-1.863569,-1.660000,0.203569,0.000078
82,mobley_1144156,-1.225703,-1.590000,0.364297,0.000250
82,mobley_2481002,-2.819209,-1.450000,1.369209,0.003525
82,mobley_2489709,-1.030668,-1.360000,0.329332,0.000204
82,mobley_5052949,-0.692617,-1.280000,0.587383,0.000649
82,mobley_2492140,-1.961107,-1.230000,0.731107,0.001005
82,mobley_7542832,-1.219666,-1.160000,0.059666,0.000007
82,mobley_7814642,-1.495819,-1.120000,0.375819,0.000266
82,mobley_1563176,-0.904734,-0.990000,0.085266,0.000014
82,mobley_1873346,-0.616773,-0.900000,0.283227,0.000151
82,mobley_3040612,-0.598386,-0.850000,0.251614,0.000119
82,mobley_4483973,-1.787003,-0.800000,0.987003,0.001832
82,mobley_9913368,-1.650818,-0.780000,0.870818,0.001426
82,mobley_1449384,-0.502111,-0.680000,0.177889,0.000060
82,mobley_7708038,-0.636032,-0.560000,0.076032,0.000011
82,mobley_8311321,-0.047388,-0.500000,0.452612,0.000385
82,mobley_766666,-0.595255,-0.440000,0.155255,0.000045
82,mobley_5445548,-0.454963,-0.300000,0.154963,0.000045
82,mobley_9029594,-1.013297,-0.220000,0.793297,0.001183
82,mobley_3370989,-1.816905,-0.110000,1.706905,0.005479
82,mobley_627267,-0.288119,-0.030000,0.258119,0.000125
82,mobley_6250025,0.281218,0.080000,0.201218,0.000076
82,mobley_4252724,-0.402516,0.160000,0.562516,0.000595
82,mobley_7157427,0.310724,0.290000,0.020724,0.000001
82,mobley_8885088,0.099444,0.560000,0.460556,0.000399
82,mobley_8522124,0.605994,0.710000,0.104006,0.000020
82,mobley_4678740,0.747079,1.070000,0.322921,0.000196
82,mobley_2689721,1.067377,1.230000,0.162623,0.000050
82,mobley_1662128,1.296533,1.380000,0.083467,0.000013
82,mobley_4762983,1.905021,1.660000,0.245021,0.000113
82,mobley_7732703,0.477753,1.790000,1.312247,0.003238
82,mobley_2068538,1.550412,2.000000,0.449588,0.000380
82,mobley_5157661,1.929404,2.300000,0.370596,0.000258
82,mobley_1261349,2.363734,2.510000,0.146266,0.000040
82,mobley_2328633,2.068347,2.550000,0.481653,0.000436
82,mobley_8436428,2.884023,2.830000,0.054023,0.000005
82,mobley_3060426,3.223927,2.930000,0.293927,0.000162
82,mobley_2197088,3.183737,3.160000,0.023737,0.000001
83,mobley_9534740,-20.938986,-25.469999,4.531013,0.038606
83,mobley_6239320,-22.455114,-18.059999,4.395115,0.036325
83,mobley_7794077,-14.910468,-15.460000,0.549532,0.000568
83,mobley_7415647,-13.190021,-11.950000,1.240021,0.002891
83,mobley_1728386,-10.841125,-11.000000,0.158875,0.000047
83,mobley_2269032,-9.907929,-10.210000,0.302071,0.000172
83,mobley_2913224,-7.557781,-9.940000,2.382219,0.010672
83,mobley_2659552,-9.794533,-9.760000,0.034533,0.000002
83,mobley_7176290,-9.373248,-9.620000,0.246752,0.000114
83,mobley_2295058,-9.238481,-9.510000,0.271520,0.000139
83,mobley_6055410,-9.939826,-9.400000,0.539826,0.000548
83,mobley_4639255,-9.569998,-9.300000,0.269998,0.000137
83,mobley_1417007,-5.647843,-9.010000,3.362157,0.021257
83,mobley_6115639,-9.527832,-8.700000,0.827832,0.001289
83,mobley_6353617,-7.419435,-8.260000,0.840565,0.001329
83,mobley_2725215,-9.406120,-7.980000,1.426120,0.003825
83,mobley_7039935,-7.086753,-7.670000,0.583247,0.000640
83,mobley_4059279,-6.587889,-7.580000,0.992111,0.001851
83,mobley_951560,-9.617253,-7.400000,2.217253,0.009245
83,mobley_1922649,-8.867249,-7.190000,1.677249,0.005290
83,mobley_8798016,-7.710577,-7.000000,0.710577,0.000949
83,mobley_1858644,-6.872842,-6.790000,0.082842,0.000013
83,mobley_9114381,-6.089262,-6.720000,0.630738,0.000748
83,mobley_5311804,-5.943379,-6.620000,0.676620,0.000861
83,mobley_6743808,-6.122766,-6.500000,0.377234,0.000268
83,mobley_8789864,-5.827613,-6.400000,0.572387,0.000616
83,mobley_7009711,-6.073816,-6.270000,0.196184,0.000072
83,mobley_8789465,-4.819040,-6.200000,1.380960,0.003586
83,mobley_2923700,-5.913249,-6.130000,0.216752,0.000088
83,mobley_4780078,-5.512716,-6.010000,0.497284,0.000465
83,mobley_5467162,-5.421988,-5.910000,0.488011,0.000448
83,mobley_6257907,-5.922188,-5.820000,0.102188,0.000020
83,mobley_7913234,-6.134299,-5.730000,0.404299,0.000307
83,mobley_5518547,-5.787532,-5.570000,0.217532,0.000089
83,mobley_4883284,-5.948428,-5.490000,0.458428,0.000395
83,mobley_5220185,-5.069123,-5.450000,0.380877,0.000273
83,mobley_3359593,-5.341082,-5.260000,0.081082,0.000012
83,mobley_4683624,-5.866312,-5.210000,0.656312,0.000810
83,mobley_1636752,-3.779652,-5.100000,1.320348,0.003278
83,mobley_2310185,-4.546845,-5.000000,0.453155,0.000386
83,mobley_3682850,-4.187475,-4.910000,0.722525,0.000982
83,mobley_1363784,-4.529725,-4.840000,0.310276,0.000181
83,mobley_2837389,-4.277778,-4.780000,0.502222,0.000474
83,mobley_9507933,-4.476180,-4.720000,0.243820,0.000112
83,mobley_296847,-4.881882,-4.690000,0.191882,0.000069
83,mobley_8208692,-3.438346,-4.610000,1.171654,0.002581
83,mobley_4884177,-4.201194,-4.590000,0.388806,0.000284
83,mobley_6714389,-4.018412,-4.550000,0.531589,0.000531
83,mobley_2245668,-4.407536,-4.500000,0.092464,0.000016
83,mobley_5973402,-4.289732,-4.420000,0.130269,0.000032
83,mobley_3546460,-4.324656,-4.400000,0.075344,0.000011
83,mobley_8311303,-3.860804,-4.380000,0.519196,0.000507
83,mobley_9741965,-5.959662,-4.290000,1.669662,0.005242
83,mobley_4603202,-4.452910,-4.230000,0.222910,0.000093
83,mobley_628086,-4.182405,-4.160000,0.022406,0.000001
83,mobley_4620651,-3.569524,-4.100000,0.530476,0.000529
83,mobley_7977115,-4.183108,-4.060000,0.123108,0.000028
83,mobley_2789243,-3.647702,-4.010000,0.362299,0.000247
83,mobley_3968739,-3.990943,-3.920000,0.070943,0.000009
83,mobley_63712,-3.113948,-3.880000,0.766052,0.001104
83,mobley_1046331,-3.935788,-3.820000,0.115788,0.000025
83,mobley_1160109,-3.636642,-3.750000,0.113358,0.000024
83,mobley_4149784,-3.066172,-3.670000,0.603828,0.000686
83,mobley_397645,-3.831059,-3.640000,0.191059,0.000069
83,mobley_4690963,-4.374217,-3.540000,0.834217,0.001309
83,mobley_1967551,-3.490059,-3.500000,0.009941,0.000000
83,mobley_6733657,-2.786046,-3.440000,0.653955,0.000804
83,mobley_9565165,-3.423244,-3.350000,0.073244,0.000010
83,mobley_2487143,-3.078286,-3.280000,0.201714,0.000077
83,mobley_8449031,-2.484672,-3.220000,0.735328,0.001017
83,mobley_172879,-3.086271,-3.150000,0.063729,0.000008
83,mobley_5346580,-1.765629,-3.110000,1.344371,0.003399
83,mobley_3573480,-2.888234,-3.040000,0.151766,0.000043
83,mobley_1075836,-2.797229,-2.930000,0.132771,0.000033
83,mobley_6102880,-4.101782,-2.870000,1.231782,0.002853
83,mobley_1827204,-2.614352,-2.810000,0.195648,0.000072
83,mobley_2146331,-1.877773,-2.750000,0.872227,0.001431
83,mobley_7943327,-2.476805,-2.680000,0.203195,0.000078
83,mobley_5110043,-2.405668,-2.630000,0.224333,0.000095
83,mobley_5616693,-2.671667,-2.530000,0.141667,0.000038
83,mobley_6619554,-2.252721,-2.490000,0.237279,0.000106
83,mobley_6359156,-3.489106,-2.460000,1.029106,0.001992
83,mobley_1781152,-1.924291,-2.400000,0.475710,0.000426
83,mobley_859464,-2.432129,-2.360000,0.072129,0.000010
83,mobley_7150646,-1.608323,-2.300000,0.691677,0.000900
83,mobley_1592519,-2.485201,-2.230000,0.255201,0.000122
83,mobley_5538249,-1.830978,-2.160000,0.329022,0.000204
83,mobley_6911232,-1.559368,-2.100000,0.540632,0.000550
83,mobley_3269565,-1.382506,-2.010000,0.627494,0.000740
83,mobley_2484519,-2.724895,-1.930000,0.794895,0.001188
83,mobley_7690440,-1.921095,-1.830000,0.091095,0.000016
83,mobley_3802803,-1.758790,-1.660000,0.098790,0.000018
83,mobley_1144156,-1.129025,-1.590000,0.460976,0.000400
83,mobley_2481002,-2.823560,-1.450000,1.373560,0.003548
83,mobley_2489709,-1.026777,-1.360000,0.333223,0.000209
83,mobley_5052949,-0.578290,-1.280000,0.701710,0.000926
83,mobley_2492140,-1.970639,-1.230000,0.740639,0.001032
83,mobley_7542832,-1.073886,-1.160000,0.086114,0.000014
83,mobley_7814642,-1.509668,-1.120000,0.389668,0.000286
83,mobley_1563176,-0.838217,-0.990000,0.151783,0.000043
83,mobley_1873346,-0.607065,-0.900000,0.292935,0.000161
83,mobley_3040612,-0.572759,-0.850000,0.277241,0.000145
83,mobley_4483973,-1.850730,-0.800000,1.050730,0.002076
83,mobley_9913368,-1.654208,-0.780000,0.874208,0.001437
83,mobley_1449384,-0.419651,-0.680000,0.260349,0.000127
83,mobley_7708038,-0.592647,-0.560000,0.032647,0.000002
83,mobley_8311321,-0.039713,-0.500000,0.460287,0.000398
83,mobley_766666,-0.605094,-0.440000,0.165094,0.000051
83,mobley_5445548,-0.426703,-0.300000,0.126703,0.000030
83,mobley_9029594,-1.028950,-0.220000,0.808950,0.001231
83,mobley_3370989,-1.836833,-0.110000,1.726833,0.005607
83,mobley_627267,-0.202829,-0.030000,0.172829,0.000056
83,mobley_6250025,0.377861,0.080000,0.297861,0.000167
83,mobley_4252724,-0.352761,0.160000,0.512761,0.000494
83,mobley_7157427,0.383636,0.290000,0.093636,0.000016
83,mobley_8885088,0.129008,0.560000,0.430992,0.000349
83,mobley_8522124,0.677521,0.710000,0.032479,0.000002
83,mobley_4678740,0.732796,1.070000,0.337204,0.000214
83,mobley_2689721,1.139830,1.230000,0.090170,0.000015
83,mobley_1662128,1.377561,1.380000,0.002439,0.000000
83,mobley_4762983,2.013932,1.660000,0.353932,0.000236
83,mobley_7732703,0.493029,1.790000,1.296971,0.003163
83,mobley_2068538,1.627950,2.000000,0.372050,0.000260
83,mobley_5157661,2.034739,2.300000,0.265261,0.000132
83,mobley_1261349,2.501710,2.510000,0.008290,0.000000
83,mobley_2328633,2.219787,2.550000,0.330213,0.000205
83,mobley_8436428,3.063891,2.830000,0.233891,0.000103
83,mobley_3060426,3.437341,2.930000,0.507341,0.000484
83,mobley_2197088,3.352953,3.160000,0.192953,0.000070
84,mobley_9534740,-20.935167,-25.469999,4.534832,0.038671
84,mobley_6239320,-22.339014,-18.059999,4.279015,0.034431
84,mobley_7794077,-14.820976,-15.460000,0.639024,0.000768
84,mobley_7415647,-13.047387,-11.950000,1.097387,0.002265
84,mobley_1728386,-10.818362,-11.000000,0.181638,0.000062
84,mobley_2269032,-9.886780,-10.210000,0.323220,0.000196
84,mobley_2913224,-7.587175,-9.940000,2.352825,0.010410
84,mobley_2659552,-9.664542,-9.760000,0.095458,0.000017
84,mobley_7176290,-9.366313,-9.620000,0.253687,0.000121
84,mobley_2295058,-9.205636,-9.510000,0.304364,0.000174
84,mobley_6055410,-9.866527,-9.400000,0.466527,0.000409
84,mobley_4639255,-9.554622,-9.300000,0.254622,0.000122
84,mobley_1417007,-5.566482,-9.010000,3.443518,0.022298
84,mobley_6115639,-9.445886,-8.700000,0.745886,0.001046
84,mobley_6353617,-7.378440,-8.260000,0.881560,0.001461
84,mobley_2725215,-9.436355,-7.980000,1.456355,0.003988
84,mobley_7039935,-7.076262,-7.670000,0.593739,0.000663
84,mobley_4059279,-6.483306,-7.580000,1.096694,0.002262
84,mobley_951560,-9.545619,-7.400000,2.145619,0.008657
84,mobley_1922649,-8.840855,-7.190000,1.650855,0.005125
84,mobley_8798016,-7.666113,-7.000000,0.666113,0.000834
84,mobley_1858644,-6.858601,-6.790000,0.068601,0.000009
84,mobley_9114381,-6.062192,-6.720000,0.657808,0.000814
84,mobley_5311804,-5.905669,-6.620000,0.714331,0.000960
84,mobley_6743808,-6.066421,-6.500000,0.433579,0.000354
84,mobley_8789864,-5.842002,-6.400000,0.557998,0.000586
84,mobley_7009711,-6.073957,-6.270000,0.196043,0.000072
84,mobley_8789465,-4.787478,-6.200000,1.412521,0.003752
84,mobley_2923700,-5.880431,-6.130000,0.249569,0.000117
84,mobley_4780078,-5.448005,-6.010000,0.561995,0.000594
84,mobley_5467162,-5.382846,-5.910000,0.527154,0.000523
84,mobley_6257907,-5.867534,-5.820000,0.047534,0.000004
84,mobley_7913234,-6.158514,-5.730000,0.428514,0.000345
84,mobley_5518547,-5.661852,-5.570000,0.091852,0.000016
84,mobley_4883284,-5.857137,-5.490000,0.367137,0.000253
84,mobley_5220185,-5.096969,-5.450000,0.353031,0.000234
84,mobley_3359593,-5.270432,-5.260000,0.010431,0.000000
84,mobley_4683624,-5.828597,-5.210000,0.618597,0.000720
84,mobley_1636752,-3.733297,-5.100000,1.366703,0.003512
84,mobley_2310185,-4.586481,-5.000000,0.413519,0.000322
84,mobley_3682850,-4.206536,-4.910000,0.703464,0.000931
84,mobley_1363784,-4.489105,-4.840000,0.350895,0.000232
84,mobley_2837389,-4.246666,-4.780000,0.533334,0.000535
84,mobley_9507933,-4.430803,-4.720000,0.289197,0.000157
84,mobley_296847,-4.844430,-4.690000,0.154430,0.000045
84,mobley_8208692,-3.611871,-4.610000,0.998129,0.001873
84,mobley_4884177,-4.152204,-4.590000,0.437797,0.000360
84,mobley_6714389,-3.938632,-4.550000,0.611369,0.000703
84,mobley_2245668,-4.448246,-4.500000,0.051754,0.000005
84,mobley_5973402,-4.331736,-4.420000,0.088264,0.000015
84,mobley_3546460,-4.337595,-4.400000,0.062405,0.000007
84,mobley_8311303,-4.048544,-4.380000,0.331456,0.000207
84,mobley_9741965,-5.827906,-4.290000,1.537906,0.004448
84,mobley_4603202,-4.558246,-4.230000,0.328246,0.000203
84,mobley_628086,-4.176032,-4.160000,0.016032,0.000000
84,mobley_4620651,-3.580688,-4.100000,0.519312,0.000507
84,mobley_7977115,-4.230983,-4.060000,0.170983,0.000055
84,mobley_2789243,-3.709280,-4.010000,0.300720,0.000170
84,mobley_3968739,-3.989140,-3.920000,0.069140,0.000009
84,mobley_63712,-3.049697,-3.880000,0.830303,0.001296
84,mobley_1046331,-3.964839,-3.820000,0.144839,0.000039
84,mobley_1160109,-3.637580,-3.750000,0.112420,0.000024
84,mobley_4149784,-3.257890,-3.670000,0.412110,0.000319
84,mobley_397645,-3.868946,-3.640000,0.228946,0.000099
84,mobley_4690963,-4.478764,-3.540000,0.938764,0.001657
84,mobley_1967551,-3.515602,-3.500000,0.015602,0.000000
84,mobley_6733657,-2.764215,-3.440000,0.675785,0.000859
84,mobley_9565165,-3.357982,-3.350000,0.007982,0.000000
84,mobley_2487143,-3.090010,-3.280000,0.189990,0.000068
84,mobley_8449031,-2.492559,-3.220000,0.727441,0.000995
84,mobley_172879,-3.150784,-3.150000,0.000784,0.000000
84,mobley_5346580,-1.751389,-3.110000,1.358611,0.003471
84,mobley_3573480,-2.898355,-3.040000,0.141645,0.000038
84,mobley_1075836,-2.832418,-2.930000,0.097582,0.000018
84,mobley_6102880,-4.201160,-2.870000,1.331161,0.003332
84,mobley_1827204,-2.644844,-2.810000,0.165156,0.000051
84,mobley_2146331,-1.865236,-2.750000,0.884764,0.001472
84,mobley_7943327,-2.546252,-2.680000,0.133748,0.000034
84,mobley_5110043,-2.357344,-2.630000,0.272656,0.000140
84,mobley_5616693,-2.750152,-2.530000,0.220152,0.000091
84,mobley_6619554,-2.299129,-2.490000,0.190871,0.000069
84,mobley_6359156,-3.650627,-2.460000,1.190627,0.002666
84,mobley_1781152,-1.961607,-2.400000,0.438394,0.000361
84,mobley_859464,-2.519319,-2.360000,0.159319,0.000048
84,mobley_7150646,-1.663265,-2.300000,0.636735,0.000762
84,mobley_1592519,-2.545170,-2.230000,0.315170,0.000187
84,mobley_5538249,-1.952939,-2.160000,0.207061,0.000081
84,mobley_6911232,-1.590209,-2.100000,0.509791,0.000489
84,mobley_3269565,-1.443513,-2.010000,0.566487,0.000603
84,mobley_2484519,-2.691173,-1.930000,0.761173,0.001090
84,mobley_7690440,-1.852806,-1.830000,0.022806,0.000001
84,mobley_3802803,-1.768386,-1.660000,0.108386,0.000022
84,mobley_1144156,-1.205449,-1.590000,0.384551,0.000278
84,mobley_2481002,-2.770004,-1.450000,1.320004,0.003277
84,mobley_2489709,-1.084550,-1.360000,0.275450,0.000143
84,mobley_5052949,-0.647134,-1.280000,0.632866,0.000753
84,mobley_2492140,-1.881698,-1.230000,0.651698,0.000799
84,mobley_7542832,-1.142344,-1.160000,0.017656,0.000001
84,mobley_7814642,-1.608642,-1.120000,0.488642,0.000449
84,mobley_1563176,-0.873953,-0.990000,0.116047,0.000025
84,mobley_1873346,-0.607028,-0.900000,0.292972,0.000161
84,mobley_3040612,-0.563262,-0.850000,0.286738,0.000155
84,mobley_4483973,-1.863603,-0.800000,1.063603,0.002127
84,mobley_9913368,-1.704157,-0.780000,0.924157,0.001606
84,mobley_1449384,-0.439210,-0.680000,0.240790,0.000109
84,mobley_7708038,-0.629783,-0.560000,0.069783,0.000009
84,mobley_8311321,-0.033092,-0.500000,0.466908,0.000410
84,mobley_766666,-0.594294,-0.440000,0.154294,0.000045
84,mobley_5445548,-0.443925,-0.300000,0.143925,0.000039
84,mobley_9029594,-1.021587,-0.220000,0.801587,0.001208
84,mobley_3370989,-1.871883,-0.110000,1.761883,0.005837
84,mobley_627267,-0.255391,-0.030000,0.225391,0.000096
84,mobley_6250025,0.361209,0.080000,0.281209,0.000149
84,mobley_4252724,-0.352225,0.160000,0.512225,0.000493
84,mobley_7157427,0.375453,0.290000,0.085453,0.000014
84,mobley_8885088,0.132837,0.560000,0.427163,0.000343
84,mobley_8522124,0.677620,0.710000,0.032380,0.000002
84,mobley_4678740,0.746166,1.070000,0.323834,0.000197
84,mobley_2689721,1.151403,1.230000,0.078597,0.000012
84,mobley_1662128,1.337516,1.380000,0.042484,0.000003
84,mobley_4762983,1.988043,1.660000,0.328043,0.000202
84,mobley_7732703,0.499975,1.790000,1.290025,0.003129
84,mobley_2068538,1.599297,2.000000,0.400703,0.000302
84,mobley_5157661,1.997181,2.300000,0.302819,0.000172
84,mobley_1261349,2.496442,2.510000,0.013558,0.000000
84,mobley_2328633,2.236694,2.550000,0.313306,0.000185
84,mobley_8436428,3.019742,2.830000,0.189742,0.000068
84,mobley_3060426,3.432175,2.930000,0.502175,0.000474
84,mobley_2197088,3.349190,3.160000,0.189190,0.000067
85,mobley_9534740,-21.036816,-25.469999,4.433184,0.036957
85,mobley_6239320,-22.471090,-18.059999,4.411091,0.036589
85,mobley_7794077,-14.909818,-15.460000,0.550182,0.000569
85,mobley_7415647,-13.076285,-11.950000,1.126286,0.002385
85,mobley_1728386,-10.859419,-11.000000,0.140581,0.000037
85,mobley_2269032,-9.949297,-10.210000,0.260703,0.000128
85,mobley_2913224,-7.634417,-9.940000,2.305583,0.009996
85,mobley_2659552,-9.656378,-9.760000,0.103622,0.000020
85,mobley_7176290,-9.451661,-9.620000,0.168339,0.000053
85,mobley_2295058,-9.217171,-9.510000,0.292830,0.000161
85,mobley_6055410,-9.940805,-9.400000,0.540806,0.000550
85,mobley_4639255,-9.551117,-9.300000,0.251117,0.000119
85,mobley_1417007,-5.708866,-9.010000,3.301134,0.020492
85,mobley_6115639,-9.491873,-8.700000,0.791873,0.001179
85,mobley_6353617,-7.454163,-8.260000,0.805838,0.001221
85,mobley_2725215,-9.482236,-7.980000,1.502236,0.004244
85,mobley_7039935,-7.091102,-7.670000,0.578898,0.000630
85,mobley_4059279,-6.557154,-7.580000,1.022846,0.001967
85,mobley_951560,-9.612945,-7.400000,2.212945,0.009209
85,mobley_1922649,-8.908602,-7.190000,1.718602,0.005554
85,mobley_8798016,-7.682845,-7.000000,0.682845,0.000877
85,mobley_1858644,-6.891020,-6.790000,0.101020,0.000019
85,mobley_9114381,-6.055277,-6.720000,0.664723,0.000831
85,mobley_5311804,-5.942056,-6.620000,0.677944,0.000864
85,mobley_6743808,-6.169742,-6.500000,0.330258,0.000205
85,mobley_8789864,-5.808564,-6.400000,0.591436,0.000658
85,mobley_7009711,-6.172753,-6.270000,0.097247,0.000018
85,mobley_8789465,-4.830204,-6.200000,1.369796,0.003528
85,mobley_2923700,-5.961173,-6.130000,0.168827,0.000054
85,mobley_4780078,-5.594663,-6.010000,0.415337,0.000324
85,mobley_5467162,-5.533775,-5.910000,0.376225,0.000266
85,mobley_6257907,-5.903630,-5.820000,0.083630,0.000013
85,mobley_7913234,-6.205302,-5.730000,0.475302,0.000425
85,mobley_5518547,-5.800748,-5.570000,0.230748,0.000100
85,mobley_4883284,-5.924912,-5.490000,0.434913,0.000356
85,mobley_5220185,-5.136343,-5.450000,0.313656,0.000185
85,mobley_3359593,-5.340115,-5.260000,0.080114,0.000012
85,mobley_4683624,-5.911328,-5.210000,0.701328,0.000925
85,mobley_1636752,-3.708371,-5.100000,1.391629,0.003642
85,mobley_2310185,-4.594503,-5.000000,0.405497,0.000309
85,mobley_3682850,-4.237982,-4.910000,0.672018,0.000849
85,mobley_1363784,-4.650722,-4.840000,0.189279,0.000067
85,mobley_2837389,-4.291004,-4.780000,0.488997,0.000450
85,mobley_9507933,-4.546590,-4.720000,0.173409,0.000057
85,mobley_296847,-4.899922,-4.690000,0.209922,0.000083
85,mobley_8208692,-3.432398,-4.610000,1.177602,0.002608
85,mobley_4884177,-4.269238,-4.590000,0.320763,0.000193
85,mobley_6714389,-3.934077,-4.550000,0.615923,0.000713
85,mobley_2245668,-4.510463,-4.500000,0.010463,0.000000
85,mobley_5973402,-4.392290,-4.420000,0.027710,0.000001
85,mobley_3546460,-4.388358,-4.400000,0.011642,0.000000
85,mobley_8311303,-3.883461,-4.380000,0.496539,0.000464
85,mobley_9741965,-5.937027,-4.290000,1.647027,0.005101
85,mobley_4603202,-4.511678,-4.230000,0.281678,0.000149
85,mobley_628086,-4.117918,-4.160000,0.042082,0.000003
85,mobley_4620651,-3.548516,-4.100000,0.551484,0.000572
85,mobley_7977115,-4.315535,-4.060000,0.255535,0.000123
85,mobley_2789243,-3.676260,-4.010000,0.333740,0.000209
85,mobley_3968739,-3.987088,-3.920000,0.067088,0.000008
85,mobley_63712,-3.102278,-3.880000,0.777723,0.001137
85,mobley_1046331,-3.948233,-3.820000,0.128233,0.000031
85,mobley_1160109,-3.745094,-3.750000,0.004906,0.000000
85,mobley_4149784,-3.131377,-3.670000,0.538623,0.000546
85,mobley_397645,-3.863786,-3.640000,0.223785,0.000094
85,mobley_4690963,-4.471504,-3.540000,0.931504,0.001632
85,mobley_1967551,-3.495504,-3.500000,0.004496,0.000000
85,mobley_6733657,-2.722229,-3.440000,0.717771,0.000969
85,mobley_9565165,-3.364069,-3.350000,0.014069,0.000000
85,mobley_2487143,-3.096732,-3.280000,0.183268,0.000063
85,mobley_8449031,-2.592301,-3.220000,0.627699,0.000741
85,mobley_172879,-3.110064,-3.150000,0.039936,0.000003
85,mobley_5346580,-1.894426,-3.110000,1.215574,0.002779
85,mobley_3573480,-2.907288,-3.040000,0.132712,0.000033
85,mobley_1075836,-2.836767,-2.930000,0.093233,0.000016
85,mobley_6102880,-4.165558,-2.870000,1.295558,0.003156
85,mobley_1827204,-2.651043,-2.810000,0.158957,0.000048
85,mobley_2146331,-1.829196,-2.750000,0.920804,0.001594
85,mobley_7943327,-2.540116,-2.680000,0.139884,0.000037
85,mobley_5110043,-2.455904,-2.630000,0.174096,0.000057
85,mobley_5616693,-2.866778,-2.530000,0.336778,0.000213
85,mobley_6619554,-2.303990,-2.490000,0.186010,0.000065
85,mobley_6359156,-3.544356,-2.460000,1.084356,0.002211
85,mobley_1781152,-2.024042,-2.400000,0.375958,0.000266
85,mobley_859464,-2.547218,-2.360000,0.187218,0.000066
85,mobley_7150646,-1.637667,-2.300000,0.662333,0.000825
85,mobley_1592519,-2.560057,-2.230000,0.330057,0.000205
85,mobley_5538249,-1.837401,-2.160000,0.322599,0.000196
85,mobley_6911232,-1.571734,-2.100000,0.528266,0.000525
85,mobley_3269565,-1.440290,-2.010000,0.569710,0.000610
85,mobley_2484519,-2.687984,-1.930000,0.757984,0.001080
85,mobley_7690440,-1.838040,-1.830000,0.008040,0.000000
85,mobley_3802803,-1.828167,-1.660000,0.168167,0.000053
85,mobley_1144156,-1.192330,-1.590000,0.397670,0.000297
85,mobley_2481002,-2.799405,-1.450000,1.349405,0.003424
85,mobley_2489709,-1.045875,-1.360000,0.314125,0.000186
85,mobley_5052949,-0.672904,-1.280000,0.607096,0.000693
85,mobley_2492140,-2.047311,-1.230000,0.817311,0.001256
85,mobley_7542832,-1.170905,-1.160000,0.010905,0.000000
85,mobley_7814642,-1.531513,-1.120000,0.411513,0.000318
85,mobley_1563176,-0.892637,-0.990000,0.097363,0.000018
85,mobley_1873346,-0.653328,-0.900000,0.246672,0.000114
85,mobley_3040612,-0.630476,-0.850000,0.219524,0.000091
85,mobley_4483973,-1.856669,-0.800000,1.056669,0.002100
85,mobley_9913368,-1.669617,-0.780000,0.889617,0.001488
85,mobley_1449384,-0.546426,-0.680000,0.133574,0.000034
85,mobley_7708038,-0.665734,-0.560000,0.105734,0.000021
85,mobley_8311321,-0.041029,-0.500000,0.458971,0.000396
85,mobley_766666,-0.600321,-0.440000,0.160321,0.000048
85,mobley_5445548,-0.500332,-0.300000,0.200332,0.000075
85,mobley_9029594,-0.989194,-0.220000,0.769194,0.001113
85,mobley_3370989,-1.866852,-0.110000,1.756852,0.005804
85,mobley_627267,-0.315466,-0.030000,0.285466,0.000153
85,mobley_6250025,0.333971,0.080000,0.253971,0.000121
85,mobley_4252724,-0.412421,0.160000,0.572421,0.000616
85,mobley_7157427,0.363776,0.290000,0.073776,0.000010
85,mobley_8885088,0.094383,0.560000,0.465617,0.000408
85,mobley_8522124,0.652299,0.710000,0.057701,0.000006
85,mobley_4678740,0.628192,1.070000,0.441808,0.000367
85,mobley_2689721,1.124118,1.230000,0.105882,0.000021
85,mobley_1662128,1.331431,1.380000,0.048569,0.000004
85,mobley_4762983,1.976967,1.660000,0.316967,0.000189
85,mobley_7732703,0.511577,1.790000,1.278423,0.003073
85,mobley_2068538,1.575757,2.000000,0.424243,0.000338
85,mobley_5157661,1.958302,2.300000,0.341698,0.000220
85,mobley_1261349,2.385748,2.510000,0.124252,0.000029
85,mobley_2328633,2.172397,2.550000,0.377603,0.000268
85,mobley_8436428,2.940840,2.830000,0.110840,0.000023
85,mobley_3060426,3.252393,2.930000,0.322393,0.000195
85,mobley_2197088,3.294850,3.160000,0.134850,0.000034
86,mobley_9534740,-21.197378,-25.469999,4.272621,0.034328
86,mobley_6239320,-22.492836,-18.059999,4.432837,0.036951
86,mobley_7794077,-14.890365,-15.460000,0.569635,0.000610
86,mobley_7415647,-13.101557,-11.950000,1.151557,0.002494
86,mobley_1728386,-10.963828,-11.000000,0.036172,0.000002
86,mobley_2269032,-10.149932,-10.210000,0.060068,0.000007
86,mobley_2913224,-7.765224,-9.940000,2.174776,0.008894
86,mobley_2659552,-9.813046,-9.760000,0.053045,0.000005
86,mobley_7176290,-9.410589,-9.620000,0.209411,0.000082
86,mobley_2295058,-9.318211,-9.510000,0.191790,0.000069
86,mobley_6055410,-10.116321,-9.400000,0.716321,0.000965
86,mobley_4639255,-9.623314,-9.300000,0.323314,0.000197
86,mobley_1417007,-5.728583,-9.010000,3.281417,0.020248
86,mobley_6115639,-9.462076,-8.700000,0.762076,0.001092
86,mobley_6353617,-7.587240,-8.260000,0.672760,0.000851
86,mobley_2725215,-9.667417,-7.980000,1.687417,0.005354
86,mobley_7039935,-7.197434,-7.670000,0.472566,0.000420
86,mobley_4059279,-6.701554,-7.580000,0.878446,0.001451
86,mobley_951560,-9.767024,-7.400000,2.367024,0.010536
86,mobley_1922649,-8.733592,-7.190000,1.543592,0.004481
86,mobley_8798016,-7.821556,-7.000000,0.821556,0.001269
86,mobley_1858644,-6.950635,-6.790000,0.160635,0.000049
86,mobley_9114381,-6.171767,-6.720000,0.548233,0.000565
86,mobley_5311804,-6.005739,-6.620000,0.614261,0.000710
86,mobley_6743808,-6.243297,-6.500000,0.256703,0.000124
86,mobley_8789864,-6.010989,-6.400000,0.389011,0.000285
86,mobley_7009711,-6.259193,-6.270000,0.010807,0.000000
86,mobley_8789465,-4.949072,-6.200000,1.250927,0.002943
86,mobley_2923700,-5.999874,-6.130000,0.130126,0.000032
86,mobley_4780078,-5.677843,-6.010000,0.332158,0.000207
86,mobley_5467162,-5.587793,-5.910000,0.322206,0.000195
86,mobley_6257907,-5.957325,-5.820000,0.137325,0.000035
86,mobley_7913234,-6.314135,-5.730000,0.584135,0.000642
86,mobley_5518547,-5.862949,-5.570000,0.292949,0.000161
86,mobley_4883284,-5.960644,-5.490000,0.470644,0.000417
86,mobley_5220185,-5.268643,-5.450000,0.181356,0.000062
86,mobley_3359593,-5.471510,-5.260000,0.211510,0.000084
86,mobley_4683624,-5.968697,-5.210000,0.758697,0.001082
86,mobley_1636752,-3.759799,-5.100000,1.340201,0.003378
86,mobley_2310185,-4.626411,-5.000000,0.373589,0.000262
86,mobley_3682850,-4.319149,-4.910000,0.590850,0.000656
86,mobley_1363784,-4.759062,-4.840000,0.080938,0.000012
86,mobley_2837389,-4.432220,-4.780000,0.347780,0.000227
86,mobley_9507933,-4.653175,-4.720000,0.066824,0.000008
86,mobley_296847,-4.935963,-4.690000,0.245963,0.000114
86,mobley_8208692,-3.569646,-4.610000,1.040354,0.002035
86,mobley_4884177,-4.328257,-4.590000,0.261744,0.000129
86,mobley_6714389,-3.975426,-4.550000,0.574574,0.000621
86,mobley_2245668,-4.570185,-4.500000,0.070185,0.000009
86,mobley_5973402,-4.460032,-4.420000,0.040031,0.000003
86,mobley_3546460,-4.481865,-4.400000,0.081865,0.000013
86,mobley_8311303,-3.972018,-4.380000,0.407983,0.000313
86,mobley_9741965,-5.920972,-4.290000,1.630972,0.005002
86,mobley_4603202,-4.604548,-4.230000,0.374548,0.000264
86,mobley_628086,-4.237304,-4.160000,0.077304,0.000011
86,mobley_4620651,-3.688054,-4.100000,0.411946,0.000319
86,mobley_7977115,-4.422853,-4.060000,0.362853,0.000248
86,mobley_2789243,-3.782045,-4.010000,0.227956,0.000098
86,mobley_3968739,-4.098752,-3.920000,0.178752,0.000060
86,mobley_63712,-3.178178,-3.880000,0.701822,0.000926
86,mobley_1046331,-4.036181,-3.820000,0.216181,0.000088
86,mobley_1160109,-3.885023,-3.750000,0.135023,0.000034
86,mobley_4149784,-3.252816,-3.670000,0.417184,0.000327
86,mobley_397645,-3.963181,-3.640000,0.323181,0.000196
86,mobley_4690963,-4.530090,-3.540000,0.990090,0.001843
86,mobley_1967551,-3.608966,-3.500000,0.108966,0.000022
86,mobley_6733657,-2.801114,-3.440000,0.638886,0.000768
86,mobley_9565165,-3.509206,-3.350000,0.159206,0.000048
86,mobley_2487143,-3.251774,-3.280000,0.028226,0.000001
86,mobley_8449031,-2.628978,-3.220000,0.591022,0.000657
86,mobley_172879,-3.251221,-3.150000,0.101221,0.000019
86,mobley_5346580,-1.987995,-3.110000,1.122005,0.002367
86,mobley_3573480,-3.073087,-3.040000,0.033087,0.000002
86,mobley_1075836,-2.943930,-2.930000,0.013930,0.000000
86,mobley_6102880,-4.243449,-2.870000,1.373449,0.003547
86,mobley_1827204,-2.775286,-2.810000,0.034714,0.000002
86,mobley_2146331,-1.998347,-2.750000,0.751653,0.001062
86,mobley_7943327,-2.629988,-2.680000,0.050012,0.000005
86,mobley_5110043,-2.618983,-2.630000,0.011017,0.000000
86,mobley_5616693,-3.001757,-2.530000,0.471757,0.000419
86,mobley_6619554,-2.420199,-2.490000,0.069801,0.000009
86,mobley_6359156,-3.658076,-2.460000,1.198076,0.002699
86,mobley_1781152,-2.155386,-2.400000,0.244614,0.000113
86,mobley_859464,-2.681167,-2.360000,0.321167,0.000194
86,mobley_7150646,-1.796730,-2.300000,0.503270,0.000476
86,mobley_1592519,-2.701220,-2.230000,0.471220,0.000418
86,mobley_5538249,-1.940047,-2.160000,0.219953,0.000091
86,mobley_6911232,-1.641774,-2.100000,0.458226,0.000395
86,mobley_3269565,-1.502713,-2.010000,0.507287,0.000484
86,mobley_2484519,-2.765420,-1.930000,0.835420,0.001312
86,mobley_7690440,-1.937360,-1.830000,0.107360,0.000022
86,mobley_3802803,-1.914522,-1.660000,0.254522,0.000122
86,mobley_1144156,-1.236534,-1.590000,0.353466,0.000235
86,mobley_2481002,-2.784765,-1.450000,1.334765,0.003350
86,mobley_2489709,-1.117664,-1.360000,0.242336,0.000110
86,mobley_5052949,-0.780102,-1.280000,0.499898,0.000470
86,mobley_2492140,-1.937617,-1.230000,0.707617,0.000942
86,mobley_7542832,-1.268196,-1.160000,0.108196,0.000022
86,mobley_7814642,-1.585590,-1.120000,0.465590,0.000408
86,mobley_1563176,-0.980597,-0.990000,0.009403,0.000000
86,mobley_1873346,-0.711593,-0.900000,0.188407,0.000067
86,mobley_3040612,-0.704697,-0.850000,0.145303,0.000040
86,mobley_4483973,-1.910101,-0.800000,1.110101,0.002317
86,mobley_9913368,-1.704496,-0.780000,0.924496,0.001607
86,mobley_1449384,-0.641258,-0.680000,0.038742,0.000003
86,mobley_7708038,-0.776322,-0.560000,0.216322,0.000088
86,mobley_8311321,-0.040375,-0.500000,0.459625,0.000397
86,mobley_766666,-0.604873,-0.440000,0.164873,0.000051
86,mobley_5445548,-0.562335,-0.300000,0.262335,0.000129
86,mobley_9029594,-1.052842,-0.220000,0.832842,0.001304
86,mobley_3370989,-1.906816,-0.110000,1.796816,0.006071
86,mobley_627267,-0.429095,-0.030000,0.399095,0.000300
86,mobley_6250025,0.178218,0.080000,0.098218,0.000018
86,mobley_4252724,-0.486130,0.160000,0.646130,0.000785
86,mobley_7157427,0.238953,0.290000,0.051047,0.000005
86,mobley_8885088,0.028540,0.560000,0.531460,0.000531
86,mobley_8522124,0.490321,0.710000,0.219679,0.000091
86,mobley_4678740,0.689921,1.070000,0.380079,0.000272
86,mobley_2689721,1.075032,1.230000,0.154968,0.000045
86,mobley_1662128,1.230893,1.380000,0.149107,0.000042
86,mobley_4762983,1.836874,1.660000,0.176874,0.000059
86,mobley_7732703,0.509997,1.790000,1.280003,0.003081
86,mobley_2068538,1.528103,2.000000,0.471897,0.000419
86,mobley_5157661,1.911613,2.300000,0.388387,0.000284
86,mobley_1261349,2.334900,2.510000,0.175100,0.000058
86,mobley_2328633,2.064748,2.550000,0.485252,0.000443
86,mobley_8436428,2.873893,2.830000,0.043893,0.000004
86,mobley_3060426,3.163296,2.930000,0.233296,0.000102
86,mobley_2197088,3.182572,3.160000,0.022572,0.000001
87,mobley_9534740,-20.923542,-25.469999,4.546457,0.038869
87,mobley_6239320,-22.517736,-18.059999,4.457737,0.037367
87,mobley_7794077,-14.929503,-15.460000,0.530497,0.000529
87,mobley_7415647,-13.080572,-11.950000,1.130572,0.002404
87,mobley_1728386,-10.933817,-11.000000,0.066183,0.000008
87,mobley_2269032,-10.019877,-10.210000,0.190123,0.000068
87,mobley_2913224,-7.676642,-9.940000,2.263358,0.009633
87,mobley_2659552,-9.751530,-9.760000,0.008471,0.000000
87,mobley_7176290,-9.425441,-9.620000,0.194559,0.000071
87,mobley_2295058,-9.237021,-9.510000,0.272979,0.000140
87,mobley_6055410,-9.862115,-9.400000,0.462115,0.000402
87,mobley_4639255,-9.558090,-9.300000,0.258090,0.000125
87,mobley_1417007,-5.768365,-9.010000,3.241635,0.019760
87,mobley_6115639,-9.401353,-8.700000,0.701353,0.000925
87,mobley_6353617,-7.504333,-8.260000,0.755668,0.001074
87,mobley_2725215,-9.622010,-7.980000,1.642010,0.005070
87,mobley_7039935,-7.119443,-7.670000,0.550557,0.000570
87,mobley_4059279,-6.611154,-7.580000,0.968846,0.001765
87,mobley_951560,-9.656838,-7.400000,2.256838,0.009578
87,mobley_1922649,-8.724508,-7.190000,1.534508,0.004428
87,mobley_8798016,-7.765864,-7.000000,0.765864,0.001103
87,mobley_1858644,-6.940404,-6.790000,0.150404,0.000043
87,mobley_9114381,-6.121474,-6.720000,0.598526,0.000674
87,mobley_5311804,-5.988177,-6.620000,0.631823,0.000751
87,mobley_6743808,-6.140443,-6.500000,0.359557,0.000243
87,mobley_8789864,-5.863508,-6.400000,0.536492,0.000541
87,mobley_7009711,-6.194553,-6.270000,0.075447,0.000011
87,mobley_8789465,-4.841242,-6.200000,1.358757,0.003472
87,mobley_2923700,-5.939891,-6.130000,0.190109,0.000068
87,mobley_4780078,-5.573439,-6.010000,0.436561,0.000358
87,mobley_5467162,-5.497180,-5.910000,0.412819,0.000320
87,mobley_6257907,-5.934733,-5.820000,0.114733,0.000025
87,mobley_7913234,-6.271255,-5.730000,0.541255,0.000551
87,mobley_5518547,-5.792800,-5.570000,0.222800,0.000093
87,mobley_4883284,-5.939953,-5.490000,0.449954,0.000381
87,mobley_5220185,-5.207551,-5.450000,0.242449,0.000111
87,mobley_3359593,-5.293473,-5.260000,0.033473,0.000002
87,mobley_4683624,-5.920753,-5.210000,0.710753,0.000950
87,mobley_1636752,-3.760533,-5.100000,1.339467,0.003374
87,mobley_2310185,-4.624258,-5.000000,0.375742,0.000265
87,mobley_3682850,-4.333534,-4.910000,0.576466,0.000625
87,mobley_1363784,-4.729720,-4.840000,0.110280,0.000023
87,mobley_2837389,-4.381244,-4.780000,0.398756,0.000299
87,mobley_9507933,-4.611877,-4.720000,0.108123,0.000022
87,mobley_296847,-4.945316,-4.690000,0.255316,0.000123
87,mobley_8208692,-3.510037,-4.610000,1.099963,0.002275
87,mobley_4884177,-4.320984,-4.590000,0.269016,0.000136
87,mobley_6714389,-3.982180,-4.550000,0.567821,0.000606
87,mobley_2245668,-4.563941,-4.500000,0.063941,0.000008
87,mobley_5973402,-4.460505,-4.420000,0.040504,0.000003
87,mobley_3546460,-4.499798,-4.400000,0.099798,0.000019
87,mobley_8311303,-3.921658,-4.380000,0.458342,0.000395
87,mobley_9741965,-5.782987,-4.290000,1.492987,0.004192
87,mobley_4603202,-4.524767,-4.230000,0.294767,0.000163
87,mobley_628086,-4.144521,-4.160000,0.015479,0.000000
87,mobley_4620651,-3.645913,-4.100000,0.454087,0.000388
87,mobley_7977115,-4.440224,-4.060000,0.380224,0.000272
87,mobley_2789243,-3.704780,-4.010000,0.305220,0.000175
87,mobley_3968739,-4.053516,-3.920000,0.133516,0.000034
87,mobley_63712,-3.211848,-3.880000,0.668152,0.000839
87,mobley_1046331,-3.982620,-3.820000,0.162620,0.000050
87,mobley_1160109,-3.850342,-3.750000,0.100342,0.000019
87,mobley_4149784,-3.118324,-3.670000,0.551677,0.000572
87,mobley_397645,-3.922952,-3.640000,0.282952,0.000151
87,mobley_4690963,-4.481397,-3.540000,0.941397,0.001667
87,mobley_1967551,-3.619104,-3.500000,0.119104,0.000027
87,mobley_6733657,-2.652783,-3.440000,0.787217,0.001165
87,mobley_9565165,-3.479379,-3.350000,0.129379,0.000031
87,mobley_2487143,-3.243770,-3.280000,0.036230,0.000002
87,mobley_8449031,-2.663347,-3.220000,0.556653,0.000583
87,mobley_172879,-3.140065,-3.150000,0.009935,0.000000
87,mobley_5346580,-1.950797,-3.110000,1.159203,0.002527
87,mobley_3573480,-3.073985,-3.040000,0.033985,0.000002
87,mobley_1075836,-2.905597,-2.930000,0.024403,0.000001
87,mobley_6102880,-4.183842,-2.870000,1.313842,0.003246
87,mobley_1827204,-2.806752,-2.810000,0.003248,0.000000
87,mobley_2146331,-1.934892,-2.750000,0.815108,0.001249
87,mobley_7943327,-2.602291,-2.680000,0.077709,0.000011
87,mobley_5110043,-2.580762,-2.630000,0.049238,0.000005
87,mobley_5616693,-2.952528,-2.530000,0.422529,0.000336
87,mobley_6619554,-2.402434,-2.490000,0.087566,0.000014
87,mobley_6359156,-3.632341,-2.460000,1.172341,0.002584
87,mobley_1781152,-2.108162,-2.400000,0.291838,0.000160
87,mobley_859464,-2.650375,-2.360000,0.290375,0.000159
87,mobley_7150646,-1.656518,-2.300000,0.643482,0.000779
87,mobley_1592519,-2.681386,-2.230000,0.451386,0.000383
87,mobley_5538249,-1.903508,-2.160000,0.256492,0.000124
87,mobley_6911232,-1.632392,-2.100000,0.467608,0.000411
87,mobley_3269565,-1.505284,-2.010000,0.504716,0.000479
87,mobley_2484519,-2.749325,-1.930000,0.819325,0.001262
87,mobley_7690440,-1.872827,-1.830000,0.042827,0.000003
87,mobley_3802803,-1.857619,-1.660000,0.197619,0.000073
87,mobley_1144156,-1.214840,-1.590000,0.375160,0.000265
87,mobley_2481002,-2.734067,-1.450000,1.284067,0.003101
87,mobley_2489709,-1.041688,-1.360000,0.318312,0.000191
87,mobley_5052949,-0.792817,-1.280000,0.487183,0.000446
87,mobley_2492140,-1.991518,-1.230000,0.761518,0.001090
87,mobley_7542832,-1.269014,-1.160000,0.109014,0.000022
87,mobley_7814642,-1.536059,-1.120000,0.416059,0.000326
87,mobley_1563176,-0.998031,-0.990000,0.008031,0.000000
87,mobley_1873346,-0.698737,-0.900000,0.201263,0.000076
87,mobley_3040612,-0.687340,-0.850000,0.162660,0.000050
87,mobley_4483973,-1.881189,-0.800000,1.081188,0.002198
87,mobley_9913368,-1.663250,-0.780000,0.883250,0.001467
87,mobley_1449384,-0.636594,-0.680000,0.043406,0.000004
87,mobley_7708038,-0.752620,-0.560000,0.192620,0.000070
87,mobley_8311321,-0.011950,-0.500000,0.488050,0.000448
87,mobley_766666,-0.580169,-0.440000,0.140169,0.000037
87,mobley_5445548,-0.569105,-0.300000,0.269105,0.000136
87,mobley_9029594,-1.048749,-0.220000,0.828749,0.001292
87,mobley_3370989,-1.878306,-0.110000,1.768306,0.005880
87,mobley_627267,-0.420090,-0.030000,0.390090,0.000286
87,mobley_6250025,0.179371,0.080000,0.099371,0.000019
87,mobley_4252724,-0.503926,0.160000,0.663926,0.000829
87,mobley_7157427,0.221550,0.290000,0.068450,0.000009
87,mobley_8885088,0.026010,0.560000,0.533990,0.000536
87,mobley_8522124,0.502402,0.710000,0.207598,0.000081
87,mobley_4678740,0.798263,1.070000,0.271737,0.000139
87,mobley_2689721,1.043222,1.230000,0.186778,0.000066
87,mobley_1662128,1.236508,1.380000,0.143492,0.000039
87,mobley_4762983,1.825666,1.660000,0.165666,0.000052
87,mobley_7732703,0.524683,1.790000,1.265317,0.003011
87,mobley_2068538,1.518426,2.000000,0.481574,0.000436
87,mobley_5157661,1.895278,2.300000,0.404722,0.000308
87,mobley_1261349,2.347148,2.510000,0.162852,0.000050
87,mobley_2328633,2.029202,2.550000,0.520798,0.000510
87,mobley_8436428,2.867205,2.830000,0.037205,0.000003
87,mobley_3060426,3.183569,2.930000,0.253569,0.000121
87,mobley_2197088,3.150250,3.160000,0.009750,0.000000
88,mobley_9534740,-20.957233,-25.469999,4.512766,0.038296
88,mobley_6239320,-22.648840,-18.059999,4.588840,0.039598
88,mobley_7794077,-15.039625,-15.460000,0.420375,0.000332
88,mobley_7415647,-13.216094,-11.950000,1.266094,0.003014
88,mobley_1728386,-10.958537,-11.000000,0.041463,0.000003
88,mobley_2269032,-10.036698,-10.210000,0.173302,0.000056
88,mobley_2913224,-7.690114,-9.940000,2.249886,0.009519
88,mobley_2659552,-9.821922,-9.760000,0.061922,0.000007
88,mobley_7176290,-9.512832,-9.620000,0.107168,0.000022
88,mobley_2295058,-9.317527,-9.510000,0.192473,0.000070
88,mobley_6055410,-10.042853,-9.400000,0.642854,0.000777
88,mobley_4639255,-9.580729,-9.300000,0.280729,0.000148
88,mobley_1417007,-5.924953,-9.010000,3.085047,0.017897
88,mobley_6115639,-9.542377,-8.700000,0.842377,0.001334
88,mobley_6353617,-7.590456,-8.260000,0.669544,0.000843
88,mobley_2725215,-9.518029,-7.980000,1.538029,0.004448
88,mobley_7039935,-7.211436,-7.670000,0.458564,0.000395
88,mobley_4059279,-6.625260,-7.580000,0.954740,0.001714
88,mobley_951560,-9.601810,-7.400000,2.201809,0.009116
88,mobley_1922649,-8.977860,-7.190000,1.787860,0.006011
88,mobley_8798016,-7.785953,-7.000000,0.785953,0.001162
88,mobley_1858644,-7.015285,-6.790000,0.225285,0.000095
88,mobley_9114381,-6.062994,-6.720000,0.657006,0.000812
88,mobley_5311804,-6.027020,-6.620000,0.592980,0.000661
88,mobley_6743808,-6.253489,-6.500000,0.246511,0.000114
88,mobley_8789864,-5.899753,-6.400000,0.500247,0.000471
88,mobley_7009711,-6.252567,-6.270000,0.017433,0.000001
88,mobley_8789465,-4.937682,-6.200000,1.262318,0.002996
88,mobley_2923700,-6.073112,-6.130000,0.056888,0.000006
88,mobley_4780078,-5.697394,-6.010000,0.312606,0.000184
88,mobley_5467162,-5.639304,-5.910000,0.270696,0.000138
88,mobley_6257907,-5.957393,-5.820000,0.137393,0.000035
88,mobley_7913234,-6.301895,-5.730000,0.571895,0.000615
88,mobley_5518547,-5.874583,-5.570000,0.304583,0.000174
88,mobley_4883284,-5.983996,-5.490000,0.493996,0.000459
88,mobley_5220185,-5.183452,-5.450000,0.266548,0.000134
88,mobley_3359593,-5.471572,-5.260000,0.211572,0.000084
88,mobley_4683624,-6.056309,-5.210000,0.846309,0.001347
88,mobley_1636752,-3.771166,-5.100000,1.328834,0.003321
88,mobley_2310185,-4.655510,-5.000000,0.344490,0.000223
88,mobley_3682850,-4.388179,-4.910000,0.521821,0.000512
88,mobley_1363784,-4.743649,-4.840000,0.096351,0.000017
88,mobley_2837389,-4.390640,-4.780000,0.389360,0.000285
88,mobley_9507933,-4.633354,-4.720000,0.086646,0.000014
88,mobley_296847,-4.958208,-4.690000,0.268208,0.000135
88,mobley_8208692,-3.582480,-4.610000,1.027520,0.001985
88,mobley_4884177,-4.357627,-4.590000,0.232373,0.000102
88,mobley_6714389,-3.990728,-4.550000,0.559273,0.000588
88,mobley_2245668,-4.597678,-4.500000,0.097678,0.000018
88,mobley_5973402,-4.495181,-4.420000,0.075181,0.000011
88,mobley_3546460,-4.523314,-4.400000,0.123314,0.000029
88,mobley_8311303,-3.981411,-4.380000,0.398590,0.000299
88,mobley_9741965,-5.968696,-4.290000,1.678696,0.005299
88,mobley_4603202,-4.545795,-4.230000,0.315795,0.000188
88,mobley_628086,-4.255011,-4.160000,0.095011,0.000017
88,mobley_4620651,-3.640315,-4.100000,0.459685,0.000397
88,mobley_7977115,-4.463045,-4.060000,0.403045,0.000305
88,mobley_2789243,-3.753602,-4.010000,0.256398,0.000124
88,mobley_3968739,-4.042443,-3.920000,0.122443,0.000028
88,mobley_63712,-3.221523,-3.880000,0.658477,0.000815
88,mobley_1046331,-4.008043,-3.820000,0.188043,0.000066
88,mobley_1160109,-3.943077,-3.750000,0.193077,0.000070
88,mobley_4149784,-3.129031,-3.670000,0.540969,0.000550
88,mobley_397645,-3.944262,-3.640000,0.304262,0.000174
88,mobley_4690963,-4.492060,-3.540000,0.952060,0.001704
88,mobley_1967551,-3.630986,-3.500000,0.130986,0.000032
88,mobley_6733657,-2.862273,-3.440000,0.577728,0.000628
88,mobley_9565165,-3.501030,-3.350000,0.151030,0.000043
88,mobley_2487143,-3.266723,-3.280000,0.013277,0.000000
88,mobley_8449031,-2.663451,-3.220000,0.556549,0.000582
88,mobley_172879,-3.187123,-3.150000,0.037122,0.000003
88,mobley_5346580,-2.005531,-3.110000,1.104469,0.002294
88,mobley_3573480,-3.096274,-3.040000,0.056274,0.000006
88,mobley_1075836,-2.873483,-2.930000,0.056517,0.000006
88,mobley_6102880,-4.285887,-2.870000,1.415887,0.003770
88,mobley_1827204,-2.816913,-2.810000,0.006913,0.000000
88,mobley_2146331,-1.966131,-2.750000,0.783869,0.001155
88,mobley_7943327,-2.602212,-2.680000,0.077788,0.000011
88,mobley_5110043,-2.595083,-2.630000,0.034917,0.000002
88,mobley_5616693,-3.026716,-2.530000,0.496716,0.000464
88,mobley_6619554,-2.411983,-2.490000,0.078017,0.000011
88,mobley_6359156,-3.646587,-2.460000,1.186587,0.002648
88,mobley_1781152,-2.099787,-2.400000,0.300213,0.000169
88,mobley_859464,-2.646170,-2.360000,0.286170,0.000154
88,mobley_7150646,-1.711759,-2.300000,0.588241,0.000651
88,mobley_1592519,-2.673561,-2.230000,0.443561,0.000370
88,mobley_5538249,-1.923427,-2.160000,0.236573,0.000105
88,mobley_6911232,-1.614622,-2.100000,0.485378,0.000443
88,mobley_3269565,-1.514220,-2.010000,0.495780,0.000462
88,mobley_2484519,-2.770225,-1.930000,0.840225,0.001328
88,mobley_7690440,-1.961498,-1.830000,0.131498,0.000033
88,mobley_3802803,-1.919867,-1.660000,0.259867,0.000127
88,mobley_1144156,-1.222375,-1.590000,0.367625,0.000254
88,mobley_2481002,-2.730276,-1.450000,1.280276,0.003082
88,mobley_2489709,-1.104867,-1.360000,0.255133,0.000122
88,mobley_5052949,-0.797294,-1.280000,0.482706,0.000438
88,mobley_2492140,-1.933161,-1.230000,0.703161,0.000930
88,mobley_7542832,-1.262136,-1.160000,0.102136,0.000020
88,mobley_7814642,-1.573512,-1.120000,0.453512,0.000387
88,mobley_1563176,-0.990065,-0.990000,0.000065,0.000000
88,mobley_1873346,-0.725290,-0.900000,0.174710,0.000057
88,mobley_3040612,-0.727876,-0.850000,0.122124,0.000028
88,mobley_4483973,-1.907636,-0.800000,1.107636,0.002307
88,mobley_9913368,-1.665816,-0.780000,0.885816,0.001476
88,mobley_1449384,-0.668212,-0.680000,0.011788,0.000000
88,mobley_7708038,-0.742183,-0.560000,0.182183,0.000062
88,mobley_8311321,-0.012370,-0.500000,0.487630,0.000447
88,mobley_766666,-0.584623,-0.440000,0.144623,0.000039
88,mobley_5445548,-0.587721,-0.300000,0.287721,0.000156
88,mobley_9029594,-1.045971,-0.220000,0.825971,0.001283
88,mobley_3370989,-1.896081,-0.110000,1.786081,0.005999
88,mobley_627267,-0.409992,-0.030000,0.379992,0.000272
88,mobley_6250025,0.178800,0.080000,0.098800,0.000018
88,mobley_4252724,-0.536184,0.160000,0.696184,0.000911
88,mobley_7157427,0.211158,0.290000,0.078842,0.000012
88,mobley_8885088,0.010699,0.560000,0.549301,0.000567
88,mobley_8522124,0.489920,0.710000,0.220080,0.000091
88,mobley_4678740,0.685618,1.070000,0.384382,0.000278
88,mobley_2689721,1.022492,1.230000,0.207508,0.000081
88,mobley_1662128,1.245741,1.380000,0.134259,0.000034
88,mobley_4762983,1.819643,1.660000,0.159643,0.000048
88,mobley_7732703,0.536740,1.790000,1.253260,0.002954
88,mobley_2068538,1.534355,2.000000,0.465645,0.000408
88,mobley_5157661,1.907210,2.300000,0.392790,0.000290
88,mobley_1261349,2.328828,2.510000,0.181172,0.000062
88,mobley_2328633,1.998825,2.550000,0.551175,0.000571
88,mobley_8436428,2.866041,2.830000,0.036041,0.000002
88,mobley_3060426,3.119446,2.930000,0.189446,0.000067
88,mobley_2197088,3.142160,3.160000,0.017840,0.000001
89,mobley_9534740,-20.957685,-25.469999,4.512314,0.038288
89,mobley_6239320,-22.444044,-18.059999,4.384045,0.036142
89,mobley_7794077,-14.832410,-15.460000,0.627590,0.000741
89,mobley_7415647,-13.065171,-11.950000,1.115171,0.002339
89,mobley_1728386,-10.914639,-11.000000,0.085361,0.000014
89,mobley_2269032,-10.014526,-10.210000,0.195474,0.000072
89,mobley_2913224,-7.658144,-9.940000,2.281856,0.009791
89,mobley_2659552,-9.852201,-9.760000,0.092201,0.000016
89,mobley_7176290,-9.300824,-9.620000,0.319176,0.000192
89,mobley_2295058,-9.242747,-9.510000,0.267253,0.000134
89,mobley_6055410,-9.898152,-9.400000,0.498153,0.000467
89,mobley_4639255,-9.502107,-9.300000,0.202106,0.000077
89,mobley_1417007,-5.826300,-9.010000,3.183700,0.019060
89,mobley_6115639,-9.583492,-8.700000,0.883492,0.001468
89,mobley_6353617,-7.550922,-8.260000,0.709078,0.000945
89,mobley_2725215,-9.442844,-7.980000,1.462844,0.004024
89,mobley_7039935,-7.154322,-7.670000,0.515678,0.000500
89,mobley_4059279,-6.636784,-7.580000,0.943216,0.001673
89,mobley_951560,-9.701835,-7.400000,2.301835,0.009963
89,mobley_1922649,-8.730007,-7.190000,1.540007,0.004460
89,mobley_8798016,-7.717996,-7.000000,0.717996,0.000969
89,mobley_1858644,-6.928322,-6.790000,0.138322,0.000036
89,mobley_9114381,-6.082892,-6.720000,0.637107,0.000763
89,mobley_5311804,-5.995905,-6.620000,0.624094,0.000732
89,mobley_6743808,-6.185475,-6.500000,0.314525,0.000186
89,mobley_8789864,-5.881529,-6.400000,0.518471,0.000505
89,mobley_7009711,-6.205570,-6.270000,0.064430,0.000008
89,mobley_8789465,-4.922746,-6.200000,1.277254,0.003068
89,mobley_2923700,-5.978477,-6.130000,0.151524,0.000043
89,mobley_4780078,-5.658628,-6.010000,0.351372,0.000232
89,mobley_5467162,-5.546518,-5.910000,0.363482,0.000248
89,mobley_6257907,-5.863181,-5.820000,0.043181,0.000004
89,mobley_7913234,-6.162215,-5.730000,0.432215,0.000351
89,mobley_5518547,-5.820363,-5.570000,0.250362,0.000118
89,mobley_4883284,-5.913112,-5.490000,0.423112,0.000337
89,mobley_5220185,-5.158965,-5.450000,0.291035,0.000159
89,mobley_3359593,-5.348082,-5.260000,0.088081,0.000015
89,mobley_4683624,-5.946928,-5.210000,0.736928,0.001021
89,mobley_1636752,-3.707783,-5.100000,1.392217,0.003645
89,mobley_2310185,-4.576008,-5.000000,0.423992,0.000338
89,mobley_3682850,-4.246658,-4.910000,0.663342,0.000827
89,mobley_1363784,-4.763450,-4.840000,0.076550,0.000011
89,mobley_2837389,-4.374993,-4.780000,0.405007,0.000308
89,mobley_9507933,-4.649048,-4.720000,0.070952,0.000009
89,mobley_296847,-4.947837,-4.690000,0.257837,0.000125
89,mobley_8208692,-3.605200,-4.610000,1.004801,0.001899
89,mobley_4884177,-4.331272,-4.590000,0.258728,0.000126
89,mobley_6714389,-3.979786,-4.550000,0.570214,0.000611
89,mobley_2245668,-4.483264,-4.500000,0.016736,0.000001
89,mobley_5973402,-4.377737,-4.420000,0.042263,0.000003
89,mobley_3546460,-4.384643,-4.400000,0.015357,0.000000
89,mobley_8311303,-3.973479,-4.380000,0.406521,0.000311
89,mobley_9741965,-5.765917,-4.290000,1.475917,0.004096
89,mobley_4603202,-4.513849,-4.230000,0.283849,0.000152
89,mobley_628086,-4.190532,-4.160000,0.030532,0.000002
89,mobley_4620651,-3.629862,-4.100000,0.470138,0.000416
89,mobley_7977115,-4.334826,-4.060000,0.274827,0.000142
89,mobley_2789243,-3.726274,-4.010000,0.283726,0.000151
89,mobley_3968739,-4.048250,-3.920000,0.128250,0.000031
89,mobley_63712,-3.149579,-3.880000,0.730421,0.001003
89,mobley_1046331,-3.961723,-3.820000,0.141723,0.000038
89,mobley_1160109,-3.833886,-3.750000,0.083886,0.000013
89,mobley_4149784,-3.018631,-3.670000,0.651369,0.000798
89,mobley_397645,-3.904126,-3.640000,0.264126,0.000131
89,mobley_4690963,-4.447975,-3.540000,0.907975,0.001550
89,mobley_1967551,-3.611894,-3.500000,0.111894,0.000024
89,mobley_6733657,-2.746985,-3.440000,0.693015,0.000903
89,mobley_9565165,-3.505825,-3.350000,0.155825,0.000046
89,mobley_2487143,-3.212638,-3.280000,0.067362,0.000009
89,mobley_8449031,-2.607407,-3.220000,0.612593,0.000706
89,mobley_172879,-3.139597,-3.150000,0.010403,0.000000
89,mobley_5346580,-1.986428,-3.110000,1.123572,0.002374
89,mobley_3573480,-3.025828,-3.040000,0.014172,0.000000
89,mobley_1075836,-2.903291,-2.930000,0.026709,0.000001
89,mobley_6102880,-4.197430,-2.870000,1.327430,0.003313
89,mobley_1827204,-2.711627,-2.810000,0.098373,0.000018
89,mobley_2146331,-1.981346,-2.750000,0.768654,0.001111
89,mobley_7943327,-2.593677,-2.680000,0.086323,0.000014
89,mobley_5110043,-2.627247,-2.630000,0.002753,0.000000
89,mobley_5616693,-2.883350,-2.530000,0.353350,0.000235
89,mobley_6619554,-2.364811,-2.490000,0.125189,0.000029
89,mobley_6359156,-3.566578,-2.460000,1.106578,0.002303
89,mobley_1781152,-2.089643,-2.400000,0.310358,0.000181
89,mobley_859464,-2.627185,-2.360000,0.267185,0.000134
89,mobley_7150646,-1.753819,-2.300000,0.546181,0.000561
89,mobley_1592519,-2.610663,-2.230000,0.380663,0.000272
89,mobley_5538249,-1.895368,-2.160000,0.264632,0.000132
89,mobley_6911232,-1.610021,-2.100000,0.489979,0.000451
89,mobley_3269565,-1.484374,-2.010000,0.525626,0.000520
89,mobley_2484519,-2.761353,-1.930000,0.831353,0.001300
89,mobley_7690440,-1.994146,-1.830000,0.164146,0.000051
89,mobley_3802803,-1.788068,-1.660000,0.128068,0.000031
89,mobley_1144156,-1.182511,-1.590000,0.407489,0.000312
89,mobley_2481002,-2.713546,-1.450000,1.263546,0.003002
89,mobley_2489709,-1.104223,-1.360000,0.255777,0.000123
89,mobley_5052949,-0.753206,-1.280000,0.526794,0.000522
89,mobley_2492140,-2.026271,-1.230000,0.796271,0.001192
89,mobley_7542832,-1.212420,-1.160000,0.052420,0.000005
89,mobley_7814642,-1.547105,-1.120000,0.427105,0.000343
89,mobley_1563176,-0.952537,-0.990000,0.037463,0.000003
89,mobley_1873346,-0.744004,-0.900000,0.155996,0.000046
89,mobley_3040612,-0.721161,-0.850000,0.128839,0.000031
89,mobley_4483973,-1.872604,-0.800000,1.072604,0.002163
89,mobley_9913368,-1.688764,-0.780000,0.908764,0.001553
89,mobley_1449384,-0.681208,-0.680000,0.001208,0.000000
89,mobley_7708038,-0.733136,-0.560000,0.173136,0.000056
89,mobley_8311321,0.011104,-0.500000,0.511104,0.000491
89,mobley_766666,-0.587641,-0.440000,0.147641,0.000041
89,mobley_5445548,-0.585294,-0.300000,0.285294,0.000153
89,mobley_9029594,-1.056529,-0.220000,0.836529,0.001316
89,mobley_3370989,-1.881934,-0.110000,1.771934,0.005904
89,mobley_627267,-0.387956,-0.030000,0.357956,0.000241
89,mobley_6250025,0.236741,0.080000,0.156741,0.000046
89,mobley_4252724,-0.505402,0.160000,0.665402,0.000833
89,mobley_7157427,0.300959,0.290000,0.010959,0.000000
89,mobley_8885088,0.039926,0.560000,0.520074,0.000509
89,mobley_8522124,0.535174,0.710000,0.174826,0.000057
89,mobley_4678740,0.825855,1.070000,0.244145,0.000112
89,mobley_2689721,1.096372,1.230000,0.133628,0.000034
89,mobley_1662128,1.233075,1.380000,0.146925,0.000041
89,mobley_4762983,1.857628,1.660000,0.197628,0.000073
89,mobley_7732703,0.557577,1.790000,1.232423,0.002856
89,mobley_2068538,1.535167,2.000000,0.464833,0.000406
89,mobley_5157661,1.914937,2.300000,0.385063,0.000279
89,mobley_1261349,2.332580,2.510000,0.177420,0.000059
89,mobley_2328633,2.128246,2.550000,0.421754,0.000334
89,mobley_8436428,2.904853,2.830000,0.074853,0.000011
89,mobley_3060426,3.182795,2.930000,0.252795,0.000120
89,mobley_2197088,3.259193,3.160000,0.099193,0.000019
90,mobley_9534740,-20.797092,-25.469999,4.672907,0.041062
90,mobley_6239320,-22.366798,-18.059999,4.306799,0.034880
90,mobley_7794077,-14.883921,-15.460000,0.576079,0.000624
90,mobley_7415647,-13.107340,-11.950000,1.157340,0.002519
90,mobley_1728386,-10.782138,-11.000000,0.217862,0.000089
90,mobley_2269032,-9.808084,-10.210000,0.401917,0.000304
90,mobley_2913224,-7.545271,-9.940000,2.394729,0.010784
90,mobley_2659552,-9.612793,-9.760000,0.147207,0.000041
90,mobley_7176290,-9.451837,-9.620000,0.168163,0.000053
90,mobley_2295058,-9.131449,-9.510000,0.378551,0.000269
90,mobley_6055410,-9.657492,-9.400000,0.257492,0.000125
90,mobley_4639255,-9.433194,-9.300000,0.133194,0.000033
90,mobley_1417007,-5.819403,-9.010000,3.190597,0.019143
90,mobley_6115639,-9.552472,-8.700000,0.852472,0.001367
90,mobley_6353617,-7.392067,-8.260000,0.867933,0.001417
90,mobley_2725215,-9.567245,-7.980000,1.587245,0.004738
90,mobley_7039935,-7.003396,-7.670000,0.666604,0.000836
90,mobley_4059279,-6.526237,-7.580000,1.053763,0.002088
90,mobley_951560,-9.511666,-7.400000,2.111666,0.008385
90,mobley_1922649,-8.953365,-7.190000,1.763365,0.005847
90,mobley_8798016,-7.599625,-7.000000,0.599625,0.000676
90,mobley_1858644,-6.801020,-6.790000,0.011020,0.000000
90,mobley_9114381,-6.051627,-6.720000,0.668373,0.000840
90,mobley_5311804,-5.883502,-6.620000,0.736497,0.001020
90,mobley_6743808,-5.988741,-6.500000,0.511259,0.000492
90,mobley_8789864,-5.840216,-6.400000,0.559784,0.000589
90,mobley_7009711,-6.006984,-6.270000,0.263016,0.000130
90,mobley_8789465,-4.765059,-6.200000,1.434941,0.003872
90,mobley_2923700,-5.792712,-6.130000,0.337288,0.000214
90,mobley_4780078,-5.435817,-6.010000,0.574183,0.000620
90,mobley_5467162,-5.313912,-5.910000,0.596088,0.000668
90,mobley_6257907,-5.800132,-5.820000,0.019868,0.000001
90,mobley_7913234,-6.092266,-5.730000,0.362266,0.000247
90,mobley_5518547,-5.648233,-5.570000,0.078233,0.000012
90,mobley_4883284,-5.824594,-5.490000,0.334594,0.000211
90,mobley_5220185,-5.081509,-5.450000,0.368491,0.000255
90,mobley_3359593,-5.187500,-5.260000,0.072500,0.000010
90,mobley_4683624,-5.773963,-5.210000,0.563963,0.000598
90,mobley_1636752,-3.711916,-5.100000,1.388084,0.003623
90,mobley_2310185,-4.576113,-5.000000,0.423887,0.000338
90,mobley_3682850,-4.183591,-4.910000,0.726408,0.000992
90,mobley_1363784,-4.557037,-4.840000,0.282963,0.000151
90,mobley_2837389,-4.245592,-4.780000,0.534408,0.000537
90,mobley_9507933,-4.444017,-4.720000,0.275982,0.000143
90,mobley_296847,-4.828406,-4.690000,0.138406,0.000036
90,mobley_8208692,-3.557428,-4.610000,1.052572,0.002083
90,mobley_4884177,-4.134777,-4.590000,0.455223,0.000390
90,mobley_6714389,-3.970927,-4.550000,0.579073,0.000631
90,mobley_2245668,-4.404304,-4.500000,0.095696,0.000017
90,mobley_5973402,-4.289238,-4.420000,0.130762,0.000032
90,mobley_3546460,-4.295268,-4.400000,0.104732,0.000021
90,mobley_8311303,-3.875774,-4.380000,0.504226,0.000478
90,mobley_9741965,-5.786012,-4.290000,1.496012,0.004209
90,mobley_4603202,-4.501776,-4.230000,0.271776,0.000139
90,mobley_628086,-4.206388,-4.160000,0.046388,0.000004
90,mobley_4620651,-3.563844,-4.100000,0.536156,0.000541
90,mobley_7977115,-4.241303,-4.060000,0.181304,0.000062
90,mobley_2789243,-3.606860,-4.010000,0.403140,0.000306
90,mobley_3968739,-3.926445,-3.920000,0.006444,0.000000
90,mobley_63712,-3.040154,-3.880000,0.839846,0.001326
90,mobley_1046331,-3.848874,-3.820000,0.028874,0.000002
90,mobley_1160109,-3.680737,-3.750000,0.069263,0.000009
90,mobley_4149784,-3.002485,-3.670000,0.667515,0.000838
90,mobley_397645,-3.774118,-3.640000,0.134118,0.000034
90,mobley_4690963,-4.427004,-3.540000,0.887004,0.001479
90,mobley_1967551,-3.573722,-3.500000,0.073722,0.000010
90,mobley_6733657,-2.759106,-3.440000,0.680894,0.000872
90,mobley_9565165,-3.321164,-3.350000,0.028836,0.000002
90,mobley_2487143,-3.102971,-3.280000,0.177029,0.000059
90,mobley_8449031,-2.518296,-3.220000,0.701704,0.000926
90,mobley_172879,-3.065252,-3.150000,0.084748,0.000014
90,mobley_5346580,-1.860196,-3.110000,1.249804,0.002937
90,mobley_3573480,-2.911064,-3.040000,0.128936,0.000031
90,mobley_1075836,-2.804740,-2.930000,0.125260,0.000030
90,mobley_6102880,-4.027002,-2.870000,1.157002,0.002517
90,mobley_1827204,-2.620252,-2.810000,0.189748,0.000068
90,mobley_2146331,-1.950392,-2.750000,0.799608,0.001202
90,mobley_7943327,-2.481266,-2.680000,0.198734,0.000074
90,mobley_5110043,-2.352749,-2.630000,0.277251,0.000145
90,mobley_5616693,-2.716887,-2.530000,0.186888,0.000066
90,mobley_6619554,-2.230799,-2.490000,0.259201,0.000126
90,mobley_6359156,-3.396499,-2.460000,0.936499,0.001649
90,mobley_1781152,-2.002641,-2.400000,0.397359,0.000297
90,mobley_859464,-2.505758,-2.360000,0.145758,0.000040
90,mobley_7150646,-1.563678,-2.300000,0.736322,0.001020
90,mobley_1592519,-2.466280,-2.230000,0.236280,0.000105
90,mobley_5538249,-1.816237,-2.160000,0.343763,0.000222
90,mobley_6911232,-1.585024,-2.100000,0.514975,0.000499
90,mobley_3269565,-1.453745,-2.010000,0.556255,0.000582
90,mobley_2484519,-2.645858,-1.930000,0.715858,0.000964
90,mobley_7690440,-1.950971,-1.830000,0.120971,0.000028
90,mobley_3802803,-1.777054,-1.660000,0.117054,0.000026
90,mobley_1144156,-1.190873,-1.590000,0.399127,0.000300
90,mobley_2481002,-2.713305,-1.450000,1.263305,0.003001
90,mobley_2489709,-0.950698,-1.360000,0.409302,0.000315
90,mobley_5052949,-0.654418,-1.280000,0.625582,0.000736
90,mobley_2492140,-1.998888,-1.230000,0.768888,0.001112
90,mobley_7542832,-1.111150,-1.160000,0.048850,0.000004
90,mobley_7814642,-1.475967,-1.120000,0.355967,0.000238
90,mobley_1563176,-0.881969,-0.990000,0.108031,0.000022
90,mobley_1873346,-0.569103,-0.900000,0.330897,0.000206
90,mobley_3040612,-0.510842,-0.850000,0.339158,0.000216
90,mobley_4483973,-1.771946,-0.800000,0.971946,0.001776
90,mobley_9913368,-1.654681,-0.780000,0.874681,0.001439
90,mobley_1449384,-0.417134,-0.680000,0.262866,0.000130
90,mobley_7708038,-0.647676,-0.560000,0.087676,0.000014
90,mobley_8311321,-0.023481,-0.500000,0.476519,0.000427
90,mobley_766666,-0.580379,-0.440000,0.140379,0.000037
90,mobley_5445548,-0.384763,-0.300000,0.084763,0.000014
90,mobley_9029594,-1.050725,-0.220000,0.830725,0.001298
90,mobley_3370989,-1.906873,-0.110000,1.796873,0.006072
90,mobley_627267,-0.305763,-0.030000,0.275763,0.000143
90,mobley_6250025,0.353809,0.080000,0.273809,0.000141
90,mobley_4252724,-0.325805,0.160000,0.485805,0.000444
90,mobley_7157427,0.373382,0.290000,0.083382,0.000013
90,mobley_8885088,0.158823,0.560000,0.401177,0.000303
90,mobley_8522124,0.677347,0.710000,0.032653,0.000002
90,mobley_4678740,0.677395,1.070000,0.392605,0.000290
90,mobley_2689721,1.186763,1.230000,0.043237,0.000004
90,mobley_1662128,1.357491,1.380000,0.022509,0.000001
90,mobley_4762983,1.995465,1.660000,0.335465,0.000212
90,mobley_7732703,0.530150,1.790000,1.259850,0.002985
90,mobley_2068538,1.626871,2.000000,0.373129,0.000262
90,mobley_5157661,2.014728,2.300000,0.285272,0.000153
90,mobley_1261349,2.450237,2.510000,0.059763,0.000007
90,mobley_2328633,2.272007,2.550000,0.277993,0.000145
90,mobley_8436428,3.023962,2.830000,0.193962,0.000071
90,mobley_3060426,3.337301,2.930000,0.407301,0.000312
90,mobley_2197088,3.407178,3.160000,0.247178,0.000115
91,mobley_9534740,-20.884228,-25.469999,4.585772,0.039545
91,mobley_6239320,-22.504137,-18.059999,4.444138,0.037140
91,mobley_7794077,-14.874134,-15.460000,0.585866,0.000645
91,mobley_7415647,-13.058677,-11.950000,1.108677,0.002311
91,mobley_1728386,-10.985495,-11.000000,0.014505,0.000000
91,mobley_2269032,-10.120092,-10.210000,0.089908,0.000015
91,mobley_2913224,-7.705261,-9.940000,2.234738,0.009391
91,mobley_2659552,-9.763585,-9.760000,0.003585,0.000000
91,mobley_7176290,-9.401846,-9.620000,0.218154,0.000089
91,mobley_2295058,-9.331583,-9.510000,0.178417,0.000060
91,mobley_6055410,-10.087007,-9.400000,0.687007,0.000888
91,mobley_4639255,-9.532155,-9.300000,0.232155,0.000101
91,mobley_1417007,-6.007759,-9.010000,3.002241,0.016949
91,mobley_6115639,-9.402047,-8.700000,0.702047,0.000927
91,mobley_6353617,-7.668264,-8.260000,0.591736,0.000658
91,mobley_2725215,-9.440468,-7.980000,1.460468,0.004011
91,mobley_7039935,-7.346064,-7.670000,0.323936,0.000197
91,mobley_4059279,-6.614584,-7.580000,0.965416,0.001753
91,mobley_951560,-9.707148,-7.400000,2.307148,0.010010
91,mobley_1922649,-8.770212,-7.190000,1.580212,0.004696
91,mobley_8798016,-7.830153,-7.000000,0.830153,0.001296
91,mobley_1858644,-7.057967,-6.790000,0.267967,0.000135
91,mobley_9114381,-6.121381,-6.720000,0.598619,0.000674
91,mobley_5311804,-6.129894,-6.620000,0.490106,0.000452
91,mobley_6743808,-6.194657,-6.500000,0.305343,0.000175
91,mobley_8789864,-5.824069,-6.400000,0.575932,0.000624
91,mobley_7009711,-6.164615,-6.270000,0.105385,0.000021
91,mobley_8789465,-5.041892,-6.200000,1.158108,0.002522
91,mobley_2923700,-6.049573,-6.130000,0.080427,0.000012
91,mobley_4780078,-5.703235,-6.010000,0.306766,0.000177
91,mobley_5467162,-5.572817,-5.910000,0.337183,0.000214
91,mobley_6257907,-5.934051,-5.820000,0.114051,0.000024
91,mobley_7913234,-6.201017,-5.730000,0.471017,0.000417
91,mobley_5518547,-5.896703,-5.570000,0.326703,0.000201
91,mobley_4883284,-6.015570,-5.490000,0.525570,0.000519
91,mobley_5220185,-5.241779,-5.450000,0.208221,0.000082
91,mobley_3359593,-5.413012,-5.260000,0.153011,0.000044
91,mobley_4683624,-6.044839,-5.210000,0.834839,0.001311
91,mobley_1636752,-3.746646,-5.100000,1.353354,0.003444
91,mobley_2310185,-4.625508,-5.000000,0.374492,0.000264
91,mobley_3682850,-4.296763,-4.910000,0.613237,0.000707
91,mobley_1363784,-4.771873,-4.840000,0.068127,0.000009
91,mobley_2837389,-4.522185,-4.780000,0.257815,0.000125
91,mobley_9507933,-4.681377,-4.720000,0.038622,0.000003
91,mobley_296847,-5.039319,-4.690000,0.349319,0.000229
91,mobley_8208692,-3.554648,-4.610000,1.055352,0.002094
91,mobley_4884177,-4.406048,-4.590000,0.183952,0.000064
91,mobley_6714389,-4.012106,-4.550000,0.537894,0.000544
91,mobley_2245668,-4.492874,-4.500000,0.007126,0.000000
91,mobley_5973402,-4.394155,-4.420000,0.025846,0.000001
91,mobley_3546460,-4.424404,-4.400000,0.024404,0.000001
91,mobley_8311303,-3.962078,-4.380000,0.417922,0.000328
91,mobley_9741965,-5.823637,-4.290000,1.533637,0.004423
91,mobley_4603202,-4.606155,-4.230000,0.376155,0.000266
91,mobley_628086,-4.111673,-4.160000,0.048327,0.000004
91,mobley_4620651,-3.690359,-4.100000,0.409641,0.000316
91,mobley_7977115,-4.327741,-4.060000,0.267741,0.000135
91,mobley_2789243,-3.779867,-4.010000,0.230133,0.000100
91,mobley_3968739,-4.105885,-3.920000,0.185884,0.000065
91,mobley_63712,-3.158235,-3.880000,0.721765,0.000980
91,mobley_1046331,-4.016773,-3.820000,0.196773,0.000073
91,mobley_1160109,-3.914453,-3.750000,0.164453,0.000051
91,mobley_4149784,-3.110107,-3.670000,0.559893,0.000589
91,mobley_397645,-3.988227,-3.640000,0.348227,0.000228
91,mobley_4690963,-4.582655,-3.540000,1.042655,0.002044
91,mobley_1967551,-3.648631,-3.500000,0.148631,0.000042
91,mobley_6733657,-2.804376,-3.440000,0.635624,0.000760
91,mobley_9565165,-3.736027,-3.350000,0.386027,0.000280
91,mobley_2487143,-3.235799,-3.280000,0.044201,0.000004
91,mobley_8449031,-2.686112,-3.220000,0.533888,0.000536
91,mobley_172879,-3.291665,-3.150000,0.141665,0.000038
91,mobley_5346580,-1.959599,-3.110000,1.150401,0.002489
91,mobley_3573480,-3.062590,-3.040000,0.022590,0.000001
91,mobley_1075836,-2.897951,-2.930000,0.032049,0.000002
91,mobley_6102880,-4.338346,-2.870000,1.468347,0.004054
91,mobley_1827204,-2.756214,-2.810000,0.053786,0.000005
91,mobley_2146331,-2.050779,-2.750000,0.699221,0.000919
91,mobley_7943327,-2.614923,-2.680000,0.065077,0.000008
91,mobley_5110043,-2.688107,-2.630000,0.058106,0.000006
91,mobley_5616693,-2.927396,-2.530000,0.397396,0.000297
91,mobley_6619554,-2.418978,-2.490000,0.071022,0.000009
91,mobley_6359156,-3.686404,-2.460000,1.226404,0.002828
91,mobley_1781152,-2.038060,-2.400000,0.361940,0.000246
91,mobley_859464,-2.620207,-2.360000,0.260207,0.000127
91,mobley_7150646,-1.860675,-2.300000,0.439325,0.000363
91,mobley_1592519,-2.643795,-2.230000,0.413795,0.000322
91,mobley_5538249,-1.918154,-2.160000,0.241846,0.000110
91,mobley_6911232,-1.655134,-2.100000,0.444866,0.000372
91,mobley_3269565,-1.473475,-2.010000,0.536525,0.000541
91,mobley_2484519,-2.842924,-1.930000,0.912924,0.001567
91,mobley_7690440,-1.860771,-1.830000,0.030771,0.000002
91,mobley_3802803,-1.813531,-1.660000,0.153531,0.000044
91,mobley_1144156,-1.290922,-1.590000,0.299078,0.000168
91,mobley_2481002,-2.663309,-1.450000,1.213309,0.002768
91,mobley_2489709,-1.099381,-1.360000,0.260619,0.000128
91,mobley_5052949,-0.763510,-1.280000,0.516490,0.000502
91,mobley_2492140,-2.030612,-1.230000,0.800612,0.001205
91,mobley_7542832,-1.250336,-1.160000,0.090336,0.000015
91,mobley_7814642,-1.528256,-1.120000,0.408256,0.000313
91,mobley_1563176,-0.984107,-0.990000,0.005893,0.000000
91,mobley_1873346,-0.764096,-0.900000,0.135904,0.000035
91,mobley_3040612,-0.748100,-0.850000,0.101900,0.000020
91,mobley_4483973,-1.919465,-0.800000,1.119465,0.002357
91,mobley_9913368,-1.683008,-0.780000,0.903008,0.001533
91,mobley_1449384,-0.670457,-0.680000,0.009543,0.000000
91,mobley_7708038,-0.750767,-0.560000,0.190767,0.000068
91,mobley_8311321,0.016516,-0.500000,0.516516,0.000502
91,mobley_766666,-0.585072,-0.440000,0.145072,0.000040
91,mobley_5445548,-0.614823,-0.300000,0.314823,0.000186
91,mobley_9029594,-1.056933,-0.220000,0.836933,0.001317
91,mobley_3370989,-1.907054,-0.110000,1.797054,0.006073
91,mobley_627267,-0.401784,-0.030000,0.371784,0.000260
91,mobley_6250025,0.188652,0.080000,0.108652,0.000022
91,mobley_4252724,-0.561065,0.160000,0.721065,0.000978
91,mobley_7157427,0.232251,0.290000,0.057749,0.000006
91,mobley_8885088,0.036568,0.560000,0.523432,0.000515
91,mobley_8522124,0.489787,0.710000,0.220213,0.000091
91,mobley_4678740,0.648511,1.070000,0.421489,0.000334
91,mobley_2689721,1.116775,1.230000,0.113225,0.000024
91,mobley_1662128,1.251480,1.380000,0.128520,0.000031
91,mobley_4762983,1.838333,1.660000,0.178334,0.000060
91,mobley_7732703,0.578646,1.790000,1.211354,0.002759
91,mobley_2068538,1.573872,2.000000,0.426128,0.000341
91,mobley_5157661,1.965557,2.300000,0.334443,0.000210
91,mobley_1261349,2.417955,2.510000,0.092045,0.000016
91,mobley_2328633,2.124406,2.550000,0.425594,0.000341
91,mobley_8436428,2.937112,2.830000,0.107112,0.000022
91,mobley_3060426,3.240366,2.930000,0.310366,0.000181
91,mobley_2197088,3.261844,3.160000,0.101844,0.000020
92,mobley_9534740,-20.810658,-25.469999,4.659342,0.040824
92,mobley_6239320,-22.373663,-18.059999,4.313663,0.034991
92,mobley_7794077,-14.813140,-15.460000,0.646860,0.000787
92,mobley_7415647,-13.270952,-11.950000,1.320952,0.003281
92,mobley_1728386,-10.954577,-11.000000,0.045423,0.000004
92,mobley_2269032,-10.067198,-10.210000,0.142802,0.000038
92,mobley_2913224,-7.738609,-9.940000,2.201390,0.009113
92,mobley_2659552,-9.867559,-9.760000,0.107559,0.000022
92,mobley_7176290,-9.520568,-9.620000,0.099432,0.000019
92,mobley_2295058,-9.325116,-9.510000,0.184884,0.000064
92,mobley_6055410,-10.029220,-9.400000,0.629220,0.000745
92,mobley_4639255,-9.484797,-9.300000,0.184796,0.000064
92,mobley_1417007,-6.010894,-9.010000,2.999106,0.016914
92,mobley_6115639,-9.593899,-8.700000,0.893899,0.001503
92,mobley_6353617,-7.604896,-8.260000,0.655104,0.000807
92,mobley_2725215,-9.466389,-7.980000,1.486389,0.004155
92,mobley_7039935,-7.278693,-7.670000,0.391307,0.000288
92,mobley_4059279,-6.738831,-7.580000,0.841169,0.001331
92,mobley_951560,-9.683949,-7.400000,2.283949,0.009809
92,mobley_1922649,-9.037661,-7.190000,1.847661,0.006420
92,mobley_8798016,-7.752710,-7.000000,0.752710,0.001065
92,mobley_1858644,-7.035571,-6.790000,0.245571,0.000113
92,mobley_9114381,-6.086159,-6.720000,0.633841,0.000755
92,mobley_5311804,-6.107595,-6.620000,0.512404,0.000494
92,mobley_6743808,-6.206121,-6.500000,0.293879,0.000162
92,mobley_8789864,-5.977608,-6.400000,0.422392,0.000336
92,mobley_7009711,-6.176694,-6.270000,0.093306,0.000016
92,mobley_8789465,-4.983984,-6.200000,1.216015,0.002781
92,mobley_2923700,-5.998847,-6.130000,0.131153,0.000032
92,mobley_4780078,-5.723914,-6.010000,0.286087,0.000154
92,mobley_5467162,-5.561976,-5.910000,0.348023,0.000228
92,mobley_6257907,-5.940737,-5.820000,0.120737,0.000027
92,mobley_7913234,-6.237355,-5.730000,0.507355,0.000484
92,mobley_5518547,-5.903297,-5.570000,0.333297,0.000209
92,mobley_4883284,-5.997029,-5.490000,0.507030,0.000483
92,mobley_5220185,-5.169757,-5.450000,0.280242,0.000148
92,mobley_3359593,-5.449264,-5.260000,0.189263,0.000067
92,mobley_4683624,-6.004574,-5.210000,0.794574,0.001187
92,mobley_1636752,-3.755020,-5.100000,1.344980,0.003402
92,mobley_2310185,-4.609875,-5.000000,0.390125,0.000286
92,mobley_3682850,-4.336635,-4.910000,0.573365,0.000618
92,mobley_1363784,-4.772083,-4.840000,0.067917,0.000009
92,mobley_2837389,-4.370336,-4.780000,0.409664,0.000316
92,mobley_9507933,-4.684102,-4.720000,0.035898,0.000002
92,mobley_296847,-4.947598,-4.690000,0.257598,0.000125
92,mobley_8208692,-3.644602,-4.610000,0.965398,0.001753
92,mobley_4884177,-4.336219,-4.590000,0.253781,0.000121
92,mobley_6714389,-4.022191,-4.550000,0.527810,0.000524
92,mobley_2245668,-4.520438,-4.500000,0.020438,0.000001
92,mobley_5973402,-4.391686,-4.420000,0.028314,0.000002
92,mobley_3546460,-4.421012,-4.400000,0.021012,0.000001
92,mobley_8311303,-3.992013,-4.380000,0.387987,0.000283
92,mobley_9741965,-5.838398,-4.290000,1.548398,0.004508
92,mobley_4603202,-4.547170,-4.230000,0.317170,0.000189
92,mobley_628086,-4.166857,-4.160000,0.006857,0.000000
92,mobley_4620651,-3.650880,-4.100000,0.449120,0.000379
92,mobley_7977115,-4.340580,-4.060000,0.280581,0.000148
92,mobley_2789243,-3.715708,-4.010000,0.294293,0.000163
92,mobley_3968739,-4.131742,-3.920000,0.211741,0.000084
92,mobley_63712,-3.232328,-3.880000,0.647672,0.000789
92,mobley_1046331,-3.988077,-3.820000,0.168077,0.000053
92,mobley_1160109,-3.991163,-3.750000,0.241163,0.000109
92,mobley_4149784,-3.038786,-3.670000,0.631214,0.000749
92,mobley_397645,-3.993202,-3.640000,0.353202,0.000235
92,mobley_4690963,-4.545204,-3.540000,1.005204,0.001900
92,mobley_1967551,-3.640966,-3.500000,0.140966,0.000037
92,mobley_6733657,-2.840250,-3.440000,0.599750,0.000676
92,mobley_9565165,-3.713974,-3.350000,0.363974,0.000249
92,mobley_2487143,-3.228157,-3.280000,0.051843,0.000005
92,mobley_8449031,-2.694411,-3.220000,0.525589,0.000519
92,mobley_172879,-3.217134,-3.150000,0.067133,0.000008
92,mobley_5346580,-2.063718,-3.110000,1.046282,0.002059
92,mobley_3573480,-3.058563,-3.040000,0.018563,0.000001
92,mobley_1075836,-2.896665,-2.930000,0.033335,0.000002
92,mobley_6102880,-4.276280,-2.870000,1.406281,0.003719
92,mobley_1827204,-2.758742,-2.810000,0.051258,0.000005
92,mobley_2146331,-2.017198,-2.750000,0.732802,0.001010
92,mobley_7943327,-2.582245,-2.680000,0.097755,0.000018
92,mobley_5110043,-2.717669,-2.630000,0.087669,0.000014
92,mobley_5616693,-2.979815,-2.530000,0.449816,0.000380
92,mobley_6619554,-2.370589,-2.490000,0.119411,0.000027
92,mobley_6359156,-3.625613,-2.460000,1.165613,0.002555
92,mobley_1781152,-2.117327,-2.400000,0.282673,0.000150
92,mobley_859464,-2.640412,-2.360000,0.280412,0.000148
92,mobley_7150646,-1.768620,-2.300000,0.531380,0.000531
92,mobley_1592519,-2.621504,-2.230000,0.391504,0.000288
92,mobley_5538249,-1.991537,-2.160000,0.168463,0.000053
92,mobley_6911232,-1.658724,-2.100000,0.441276,0.000366
92,mobley_3269565,-1.534461,-2.010000,0.475539,0.000425
92,mobley_2484519,-2.812879,-1.930000,0.882879,0.001466
92,mobley_7690440,-1.998640,-1.830000,0.168640,0.000053
92,mobley_3802803,-1.838492,-1.660000,0.178492,0.000060
92,mobley_1144156,-1.275571,-1.590000,0.314429,0.000186
92,mobley_2481002,-2.664566,-1.450000,1.214566,0.002774
92,mobley_2489709,-1.128279,-1.360000,0.231721,0.000101
92,mobley_5052949,-0.747209,-1.280000,0.532791,0.000534
92,mobley_2492140,-1.938831,-1.230000,0.708831,0.000945
92,mobley_7542832,-1.260414,-1.160000,0.100414,0.000019
92,mobley_7814642,-1.564324,-1.120000,0.444324,0.000371
92,mobley_1563176,-0.965071,-0.990000,0.024929,0.000001
92,mobley_1873346,-0.785034,-0.900000,0.114966,0.000025
92,mobley_3040612,-0.772664,-0.850000,0.077336,0.000011
92,mobley_4483973,-1.890798,-0.800000,1.090798,0.002237
92,mobley_9913368,-1.671682,-0.780000,0.891682,0.001495
92,mobley_1449384,-0.702862,-0.680000,0.022862,0.000001
92,mobley_7708038,-0.721048,-0.560000,0.161048,0.000049
92,mobley_8311321,0.008068,-0.500000,0.508068,0.000485
92,mobley_766666,-0.584747,-0.440000,0.144747,0.000039
92,mobley_5445548,-0.617011,-0.300000,0.317011,0.000189
92,mobley_9029594,-1.070762,-0.220000,0.850762,0.001361
92,mobley_3370989,-1.923284,-0.110000,1.813284,0.006183
92,mobley_627267,-0.389952,-0.030000,0.359952,0.000244
92,mobley_6250025,0.213731,0.080000,0.133731,0.000034
92,mobley_4252724,-0.589179,0.160000,0.749179,0.001055
92,mobley_7157427,0.240336,0.290000,0.049664,0.000005
92,mobley_8885088,0.021341,0.560000,0.538659,0.000546
92,mobley_8522124,0.513895,0.710000,0.196105,0.000072
92,mobley_4678740,0.627445,1.070000,0.442555,0.000368
92,mobley_2689721,1.064748,1.230000,0.165252,0.000051
92,mobley_1662128,1.259611,1.380000,0.120389,0.000027
92,mobley_4762983,1.831789,1.660000,0.171789,0.000055
92,mobley_7732703,0.577659,1.790000,1.212341,0.002764
92,mobley_2068538,1.577837,2.000000,0.422163,0.000335
92,mobley_5157661,1.957579,2.300000,0.342421,0.000220
92,mobley_1261349,2.361554,2.510000,0.148446,0.000041
92,mobley_2328633,2.050922,2.550000,0.499078,0.000468
92,mobley_8436428,2.907390,2.830000,0.077390,0.000011
92,mobley_3060426,3.139633,2.930000,0.209633,0.000083
92,mobley_2197088,3.217108,3.160000,0.057108,0.000006
93,mobley_9534740,-20.875212,-25.469999,4.594788,0.039700
93,mobley_6239320,-22.281141,-18.059999,4.221142,0.033506
93,mobley_7794077,-14.722897,-15.460000,0.737103,0.001022
93,mobley_7415647,-13.253828,-11.950000,1.303828,0.003197
93,mobley_1728386,-10.899945,-11.000000,0.100055,0.000019
93,mobley_2269032,-9.896379,-10.210000,0.313621,0.000185
93,mobley_2913224,-7.599965,-9.940000,2.340035,0.010297
93,mobley_2659552,-9.851232,-9.760000,0.091231,0.000016
93,mobley_7176290,-9.470779,-9.620000,0.149220,0.000042
93,mobley_2295058,-9.277110,-9.510000,0.232890,0.000102
93,mobley_6055410,-9.856852,-9.400000,0.456852,0.000392
93,mobley_4639255,-9.627791,-9.300000,0.327791,0.000202
93,mobley_1417007,-5.860507,-9.010000,3.149493,0.018653
93,mobley_6115639,-9.500397,-8.700000,0.800397,0.001205
93,mobley_6353617,-7.524467,-8.260000,0.735533,0.001017
93,mobley_2725215,-9.769794,-7.980000,1.789793,0.006024
93,mobley_7039935,-7.150638,-7.670000,0.519362,0.000507
93,mobley_4059279,-6.495188,-7.580000,1.084812,0.002213
93,mobley_951560,-9.642366,-7.400000,2.242366,0.009455
93,mobley_1922649,-8.897486,-7.190000,1.707486,0.005482
93,mobley_8798016,-7.676172,-7.000000,0.676172,0.000860
93,mobley_1858644,-6.967626,-6.790000,0.177626,0.000059
93,mobley_9114381,-6.084775,-6.720000,0.635224,0.000759
93,mobley_5311804,-6.017404,-6.620000,0.602596,0.000683
93,mobley_6743808,-6.095390,-6.500000,0.404610,0.000308
93,mobley_8789864,-5.897998,-6.400000,0.502002,0.000474
93,mobley_7009711,-6.098451,-6.270000,0.171549,0.000055
93,mobley_8789465,-4.917943,-6.200000,1.282057,0.003091
93,mobley_2923700,-5.900090,-6.130000,0.229910,0.000099
93,mobley_4780078,-5.634366,-6.010000,0.375635,0.000265
93,mobley_5467162,-5.406112,-5.910000,0.503888,0.000477
93,mobley_6257907,-5.854471,-5.820000,0.034471,0.000002
93,mobley_7913234,-6.215940,-5.730000,0.485940,0.000444
93,mobley_5518547,-5.788932,-5.570000,0.218932,0.000090
93,mobley_4883284,-5.922570,-5.490000,0.432570,0.000352
93,mobley_5220185,-5.126375,-5.450000,0.323625,0.000197
93,mobley_3359593,-5.360579,-5.260000,0.100579,0.000019
93,mobley_4683624,-5.885801,-5.210000,0.675801,0.000859
93,mobley_1636752,-3.822540,-5.100000,1.277460,0.003069
93,mobley_2310185,-4.699783,-5.000000,0.300217,0.000169
93,mobley_3682850,-4.246447,-4.910000,0.663553,0.000828
93,mobley_1363784,-4.715079,-4.840000,0.124921,0.000029
93,mobley_2837389,-4.369656,-4.780000,0.410345,0.000317
93,mobley_9507933,-4.607379,-4.720000,0.112621,0.000024
93,mobley_296847,-4.896593,-4.690000,0.206593,0.000080
93,mobley_8208692,-3.493860,-4.610000,1.116140,0.002343
93,mobley_4884177,-4.249696,-4.590000,0.340304,0.000218
93,mobley_6714389,-4.030849,-4.550000,0.519151,0.000507
93,mobley_2245668,-4.622618,-4.500000,0.122618,0.000028
93,mobley_5973402,-4.453997,-4.420000,0.033997,0.000002
93,mobley_3546460,-4.455384,-4.400000,0.055384,0.000006
93,mobley_8311303,-3.915438,-4.380000,0.464562,0.000406
93,mobley_9741965,-5.790621,-4.290000,1.500621,0.004235
93,mobley_4603202,-4.518430,-4.230000,0.288430,0.000156
93,mobley_628086,-4.190861,-4.160000,0.030861,0.000002
93,mobley_4620651,-3.621619,-4.100000,0.478381,0.000430
93,mobley_7977115,-4.386826,-4.060000,0.326826,0.000201
93,mobley_2789243,-3.728881,-4.010000,0.281119,0.000149
93,mobley_3968739,-3.996591,-3.920000,0.076591,0.000011
93,mobley_63712,-3.068945,-3.880000,0.811055,0.001237
93,mobley_1046331,-3.897727,-3.820000,0.077727,0.000011
93,mobley_1160109,-3.784880,-3.750000,0.034880,0.000002
93,mobley_4149784,-2.920263,-3.670000,0.749738,0.001057
93,mobley_397645,-3.878613,-3.640000,0.238613,0.000107
93,mobley_4690963,-4.457563,-3.540000,0.917563,0.001583
93,mobley_1967551,-3.610321,-3.500000,0.110321,0.000023
93,mobley_6733657,-2.721941,-3.440000,0.718059,0.000970
93,mobley_9565165,-3.398372,-3.350000,0.048373,0.000004
93,mobley_2487143,-3.112419,-3.280000,0.167581,0.000053
93,mobley_8449031,-2.575682,-3.220000,0.644318,0.000781
93,mobley_172879,-3.036566,-3.150000,0.113434,0.000024
93,mobley_5346580,-1.964603,-3.110000,1.145397,0.002467
93,mobley_3573480,-2.932108,-3.040000,0.107892,0.000022
93,mobley_1075836,-2.895527,-2.930000,0.034473,0.000002
93,mobley_6102880,-4.135417,-2.870000,1.265417,0.003011
93,mobley_1827204,-2.694736,-2.810000,0.115263,0.000025
93,mobley_2146331,-1.972190,-2.750000,0.777810,0.001138
93,mobley_7943327,-2.589678,-2.680000,0.090322,0.000015
93,mobley_5110043,-2.450429,-2.630000,0.179571,0.000061
93,mobley_5616693,-2.831234,-2.530000,0.301234,0.000171
93,mobley_6619554,-2.343567,-2.490000,0.146433,0.000040
93,mobley_6359156,-3.473154,-2.460000,1.013154,0.001930
93,mobley_1781152,-2.061841,-2.400000,0.338159,0.000215
93,mobley_859464,-2.575802,-2.360000,0.215802,0.000088
93,mobley_7150646,-1.733477,-2.300000,0.566523,0.000604
93,mobley_1592519,-2.593476,-2.230000,0.363476,0.000248
93,mobley_5538249,-1.778144,-2.160000,0.381856,0.000274
93,mobley_6911232,-1.619032,-2.100000,0.480968,0.000435
93,mobley_3269565,-1.502129,-2.010000,0.507871,0.000485
93,mobley_2484519,-2.642545,-1.930000,0.712545,0.000955
93,mobley_7690440,-2.029948,-1.830000,0.199948,0.000075
93,mobley_3802803,-1.798590,-1.660000,0.138590,0.000036
93,mobley_1144156,-1.203699,-1.590000,0.386301,0.000281
93,mobley_2481002,-2.704363,-1.450000,1.254363,0.002959
93,mobley_2489709,-1.041639,-1.360000,0.318361,0.000191
93,mobley_5052949,-0.698434,-1.280000,0.581566,0.000636
93,mobley_2492140,-1.951261,-1.230000,0.721261,0.000978
93,mobley_7542832,-1.205070,-1.160000,0.045070,0.000004
93,mobley_7814642,-1.533382,-1.120000,0.413382,0.000321
93,mobley_1563176,-0.907515,-0.990000,0.082485,0.000013
93,mobley_1873346,-0.642647,-0.900000,0.257353,0.000125
93,mobley_3040612,-0.593738,-0.850000,0.256262,0.000123
93,mobley_4483973,-1.783072,-0.800000,0.983072,0.001817
93,mobley_9913368,-1.661333,-0.780000,0.881333,0.001461
93,mobley_1449384,-0.509834,-0.680000,0.170166,0.000054
93,mobley_7708038,-0.661326,-0.560000,0.101326,0.000019
93,mobley_8311321,0.013441,-0.500000,0.513441,0.000496
93,mobley_766666,-0.591952,-0.440000,0.151952,0.000043
93,mobley_5445548,-0.444582,-0.300000,0.144582,0.000039
93,mobley_9029594,-1.059357,-0.220000,0.839357,0.001325
93,mobley_3370989,-1.928460,-0.110000,1.818460,0.006218
93,mobley_627267,-0.326738,-0.030000,0.296738,0.000166
93,mobley_6250025,0.293303,0.080000,0.213303,0.000086
93,mobley_4252724,-0.385411,0.160000,0.545411,0.000559
93,mobley_7157427,0.336958,0.290000,0.046958,0.000004
93,mobley_8885088,0.105544,0.560000,0.454456,0.000388
93,mobley_8522124,0.627060,0.710000,0.082940,0.000013
93,mobley_4678740,0.707050,1.070000,0.362950,0.000248
93,mobley_2689721,1.121389,1.230000,0.108611,0.000022
93,mobley_1662128,1.309979,1.380000,0.070021,0.000009
93,mobley_4762983,1.932322,1.660000,0.272322,0.000139
93,mobley_7732703,0.578280,1.790000,1.211720,0.002761
93,mobley_2068538,1.596302,2.000000,0.403698,0.000306
93,mobley_5157661,1.989020,2.300000,0.310980,0.000182
93,mobley_1261349,2.428901,2.510000,0.081099,0.000012
93,mobley_2328633,2.176550,2.550000,0.373450,0.000262
93,mobley_8436428,2.956175,2.830000,0.126175,0.000030
93,mobley_3060426,3.294615,2.930000,0.364615,0.000250
93,mobley_2197088,3.327639,3.160000,0.167639,0.000053
94,mobley_9534740,-20.943773,-25.469999,4.526226,0.038524
94,mobley_6239320,-22.421576,-18.059999,4.361576,0.035773
94,mobley_7794077,-14.875588,-15.460000,0.584412,0.000642
94,mobley_7415647,-13.211370,-11.950000,1.261370,0.002992
94,mobley_1728386,-10.974983,-11.000000,0.025017,0.000001
94,mobley_2269032,-10.170068,-10.210000,0.039932,0.000003
94,mobley_2913224,-7.848361,-9.940000,2.091639,0.008227
94,mobley_2659552,-9.922282,-9.760000,0.162282,0.000050
94,mobley_7176290,-9.453743,-9.620000,0.166257,0.000052
94,mobley_2295058,-9.286518,-9.510000,0.223482,0.000094
94,mobley_6055410,-10.143850,-9.400000,0.743851,0.001040
94,mobley_4639255,-9.415639,-9.300000,0.115639,0.000025
94,mobley_1417007,-6.042031,-9.010000,2.967969,0.016565
94,mobley_6115639,-9.457977,-8.700000,0.757977,0.001080
94,mobley_6353617,-7.651486,-8.260000,0.608514,0.000696
94,mobley_2725215,-9.510792,-7.980000,1.530792,0.004407
94,mobley_7039935,-7.369086,-7.670000,0.300914,0.000170
94,mobley_4059279,-6.525546,-7.580000,1.054454,0.002091
94,mobley_951560,-9.577211,-7.400000,2.177211,0.008914
94,mobley_1922649,-8.793023,-7.190000,1.603023,0.004832
94,mobley_8798016,-7.847818,-7.000000,0.847818,0.001352
94,mobley_1858644,-7.037259,-6.790000,0.247259,0.000115
94,mobley_9114381,-6.125713,-6.720000,0.594286,0.000664
94,mobley_5311804,-6.122128,-6.620000,0.497871,0.000466
94,mobley_6743808,-6.107036,-6.500000,0.392964,0.000290
94,mobley_8789864,-5.984621,-6.400000,0.415380,0.000324
94,mobley_7009711,-6.111104,-6.270000,0.158896,0.000047
94,mobley_8789465,-5.057696,-6.200000,1.142303,0.002454
94,mobley_2923700,-6.021983,-6.130000,0.108017,0.000022
94,mobley_4780078,-5.625807,-6.010000,0.384193,0.000278
94,mobley_5467162,-5.522123,-5.910000,0.387877,0.000283
94,mobley_6257907,-6.012391,-5.820000,0.192390,0.000070
94,mobley_7913234,-6.182349,-5.730000,0.452349,0.000385
94,mobley_5518547,-5.873656,-5.570000,0.303656,0.000173
94,mobley_4883284,-6.056146,-5.490000,0.566146,0.000603
94,mobley_5220185,-5.279252,-5.450000,0.170748,0.000055
94,mobley_3359593,-5.366265,-5.260000,0.106265,0.000021
94,mobley_4683624,-6.010980,-5.210000,0.800980,0.001206
94,mobley_1636752,-3.677077,-5.100000,1.422923,0.003807
94,mobley_2310185,-4.539522,-5.000000,0.460478,0.000399
94,mobley_3682850,-4.359124,-4.910000,0.550876,0.000571
94,mobley_1363784,-4.758497,-4.840000,0.081503,0.000012
94,mobley_2837389,-4.485741,-4.780000,0.294259,0.000163
94,mobley_9507933,-4.691239,-4.720000,0.028760,0.000002
94,mobley_296847,-5.079827,-4.690000,0.389827,0.000286
94,mobley_8208692,-3.668848,-4.610000,0.941153,0.001666
94,mobley_4884177,-4.430313,-4.590000,0.159687,0.000048
94,mobley_6714389,-3.939811,-4.550000,0.610189,0.000700
94,mobley_2245668,-4.472897,-4.500000,0.027103,0.000001
94,mobley_5973402,-4.348937,-4.420000,0.071064,0.000009
94,mobley_3546460,-4.374721,-4.400000,0.025280,0.000001
94,mobley_8311303,-4.028809,-4.380000,0.351192,0.000232
94,mobley_9741965,-5.744706,-4.290000,1.454706,0.003979
94,mobley_4603202,-4.585874,-4.230000,0.355874,0.000238
94,mobley_628086,-4.084551,-4.160000,0.075449,0.000011
94,mobley_4620651,-3.575336,-4.100000,0.524664,0.000518
94,mobley_7977115,-4.329846,-4.060000,0.269846,0.000137
94,mobley_2789243,-3.848848,-4.010000,0.161153,0.000049
94,mobley_3968739,-4.135566,-3.920000,0.215566,0.000087
94,mobley_63712,-3.133194,-3.880000,0.746806,0.001049
94,mobley_1046331,-4.052312,-3.820000,0.232312,0.000101
94,mobley_1160109,-4.000362,-3.750000,0.250362,0.000118
94,mobley_4149784,-3.272900,-3.670000,0.397100,0.000297
94,mobley_397645,-4.040876,-3.640000,0.400876,0.000302
94,mobley_4690963,-4.462904,-3.540000,0.922904,0.001602
94,mobley_1967551,-3.643943,-3.500000,0.143943,0.000039
94,mobley_6733657,-2.865203,-3.440000,0.574797,0.000621
94,mobley_9565165,-3.801941,-3.350000,0.451941,0.000384
94,mobley_2487143,-3.283168,-3.280000,0.003168,0.000000
94,mobley_8449031,-2.634163,-3.220000,0.585837,0.000645
94,mobley_172879,-3.449016,-3.150000,0.299016,0.000168
94,mobley_5346580,-1.970034,-3.110000,1.139965,0.002444
94,mobley_3573480,-3.120877,-3.040000,0.080877,0.000012
94,mobley_1075836,-2.876069,-2.930000,0.053931,0.000005
94,mobley_6102880,-4.483810,-2.870000,1.613810,0.004897
94,mobley_1827204,-2.772051,-2.810000,0.037949,0.000003
94,mobley_2146331,-2.037964,-2.750000,0.712036,0.000953
94,mobley_7943327,-2.586115,-2.680000,0.093885,0.000017
94,mobley_5110043,-2.681930,-2.630000,0.051929,0.000005
94,mobley_5616693,-3.015404,-2.530000,0.485404,0.000443
94,mobley_6619554,-2.401482,-2.490000,0.088518,0.000015
94,mobley_6359156,-3.819963,-2.460000,1.359963,0.003478
94,mobley_1781152,-2.018910,-2.400000,0.381090,0.000273
94,mobley_859464,-2.597112,-2.360000,0.237113,0.000106
94,mobley_7150646,-1.912596,-2.300000,0.387403,0.000282
94,mobley_1592519,-2.649584,-2.230000,0.419584,0.000331
94,mobley_5538249,-2.080905,-2.160000,0.079095,0.000012
94,mobley_6911232,-1.582514,-2.100000,0.517486,0.000504
94,mobley_3269565,-1.503631,-2.010000,0.506369,0.000482
94,mobley_2484519,-2.901746,-1.930000,0.971746,0.001776
94,mobley_7690440,-1.910123,-1.830000,0.080123,0.000012
94,mobley_3802803,-1.890621,-1.660000,0.230621,0.000100
94,mobley_1144156,-1.192218,-1.590000,0.397782,0.000298
94,mobley_2481002,-2.654295,-1.450000,1.204295,0.002727
94,mobley_2489709,-1.134779,-1.360000,0.225221,0.000095
94,mobley_5052949,-0.801770,-1.280000,0.478230,0.000430
94,mobley_2492140,-2.033142,-1.230000,0.803142,0.001213
94,mobley_7542832,-1.211883,-1.160000,0.051883,0.000005
94,mobley_7814642,-1.614037,-1.120000,0.494037,0.000459
94,mobley_1563176,-0.994657,-0.990000,0.004657,0.000000
94,mobley_1873346,-0.816544,-0.900000,0.083456,0.000013
94,mobley_3040612,-0.799699,-0.850000,0.050301,0.000005
94,mobley_4483973,-1.979022,-0.800000,1.179022,0.002614
94,mobley_9913368,-1.710318,-0.780000,0.930318,0.001628
94,mobley_1449384,-0.726301,-0.680000,0.046301,0.000004
94,mobley_7708038,-0.775134,-0.560000,0.215134,0.000087
94,mobley_8311321,-0.021190,-0.500000,0.478810,0.000431
94,mobley_766666,-0.591032,-0.440000,0.151032,0.000043
94,mobley_5445548,-0.692038,-0.300000,0.392038,0.000289
94,mobley_9029594,-1.056531,-0.220000,0.836531,0.001316
94,mobley_3370989,-1.908540,-0.110000,1.798540,0.006083
94,mobley_627267,-0.431779,-0.030000,0.401779,0.000304
94,mobley_6250025,0.132885,0.080000,0.052885,0.000005
94,mobley_4252724,-0.652856,0.160000,0.812856,0.001242
94,mobley_7157427,0.200435,0.290000,0.089565,0.000015
94,mobley_8885088,-0.029941,0.560000,0.589941,0.000654
94,mobley_8522124,0.450095,0.710000,0.259905,0.000127
94,mobley_4678740,0.686871,1.070000,0.383129,0.000276
94,mobley_2689721,1.019120,1.230000,0.210880,0.000084
94,mobley_1662128,1.211834,1.380000,0.168166,0.000053
94,mobley_4762983,1.761622,1.660000,0.101622,0.000019
94,mobley_7732703,0.587642,1.790000,1.202358,0.002719
94,mobley_2068538,1.545424,2.000000,0.454576,0.000389
94,mobley_5157661,1.934152,2.300000,0.365848,0.000252
94,mobley_1261349,2.432072,2.510000,0.077928,0.000011
94,mobley_2328633,1.992967,2.550000,0.557033,0.000583
94,mobley_8436428,2.875300,2.830000,0.045300,0.000004
94,mobley_3060426,3.228387,2.930000,0.298387,0.000167
94,mobley_2197088,3.149259,3.160000,0.010741,0.000000
95,mobley_9534740,-21.201288,-25.469999,4.268711,0.034265
95,mobley_6239320,-22.314119,-18.059999,4.254120,0.034032
95,mobley_7794077,-14.751086,-15.460000,0.708914,0.000945
95,mobley_7415647,-13.333260,-11.950000,1.383260,0.003598
95,mobley_1728386,-11.045638,-11.000000,0.045638,0.000004
95,mobley_2269032,-10.142890,-10.210000,0.067110,0.000008
95,mobley_2913224,-7.744127,-9.940000,2.195872,0.009067
95,mobley_2659552,-9.953979,-9.760000,0.193978,0.000071
95,mobley_7176290,-9.502081,-9.620000,0.117919,0.000026
95,mobley_2295058,-9.309536,-9.510000,0.200464,0.000076
95,mobley_6055410,-10.109782,-9.400000,0.709783,0.000947
95,mobley_4639255,-9.579815,-9.300000,0.279815,0.000147
95,mobley_1417007,-6.145761,-9.010000,2.864240,0.015427
95,mobley_6115639,-9.501298,-8.700000,0.801298,0.001207
95,mobley_6353617,-7.705510,-8.260000,0.554490,0.000578
95,mobley_2725215,-9.574860,-7.980000,1.594860,0.004783
95,mobley_7039935,-7.270330,-7.670000,0.399670,0.000300
95,mobley_4059279,-6.497925,-7.580000,1.082075,0.002202
95,mobley_951560,-9.731918,-7.400000,2.331918,0.010226
95,mobley_1922649,-8.991221,-7.190000,1.801221,0.006101
95,mobley_8798016,-7.804314,-7.000000,0.804314,0.001217
95,mobley_1858644,-7.028275,-6.790000,0.238276,0.000107
95,mobley_9114381,-6.121627,-6.720000,0.598373,0.000673
95,mobley_5311804,-6.083887,-6.620000,0.536113,0.000540
95,mobley_6743808,-6.121500,-6.500000,0.378500,0.000269
95,mobley_8789864,-5.847996,-6.400000,0.552004,0.000573
95,mobley_7009711,-6.151119,-6.270000,0.118881,0.000027
95,mobley_8789465,-4.978757,-6.200000,1.221243,0.002805
95,mobley_2923700,-5.984183,-6.130000,0.145817,0.000040
95,mobley_4780078,-5.679011,-6.010000,0.330989,0.000206
95,mobley_5467162,-5.468047,-5.910000,0.441953,0.000367
95,mobley_6257907,-6.035662,-5.820000,0.215662,0.000087
95,mobley_7913234,-6.252792,-5.730000,0.522792,0.000514
95,mobley_5518547,-5.863492,-5.570000,0.293492,0.000162
95,mobley_4883284,-5.997039,-5.490000,0.507040,0.000483
95,mobley_5220185,-5.291502,-5.450000,0.158498,0.000047
95,mobley_3359593,-5.435517,-5.260000,0.175517,0.000058
95,mobley_4683624,-5.985229,-5.210000,0.775229,0.001130
95,mobley_1636752,-3.774480,-5.100000,1.325520,0.003304
95,mobley_2310185,-4.636892,-5.000000,0.363108,0.000248
95,mobley_3682850,-4.293950,-4.910000,0.616050,0.000714
95,mobley_1363784,-4.805065,-4.840000,0.034935,0.000002
95,mobley_2837389,-4.389781,-4.780000,0.390220,0.000286
95,mobley_9507933,-4.692579,-4.720000,0.027421,0.000001
95,mobley_296847,-4.984696,-4.690000,0.294696,0.000163
95,mobley_8208692,-3.911118,-4.610000,0.698882,0.000918
95,mobley_4884177,-4.378573,-4.590000,0.211427,0.000084
95,mobley_6714389,-4.052866,-4.550000,0.497135,0.000465
95,mobley_2245668,-4.604884,-4.500000,0.104884,0.000021
95,mobley_5973402,-4.448164,-4.420000,0.028164,0.000001
95,mobley_3546460,-4.507048,-4.400000,0.107048,0.000022
95,mobley_8311303,-4.175665,-4.380000,0.204335,0.000079
95,mobley_9741965,-5.595039,-4.290000,1.305039,0.003203
95,mobley_4603202,-4.549161,-4.230000,0.319161,0.000192
95,mobley_628086,-4.354001,-4.160000,0.194001,0.000071
95,mobley_4620651,-3.622634,-4.100000,0.477366,0.000429
95,mobley_7977115,-4.405098,-4.060000,0.345098,0.000224
95,mobley_2789243,-3.869536,-4.010000,0.140464,0.000037
95,mobley_3968739,-4.066492,-3.920000,0.146492,0.000040
95,mobley_63712,-3.128396,-3.880000,0.751604,0.001062
95,mobley_1046331,-3.931402,-3.820000,0.111402,0.000023
95,mobley_1160109,-3.876750,-3.750000,0.126750,0.000030
95,mobley_4149784,-3.316178,-3.670000,0.353822,0.000235
95,mobley_397645,-3.964656,-3.640000,0.324656,0.000198
95,mobley_4690963,-4.480465,-3.540000,0.940465,0.001663
95,mobley_1967551,-3.669129,-3.500000,0.169129,0.000054
95,mobley_6733657,-2.938947,-3.440000,0.501053,0.000472
95,mobley_9565165,-3.564436,-3.350000,0.214436,0.000086
95,mobley_2487143,-3.237537,-3.280000,0.042463,0.000003
95,mobley_8449031,-2.672866,-3.220000,0.547134,0.000563
95,mobley_172879,-3.304113,-3.150000,0.154113,0.000045
95,mobley_5346580,-1.993366,-3.110000,1.116634,0.002345
95,mobley_3573480,-3.089224,-3.040000,0.049224,0.000005
95,mobley_1075836,-2.902296,-2.930000,0.027704,0.000001
95,mobley_6102880,-4.324076,-2.870000,1.454076,0.003976
95,mobley_1827204,-2.840153,-2.810000,0.030154,0.000002
95,mobley_2146331,-1.961237,-2.750000,0.788763,0.001170
95,mobley_7943327,-2.623243,-2.680000,0.056757,0.000006
95,mobley_5110043,-2.604194,-2.630000,0.025806,0.000001
95,mobley_5616693,-2.964741,-2.530000,0.434741,0.000355
95,mobley_6619554,-2.436434,-2.490000,0.053566,0.000005
95,mobley_6359156,-3.781680,-2.460000,1.321680,0.003285
95,mobley_1781152,-2.049190,-2.400000,0.350810,0.000231
95,mobley_859464,-2.635374,-2.360000,0.275374,0.000143
95,mobley_7150646,-1.780321,-2.300000,0.519679,0.000508
95,mobley_1592519,-2.698507,-2.230000,0.468507,0.000413
95,mobley_5538249,-2.106908,-2.160000,0.053092,0.000005
95,mobley_6911232,-1.610932,-2.100000,0.489068,0.000450
95,mobley_3269565,-1.545013,-2.010000,0.464987,0.000407
95,mobley_2484519,-2.728774,-1.930000,0.798774,0.001200
95,mobley_7690440,-2.010432,-1.830000,0.180431,0.000061
95,mobley_3802803,-1.825265,-1.660000,0.165265,0.000051
95,mobley_1144156,-1.166981,-1.590000,0.423019,0.000336
95,mobley_2481002,-2.632874,-1.450000,1.182873,0.002631
95,mobley_2489709,-1.172172,-1.360000,0.187828,0.000066
95,mobley_5052949,-0.758386,-1.280000,0.521614,0.000512
95,mobley_2492140,-2.053591,-1.230000,0.823591,0.001276
95,mobley_7542832,-1.215015,-1.160000,0.055015,0.000006
95,mobley_7814642,-1.710315,-1.120000,0.590315,0.000655
95,mobley_1563176,-0.976346,-0.990000,0.013654,0.000000
95,mobley_1873346,-0.715306,-0.900000,0.184694,0.000064
95,mobley_3040612,-0.727471,-0.850000,0.122529,0.000028
95,mobley_4483973,-1.865111,-0.800000,1.065111,0.002133
95,mobley_9913368,-1.701225,-0.780000,0.921225,0.001596
95,mobley_1449384,-0.671398,-0.680000,0.008602,0.000000
95,mobley_7708038,-0.707497,-0.560000,0.147497,0.000041
95,mobley_8311321,0.070749,-0.500000,0.570749,0.000613
95,mobley_766666,-0.606750,-0.440000,0.166750,0.000052
95,mobley_5445548,-0.593497,-0.300000,0.293497,0.000162
95,mobley_9029594,-1.069817,-0.220000,0.849817,0.001358
95,mobley_3370989,-1.907783,-0.110000,1.797783,0.006078
95,mobley_627267,-0.387111,-0.030000,0.357111,0.000240
95,mobley_6250025,0.156589,0.080000,0.076589,0.000011
95,mobley_4252724,-0.531841,0.160000,0.691841,0.000900
95,mobley_7157427,0.200673,0.290000,0.089327,0.000015
95,mobley_8885088,0.059842,0.560000,0.500158,0.000470
95,mobley_8522124,0.463789,0.710000,0.246211,0.000114
95,mobley_4678740,0.836176,1.070000,0.233824,0.000103
95,mobley_2689721,1.041925,1.230000,0.188075,0.000067
95,mobley_1662128,1.242048,1.380000,0.137952,0.000036
95,mobley_4762983,1.788763,1.660000,0.128763,0.000031
95,mobley_7732703,0.591862,1.790000,1.198138,0.002699
95,mobley_2068538,1.528984,2.000000,0.471016,0.000417
95,mobley_5157661,1.927326,2.300000,0.372674,0.000261
95,mobley_1261349,2.457808,2.510000,0.052192,0.000005
95,mobley_2328633,2.005584,2.550000,0.544415,0.000557
95,mobley_8436428,2.866150,2.830000,0.036150,0.000002
95,mobley_3060426,3.266218,2.930000,0.336218,0.000213
95,mobley_2197088,3.105346,3.160000,0.054654,0.000006
96,mobley_9534740,-21.143423,-25.469999,4.326576,0.035201
96,mobley_6239320,-22.480413,-18.059999,4.420414,0.036744
96,mobley_7794077,-14.911939,-15.460000,0.548061,0.000565
96,mobley_7415647,-13.769973,-11.950000,1.819973,0.006229
96,mobley_1728386,-11.033064,-11.000000,0.033064,0.000002
96,mobley_2269032,-10.192696,-10.210000,0.017304,0.000001
96,mobley_2913224,-7.883525,-9.940000,2.056474,0.007953
96,mobley_2659552,-10.356440,-9.760000,0.596439,0.000669
96,mobley_7176290,-9.550878,-9.620000,0.069122,0.000009
96,mobley_2295058,-9.383822,-9.510000,0.126178,0.000030
96,mobley_6055410,-10.160852,-9.400000,0.760853,0.001089
96,mobley_4639255,-9.555014,-9.300000,0.255013,0.000122
96,mobley_1417007,-6.167295,-9.010000,2.842705,0.015196
96,mobley_6115639,-9.966045,-8.700000,1.266046,0.003014
96,mobley_6353617,-7.680171,-8.260000,0.579830,0.000632
96,mobley_2725215,-10.158420,-7.980000,2.178420,0.008924
96,mobley_7039935,-7.308108,-7.670000,0.361892,0.000246
96,mobley_4059279,-6.866848,-7.580000,0.713152,0.000956
96,mobley_951560,-9.992497,-7.400000,2.592497,0.012639
96,mobley_1922649,-9.319767,-7.190000,2.129767,0.008530
96,mobley_8798016,-7.773929,-7.000000,0.773929,0.001126
96,mobley_1858644,-7.029226,-6.790000,0.239226,0.000108
96,mobley_9114381,-6.266792,-6.720000,0.453208,0.000386
96,mobley_5311804,-6.119091,-6.620000,0.500909,0.000472
96,mobley_6743808,-6.250303,-6.500000,0.249697,0.000117
96,mobley_8789864,-6.169862,-6.400000,0.230138,0.000100
96,mobley_7009711,-6.230994,-6.270000,0.039006,0.000003
96,mobley_8789465,-4.990308,-6.200000,1.209692,0.002752
96,mobley_2923700,-6.007822,-6.130000,0.122178,0.000028
96,mobley_4780078,-5.809989,-6.010000,0.200011,0.000075
96,mobley_5467162,-5.610345,-5.910000,0.299655,0.000169
96,mobley_6257907,-6.003337,-5.820000,0.183337,0.000063
96,mobley_7913234,-6.239753,-5.730000,0.509753,0.000489
96,mobley_5518547,-5.923463,-5.570000,0.353463,0.000235
96,mobley_4883284,-6.012166,-5.490000,0.522166,0.000513
96,mobley_5220185,-5.329597,-5.450000,0.120403,0.000027
96,mobley_3359593,-5.465116,-5.260000,0.205115,0.000079
96,mobley_4683624,-5.998590,-5.210000,0.788590,0.001169
96,mobley_1636752,-3.803279,-5.100000,1.296721,0.003162
96,mobley_2310185,-4.592151,-5.000000,0.407849,0.000313
96,mobley_3682850,-4.327091,-4.910000,0.582909,0.000639
96,mobley_1363784,-4.919316,-4.840000,0.079316,0.000012
96,mobley_2837389,-4.387015,-4.780000,0.392985,0.000290
96,mobley_9507933,-4.817935,-4.720000,0.097936,0.000018
96,mobley_296847,-4.974764,-4.690000,0.284764,0.000152
96,mobley_8208692,-3.533088,-4.610000,1.076912,0.002181
96,mobley_4884177,-4.383250,-4.590000,0.206750,0.000080
96,mobley_6714389,-4.134613,-4.550000,0.415388,0.000324
96,mobley_2245668,-4.568206,-4.500000,0.068206,0.000009
96,mobley_5973402,-4.386328,-4.420000,0.033672,0.000002
96,mobley_3546460,-4.388815,-4.400000,0.011185,0.000000
96,mobley_8311303,-3.854567,-4.380000,0.525433,0.000519
96,mobley_9741965,-6.087148,-4.290000,1.797148,0.006073
96,mobley_4603202,-4.628891,-4.230000,0.398891,0.000299
96,mobley_628086,-4.231436,-4.160000,0.071436,0.000010
96,mobley_4620651,-3.671083,-4.100000,0.428917,0.000346
96,mobley_7977115,-4.342352,-4.060000,0.282352,0.000150
96,mobley_2789243,-3.812242,-4.010000,0.197759,0.000074
96,mobley_3968739,-4.135911,-3.920000,0.215911,0.000088
96,mobley_63712,-3.280844,-3.880000,0.599156,0.000675
96,mobley_1046331,-3.985335,-3.820000,0.165335,0.000051
96,mobley_1160109,-4.010603,-3.750000,0.260603,0.000128
96,mobley_4149784,-3.351027,-3.670000,0.318973,0.000191
96,mobley_397645,-3.981831,-3.640000,0.341831,0.000220
96,mobley_4690963,-4.559210,-3.540000,1.019210,0.001953
96,mobley_1967551,-3.663100,-3.500000,0.163100,0.000050
96,mobley_6733657,-3.103440,-3.440000,0.336560,0.000213
96,mobley_9565165,-3.628602,-3.350000,0.278602,0.000146
96,mobley_2487143,-3.207768,-3.280000,0.072232,0.000010
96,mobley_8449031,-2.748948,-3.220000,0.471052,0.000417
96,mobley_172879,-3.458516,-3.150000,0.308516,0.000179
96,mobley_5346580,-2.171412,-3.110000,0.938588,0.001657
96,mobley_3573480,-3.023238,-3.040000,0.016762,0.000001
96,mobley_1075836,-2.964420,-2.930000,0.034420,0.000002
96,mobley_6102880,-4.388879,-2.870000,1.518879,0.004338
96,mobley_1827204,-2.697796,-2.810000,0.112204,0.000024
96,mobley_2146331,-1.981021,-2.750000,0.768979,0.001112
96,mobley_7943327,-2.620791,-2.680000,0.059209,0.000007
96,mobley_5110043,-2.710554,-2.630000,0.080554,0.000012
96,mobley_5616693,-2.952075,-2.530000,0.422075,0.000335
96,mobley_6619554,-2.383211,-2.490000,0.106789,0.000021
96,mobley_6359156,-3.750671,-2.460000,1.290671,0.003133
96,mobley_1781152,-2.224733,-2.400000,0.175267,0.000058
96,mobley_859464,-2.719504,-2.360000,0.359504,0.000243
96,mobley_7150646,-1.716664,-2.300000,0.583336,0.000640
96,mobley_1592519,-2.622736,-2.230000,0.392736,0.000290
96,mobley_5538249,-1.898377,-2.160000,0.261623,0.000129
96,mobley_6911232,-1.629326,-2.100000,0.470674,0.000417
96,mobley_3269565,-1.594123,-2.010000,0.415877,0.000325
96,mobley_2484519,-2.839804,-1.930000,0.909804,0.001557
96,mobley_7690440,-2.163434,-1.830000,0.333434,0.000209
96,mobley_3802803,-1.924780,-1.660000,0.264780,0.000132
96,mobley_1144156,-1.206089,-1.590000,0.383911,0.000277
96,mobley_2481002,-2.691214,-1.450000,1.241214,0.002897
96,mobley_2489709,-1.036175,-1.360000,0.323825,0.000197
96,mobley_5052949,-0.689001,-1.280000,0.590999,0.000657
96,mobley_2492140,-2.113093,-1.230000,0.883093,0.001466
96,mobley_7542832,-1.209431,-1.160000,0.049431,0.000005
96,mobley_7814642,-1.511150,-1.120000,0.391150,0.000288
96,mobley_1563176,-0.893932,-0.990000,0.096068,0.000017
96,mobley_1873346,-0.755951,-0.900000,0.144049,0.000039
96,mobley_3040612,-0.768272,-0.850000,0.081728,0.000013
96,mobley_4483973,-1.881765,-0.800000,1.081765,0.002201
96,mobley_9913368,-1.662551,-0.780000,0.882551,0.001465
96,mobley_1449384,-0.720580,-0.680000,0.040580,0.000003
96,mobley_7708038,-0.676615,-0.560000,0.116615,0.000026
96,mobley_8311321,0.013762,-0.500000,0.513762,0.000496
96,mobley_766666,-0.604966,-0.440000,0.164966,0.000051
96,mobley_5445548,-0.593890,-0.300000,0.293890,0.000162
96,mobley_9029594,-1.098816,-0.220000,0.878816,0.001452
96,mobley_3370989,-2.009649,-0.110000,1.899649,0.006786
96,mobley_627267,-0.356703,-0.030000,0.326703,0.000201
96,mobley_6250025,0.310804,0.080000,0.230804,0.000100
96,mobley_4252724,-0.535272,0.160000,0.695272,0.000909
96,mobley_7157427,0.290603,0.290000,0.000603,0.000000
96,mobley_8885088,0.107589,0.560000,0.452411,0.000385
96,mobley_8522124,0.602016,0.710000,0.107984,0.000022
96,mobley_4678740,0.672188,1.070000,0.397812,0.000298
96,mobley_2689721,1.136730,1.230000,0.093270,0.000016
96,mobley_1662128,1.337128,1.380000,0.042872,0.000003
96,mobley_4762983,1.963252,1.660000,0.303252,0.000173
96,mobley_7732703,0.613895,1.790000,1.176105,0.002601
96,mobley_2068538,1.614289,2.000000,0.385711,0.000280
96,mobley_5157661,1.999166,2.300000,0.300834,0.000170
96,mobley_1261349,2.392552,2.510000,0.117448,0.000026
96,mobley_2328633,2.180721,2.550000,0.369279,0.000256
96,mobley_8436428,2.961370,2.830000,0.131370,0.000032
96,mobley_3060426,3.222442,2.930000,0.292442,0.000161
96,mobley_2197088,3.355161,3.160000,0.195161,0.000072
97,mobley_9534740,-21.064346,-25.469999,4.405653,0.036499
97,mobley_6239320,-22.482424,-18.059999,4.422424,0.036778
97,mobley_7794077,-14.807517,-15.460000,0.652483,0.000801
97,mobley_7415647,-13.220480,-11.950000,1.270480,0.003035
97,mobley_1728386,-11.060061,-11.000000,0.060061,0.000007
97,mobley_2269032,-10.143643,-10.210000,0.066357,0.000008
97,mobley_2913224,-7.758040,-9.940000,2.181960,0.008953
97,mobley_2659552,-9.830095,-9.760000,0.070095,0.000009
97,mobley_7176290,-9.519642,-9.620000,0.100358,0.000019
97,mobley_2295058,-9.349295,-9.510000,0.160706,0.000049
97,mobley_6055410,-9.975245,-9.400000,0.575245,0.000622
97,mobley_4639255,-9.626247,-9.300000,0.326247,0.000200
97,mobley_1417007,-5.890532,-9.010000,3.119468,0.018299
97,mobley_6115639,-9.516978,-8.700000,0.816978,0.001255
97,mobley_6353617,-7.474245,-8.260000,0.785755,0.001161
97,mobley_2725215,-9.606576,-7.980000,1.626576,0.004975
97,mobley_7039935,-7.331516,-7.670000,0.338484,0.000215
97,mobley_4059279,-6.640902,-7.580000,0.939098,0.001658
97,mobley_951560,-9.896161,-7.400000,2.496161,0.011717
97,mobley_1922649,-8.930093,-7.190000,1.740093,0.005694
97,mobley_8798016,-7.774673,-7.000000,0.774673,0.001128
97,mobley_1858644,-6.995285,-6.790000,0.205285,0.000079
97,mobley_9114381,-6.140774,-6.720000,0.579226,0.000631
97,mobley_5311804,-6.080032,-6.620000,0.539968,0.000548
97,mobley_6743808,-6.116042,-6.500000,0.383958,0.000277
97,mobley_8789864,-5.813801,-6.400000,0.586199,0.000646
97,mobley_7009711,-6.165531,-6.270000,0.104469,0.000021
97,mobley_8789465,-4.985200,-6.200000,1.214800,0.002775
97,mobley_2923700,-5.920899,-6.130000,0.209101,0.000082
97,mobley_4780078,-5.702026,-6.010000,0.307974,0.000178
97,mobley_5467162,-5.451731,-5.910000,0.458269,0.000395
97,mobley_6257907,-6.002816,-5.820000,0.182816,0.000063
97,mobley_7913234,-6.182754,-5.730000,0.452754,0.000385
97,mobley_5518547,-5.803257,-5.570000,0.233256,0.000102
97,mobley_4883284,-5.973170,-5.490000,0.483170,0.000439
97,mobley_5220185,-5.238099,-5.450000,0.211901,0.000084
97,mobley_3359593,-5.272783,-5.260000,0.012783,0.000000
97,mobley_4683624,-5.904719,-5.210000,0.694719,0.000908
97,mobley_1636752,-3.757688,-5.100000,1.342312,0.003388
97,mobley_2310185,-4.576509,-5.000000,0.423491,0.000337
97,mobley_3682850,-4.236200,-4.910000,0.673800,0.000854
97,mobley_1363784,-4.756157,-4.840000,0.083843,0.000013
97,mobley_2837389,-4.453574,-4.780000,0.326427,0.000200
97,mobley_9507933,-4.631391,-4.720000,0.088609,0.000015
97,mobley_296847,-4.925858,-4.690000,0.235857,0.000105
97,mobley_8208692,-3.500820,-4.610000,1.109180,0.002313
97,mobley_4884177,-4.237360,-4.590000,0.352640,0.000234
97,mobley_6714389,-4.032970,-4.550000,0.517030,0.000503
97,mobley_2245668,-4.554348,-4.500000,0.054348,0.000006
97,mobley_5973402,-4.374368,-4.420000,0.045632,0.000004
97,mobley_3546460,-4.357250,-4.400000,0.042750,0.000003
97,mobley_8311303,-3.803582,-4.380000,0.576418,0.000625
97,mobley_9741965,-5.783453,-4.290000,1.493453,0.004194
97,mobley_4603202,-4.526966,-4.230000,0.296966,0.000166
97,mobley_628086,-4.146115,-4.160000,0.013885,0.000000
97,mobley_4620651,-3.572535,-4.100000,0.527465,0.000523
97,mobley_7977115,-4.296289,-4.060000,0.236290,0.000105
97,mobley_2789243,-3.806717,-4.010000,0.203283,0.000078
97,mobley_3968739,-4.091721,-3.920000,0.171721,0.000055
97,mobley_63712,-3.105451,-3.880000,0.774549,0.001128
97,mobley_1046331,-3.965470,-3.820000,0.145470,0.000040
97,mobley_1160109,-3.777054,-3.750000,0.027054,0.000001
97,mobley_4149784,-3.343822,-3.670000,0.326179,0.000200
97,mobley_397645,-3.950382,-3.640000,0.310382,0.000181
97,mobley_4690963,-4.391640,-3.540000,0.851640,0.001364
97,mobley_1967551,-3.602659,-3.500000,0.102659,0.000020
97,mobley_6733657,-2.719112,-3.440000,0.720888,0.000977
97,mobley_9565165,-3.614210,-3.350000,0.264210,0.000131
97,mobley_2487143,-3.045438,-3.280000,0.234562,0.000103
97,mobley_8449031,-2.575497,-3.220000,0.644503,0.000781
97,mobley_172879,-3.354813,-3.150000,0.204813,0.000079
97,mobley_5346580,-1.958634,-3.110000,1.151366,0.002493
97,mobley_3573480,-2.853858,-3.040000,0.186142,0.000065
97,mobley_1075836,-2.892449,-2.930000,0.037551,0.000003
97,mobley_6102880,-4.317681,-2.870000,1.447681,0.003941
97,mobley_1827204,-2.650691,-2.810000,0.159309,0.000048
97,mobley_2146331,-2.005296,-2.750000,0.744704,0.001043
97,mobley_7943327,-2.542473,-2.680000,0.137527,0.000036
97,mobley_5110043,-2.655725,-2.630000,0.025725,0.000001
97,mobley_5616693,-2.765757,-2.530000,0.235757,0.000105
97,mobley_6619554,-2.271719,-2.490000,0.218282,0.000090
97,mobley_6359156,-3.759034,-2.460000,1.299034,0.003173
97,mobley_1781152,-2.068362,-2.400000,0.331638,0.000207
97,mobley_859464,-2.600660,-2.360000,0.240660,0.000109
97,mobley_7150646,-1.727778,-2.300000,0.572222,0.000616
97,mobley_1592519,-2.501993,-2.230000,0.271993,0.000139
97,mobley_5538249,-1.930740,-2.160000,0.229260,0.000099
97,mobley_6911232,-1.549952,-2.100000,0.550048,0.000569
97,mobley_3269565,-1.436572,-2.010000,0.573428,0.000618
97,mobley_2484519,-2.742170,-1.930000,0.812170,0.001240
97,mobley_7690440,-1.987907,-1.830000,0.157907,0.000047
97,mobley_3802803,-1.797642,-1.660000,0.137642,0.000036
97,mobley_1144156,-1.100200,-1.590000,0.489800,0.000451
97,mobley_2481002,-2.648969,-1.450000,1.198969,0.002703
97,mobley_2489709,-1.017136,-1.360000,0.342864,0.000221
97,mobley_5052949,-0.612703,-1.280000,0.667297,0.000837
97,mobley_2492140,-2.040688,-1.230000,0.810688,0.001236
97,mobley_7542832,-1.142578,-1.160000,0.017422,0.000001
97,mobley_7814642,-1.551516,-1.120000,0.431516,0.000350
97,mobley_1563176,-0.867094,-0.990000,0.122906,0.000028
97,mobley_1873346,-0.712288,-0.900000,0.187712,0.000066
97,mobley_3040612,-0.677225,-0.850000,0.172775,0.000056
97,mobley_4483973,-1.853739,-0.800000,1.053739,0.002088
97,mobley_9913368,-1.674677,-0.780000,0.894677,0.001505
97,mobley_1449384,-0.630005,-0.680000,0.049995,0.000005
97,mobley_7708038,-0.633225,-0.560000,0.073225,0.000010
97,mobley_8311321,0.025621,-0.500000,0.525621,0.000520
97,mobley_766666,-0.583173,-0.440000,0.143173,0.000039
97,mobley_5445548,-0.549870,-0.300000,0.249870,0.000117
97,mobley_9029594,-1.025460,-0.220000,0.805460,0.001220
97,mobley_3370989,-1.918270,-0.110000,1.808270,0.006149
97,mobley_627267,-0.303053,-0.030000,0.273053,0.000140
97,mobley_6250025,0.349990,0.080000,0.269990,0.000137
97,mobley_4252724,-0.467717,0.160000,0.627717,0.000741
97,mobley_7157427,0.403862,0.290000,0.113862,0.000024
97,mobley_8885088,0.116720,0.560000,0.443280,0.000370
97,mobley_8522124,0.617221,0.710000,0.092779,0.000016
97,mobley_4678740,0.883857,1.070000,0.186143,0.000065
97,mobley_2689721,1.165905,1.230000,0.064095,0.000008
97,mobley_1662128,1.343952,1.380000,0.036048,0.000002
97,mobley_4762983,2.009283,1.660000,0.349283,0.000229
97,mobley_7732703,0.618366,1.790000,1.171634,0.002581
97,mobley_2068538,1.613780,2.000000,0.386220,0.000280
97,mobley_5157661,2.005334,2.300000,0.294666,0.000163
97,mobley_1261349,2.453893,2.510000,0.056107,0.000006
97,mobley_2328633,2.255791,2.550000,0.294209,0.000163
97,mobley_8436428,2.992474,2.830000,0.162474,0.000050
97,mobley_3060426,3.358333,2.930000,0.428333,0.000345
97,mobley_2197088,3.422625,3.160000,0.262625,0.000130
98,mobley_9534740,-20.912226,-25.469999,4.557774,0.039063
98,mobley_6239320,-22.580681,-18.059999,4.520681,0.038430
98,mobley_7794077,-14.892063,-15.460000,0.567937,0.000607
98,mobley_7415647,-13.195718,-11.950000,1.245718,0.002918
98,mobley_1728386,-11.007902,-11.000000,0.007902,0.000000
98,mobley_2269032,-10.010831,-10.210000,0.199169,0.000075
98,mobley_2913224,-7.722470,-9.940000,2.217529,0.009247
98,mobley_2659552,-9.797904,-9.760000,0.037904,0.000003
98,mobley_7176290,-9.477557,-9.620000,0.142443,0.000038
98,mobley_2295058,-9.280809,-9.510000,0.229191,0.000099
98,mobley_6055410,-9.989330,-9.400000,0.589331,0.000653
98,mobley_4639255,-9.566302,-9.300000,0.266302,0.000133
98,mobley_1417007,-6.147514,-9.010000,2.862486,0.015408
98,mobley_6115639,-9.572296,-8.700000,0.872296,0.001431
98,mobley_6353617,-7.494040,-8.260000,0.765960,0.001103
98,mobley_2725215,-9.592036,-7.980000,1.612036,0.004887
98,mobley_7039935,-7.244845,-7.670000,0.425155,0.000340
98,mobley_4059279,-6.610796,-7.580000,0.969204,0.001766
98,mobley_951560,-9.750440,-7.400000,2.350440,0.010389
98,mobley_1922649,-9.052575,-7.190000,1.862575,0.006524
98,mobley_8798016,-7.694577,-7.000000,0.694577,0.000907
98,mobley_1858644,-6.996119,-6.790000,0.206120,0.000080
98,mobley_9114381,-6.115877,-6.720000,0.604123,0.000686
98,mobley_5311804,-6.071699,-6.620000,0.548301,0.000565
98,mobley_6743808,-6.151768,-6.500000,0.348232,0.000228
98,mobley_8789864,-5.852333,-6.400000,0.547668,0.000564
98,mobley_7009711,-6.153118,-6.270000,0.116882,0.000026
98,mobley_8789465,-5.012005,-6.200000,1.187994,0.002654
98,mobley_2923700,-5.966868,-6.130000,0.163132,0.000050
98,mobley_4780078,-5.728010,-6.010000,0.281991,0.000150
98,mobley_5467162,-5.516533,-5.910000,0.393466,0.000291
98,mobley_6257907,-5.982463,-5.820000,0.162463,0.000050
98,mobley_7913234,-6.228027,-5.730000,0.498027,0.000466
98,mobley_5518547,-5.854109,-5.570000,0.284109,0.000152
98,mobley_4883284,-5.976418,-5.490000,0.486419,0.000445
98,mobley_5220185,-5.207033,-5.450000,0.242967,0.000111
98,mobley_3359593,-5.404902,-5.260000,0.144901,0.000039
98,mobley_4683624,-5.973526,-5.210000,0.763525,0.001096
98,mobley_1636752,-3.777565,-5.100000,1.322435,0.003289
98,mobley_2310185,-4.616213,-5.000000,0.383787,0.000277
98,mobley_3682850,-4.285185,-4.910000,0.624815,0.000734
98,mobley_1363784,-4.764270,-4.840000,0.075730,0.000011
98,mobley_2837389,-4.425063,-4.780000,0.354937,0.000237
98,mobley_9507933,-4.644005,-4.720000,0.075994,0.000011
98,mobley_296847,-4.894007,-4.690000,0.204007,0.000078
98,mobley_8208692,-3.561255,-4.610000,1.048745,0.002068
98,mobley_4884177,-4.269136,-4.590000,0.320864,0.000194
98,mobley_6714389,-4.032568,-4.550000,0.517432,0.000503
98,mobley_2245668,-4.587062,-4.500000,0.087062,0.000014
98,mobley_5973402,-4.420191,-4.420000,0.000191,0.000000
98,mobley_3546460,-4.461735,-4.400000,0.061735,0.000007
98,mobley_8311303,-3.820542,-4.380000,0.559458,0.000589
98,mobley_9741965,-5.824737,-4.290000,1.534737,0.004429
98,mobley_4603202,-4.492277,-4.230000,0.262277,0.000129
98,mobley_628086,-4.208138,-4.160000,0.048138,0.000004
98,mobley_4620651,-3.589441,-4.100000,0.510559,0.000490
98,mobley_7977115,-4.396665,-4.060000,0.336665,0.000213
98,mobley_2789243,-3.753858,-4.010000,0.256143,0.000123
98,mobley_3968739,-4.040943,-3.920000,0.120943,0.000028
98,mobley_63712,-3.139746,-3.880000,0.740254,0.001030
98,mobley_1046331,-3.939075,-3.820000,0.119075,0.000027
98,mobley_1160109,-3.888217,-3.750000,0.138217,0.000036
98,mobley_4149784,-3.181016,-3.670000,0.488984,0.000450
98,mobley_397645,-3.912031,-3.640000,0.272031,0.000139
98,mobley_4690963,-4.420929,-3.540000,0.880929,0.001459
98,mobley_1967551,-3.663050,-3.500000,0.163050,0.000050
98,mobley_6733657,-2.904697,-3.440000,0.535303,0.000539
98,mobley_9565165,-3.582587,-3.350000,0.232587,0.000102
98,mobley_2487143,-3.212675,-3.280000,0.067325,0.000009
98,mobley_8449031,-2.626751,-3.220000,0.593249,0.000662
98,mobley_172879,-3.286128,-3.150000,0.136128,0.000035
98,mobley_5346580,-2.071737,-3.110000,1.038263,0.002027
98,mobley_3573480,-3.044944,-3.040000,0.004944,0.000000
98,mobley_1075836,-2.908994,-2.930000,0.021006,0.000001
98,mobley_6102880,-4.284563,-2.870000,1.414563,0.003763
98,mobley_1827204,-2.753073,-2.810000,0.056927,0.000006
98,mobley_2146331,-2.071006,-2.750000,0.678994,0.000867
98,mobley_7943327,-2.595041,-2.680000,0.084959,0.000014
98,mobley_5110043,-2.620749,-2.630000,0.009252,0.000000
98,mobley_5616693,-2.864142,-2.530000,0.334142,0.000210
98,mobley_6619554,-2.394269,-2.490000,0.095731,0.000017
98,mobley_6359156,-3.679306,-2.460000,1.219306,0.002796
98,mobley_1781152,-2.087979,-2.400000,0.312021,0.000183
98,mobley_859464,-2.646075,-2.360000,0.286075,0.000154
98,mobley_7150646,-1.725248,-2.300000,0.574752,0.000621
98,mobley_1592519,-2.620866,-2.230000,0.390866,0.000287
98,mobley_5538249,-1.873105,-2.160000,0.286896,0.000155
98,mobley_6911232,-1.586385,-2.100000,0.513615,0.000496
98,mobley_3269565,-1.485193,-2.010000,0.524807,0.000518
98,mobley_2484519,-2.750167,-1.930000,0.820167,0.001265
98,mobley_7690440,-2.092572,-1.830000,0.262572,0.000130
98,mobley_3802803,-1.862566,-1.660000,0.202566,0.000077
98,mobley_1144156,-1.169552,-1.590000,0.420448,0.000332
98,mobley_2481002,-2.639472,-1.450000,1.189472,0.002661
98,mobley_2489709,-1.085123,-1.360000,0.274877,0.000142
98,mobley_5052949,-0.736185,-1.280000,0.543815,0.000556
98,mobley_2492140,-2.093233,-1.230000,0.863233,0.001401
98,mobley_7542832,-1.216938,-1.160000,0.056938,0.000006
98,mobley_7814642,-1.538001,-1.120000,0.418001,0.000329
98,mobley_1563176,-0.966763,-0.990000,0.023237,0.000001
98,mobley_1873346,-0.729591,-0.900000,0.170409,0.000055
98,mobley_3040612,-0.697192,-0.850000,0.152808,0.000044
98,mobley_4483973,-1.864127,-0.800000,1.064127,0.002129
98,mobley_9913368,-1.642431,-0.780000,0.862432,0.001399
98,mobley_1449384,-0.656055,-0.680000,0.023945,0.000001
98,mobley_7708038,-0.710216,-0.560000,0.150216,0.000042
98,mobley_8311321,0.031762,-0.500000,0.531762,0.000532
98,mobley_766666,-0.581804,-0.440000,0.141804,0.000038
98,mobley_5445548,-0.577928,-0.300000,0.277928,0.000145
98,mobley_9029594,-1.066536,-0.220000,0.846536,0.001348
98,mobley_3370989,-1.931482,-0.110000,1.821482,0.006239
98,mobley_627267,-0.385387,-0.030000,0.355387,0.000238
98,mobley_6250025,0.186174,0.080000,0.106174,0.000021
98,mobley_4252724,-0.512142,0.160000,0.672142,0.000850
98,mobley_7157427,0.251904,0.290000,0.038096,0.000003
98,mobley_8885088,0.030976,0.560000,0.529024,0.000526
98,mobley_8522124,0.473127,0.710000,0.236873,0.000106
98,mobley_4678740,0.747221,1.070000,0.322779,0.000196
98,mobley_2689721,1.061155,1.230000,0.168845,0.000054
98,mobley_1662128,1.258059,1.380000,0.121941,0.000028
98,mobley_4762983,1.830226,1.660000,0.170226,0.000054
98,mobley_7732703,0.627139,1.790000,1.162861,0.002543
98,mobley_2068538,1.556028,2.000000,0.443972,0.000371
98,mobley_5157661,1.940442,2.300000,0.359558,0.000243
98,mobley_1261349,2.353778,2.510000,0.156222,0.000046
98,mobley_2328633,2.052499,2.550000,0.497501,0.000465
98,mobley_8436428,2.893023,2.830000,0.063023,0.000007
98,mobley_3060426,3.170026,2.930000,0.240026,0.000108
98,mobley_2197088,3.193182,3.160000,0.033182,0.000002
99,mobley_9534740,-20.826593,-25.469999,4.643406,0.040545
99,mobley_6239320,-22.270815,-18.059999,4.210815,0.033342
99,mobley_7794077,-14.640474,-15.460000,0.819526,0.001263
99,mobley_7415647,-13.112266,-11.950000,1.162266,0.002540
99,mobley_1728386,-10.911338,-11.000000,0.088662,0.000015
99,mobley_2269032,-9.881235,-10.210000,0.328765,0.000203
99,mobley_2913224,-7.656095,-9.940000,2.283905,0.009809
99,mobley_2659552,-9.638337,-9.760000,0.121663,0.000028
99,mobley_7176290,-9.447755,-9.620000,0.172245,0.000056
99,mobley_2295058,-9.221192,-9.510000,0.288808,0.000157
99,mobley_6055410,-9.873405,-9.400000,0.473405,0.000421
99,mobley_4639255,-9.562523,-9.300000,0.262523,0.000130
99,mobley_1417007,-6.015081,-9.010000,2.994919,0.016867
99,mobley_6115639,-9.469330,-8.700000,0.769330,0.001113
99,mobley_6353617,-7.409487,-8.260000,0.850513,0.001360
99,mobley_2725215,-9.359245,-7.980000,1.379245,0.003577
99,mobley_7039935,-7.130382,-7.670000,0.539618,0.000548
99,mobley_4059279,-6.463193,-7.580000,1.116807,0.002345
99,mobley_951560,-9.678448,-7.400000,2.278448,0.009762
99,mobley_1922649,-8.908704,-7.190000,1.718704,0.005555
99,mobley_8798016,-7.612362,-7.000000,0.612362,0.000705
99,mobley_1858644,-6.912991,-6.790000,0.122991,0.000028
99,mobley_9114381,-6.072264,-6.720000,0.647736,0.000789
99,mobley_5311804,-6.004426,-6.620000,0.615574,0.000713
99,mobley_6743808,-5.994402,-6.500000,0.505598,0.000481
99,mobley_8789864,-5.654891,-6.400000,0.745109,0.001044
99,mobley_7009711,-5.980270,-6.270000,0.289730,0.000158
99,mobley_8789465,-4.908334,-6.200000,1.291666,0.003137
99,mobley_2923700,-5.859089,-6.130000,0.270911,0.000138
99,mobley_4780078,-5.579339,-6.010000,0.430662,0.000349
99,mobley_5467162,-5.350589,-5.910000,0.559411,0.000588
99,mobley_6257907,-5.919729,-5.820000,0.099729,0.000019
99,mobley_7913234,-6.164520,-5.730000,0.434520,0.000355
99,mobley_5518547,-5.733883,-5.570000,0.163883,0.000051
99,mobley_4883284,-5.908122,-5.490000,0.418122,0.000329
99,mobley_5220185,-5.110118,-5.450000,0.339881,0.000217
99,mobley_3359593,-5.285503,-5.260000,0.025503,0.000001
99,mobley_4683624,-5.859415,-5.210000,0.649415,0.000793
99,mobley_1636752,-3.749207,-5.100000,1.350793,0.003431
99,mobley_2310185,-4.600960,-5.000000,0.399040,0.000299
99,mobley_3682850,-4.237624,-4.910000,0.672376,0.000850
99,mobley_1363784,-4.624707,-4.840000,0.215293,0.000087
99,mobley_2837389,-4.316414,-4.780000,0.463586,0.000404
99,mobley_9507933,-4.484646,-4.720000,0.235353,0.000104
99,mobley_296847,-4.836774,-4.690000,0.146774,0.000041
99,mobley_8208692,-3.481162,-4.610000,1.128838,0.002396
99,mobley_4884177,-4.180178,-4.590000,0.409822,0.000316
99,mobley_6714389,-4.004014,-4.550000,0.545986,0.000561
99,mobley_2245668,-4.531904,-4.500000,0.031904,0.000002
99,mobley_5973402,-4.351883,-4.420000,0.068117,0.000009
99,mobley_3546460,-4.408207,-4.400000,0.008207,0.000000
99,mobley_8311303,-3.717491,-4.380000,0.662509,0.000825
99,mobley_9741965,-5.719162,-4.290000,1.429162,0.003841
99,mobley_4603202,-4.438913,-4.230000,0.208913,0.000082
99,mobley_628086,-4.119669,-4.160000,0.040330,0.000003
99,mobley_4620651,-3.528457,-4.100000,0.571543,0.000614
99,mobley_7977115,-4.323968,-4.060000,0.263968,0.000131
99,mobley_2789243,-3.664054,-4.010000,0.345946,0.000225
99,mobley_3968739,-3.977901,-3.920000,0.057901,0.000006
99,mobley_63712,-3.066557,-3.880000,0.813443,0.001244
99,mobley_1046331,-3.883821,-3.820000,0.063821,0.000008
99,mobley_1160109,-3.728533,-3.750000,0.021467,0.000001
99,mobley_4149784,-3.022226,-3.670000,0.647774,0.000789
99,mobley_397645,-3.858333,-3.640000,0.218333,0.000090
99,mobley_4690963,-4.377923,-3.540000,0.837924,0.001320
99,mobley_1967551,-3.609826,-3.500000,0.109826,0.000023
99,mobley_6733657,-2.810428,-3.440000,0.629572,0.000745
99,mobley_9565165,-3.376906,-3.350000,0.026906,0.000001
99,mobley_2487143,-3.096504,-3.280000,0.183496,0.000063
99,mobley_8449031,-2.559958,-3.220000,0.660042,0.000819
99,mobley_172879,-3.163638,-3.150000,0.013638,0.000000
99,mobley_5346580,-1.948893,-3.110000,1.161107,0.002535
99,mobley_3573480,-2.924772,-3.040000,0.115228,0.000025
99,mobley_1075836,-2.854495,-2.930000,0.075505,0.000011
99,mobley_6102880,-4.168634,-2.870000,1.298634,0.003171
99,mobley_1827204,-2.691159,-2.810000,0.118841,0.000027
99,mobley_2146331,-1.980515,-2.750000,0.769485,0.001113
99,mobley_7943327,-2.538401,-2.680000,0.141599,0.000038
99,mobley_5110043,-2.390704,-2.630000,0.239296,0.000108
99,mobley_5616693,-2.754709,-2.530000,0.224709,0.000095
99,mobley_6619554,-2.308881,-2.490000,0.181119,0.000062
99,mobley_6359156,-3.529958,-2.460000,1.069958,0.002153
99,mobley_1781152,-1.962044,-2.400000,0.437956,0.000361
99,mobley_859464,-2.544869,-2.360000,0.184869,0.000064
99,mobley_7150646,-1.585652,-2.300000,0.714348,0.000960
99,mobley_1592519,-2.543823,-2.230000,0.313823,0.000185
99,mobley_5538249,-1.798503,-2.160000,0.361497,0.000246
99,mobley_6911232,-1.552748,-2.100000,0.547252,0.000563
99,mobley_3269565,-1.425941,-2.010000,0.584059,0.000641
99,mobley_2484519,-2.665936,-1.930000,0.735936,0.001018
99,mobley_7690440,-1.983276,-1.830000,0.153275,0.000044
99,mobley_3802803,-1.792035,-1.660000,0.132035,0.000033
99,mobley_1144156,-1.137758,-1.590000,0.452242,0.000385
99,mobley_2481002,-2.604181,-1.450000,1.154181,0.002505
99,mobley_2489709,-1.004864,-1.360000,0.355136,0.000237
99,mobley_5052949,-0.658074,-1.280000,0.621926,0.000727
99,mobley_2492140,-2.007901,-1.230000,0.777901,0.001138
99,mobley_7542832,-1.156063,-1.160000,0.003937,0.000000
99,mobley_7814642,-1.471263,-1.120000,0.351263,0.000232
99,mobley_1563176,-0.904057,-0.990000,0.085943,0.000014
99,mobley_1873346,-0.609109,-0.900000,0.290891,0.000159
99,mobley_3040612,-0.569073,-0.850000,0.280927,0.000148
99,mobley_4483973,-1.800748,-0.800000,1.000748,0.001883
99,mobley_9913368,-1.618674,-0.780000,0.838674,0.001323
99,mobley_1449384,-0.488795,-0.680000,0.191205,0.000069
99,mobley_7708038,-0.639389,-0.560000,0.079389,0.000012
99,mobley_8311321,0.061227,-0.500000,0.561227,0.000592
99,mobley_766666,-0.555623,-0.440000,0.115623,0.000025
99,mobley_5445548,-0.458643,-0.300000,0.158643,0.000047
99,mobley_9029594,-1.023937,-0.220000,0.803937,0.001215
99,mobley_3370989,-1.886950,-0.110000,1.776950,0.005938
99,mobley_627267,-0.294014,-0.030000,0.264014,0.000131
99,mobley_6250025,0.291533,0.080000,0.211533,0.000084
99,mobley_4252724,-0.372615,0.160000,0.532615,0.000533
99,mobley_7157427,0.323850,0.290000,0.033850,0.000002
99,mobley_8885088,0.102731,0.560000,0.457269,0.000393
99,mobley_8522124,0.597445,0.710000,0.112555,0.000024
99,mobley_4678740,0.929958,1.070000,0.140042,0.000037
99,mobley_2689721,1.115765,1.230000,0.114235,0.000025
99,mobley_1662128,1.340739,1.380000,0.039261,0.000003
99,mobley_4762983,1.937603,1.660000,0.277603,0.000145
99,mobley_7732703,0.642608,1.790000,1.147392,0.002476
99,mobley_2068538,1.605135,2.000000,0.394865,0.000293
99,mobley_5157661,2.016272,2.300000,0.283728,0.000151
99,mobley_1261349,2.485519,2.510000,0.024481,0.000001
99,mobley_2328633,2.150569,2.550000,0.399431,0.000300
99,mobley_8436428,2.994264,2.830000,0.164264,0.000051
99,mobley_3060426,3.337840,2.930000,0.407840,0.000313
99,mobley_2197088,3.292901,3.160000,0.132901,0.000033
100,mobley_9534740,-20.894981,-25.469999,4.575018,0.039359
100,mobley_6239320,-22.465729,-18.059999,4.405729,0.036500
100,mobley_7794077,-14.801654,-15.460000,0.658346,0.000815
100,mobley_7415647,-13.080560,-11.950000,1.130560,0.002404
100,mobley_1728386,-11.006209,-11.000000,0.006209,0.000000
100,mobley_2269032,-9.931231,-10.210000,0.278769,0.000146
100,mobley_2913224,-7.671767,-9.940000,2.268233,0.009675
100,mobley_2659552,-9.639810,-9.760000,0.120191,0.000027
100,mobley_7176290,-9.440847,-9.620000,0.179152,0.000060
100,mobley_2295058,-9.216839,-9.510000,0.293161,0.000162
100,mobley_6055410,-9.903054,-9.400000,0.503055,0.000476
100,mobley_4639255,-9.550816,-9.300000,0.250815,0.000118
100,mobley_1417007,-6.069992,-9.010000,2.940009,0.016254
100,mobley_6115639,-9.416264,-8.700000,0.716264,0.000965
100,mobley_6353617,-7.469785,-8.260000,0.790215,0.001174
100,mobley_2725215,-9.478933,-7.980000,1.498933,0.004225
100,mobley_7039935,-7.139918,-7.670000,0.530082,0.000528
100,mobley_4059279,-6.516623,-7.580000,1.063377,0.002126
100,mobley_951560,-9.718765,-7.400000,2.318765,0.010111
100,mobley_1922649,-8.830967,-7.190000,1.640967,0.005064
100,mobley_8798016,-7.692651,-7.000000,0.692651,0.000902
100,mobley_1858644,-6.917626,-6.790000,0.127626,0.000031
100,mobley_9114381,-6.064103,-6.720000,0.655897,0.000809
100,mobley_5311804,-6.010106,-6.620000,0.609894,0.000699
100,mobley_6743808,-6.017845,-6.500000,0.482155,0.000437
100,mobley_8789864,-5.666813,-6.400000,0.733187,0.001011
100,mobley_7009711,-6.009826,-6.270000,0.260174,0.000127
100,mobley_8789465,-4.935935,-6.200000,1.264065,0.003005
100,mobley_2923700,-5.876533,-6.130000,0.253467,0.000121
100,mobley_4780078,-5.607612,-6.010000,0.402389,0.000304
100,mobley_5467162,-5.396656,-5.910000,0.513344,0.000496
100,mobley_6257907,-5.933005,-5.820000,0.113005,0.000024
100,mobley_7913234,-6.175475,-5.730000,0.445475,0.000373
100,mobley_5518547,-5.753681,-5.570000,0.183681,0.000063
100,mobley_4883284,-5.908117,-5.490000,0.418117,0.000329
100,mobley_5220185,-5.181468,-5.450000,0.268531,0.000136
100,mobley_3359593,-5.306732,-5.260000,0.046732,0.000004
100,mobley_4683624,-5.885559,-5.210000,0.675559,0.000858
100,mobley_1636752,-3.721952,-5.100000,1.378048,0.003571
100,mobley_2310185,-4.591969,-5.000000,0.408031,0.000313
100,mobley_3682850,-4.267982,-4.910000,0.642018,0.000775
100,mobley_1363784,-4.695943,-4.840000,0.144057,0.000039
100,mobley_2837389,-4.334223,-4.780000,0.445777,0.000374
100,mobley_9507933,-4.560097,-4.720000,0.159903,0.000048
100,mobley_296847,-4.894768,-4.690000,0.204768,0.000079
100,mobley_8208692,-3.635263,-4.610000,0.974737,0.001787
100,mobley_4884177,-4.248915,-4.590000,0.341085,0.000219
100,mobley_6714389,-3.970877,-4.550000,0.579123,0.000631
100,mobley_2245668,-4.552573,-4.500000,0.052573,0.000005
100,mobley_5973402,-4.377278,-4.420000,0.042722,0.000003
100,mobley_3546460,-4.427256,-4.400000,0.027256,0.000001
100,mobley_8311303,-3.880726,-4.380000,0.499274,0.000469
100,mobley_9741965,-5.724371,-4.290000,1.434371,0.003869
100,mobley_4603202,-4.461616,-4.230000,0.231616,0.000101
100,mobley_628086,-4.184557,-4.160000,0.024557,0.000001
100,mobley_4620651,-3.547227,-4.100000,0.552773,0.000575
100,mobley_7977115,-4.360669,-4.060000,0.300669,0.000170
100,mobley_2789243,-3.739072,-4.010000,0.270928,0.000138
100,mobley_3968739,-3.974920,-3.920000,0.054920,0.000006
100,mobley_63712,-3.090057,-3.880000,0.789943,0.001173
100,mobley_1046331,-3.878469,-3.820000,0.058470,0.000006
100,mobley_1160109,-3.809623,-3.750000,0.059623,0.000007
100,mobley_4149784,-3.058211,-3.670000,0.611789,0.000704
100,mobley_397645,-3.843230,-3.640000,0.203230,0.000078
100,mobley_4690963,-4.373839,-3.540000,0.833839,0.001307
100,mobley_1967551,-3.618530,-3.500000,0.118530,0.000026
100,mobley_6733657,-2.836293,-3.440000,0.603707,0.000685
100,mobley_9565165,-3.396427,-3.350000,0.046427,0.000004
100,mobley_2487143,-3.157133,-3.280000,0.122867,0.000028
100,mobley_8449031,-2.589220,-3.220000,0.630780,0.000748
100,mobley_172879,-3.170484,-3.150000,0.020484,0.000001
100,mobley_5346580,-2.023252,-3.110000,1.086748,0.002221
100,mobley_3573480,-2.988551,-3.040000,0.051449,0.000005
100,mobley_1075836,-2.851943,-2.930000,0.078057,0.000011
100,mobley_6102880,-4.170410,-2.870000,1.300410,0.003180
100,mobley_1827204,-2.719249,-2.810000,0.090751,0.000015
100,mobley_2146331,-1.992214,-2.750000,0.757786,0.001080
100,mobley_7943327,-2.523746,-2.680000,0.156254,0.000046
100,mobley_5110043,-2.434986,-2.630000,0.195014,0.000072
100,mobley_5616693,-2.828042,-2.530000,0.298042,0.000167
100,mobley_6619554,-2.311071,-2.490000,0.178929,0.000060
100,mobley_6359156,-3.581181,-2.460000,1.121181,0.002364
100,mobley_1781152,-2.007052,-2.400000,0.392948,0.000290
100,mobley_859464,-2.550217,-2.360000,0.190217,0.000068
100,mobley_7150646,-1.640747,-2.300000,0.659253,0.000817
100,mobley_1592519,-2.555330,-2.230000,0.325330,0.000199
100,mobley_5538249,-1.869619,-2.160000,0.290381,0.000159
100,mobley_6911232,-1.543313,-2.100000,0.556687,0.000583
100,mobley_3269565,-1.427345,-2.010000,0.582655,0.000638
100,mobley_2484519,-2.680029,-1.930000,0.750029,0.001058
100,mobley_7690440,-1.979286,-1.830000,0.149286,0.000042
100,mobley_3802803,-1.809680,-1.660000,0.149680,0.000042
100,mobley_1144156,-1.122859,-1.590000,0.467141,0.000410
100,mobley_2481002,-2.618036,-1.450000,1.168036,0.002566
100,mobley_2489709,-1.066138,-1.360000,0.293862,0.000162
100,mobley_5052949,-0.695074,-1.280000,0.584926,0.000643
100,mobley_2492140,-2.059134,-1.230000,0.829134,0.001293
100,mobley_7542832,-1.167033,-1.160000,0.007033,0.000000
100,mobley_7814642,-1.544906,-1.120000,0.424906,0.000340
100,mobley_1563176,-0.933871,-0.990000,0.056129,0.000006
100,mobley_1873346,-0.622085,-0.900000,0.277915,0.000145
100,mobley_3040612,-0.589153,-0.850000,0.260847,0.000128
100,mobley_4483973,-1.802329,-0.800000,1.002329,0.001889
100,mobley_9913368,-1.642481,-0.780000,0.862481,0.001399
100,mobley_1449384,-0.525661,-0.680000,0.154339,0.000045
100,mobley_7708038,-0.664790,-0.560000,0.104790,0.000021
100,mobley_8311321,0.058957,-0.500000,0.558957,0.000588
100,mobley_766666,-0.578687,-0.440000,0.138687,0.000036
100,mobley_5445548,-0.479095,-0.300000,0.179095,0.000060
100,mobley_9029594,-1.017207,-0.220000,0.797207,0.001195
100,mobley_3370989,-1.885503,-0.110000,1.775503,0.005928
100,mobley_627267,-0.337827,-0.030000,0.307827,0.000178
100,mobley_6250025,0.251039,0.080000,0.171039,0.000055
100,mobley_4252724,-0.405823,0.160000,0.565823,0.000602
100,mobley_7157427,0.289928,0.290000,0.000071,0.000000
100,mobley_8885088,0.102907,0.560000,0.457093,0.000393
100,mobley_8522124,0.556720,0.710000,0.153280,0.000044
100,mobley_4678740,0.878914,1.070000,0.191086,0.000069
100,mobley_2689721,1.105014,1.230000,0.124986,0.000029
100,mobley_1662128,1.315678,1.380000,0.064322,0.000008
100,mobley_4762983,1.897970,1.660000,0.237970,0.000106
100,mobley_7732703,0.636920,1.790000,1.153080,0.002500
100,mobley_2068538,1.593249,2.000000,0.406751,0.000311
100,mobley_5157661,1.995481,2.300000,0.304519,0.000174
100,mobley_1261349,2.428593,2.510000,0.081407,0.000012
100,mobley_2328633,2.114681,2.550000,0.435319,0.000356
100,mobley_8436428,2.948549,2.830000,0.118549,0.000026
100,mobley_3060426,3.242846,2.930000,0.312846,0.000184
100,mobley_2197088,3.254602,3.160000,0.094602,0.000017
101,mobley_9534740,-20.717379,-25.469999,4.752621,0.042475
101,mobley_6239320,-22.302235,-18.059999,4.242235,0.033842
101,mobley_7794077,-14.677034,-15.460000,0.782966,0.001153
101,mobley_7415647,-13.089831,-11.950000,1.139832,0.002443
101,mobley_1728386,-10.971500,-11.000000,0.028500,0.000002
101,mobley_2269032,-9.962959,-10.210000,0.247041,0.000115
101,mobley_2913224,-7.653611,-9.940000,2.286388,0.009830
101,mobley_2659552,-9.721814,-9.760000,0.038186,0.000003
101,mobley_7176290,-9.410174,-9.620000,0.209826,0.000083
101,mobley_2295058,-9.201765,-9.510000,0.308235,0.000179
101,mobley_6055410,-9.808180,-9.400000,0.408180,0.000313
101,mobley_4639255,-9.470723,-9.300000,0.170723,0.000055
101,mobley_1417007,-6.023996,-9.010000,2.986004,0.016767
101,mobley_6115639,-9.492588,-8.700000,0.792588,0.001181
101,mobley_6353617,-7.488351,-8.260000,0.771649,0.001120
101,mobley_2725215,-9.535751,-7.980000,1.555751,0.004551
101,mobley_7039935,-7.195487,-7.670000,0.474513,0.000423
101,mobley_4059279,-6.485737,-7.580000,1.094263,0.002252
101,mobley_951560,-9.589155,-7.400000,2.189155,0.009012
101,mobley_1922649,-8.818770,-7.190000,1.628770,0.004989
101,mobley_8798016,-7.738102,-7.000000,0.738102,0.001024
101,mobley_1858644,-6.947857,-6.790000,0.157857,0.000047
101,mobley_9114381,-6.058178,-6.720000,0.661822,0.000824
101,mobley_5311804,-6.044116,-6.620000,0.575883,0.000624
101,mobley_6743808,-6.014737,-6.500000,0.485263,0.000443
101,mobley_8789864,-5.704940,-6.400000,0.695060,0.000908
101,mobley_7009711,-6.037297,-6.270000,0.232703,0.000102
101,mobley_8789465,-4.936633,-6.200000,1.263367,0.003001
101,mobley_2923700,-5.857121,-6.130000,0.272879,0.000140
101,mobley_4780078,-5.623538,-6.010000,0.386462,0.000281
101,mobley_5467162,-5.385337,-5.910000,0.524662,0.000518
101,mobley_6257907,-5.859767,-5.820000,0.039767,0.000003
101,mobley_7913234,-6.119511,-5.730000,0.389511,0.000285
101,mobley_5518547,-5.746405,-5.570000,0.176404,0.000059
101,mobley_4883284,-5.910350,-5.490000,0.420351,0.000332
101,mobley_5220185,-5.147523,-5.450000,0.302477,0.000172
101,mobley_3359593,-5.274451,-5.260000,0.014451,0.000000
101,mobley_4683624,-5.864568,-5.210000,0.654568,0.000806
101,mobley_1636752,-3.743206,-5.100000,1.356794,0.003462
101,mobley_2310185,-4.579211,-5.000000,0.420789,0.000333
101,mobley_3682850,-4.293804,-4.910000,0.616196,0.000714
101,mobley_1363784,-4.754623,-4.840000,0.085377,0.000014
101,mobley_2837389,-4.376443,-4.780000,0.403557,0.000306
101,mobley_9507933,-4.611605,-4.720000,0.108395,0.000022
101,mobley_296847,-4.948526,-4.690000,0.258526,0.000126
101,mobley_8208692,-3.490162,-4.610000,1.119838,0.002358
101,mobley_4884177,-4.281714,-4.590000,0.308286,0.000179
101,mobley_6714389,-3.992202,-4.550000,0.557798,0.000585
101,mobley_2245668,-4.533705,-4.500000,0.033705,0.000002
101,mobley_5973402,-4.355035,-4.420000,0.064965,0.000008
101,mobley_3546460,-4.385095,-4.400000,0.014905,0.000000
101,mobley_8311303,-3.779961,-4.380000,0.600039,0.000677
101,mobley_9741965,-5.701234,-4.290000,1.411234,0.003745
101,mobley_4603202,-4.458209,-4.230000,0.228209,0.000098
101,mobley_628086,-4.173523,-4.160000,0.013524,0.000000
101,mobley_4620651,-3.572624,-4.100000,0.527376,0.000523
101,mobley_7977115,-4.311486,-4.060000,0.251486,0.000119
101,mobley_2789243,-3.722779,-4.010000,0.287221,0.000155
101,mobley_3968739,-4.025964,-3.920000,0.105964,0.000021
101,mobley_63712,-3.104486,-3.880000,0.775515,0.001131
101,mobley_1046331,-3.896489,-3.820000,0.076489,0.000011
101,mobley_1160109,-3.869613,-3.750000,0.119613,0.000027
101,mobley_4149784,-2.926826,-3.670000,0.743174,0.001039
101,mobley_397645,-3.888690,-3.640000,0.248690,0.000116
101,mobley_4690963,-4.424829,-3.540000,0.884829,0.001472
101,mobley_1967551,-3.644628,-3.500000,0.144628,0.000039
101,mobley_6733657,-2.710976,-3.440000,0.729024,0.000999
101,mobley_9565165,-3.550397,-3.350000,0.200397,0.000076
101,mobley_2487143,-3.143233,-3.280000,0.136767,0.000035
101,mobley_8449031,-2.591558,-3.220000,0.628442,0.000743
101,mobley_172879,-3.147273,-3.150000,0.002727,0.000000
101,mobley_5346580,-2.033736,-3.110000,1.076264,0.002178
101,mobley_3573480,-2.973634,-3.040000,0.066366,0.000008
101,mobley_1075836,-2.868623,-2.930000,0.061377,0.000007
101,mobley_6102880,-4.208049,-2.870000,1.338049,0.003367
101,mobley_1827204,-2.719067,-2.810000,0.090933,0.000016
101,mobley_2146331,-2.059911,-2.750000,0.690089,0.000896
101,mobley_7943327,-2.529421,-2.680000,0.150579,0.000043
101,mobley_5110043,-2.575238,-2.630000,0.054762,0.000006
101,mobley_5616693,-2.830346,-2.530000,0.300346,0.000170
101,mobley_6619554,-2.302729,-2.490000,0.187271,0.000066
101,mobley_6359156,-3.547299,-2.460000,1.087299,0.002223
101,mobley_1781152,-2.047416,-2.400000,0.352584,0.000234
101,mobley_859464,-2.568938,-2.360000,0.208939,0.000082
101,mobley_7150646,-1.664587,-2.300000,0.635413,0.000759
101,mobley_1592519,-2.550476,-2.230000,0.320476,0.000193
101,mobley_5538249,-1.814259,-2.160000,0.345741,0.000225
101,mobley_6911232,-1.582439,-2.100000,0.517560,0.000504
101,mobley_3269565,-1.460292,-2.010000,0.549708,0.000568
101,mobley_2484519,-2.704781,-1.930000,0.774781,0.001129
101,mobley_7690440,-2.034968,-1.830000,0.204968,0.000079
101,mobley_3802803,-1.801251,-1.660000,0.141251,0.000038
101,mobley_1144156,-1.169631,-1.590000,0.420369,0.000332
101,mobley_2481002,-2.599799,-1.450000,1.149799,0.002486
101,mobley_2489709,-0.995817,-1.360000,0.364183,0.000249
101,mobley_5052949,-0.702662,-1.280000,0.577338,0.000627
101,mobley_2492140,-1.972633,-1.230000,0.742633,0.001037
101,mobley_7542832,-1.176190,-1.160000,0.016190,0.000000
101,mobley_7814642,-1.466987,-1.120000,0.346987,0.000226
101,mobley_1563176,-0.937818,-0.990000,0.052182,0.000005
101,mobley_1873346,-0.701954,-0.900000,0.198046,0.000074
101,mobley_3040612,-0.675115,-0.850000,0.174885,0.000058
101,mobley_4483973,-1.826058,-0.800000,1.026058,0.001980
101,mobley_9913368,-1.630384,-0.780000,0.850384,0.001360
101,mobley_1449384,-0.619269,-0.680000,0.060731,0.000007
101,mobley_7708038,-0.688707,-0.560000,0.128707,0.000031
101,mobley_8311321,0.065482,-0.500000,0.565482,0.000601
101,mobley_766666,-0.552982,-0.440000,0.112982,0.000024
101,mobley_5445548,-0.558115,-0.300000,0.258115,0.000125
101,mobley_9029594,-1.071653,-0.220000,0.851653,0.001364
101,mobley_3370989,-1.895625,-0.110000,1.785625,0.005996
101,mobley_627267,-0.360370,-0.030000,0.330370,0.000205
101,mobley_6250025,0.232440,0.080000,0.152440,0.000044
101,mobley_4252724,-0.492908,0.160000,0.652908,0.000802
101,mobley_7157427,0.304920,0.290000,0.014920,0.000000
101,mobley_8885088,0.053013,0.560000,0.506987,0.000483
101,mobley_8522124,0.521562,0.710000,0.188438,0.000067
101,mobley_4678740,0.904822,1.070000,0.165178,0.000051
101,mobley_2689721,1.077927,1.230000,0.152073,0.000043
101,mobley_1662128,1.264514,1.380000,0.115486,0.000025
101,mobley_4762983,1.841033,1.660000,0.181033,0.000062
101,mobley_7732703,0.641651,1.790000,1.148349,0.002480
101,mobley_2068538,1.586624,2.000000,0.413376,0.000321
101,mobley_5157661,1.976729,2.300000,0.323271,0.000197
101,mobley_1261349,2.396820,2.510000,0.113180,0.000024
101,mobley_2328633,2.089434,2.550000,0.460566,0.000399
101,mobley_8436428,2.923405,2.830000,0.093405,0.000016
101,mobley_3060426,3.208298,2.930000,0.278298,0.000146
101,mobley_2197088,3.248162,3.160000,0.088161,0.000015
102,mobley_9534740,-20.849680,-25.469999,4.620319,0.040143
102,mobley_6239320,-22.451492,-18.059999,4.391493,0.036265
102,mobley_7794077,-14.810431,-15.460000,0.649569,0.000793
102,mobley_7415647,-13.156734,-11.950000,1.206735,0.002738
102,mobley_1728386,-11.059911,-11.000000,0.059911,0.000007
102,mobley_2269032,-10.026003,-10.210000,0.183997,0.000064
102,mobley_2913224,-7.739584,-9.940000,2.200415,0.009105
102,mobley_2659552,-9.761954,-9.760000,0.001954,0.000000
102,mobley_7176290,-9.472770,-9.620000,0.147230,0.000041
102,mobley_2295058,-9.304158,-9.510000,0.205842,0.000080
102,mobley_6055410,-9.960677,-9.400000,0.560678,0.000591
102,mobley_4639255,-9.548648,-9.300000,0.248648,0.000116
102,mobley_1417007,-6.173944,-9.010000,2.836057,0.015125
102,mobley_6115639,-9.521406,-8.700000,0.821406,0.001269
102,mobley_6353617,-7.510666,-8.260000,0.749334,0.001056
102,mobley_2725215,-9.556747,-7.980000,1.576747,0.004675
102,mobley_7039935,-7.265622,-7.670000,0.404378,0.000307
102,mobley_4059279,-6.454277,-7.580000,1.125723,0.002383
102,mobley_951560,-9.640259,-7.400000,2.240259,0.009438
102,mobley_1922649,-8.895679,-7.190000,1.705678,0.005471
102,mobley_8798016,-7.781035,-7.000000,0.781035,0.001147
102,mobley_1858644,-6.985670,-6.790000,0.195670,0.000072
102,mobley_9114381,-6.097302,-6.720000,0.622697,0.000729
102,mobley_5311804,-6.082203,-6.620000,0.537796,0.000544
102,mobley_6743808,-6.072072,-6.500000,0.427928,0.000344
102,mobley_8789864,-5.661373,-6.400000,0.738627,0.001026
102,mobley_7009711,-6.094820,-6.270000,0.175179,0.000058
102,mobley_8789465,-5.020864,-6.200000,1.179136,0.002615
102,mobley_2923700,-5.933688,-6.130000,0.196312,0.000072
102,mobley_4780078,-5.684925,-6.010000,0.325076,0.000199
102,mobley_5467162,-5.430636,-5.910000,0.479364,0.000432
102,mobley_6257907,-5.999637,-5.820000,0.179636,0.000061
102,mobley_7913234,-6.173997,-5.730000,0.443997,0.000371
102,mobley_5518547,-5.826519,-5.570000,0.256519,0.000124
102,mobley_4883284,-5.998788,-5.490000,0.508788,0.000487
102,mobley_5220185,-5.189169,-5.450000,0.260831,0.000128
102,mobley_3359593,-5.343649,-5.260000,0.083649,0.000013
102,mobley_4683624,-5.936393,-5.210000,0.726393,0.000992
102,mobley_1636752,-3.771348,-5.100000,1.328652,0.003320
102,mobley_2310185,-4.625806,-5.000000,0.374194,0.000263
102,mobley_3682850,-4.313670,-4.910000,0.596330,0.000669
102,mobley_1363784,-4.746863,-4.840000,0.093137,0.000016
102,mobley_2837389,-4.410287,-4.780000,0.369713,0.000257
102,mobley_9507933,-4.596552,-4.720000,0.123448,0.000029
102,mobley_296847,-4.949025,-4.690000,0.259025,0.000126
102,mobley_8208692,-3.579823,-4.610000,1.030177,0.001996
102,mobley_4884177,-4.267602,-4.590000,0.322398,0.000195
102,mobley_6714389,-4.043526,-4.550000,0.506474,0.000482
102,mobley_2245668,-4.567967,-4.500000,0.067967,0.000009
102,mobley_5973402,-4.385530,-4.420000,0.034471,0.000002
102,mobley_3546460,-4.426733,-4.400000,0.026733,0.000001
102,mobley_8311303,-3.877630,-4.380000,0.502370,0.000475
102,mobley_9741965,-5.622248,-4.290000,1.332248,0.003338
102,mobley_4603202,-4.513001,-4.230000,0.283001,0.000151
102,mobley_628086,-4.167161,-4.160000,0.007162,0.000000
102,mobley_4620651,-3.600468,-4.100000,0.499532,0.000469
102,mobley_7977115,-4.353701,-4.060000,0.293701,0.000162
102,mobley_2789243,-3.778568,-4.010000,0.231432,0.000101
102,mobley_3968739,-4.060104,-3.920000,0.140104,0.000037
102,mobley_63712,-3.090503,-3.880000,0.789498,0.001172
102,mobley_1046331,-3.955212,-3.820000,0.135212,0.000034
102,mobley_1160109,-3.840599,-3.750000,0.090599,0.000015
102,mobley_4149784,-3.118550,-3.670000,0.551450,0.000572
102,mobley_397645,-3.940979,-3.640000,0.300979,0.000170
102,mobley_4690963,-4.440628,-3.540000,0.900628,0.001525
102,mobley_1967551,-3.672067,-3.500000,0.172067,0.000056
102,mobley_6733657,-2.776622,-3.440000,0.663378,0.000828
102,mobley_9565165,-3.527113,-3.350000,0.177113,0.000059
102,mobley_2487143,-3.139640,-3.280000,0.140360,0.000037
102,mobley_8449031,-2.568113,-3.220000,0.651887,0.000799
102,mobley_172879,-3.262040,-3.150000,0.112040,0.000024
102,mobley_5346580,-2.014457,-3.110000,1.095543,0.002257
102,mobley_3573480,-2.973588,-3.040000,0.066411,0.000008
102,mobley_1075836,-2.900417,-2.930000,0.029583,0.000002
102,mobley_6102880,-4.299598,-2.870000,1.429598,0.003843
102,mobley_1827204,-2.755701,-2.810000,0.054299,0.000006
102,mobley_2146331,-2.077291,-2.750000,0.672709,0.000851
102,mobley_7943327,-2.571273,-2.680000,0.108727,0.000022
102,mobley_5110043,-2.545033,-2.630000,0.084967,0.000014
102,mobley_5616693,-2.814874,-2.530000,0.284874,0.000153
102,mobley_6619554,-2.338902,-2.490000,0.151098,0.000043
102,mobley_6359156,-3.648718,-2.460000,1.188718,0.002657
102,mobley_1781152,-2.045689,-2.400000,0.354311,0.000236
102,mobley_859464,-2.585392,-2.360000,0.225392,0.000096
102,mobley_7150646,-1.715680,-2.300000,0.584319,0.000642
102,mobley_1592519,-2.587715,-2.230000,0.357715,0.000241
102,mobley_5538249,-1.897982,-2.160000,0.262018,0.000129
102,mobley_6911232,-1.597318,-2.100000,0.502682,0.000475
102,mobley_3269565,-1.465079,-2.010000,0.544921,0.000558
102,mobley_2484519,-2.727556,-1.930000,0.797557,0.001196
102,mobley_7690440,-2.029191,-1.830000,0.199191,0.000075
102,mobley_3802803,-1.778807,-1.660000,0.118807,0.000027
102,mobley_1144156,-1.171639,-1.590000,0.418361,0.000329
102,mobley_2481002,-2.612515,-1.450000,1.162515,0.002541
102,mobley_2489709,-1.048807,-1.360000,0.311193,0.000182
102,mobley_5052949,-0.712252,-1.280000,0.567748,0.000606
102,mobley_2492140,-2.098235,-1.230000,0.868235,0.001418
102,mobley_7542832,-1.187642,-1.160000,0.027642,0.000001
102,mobley_7814642,-1.534063,-1.120000,0.414063,0.000322
102,mobley_1563176,-0.950653,-0.990000,0.039347,0.000003
102,mobley_1873346,-0.703493,-0.900000,0.196507,0.000073
102,mobley_3040612,-0.660140,-0.850000,0.189860,0.000068
102,mobley_4483973,-1.870843,-0.800000,1.070843,0.002156
102,mobley_9913368,-1.659921,-0.780000,0.879921,0.001456
102,mobley_1449384,-0.601440,-0.680000,0.078560,0.000012
102,mobley_7708038,-0.716938,-0.560000,0.156938,0.000046
102,mobley_8311321,0.061041,-0.500000,0.561041,0.000592
102,mobley_766666,-0.577623,-0.440000,0.137623,0.000036
102,mobley_5445548,-0.553060,-0.300000,0.253060,0.000120
102,mobley_9029594,-1.078894,-0.220000,0.858894,0.001387
102,mobley_3370989,-1.916211,-0.110000,1.806211,0.006135
102,mobley_627267,-0.380989,-0.030000,0.350989,0.000232
102,mobley_6250025,0.213751,0.080000,0.133751,0.000034
102,mobley_4252724,-0.470915,0.160000,0.630915,0.000749
102,mobley_7157427,0.290227,0.290000,0.000227,0.000000
102,mobley_8885088,0.046952,0.560000,0.513048,0.000495
102,mobley_8522124,0.503634,0.710000,0.206366,0.000080
102,mobley_4678740,0.841987,1.070000,0.228013,0.000098
102,mobley_2689721,1.080045,1.230000,0.149955,0.000042
102,mobley_1662128,1.247140,1.380000,0.132860,0.000033
102,mobley_4762983,1.827929,1.660000,0.167929,0.000053
102,mobley_7732703,0.648010,1.790000,1.141990,0.002452
102,mobley_2068538,1.574729,2.000000,0.425271,0.000340
102,mobley_5157661,1.974201,2.300000,0.325799,0.000200
102,mobley_1261349,2.423546,2.510000,0.086454,0.000014
102,mobley_2328633,2.103093,2.550000,0.446907,0.000376
102,mobley_8436428,2.936360,2.830000,0.106360,0.000021
102,mobley_3060426,3.275006,2.930000,0.345006,0.000224
102,mobley_2197088,3.247972,3.160000,0.087972,0.000015
103,mobley_9534740,-20.816359,-25.469999,4.653641,0.040724
103,mobley_6239320,-22.310953,-18.059999,4.250954,0.033981
103,mobley_7794077,-14.688465,-15.460000,0.771535,0.001119
103,mobley_7415647,-13.130108,-11.950000,1.180108,0.002619
103,mobley_1728386,-10.973549,-11.000000,0.026451,0.000001
103,mobley_2269032,-10.006996,-10.210000,0.203004,0.000077
103,mobley_2913224,-7.671934,-9.940000,2.268066,0.009673
103,mobley_2659552,-9.770162,-9.760000,0.010161,0.000000
103,mobley_7176290,-9.432942,-9.620000,0.187057,0.000066
103,mobley_2295058,-9.252412,-9.510000,0.257588,0.000125
103,mobley_6055410,-9.910660,-9.400000,0.510660,0.000490
103,mobley_4639255,-9.510249,-9.300000,0.210249,0.000083
103,mobley_1417007,-6.049737,-9.010000,2.960263,0.016479
103,mobley_6115639,-9.466754,-8.700000,0.766754,0.001106
103,mobley_6353617,-7.487701,-8.260000,0.772299,0.001122
103,mobley_2725215,-9.458642,-7.980000,1.478642,0.004111
103,mobley_7039935,-7.257103,-7.670000,0.412897,0.000321
103,mobley_4059279,-6.487809,-7.580000,1.092191,0.002243
103,mobley_951560,-9.643040,-7.400000,2.243040,0.009461
103,mobley_1922649,-8.814782,-7.190000,1.624782,0.004964
103,mobley_8798016,-7.751640,-7.000000,0.751640,0.001062
103,mobley_1858644,-6.967033,-6.790000,0.177033,0.000059
103,mobley_9114381,-6.059161,-6.720000,0.660839,0.000821
103,mobley_5311804,-6.077600,-6.620000,0.542400,0.000553
103,mobley_6743808,-6.109646,-6.500000,0.390354,0.000287
103,mobley_8789864,-5.688349,-6.400000,0.711651,0.000952
103,mobley_7009711,-6.111034,-6.270000,0.158966,0.000048
103,mobley_8789465,-4.986556,-6.200000,1.213444,0.002769
103,mobley_2923700,-5.933678,-6.130000,0.196322,0.000072
103,mobley_4780078,-5.723935,-6.010000,0.286065,0.000154
103,mobley_5467162,-5.470796,-5.910000,0.439204,0.000363
103,mobley_6257907,-5.946264,-5.820000,0.126264,0.000030
103,mobley_7913234,-6.114044,-5.730000,0.384044,0.000277
103,mobley_5518547,-5.842466,-5.570000,0.272466,0.000140
103,mobley_4883284,-5.964304,-5.490000,0.474304,0.000423
103,mobley_5220185,-5.173559,-5.450000,0.276441,0.000144
103,mobley_3359593,-5.337092,-5.260000,0.077092,0.000011
103,mobley_4683624,-5.932604,-5.210000,0.722604,0.000982
103,mobley_1636752,-3.750327,-5.100000,1.349673,0.003425
103,mobley_2310185,-4.586864,-5.000000,0.413136,0.000321
103,mobley_3682850,-4.262150,-4.910000,0.647850,0.000789
103,mobley_1363784,-4.785093,-4.840000,0.054907,0.000006
103,mobley_2837389,-4.365339,-4.780000,0.414661,0.000323
103,mobley_9507933,-4.620581,-4.720000,0.099419,0.000019
103,mobley_296847,-4.914730,-4.690000,0.224730,0.000095
103,mobley_8208692,-3.491621,-4.610000,1.118379,0.002352
103,mobley_4884177,-4.267466,-4.590000,0.322534,0.000196
103,mobley_6714389,-4.019028,-4.550000,0.530972,0.000530
103,mobley_2245668,-4.538398,-4.500000,0.038398,0.000003
103,mobley_5973402,-4.345701,-4.420000,0.074299,0.000010
103,mobley_3546460,-4.358243,-4.400000,0.041757,0.000003
103,mobley_8311303,-3.781339,-4.380000,0.598661,0.000674
103,mobley_9741965,-5.658499,-4.290000,1.368499,0.003522
103,mobley_4603202,-4.472636,-4.230000,0.242636,0.000111
103,mobley_628086,-4.122335,-4.160000,0.037664,0.000003
103,mobley_4620651,-3.536673,-4.100000,0.563327,0.000597
103,mobley_7977115,-4.300816,-4.060000,0.240816,0.000109
103,mobley_2789243,-3.738787,-4.010000,0.271213,0.000138
103,mobley_3968739,-4.009350,-3.920000,0.089350,0.000015
103,mobley_63712,-3.094421,-3.880000,0.785579,0.001160
103,mobley_1046331,-3.893986,-3.820000,0.073986,0.000010
103,mobley_1160109,-3.854163,-3.750000,0.104163,0.000020
103,mobley_4149784,-2.995076,-3.670000,0.674924,0.000857
103,mobley_397645,-3.871716,-3.640000,0.231715,0.000101
103,mobley_4690963,-4.408884,-3.540000,0.868884,0.001420
103,mobley_1967551,-3.643130,-3.500000,0.143130,0.000039
103,mobley_6733657,-2.719887,-3.440000,0.720113,0.000975
103,mobley_9565165,-3.559153,-3.350000,0.209153,0.000082
103,mobley_2487143,-3.117738,-3.280000,0.162262,0.000050
103,mobley_8449031,-2.594121,-3.220000,0.625880,0.000737
103,mobley_172879,-3.190472,-3.150000,0.040472,0.000003
103,mobley_5346580,-2.044574,-3.110000,1.065426,0.002135
103,mobley_3573480,-2.937510,-3.040000,0.102490,0.000020
103,mobley_1075836,-2.864455,-2.930000,0.065545,0.000008
103,mobley_6102880,-4.233598,-2.870000,1.363598,0.003497
103,mobley_1827204,-2.681277,-2.810000,0.128723,0.000031
103,mobley_2146331,-2.041701,-2.750000,0.708299,0.000943
103,mobley_7943327,-2.514666,-2.680000,0.165334,0.000051
103,mobley_5110043,-2.624578,-2.630000,0.005422,0.000000
103,mobley_5616693,-2.802556,-2.530000,0.272556,0.000140
103,mobley_6619554,-2.262550,-2.490000,0.227450,0.000097
103,mobley_6359156,-3.558260,-2.460000,1.098260,0.002268
103,mobley_1781152,-2.032764,-2.400000,0.367236,0.000254
103,mobley_859464,-2.544810,-2.360000,0.184810,0.000064
103,mobley_7150646,-1.655298,-2.300000,0.644701,0.000782
103,mobley_1592519,-2.492254,-2.230000,0.262254,0.000129
103,mobley_5538249,-1.811608,-2.160000,0.348392,0.000228
103,mobley_6911232,-1.576721,-2.100000,0.523279,0.000515
103,mobley_3269565,-1.451638,-2.010000,0.558362,0.000586
103,mobley_2484519,-2.705050,-1.930000,0.775050,0.001130
103,mobley_7690440,-2.035970,-1.830000,0.205970,0.000080
103,mobley_3802803,-1.747154,-1.660000,0.087154,0.000014
103,mobley_1144156,-1.139564,-1.590000,0.450436,0.000382
103,mobley_2481002,-2.574389,-1.450000,1.124389,0.002377
103,mobley_2489709,-0.993585,-1.360000,0.366415,0.000252
103,mobley_5052949,-0.682328,-1.280000,0.597672,0.000672
103,mobley_2492140,-1.990973,-1.230000,0.760973,0.001089
103,mobley_7542832,-1.153692,-1.160000,0.006308,0.000000
103,mobley_7814642,-1.468125,-1.120000,0.348125,0.000228
103,mobley_1563176,-0.908830,-0.990000,0.081170,0.000012
103,mobley_1873346,-0.701372,-0.900000,0.198628,0.000074
103,mobley_3040612,-0.697206,-0.850000,0.152794,0.000044
103,mobley_4483973,-1.816185,-0.800000,1.016185,0.001942
103,mobley_9913368,-1.634510,-0.780000,0.854510,0.001373
103,mobley_1449384,-0.644725,-0.680000,0.035275,0.000002
103,mobley_7708038,-0.681179,-0.560000,0.121179,0.000028
103,mobley_8311321,0.072808,-0.500000,0.572808,0.000617
103,mobley_766666,-0.546846,-0.440000,0.106846,0.000021
103,mobley_5445548,-0.555358,-0.300000,0.255358,0.000123
103,mobley_9029594,-1.066343,-0.220000,0.846343,0.001347
103,mobley_3370989,-1.909181,-0.110000,1.799181,0.006087
103,mobley_627267,-0.349475,-0.030000,0.319475,0.000192
103,mobley_6250025,0.281995,0.080000,0.201995,0.000077
103,mobley_4252724,-0.476650,0.160000,0.636650,0.000762
103,mobley_7157427,0.363689,0.290000,0.073689,0.000010
103,mobley_8885088,0.102428,0.560000,0.457572,0.000394
103,mobley_8522124,0.572294,0.710000,0.137706,0.000036
103,mobley_4678740,0.845711,1.070000,0.224289,0.000095
103,mobley_2689721,1.141416,1.230000,0.088584,0.000015
103,mobley_1662128,1.300608,1.380000,0.079392,0.000012
103,mobley_4762983,1.918413,1.660000,0.258413,0.000126
103,mobley_7732703,0.659782,1.790000,1.130218,0.002402
103,mobley_2068538,1.599773,2.000000,0.400227,0.000301
103,mobley_5157661,2.006456,2.300000,0.293544,0.000162
103,mobley_1261349,2.430966,2.510000,0.079034,0.000012
103,mobley_2328633,2.181416,2.550000,0.368584,0.000255
103,mobley_8436428,2.968567,2.830000,0.138567,0.000036
103,mobley_3060426,3.258373,2.930000,0.328373,0.000203
103,mobley_2197088,3.338495,3.160000,0.178495,0.000060
104,mobley_9534740,-20.741457,-25.469999,4.728542,0.042045
104,mobley_6239320,-22.290934,-18.059999,4.230934,0.033662
104,mobley_7794077,-14.656706,-15.460000,0.803294,0.001213
104,mobley_7415647,-13.097173,-11.950000,1.147173,0.002475
104,mobley_1728386,-10.930932,-11.000000,0.069068,0.000009
104,mobley_2269032,-9.892961,-10.210000,0.317039,0.000189
104,mobley_2913224,-7.629449,-9.940000,2.310550,0.010039
104,mobley_2659552,-9.661581,-9.760000,0.098419,0.000018
104,mobley_7176290,-9.420096,-9.620000,0.199903,0.000075
104,mobley_2295058,-9.208529,-9.510000,0.301471,0.000171
104,mobley_6055410,-9.795196,-9.400000,0.395196,0.000294
104,mobley_4639255,-9.476108,-9.300000,0.176107,0.000058
104,mobley_1417007,-6.070511,-9.010000,2.939489,0.016248
104,mobley_6115639,-9.438508,-8.700000,0.738508,0.001026
104,mobley_6353617,-7.397227,-8.260000,0.862773,0.001400
104,mobley_2725215,-9.355668,-7.980000,1.375668,0.003559
104,mobley_7039935,-7.146026,-7.670000,0.523974,0.000516
104,mobley_4059279,-6.460353,-7.580000,1.119647,0.002357
104,mobley_951560,-9.588221,-7.400000,2.188221,0.009004
104,mobley_1922649,-8.807646,-7.190000,1.617646,0.004921
104,mobley_8798016,-7.629825,-7.000000,0.629825,0.000746
104,mobley_1858644,-6.912540,-6.790000,0.122540,0.000028
104,mobley_9114381,-6.041818,-6.720000,0.678182,0.000865
104,mobley_5311804,-6.020067,-6.620000,0.599933,0.000677
104,mobley_6743808,-5.984940,-6.500000,0.515060,0.000499
104,mobley_8789864,-5.647234,-6.400000,0.752766,0.001066
104,mobley_7009711,-5.982321,-6.270000,0.287679,0.000156
104,mobley_8789465,-4.940917,-6.200000,1.259083,0.002981
104,mobley_2923700,-5.852145,-6.130000,0.277855,0.000145
104,mobley_4780078,-5.596857,-6.010000,0.413143,0.000321
104,mobley_5467162,-5.349874,-5.910000,0.560126,0.000590
104,mobley_6257907,-5.921749,-5.820000,0.101748,0.000019
104,mobley_7913234,-6.094572,-5.730000,0.364572,0.000250
104,mobley_5518547,-5.758491,-5.570000,0.188490,0.000067
104,mobley_4883284,-5.919208,-5.490000,0.429208,0.000346
104,mobley_5220185,-5.094546,-5.450000,0.355454,0.000238
104,mobley_3359593,-5.239054,-5.260000,0.020946,0.000001
104,mobley_4683624,-5.855228,-5.210000,0.645228,0.000783
104,mobley_1636752,-3.736211,-5.100000,1.363789,0.003497
104,mobley_2310185,-4.567931,-5.000000,0.432069,0.000351
104,mobley_3682850,-4.220596,-4.910000,0.689404,0.000894
104,mobley_1363784,-4.670658,-4.840000,0.169343,0.000054
104,mobley_2837389,-4.311172,-4.780000,0.468828,0.000413
104,mobley_9507933,-4.512709,-4.720000,0.207291,0.000081
104,mobley_296847,-4.874730,-4.690000,0.184730,0.000064
104,mobley_8208692,-3.488436,-4.610000,1.121564,0.002365
104,mobley_4884177,-4.197193,-4.590000,0.392807,0.000290
104,mobley_6714389,-3.996223,-4.550000,0.553777,0.000577
104,mobley_2245668,-4.487915,-4.500000,0.012085,0.000000
104,mobley_5973402,-4.307578,-4.420000,0.112422,0.000024
104,mobley_3546460,-4.349022,-4.400000,0.050978,0.000005
104,mobley_8311303,-3.687403,-4.380000,0.692597,0.000902
104,mobley_9741965,-5.677036,-4.290000,1.387036,0.003618
104,mobley_4603202,-4.449075,-4.230000,0.219075,0.000090
104,mobley_628086,-4.105407,-4.160000,0.054593,0.000006
104,mobley_4620651,-3.507960,-4.100000,0.592040,0.000659
104,mobley_7977115,-4.275420,-4.060000,0.215420,0.000087
104,mobley_2789243,-3.660753,-4.010000,0.349247,0.000229
104,mobley_3968739,-3.978839,-3.920000,0.058839,0.000007
104,mobley_63712,-3.075429,-3.880000,0.804571,0.001217
104,mobley_1046331,-3.857086,-3.820000,0.037086,0.000003
104,mobley_1160109,-3.743484,-3.750000,0.006516,0.000000
104,mobley_4149784,-2.872927,-3.670000,0.797073,0.001195
104,mobley_397645,-3.848313,-3.640000,0.208313,0.000082
104,mobley_4690963,-4.387237,-3.540000,0.847237,0.001350
104,mobley_1967551,-3.619897,-3.500000,0.119897,0.000027
104,mobley_6733657,-2.732977,-3.440000,0.707023,0.000940
104,mobley_9565165,-3.455595,-3.350000,0.105595,0.000021
104,mobley_2487143,-3.072458,-3.280000,0.207542,0.000081
104,mobley_8449031,-2.544436,-3.220000,0.675565,0.000858
104,mobley_172879,-3.098982,-3.150000,0.051018,0.000005
104,mobley_5346580,-1.959912,-3.110000,1.150088,0.002487
104,mobley_3573480,-2.897118,-3.040000,0.142882,0.000038
104,mobley_1075836,-2.849593,-2.930000,0.080407,0.000012
104,mobley_6102880,-4.152111,-2.870000,1.282111,0.003091
104,mobley_1827204,-2.665692,-2.810000,0.144308,0.000039
104,mobley_2146331,-2.036053,-2.750000,0.713947,0.000959
104,mobley_7943327,-2.502031,-2.680000,0.177969,0.000060
104,mobley_5110043,-2.470638,-2.630000,0.159362,0.000048
104,mobley_5616693,-2.725851,-2.530000,0.195851,0.000072
104,mobley_6619554,-2.257934,-2.490000,0.232066,0.000101
104,mobley_6359156,-3.465168,-2.460000,1.005168,0.001900
104,mobley_1781152,-1.976965,-2.400000,0.423035,0.000337
104,mobley_859464,-2.504624,-2.360000,0.144624,0.000039
104,mobley_7150646,-1.586939,-2.300000,0.713061,0.000956
104,mobley_1592519,-2.493897,-2.230000,0.263897,0.000131
104,mobley_5538249,-1.752666,-2.160000,0.407335,0.000312
104,mobley_6911232,-1.554815,-2.100000,0.545185,0.000559
104,mobley_3269565,-1.420451,-2.010000,0.589549,0.000654
104,mobley_2484519,-2.681931,-1.930000,0.751931,0.001063
104,mobley_7690440,-2.058920,-1.830000,0.228920,0.000099
104,mobley_3802803,-1.760625,-1.660000,0.100625,0.000019
104,mobley_1144156,-1.120062,-1.590000,0.469938,0.000415
104,mobley_2481002,-2.581046,-1.450000,1.131046,0.002406
104,mobley_2489709,-0.969702,-1.360000,0.390298,0.000286
104,mobley_5052949,-0.670441,-1.280000,0.609559,0.000699
104,mobley_2492140,-2.025765,-1.230000,0.795765,0.001191
104,mobley_7542832,-1.135650,-1.160000,0.024350,0.000001
104,mobley_7814642,-1.420019,-1.120000,0.300019,0.000169
104,mobley_1563176,-0.914971,-0.990000,0.075029,0.000011
104,mobley_1873346,-0.631129,-0.900000,0.268871,0.000136
104,mobley_3040612,-0.594646,-0.850000,0.255354,0.000123
104,mobley_4483973,-1.781458,-0.800000,0.981458,0.001811
104,mobley_9913368,-1.618490,-0.780000,0.838490,0.001322
104,mobley_1449384,-0.524614,-0.680000,0.155386,0.000045
104,mobley_7708038,-0.675869,-0.560000,0.115869,0.000025
104,mobley_8311321,0.068880,-0.500000,0.568880,0.000609
104,mobley_766666,-0.553413,-0.440000,0.113413,0.000024
104,mobley_5445548,-0.475794,-0.300000,0.175794,0.000058
104,mobley_9029594,-1.059863,-0.220000,0.839863,0.001326
104,mobley_3370989,-1.895303,-0.110000,1.785303,0.005994
104,mobley_627267,-0.331812,-0.030000,0.301812,0.000171
104,mobley_6250025,0.270623,0.080000,0.190623,0.000068
104,mobley_4252724,-0.398547,0.160000,0.558547,0.000587
104,mobley_7157427,0.349919,0.290000,0.059919,0.000007
104,mobley_8885088,0.112191,0.560000,0.447809,0.000377
104,mobley_8522124,0.569224,0.710000,0.140776,0.000037
104,mobley_4678740,0.897692,1.070000,0.172308,0.000056
104,mobley_2689721,1.135373,1.230000,0.094627,0.000017
104,mobley_1662128,1.318141,1.380000,0.061859,0.000007
104,mobley_4762983,1.916270,1.660000,0.256270,0.000123
104,mobley_7732703,0.669551,1.790000,1.120449,0.002361
104,mobley_2068538,1.618429,2.000000,0.381571,0.000274
104,mobley_5157661,2.038214,2.300000,0.261786,0.000129
104,mobley_1261349,2.488457,2.510000,0.021543,0.000001
104,mobley_2328633,2.184778,2.550000,0.365222,0.000251
104,mobley_8436428,3.023530,2.830000,0.193530,0.000070
104,mobley_3060426,3.337880,2.930000,0.407880,0.000313
104,mobley_2197088,3.334855,3.160000,0.174855,0.000057
105,mobley_9534740,-20.908136,-25.469999,4.561863,0.039133
105,mobley_6239320,-22.427509,-18.059999,4.367510,0.035870
105,mobley_7794077,-14.791484,-15.460000,0.668516,0.000840
105,mobley_7415647,-13.258224,-11.950000,1.308224,0.003218
105,mobley_1728386,-11.031623,-11.000000,0.031623,0.000002
105,mobley_2269032,-10.028113,-10.210000,0.181887,0.000062
105,mobley_2913224,-7.730526,-9.940000,2.209473,0.009180
105,mobley_2659552,-9.830085,-9.760000,0.070085,0.000009
105,mobley_7176290,-9.480704,-9.620000,0.139296,0.000036
105,mobley_2295058,-9.251616,-9.510000,0.258384,0.000126
105,mobley_6055410,-10.013575,-9.400000,0.613575,0.000708
105,mobley_4639255,-9.523851,-9.300000,0.223851,0.000094
105,mobley_1417007,-6.025571,-9.010000,2.984429,0.016749
105,mobley_6115639,-9.434439,-8.700000,0.734439,0.001014
105,mobley_6353617,-7.411808,-8.260000,0.848193,0.001353
105,mobley_2725215,-9.567355,-7.980000,1.587355,0.004738
105,mobley_7039935,-7.204566,-7.670000,0.465435,0.000407
105,mobley_4059279,-6.579843,-7.580000,1.000157,0.001881
105,mobley_951560,-9.711051,-7.400000,2.311051,0.010043
105,mobley_1922649,-8.761965,-7.190000,1.571965,0.004647
105,mobley_8798016,-7.673849,-7.000000,0.673849,0.000854
105,mobley_1858644,-6.967715,-6.790000,0.177715,0.000059
105,mobley_9114381,-6.103351,-6.720000,0.616649,0.000715
105,mobley_5311804,-6.073264,-6.620000,0.546736,0.000562
105,mobley_6743808,-6.075324,-6.500000,0.424676,0.000339
105,mobley_8789864,-5.845058,-6.400000,0.554942,0.000579
105,mobley_7009711,-6.074933,-6.270000,0.195067,0.000072
105,mobley_8789465,-4.951984,-6.200000,1.248016,0.002929
105,mobley_2923700,-5.905759,-6.130000,0.224241,0.000095
105,mobley_4780078,-5.672335,-6.010000,0.337666,0.000214
105,mobley_5467162,-5.470578,-5.910000,0.439422,0.000363
105,mobley_6257907,-5.995727,-5.820000,0.175726,0.000058
105,mobley_7913234,-6.176235,-5.730000,0.446235,0.000374
105,mobley_5518547,-5.826231,-5.570000,0.256231,0.000123
105,mobley_4883284,-5.946165,-5.490000,0.456165,0.000391
105,mobley_5220185,-5.127949,-5.450000,0.322051,0.000195
105,mobley_3359593,-5.379062,-5.260000,0.119061,0.000027
105,mobley_4683624,-5.919539,-5.210000,0.709539,0.000947
105,mobley_1636752,-3.770419,-5.100000,1.329581,0.003324
105,mobley_2310185,-4.592280,-5.000000,0.407720,0.000313
105,mobley_3682850,-4.291040,-4.910000,0.618960,0.000720
105,mobley_1363784,-4.739356,-4.840000,0.100645,0.000019
105,mobley_2837389,-4.298183,-4.780000,0.481817,0.000437
105,mobley_9507933,-4.551557,-4.720000,0.168443,0.000053
105,mobley_296847,-4.822081,-4.690000,0.132081,0.000033
105,mobley_8208692,-3.766679,-4.610000,0.843322,0.001337
105,mobley_4884177,-4.190259,-4.590000,0.399741,0.000300
105,mobley_6714389,-4.022105,-4.550000,0.527895,0.000524
105,mobley_2245668,-4.565302,-4.500000,0.065302,0.000008
105,mobley_5973402,-4.376332,-4.420000,0.043668,0.000004
105,mobley_3546460,-4.402931,-4.400000,0.002931,0.000000
105,mobley_8311303,-3.990376,-4.380000,0.389624,0.000285
105,mobley_9741965,-5.730724,-4.290000,1.440724,0.003903
105,mobley_4603202,-4.519346,-4.230000,0.289346,0.000157
105,mobley_628086,-4.197381,-4.160000,0.037381,0.000003
105,mobley_4620651,-3.548602,-4.100000,0.551398,0.000572
105,mobley_7977115,-4.330037,-4.060000,0.270037,0.000137
105,mobley_2789243,-3.757398,-4.010000,0.252603,0.000120
105,mobley_3968739,-4.010509,-3.920000,0.090509,0.000015
105,mobley_63712,-3.142419,-3.880000,0.737581,0.001023
105,mobley_1046331,-3.893234,-3.820000,0.073234,0.000010
105,mobley_1160109,-3.872713,-3.750000,0.122713,0.000028
105,mobley_4149784,-3.106477,-3.670000,0.563523,0.000597
105,mobley_397645,-3.881581,-3.640000,0.241581,0.000110
105,mobley_4690963,-4.465598,-3.540000,0.925598,0.001611
105,mobley_1967551,-3.622094,-3.500000,0.122094,0.000028
105,mobley_6733657,-2.772289,-3.440000,0.667711,0.000838
105,mobley_9565165,-3.502671,-3.350000,0.152671,0.000044
105,mobley_2487143,-3.139397,-3.280000,0.140603,0.000037
105,mobley_8449031,-2.617293,-3.220000,0.602707,0.000683
105,mobley_172879,-3.204421,-3.150000,0.054421,0.000006
105,mobley_5346580,-2.068165,-3.110000,1.041835,0.002041
105,mobley_3573480,-2.968945,-3.040000,0.071055,0.000009
105,mobley_1075836,-2.898878,-2.930000,0.031122,0.000002
105,mobley_6102880,-4.228844,-2.870000,1.358844,0.003472
105,mobley_1827204,-2.700232,-2.810000,0.109768,0.000023
105,mobley_2146331,-2.017290,-2.750000,0.732710,0.001010
105,mobley_7943327,-2.550618,-2.680000,0.129382,0.000031
105,mobley_5110043,-2.578281,-2.630000,0.051719,0.000005
105,mobley_5616693,-2.851297,-2.530000,0.321297,0.000194
105,mobley_6619554,-2.327066,-2.490000,0.162934,0.000050
105,mobley_6359156,-3.637880,-2.460000,1.177880,0.002609
105,mobley_1781152,-2.089862,-2.400000,0.310138,0.000181
105,mobley_859464,-2.599630,-2.360000,0.239630,0.000108
105,mobley_7150646,-1.620822,-2.300000,0.679178,0.000867
105,mobley_1592519,-2.563834,-2.230000,0.333834,0.000210
105,mobley_5538249,-1.893773,-2.160000,0.266227,0.000133
105,mobley_6911232,-1.590985,-2.100000,0.509015,0.000487
105,mobley_3269565,-1.484551,-2.010000,0.525449,0.000519
105,mobley_2484519,-2.692347,-1.930000,0.762347,0.001093
105,mobley_7690440,-2.102476,-1.830000,0.272476,0.000140
105,mobley_3802803,-1.824035,-1.660000,0.164035,0.000051
105,mobley_1144156,-1.152310,-1.590000,0.437690,0.000360
105,mobley_2481002,-2.546345,-1.450000,1.096345,0.002260
105,mobley_2489709,-1.060624,-1.360000,0.299376,0.000169
105,mobley_5052949,-0.714656,-1.280000,0.565344,0.000601
105,mobley_2492140,-1.862153,-1.230000,0.632153,0.000751
105,mobley_7542832,-1.197170,-1.160000,0.037170,0.000003
105,mobley_7814642,-1.558556,-1.120000,0.438556,0.000362
105,mobley_1563176,-0.933797,-0.990000,0.056203,0.000006
105,mobley_1873346,-0.681442,-0.900000,0.218558,0.000090
105,mobley_3040612,-0.669957,-0.850000,0.180043,0.000061
105,mobley_4483973,-1.813594,-0.800000,1.013594,0.001932
105,mobley_9913368,-1.662272,-0.780000,0.882272,0.001464
105,mobley_1449384,-0.630521,-0.680000,0.049479,0.000005
105,mobley_7708038,-0.686681,-0.560000,0.126681,0.000030
105,mobley_8311321,0.057877,-0.500000,0.557877,0.000585
105,mobley_766666,-0.553269,-0.440000,0.113269,0.000024
105,mobley_5445548,-0.545304,-0.300000,0.245304,0.000113
105,mobley_9029594,-1.077058,-0.220000,0.857058,0.001381
105,mobley_3370989,-1.946234,-0.110000,1.836234,0.006340
105,mobley_627267,-0.377315,-0.030000,0.347315,0.000227
105,mobley_6250025,0.234363,0.080000,0.154363,0.000045
105,mobley_4252724,-0.481891,0.160000,0.641891,0.000775
105,mobley_7157427,0.311801,0.290000,0.021801,0.000001
105,mobley_8885088,0.095690,0.560000,0.464310,0.000405
105,mobley_8522124,0.546073,0.710000,0.163927,0.000051
105,mobley_4678740,0.807121,1.070000,0.262879,0.000130
105,mobley_2689721,1.089362,1.230000,0.140638,0.000037
105,mobley_1662128,1.310798,1.380000,0.069202,0.000009
105,mobley_4762983,1.895772,1.660000,0.235772,0.000105
105,mobley_7732703,0.659095,1.790000,1.130905,0.002405
105,mobley_2068538,1.590793,2.000000,0.409207,0.000315
105,mobley_5157661,1.985031,2.300000,0.314969,0.000187
105,mobley_1261349,2.381993,2.510000,0.128007,0.000031
105,mobley_2328633,2.107941,2.550000,0.442059,0.000367
105,mobley_8436428,2.929417,2.830000,0.099417,0.000019
105,mobley_3060426,3.181876,2.930000,0.251876,0.000119
105,mobley_2197088,3.258407,3.160000,0.098407,0.000018
106,mobley_9534740,-21.053537,-25.469999,4.416462,0.036678
106,mobley_6239320,-22.382650,-18.059999,4.322651,0.035137
106,mobley_7794077,-14.773018,-15.460000,0.686982,0.000887
106,mobley_7415647,-13.218737,-11.950000,1.268737,0.003027
106,mobley_1728386,-11.094134,-11.000000,0.094134,0.000017
106,mobley_2269032,-10.151093,-10.210000,0.058908,0.000007
106,mobley_2913224,-7.802883,-9.940000,2.137117,0.008589
106,mobley_2659552,-9.791970,-9.760000,0.031970,0.000002
106,mobley_7176290,-9.569032,-9.620000,0.050968,0.000005
106,mobley_2295058,-9.328648,-9.510000,0.181353,0.000062
106,mobley_6055410,-10.075585,-9.400000,0.675586,0.000858
106,mobley_4639255,-9.610407,-9.300000,0.310407,0.000181
106,mobley_1417007,-6.312776,-9.010000,2.697225,0.013680
106,mobley_6115639,-9.587143,-8.700000,0.887143,0.001480
106,mobley_6353617,-7.592927,-8.260000,0.667074,0.000837
106,mobley_2725215,-9.753509,-7.980000,1.773509,0.005915
106,mobley_7039935,-7.379046,-7.670000,0.290954,0.000159
106,mobley_4059279,-6.583260,-7.580000,0.996740,0.001868
106,mobley_951560,-9.788041,-7.400000,2.388041,0.010724
106,mobley_1922649,-8.921547,-7.190000,1.731547,0.005638
106,mobley_8798016,-7.904863,-7.000000,0.904863,0.001540
106,mobley_1858644,-7.045851,-6.790000,0.255851,0.000123
106,mobley_9114381,-6.095947,-6.720000,0.624053,0.000732
106,mobley_5311804,-6.159168,-6.620000,0.460832,0.000399
106,mobley_6743808,-6.169273,-6.500000,0.330727,0.000206
106,mobley_8789864,-5.748933,-6.400000,0.651067,0.000797
106,mobley_7009711,-6.179476,-6.270000,0.090524,0.000015
106,mobley_8789465,-5.071367,-6.200000,1.128633,0.002395
106,mobley_2923700,-5.993015,-6.130000,0.136985,0.000035
106,mobley_4780078,-5.791378,-6.010000,0.218623,0.000090
106,mobley_5467162,-5.519396,-5.910000,0.390604,0.000287
106,mobley_6257907,-5.992321,-5.820000,0.172321,0.000056
106,mobley_7913234,-6.178703,-5.730000,0.448703,0.000379
106,mobley_5518547,-5.917519,-5.570000,0.347518,0.000227
106,mobley_4883284,-6.022406,-5.490000,0.532406,0.000533
106,mobley_5220185,-5.248887,-5.450000,0.201113,0.000076
106,mobley_3359593,-5.376120,-5.260000,0.116120,0.000025
106,mobley_4683624,-5.987021,-5.210000,0.777021,0.001135
106,mobley_1636752,-3.764966,-5.100000,1.335034,0.003352
106,mobley_2310185,-4.627502,-5.000000,0.372498,0.000261
106,mobley_3682850,-4.343621,-4.910000,0.566379,0.000603
106,mobley_1363784,-4.887983,-4.840000,0.047983,0.000004
106,mobley_2837389,-4.465790,-4.780000,0.314210,0.000186
106,mobley_9507933,-4.710673,-4.720000,0.009326,0.000000
106,mobley_296847,-4.992577,-4.690000,0.302577,0.000172
106,mobley_8208692,-3.614183,-4.610000,0.995817,0.001865
106,mobley_4884177,-4.336592,-4.590000,0.253408,0.000121
106,mobley_6714389,-4.031490,-4.550000,0.518510,0.000506
106,mobley_2245668,-4.582457,-4.500000,0.082457,0.000013
106,mobley_5973402,-4.360547,-4.420000,0.059453,0.000007
106,mobley_3546460,-4.372321,-4.400000,0.027679,0.000001
106,mobley_8311303,-3.892576,-4.380000,0.487424,0.000447
106,mobley_9741965,-5.755488,-4.290000,1.465488,0.004039
106,mobley_4603202,-4.582448,-4.230000,0.352448,0.000234
106,mobley_628086,-4.222526,-4.160000,0.062526,0.000007
106,mobley_4620651,-3.557793,-4.100000,0.542207,0.000553
106,mobley_7977115,-4.322171,-4.060000,0.262171,0.000129
106,mobley_2789243,-3.852533,-4.010000,0.157467,0.000047
106,mobley_3968739,-4.054729,-3.920000,0.134729,0.000034
106,mobley_63712,-3.136328,-3.880000,0.743672,0.001040
106,mobley_1046331,-3.946336,-3.820000,0.126336,0.000030
106,mobley_1160109,-3.928434,-3.750000,0.178434,0.000060
106,mobley_4149784,-3.061251,-3.670000,0.608749,0.000697
106,mobley_397645,-3.933346,-3.640000,0.293346,0.000162
106,mobley_4690963,-4.501331,-3.540000,0.961331,0.001738
106,mobley_1967551,-3.703476,-3.500000,0.203476,0.000078
106,mobley_6733657,-2.891992,-3.440000,0.548008,0.000565
106,mobley_9565165,-3.665312,-3.350000,0.315312,0.000187
106,mobley_2487143,-3.137532,-3.280000,0.142468,0.000038
106,mobley_8449031,-2.650962,-3.220000,0.569038,0.000609
106,mobley_172879,-3.250516,-3.150000,0.100516,0.000019
106,mobley_5346580,-2.080000,-3.110000,1.030000,0.001995
106,mobley_3573480,-2.947581,-3.040000,0.092419,0.000016
106,mobley_1075836,-2.885032,-2.930000,0.044968,0.000004
106,mobley_6102880,-4.337767,-2.870000,1.467767,0.004051
106,mobley_1827204,-2.705303,-2.810000,0.104697,0.000021
106,mobley_2146331,-2.105845,-2.750000,0.644155,0.000780
106,mobley_7943327,-2.553385,-2.680000,0.126615,0.000030
106,mobley_5110043,-2.738058,-2.630000,0.108058,0.000022
106,mobley_5616693,-2.836880,-2.530000,0.306880,0.000177
106,mobley_6619554,-2.281044,-2.490000,0.208956,0.000082
106,mobley_6359156,-3.638899,-2.460000,1.178899,0.002613
106,mobley_1781152,-2.056437,-2.400000,0.343563,0.000222
106,mobley_859464,-2.586042,-2.360000,0.226042,0.000096
106,mobley_7150646,-1.762441,-2.300000,0.537559,0.000543
106,mobley_1592519,-2.506925,-2.230000,0.276925,0.000144
106,mobley_5538249,-1.897177,-2.160000,0.262823,0.000130
106,mobley_6911232,-1.590910,-2.100000,0.509090,0.000487
106,mobley_3269565,-1.486496,-2.010000,0.523504,0.000515
106,mobley_2484519,-2.774243,-1.930000,0.844243,0.001340
106,mobley_7690440,-2.107369,-1.830000,0.277369,0.000145
106,mobley_3802803,-1.776592,-1.660000,0.116592,0.000026
106,mobley_1144156,-1.189970,-1.590000,0.400030,0.000301
106,mobley_2481002,-2.607982,-1.450000,1.157982,0.002522
106,mobley_2489709,-1.000124,-1.360000,0.359876,0.000244
106,mobley_5052949,-0.695718,-1.280000,0.584282,0.000642
106,mobley_2492140,-2.223372,-1.230000,0.993372,0.001856
106,mobley_7542832,-1.193984,-1.160000,0.033984,0.000002
106,mobley_7814642,-1.485949,-1.120000,0.365949,0.000252
106,mobley_1563176,-0.922242,-0.990000,0.067758,0.000009
106,mobley_1873346,-0.748918,-0.900000,0.151082,0.000043
106,mobley_3040612,-0.736273,-0.850000,0.113727,0.000024
106,mobley_4483973,-1.858924,-0.800000,1.058924,0.002109
106,mobley_9913368,-1.684953,-0.780000,0.904953,0.001540
106,mobley_1449384,-0.690192,-0.680000,0.010192,0.000000
106,mobley_7708038,-0.710396,-0.560000,0.150396,0.000043
106,mobley_8311321,0.055248,-0.500000,0.555248,0.000580
106,mobley_766666,-0.579650,-0.440000,0.139650,0.000037
106,mobley_5445548,-0.580865,-0.300000,0.280865,0.000148
106,mobley_9029594,-1.062581,-0.220000,0.842581,0.001335
106,mobley_3370989,-1.964529,-0.110000,1.854529,0.006467
106,mobley_627267,-0.375340,-0.030000,0.345340,0.000224
106,mobley_6250025,0.289714,0.080000,0.209714,0.000083
106,mobley_4252724,-0.499689,0.160000,0.659689,0.000818
106,mobley_7157427,0.383269,0.290000,0.093269,0.000016
106,mobley_8885088,0.091214,0.560000,0.468786,0.000413
106,mobley_8522124,0.579996,0.710000,0.130004,0.000032
106,mobley_4678740,0.779276,1.070000,0.290724,0.000159
106,mobley_2689721,1.163637,1.230000,0.066363,0.000008
106,mobley_1662128,1.310355,1.380000,0.069645,0.000009
106,mobley_4762983,1.954811,1.660000,0.294811,0.000163
106,mobley_7732703,0.672435,1.790000,1.117565,0.002349
106,mobley_2068538,1.617992,2.000000,0.382008,0.000274
106,mobley_5157661,2.034808,2.300000,0.265192,0.000132
106,mobley_1261349,2.446596,2.510000,0.063404,0.000008
106,mobley_2328633,2.228058,2.550000,0.321942,0.000195
106,mobley_8436428,3.007847,2.830000,0.177847,0.000059
106,mobley_3060426,3.283152,2.930000,0.353152,0.000235
106,mobley_2197088,3.407002,3.160000,0.247002,0.000115
107,mobley_9534740,-20.835861,-25.469999,4.634138,0.040383
107,mobley_6239320,-22.349131,-18.059999,4.289131,0.034594
107,mobley_7794077,-14.691458,-15.460000,0.768542,0.001111
107,mobley_7415647,-13.160865,-11.950000,1.210865,0.002757
107,mobley_1728386,-10.986407,-11.000000,0.013593,0.000000
107,mobley_2269032,-9.874293,-10.210000,0.335707,0.000212
107,mobley_2913224,-7.659506,-9.940000,2.280494,0.009780
107,mobley_2659552,-9.721783,-9.760000,0.038218,0.000003
107,mobley_7176290,-9.440465,-9.620000,0.179535,0.000061
107,mobley_2295058,-9.216595,-9.510000,0.293406,0.000162
107,mobley_6055410,-9.882691,-9.400000,0.482692,0.000438
107,mobley_4639255,-9.539813,-9.300000,0.239813,0.000108
107,mobley_1417007,-6.186260,-9.010000,2.823740,0.014994
107,mobley_6115639,-9.515564,-8.700000,0.815564,0.001251
107,mobley_6353617,-7.426098,-8.260000,0.833902,0.001308
107,mobley_2725215,-9.599117,-7.980000,1.619117,0.004930
107,mobley_7039935,-7.183543,-7.670000,0.486457,0.000445
107,mobley_4059279,-6.602861,-7.580000,0.977139,0.001795
107,mobley_951560,-9.745650,-7.400000,2.345650,0.010346
107,mobley_1922649,-8.801673,-7.190000,1.611673,0.004884
107,mobley_8798016,-7.689895,-7.000000,0.689895,0.000895
107,mobley_1858644,-6.899905,-6.790000,0.109905,0.000023
107,mobley_9114381,-6.061291,-6.720000,0.658709,0.000816
107,mobley_5311804,-6.032374,-6.620000,0.587626,0.000649
107,mobley_6743808,-6.005951,-6.500000,0.494049,0.000459
107,mobley_8789864,-5.681867,-6.400000,0.718133,0.000970
107,mobley_7009711,-5.993918,-6.270000,0.276082,0.000143
107,mobley_8789465,-4.960299,-6.200000,1.239701,0.002890
107,mobley_2923700,-5.882669,-6.130000,0.247331,0.000115
107,mobley_4780078,-5.635255,-6.010000,0.374745,0.000264
107,mobley_5467162,-5.367889,-5.910000,0.542110,0.000553
107,mobley_6257907,-5.912568,-5.820000,0.092567,0.000016
107,mobley_7913234,-6.105089,-5.730000,0.375089,0.000265
107,mobley_5518547,-5.758968,-5.570000,0.188968,0.000067
107,mobley_4883284,-5.904214,-5.490000,0.414214,0.000323
107,mobley_5220185,-5.125722,-5.450000,0.324278,0.000198
107,mobley_3359593,-5.309957,-5.260000,0.049956,0.000005
107,mobley_4683624,-5.887042,-5.210000,0.677042,0.000862
107,mobley_1636752,-3.763665,-5.100000,1.336334,0.003358
107,mobley_2310185,-4.593525,-5.000000,0.406475,0.000311
107,mobley_3682850,-4.312394,-4.910000,0.597606,0.000672
107,mobley_1363784,-4.686470,-4.840000,0.153530,0.000044
107,mobley_2837389,-4.299517,-4.780000,0.480484,0.000434
107,mobley_9507933,-4.509931,-4.720000,0.210069,0.000083
107,mobley_296847,-4.847085,-4.690000,0.157085,0.000046
107,mobley_8208692,-3.732720,-4.610000,0.877280,0.001447
107,mobley_4884177,-4.192751,-4.590000,0.397249,0.000297
107,mobley_6714389,-4.063540,-4.550000,0.486460,0.000445
107,mobley_2245668,-4.509951,-4.500000,0.009951,0.000000
107,mobley_5973402,-4.308579,-4.420000,0.111421,0.000023
107,mobley_3546460,-4.358857,-4.400000,0.041143,0.000003
107,mobley_8311303,-3.888741,-4.380000,0.491259,0.000454
107,mobley_9741965,-5.717040,-4.290000,1.427040,0.003829
107,mobley_4603202,-4.528022,-4.230000,0.298022,0.000167
107,mobley_628086,-4.219796,-4.160000,0.059796,0.000007
107,mobley_4620651,-3.495936,-4.100000,0.604064,0.000686
107,mobley_7977115,-4.283731,-4.060000,0.223731,0.000094
107,mobley_2789243,-3.737911,-4.010000,0.272089,0.000139
107,mobley_3968739,-3.946952,-3.920000,0.026952,0.000001
107,mobley_63712,-3.147410,-3.880000,0.732590,0.001009
107,mobley_1046331,-3.840703,-3.820000,0.020703,0.000001
107,mobley_1160109,-3.791694,-3.750000,0.041694,0.000003
107,mobley_4149784,-2.956182,-3.670000,0.713818,0.000958
107,mobley_397645,-3.832572,-3.640000,0.192572,0.000070
107,mobley_4690963,-4.381731,-3.540000,0.841731,0.001332
107,mobley_1967551,-3.639044,-3.500000,0.139044,0.000036
107,mobley_6733657,-2.807504,-3.440000,0.632496,0.000752
107,mobley_9565165,-3.414575,-3.350000,0.064575,0.000008
107,mobley_2487143,-3.090009,-3.280000,0.189991,0.000068
107,mobley_8449031,-2.603762,-3.220000,0.616238,0.000714
107,mobley_172879,-3.122948,-3.150000,0.027052,0.000001
107,mobley_5346580,-2.012873,-3.110000,1.097127,0.002263
107,mobley_3573480,-2.913809,-3.040000,0.126191,0.000030
107,mobley_1075836,-2.864592,-2.930000,0.065408,0.000008
107,mobley_6102880,-4.163635,-2.870000,1.293635,0.003147
107,mobley_1827204,-2.682728,-2.810000,0.127272,0.000030
107,mobley_2146331,-2.058798,-2.750000,0.691202,0.000898
107,mobley_7943327,-2.541537,-2.680000,0.138463,0.000036
107,mobley_5110043,-2.446552,-2.630000,0.183449,0.000063
107,mobley_5616693,-2.769122,-2.530000,0.239122,0.000108
107,mobley_6619554,-2.300024,-2.490000,0.189976,0.000068
107,mobley_6359156,-3.494536,-2.460000,1.034536,0.002013
107,mobley_1781152,-2.008162,-2.400000,0.391838,0.000289
107,mobley_859464,-2.549421,-2.360000,0.189421,0.000067
107,mobley_7150646,-1.595558,-2.300000,0.704442,0.000933
107,mobley_1592519,-2.528771,-2.230000,0.298771,0.000168
107,mobley_5538249,-1.812256,-2.160000,0.347745,0.000227
107,mobley_6911232,-1.544238,-2.100000,0.555762,0.000581
107,mobley_3269565,-1.412725,-2.010000,0.597275,0.000671
107,mobley_2484519,-2.690584,-1.930000,0.760584,0.001088
107,mobley_7690440,-2.196431,-1.830000,0.366431,0.000252
107,mobley_3802803,-1.793176,-1.660000,0.133176,0.000033
107,mobley_1144156,-1.122754,-1.590000,0.467246,0.000411
107,mobley_2481002,-2.593476,-1.450000,1.143476,0.002459
107,mobley_2489709,-0.985411,-1.360000,0.374589,0.000264
107,mobley_5052949,-0.686209,-1.280000,0.593791,0.000663
107,mobley_2492140,-2.112168,-1.230000,0.882168,0.001463
107,mobley_7542832,-1.131017,-1.160000,0.028983,0.000002
107,mobley_7814642,-1.478499,-1.120000,0.358499,0.000242
107,mobley_1563176,-0.910799,-0.990000,0.079201,0.000012
107,mobley_1873346,-0.599174,-0.900000,0.300826,0.000170
107,mobley_3040612,-0.561041,-0.850000,0.288959,0.000157
107,mobley_4483973,-1.770823,-0.800000,0.970823,0.001772
107,mobley_9913368,-1.647314,-0.780000,0.867314,0.001415
107,mobley_1449384,-0.493332,-0.680000,0.186668,0.000066
107,mobley_7708038,-0.669965,-0.560000,0.109965,0.000023
107,mobley_8311321,0.060676,-0.500000,0.560676,0.000591
107,mobley_766666,-0.571370,-0.440000,0.131370,0.000032
107,mobley_5445548,-0.438320,-0.300000,0.138320,0.000036
107,mobley_9029594,-1.054955,-0.220000,0.834955,0.001311
107,mobley_3370989,-1.917846,-0.110000,1.807846,0.006146
107,mobley_627267,-0.332287,-0.030000,0.302287,0.000172
107,mobley_6250025,0.276909,0.080000,0.196909,0.000073
107,mobley_4252724,-0.365953,0.160000,0.525953,0.000520
107,mobley_7157427,0.344666,0.290000,0.054666,0.000006
107,mobley_8885088,0.111741,0.560000,0.448259,0.000378
107,mobley_8522124,0.580767,0.710000,0.129233,0.000031
107,mobley_4678740,0.827308,1.070000,0.242692,0.000111
107,mobley_2689721,1.106315,1.230000,0.123685,0.000029
107,mobley_1662128,1.356556,1.380000,0.023444,0.000001
107,mobley_4762983,1.955447,1.660000,0.295447,0.000164
107,mobley_7732703,0.668945,1.790000,1.121054,0.002363
107,mobley_2068538,1.627002,2.000000,0.372998,0.000262
107,mobley_5157661,2.044941,2.300000,0.255059,0.000122
107,mobley_1261349,2.453429,2.510000,0.056571,0.000006
107,mobley_2328633,2.176949,2.550000,0.373051,0.000262
107,mobley_8436428,3.036343,2.830000,0.206343,0.000080
107,mobley_3060426,3.291134,2.930000,0.361134,0.000245
107,mobley_2197088,3.338551,3.160000,0.178551,0.000060
108,mobley_9534740,-20.815502,-25.469999,4.654497,0.040739
108,mobley_6239320,-22.373728,-18.059999,4.313728,0.034992
108,mobley_7794077,-14.710257,-15.460000,0.749743,0.001057
108,mobley_7415647,-13.215151,-11.950000,1.265151,0.003010
108,mobley_1728386,-11.039808,-11.000000,0.039808,0.000003
108,mobley_2269032,-10.025719,-10.210000,0.184281,0.000064
108,mobley_2913224,-7.727895,-9.940000,2.212105,0.009202
108,mobley_2659552,-9.747959,-9.760000,0.012041,0.000000
108,mobley_7176290,-9.506146,-9.620000,0.113853,0.000024
108,mobley_2295058,-9.259356,-9.510000,0.250644,0.000118
108,mobley_6055410,-9.866619,-9.400000,0.466619,0.000409
108,mobley_4639255,-9.508718,-9.300000,0.208718,0.000082
108,mobley_1417007,-6.212292,-9.010000,2.797708,0.014719
108,mobley_6115639,-9.550813,-8.700000,0.850813,0.001361
108,mobley_6353617,-7.407780,-8.260000,0.852221,0.001366
108,mobley_2725215,-9.685542,-7.980000,1.705542,0.005470
108,mobley_7039935,-7.263066,-7.670000,0.406934,0.000311
108,mobley_4059279,-6.493077,-7.580000,1.086923,0.002222
108,mobley_951560,-9.648251,-7.400000,2.248250,0.009505
108,mobley_1922649,-8.937286,-7.190000,1.747286,0.005741
108,mobley_8798016,-7.738304,-7.000000,0.738304,0.001025
108,mobley_1858644,-6.956378,-6.790000,0.166378,0.000052
108,mobley_9114381,-6.080586,-6.720000,0.639413,0.000769
108,mobley_5311804,-6.082967,-6.620000,0.537033,0.000542
108,mobley_6743808,-6.006892,-6.500000,0.493108,0.000457
108,mobley_8789864,-5.733129,-6.400000,0.666871,0.000836
108,mobley_7009711,-6.044263,-6.270000,0.225737,0.000096
108,mobley_8789465,-4.976876,-6.200000,1.223124,0.002813
108,mobley_2923700,-5.905963,-6.130000,0.224037,0.000094
108,mobley_4780078,-5.652950,-6.010000,0.357050,0.000240
108,mobley_5467162,-5.415630,-5.910000,0.494370,0.000460
108,mobley_6257907,-5.955078,-5.820000,0.135077,0.000034
108,mobley_7913234,-6.127742,-5.730000,0.397742,0.000297
108,mobley_5518547,-5.756546,-5.570000,0.186545,0.000065
108,mobley_4883284,-5.917050,-5.490000,0.427050,0.000343
108,mobley_5220185,-5.185745,-5.450000,0.264255,0.000131
108,mobley_3359593,-5.300338,-5.260000,0.040338,0.000003
108,mobley_4683624,-5.916883,-5.210000,0.706883,0.000940
108,mobley_1636752,-3.741041,-5.100000,1.358959,0.003473
108,mobley_2310185,-4.577024,-5.000000,0.422976,0.000336
108,mobley_3682850,-4.312942,-4.910000,0.597058,0.000670
108,mobley_1363784,-4.730180,-4.840000,0.109820,0.000023
108,mobley_2837389,-4.328609,-4.780000,0.451391,0.000383
108,mobley_9507933,-4.542074,-4.720000,0.177926,0.000060
108,mobley_296847,-4.877810,-4.690000,0.187809,0.000066
108,mobley_8208692,-3.598273,-4.610000,1.011728,0.001925
108,mobley_4884177,-4.225201,-4.590000,0.364799,0.000250
108,mobley_6714389,-3.990580,-4.550000,0.559420,0.000588
108,mobley_2245668,-4.528168,-4.500000,0.028168,0.000001
108,mobley_5973402,-4.339424,-4.420000,0.080576,0.000012
108,mobley_3546460,-4.390166,-4.400000,0.009834,0.000000
108,mobley_8311303,-3.861337,-4.380000,0.518663,0.000506
108,mobley_9741965,-5.680357,-4.290000,1.390357,0.003635
108,mobley_4603202,-4.552546,-4.230000,0.322546,0.000196
108,mobley_628086,-4.188224,-4.160000,0.028224,0.000001
108,mobley_4620651,-3.539398,-4.100000,0.560602,0.000591
108,mobley_7977115,-4.302642,-4.060000,0.242642,0.000111
108,mobley_2789243,-3.807346,-4.010000,0.202654,0.000077
108,mobley_3968739,-4.020708,-3.920000,0.100708,0.000019
108,mobley_63712,-3.119674,-3.880000,0.760326,0.001087
108,mobley_1046331,-3.900206,-3.820000,0.080206,0.000012
108,mobley_1160109,-3.872654,-3.750000,0.122654,0.000028
108,mobley_4149784,-3.146559,-3.670000,0.523441,0.000515
108,mobley_397645,-3.910441,-3.640000,0.270441,0.000138
108,mobley_4690963,-4.436419,-3.540000,0.896420,0.001511
108,mobley_1967551,-3.624879,-3.500000,0.124879,0.000029
108,mobley_6733657,-2.762530,-3.440000,0.677470,0.000863
108,mobley_9565165,-3.543393,-3.350000,0.193393,0.000070
108,mobley_2487143,-3.121189,-3.280000,0.158811,0.000047
108,mobley_8449031,-2.601238,-3.220000,0.618762,0.000720
108,mobley_172879,-3.241630,-3.150000,0.091630,0.000016
108,mobley_5346580,-2.037151,-3.110000,1.072849,0.002164
108,mobley_3573480,-2.958378,-3.040000,0.081622,0.000013
108,mobley_1075836,-2.902242,-2.930000,0.027758,0.000001
108,mobley_6102880,-4.244359,-2.870000,1.374360,0.003552
108,mobley_1827204,-2.726235,-2.810000,0.083765,0.000013
108,mobley_2146331,-2.063366,-2.750000,0.686634,0.000887
108,mobley_7943327,-2.575067,-2.680000,0.104933,0.000021
108,mobley_5110043,-2.568947,-2.630000,0.061054,0.000007
108,mobley_5616693,-2.834738,-2.530000,0.304738,0.000175
108,mobley_6619554,-2.346113,-2.490000,0.143887,0.000039
108,mobley_6359156,-3.650065,-2.460000,1.190065,0.002663
108,mobley_1781152,-2.079545,-2.400000,0.320455,0.000193
108,mobley_859464,-2.609645,-2.360000,0.249645,0.000117
108,mobley_7150646,-1.665406,-2.300000,0.634594,0.000757
108,mobley_1592519,-2.595062,-2.230000,0.365062,0.000251
108,mobley_5538249,-1.923973,-2.160000,0.236027,0.000105
108,mobley_6911232,-1.566648,-2.100000,0.533351,0.000535
108,mobley_3269565,-1.431867,-2.010000,0.578133,0.000629
108,mobley_2484519,-2.721859,-1.930000,0.791859,0.001179
108,mobley_7690440,-2.112693,-1.830000,0.282693,0.000150
108,mobley_3802803,-1.817204,-1.660000,0.157204,0.000046
108,mobley_1144156,-1.146614,-1.590000,0.443386,0.000370
108,mobley_2481002,-2.564295,-1.450000,1.114295,0.002335
108,mobley_2489709,-0.997186,-1.360000,0.362814,0.000248
108,mobley_5052949,-0.720044,-1.280000,0.559956,0.000590
108,mobley_2492140,-2.024894,-1.230000,0.794894,0.001188
108,mobley_7542832,-1.189612,-1.160000,0.029612,0.000002
108,mobley_7814642,-1.509388,-1.120000,0.389388,0.000285
108,mobley_1563176,-0.937114,-0.990000,0.052886,0.000005
108,mobley_1873346,-0.667551,-0.900000,0.232449,0.000102
108,mobley_3040612,-0.646911,-0.850000,0.203089,0.000078
108,mobley_4483973,-1.803519,-0.800000,1.003519,0.001894
108,mobley_9913368,-1.657446,-0.780000,0.877446,0.001448
108,mobley_1449384,-0.610608,-0.680000,0.069392,0.000009
108,mobley_7708038,-0.679803,-0.560000,0.119803,0.000027
108,mobley_8311321,0.061103,-0.500000,0.561103,0.000592
108,mobley_766666,-0.556409,-0.440000,0.116409,0.000025
108,mobley_5445548,-0.540219,-0.300000,0.240219,0.000109
108,mobley_9029594,-1.023667,-0.220000,0.803667,0.001215
108,mobley_3370989,-1.941175,-0.110000,1.831175,0.006306
108,mobley_627267,-0.359712,-0.030000,0.329712,0.000204
108,mobley_6250025,0.220400,0.080000,0.140400,0.000037
108,mobley_4252724,-0.472249,0.160000,0.632249,0.000752
108,mobley_7157427,0.299492,0.290000,0.009492,0.000000
108,mobley_8885088,0.079810,0.560000,0.480190,0.000434
108,mobley_8522124,0.513591,0.710000,0.196409,0.000073
108,mobley_4678740,0.781709,1.070000,0.288291,0.000156
108,mobley_2689721,1.072713,1.230000,0.157287,0.000047
108,mobley_1662128,1.308802,1.380000,0.071198,0.000010
108,mobley_4762983,1.884228,1.660000,0.224228,0.000095
108,mobley_7732703,0.675671,1.790000,1.114329,0.002335
108,mobley_2068538,1.590436,2.000000,0.409564,0.000315
108,mobley_5157661,2.002566,2.300000,0.297434,0.000166
108,mobley_1261349,2.398805,2.510000,0.111195,0.000023
108,mobley_2328633,2.096697,2.550000,0.453303,0.000386
108,mobley_8436428,2.954007,2.830000,0.124007,0.000029
108,mobley_3060426,3.207031,2.930000,0.277031,0.000144
108,mobley_2197088,3.243011,3.160000,0.083011,0.000013
109,mobley_9534740,-20.773821,-25.469999,4.696178,0.041472
109,mobley_6239320,-22.230730,-18.059999,4.170731,0.032710
109,mobley_7794077,-14.629529,-15.460000,0.830471,0.001297
109,mobley_7415647,-13.144550,-11.950000,1.194551,0.002683
109,mobley_1728386,-11.003798,-11.000000,0.003798,0.000000
109,mobley_2269032,-10.030815,-10.210000,0.179185,0.000060
109,mobley_2913224,-7.702259,-9.940000,2.237741,0.009416
109,mobley_2659552,-9.711957,-9.760000,0.048043,0.000004
109,mobley_7176290,-9.466822,-9.620000,0.153178,0.000044
109,mobley_2295058,-9.243175,-9.510000,0.266826,0.000134
109,mobley_6055410,-9.844338,-9.400000,0.444339,0.000371
109,mobley_4639255,-9.497375,-9.300000,0.197375,0.000073
109,mobley_1417007,-6.214337,-9.010000,2.795663,0.014697
109,mobley_6115639,-9.521234,-8.700000,0.821234,0.001268
109,mobley_6353617,-7.408574,-8.260000,0.851426,0.001363
109,mobley_2725215,-9.617659,-7.980000,1.637659,0.005043
109,mobley_7039935,-7.256338,-7.670000,0.413662,0.000322
109,mobley_4059279,-6.330289,-7.580000,1.249711,0.002937
109,mobley_951560,-9.582465,-7.400000,2.182465,0.008957
109,mobley_1922649,-8.866767,-7.190000,1.676767,0.005287
109,mobley_8798016,-7.710316,-7.000000,0.710316,0.000949
109,mobley_1858644,-6.937214,-6.790000,0.147214,0.000041
109,mobley_9114381,-6.037206,-6.720000,0.682794,0.000877
109,mobley_5311804,-6.063077,-6.620000,0.556922,0.000583
109,mobley_6743808,-6.026447,-6.500000,0.473553,0.000422
109,mobley_8789864,-5.585983,-6.400000,0.814017,0.001246
109,mobley_7009711,-6.053640,-6.270000,0.216360,0.000088
109,mobley_8789465,-4.994773,-6.200000,1.205227,0.002731
109,mobley_2923700,-5.909904,-6.130000,0.220097,0.000091
109,mobley_4780078,-5.683679,-6.010000,0.326321,0.000200
109,mobley_5467162,-5.411558,-5.910000,0.498442,0.000467
109,mobley_6257907,-5.960729,-5.820000,0.140729,0.000037
109,mobley_7913234,-6.078890,-5.730000,0.348890,0.000229
109,mobley_5518547,-5.780574,-5.570000,0.210574,0.000083
109,mobley_4883284,-5.926558,-5.490000,0.436558,0.000358
109,mobley_5220185,-5.139701,-5.450000,0.310299,0.000181
109,mobley_3359593,-5.281251,-5.260000,0.021251,0.000001
109,mobley_4683624,-5.914277,-5.210000,0.704277,0.000933
109,mobley_1636752,-3.731868,-5.100000,1.368132,0.003520
109,mobley_2310185,-4.579162,-5.000000,0.420838,0.000333
109,mobley_3682850,-4.252088,-4.910000,0.657912,0.000814
109,mobley_1363784,-4.760860,-4.840000,0.079140,0.000012
109,mobley_2837389,-4.313084,-4.780000,0.466916,0.000410
109,mobley_9507933,-4.559724,-4.720000,0.160275,0.000048
109,mobley_296847,-4.874888,-4.690000,0.184888,0.000064
109,mobley_8208692,-3.674569,-4.610000,0.935431,0.001645
109,mobley_4884177,-4.229200,-4.590000,0.360800,0.000245
109,mobley_6714389,-3.987083,-4.550000,0.562917,0.000596
109,mobley_2245668,-4.529055,-4.500000,0.029055,0.000002
109,mobley_5973402,-4.315061,-4.420000,0.104939,0.000021
109,mobley_3546460,-4.371079,-4.400000,0.028921,0.000002
109,mobley_8311303,-3.850985,-4.380000,0.529015,0.000526
109,mobley_9741965,-5.609239,-4.290000,1.319239,0.003273
109,mobley_4603202,-4.425566,-4.230000,0.195566,0.000072
109,mobley_628086,-4.150860,-4.160000,0.009140,0.000000
109,mobley_4620651,-3.508598,-4.100000,0.591402,0.000658
109,mobley_7977115,-4.297573,-4.060000,0.237573,0.000106
109,mobley_2789243,-3.740531,-4.010000,0.269469,0.000137
109,mobley_3968739,-3.993593,-3.920000,0.073593,0.000010
109,mobley_63712,-3.031059,-3.880000,0.848941,0.001355
109,mobley_1046331,-3.882837,-3.820000,0.062837,0.000007
109,mobley_1160109,-3.801485,-3.750000,0.051485,0.000005
109,mobley_4149784,-3.044463,-3.670000,0.625537,0.000736
109,mobley_397645,-3.887962,-3.640000,0.247962,0.000116
109,mobley_4690963,-4.356246,-3.540000,0.816246,0.001253
109,mobley_1967551,-3.654478,-3.500000,0.154478,0.000045
109,mobley_6733657,-2.833293,-3.440000,0.606707,0.000692
109,mobley_9565165,-3.540562,-3.350000,0.190562,0.000068
109,mobley_2487143,-3.100315,-3.280000,0.179685,0.000061
109,mobley_8449031,-2.543978,-3.220000,0.676022,0.000859
109,mobley_172879,-3.220439,-3.150000,0.070439,0.000009
109,mobley_5346580,-2.039681,-3.110000,1.070319,0.002154
109,mobley_3573480,-2.934032,-3.040000,0.105968,0.000021
109,mobley_1075836,-2.866962,-2.930000,0.063038,0.000007
109,mobley_6102880,-4.228096,-2.870000,1.358096,0.003468
109,mobley_1827204,-2.696233,-2.810000,0.113767,0.000024
109,mobley_2146331,-2.063756,-2.750000,0.686244,0.000886
109,mobley_7943327,-2.535875,-2.680000,0.144125,0.000039
109,mobley_5110043,-2.608246,-2.630000,0.021754,0.000001
109,mobley_5616693,-2.770945,-2.530000,0.240945,0.000109
109,mobley_6619554,-2.290802,-2.490000,0.199198,0.000075
109,mobley_6359156,-3.604389,-2.460000,1.144389,0.002463
109,mobley_1781152,-2.010034,-2.400000,0.389966,0.000286
109,mobley_859464,-2.542684,-2.360000,0.182684,0.000063
109,mobley_7150646,-1.630012,-2.300000,0.669988,0.000844
109,mobley_1592519,-2.535881,-2.230000,0.305881,0.000176
109,mobley_5538249,-1.838539,-2.160000,0.321461,0.000194
109,mobley_6911232,-1.535618,-2.100000,0.564382,0.000599
109,mobley_3269565,-1.428187,-2.010000,0.581813,0.000637
109,mobley_2484519,-2.694791,-1.930000,0.764791,0.001100
109,mobley_7690440,-2.087837,-1.830000,0.257837,0.000125
109,mobley_3802803,-1.795858,-1.660000,0.135858,0.000035
109,mobley_1144156,-1.106926,-1.590000,0.483074,0.000439
109,mobley_2481002,-2.548245,-1.450000,1.098245,0.002268
109,mobley_2489709,-1.018275,-1.360000,0.341725,0.000220
109,mobley_5052949,-0.708553,-1.280000,0.571447,0.000614
109,mobley_2492140,-2.057987,-1.230000,0.827987,0.001289
109,mobley_7542832,-1.142162,-1.160000,0.017838,0.000001
109,mobley_7814642,-1.472526,-1.120000,0.352526,0.000234
109,mobley_1563176,-0.936099,-0.990000,0.053901,0.000005
109,mobley_1873346,-0.670086,-0.900000,0.229914,0.000099
109,mobley_3040612,-0.660422,-0.850000,0.189578,0.000068
109,mobley_4483973,-1.796847,-0.800000,0.996846,0.001869
109,mobley_9913368,-1.623543,-0.780000,0.843543,0.001338
109,mobley_1449384,-0.615869,-0.680000,0.064131,0.000008
109,mobley_7708038,-0.687198,-0.560000,0.127198,0.000030
109,mobley_8311321,0.081941,-0.500000,0.581941,0.000637
109,mobley_766666,-0.561134,-0.440000,0.121134,0.000028
109,mobley_5445548,-0.533677,-0.300000,0.233677,0.000103
109,mobley_9029594,-1.038555,-0.220000,0.818555,0.001260
109,mobley_3370989,-1.926900,-0.110000,1.816900,0.006208
109,mobley_627267,-0.355938,-0.030000,0.325938,0.000200
109,mobley_6250025,0.227757,0.080000,0.147757,0.000041
109,mobley_4252724,-0.447022,0.160000,0.607022,0.000693
109,mobley_7157427,0.330539,0.290000,0.040539,0.000003
109,mobley_8885088,0.089502,0.560000,0.470498,0.000416
109,mobley_8522124,0.525861,0.710000,0.184139,0.000064
109,mobley_4678740,0.865071,1.070000,0.204929,0.000079
109,mobley_2689721,1.107722,1.230000,0.122278,0.000028
109,mobley_1662128,1.282620,1.380000,0.097380,0.000018
109,mobley_4762983,1.875738,1.660000,0.215738,0.000088
109,mobley_7732703,0.687676,1.790000,1.102324,0.002285
109,mobley_2068538,1.583792,2.000000,0.416208,0.000326
109,mobley_5157661,2.008193,2.300000,0.291807,0.000160
109,mobley_1261349,2.437025,2.510000,0.072975,0.000010
109,mobley_2328633,2.150756,2.550000,0.399244,0.000300
109,mobley_8436428,2.969356,2.830000,0.139356,0.000037
109,mobley_3060426,3.277767,2.930000,0.347767,0.000227
109,mobley_2197088,3.288670,3.160000,0.128670,0.000031
110,mobley_9534740,-20.813339,-25.469999,4.656660,0.040777
110,mobley_6239320,-22.287794,-18.059999,4.227795,0.033612
110,mobley_7794077,-14.653255,-15.460000,0.806745,0.001224
110,mobley_7415647,-13.095698,-11.950000,1.145699,0.002468
110,mobley_1728386,-10.948329,-11.000000,0.051671,0.000005
110,mobley_2269032,-9.940975,-10.210000,0.269025,0.000136
110,mobley_2913224,-7.648888,-9.940000,2.291112,0.009871
110,mobley_2659552,-9.631184,-9.760000,0.128817,0.000031
110,mobley_7176290,-9.435730,-9.620000,0.184270,0.000064
110,mobley_2295058,-9.195369,-9.510000,0.314631,0.000186
110,mobley_6055410,-9.780787,-9.400000,0.380788,0.000273
110,mobley_4639255,-9.517158,-9.300000,0.217157,0.000089
110,mobley_1417007,-6.217173,-9.010000,2.792827,0.014667
110,mobley_6115639,-9.366019,-8.700000,0.666019,0.000834
110,mobley_6353617,-7.353600,-8.260000,0.906400,0.001545
110,mobley_2725215,-9.488877,-7.980000,1.508877,0.004281
110,mobley_7039935,-7.165176,-7.670000,0.504824,0.000479
110,mobley_4059279,-6.370543,-7.580000,1.209456,0.002751
110,mobley_951560,-9.570880,-7.400000,2.170880,0.008862
110,mobley_1922649,-8.719994,-7.190000,1.529994,0.004402
110,mobley_8798016,-7.626886,-7.000000,0.626886,0.000739
110,mobley_1858644,-6.901588,-6.790000,0.111588,0.000023
110,mobley_9114381,-6.038803,-6.720000,0.681197,0.000873
110,mobley_5311804,-6.017516,-6.620000,0.602484,0.000683
110,mobley_6743808,-5.916972,-6.500000,0.583028,0.000639
110,mobley_8789864,-5.614960,-6.400000,0.785040,0.001159
110,mobley_7009711,-5.943842,-6.270000,0.326158,0.000200
110,mobley_8789465,-4.905972,-6.200000,1.294027,0.003149
110,mobley_2923700,-5.829815,-6.130000,0.300185,0.000169
110,mobley_4780078,-5.576757,-6.010000,0.433243,0.000353
110,mobley_5467162,-5.298076,-5.910000,0.611924,0.000704
110,mobley_6257907,-5.910811,-5.820000,0.090811,0.000016
110,mobley_7913234,-6.118817,-5.730000,0.388817,0.000284
110,mobley_5518547,-5.681114,-5.570000,0.111114,0.000023
110,mobley_4883284,-5.852434,-5.490000,0.362434,0.000247
110,mobley_5220185,-5.115894,-5.450000,0.334105,0.000210
110,mobley_3359593,-5.265993,-5.260000,0.005993,0.000000
110,mobley_4683624,-5.847382,-5.210000,0.637382,0.000764
110,mobley_1636752,-3.734684,-5.100000,1.365316,0.003505
110,mobley_2310185,-4.582691,-5.000000,0.417309,0.000327
110,mobley_3682850,-4.250017,-4.910000,0.659983,0.000819
110,mobley_1363784,-4.659553,-4.840000,0.180447,0.000061
110,mobley_2837389,-4.245560,-4.780000,0.534441,0.000537
110,mobley_9507933,-4.459866,-4.720000,0.260134,0.000127
110,mobley_296847,-4.810125,-4.690000,0.120125,0.000027
110,mobley_8208692,-3.710366,-4.610000,0.899634,0.001522
110,mobley_4884177,-4.149489,-4.590000,0.440511,0.000365
110,mobley_6714389,-3.967817,-4.550000,0.582183,0.000637
110,mobley_2245668,-4.527506,-4.500000,0.027506,0.000001
110,mobley_5973402,-4.320727,-4.420000,0.099273,0.000019
110,mobley_3546460,-4.402773,-4.400000,0.002773,0.000000
110,mobley_8311303,-3.885362,-4.380000,0.494638,0.000460
110,mobley_9741965,-5.616784,-4.290000,1.326784,0.003310
110,mobley_4603202,-4.482343,-4.230000,0.252343,0.000120
110,mobley_628086,-4.126228,-4.160000,0.033772,0.000002
110,mobley_4620651,-3.497190,-4.100000,0.602810,0.000683
110,mobley_7977115,-4.323285,-4.060000,0.263285,0.000130
110,mobley_2789243,-3.737400,-4.010000,0.272600,0.000140
110,mobley_3968739,-3.931434,-3.920000,0.011434,0.000000
110,mobley_63712,-3.065337,-3.880000,0.814663,0.001248
110,mobley_1046331,-3.820404,-3.820000,0.000404,0.000000
110,mobley_1160109,-3.754411,-3.750000,0.004411,0.000000
110,mobley_4149784,-3.052846,-3.670000,0.617154,0.000716
110,mobley_397645,-3.814492,-3.640000,0.174491,0.000057
110,mobley_4690963,-4.393564,-3.540000,0.853564,0.001370
110,mobley_1967551,-3.609185,-3.500000,0.109185,0.000022
110,mobley_6733657,-2.877804,-3.440000,0.562196,0.000594
110,mobley_9565165,-3.382267,-3.350000,0.032267,0.000002
110,mobley_2487143,-3.084506,-3.280000,0.195494,0.000072
110,mobley_8449031,-2.564337,-3.220000,0.655663,0.000808
110,mobley_172879,-3.156924,-3.150000,0.006924,0.000000
110,mobley_5346580,-1.938418,-3.110000,1.171582,0.002581
110,mobley_3573480,-2.922648,-3.040000,0.117352,0.000026
110,mobley_1075836,-2.865555,-2.930000,0.064445,0.000008
110,mobley_6102880,-4.141791,-2.870000,1.271791,0.003042
110,mobley_1827204,-2.685300,-2.810000,0.124700,0.000029
110,mobley_2146331,-1.995077,-2.750000,0.754923,0.001072
110,mobley_7943327,-2.527643,-2.680000,0.152357,0.000044
110,mobley_5110043,-2.436054,-2.630000,0.193947,0.000071
110,mobley_5616693,-2.758153,-2.530000,0.228153,0.000098
110,mobley_6619554,-2.302455,-2.490000,0.187545,0.000066
110,mobley_6359156,-3.546077,-2.460000,1.086077,0.002218
110,mobley_1781152,-1.959227,-2.400000,0.440773,0.000365
110,mobley_859464,-2.530411,-2.360000,0.170411,0.000055
110,mobley_7150646,-1.538133,-2.300000,0.761867,0.001091
110,mobley_1592519,-2.547529,-2.230000,0.317529,0.000190
110,mobley_5538249,-1.819488,-2.160000,0.340512,0.000218
110,mobley_6911232,-1.536024,-2.100000,0.563976,0.000598
110,mobley_3269565,-1.410193,-2.010000,0.599807,0.000677
110,mobley_2484519,-2.652765,-1.930000,0.722765,0.000982
110,mobley_7690440,-2.055308,-1.830000,0.225308,0.000095
110,mobley_3802803,-1.802143,-1.660000,0.142143,0.000038
110,mobley_1144156,-1.119681,-1.590000,0.470319,0.000416
110,mobley_2481002,-2.549736,-1.450000,1.099736,0.002274
110,mobley_2489709,-0.973791,-1.360000,0.386209,0.000280
110,mobley_5052949,-0.704999,-1.280000,0.575001,0.000622
110,mobley_2492140,-2.150089,-1.230000,0.920089,0.001592
110,mobley_7542832,-1.171227,-1.160000,0.011227,0.000000
110,mobley_7814642,-1.490263,-1.120000,0.370263,0.000258
110,mobley_1563176,-0.927761,-0.990000,0.062239,0.000007
110,mobley_1873346,-0.574993,-0.900000,0.325007,0.000199
110,mobley_3040612,-0.566534,-0.850000,0.283466,0.000151
110,mobley_4483973,-1.730809,-0.800000,0.930809,0.001629
110,mobley_9913368,-1.639486,-0.780000,0.859486,0.001389
110,mobley_1449384,-0.502331,-0.680000,0.177669,0.000059
110,mobley_7708038,-0.654073,-0.560000,0.094073,0.000017
110,mobley_8311321,0.073875,-0.500000,0.573875,0.000619
110,mobley_766666,-0.569123,-0.440000,0.129123,0.000031
110,mobley_5445548,-0.438647,-0.300000,0.138647,0.000036
110,mobley_9029594,-1.013023,-0.220000,0.793023,0.001183
110,mobley_3370989,-1.932016,-0.110000,1.822016,0.006243
110,mobley_627267,-0.323283,-0.030000,0.293283,0.000162
110,mobley_6250025,0.247643,0.080000,0.167643,0.000053
110,mobley_4252724,-0.367330,0.160000,0.527330,0.000523
110,mobley_7157427,0.307873,0.290000,0.017873,0.000001
110,mobley_8885088,0.148563,0.560000,0.411437,0.000318
110,mobley_8522124,0.577273,0.710000,0.132727,0.000033
110,mobley_4678740,0.888744,1.070000,0.181256,0.000062
110,mobley_2689721,1.127920,1.230000,0.102080,0.000020
110,mobley_1662128,1.362937,1.380000,0.017063,0.000001
110,mobley_4762983,1.939939,1.660000,0.279939,0.000147
110,mobley_7732703,0.696921,1.790000,1.093078,0.002247
110,mobley_2068538,1.618790,2.000000,0.381210,0.000273
110,mobley_5157661,2.062783,2.300000,0.237217,0.000106
110,mobley_1261349,2.532013,2.510000,0.022013,0.000001
110,mobley_2328633,2.157736,2.550000,0.392264,0.000289
110,mobley_8436428,3.019738,2.830000,0.189738,0.000068
110,mobley_3060426,3.347257,2.930000,0.417257,0.000327
110,mobley_2197088,3.296311,3.160000,0.136311,0.000035
