mol_id,atom_idx,P_seed42,P_seed123,P_seed999
mobley_1017962,0,-0.843151,-0.840927,-0.841617
mobley_1017962,1,-0.397051,-0.396037,-0.397108
mobley_1017962,2,-0.526957,-0.525610,-0.526491
mobley_1017962,3,-0.423610,-0.422709,-0.423350
mobley_1017962,4,-0.470046,-0.468648,-0.470010
mobley_1017962,5,-0.277272,-0.277603,-0.276750
mobley_1017962,6,-2.069393,-2.069215,-2.069877
mobley_1017962,7,-0.929165,-0.929071,-0.928271
mobley_1017962,8,-0.968125,-0.966142,-0.965598
mobley_1017962,9,0.412463,0.411299,0.412141
mobley_1017962,10,0.412466,0.411301,0.412144
mobley_1017962,11,0.280201,0.279519,0.279974
mobley_1017962,12,0.287522,0.286782,0.287258
mobley_1017962,13,0.287522,0.286783,0.287258
mobley_1017962,14,0.339311,0.338387,0.339011
mobley_1017962,15,0.339312,0.338388,0.339012
mobley_1017962,16,0.280524,0.279938,0.280117
mobley_1017962,17,0.280523,0.279937,0.280116
mobley_1017962,18,0.218957,0.218695,0.218471
mobley_1017962,19,0.218958,0.218696,0.218472
mobley_1017962,20,0.258711,0.258131,0.258492
mobley_1017962,21,0.262754,0.262028,0.262649
mobley_1017962,22,0.258709,0.258130,0.258491
mobley_1019269,0,-0.846103,-0.843871,-0.844557
mobley_1019269,1,-0.412254,-0.411219,-0.412245
mobley_1019269,2,-0.437547,-0.436380,-0.437516
mobley_1019269,3,-0.657388,-0.656197,-0.655955
mobley_1019269,4,-3.010714,-3.010600,-3.012677
mobley_1019269,5,0.279792,0.279111,0.279567
mobley_1019269,6,0.413372,0.412205,0.413050
mobley_1019269,7,0.414124,0.412954,0.413802
mobley_1019269,8,0.292504,0.291740,0.292229
mobley_1019269,9,0.288440,0.287696,0.288170
mobley_1019269,10,0.301579,0.300865,0.301222
mobley_1019269,11,0.399573,0.398462,0.399185
mobley_1019269,12,0.273279,0.272520,0.273098
mobley_1019269,13,0.178256,0.177873,0.178120
mobley_1019269,14,0.173341,0.174547,0.171378
mobley_1034539,0,-0.371972,-0.371494,-0.371886
mobley_1034539,1,-0.313627,-0.313463,-0.313796
mobley_1034539,2,0.605341,0.602689,0.600264
mobley_1034539,3,0.622635,0.619975,0.617465
mobley_1034539,4,-0.349555,-0.349215,-0.349650
mobley_1034539,5,0.146761,0.145590,0.144625
mobley_1034539,6,-0.000266,-0.001058,-0.001589
mobley_1034539,7,-0.342135,-0.341840,-0.342259
mobley_1034539,8,0.620611,0.618005,0.615418
mobley_1034539,9,0.695723,0.692815,0.690007
mobley_1034539,10,0.705461,0.702576,0.699699
mobley_1034539,11,0.568288,0.565863,0.563315
mobley_1034539,12,-1.043681,-1.043314,-1.043127
mobley_1034539,13,-1.009540,-1.009148,-1.008894
mobley_1034539,14,-1.014644,-1.014255,-1.014018
mobley_1034539,15,-1.081697,-1.081412,-1.081325
mobley_1034539,16,-1.090250,-1.089971,-1.089911
mobley_1034539,17,-1.091301,-1.091024,-1.090969
mobley_1034539,18,-0.182676,-0.182034,-0.182356
mobley_1034539,19,-0.308718,-0.307324,-0.308124
mobley_1034539,20,-0.313499,-0.312198,-0.312818
mobley_1034539,21,-0.297054,-0.295780,-0.296441
mobley_1036761,0,-0.449024,-0.447915,-0.448894
mobley_1036761,1,-0.430189,-0.429044,-0.430173
mobley_1036761,2,-0.577030,-0.575719,-0.576380
mobley_1036761,3,0.380455,0.379568,0.378095
mobley_1036761,4,-0.555095,-0.553778,-0.554564
mobley_1036761,5,-0.430464,-0.429319,-0.430440
mobley_1036761,6,-1.405777,-1.407517,-1.407014
mobley_1036761,7,0.063319,0.063309,0.063249
mobley_1036761,8,0.190610,0.190059,0.190521
mobley_1036761,9,0.186690,0.186158,0.186635
mobley_1036761,10,0.060620,0.060631,0.060563
mobley_1036761,11,0.093331,0.093058,0.093255
mobley_1036761,12,0.012968,0.013028,0.012880
mobley_1036761,13,0.088116,0.087873,0.088188
mobley_1036761,14,-0.031161,-0.030998,-0.031222
mobley_1036761,15,0.154863,0.154308,0.154763
mobley_1036761,16,0.060766,0.060776,0.060708
mobley_1036761,17,0.187543,0.187002,0.187481
mobley_1036761,18,-1.323555,-1.320405,-1.324207
mobley_1036761,19,-1.165206,-1.162577,-1.165960
mobley_1046331,0,-0.398707,-0.398339,-0.398299
mobley_1046331,1,-0.375466,-0.375128,-0.375170
mobley_1046331,2,-0.399597,-0.399072,-0.399319
mobley_1046331,3,-0.229773,-0.230518,-0.229297
mobley_1046331,4,-0.367011,-0.366763,-0.366619
mobley_1046331,5,-0.375413,-0.375076,-0.375123
mobley_1046331,6,-1.297135,-1.297072,-1.296798
mobley_1046331,7,-0.522215,-0.521731,-0.521019
mobley_1046331,8,-1.193445,-1.192739,-1.193482
mobley_1046331,9,-0.144955,-0.144321,-0.144800
mobley_1046331,10,-0.146132,-0.145488,-0.145970
mobley_1046331,11,-0.135908,-0.135317,-0.135764
mobley_1046331,12,-0.189505,-0.188435,-0.189691
mobley_1046331,13,-0.146545,-0.145899,-0.146382
mobley_1046331,14,-0.133205,-0.132570,-0.133054
mobley_1075836,0,-0.770585,-0.768779,-0.769125
mobley_1075836,1,-0.371552,-0.370467,-0.371904
mobley_1075836,2,-0.303569,-0.303880,-0.302920
mobley_1075836,3,-2.132359,-2.132221,-2.132833
mobley_1075836,4,-0.939051,-0.938938,-0.938158
mobley_1075836,5,-0.968134,-0.966150,-0.965607
mobley_1075836,6,0.352675,0.351906,0.352197
mobley_1075836,7,0.352676,0.351908,0.352199
mobley_1075836,8,0.277930,0.277224,0.277736
mobley_1075836,9,0.173341,0.173272,0.172870
mobley_1075836,10,0.173341,0.173272,0.172870
mobley_1075836,11,0.262721,0.261995,0.262616
mobley_1075836,12,0.258732,0.258152,0.258513
mobley_1075836,13,0.258734,0.258154,0.258515
mobley_1079207,0,-0.358988,-0.358652,-0.358840
mobley_1079207,1,-0.342388,-0.342234,-0.342385
mobley_1079207,2,0.537236,0.534853,0.532634
mobley_1079207,3,-0.289587,-0.289627,-0.289947
mobley_1079207,4,0.537236,0.534854,0.532635
mobley_1079207,5,-0.342388,-0.342234,-0.342386
mobley_1079207,6,-1.152325,-1.152157,-1.152230
mobley_1079207,7,-1.152325,-1.152157,-1.152230
mobley_1079207,8,-0.145954,-0.145302,-0.145785
mobley_1079207,9,-0.332124,-0.330664,-0.331475
mobley_1079207,10,-0.519618,-0.517335,-0.518476
mobley_1079207,11,-0.332124,-0.330664,-0.331475
mobley_1107178,0,-0.767128,-0.765210,-0.765878
mobley_1107178,1,-0.510154,-0.508998,-0.509732
mobley_1107178,2,0.000000,0.000000,0.000000
mobley_1107178,3,0.297390,0.296660,0.297149
mobley_1107178,4,0.398883,0.397877,0.398536
mobley_1107178,5,0.398883,0.397878,0.398536
mobley_1107178,6,0.178581,0.178275,0.178403
mobley_1107178,7,0.178580,0.178274,0.178402
mobley_1139153,0,-0.925945,-0.923554,-0.924046
mobley_1139153,1,0.084375,0.084234,0.082460
mobley_1139153,2,-0.978159,-0.975616,-0.976053
mobley_1139153,3,-0.914855,-0.912501,-0.912797
mobley_1139153,4,0.603656,0.601957,0.599848
mobley_1139153,5,-1.102758,-1.099787,-1.100214
mobley_1139153,6,-1.034258,-1.031488,-1.031989
mobley_1139153,7,-1.019001,-1.016318,-1.016754
mobley_1139153,8,0.485422,0.483934,0.485086
mobley_1139153,9,0.344419,0.343511,0.344129
mobley_1139153,10,0.260744,0.260173,0.260504
mobley_1139153,11,0.051760,0.051757,0.051665
mobley_1139153,12,0.349075,0.348171,0.348772
mobley_1139153,13,0.210365,0.209759,0.210269
mobley_1139153,14,0.398590,0.397502,0.398264
mobley_1139153,15,0.254635,0.254002,0.254374
mobley_1139153,16,0.343246,0.342167,0.343008
mobley_1139153,17,0.174749,0.174265,0.174678
mobley_1139153,18,0.256517,0.255740,0.256382
mobley_1139153,19,0.407176,0.406021,0.406852
mobley_1139153,20,0.347551,0.346608,0.347273
mobley_1139153,21,0.275196,0.274424,0.275012
mobley_1139153,22,0.410966,0.409798,0.410647
mobley_1139153,23,0.368371,0.367399,0.368054
mobley_1139153,24,0.397444,0.396272,0.397166
mobley_1139153,25,0.384858,0.383750,0.384571
mobley_1144156,0,-0.760030,-0.757955,-0.758924
mobley_1144156,1,-0.549397,-0.548476,-0.548395
mobley_1144156,2,-1.260759,-1.261381,-1.259471
mobley_1144156,3,-0.549398,-0.548477,-0.548396
mobley_1144156,4,-0.760032,-0.757956,-0.758926
mobley_1144156,5,0.281209,0.280652,0.280844
mobley_1144156,6,0.395130,0.394101,0.394754
mobley_1144156,7,0.395130,0.394101,0.394754
mobley_1144156,8,0.204241,0.203769,0.204086
mobley_1144156,9,0.204241,0.203769,0.204086
mobley_1144156,10,0.204241,0.203768,0.204086
mobley_1144156,11,0.204241,0.203768,0.204085
mobley_1144156,12,0.281210,0.280652,0.280845
mobley_1144156,13,0.395131,0.394102,0.394756
mobley_1144156,14,0.395130,0.394102,0.394755
mobley_1160109,0,-0.866614,-0.864483,-0.864816
mobley_1160109,1,-0.052291,-0.052178,-0.053664
mobley_1160109,2,-0.460528,-0.459330,-0.460344
mobley_1160109,3,-0.453609,-0.452266,-0.453560
mobley_1160109,4,-0.168026,-0.167712,-0.168797
mobley_1160109,5,-0.532157,-0.530572,-0.531855
mobley_1160109,6,-0.139533,-0.139878,-0.139870
mobley_1160109,7,-2.135154,-2.135448,-2.135223
mobley_1160109,8,-0.042376,-0.042832,-0.043276
mobley_1160109,9,-0.847456,-0.845726,-0.845469
mobley_1160109,10,-0.942384,-0.939871,-0.940501
mobley_1160109,11,0.341785,0.340815,0.341570
mobley_1160109,12,0.377927,0.377065,0.377427
mobley_1160109,13,0.266684,0.266111,0.266395
mobley_1160109,14,-0.017303,-0.016875,-0.017597
mobley_1160109,15,0.094941,0.094823,0.094866
mobley_1160109,16,0.212810,0.212219,0.212676
mobley_1160109,17,0.098031,0.097797,0.098004
mobley_1160109,18,0.134811,0.134359,0.134832
mobley_1160109,19,-0.050905,-0.050468,-0.050967
mobley_1160109,20,0.106641,0.106360,0.106652
mobley_1160109,21,0.060834,0.060888,0.060589
mobley_1160109,22,-0.003458,-0.003117,-0.003530
mobley_1160109,23,-0.039109,-0.038700,-0.039132
mobley_1160109,24,0.313012,0.312223,0.312761
mobley_1160109,25,0.277830,0.276988,0.277702
mobley_1160109,26,0.281034,0.280174,0.280909
mobley_1178614,0,-0.376076,-0.375739,-0.375784
mobley_1178614,1,-0.378325,-0.377971,-0.378052
mobley_1178614,2,-0.319643,-0.319518,-0.319732
mobley_1178614,3,0.513517,0.511263,0.508982
mobley_1178614,4,-0.165195,-0.165990,-0.165391
mobley_1178614,5,-0.455821,-0.455214,-0.455302
mobley_1178614,6,-2.255831,-2.255606,-2.259255
mobley_1178614,7,-1.126873,-1.126752,-1.126535
mobley_1178614,8,-0.144750,-0.144110,-0.144590
mobley_1178614,9,-0.144974,-0.144332,-0.144813
mobley_1178614,10,-0.334169,-0.332698,-0.333513
mobley_1178614,11,-0.119712,-0.119130,-0.119581
mobley_1178614,12,0.103606,0.104916,0.101733
mobley_1189457,0,-0.799956,-0.797414,-0.798396
mobley_1189457,1,-1.180006,-1.180039,-1.180887
mobley_1189457,2,-0.064431,-0.064590,-0.064789
mobley_1189457,3,-0.375160,-0.374762,-0.374763
mobley_1189457,4,-0.378767,-0.378421,-0.378472
mobley_1189457,5,-0.399076,-0.398705,-0.398670
mobley_1189457,6,-0.379071,-0.378718,-0.378767
mobley_1189457,7,-0.423381,-0.422784,-0.422790
mobley_1189457,8,0.326427,0.325627,0.326267
mobley_1189457,9,0.169001,0.168590,0.169062
mobley_1189457,10,0.253714,0.253079,0.253657
mobley_1189457,11,-0.214873,-0.214147,-0.214840
mobley_1189457,12,-0.147025,-0.146376,-0.146863
mobley_1189457,13,-0.145137,-0.144501,-0.144982
mobley_1189457,14,-0.147333,-0.146683,-0.147172
mobley_1189457,15,-0.282942,-0.282076,-0.282849
mobley_1199854,0,-0.808502,-0.806420,-0.807093
mobley_1199854,1,-0.316330,-0.315634,-0.316699
mobley_1199854,2,-0.648834,-0.647319,-0.647842
mobley_1199854,3,0.000000,0.000000,0.000000
mobley_1199854,4,0.289114,0.288385,0.288887
mobley_1199854,5,0.414369,0.413243,0.414036
mobley_1199854,6,0.335203,0.334320,0.334937
mobley_1199854,7,0.164142,0.163861,0.163966
mobley_1199854,8,0.285208,0.284587,0.284913
mobley_1199854,9,0.096028,0.095974,0.095925
mobley_1199854,10,0.238472,0.237959,0.238243
mobley_1231151,0,-0.804230,-0.802208,-0.803009
mobley_1231151,1,0.436472,0.435082,0.432127
mobley_1231151,2,-0.804229,-0.802207,-0.803008
mobley_1231151,3,-1.208038,-1.207981,-1.208224
mobley_1231151,4,0.077230,0.077417,0.077564
mobley_1231151,5,0.198664,0.198421,0.198927
mobley_1231151,6,0.342549,0.341589,0.342335
mobley_1231151,7,0.104610,0.104447,0.104365
mobley_1231151,8,0.077230,0.077417,0.077564
mobley_1231151,9,0.342549,0.341589,0.342335
mobley_1231151,10,0.198664,0.198420,0.198927
mobley_1235151,0,-0.843172,-0.840947,-0.841637
mobley_1235151,1,-0.396163,-0.395151,-0.396225
mobley_1235151,2,-0.548736,-0.547316,-0.548216
mobley_1235151,3,-0.492080,-0.491361,-0.491310
mobley_1235151,4,0.120124,0.120640,0.118315
mobley_1235151,5,-1.342155,-1.341922,-1.341942
mobley_1235151,6,-0.796796,-0.796994,-0.793364
mobley_1235151,7,-0.796800,-0.796999,-0.793368
mobley_1235151,8,0.280197,0.279516,0.279971
mobley_1235151,9,0.412469,0.411305,0.412147
mobley_1235151,10,0.412468,0.411303,0.412146
mobley_1235151,11,0.287236,0.286498,0.286973
mobley_1235151,12,0.287236,0.286498,0.286973
mobley_1235151,13,0.344567,0.343646,0.344292
mobley_1235151,14,0.344570,0.343649,0.344295
mobley_1235151,15,0.213543,0.213302,0.212953
mobley_1235151,16,0.213540,0.213299,0.212949
mobley_1235151,17,0.278908,0.278355,0.278623
mobley_1235151,18,0.278906,0.278354,0.278622
mobley_1244778,0,-0.483388,-0.482111,-0.483125
mobley_1244778,1,-0.403285,-0.402209,-0.403350
mobley_1244778,2,-0.382602,-0.381552,-0.382761
mobley_1244778,3,-0.496380,-0.494969,-0.496154
mobley_1244778,4,-0.240382,-0.240298,-0.240437
mobley_1244778,5,-0.444647,-0.443415,-0.444616
mobley_1244778,6,-0.429840,-0.428634,-0.429831
mobley_1244778,7,-3.230219,-3.230063,-3.232413
mobley_1244778,8,0.066754,0.066737,0.066683
mobley_1244778,9,0.248916,0.248062,0.248826
mobley_1244778,10,0.203505,0.202984,0.203345
mobley_1244778,11,0.065663,0.065673,0.065586
mobley_1244778,12,0.063955,0.063974,0.063881
mobley_1244778,13,0.192846,0.192346,0.192706
mobley_1244778,14,0.090687,0.090524,0.090673
mobley_1244778,15,0.319770,0.318924,0.319328
mobley_1244778,16,-0.142456,-0.141915,-0.142312
mobley_1244778,17,0.214531,0.214060,0.214277
mobley_1244778,18,0.232632,0.231909,0.232576
mobley_1244778,19,0.151669,0.151170,0.151646
mobley_1244778,20,0.098809,0.098689,0.098730
mobley_1244778,21,0.077446,0.079083,0.075501
mobley_1261349,0,-1.088893,-1.086090,-1.086337
mobley_1261349,1,0.648356,0.646428,0.644399
mobley_1261349,2,-1.088894,-1.086091,-1.086337
mobley_1261349,3,-1.088893,-1.086090,-1.086337
mobley_1261349,4,-1.088894,-1.086091,-1.086337
mobley_1261349,5,0.381633,0.380553,0.381331
mobley_1261349,6,0.381634,0.380554,0.381332
mobley_1261349,7,0.381635,0.380555,0.381332
mobley_1261349,8,0.381632,0.380553,0.381330
mobley_1261349,9,0.381634,0.380554,0.381332
mobley_1261349,10,0.381634,0.380554,0.381332
mobley_1261349,11,0.381633,0.380554,0.381331
mobley_1261349,12,0.381633,0.380553,0.381331
mobley_1261349,13,0.381633,0.380553,0.381331
mobley_1261349,14,0.381634,0.380554,0.381332
mobley_1261349,15,0.381632,0.380553,0.381330
mobley_1261349,16,0.381634,0.380554,0.381332
mobley_1278715,0,1.672492,1.667292,1.660264
mobley_1278715,1,1.672484,1.667283,1.660255
mobley_1278715,2,-0.961874,-0.961477,-0.961076
mobley_1278715,3,-0.961874,-0.961477,-0.961076
mobley_1278715,4,-0.961874,-0.961477,-0.961076
mobley_1278715,5,-0.961873,-0.961476,-0.961075
mobley_1278715,6,-0.961875,-0.961478,-0.961077
mobley_1278715,7,-0.961874,-0.961477,-0.961076
mobley_129464,0,-0.840027,-0.837763,-0.838533
mobley_129464,1,-0.386625,-0.385939,-0.386421
mobley_129464,2,-0.447357,-0.446147,-0.447292
mobley_129464,3,-0.663992,-0.662707,-0.662557
mobley_129464,4,-1.056312,-1.056323,-1.055058
mobley_129464,5,-0.658236,-0.656970,-0.656811
mobley_129464,6,-0.449036,-0.447825,-0.448961
mobley_129464,7,-0.421084,-0.420025,-0.421049
mobley_129464,8,-0.851590,-0.849326,-0.850045
mobley_129464,9,0.299345,0.298727,0.298909
mobley_129464,10,0.287018,0.286303,0.286787
mobley_129464,11,0.414824,0.413589,0.414526
mobley_129464,12,0.259200,0.258621,0.258877
mobley_129464,13,0.150326,0.150056,0.150173
mobley_129464,14,0.179671,0.179433,0.179355
mobley_129464,15,0.154237,0.154037,0.153985
mobley_129464,16,0.220933,0.220327,0.220792
mobley_129464,17,0.118314,0.118117,0.118226
mobley_129464,18,0.237579,0.236913,0.237424
mobley_129464,19,0.214047,0.213516,0.213878
mobley_129464,20,0.300900,0.300160,0.300557
mobley_129464,21,0.188166,0.187756,0.187981
mobley_129464,22,0.274809,0.274116,0.274555
mobley_129464,23,0.148402,0.148159,0.148240
mobley_129464,24,0.287526,0.286803,0.287292
mobley_129464,25,0.369972,0.368919,0.369691
mobley_129464,26,0.409606,0.408409,0.409301
mobley_1323538,0,-0.762625,-0.760570,-0.761501
mobley_1323538,1,-0.526991,-0.526542,-0.525622
mobley_1323538,2,-2.245270,-2.239908,-2.245489
mobley_1323538,3,1.848202,1.869162,1.830810
mobley_1323538,4,-2.370677,-2.366390,-2.371703
mobley_1323538,5,-2.245238,-2.239876,-2.245457
mobley_1323538,6,-0.526996,-0.526547,-0.525627
mobley_1323538,7,-0.762615,-0.760561,-0.761491
mobley_1323538,8,-2.245309,-2.239948,-2.245529
mobley_1323538,9,-0.526998,-0.526549,-0.525629
mobley_1323538,10,-0.762632,-0.760577,-0.761508
mobley_1323538,11,0.281935,0.281376,0.281564
mobley_1323538,12,0.394629,0.393596,0.394245
mobley_1323538,13,0.394441,0.393417,0.394061
mobley_1323538,14,0.211590,0.210965,0.211157
mobley_1323538,15,0.205866,0.205311,0.205426
mobley_1323538,16,0.211581,0.210956,0.211148
mobley_1323538,17,0.205873,0.205319,0.205433
mobley_1323538,18,0.394447,0.393423,0.394067
mobley_1323538,19,0.281932,0.281373,0.281561
mobley_1323538,20,0.394620,0.393586,0.394236
mobley_1323538,21,0.211600,0.210975,0.211167
mobley_1323538,22,0.205860,0.205306,0.205420
mobley_1323538,23,0.394451,0.393427,0.394071
mobley_1323538,24,0.281939,0.281380,0.281568
mobley_1323538,25,0.394630,0.393596,0.394246
mobley_1328465,0,0.146745,0.146106,0.142945
mobley_1328465,1,0.824229,0.821648,0.816892
mobley_1328465,2,-1.062062,-1.061800,-1.061622
mobley_1328465,3,-1.103973,-1.103801,-1.103710
mobley_1328465,4,-1.118230,-1.118018,-1.117987
mobley_1328465,5,-0.202532,-0.201309,-0.201615
mobley_1328465,6,-0.011389,-0.011014,-0.011080
mobley_1328465,7,-0.095401,-0.094781,-0.095125
mobley_1328936,0,-0.969867,-0.967898,-0.967335
mobley_1328936,1,-0.741831,-0.741677,-0.740930
mobley_1328936,2,-0.329601,-0.329809,-0.328913
mobley_1328936,3,-1.201219,-1.200546,-1.201206
mobley_1328936,4,-0.014843,-0.015410,-0.016007
mobley_1328936,5,-0.394046,-0.393710,-0.393620
mobley_1328936,6,-0.445979,-0.445689,-0.445297
mobley_1328936,7,0.458345,0.456887,0.455865
mobley_1328936,8,-0.445883,-0.445593,-0.445200
mobley_1328936,9,-0.398392,-0.398138,-0.397836
mobley_1328936,10,-1.348701,-1.348679,-1.348633
mobley_1328936,11,-0.323323,-0.323349,-0.319647
mobley_1328936,12,-0.322597,-0.322620,-0.318920
mobley_1328936,13,0.259580,0.259010,0.259356
mobley_1328936,14,0.259594,0.259024,0.259371
mobley_1328936,15,0.259352,0.258644,0.259247
mobley_1328936,16,-0.171183,-0.170580,-0.170869
mobley_1328936,17,-0.278456,-0.277543,-0.278152
mobley_1328936,18,-0.279810,-0.278895,-0.279507
mobley_1328936,19,-0.146048,-0.145436,-0.145816
mobley_1352110,0,-0.835520,-0.833320,-0.834028
mobley_1352110,1,-0.160693,-0.159672,-0.161864
mobley_1352110,2,-0.479447,-0.478217,-0.479245
mobley_1352110,3,-0.035544,-0.034908,-0.036321
mobley_1352110,4,-1.338061,-1.337661,-1.337790
mobley_1352110,5,-0.056095,-0.055878,-0.056729
mobley_1352110,6,-0.832100,-0.830014,-0.830629
mobley_1352110,7,-0.038251,-0.038560,-0.037904
mobley_1352110,8,-1.688869,-1.689004,-1.689117
mobley_1352110,9,-1.217957,-1.218152,-1.219032
mobley_1352110,10,-0.478986,-0.477609,-0.478301
mobley_1352110,11,-0.255515,-0.254792,-0.256069
mobley_1352110,12,-0.781614,-0.779471,-0.780291
mobley_1352110,13,0.280198,0.279518,0.279968
mobley_1352110,14,0.418476,0.417287,0.418162
mobley_1352110,15,0.403097,0.401973,0.402778
mobley_1352110,16,-0.050622,-0.050620,-0.050658
mobley_1352110,17,0.131142,0.130586,0.131134
mobley_1352110,18,0.138210,0.137723,0.138177
mobley_1352110,19,-0.035731,-0.035846,-0.035949
mobley_1352110,20,0.202199,0.201674,0.202211
mobley_1352110,21,0.109660,0.109423,0.109640
mobley_1352110,22,0.110632,0.110331,0.110748
mobley_1352110,23,0.307958,0.307087,0.307921
mobley_1352110,24,0.197268,0.196594,0.197218
mobley_1352110,25,0.164040,0.163496,0.163899
mobley_1352110,26,0.147153,0.146943,0.146706
mobley_1352110,27,0.166033,0.165808,0.165937
mobley_1352110,28,0.039449,0.039636,0.039469
mobley_1352110,29,0.180467,0.179948,0.180097
mobley_1352110,30,0.162645,0.162354,0.162486
mobley_1352110,31,0.338247,0.337322,0.338000
mobley_1352110,32,0.288885,0.288161,0.288666
mobley_1352110,33,0.301888,0.300903,0.301471
mobley_1363784,0,-0.909052,-0.906664,-0.907325
mobley_1363784,1,-0.009597,-0.010479,-0.010588
mobley_1363784,2,-0.514190,-0.513333,-0.513198
mobley_1363784,3,-0.009597,-0.010479,-0.010588
mobley_1363784,4,-0.451080,-0.450830,-0.449857
mobley_1363784,5,-1.342332,-1.342092,-1.342147
mobley_1363784,6,-0.451080,-0.450830,-0.449857
mobley_1363784,7,-0.909058,-0.906670,-0.907331
mobley_1363784,8,0.271478,0.270790,0.271333
mobley_1363784,9,0.306172,0.305291,0.306065
mobley_1363784,10,0.279361,0.278652,0.279236
mobley_1363784,11,-0.071195,-0.070821,-0.071069
mobley_1363784,12,-0.089467,-0.089141,-0.089189
mobley_1363784,13,-0.089467,-0.089141,-0.089189
mobley_1363784,14,0.306176,0.305295,0.306070
mobley_1363784,15,0.279366,0.278657,0.279240
mobley_1363784,16,0.271481,0.270793,0.271335
mobley_1396156,0,0.515392,0.513408,0.512162
mobley_1396156,1,0.507877,0.505042,0.503590
mobley_1396156,2,0.703436,0.700617,0.697628
mobley_1396156,3,0.696872,0.693980,0.691106
mobley_1396156,4,0.703436,0.700616,0.697627
mobley_1396156,5,0.507880,0.505044,0.503593
mobley_1396156,6,-0.958988,-0.958380,-0.957897
mobley_1396156,7,-1.006488,-1.006095,-1.005829
mobley_1396156,8,-1.005392,-1.004999,-1.004729
mobley_1396156,9,-1.006488,-1.006095,-1.005830
mobley_1396156,10,-0.958988,-0.958381,-0.957897
mobley_1396156,11,-1.313033,-1.311883,-1.312265
mobley_1396156,12,0.278994,0.280446,0.281310
mobley_1396156,13,0.278999,0.280452,0.281316
mobley_1417007,0,-0.381674,-0.380826,-0.381646
mobley_1417007,1,-0.468847,-0.468173,-0.468211
mobley_1417007,2,-0.469314,-0.468639,-0.468675
mobley_1417007,3,-0.381212,-0.380356,-0.381191
mobley_1417007,4,-0.206242,-0.206071,-0.206947
mobley_1417007,5,-0.207083,-0.206916,-0.207806
mobley_1417007,6,0.045469,0.044431,0.044963
mobley_1417007,7,-1.767999,-1.767373,-1.768752
mobley_1417007,8,-1.310012,-1.308647,-1.309156
mobley_1417007,9,0.028509,0.027507,0.028111
mobley_1417007,10,-1.716342,-1.715692,-1.717116
mobley_1417007,11,-2.683432,-2.680906,-2.692105
mobley_1417007,12,1.555185,1.551041,1.544332
mobley_1417007,13,-0.939779,-0.939225,-0.938680
mobley_1417007,14,-0.929299,-0.928713,-0.928136
mobley_1417007,15,-0.987147,-0.986792,-0.986297
mobley_1417007,16,0.112874,0.112763,0.112652
mobley_1417007,17,0.006314,0.006654,0.006149
mobley_1417007,18,-0.119980,-0.119406,-0.119891
mobley_1417007,19,-0.120180,-0.119605,-0.120091
mobley_1417007,20,0.006206,0.006551,0.006033
mobley_1417007,21,0.114224,0.114088,0.114017
mobley_1417007,22,-0.228639,-0.227595,-0.228788
mobley_1417007,23,-0.176866,-0.175888,-0.176994
mobley_1424265,0,-0.895404,-0.893074,-0.893695
mobley_1424265,1,0.065421,0.064479,0.064174
mobley_1424265,2,-0.535043,-0.534362,-0.534048
mobley_1424265,3,-0.360592,-0.360223,-0.360374
mobley_1424265,4,-0.535043,-0.534362,-0.534049
mobley_1424265,5,0.065421,0.064479,0.064174
mobley_1424265,6,-0.671290,-0.670299,-0.669694
mobley_1424265,7,-0.895405,-0.893075,-0.893697
mobley_1424265,8,0.312168,0.311243,0.312033
mobley_1424265,9,0.271274,0.270589,0.271116
mobley_1424265,10,0.274608,0.273913,0.274446
mobley_1424265,11,-0.111091,-0.110559,-0.110976
mobley_1424265,12,-0.148983,-0.148319,-0.148814
mobley_1424265,13,-0.111091,-0.110559,-0.110976
mobley_1424265,14,-0.058435,-0.058075,-0.058371
mobley_1424265,15,0.274610,0.273915,0.274447
mobley_1424265,16,0.271273,0.270588,0.271115
mobley_1424265,17,0.312168,0.311243,0.312033
mobley_1449384,0,-0.898611,-0.896273,-0.896887
mobley_1449384,1,0.045630,0.044693,0.044471
mobley_1449384,2,-0.516772,-0.516098,-0.515862
mobley_1449384,3,-0.411891,-0.411418,-0.411429
mobley_1449384,4,-0.207237,-0.207467,-0.207357
mobley_1449384,5,-0.503218,-0.502426,-0.502434
mobley_1449384,6,-0.518215,-0.517530,-0.517297
mobley_1449384,7,0.007793,0.007685,0.006236
mobley_1449384,8,-0.905289,-0.902846,-0.903568
mobley_1449384,9,-0.905391,-0.902947,-0.903670
mobley_1449384,10,0.273585,0.272890,0.273425
mobley_1449384,11,0.310866,0.309947,0.310731
mobley_1449384,12,0.273589,0.272895,0.273429
mobley_1449384,13,-0.109792,-0.109259,-0.109673
mobley_1449384,14,-0.184795,-0.184005,-0.184617
mobley_1449384,15,-0.304946,-0.303909,-0.304601
mobley_1449384,16,-0.109904,-0.109370,-0.109784
mobley_1449384,17,-0.008490,-0.008189,-0.008549
mobley_1449384,18,0.259640,0.258951,0.259493
mobley_1449384,19,0.325674,0.324796,0.325438
mobley_1449384,20,0.315955,0.315002,0.315807
mobley_1449384,21,0.259777,0.259088,0.259630
mobley_1449384,22,0.325180,0.324304,0.324945
mobley_1449384,23,0.315537,0.314586,0.315389
mobley_1469079,0,-0.376608,-0.376267,-0.376311
mobley_1469079,1,-0.376606,-0.376265,-0.376309
mobley_1469079,2,-0.394308,-0.393803,-0.394071
mobley_1469079,3,-0.179996,-0.180518,-0.180114
mobley_1469079,4,-0.179996,-0.180519,-0.180115
mobley_1469079,5,-0.394310,-0.393806,-0.394074
mobley_1469079,6,-1.388147,-1.389377,-1.386540
mobley_1469079,7,-0.162307,-0.162842,-0.162569
mobley_1469079,8,-0.332596,-0.332273,-0.332806
mobley_1469079,9,0.624222,0.621543,0.619051
mobley_1469079,10,0.624223,0.621544,0.619053
mobley_1469079,11,-0.332594,-0.332271,-0.332804
mobley_1469079,12,-0.162307,-0.162842,-0.162569
mobley_1469079,13,-1.388139,-1.389369,-1.386532
mobley_1469079,14,-1.091325,-1.091048,-1.090993
mobley_1469079,15,-1.091324,-1.091048,-1.090993
mobley_1469079,16,-0.144790,-0.144149,-0.144630
mobley_1469079,17,-0.144787,-0.144146,-0.144627
mobley_1469079,18,-0.129473,-0.128878,-0.129314
mobley_1469079,19,-0.129477,-0.128882,-0.129318
mobley_1469079,20,-0.293928,-0.292590,-0.293320
mobley_1469079,21,-0.293931,-0.292593,-0.293324
mobley_1502181,0,-0.848999,-0.846740,-0.847467
mobley_1502181,1,-0.411935,-0.410882,-0.411933
mobley_1502181,2,-0.532630,-0.531257,-0.532131
mobley_1502181,3,-0.506404,-0.505024,-0.506049
mobley_1502181,4,-0.498245,-0.496924,-0.497920
mobley_1502181,5,-0.419024,-0.418099,-0.418804
mobley_1502181,6,-0.590277,-0.588682,-0.589644
mobley_1502181,7,0.008949,0.008191,0.008016
mobley_1502181,8,-2.543450,-2.544256,-2.543603
mobley_1502181,9,-0.915218,-0.912731,-0.913503
mobley_1502181,10,0.288294,0.287570,0.288058
mobley_1502181,11,0.408291,0.407097,0.407986
mobley_1502181,12,0.372778,0.371709,0.372507
mobley_1502181,13,0.273790,0.273103,0.273534
mobley_1502181,14,0.147952,0.147715,0.147790
mobley_1502181,15,0.208241,0.207754,0.208045
mobley_1502181,16,0.310541,0.309716,0.310256
mobley_1502181,17,0.308955,0.308090,0.308685
mobley_1502181,18,0.325658,0.324713,0.325386
mobley_1502181,19,0.326969,0.326083,0.326687
mobley_1502181,20,0.346057,0.345081,0.345779
mobley_1502181,21,0.274729,0.274133,0.274358
mobley_1502181,22,0.277937,0.277326,0.277566
mobley_1502181,23,0.249696,0.249314,0.249187
mobley_1502181,24,0.250083,0.249699,0.249574
mobley_1502181,25,0.314353,0.313781,0.313819
mobley_1502181,26,0.314380,0.313808,0.313846
mobley_1502181,27,0.297375,0.296592,0.297204
mobley_1520842,0,-0.907004,-0.904658,-0.905265
mobley_1520842,1,0.221966,0.220846,0.220131
mobley_1520842,2,-0.610434,-0.609693,-0.609179
mobley_1520842,3,-0.290800,-0.290884,-0.290273
mobley_1520842,4,-1.345592,-1.345464,-1.345475
mobley_1520842,5,-0.290799,-0.290883,-0.290272
mobley_1520842,6,-0.610433,-0.609692,-0.609178
mobley_1520842,7,0.275757,0.275050,0.275598
mobley_1520842,8,0.275756,0.275049,0.275598
mobley_1520842,9,0.304209,0.303321,0.304076
mobley_1520842,10,-0.209810,-0.209249,-0.209522
mobley_1520842,11,-0.118810,-0.118370,-0.118494
mobley_1520842,12,-0.118809,-0.118369,-0.118493
mobley_1520842,13,-0.209818,-0.209257,-0.209530
mobley_1527293,0,-0.807995,-0.806030,-0.806403
mobley_1527293,1,-0.123498,-0.123150,-0.124671
mobley_1527293,2,-0.078048,-0.078837,-0.078461
mobley_1527293,3,-0.405993,-0.405462,-0.405637
mobley_1527293,4,-0.390572,-0.389991,-0.390401
mobley_1527293,5,-0.163820,-0.164181,-0.163957
mobley_1527293,6,-0.128348,-0.128873,-0.129211
mobley_1527293,7,-0.462104,-0.461501,-0.461252
mobley_1527293,8,-0.167120,-0.167114,-0.167130
mobley_1527293,9,0.014217,0.013478,0.012432
mobley_1527293,10,-0.269682,-0.269391,-0.270725
mobley_1527293,11,-0.379569,-0.379221,-0.379283
mobley_1527293,12,-0.398666,-0.398294,-0.398267
mobley_1527293,13,-0.379623,-0.379264,-0.379317
mobley_1527293,14,-0.437155,-0.436569,-0.436687
mobley_1527293,15,-0.359043,-0.359120,-0.358269
mobley_1527293,16,-1.805192,-1.804609,-1.805689
mobley_1527293,17,-2.812058,-2.811154,-2.814600
mobley_1527293,18,0.248626,0.247957,0.248520
mobley_1527293,19,0.253131,0.252553,0.252865
mobley_1527293,20,0.276828,0.276389,0.276323
mobley_1527293,21,-0.028536,-0.028027,-0.028703
mobley_1527293,22,-0.293320,-0.292075,-0.293278
mobley_1527293,23,-0.207496,-0.206750,-0.207183
mobley_1527293,24,-0.162050,-0.161344,-0.161901
mobley_1527293,25,-0.242901,-0.242031,-0.242403
mobley_1527293,26,-0.147589,-0.146935,-0.147426
mobley_1527293,27,-0.145911,-0.145273,-0.145755
mobley_1527293,28,-0.147326,-0.146674,-0.147166
mobley_1527293,29,-0.209487,-0.208746,-0.209171
mobley_1527293,30,-0.000828,0.000713,-0.002384
mobley_1563176,0,-0.840434,-0.838215,-0.838911
mobley_1563176,1,-0.403337,-0.402318,-0.403379
mobley_1563176,2,-0.456668,-0.455432,-0.456392
mobley_1563176,3,-0.438940,-0.437473,-0.438550
mobley_1563176,4,-0.958638,-0.959037,-0.958348
mobley_1563176,5,0.280533,0.279852,0.280306
mobley_1563176,6,0.411746,0.410584,0.411425
mobley_1563176,7,0.411543,0.410381,0.411222
mobley_1563176,8,0.287900,0.287168,0.287636
mobley_1563176,9,0.289372,0.288629,0.289103
mobley_1563176,10,0.260308,0.259542,0.259837
mobley_1563176,11,0.212194,0.211554,0.211781
mobley_1563176,12,0.274440,0.273822,0.274261
mobley_1563176,13,0.245261,0.244694,0.245133
mobley_1563176,14,0.074596,0.074699,0.074269
mobley_1571523,0,-0.800412,-0.798239,-0.799133
mobley_1571523,1,-0.047530,-0.048218,-0.048277
mobley_1571523,2,-0.500120,-0.499504,-0.499263
mobley_1571523,3,-0.359855,-0.359507,-0.359644
mobley_1571523,4,-0.460265,-0.459626,-0.459715
mobley_1571523,5,-0.343572,-0.343785,-0.342858
mobley_1571523,6,-0.098814,-0.099262,-0.099455
mobley_1571523,7,-0.886295,-0.884160,-0.884370
mobley_1571523,8,-3.315019,-3.314733,-3.317577
mobley_1571523,9,0.143176,0.142800,0.143189
mobley_1571523,10,0.305101,0.304341,0.304898
mobley_1571523,11,0.226741,0.226123,0.226657
mobley_1571523,12,-0.142093,-0.141393,-0.141980
mobley_1571523,13,-0.149205,-0.148541,-0.149038
mobley_1571523,14,-0.117060,-0.116511,-0.116901
mobley_1571523,15,0.239267,0.238829,0.238890
mobley_1571523,16,0.257138,0.256639,0.256827
mobley_1571523,17,0.281874,0.281207,0.281673
mobley_1571523,18,0.028816,0.030594,0.026952
mobley_1592519,0,-0.843152,-0.840928,-0.841618
mobley_1592519,1,-0.397049,-0.396035,-0.397106
mobley_1592519,2,-0.526935,-0.525588,-0.526469
mobley_1592519,3,-0.423593,-0.422691,-0.423334
mobley_1592519,4,-0.470897,-0.469496,-0.470859
mobley_1592519,5,-0.282176,-0.282443,-0.281660
mobley_1592519,6,-1.923925,-1.923394,-1.924433
mobley_1592519,7,-1.307444,-1.307433,-1.306839
mobley_1592519,8,-0.534014,-0.533291,-0.532931
mobley_1592519,9,-0.718558,-0.716633,-0.717538
mobley_1592519,10,0.412461,0.411297,0.412139
mobley_1592519,11,0.412468,0.411304,0.412147
mobley_1592519,12,0.280199,0.279518,0.279972
mobley_1592519,13,0.287529,0.286790,0.287265
mobley_1592519,14,0.287525,0.286785,0.287260
mobley_1592519,15,0.339249,0.338325,0.338949
mobley_1592519,16,0.339372,0.338448,0.339072
mobley_1592519,17,0.280419,0.279831,0.280014
mobley_1592519,18,0.280504,0.279915,0.280098
mobley_1592519,19,0.219071,0.218805,0.218585
mobley_1592519,20,0.218949,0.218688,0.218464
mobley_1592519,21,0.138900,0.138587,0.138850
mobley_1592519,22,0.193180,0.192660,0.193163
mobley_1592519,23,0.344638,0.343978,0.344031
mobley_1592519,24,0.386348,0.385332,0.385989
mobley_1592519,25,0.285845,0.285256,0.285501
mobley_1615431,0,-0.876449,-0.874077,-0.874865
mobley_1615431,1,-0.107616,-0.107882,-0.108208
mobley_1615431,2,-0.892405,-0.889908,-0.890813
mobley_1615431,3,-1.966331,-1.967124,-1.965570
mobley_1615431,4,-0.107617,-0.107883,-0.108209
mobley_1615431,5,-0.876450,-0.874078,-0.874866
mobley_1615431,6,-0.892405,-0.889909,-0.890814
mobley_1615431,7,0.320817,0.320109,0.320416
mobley_1615431,8,0.447119,0.445882,0.446726
mobley_1615431,9,0.317448,0.316683,0.317138
mobley_1615431,10,-0.032949,-0.032601,-0.032971
mobley_1615431,11,0.452996,0.451784,0.452556
mobley_1615431,12,0.342504,0.341720,0.342105
mobley_1615431,13,0.238285,0.237799,0.237980
mobley_1615431,14,-0.032944,-0.032596,-0.032966
mobley_1615431,15,0.317448,0.316684,0.317138
mobley_1615431,16,0.447118,0.445881,0.446725
mobley_1615431,17,0.320822,0.320113,0.320421
mobley_1615431,18,0.342502,0.341718,0.342102
mobley_1615431,19,0.452993,0.451782,0.452554
mobley_1615431,20,0.238287,0.237801,0.237982
mobley_1636752,0,-0.994398,-0.992297,-0.991850
mobley_1636752,1,-2.803319,-2.803357,-2.805057
mobley_1636752,2,0.240864,0.240320,0.240691
mobley_1636752,3,0.240864,0.240320,0.240691
mobley_1636752,4,0.344198,0.343241,0.343981
mobley_1636752,5,0.086267,0.087802,0.084360
mobley_1650157,0,-1.004855,-1.002173,-1.002739
mobley_1650157,1,0.364052,0.362320,0.361785
mobley_1650157,2,-1.004857,-1.002175,-1.002741
mobley_1650157,3,-1.048716,-1.045976,-1.046394
mobley_1650157,4,-3.773166,-3.773498,-3.775593
mobley_1650157,5,0.388672,0.387691,0.388237
mobley_1650157,6,0.330164,0.329362,0.329807
mobley_1650157,7,0.428846,0.427646,0.428459
mobley_1650157,8,0.388668,0.387687,0.388233
mobley_1650157,9,0.330163,0.329361,0.329805
mobley_1650157,10,0.428857,0.427656,0.428469
mobley_1650157,11,0.376835,0.375876,0.376410
mobley_1650157,12,0.364573,0.363643,0.364216
mobley_1650157,13,0.364576,0.363647,0.364219
mobley_1650157,14,0.195733,0.196908,0.193719
mobley_1659169,0,-0.049886,-0.049402,-0.050763
mobley_1659169,1,-0.797106,-0.795720,-0.795091
mobley_1659169,2,0.059441,0.061689,0.061526
mobley_1659169,3,-0.766137,-0.764872,-0.764224
mobley_1659169,4,-0.050140,-0.049641,-0.051020
mobley_1659169,5,-1.366107,-1.366622,-1.366437
mobley_1659169,6,0.230187,0.229674,0.230009
mobley_1659169,7,0.138807,0.138651,0.138727
mobley_1659169,8,-0.007262,-0.007328,-0.007115
mobley_1659169,9,-0.080633,-0.080542,-0.080549
mobley_1659169,10,-0.010194,-0.010263,-0.010041
mobley_1659169,11,-0.135488,-0.135101,-0.135398
mobley_1659169,12,0.136052,0.135897,0.135948
mobley_1659169,13,0.156655,0.156401,0.156575
mobley_1659169,14,-1.618611,-1.614520,-1.619144
mobley_1662128,0,-0.819980,-0.817824,-0.818550
mobley_1662128,1,-0.414605,-0.413636,-0.414562
mobley_1662128,2,-0.381625,-0.381174,-0.381319
mobley_1662128,3,-0.777381,-0.775791,-0.775712
mobley_1662128,4,0.396057,0.394956,0.395747
mobley_1662128,5,0.379985,0.378910,0.379717
mobley_1662128,6,0.278934,0.278232,0.278730
mobley_1662128,7,0.236546,0.236042,0.236305
mobley_1662128,8,0.156867,0.156533,0.156748
mobley_1662128,9,0.058761,0.058770,0.058677
mobley_1662128,10,-0.023566,-0.023221,-0.023589
mobley_1662128,11,0.038867,0.039034,0.038778
mobley_1674094,0,-0.842606,-0.840383,-0.841074
mobley_1674094,1,-0.398265,-0.397254,-0.398332
mobley_1674094,2,-0.439382,-0.438262,-0.439290
mobley_1674094,3,-0.492334,-0.491118,-0.492002
mobley_1674094,4,-0.120175,-0.120579,-0.120686
mobley_1674094,5,-0.570707,-0.569849,-0.569628
mobley_1674094,6,0.412459,0.411294,0.412137
mobley_1674094,7,0.280240,0.279559,0.280014
mobley_1674094,8,0.412459,0.411294,0.412138
mobley_1674094,9,0.287398,0.286665,0.287140
mobley_1674094,10,0.287399,0.286665,0.287140
mobley_1674094,11,0.284765,0.284005,0.284537
mobley_1674094,12,0.284765,0.284004,0.284537
mobley_1674094,13,0.199213,0.198677,0.199112
mobley_1674094,14,0.199213,0.198677,0.199113
mobley_1674094,15,-0.126427,-0.125800,-0.126329
mobley_1708457,0,-0.866933,-0.864269,-0.864881
mobley_1708457,1,-1.341933,-1.340764,-1.344707
mobley_1708457,2,-1.936751,-1.936270,-1.935310
mobley_1708457,3,-1.936750,-1.936268,-1.935308
mobley_1708457,4,-0.866933,-0.864270,-0.864881
mobley_1708457,5,0.298477,0.298311,0.297686
mobley_1708457,6,0.300427,0.299904,0.300004
mobley_1708457,7,0.300430,0.299907,0.300007
mobley_1708457,8,0.300430,0.299906,0.300007
mobley_1708457,9,0.298479,0.298314,0.297689
mobley_1708457,10,0.300432,0.299908,0.300009
mobley_1717215,0,-1.006996,-1.004984,-1.004265
mobley_1717215,1,-0.888187,-0.888311,-0.887200
mobley_1717215,2,-0.581038,-0.580489,-0.579538
mobley_1717215,3,-1.333590,-1.333301,-1.333417
mobley_1717215,4,0.263416,0.262866,0.263158
mobley_1717215,5,0.263418,0.262867,0.263159
mobley_1717215,6,0.260595,0.259873,0.260486
mobley_1717215,7,-0.124868,-0.124223,-0.124768
mobley_1722522,0,-0.848115,-0.845890,-0.846571
mobley_1722522,1,-0.322150,-0.321574,-0.322288
mobley_1722522,2,-0.495961,-0.494551,-0.495801
mobley_1722522,3,-0.231427,-0.231819,-0.231121
mobley_1722522,4,-2.045966,-2.045733,-2.046493
mobley_1722522,5,-1.239883,-1.239874,-1.239201
mobley_1722522,6,-0.534104,-0.533341,-0.533068
mobley_1722522,7,-0.760198,-0.758122,-0.759110
mobley_1722522,8,0.412401,0.411244,0.412084
mobley_1722522,9,0.279937,0.279255,0.279711
mobley_1722522,10,0.412395,0.411237,0.412078
mobley_1722522,11,0.229776,0.229399,0.229385
mobley_1722522,12,0.229776,0.229399,0.229385
mobley_1722522,13,0.220808,0.220557,0.220307
mobley_1722522,14,0.220799,0.220549,0.220298
mobley_1722522,15,0.138186,0.137998,0.138037
mobley_1722522,16,0.138185,0.137997,0.138036
mobley_1722522,17,0.280753,0.280196,0.280391
mobley_1722522,18,0.394449,0.393429,0.394082
mobley_1722522,19,0.394448,0.393428,0.394081
mobley_1723043,0,0.215620,0.214559,0.212281
mobley_1723043,1,0.215623,0.214562,0.212284
mobley_1723043,2,0.215624,0.214563,0.212285
mobley_1723043,3,0.215622,0.214561,0.212283
mobley_1723043,4,-0.166943,-0.166929,-0.166970
mobley_1723043,5,-0.166911,-0.166895,-0.166940
mobley_1723043,6,-0.166943,-0.166929,-0.166970
mobley_1723043,7,-0.166911,-0.166895,-0.166940
mobley_1723043,8,-0.166943,-0.166929,-0.166970
mobley_1723043,9,-0.166911,-0.166895,-0.166940
mobley_1723043,10,-0.166943,-0.166929,-0.166970
mobley_1723043,11,-0.166911,-0.166895,-0.166940
mobley_1728386,0,-0.397570,-0.397205,-0.397174
mobley_1728386,1,-0.373891,-0.373562,-0.373632
mobley_1728386,2,-0.148816,-0.148560,-0.149458
mobley_1728386,3,-0.146485,-0.146980,-0.146980
mobley_1728386,4,-0.417632,-0.417320,-0.416976
mobley_1728386,5,-0.376342,-0.375989,-0.376056
mobley_1728386,6,0.009447,0.008317,0.009166
mobley_1728386,7,-1.742644,-1.743416,-1.742781
mobley_1728386,8,-1.400535,-1.402104,-1.401671
mobley_1728386,9,-0.144706,-0.144071,-0.144551
mobley_1728386,10,-0.146642,-0.145995,-0.146484
mobley_1728386,11,-0.261264,-0.260241,-0.261031
mobley_1728386,12,-0.141381,-0.140781,-0.141141
mobley_1728386,13,-0.145465,-0.144820,-0.145304
mobley_1728386,14,-1.498348,-1.494373,-1.499264
mobley_1728386,15,-1.453645,-1.450155,-1.454176
mobley_172879,0,-0.376693,-0.376351,-0.376396
mobley_172879,1,-0.376692,-0.376351,-0.376396
mobley_172879,2,-0.394485,-0.393980,-0.394248
mobley_172879,3,-0.180020,-0.180542,-0.180139
mobley_172879,4,-0.180020,-0.180543,-0.180139
mobley_172879,5,-0.394485,-0.393980,-0.394248
mobley_172879,6,-1.393938,-1.395161,-1.392323
mobley_172879,7,-0.180019,-0.180542,-0.180138
mobley_172879,8,-0.394484,-0.393979,-0.394247
mobley_172879,9,-0.376689,-0.376347,-0.376392
mobley_172879,10,-0.376690,-0.376348,-0.376393
mobley_172879,11,-0.394485,-0.393979,-0.394248
mobley_172879,12,-0.180019,-0.180542,-0.180138
mobley_172879,13,-1.393938,-1.395161,-1.392324
mobley_172879,14,-0.144869,-0.144228,-0.144708
mobley_172879,15,-0.144868,-0.144227,-0.144708
mobley_172879,16,-0.129668,-0.129074,-0.129507
mobley_172879,17,-0.129669,-0.129075,-0.129508
mobley_172879,18,-0.129667,-0.129073,-0.129506
mobley_172879,19,-0.144865,-0.144224,-0.144705
mobley_172879,20,-0.144866,-0.144225,-0.144706
mobley_172879,21,-0.129668,-0.129074,-0.129507
mobley_1733799,0,-0.453469,-0.452866,-0.452935
mobley_1733799,1,-0.420197,-0.419840,-0.419483
mobley_1733799,2,-0.191448,-0.192007,-0.191331
mobley_1733799,3,-0.418788,-0.418446,-0.418078
mobley_1733799,4,-0.380275,-0.379827,-0.380057
mobley_1733799,5,-0.227619,-0.228172,-0.227390
mobley_1733799,6,-3.238781,-3.238697,-3.241162
mobley_1733799,7,0.000000,0.000000,0.000000
mobley_1733799,8,-0.121549,-0.120960,-0.121416
mobley_1733799,9,-0.101424,-0.100779,-0.101612
mobley_1733799,10,-0.102388,-0.101741,-0.102577
mobley_1733799,11,-0.161934,-0.161135,-0.161868
mobley_1733799,12,0.012876,0.014616,0.011091
mobley_1735893,0,-0.841651,-0.839430,-0.840123
mobley_1735893,1,-0.393725,-0.392726,-0.393803
mobley_1735893,2,-0.442586,-0.441501,-0.442387
mobley_1735893,3,-0.421676,-0.420806,-0.421379
mobley_1735893,4,-0.538851,-0.537358,-0.538492
mobley_1735893,5,-0.299575,-0.299875,-0.298991
mobley_1735893,6,-1.636831,-1.636289,-1.637036
mobley_1735893,7,-3.132729,-3.132234,-3.135299
mobley_1735893,8,0.413308,0.412139,0.412986
mobley_1735893,9,0.280325,0.279643,0.280098
mobley_1735893,10,0.411160,0.410000,0.410838
mobley_1735893,11,0.286704,0.285973,0.286444
mobley_1735893,12,0.286298,0.285563,0.286034
mobley_1735893,13,0.250201,0.249565,0.249983
mobley_1735893,14,0.298351,0.297635,0.297947
mobley_1735893,15,0.200681,0.200200,0.200527
mobley_1735893,16,0.295107,0.294395,0.294775
mobley_1735893,17,0.100458,0.100785,0.099891
mobley_1735893,18,0.260545,0.260098,0.260109
mobley_1735893,19,-0.004552,-0.002979,-0.006130
mobley_1743409,0,-0.719162,-0.717236,-0.718139
mobley_1743409,1,-0.534376,-0.533653,-0.533288
mobley_1743409,2,-1.354261,-1.354257,-1.353759
mobley_1743409,3,-0.199652,-0.200286,-0.199300
mobley_1743409,4,-1.436420,-1.435674,-1.436409
mobley_1743409,5,-0.400939,-0.399960,-0.400967
mobley_1743409,6,-0.399696,-0.398723,-0.399733
mobley_1743409,7,-0.145320,-0.146092,-0.145191
mobley_1743409,8,-1.554275,-1.553830,-1.554282
mobley_1743409,9,-1.290102,-1.290102,-1.289528
mobley_1743409,10,-0.534466,-0.533704,-0.533426
mobley_1743409,11,-0.760217,-0.758140,-0.759128
mobley_1743409,12,0.285772,0.285184,0.285428
mobley_1743409,13,0.344055,0.343391,0.343455
mobley_1743409,14,0.386894,0.385877,0.386534
mobley_1743409,15,0.138014,0.137703,0.137965
mobley_1743409,16,0.193679,0.193161,0.193659
mobley_1743409,17,0.176091,0.175915,0.175743
mobley_1743409,18,0.089785,0.090072,0.089281
mobley_1743409,19,0.089887,0.090183,0.089382
mobley_1743409,20,0.175993,0.175814,0.175647
mobley_1743409,21,0.137423,0.137238,0.137270
mobley_1743409,22,0.139911,0.139722,0.139756
mobley_1743409,23,0.280757,0.280200,0.280395
mobley_1743409,24,0.394660,0.393638,0.394292
mobley_1743409,25,0.394309,0.393290,0.393943
mobley_1755375,0,-0.863431,-0.861368,-0.861645
mobley_1755375,1,-0.004516,-0.005206,-0.005558
mobley_1755375,2,-0.497553,-0.496960,-0.496706
mobley_1755375,3,-0.362169,-0.361795,-0.361952
mobley_1755375,4,-0.495326,-0.494748,-0.494488
mobley_1755375,5,0.069879,0.069027,0.068515
mobley_1755375,6,-0.522877,-0.522677,-0.521403
mobley_1755375,7,-3.725252,-3.724772,-3.728337
mobley_1755375,8,-0.840311,-0.838368,-0.838535
mobley_1755375,9,0.240758,0.240325,0.240432
mobley_1755375,10,0.290212,0.289471,0.290039
mobley_1755375,11,0.240757,0.240325,0.240431
mobley_1755375,12,-0.157883,-0.157142,-0.157750
mobley_1755375,13,-0.148926,-0.148261,-0.148759
mobley_1755375,14,-0.151559,-0.150833,-0.151437
mobley_1755375,15,0.012279,0.014114,0.010423
mobley_1755375,16,0.307944,0.307177,0.307730
mobley_1755375,17,0.209095,0.208861,0.208678
mobley_1755375,18,0.209095,0.208861,0.208677
mobley_1760914,0,-0.676731,-0.674925,-0.676353
mobley_1760914,1,0.141966,0.140710,0.140194
mobley_1760914,2,-0.494597,-0.494016,-0.493786
mobley_1760914,3,-0.379182,-0.378821,-0.378885
mobley_1760914,4,-0.379471,-0.379114,-0.379202
mobley_1760914,5,-0.334752,-0.334556,-0.334764
mobley_1760914,6,0.345246,0.343373,0.341531
mobley_1760914,7,-1.159887,-1.159709,-1.159843
mobley_1760914,8,0.296934,0.296192,0.296778
mobley_1760914,9,0.002130,0.002419,0.002682
mobley_1760914,10,0.002139,0.002428,0.002691
mobley_1760914,11,-0.153634,-0.152903,-0.153506
mobley_1760914,12,-0.146347,-0.145698,-0.146187
mobley_1760914,13,-0.146593,-0.145945,-0.146431
mobley_1760914,14,-0.311155,-0.309764,-0.310559
mobley_1770205,0,-0.970769,-0.968553,-0.968326
mobley_1770205,1,-0.981856,-0.974128,-0.980169
mobley_1770205,2,1.409169,1.421494,1.400277
mobley_1770205,3,-0.878514,-0.878384,-0.878689
mobley_1770205,4,-1.708446,-1.701369,-1.706997
mobley_1770205,5,-0.948389,-0.946441,-0.945764
mobley_1770205,6,-1.261441,-1.260897,-1.263405
mobley_1770205,7,-0.196401,-0.195564,-0.195866
mobley_1770205,8,-1.325299,-1.324524,-1.324712
mobley_1770205,9,0.128220,0.127021,0.127432
mobley_1770205,10,-1.517286,-1.517128,-1.517874
mobley_1770205,11,-0.065512,-0.066113,-0.066399
mobley_1770205,12,-0.402452,-0.402113,-0.401989
mobley_1770205,13,-0.373773,-0.373437,-0.373540
mobley_1770205,14,-0.373710,-0.373300,-0.373501
mobley_1770205,15,-0.451309,-0.450740,-0.450909
mobley_1770205,16,0.098211,0.096868,0.097420
mobley_1770205,17,-1.336164,-1.335744,-1.335808
mobley_1770205,18,-1.315251,-1.314164,-1.314384
mobley_1770205,19,0.269968,0.269014,0.269423
mobley_1770205,20,0.319060,0.318296,0.318735
mobley_1770205,21,0.296631,0.295327,0.296339
mobley_1770205,22,0.283594,0.282314,0.283287
mobley_1770205,23,0.307291,0.306458,0.307061
mobley_1770205,24,0.308241,0.307045,0.308058
mobley_1770205,25,0.097957,0.097284,0.097894
mobley_1770205,26,0.250641,0.250210,0.250471
mobley_1770205,27,-0.158703,-0.158027,-0.158434
mobley_1770205,28,-0.143757,-0.143118,-0.143596
mobley_1770205,29,-0.144668,-0.144020,-0.144501
mobley_1770205,30,-0.175985,-0.175253,-0.175734
mobley_1781152,0,-0.989637,-0.987228,-0.987324
mobley_1781152,1,0.575170,0.573644,0.571315
mobley_1781152,2,-1.006282,-1.003948,-1.003768
mobley_1781152,3,-1.006282,-1.003948,-1.003769
mobley_1781152,4,-0.523769,-0.523463,-0.522231
mobley_1781152,5,-1.594278,-1.593718,-1.594401
mobley_1781152,6,-0.958022,-0.957614,-0.957248
mobley_1781152,7,-0.969261,-0.967271,-0.966735
mobley_1781152,8,0.359112,0.358117,0.358845
mobley_1781152,9,0.332379,0.331580,0.332000
mobley_1781152,10,0.332375,0.331576,0.331996
mobley_1781152,11,0.391322,0.390172,0.391055
mobley_1781152,12,0.313534,0.312685,0.313285
mobley_1781152,13,0.322898,0.322275,0.322359
mobley_1781152,14,0.322902,0.322280,0.322363
mobley_1781152,15,0.313528,0.312678,0.313279
mobley_1781152,16,0.391325,0.390175,0.391059
mobley_1781152,17,0.257310,0.256725,0.257101
mobley_1781152,18,0.262959,0.262227,0.262841
mobley_1781152,19,0.257309,0.256724,0.257100
mobley_1792062,0,-0.577870,-0.576755,-0.576804
mobley_1792062,1,-0.577870,-0.576755,-0.576804
mobley_1792062,2,0.000000,0.000000,0.000000
mobley_1792062,3,0.000000,0.000000,0.000000
mobley_1792062,4,0.194295,0.194037,0.193852
mobley_1792062,5,0.194296,0.194038,0.193853
mobley_1792062,6,0.194295,0.194037,0.193852
mobley_1792062,7,0.194294,0.194036,0.193852
mobley_1800170,0,-0.780467,-0.778349,-0.779106
mobley_1800170,1,-0.337936,-0.336784,-0.337939
mobley_1800170,2,-0.956256,-0.956637,-0.955972
mobley_1800170,3,0.304446,0.303673,0.304210
mobley_1800170,4,0.298960,0.298030,0.298525
mobley_1800170,5,0.336009,0.334996,0.335519
mobley_1800170,6,0.200342,0.199961,0.200230
mobley_1800170,7,0.227903,0.227477,0.227742
mobley_1800170,8,0.075675,0.075779,0.075336
mobley_1803862,0,-0.828219,-0.825957,-0.826785
mobley_1803862,1,-0.547046,-0.545677,-0.546472
mobley_1803862,2,0.029821,0.029624,0.028233
mobley_1803862,3,-0.965425,-0.962864,-0.963407
mobley_1803862,4,-0.946419,-0.943930,-0.944461
mobley_1803862,5,0.379431,0.378339,0.379154
mobley_1803862,6,0.404995,0.403778,0.404712
mobley_1803862,7,0.288452,0.287737,0.288222
mobley_1803862,8,0.215142,0.214661,0.214918
mobley_1803862,9,0.320251,0.319386,0.319954
mobley_1803862,10,0.115036,0.114921,0.114830
mobley_1803862,11,0.453698,0.452295,0.453373
mobley_1803862,12,0.353343,0.352387,0.353055
mobley_1803862,13,0.307874,0.307025,0.307643
mobley_1803862,14,0.319959,0.319118,0.319703
mobley_1803862,15,0.494056,0.492544,0.493706
mobley_1803862,16,0.319301,0.318496,0.319031
mobley_1821184,0,-0.922227,-0.919757,-0.920460
mobley_1821184,1,-0.191483,-0.191912,-0.191750
mobley_1821184,2,-0.360401,-0.360283,-0.359565
mobley_1821184,3,-1.377594,-1.378463,-1.378195
mobley_1821184,4,0.009956,0.008793,0.009644
mobley_1821184,5,-0.438894,-0.438884,-0.438015
mobley_1821184,6,-0.378651,-0.378065,-0.378472
mobley_1821184,7,-0.379918,-0.379578,-0.379657
mobley_1821184,8,-0.372407,-0.371998,-0.372199
mobley_1821184,9,-0.485474,-0.484863,-0.484819
mobley_1821184,10,0.330912,0.329988,0.330773
mobley_1821184,11,0.277312,0.276446,0.277297
mobley_1821184,12,0.277310,0.276444,0.277295
mobley_1821184,13,-0.100307,-0.099907,-0.099966
mobley_1821184,14,-1.768444,-1.764062,-1.768777
mobley_1821184,15,-0.085754,-0.085522,-0.085473
mobley_1821184,16,-0.145988,-0.145341,-0.145827
mobley_1821184,17,-0.148125,-0.147472,-0.147955
mobley_1821184,18,-0.369615,-0.368625,-0.369320
mobley_1827204,0,-0.841989,-0.839767,-0.840459
mobley_1827204,1,-0.394253,-0.393250,-0.394330
mobley_1827204,2,-0.451664,-0.450474,-0.451532
mobley_1827204,3,-0.472574,-0.471375,-0.472302
mobley_1827204,4,-0.465665,-0.464403,-0.465543
mobley_1827204,5,-0.383145,-0.382743,-0.382737
mobley_1827204,6,-1.726021,-1.726559,-1.725480
mobley_1827204,7,0.413179,0.412011,0.412857
mobley_1827204,8,0.411327,0.410168,0.411006
mobley_1827204,9,0.280304,0.279623,0.280078
mobley_1827204,10,0.284428,0.283703,0.284165
mobley_1827204,11,0.288750,0.288006,0.288490
mobley_1827204,12,0.369771,0.368862,0.369277
mobley_1827204,13,0.252316,0.251654,0.252099
mobley_1827204,14,0.281456,0.280718,0.281220
mobley_1827204,15,0.202253,0.201778,0.202082
mobley_1827204,16,0.091804,0.092020,0.091385
mobley_1827204,17,0.311245,0.310410,0.311006
mobley_1827204,18,0.000331,0.000542,0.000303
mobley_1838110,0,0.784978,0.781916,0.778228
mobley_1838110,1,1.021450,1.017992,1.013520
mobley_1838110,2,-0.167092,-0.167085,-0.167105
mobley_1838110,3,-1.020239,-1.019872,-1.019811
mobley_1838110,4,-1.020238,-1.019871,-1.019810
mobley_1838110,5,-0.166962,-0.166949,-0.166986
mobley_1838110,6,-0.166962,-0.166949,-0.166986
mobley_1838110,7,-1.093771,-1.093499,-1.093445
mobley_1849020,0,-0.762626,-0.760568,-0.761504
mobley_1849020,1,-0.508947,-0.507964,-0.508153
mobley_1849020,2,-1.359964,-1.352688,-1.358280
mobley_1849020,3,1.467909,1.479993,1.459070
mobley_1849020,4,-0.845021,-0.844939,-0.845035
mobley_1849020,5,-1.827492,-1.820502,-1.826062
mobley_1849020,6,-0.519855,-0.519117,-0.518716
mobley_1849020,7,-0.762460,-0.760402,-0.761340
mobley_1849020,8,-1.157144,-1.156655,-1.158779
mobley_1849020,9,-0.468344,-0.466173,-0.467437
mobley_1849020,10,-1.232380,-1.232462,-1.233681
mobley_1849020,11,0.027111,0.026805,0.026336
mobley_1849020,12,-0.353781,-0.353388,-0.353546
mobley_1849020,13,-0.323120,-0.322978,-0.323219
mobley_1849020,14,0.519625,0.517259,0.515136
mobley_1849020,15,-0.322136,-0.321995,-0.322233
mobley_1849020,16,-0.382895,-0.382330,-0.382563
mobley_1849020,17,-1.152482,-1.152314,-1.152388
mobley_1849020,18,0.393564,0.392550,0.393188
mobley_1849020,19,0.393289,0.392258,0.392911
mobley_1849020,20,0.280919,0.280365,0.280549
mobley_1849020,21,0.169303,0.168419,0.169064
mobley_1849020,22,0.094652,0.094069,0.094424
mobley_1849020,23,0.191624,0.190816,0.191537
mobley_1849020,24,0.154214,0.153344,0.153934
mobley_1849020,25,0.394174,0.393136,0.393797
mobley_1849020,26,0.280476,0.279924,0.280105
mobley_1849020,27,0.394112,0.393088,0.393734
mobley_1849020,28,0.053448,0.053050,0.053514
mobley_1849020,29,0.210265,0.209887,0.209918
mobley_1849020,30,-0.213111,-0.212383,-0.213052
mobley_1849020,31,-0.336463,-0.334981,-0.335801
mobley_1849020,32,-0.335805,-0.334326,-0.335147
mobley_1849020,33,-0.291865,-0.290989,-0.291725
mobley_1855337,0,-0.287843,-0.287851,-0.288244
mobley_1855337,1,0.557960,0.555555,0.553197
mobley_1855337,2,-0.287843,-0.287851,-0.288244
mobley_1855337,3,0.624224,0.621592,0.619006
mobley_1855337,4,0.697900,0.694930,0.692190
mobley_1855337,5,0.624224,0.621593,0.619006
mobley_1855337,6,-1.085098,-1.084816,-1.084741
mobley_1855337,7,-1.023070,-1.022685,-1.022478
mobley_1855337,8,-1.085098,-1.084816,-1.084741
mobley_1855337,9,-1.151386,-1.151215,-1.151285
mobley_1855337,10,-0.476030,-0.473896,-0.474994
mobley_1855337,11,-0.476029,-0.473895,-0.474994
mobley_1857976,0,0.062763,0.062405,0.059534
mobley_1857976,1,0.062761,0.062402,0.059531
mobley_1857976,2,-1.161549,-1.161428,-1.161482
mobley_1857976,3,-1.161549,-1.161428,-1.161482
mobley_1857976,4,0.020544,0.020855,0.020833
mobley_1857976,5,0.020544,0.020855,0.020833
mobley_1857976,6,0.020544,0.020855,0.020833
mobley_1857976,7,0.020544,0.020855,0.020833
mobley_1858644,0,-0.399371,-0.399001,-0.398967
mobley_1858644,1,-0.379672,-0.379307,-0.379357
mobley_1858644,2,-0.493013,-0.492408,-0.492193
mobley_1858644,3,-0.069502,-0.070090,-0.070187
mobley_1858644,4,-0.500221,-0.499591,-0.499380
mobley_1858644,5,-0.379695,-0.379330,-0.379380
mobley_1858644,6,-0.475052,-0.473759,-0.474925
mobley_1858644,7,-0.564675,-0.563710,-0.563660
mobley_1858644,8,-3.030732,-3.030609,-3.032782
mobley_1858644,9,-0.146246,-0.145607,-0.146089
mobley_1858644,10,-0.147456,-0.146805,-0.147293
mobley_1858644,11,-0.116784,-0.116296,-0.116643
mobley_1858644,12,-0.109396,-0.108968,-0.109227
mobley_1858644,13,-0.147280,-0.146630,-0.147118
mobley_1858644,14,0.270367,0.269698,0.270125
mobley_1858644,15,0.172921,0.172614,0.172739
mobley_1858644,16,0.241239,0.240465,0.241183
mobley_1858644,17,0.148804,0.148433,0.148768
mobley_1858644,18,0.175721,0.176928,0.173759
mobley_186894,0,-0.849792,-0.847564,-0.848241
mobley_186894,1,-0.331470,-0.330569,-0.331710
mobley_186894,2,-0.463065,-0.461586,-0.462556
mobley_186894,3,-0.957944,-0.958343,-0.957652
mobley_186894,4,0.277891,0.277216,0.277666
mobley_186894,5,0.413035,0.411876,0.412712
mobley_186894,6,0.414567,0.413398,0.414241
mobley_186894,7,0.206433,0.205864,0.206003
mobley_186894,8,0.159929,0.159479,0.159556
mobley_186894,9,0.275990,0.275382,0.275795
mobley_186894,10,0.246868,0.246310,0.246722
mobley_186894,11,0.074990,0.075092,0.074663
mobley_1873346,0,-0.898593,-0.896254,-0.896870
mobley_1873346,1,0.047218,0.046274,0.046067
mobley_1873346,2,-0.534908,-0.534229,-0.533900
mobley_1873346,3,-0.379919,-0.379552,-0.379601
mobley_1873346,4,-0.399441,-0.399070,-0.399037
mobley_1873346,5,-0.379920,-0.379552,-0.379601
mobley_1873346,6,-0.534908,-0.534229,-0.533900
mobley_1873346,7,0.310590,0.309673,0.310455
mobley_1873346,8,0.273611,0.272917,0.273450
mobley_1873346,9,0.273613,0.272918,0.273452
mobley_1873346,10,-0.108609,-0.108089,-0.108494
mobley_1873346,11,-0.147479,-0.146829,-0.147316
mobley_1873346,12,-0.146276,-0.145637,-0.146119
mobley_1873346,13,-0.147480,-0.146830,-0.147317
mobley_1873346,14,-0.108613,-0.108093,-0.108498
mobley_1875719,0,-0.770054,-0.768207,-0.768626
mobley_1875719,1,-0.466991,-0.465714,-0.466870
mobley_1875719,2,-0.143516,-0.143891,-0.143809
mobley_1875719,3,-2.801008,-2.801643,-2.801453
mobley_1875719,4,-0.466990,-0.465714,-0.466869
mobley_1875719,5,-0.770055,-0.768207,-0.768627
mobley_1875719,6,0.348997,0.348204,0.348564
mobley_1875719,7,0.279769,0.279058,0.279574
mobley_1875719,8,0.348999,0.348206,0.348567
mobley_1875719,9,0.202145,0.201945,0.201669
mobley_1875719,10,0.202145,0.201946,0.201670
mobley_1875719,11,0.202144,0.201945,0.201668
mobley_1875719,12,0.202145,0.201946,0.201670
mobley_1875719,13,0.348999,0.348206,0.348566
mobley_1875719,14,0.279769,0.279058,0.279574
mobley_1875719,15,0.348998,0.348205,0.348566
mobley_1881249,0,-0.769989,-0.768042,-0.768644
mobley_1881249,1,-0.318578,-0.317994,-0.318724
mobley_1881249,2,-0.624344,-0.622709,-0.623552
mobley_1881249,3,0.012367,0.011619,0.011406
mobley_1881249,4,-2.266174,-2.266499,-2.266230
mobley_1881249,5,-0.912947,-0.910469,-0.911240
mobley_1881249,6,0.330960,0.330061,0.330719
mobley_1881249,7,0.360747,0.359791,0.360385
mobley_1881249,8,0.285340,0.284627,0.285124
mobley_1881249,9,0.239300,0.238764,0.239055
mobley_1881249,10,0.151430,0.151148,0.151299
mobley_1881249,11,0.110385,0.110492,0.109957
mobley_1881249,12,0.293063,0.292522,0.292548
mobley_1881249,13,0.297912,0.297125,0.297740
mobley_1881249,14,0.284934,0.284476,0.284410
mobley_1881249,15,0.346760,0.346048,0.346220
mobley_1893815,0,0.244356,0.243396,0.239901
mobley_1893815,1,1.552624,1.547833,1.541320
mobley_1893815,2,-1.002495,-1.002180,-1.001855
mobley_1893815,3,-1.002495,-1.002180,-1.001856
mobley_1893815,4,-1.051355,-1.051140,-1.050924
mobley_1893815,5,-1.070896,-1.070587,-1.070462
mobley_1893815,6,-0.262085,-0.260690,-0.261091
mobley_1893815,7,-0.262085,-0.260690,-0.261091
mobley_1893937,0,-0.843135,-0.840911,-0.841601
mobley_1893937,1,-0.396914,-0.395900,-0.396972
mobley_1893937,2,-0.521223,-0.519878,-0.520771
mobley_1893937,3,-0.511788,-0.510445,-0.511422
mobley_1893937,4,-0.325226,-0.324456,-0.325769
mobley_1893937,5,-0.096099,-0.095920,-0.098508
mobley_1893937,6,-1.159387,-1.159253,-1.159305
mobley_1893937,7,0.412464,0.411300,0.412142
mobley_1893937,8,0.280202,0.279521,0.279975
mobley_1893937,9,0.412470,0.411305,0.412148
mobley_1893937,10,0.287297,0.286559,0.287033
mobley_1893937,11,0.287298,0.286560,0.287034
mobley_1893937,12,0.339178,0.338248,0.338874
mobley_1893937,13,0.339188,0.338257,0.338884
mobley_1893937,14,0.338950,0.338023,0.338675
mobley_1893937,15,0.338959,0.338032,0.338684
mobley_1893937,16,0.082575,0.082728,0.082867
mobley_1893937,17,0.082575,0.082728,0.082867
mobley_1893937,18,0.281407,0.280610,0.281088
mobley_1893937,19,0.281414,0.280617,0.281095
mobley_1896013,0,-0.704647,-0.703579,-0.702783
mobley_1896013,1,-0.224568,-0.224470,-0.224811
mobley_1896013,2,-0.373083,-0.373174,-0.372088
mobley_1896013,3,-0.165406,-0.165347,-0.165981
mobley_1896013,4,-0.489195,-0.488889,-0.487896
mobley_1896013,5,-1.367076,-1.367041,-1.366559
mobley_1896013,6,-3.087398,-3.087065,-3.089350
mobley_1896013,7,-2.933544,-2.934991,-2.933523
mobley_1896013,8,-2.926963,-2.928563,-2.926722
mobley_1896013,9,-3.198179,-3.198947,-3.199329
mobley_1896013,10,0.087805,0.087757,0.087676
mobley_1896013,11,0.241896,0.241278,0.241697
mobley_1896013,12,0.004178,0.004493,0.003979
mobley_1896013,13,0.006262,0.006790,0.005791
mobley_1896013,14,-0.020834,-0.020364,-0.021134
mobley_1896013,15,-0.156749,-0.155926,-0.156792
mobley_1896013,16,0.132377,0.133823,0.130292
mobley_1896013,17,0.092951,0.094672,0.090777
mobley_1896013,18,0.167577,0.168739,0.165729
mobley_1896013,19,0.108355,0.109689,0.106577
mobley_1899443,0,-0.839752,-0.837541,-0.838243
mobley_1899443,1,-0.347886,-0.346951,-0.348189
mobley_1899443,2,-0.669253,-0.667614,-0.668164
mobley_1899443,3,0.078207,0.077377,0.076857
mobley_1899443,4,-0.901628,-0.899802,-0.899398
mobley_1899443,5,-0.958362,-0.955880,-0.956365
mobley_1899443,6,0.402148,0.401032,0.401832
mobley_1899443,7,0.421566,0.420361,0.421247
mobley_1899443,8,0.279694,0.279016,0.279466
mobley_1899443,9,0.171496,0.171106,0.171351
mobley_1899443,10,0.258977,0.258299,0.258745
mobley_1899443,11,0.230400,0.229881,0.230174
mobley_1899443,12,0.247320,0.246657,0.247128
mobley_1899443,13,-0.025033,-0.024662,-0.025081
mobley_1899443,14,-0.014226,-0.013864,-0.014289
mobley_1899443,15,0.259634,0.258878,0.259510
mobley_1899443,16,0.283965,0.283181,0.283784
mobley_1899443,17,0.299612,0.298874,0.299372
mobley_1903702,0,-0.848650,-0.846706,-0.846773
mobley_1903702,1,-0.442617,-0.441429,-0.442567
mobley_1903702,2,-0.234742,-0.234780,-0.234774
mobley_1903702,3,-0.863679,-0.861300,-0.862162
mobley_1903702,4,-3.383228,-3.383209,-3.385469
mobley_1903702,5,0.281917,0.281211,0.281697
mobley_1903702,6,0.478929,0.477581,0.478487
mobley_1903702,7,0.343730,0.342913,0.343332
mobley_1903702,8,0.226233,0.225848,0.225870
mobley_1903702,9,0.265585,0.265024,0.265220
mobley_1903702,10,0.140813,0.140527,0.140668
mobley_1903702,11,0.386384,0.385341,0.386049
mobley_1903702,12,0.321158,0.320452,0.320764
mobley_1903702,13,0.426703,0.425560,0.426286
mobley_1903702,14,0.235881,0.236818,0.233891
mobley_1905088,0,-0.399119,-0.398749,-0.398717
mobley_1905088,1,-0.379261,-0.378900,-0.378952
mobley_1905088,2,-0.465426,-0.464920,-0.464703
mobley_1905088,3,0.011660,0.010732,0.010856
mobley_1905088,4,-0.465425,-0.464918,-0.464701
mobley_1905088,5,-0.379261,-0.378900,-0.378952
mobley_1905088,6,-0.696137,-0.694601,-0.694844
mobley_1905088,7,0.000000,0.000000,0.000000
mobley_1905088,8,-0.146265,-0.145626,-0.146109
mobley_1905088,9,-0.147214,-0.146563,-0.147052
mobley_1905088,10,-0.172740,-0.172006,-0.172572
mobley_1905088,11,-0.172742,-0.172007,-0.172574
mobley_1905088,12,-0.147215,-0.146564,-0.147053
mobley_1905088,13,0.056537,0.056548,0.056580
mobley_1905088,14,0.056537,0.056548,0.056580
mobley_1922649,0,-0.953196,-0.951279,-0.950585
mobley_1922649,1,-1.445954,-1.439316,-1.445208
mobley_1922649,2,1.236859,1.252691,1.222038
mobley_1922649,3,-0.823855,-0.823589,-0.824000
mobley_1922649,4,-1.319304,-1.312168,-1.318775
mobley_1922649,5,-0.957252,-0.955349,-0.954616
mobley_1922649,6,-1.946171,-1.939418,-1.946081
mobley_1922649,7,-0.172704,-0.173416,-0.172552
mobley_1922649,8,-0.392911,-0.392375,-0.392706
mobley_1922649,9,-0.450103,-0.449825,-0.449381
mobley_1922649,10,0.450184,0.448739,0.447749
mobley_1922649,11,-0.449950,-0.449665,-0.449231
mobley_1922649,12,-0.447520,-0.446762,-0.446826
mobley_1922649,13,-1.348736,-1.348716,-1.348669
mobley_1922649,14,-0.326919,-0.326948,-0.323249
mobley_1922649,15,-0.323336,-0.323360,-0.319663
mobley_1922649,16,0.304009,0.303190,0.303785
mobley_1922649,17,0.291736,0.290410,0.291433
mobley_1922649,18,0.320345,0.319223,0.320113
mobley_1922649,19,0.326133,0.324938,0.325906
mobley_1922649,20,0.294709,0.293405,0.294391
mobley_1922649,21,0.303817,0.303000,0.303591
mobley_1922649,22,-0.132655,-0.132068,-0.132479
mobley_1922649,23,-0.280281,-0.279365,-0.279978
mobley_1922649,24,-0.281410,-0.280487,-0.281106
mobley_1922649,25,-0.133923,-0.133651,-0.134071
mobley_1923244,0,-0.845863,-0.843631,-0.844317
mobley_1923244,1,-0.423198,-0.422166,-0.423128
mobley_1923244,2,-0.423199,-0.422166,-0.423129
mobley_1923244,3,-0.845864,-0.843632,-0.844318
mobley_1923244,4,0.413019,0.411853,0.412697
mobley_1923244,5,0.413023,0.411857,0.412701
mobley_1923244,6,0.279962,0.279280,0.279736
mobley_1923244,7,0.289523,0.288792,0.289241
mobley_1923244,8,0.289523,0.288793,0.289242
mobley_1923244,9,0.289524,0.288794,0.289243
mobley_1923244,10,0.289522,0.288791,0.289240
mobley_1923244,11,0.279964,0.279283,0.279738
mobley_1923244,12,0.413021,0.411855,0.412699
mobley_1923244,13,0.413021,0.411855,0.412699
mobley_1929982,0,-0.880269,-0.880735,-0.879531
mobley_1929982,1,0.063441,0.063643,0.063104
mobley_1929982,2,0.063441,0.063642,0.063104
mobley_194273,0,-0.499544,-0.497509,-0.499560
mobley_194273,1,-0.423208,-0.422341,-0.423043
mobley_194273,2,0.429824,0.428697,0.427551
mobley_194273,3,-0.860799,-0.858724,-0.859105
mobley_194273,4,-1.357948,-1.358197,-1.358123
mobley_194273,5,0.213035,0.211548,0.212230
mobley_194273,6,-1.735240,-1.736763,-1.734313
mobley_194273,7,-0.429813,-0.429822,-0.428923
mobley_194273,8,0.365572,0.363742,0.363984
mobley_194273,9,-1.385431,-1.386557,-1.386212
mobley_194273,10,0.088780,0.087340,0.088798
mobley_194273,11,-1.363097,-1.363371,-1.363771
mobley_194273,12,-0.908981,-0.906860,-0.907146
mobley_194273,13,0.000000,0.000000,0.000000
mobley_194273,14,0.286968,0.286276,0.286789
mobley_194273,15,0.106579,0.106105,0.106593
mobley_194273,16,0.200647,0.199858,0.200583
mobley_194273,17,0.147310,0.146812,0.147270
mobley_194273,18,-0.038714,-0.038815,-0.038615
mobley_194273,19,0.108498,0.108279,0.108652
mobley_194273,20,0.130425,0.130102,0.130350
mobley_194273,21,0.110063,0.109442,0.110100
mobley_194273,22,0.235151,0.234338,0.235092
mobley_194273,23,-1.917266,-1.912820,-1.917383
mobley_194273,24,0.168012,0.167533,0.167930
mobley_194273,25,0.168497,0.168016,0.168414
mobley_194273,26,0.223060,0.222323,0.222813
mobley_1944394,0,-0.488029,-0.486408,-0.487270
mobley_1944394,1,-1.321571,-1.320651,-1.320941
mobley_1944394,2,-0.525755,-0.524031,-0.524864
mobley_1944394,3,-0.059903,-0.059303,-0.060762
mobley_1944394,4,-0.527091,-0.526121,-0.526333
mobley_1944394,5,-0.570882,-0.569997,-0.570075
mobley_1944394,6,-0.418822,-0.418249,-0.418215
mobley_1944394,7,0.011389,0.010834,0.010150
mobley_1944394,8,-0.431638,-0.431400,-0.430823
mobley_1944394,9,-0.380209,-0.379849,-0.379899
mobley_1944394,10,-0.398860,-0.398489,-0.398459
mobley_1944394,11,-0.379555,-0.379192,-0.379239
mobley_1944394,12,-0.463232,-0.462712,-0.462535
mobley_1944394,13,0.025386,0.024716,0.024139
mobley_1944394,14,-0.468605,-0.468250,-0.467692
mobley_1944394,15,-0.380742,-0.380380,-0.380429
mobley_1944394,16,-0.398937,-0.398566,-0.398536
mobley_1944394,17,-0.378975,-0.378620,-0.378670
mobley_1944394,18,-0.410112,-0.409629,-0.409714
mobley_1944394,19,0.500662,0.499212,0.500419
mobley_1944394,20,0.439556,0.438359,0.439337
mobley_1944394,21,0.420315,0.419161,0.420114
mobley_1944394,22,0.458198,0.456933,0.457946
mobley_1944394,23,0.454545,0.453262,0.454322
mobley_1944394,24,0.443486,0.442211,0.443286
mobley_1944394,25,0.338557,0.337677,0.338387
mobley_1944394,26,0.396233,0.395230,0.395941
mobley_1944394,27,-0.167402,-0.166945,-0.167336
mobley_1944394,28,-0.061731,-0.061665,-0.061622
mobley_1944394,29,-0.166598,-0.165857,-0.166411
mobley_1944394,30,-0.162115,-0.161507,-0.161921
mobley_1944394,31,-0.146910,-0.146260,-0.146747
mobley_1944394,32,-0.146458,-0.145819,-0.146301
mobley_1944394,33,-0.147334,-0.146683,-0.147173
mobley_1944394,34,-0.109892,-0.109443,-0.109720
mobley_1944394,35,-0.110665,-0.110325,-0.110405
mobley_1944394,36,-0.147441,-0.146790,-0.147279
mobley_1944394,37,-0.146474,-0.145835,-0.146318
mobley_1944394,38,-0.147288,-0.146637,-0.147127
mobley_1944394,39,-0.148679,-0.148214,-0.148388
mobley_1952272,0,-0.282007,-0.280499,-0.282385
mobley_1952272,1,-1.337251,-1.336868,-1.336931
mobley_1952272,2,-0.875853,-0.876310,-0.872315
mobley_1952272,3,-0.875882,-0.876340,-0.872345
mobley_1952272,4,0.331540,0.330871,0.331216
mobley_1952272,5,0.331542,0.330874,0.331218
mobley_1952272,6,0.313612,0.313241,0.312991
mobley_1963873,0,-0.896120,-0.893840,-0.894515
mobley_1963873,1,0.064135,0.062855,0.063695
mobley_1963873,2,-2.556209,-2.557541,-2.556700
mobley_1963873,3,-1.374092,-1.374848,-1.374618
mobley_1963873,4,-0.482195,-0.480998,-0.481263
mobley_1963873,5,0.347733,0.347105,0.347315
mobley_1963873,6,0.095865,0.095389,0.095827
mobley_1963873,7,0.028131,0.027944,0.027872
mobley_1963873,8,-1.536329,-1.532165,-1.537321
mobley_1963873,9,0.266383,0.265652,0.266340
mobley_1963873,10,0.412542,0.411395,0.412353
mobley_1963873,11,0.286408,0.285853,0.286045
mobley_1967551,0,-0.804556,-0.802402,-0.803271
mobley_1967551,1,-0.307469,-0.307348,-0.307325
mobley_1967551,2,-1.841623,-1.842339,-1.841139
mobley_1967551,3,0.287258,0.286815,0.286729
mobley_1967551,4,0.366234,0.365261,0.365961
mobley_1967551,5,0.287258,0.286815,0.286729
mobley_1967551,6,-0.016798,-0.016473,-0.016828
mobley_197466,0,-0.837057,-0.834786,-0.835650
mobley_197466,1,-0.056566,-0.057264,-0.057174
mobley_197466,2,-1.930924,-1.930825,-1.930961
mobley_197466,3,-0.132513,-0.132282,-0.133505
mobley_197466,4,-0.416337,-0.415565,-0.416033
mobley_197466,5,-0.416335,-0.415563,-0.416031
mobley_197466,6,0.263844,0.263424,0.263375
mobley_197466,7,0.263850,0.263431,0.263381
mobley_197466,8,0.297173,0.296393,0.297001
mobley_197466,9,0.074128,0.074299,0.073830
mobley_197466,10,0.109548,0.109440,0.109432
mobley_197466,11,0.163000,0.162884,0.162648
mobley_197466,12,0.109547,0.109439,0.109431
mobley_197466,13,0.162997,0.162881,0.162645
mobley_1976156,0,-0.840930,-0.838711,-0.839405
mobley_1976156,1,-0.393614,-0.392608,-0.393687
mobley_1976156,2,-0.527563,-0.526180,-0.527112
mobley_1976156,3,-0.512383,-0.511011,-0.511988
mobley_1976156,4,-0.508213,-0.506857,-0.507843
mobley_1976156,5,-0.432068,-0.430858,-0.432065
mobley_1976156,6,-0.466749,-0.465565,-0.466502
mobley_1976156,7,-0.463424,-0.462167,-0.463311
mobley_1976156,8,-0.380488,-0.380092,-0.380091
mobley_1976156,9,-1.733478,-1.734018,-1.732944
mobley_1976156,10,0.280417,0.279735,0.280190
mobley_1976156,11,0.409944,0.408790,0.409622
mobley_1976156,12,0.414172,0.413000,0.413851
mobley_1976156,13,0.275166,0.274482,0.274902
mobley_1976156,14,0.297506,0.296718,0.297245
mobley_1976156,15,0.330102,0.329160,0.329818
mobley_1976156,16,0.307962,0.307110,0.307694
mobley_1976156,17,0.313787,0.312931,0.313515
mobley_1976156,18,0.209820,0.209340,0.209627
mobley_1976156,19,0.314017,0.313162,0.313750
mobley_1976156,20,0.206876,0.206407,0.206685
mobley_1976156,21,0.240989,0.240307,0.240809
mobley_1976156,22,0.343847,0.342988,0.343392
mobley_1976156,23,0.291096,0.290310,0.290864
mobley_1976156,24,0.190688,0.190265,0.190518
mobley_1976156,25,0.091913,0.092128,0.091493
mobley_1976156,26,0.312679,0.311835,0.312440
mobley_1976156,27,0.001382,0.001588,0.001354
mobley_1977493,0,-0.705888,-0.703978,-0.705220
mobley_1977493,1,-0.203301,-0.202910,-0.204370
mobley_1977493,2,-0.138111,-0.137870,-0.140325
mobley_1977493,3,-1.150815,-1.150654,-1.150691
mobley_1977493,4,0.286177,0.285473,0.285979
mobley_1977493,5,0.161187,0.161066,0.161476
mobley_1977493,6,0.334377,0.333426,0.334192
mobley_1977493,7,0.162058,0.161731,0.161940
mobley_1977493,8,0.033432,0.033774,0.033769
mobley_1977493,9,0.153318,0.152970,0.153085
mobley_1977493,10,0.277992,0.277229,0.277656
mobley_1987439,0,-0.892065,-0.889744,-0.890371
mobley_1987439,1,0.084257,0.083316,0.082911
mobley_1987439,2,-0.670884,-0.669893,-0.669302
mobley_1987439,3,0.084256,0.083315,0.082910
mobley_1987439,4,-0.670913,-0.669922,-0.669331
mobley_1987439,5,0.084246,0.083306,0.082900
mobley_1987439,6,-0.670913,-0.669922,-0.669331
mobley_1987439,7,-0.892101,-0.889780,-0.890406
mobley_1987439,8,-0.892067,-0.889746,-0.890372
mobley_1987439,9,0.272160,0.271474,0.271999
mobley_1987439,10,0.272627,0.271939,0.272466
mobley_1987439,11,0.314693,0.313757,0.314558
mobley_1987439,12,-0.060768,-0.060396,-0.060705
mobley_1987439,13,-0.062376,-0.061996,-0.062313
mobley_1987439,14,-0.062374,-0.061995,-0.062311
mobley_1987439,15,0.272333,0.271647,0.272172
mobley_1987439,16,0.272330,0.271644,0.272169
mobley_1987439,17,0.313962,0.313029,0.313827
mobley_1987439,18,0.272158,0.271472,0.271997
mobley_1987439,19,0.272628,0.271941,0.272468
mobley_1987439,20,0.314695,0.313759,0.314560
mobley_2005792,0,-0.398245,-0.397874,-0.397848
mobley_2005792,1,-0.379380,-0.379020,-0.379076
mobley_2005792,2,-0.440360,-0.439775,-0.439858
mobley_2005792,3,-0.111448,-0.111939,-0.111997
mobley_2005792,4,-0.440360,-0.439775,-0.439858
mobley_2005792,5,-0.379381,-0.379021,-0.379077
mobley_2005792,6,-0.111448,-0.111939,-0.111997
mobley_2005792,7,-0.440362,-0.439777,-0.439860
mobley_2005792,8,-0.379381,-0.379021,-0.379077
mobley_2005792,9,-0.398244,-0.397873,-0.397847
mobley_2005792,10,-0.379378,-0.379018,-0.379074
mobley_2005792,11,-0.440360,-0.439775,-0.439858
mobley_2005792,12,-0.145817,-0.145179,-0.145661
mobley_2005792,13,-0.147053,-0.146402,-0.146892
mobley_2005792,14,-0.185956,-0.185326,-0.185660
mobley_2005792,15,-0.185956,-0.185325,-0.185660
mobley_2005792,16,-0.147054,-0.146403,-0.146893
mobley_2005792,17,-0.185957,-0.185327,-0.185661
mobley_2005792,18,-0.147055,-0.146404,-0.146894
mobley_2005792,19,-0.145816,-0.145178,-0.145660
mobley_2005792,20,-0.147050,-0.146400,-0.146889
mobley_2005792,21,-0.185956,-0.185326,-0.185660
mobley_2008055,0,-0.745964,-0.744037,-0.744811
mobley_2008055,1,-0.745965,-0.744038,-0.744812
mobley_2008055,2,0.368994,0.368015,0.368687
mobley_2008055,3,0.368995,0.368016,0.368687
mobley_2008055,4,0.368995,0.368016,0.368687
mobley_2008055,5,0.368995,0.368016,0.368687
mobley_2008055,6,0.368995,0.368016,0.368687
mobley_2008055,7,0.368995,0.368016,0.368687
mobley_2023925,0,0.129392,0.128540,0.126468
mobley_2023925,1,0.295857,0.294232,0.291375
mobley_2023925,2,-0.167284,-0.167286,-0.167279
mobley_2023925,3,-0.167064,-0.167056,-0.167079
mobley_2023925,4,-0.167052,-0.167044,-0.167068
mobley_2023925,5,-0.288458,-0.287587,-0.291633
mobley_2023925,6,-0.254746,-0.254857,-0.256417
mobley_2023925,7,-0.167070,-0.167062,-0.167084
mobley_2023925,8,-0.167227,-0.167227,-0.167228
mobley_2023925,9,-1.072903,-1.072568,-1.072801
mobley_2023925,10,-0.156146,-0.155637,-0.155088
mobley_2023925,11,-0.203004,-0.202298,-0.202447
mobley_2043882,0,-0.883184,-0.880722,-0.881637
mobley_2043882,1,-0.080775,-0.081235,-0.081379
mobley_2043882,2,-2.356205,-2.356855,-2.356273
mobley_2043882,3,-0.179616,-0.179160,-0.180450
mobley_2043882,4,-0.470677,-0.469651,-0.470238
mobley_2043882,5,-0.427112,-0.426011,-0.427074
mobley_2043882,6,-0.452115,-0.450990,-0.451954
mobley_2043882,7,-0.433177,-0.432059,-0.433112
mobley_2043882,8,-0.514095,-0.512839,-0.513597
mobley_2043882,9,0.285001,0.284509,0.284507
mobley_2043882,10,0.257044,0.256624,0.256574
mobley_2043882,11,0.305479,0.304663,0.305305
mobley_2043882,12,0.019879,0.020144,0.019604
mobley_2043882,13,0.047775,0.048038,0.047449
mobley_2043882,14,0.187232,0.186672,0.187150
mobley_2043882,15,0.184696,0.184153,0.184612
mobley_2043882,16,0.061453,0.061458,0.061390
mobley_2043882,17,0.194696,0.194128,0.194598
mobley_2043882,18,0.062725,0.062715,0.062656
mobley_2043882,19,0.190428,0.189858,0.190342
mobley_2043882,20,0.061285,0.061289,0.061223
mobley_2043882,21,0.013318,0.013406,0.013329
mobley_2043882,22,0.238636,0.238054,0.238295
mobley_2049967,0,-0.760569,-0.758444,-0.759286
mobley_2049967,1,-0.466271,-0.464793,-0.465769
mobley_2049967,2,-1.161295,-1.161262,-1.162185
mobley_2049967,3,-0.863557,-0.860860,-0.861702
mobley_2049967,4,0.308931,0.308138,0.308695
mobley_2049967,5,0.280406,0.279494,0.280014
mobley_2049967,6,0.325242,0.324248,0.324765
mobley_2049967,7,0.198661,0.198291,0.198548
mobley_2049967,8,0.194212,0.193825,0.194106
mobley_2049967,9,0.236924,0.236333,0.236847
mobley_2049967,10,0.302984,0.302185,0.302840
mobley_2049967,11,0.329415,0.328611,0.329239
mobley_20524,0,-0.400248,-0.399875,-0.399832
mobley_20524,1,-0.378156,-0.377812,-0.377837
mobley_20524,2,-0.475670,-0.475050,-0.475017
mobley_20524,3,-0.228382,-0.228938,-0.228139
mobley_20524,4,-0.401371,-0.400909,-0.401039
mobley_20524,5,-0.376832,-0.376502,-0.376517
mobley_20524,6,-3.240083,-3.240001,-3.242468
mobley_20524,7,-0.145029,-0.144395,-0.144873
mobley_20524,8,-0.146435,-0.145791,-0.146272
mobley_20524,9,-0.120766,-0.120187,-0.120641
mobley_20524,10,-0.161312,-0.160522,-0.161252
mobley_20524,11,-0.147690,-0.147042,-0.147530
mobley_20524,12,0.010843,0.012588,0.009060
mobley_2068538,0,-0.869554,-0.867313,-0.867892
mobley_2068538,1,-0.298156,-0.297458,-0.298601
mobley_2068538,2,-0.869554,-0.867313,-0.867892
mobley_2068538,3,0.414612,0.413454,0.414274
mobley_2068538,4,0.280426,0.279732,0.280195
mobley_2068538,5,0.414613,0.413455,0.414275
mobley_2068538,6,0.240111,0.239566,0.239866
mobley_2068538,7,0.240111,0.239566,0.239867
mobley_2068538,8,0.280425,0.279731,0.280195
mobley_2068538,9,0.414612,0.413454,0.414274
mobley_2068538,10,0.414613,0.413455,0.414275
mobley_2078467,0,-0.808801,-0.806926,-0.807100
mobley_2078467,1,-0.119805,-0.119463,-0.120992
mobley_2078467,2,-0.099465,-0.100217,-0.099750
mobley_2078467,3,-0.396398,-0.395953,-0.396027
mobley_2078467,4,-0.507953,-0.507233,-0.507115
mobley_2078467,5,-0.069989,-0.070493,-0.070723
mobley_2078467,6,-0.509179,-0.508453,-0.508338
mobley_2078467,7,-0.422493,-0.422104,-0.421823
mobley_2078467,8,-0.720384,-0.718552,-0.719151
mobley_2078467,9,0.165186,0.164683,0.162977
mobley_2078467,10,-0.938056,-0.935532,-0.936196
mobley_2078467,11,-0.937696,-0.935173,-0.935838
mobley_2078467,12,-0.354166,-0.354278,-0.353395
mobley_2078467,13,-1.265995,-1.265066,-1.266216
mobley_2078467,14,-3.060261,-3.059448,-3.062993
mobley_2078467,15,0.284774,0.284310,0.284279
mobley_2078467,16,0.256109,0.255409,0.255999
mobley_2078467,17,0.252303,0.251789,0.251963
mobley_2078467,18,-0.018268,-0.017809,-0.018427
mobley_2078467,19,-0.189119,-0.188331,-0.188924
mobley_2078467,20,-0.107398,-0.107110,-0.107158
mobley_2078467,21,-0.106843,-0.106555,-0.106603
mobley_2078467,22,-0.291513,-0.290375,-0.291356
mobley_2078467,23,0.084099,0.084010,0.084060
mobley_2078467,24,0.084165,0.084075,0.084125
mobley_2078467,25,-0.021366,-0.021041,-0.021434
mobley_2078467,26,0.283764,0.282888,0.283642
mobley_2078467,27,0.364906,0.363665,0.364770
mobley_2078467,28,0.337509,0.336594,0.337250
mobley_2078467,29,0.337446,0.336532,0.337188
mobley_2078467,30,0.283930,0.283054,0.283809
mobley_2078467,31,0.365363,0.364121,0.365227
mobley_2078467,32,-0.000123,0.001431,-0.001695
mobley_2099370,0,-0.806679,-0.804784,-0.805019
mobley_2099370,1,-0.114755,-0.114419,-0.115968
mobley_2099370,2,-0.073599,-0.074363,-0.074031
mobley_2099370,3,-0.443959,-0.443545,-0.443208
mobley_2099370,4,-0.356775,-0.356438,-0.356593
mobley_2099370,5,-0.410401,-0.409841,-0.410067
mobley_2099370,6,-0.019738,-0.020241,-0.020852
mobley_2099370,7,-0.443881,-0.443553,-0.443086
mobley_2099370,8,-0.202968,-0.203191,-0.203095
mobley_2099370,9,-1.023979,-1.023430,-1.023628
mobley_2099370,10,-0.039794,-0.040285,-0.040799
mobley_2099370,11,-0.408861,-0.408308,-0.408520
mobley_2099370,12,-0.374759,-0.374417,-0.374476
mobley_2099370,13,-0.397601,-0.397235,-0.397203
mobley_2099370,14,-0.376343,-0.375987,-0.376056
mobley_2099370,15,-0.425184,-0.424950,-0.424445
mobley_2099370,16,-0.356371,-0.356474,-0.355593
mobley_2099370,17,-1.334515,-1.333735,-1.334704
mobley_2099370,18,-2.994120,-2.993331,-2.996749
mobley_2099370,19,0.264032,0.263302,0.263920
mobley_2099370,20,0.248482,0.247942,0.248193
mobley_2099370,21,0.283233,0.282609,0.282932
mobley_2099370,22,-0.022989,-0.022434,-0.023238
mobley_2099370,23,-0.285861,-0.284657,-0.285813
mobley_2099370,24,-0.148247,-0.147586,-0.148085
mobley_2099370,25,-0.207140,-0.206513,-0.206776
mobley_2099370,26,-0.179249,-0.178501,-0.179038
mobley_2099370,27,-0.205290,-0.204667,-0.204930
mobley_2099370,28,-0.146281,-0.145636,-0.146123
mobley_2099370,29,-0.144660,-0.144025,-0.144505
mobley_2099370,30,-0.145424,-0.144780,-0.145262
mobley_2099370,31,-0.144750,-0.144112,-0.144582
mobley_2099370,32,-0.000007,0.001553,-0.001584
mobley_210639,0,-0.888996,-0.886766,-0.887245
mobley_210639,1,-0.058166,-0.058260,-0.059375
mobley_210639,2,-0.888995,-0.886766,-0.887245
mobley_210639,3,0.000000,0.000000,0.000000
mobley_210639,4,0.315143,0.314405,0.314870
mobley_210639,5,0.445056,0.443858,0.444682
mobley_210639,6,0.344923,0.344011,0.344648
mobley_210639,7,0.028470,0.028683,0.028355
mobley_210639,8,0.315144,0.314406,0.314870
mobley_210639,9,0.344922,0.344010,0.344647
mobley_210639,10,0.445056,0.443858,0.444682
mobley_2123854,0,-0.362361,-0.361852,-0.362222
mobley_2123854,1,-0.451900,-0.451292,-0.451385
mobley_2123854,2,-0.224246,-0.224807,-0.224039
mobley_2123854,3,-0.379111,-0.378656,-0.378911
mobley_2123854,4,-0.359806,-0.359311,-0.359677
mobley_2123854,5,-0.062164,-0.062900,-0.062876
mobley_2123854,6,0.288390,0.287080,0.287058
mobley_2123854,7,-1.342651,-1.342409,-1.342484
mobley_2123854,8,-3.236533,-3.236451,-3.238911
mobley_2123854,9,-0.198500,-0.197900,-0.198172
mobley_2123854,10,-0.120229,-0.119644,-0.120097
mobley_2123854,11,-0.160577,-0.159780,-0.160511
mobley_2123854,12,-0.202404,-0.201800,-0.202075
mobley_2123854,13,0.014203,0.015939,0.012417
mobley_2126135,0,-0.737118,-0.735165,-0.736012
mobley_2126135,1,-0.414746,-0.413940,-0.414511
mobley_2126135,2,-0.150689,-0.151034,-0.151100
mobley_2126135,3,-0.467605,-0.467031,-0.466898
mobley_2126135,4,-0.381894,-0.381520,-0.381575
mobley_2126135,5,-0.377782,-0.377447,-0.377477
mobley_2126135,6,-0.380620,-0.380161,-0.380398
mobley_2126135,7,-0.331339,-0.331608,-0.330664
mobley_2126135,8,-3.246268,-3.245700,-3.248861
mobley_2126135,9,0.379401,0.378269,0.379187
mobley_2126135,10,0.280693,0.279981,0.280497
mobley_2126135,11,0.306759,0.306148,0.306272
mobley_2126135,12,0.178154,0.177781,0.178040
mobley_2126135,13,0.163492,0.163153,0.163398
mobley_2126135,14,-0.121230,-0.120705,-0.121091
mobley_2126135,15,-0.146707,-0.146058,-0.146546
mobley_2126135,16,-0.148237,-0.147586,-0.148077
mobley_2126135,17,-0.161567,-0.160788,-0.161478
mobley_2126135,18,0.019305,0.021045,0.017507
mobley_2143011,0,-0.925912,-0.923476,-0.924052
mobley_2143011,1,0.045240,0.044967,0.043591
mobley_2143011,2,-0.855426,-0.853099,-0.853894
mobley_2143011,3,-0.515460,-0.514651,-0.514605
mobley_2143011,4,-0.839606,-0.837797,-0.837715
mobley_2143011,5,0.284026,0.283286,0.283826
mobley_2143011,6,0.441168,0.439876,0.440835
mobley_2143011,7,0.334121,0.333227,0.333870
mobley_2143011,8,-0.014659,-0.014395,-0.014702
mobley_2143011,9,0.331956,0.331082,0.331698
mobley_2143011,10,0.308784,0.307826,0.308626
mobley_2143011,11,0.181031,0.180546,0.180958
mobley_2143011,12,-0.045353,-0.044981,-0.045370
mobley_2143011,13,-0.009972,-0.009690,-0.009999
mobley_2143011,14,-0.017801,-0.017484,-0.017831
mobley_2146331,0,-0.707467,-0.706169,-0.705961
mobley_2146331,1,-1.235964,-1.236315,-1.235132
mobley_2146331,2,0.006202,0.006477,0.006169
mobley_2146331,3,0.006202,0.006477,0.006170
mobley_2178600,0,-0.840982,-0.838763,-0.839457
mobley_2178600,1,-0.392764,-0.391766,-0.392849
mobley_2178600,2,-0.385544,-0.384515,-0.385950
mobley_2178600,3,-0.303629,-0.302914,-0.304305
mobley_2178600,4,-0.114760,-0.114530,-0.117093
mobley_2178600,5,-1.149788,-1.149625,-1.149661
mobley_2178600,6,0.280409,0.279727,0.280182
mobley_2178600,7,0.414000,0.412827,0.413678
mobley_2178600,8,0.410098,0.408944,0.409777
mobley_2178600,9,0.279617,0.278914,0.279354
mobley_2178600,10,0.293138,0.292375,0.292881
mobley_2178600,11,0.253621,0.252933,0.253458
mobley_2178600,12,0.105657,0.105719,0.105917
mobley_2178600,13,0.079945,0.080097,0.080259
mobley_2178600,14,0.219899,0.219344,0.219752
mobley_2178600,15,0.281641,0.280848,0.281320
mobley_2178600,16,0.152956,0.152621,0.152727
mobley_2183616,0,-0.750262,-0.748164,-0.749184
mobley_2183616,1,-0.454964,-0.453720,-0.454858
mobley_2183616,2,-0.128686,-0.128410,-0.129687
mobley_2183616,3,-0.877006,-0.874588,-0.875419
mobley_2183616,4,-0.178985,-0.179214,-0.179248
mobley_2183616,5,-0.534011,-0.533179,-0.533082
mobley_2183616,6,-0.380957,-0.380586,-0.380629
mobley_2183616,7,-0.400278,-0.399901,-0.399868
mobley_2183616,8,-0.379943,-0.379581,-0.379622
mobley_2183616,9,-0.451478,-0.450972,-0.450817
mobley_2183616,10,0.301934,0.301013,0.301835
mobley_2183616,11,0.328680,0.327769,0.328465
mobley_2183616,12,0.287055,0.286345,0.286840
mobley_2183616,13,0.178525,0.178048,0.178438
mobley_2183616,14,0.216174,0.215681,0.215980
mobley_2183616,15,0.030924,0.031095,0.030825
mobley_2183616,16,0.262373,0.261687,0.262230
mobley_2183616,17,0.339937,0.338868,0.339803
mobley_2183616,18,0.305114,0.304312,0.304897
mobley_2183616,19,-0.312130,-0.311084,-0.311777
mobley_2183616,20,-0.148003,-0.147350,-0.147842
mobley_2183616,21,-0.146542,-0.145902,-0.146386
mobley_2183616,22,-0.147820,-0.147169,-0.147659
mobley_2183616,23,-0.172840,-0.172069,-0.172692
mobley_2197088,0,-0.840368,-0.838151,-0.838846
mobley_2197088,1,-0.411302,-0.410235,-0.411324
mobley_2197088,2,-0.531805,-0.530435,-0.531310
mobley_2197088,3,-0.517629,-0.516222,-0.517241
mobley_2197088,4,-0.515611,-0.514209,-0.515231
mobley_2197088,5,-0.505890,-0.504538,-0.505522
mobley_2197088,6,-0.513144,-0.511755,-0.512767
mobley_2197088,7,-0.519057,-0.517717,-0.518613
mobley_2197088,8,-0.394810,-0.393802,-0.394877
mobley_2197088,9,-0.843088,-0.840864,-0.841554
mobley_2197088,10,0.399987,0.398878,0.399668
mobley_2197088,11,0.279741,0.279063,0.279514
mobley_2197088,12,0.423801,0.422584,0.423480
mobley_2197088,13,0.259626,0.258935,0.259407
mobley_2197088,14,0.277819,0.277068,0.277573
mobley_2197088,15,0.211696,0.211229,0.211483
mobley_2197088,16,0.301544,0.300754,0.301260
mobley_2197088,17,0.273864,0.273109,0.273640
mobley_2197088,18,0.192913,0.192431,0.192757
mobley_2197088,19,0.273306,0.272554,0.273082
mobley_2197088,20,0.193083,0.192602,0.192927
mobley_2197088,21,0.208262,0.207787,0.208069
mobley_2197088,22,0.299647,0.298850,0.299380
mobley_2197088,23,0.314431,0.313523,0.314184
mobley_2197088,24,0.327074,0.326123,0.326806
mobley_2197088,25,0.348649,0.347672,0.348348
mobley_2197088,26,0.328402,0.327521,0.328097
mobley_2197088,27,0.288694,0.287948,0.288430
mobley_2197088,28,0.285200,0.284470,0.284935
mobley_2197088,29,0.412657,0.411492,0.412335
mobley_2197088,30,0.280206,0.279525,0.279980
mobley_2197088,31,0.412248,0.411084,0.411926
mobley_2198613,0,-0.679476,-0.677775,-0.678771
mobley_2198613,1,0.007364,0.007207,0.004530
mobley_2198613,2,-1.161270,-1.161148,-1.161192
mobley_2198613,3,0.297862,0.297073,0.297682
mobley_2198613,4,0.155133,0.155071,0.155415
mobley_2198613,5,0.155135,0.155073,0.155418
mobley_2198613,6,0.239893,0.239273,0.239587
mobley_2198613,7,0.239894,0.239275,0.239588
mobley_2213823,0,-0.810194,-0.807968,-0.808839
mobley_2213823,1,-0.510904,-0.509572,-0.510502
mobley_2213823,2,-0.106840,-0.106649,-0.107870
mobley_2213823,3,-0.958287,-0.955673,-0.956334
mobley_2213823,4,-0.510902,-0.509571,-0.510501
mobley_2213823,5,-0.810194,-0.807968,-0.808839
mobley_2213823,6,0.402755,0.401537,0.402476
mobley_2213823,7,0.365795,0.364763,0.365522
mobley_2213823,8,0.291017,0.290298,0.290785
mobley_2213823,9,0.350494,0.349484,0.350211
mobley_2213823,10,0.209921,0.209451,0.209709
mobley_2213823,11,0.144076,0.143868,0.143836
mobley_2213823,12,0.436324,0.434944,0.436018
mobley_2213823,13,0.354062,0.353060,0.353793
mobley_2213823,14,0.354061,0.353059,0.353792
mobley_2213823,15,0.350495,0.349484,0.350211
mobley_2213823,16,0.209920,0.209451,0.209708
mobley_2213823,17,0.365797,0.364765,0.365524
mobley_2213823,18,0.402756,0.401538,0.402477
mobley_2213823,19,0.291019,0.290300,0.290786
mobley_2245668,0,-0.967340,-0.964813,-0.965299
mobley_2245668,1,0.109568,0.109191,0.107584
mobley_2245668,2,-0.939500,-0.937332,-0.937260
mobley_2245668,3,-0.804608,-0.803084,-0.802555
mobley_2245668,4,-2.872989,-2.872609,-2.874919
mobley_2245668,5,0.325830,0.324983,0.325564
mobley_2245668,6,0.486720,0.485245,0.486363
mobley_2245668,7,0.318199,0.317359,0.317945
mobley_2245668,8,0.116602,0.116544,0.116351
mobley_2245668,9,0.396880,0.395839,0.396449
mobley_2245668,10,0.338967,0.338133,0.338622
mobley_2245668,11,0.335251,0.334349,0.334991
mobley_2245668,12,0.094472,0.094397,0.094371
mobley_2245668,13,0.217319,0.216787,0.217146
mobley_2245668,14,0.008979,0.010795,0.007122
mobley_2261979,0,-0.355149,-0.354793,-0.354986
mobley_2261979,1,-0.439314,-0.438745,-0.438835
mobley_2261979,2,-0.056625,-0.057295,-0.057365
mobley_2261979,3,-0.439314,-0.438745,-0.438836
mobley_2261979,4,-0.355151,-0.354795,-0.354988
mobley_2261979,5,-0.522495,-0.521717,-0.521646
mobley_2261979,6,-0.147839,-0.148305,-0.148181
mobley_2261979,7,-0.532307,-0.532154,-0.530832
mobley_2261979,8,-0.147837,-0.148303,-0.148179
mobley_2261979,9,-0.522493,-0.521715,-0.521644
mobley_2261979,10,-0.476332,-0.475113,-0.476143
mobley_2261979,11,-0.476330,-0.475111,-0.476141
mobley_2261979,12,-0.144109,-0.143466,-0.143941
mobley_2261979,13,-0.152962,-0.152365,-0.152732
mobley_2261979,14,-0.152963,-0.152365,-0.152733
mobley_2261979,15,-0.144111,-0.143468,-0.143943
mobley_2261979,16,-0.033204,-0.033029,-0.033061
mobley_2261979,17,-0.033204,-0.033029,-0.033061
mobley_2261979,18,0.085042,0.084766,0.085155
mobley_2261979,19,0.085042,0.084766,0.085156
mobley_2261979,20,0.085046,0.084770,0.085160
mobley_2261979,21,0.085044,0.084767,0.085157
mobley_2269032,0,-0.808658,-0.806787,-0.806957
mobley_2269032,1,-0.114654,-0.114324,-0.115864
mobley_2269032,2,-0.077308,-0.078067,-0.077722
mobley_2269032,3,-0.420200,-0.419807,-0.419568
mobley_2269032,4,-0.404191,-0.403693,-0.403852
mobley_2269032,5,-0.081696,-0.082384,-0.082294
mobley_2269032,6,-0.521416,-0.520500,-0.520684
mobley_2269032,7,-0.243652,-0.244065,-0.243404
mobley_2269032,8,-0.393610,-0.393075,-0.393376
mobley_2269032,9,-0.406535,-0.406051,-0.406172
mobley_2269032,10,-0.083655,-0.084339,-0.084247
mobley_2269032,11,-0.449758,-0.449140,-0.449222
mobley_2269032,12,-1.126877,-1.127247,-1.125835
mobley_2269032,13,-0.916037,-0.914028,-0.913873
mobley_2269032,14,-0.353929,-0.354041,-0.353160
mobley_2269032,15,-1.248131,-1.247202,-1.248333
mobley_2269032,16,-3.050534,-3.049712,-3.053259
mobley_2269032,17,0.256338,0.255638,0.256227
mobley_2269032,18,0.253044,0.252520,0.252712
mobley_2269032,19,0.284999,0.284522,0.284518
mobley_2269032,20,-0.019377,-0.018907,-0.019541
mobley_2269032,21,-0.292250,-0.291112,-0.292076
mobley_2269032,22,-0.173748,-0.173003,-0.173542
mobley_2269032,23,-0.194867,-0.193834,-0.194887
mobley_2269032,24,-0.131141,-0.130593,-0.130940
mobley_2269032,25,-0.171954,-0.171217,-0.171747
mobley_2269032,26,-0.199045,-0.198215,-0.198820
mobley_2269032,27,0.173620,0.173220,0.173590
mobley_2269032,28,0.287001,0.286215,0.286868
mobley_2269032,29,0.172224,0.171829,0.172196
mobley_2269032,30,0.000771,0.002323,-0.000802
mobley_2279874,0,-0.967700,-0.965856,-0.965006
mobley_2279874,1,-0.734976,-0.734413,-0.734287
mobley_2279874,2,-0.748691,-0.748363,-0.745732
mobley_2279874,3,-0.548940,-0.548156,-0.548193
mobley_2279874,4,-1.007178,-1.005278,-1.004267
mobley_2279874,5,-0.636070,-0.635317,-0.635388
mobley_2279874,6,-1.050580,-1.048751,-1.047312
mobley_2279874,7,0.242800,0.242392,0.242465
mobley_2279874,8,0.280811,0.280053,0.280658
mobley_2279874,9,0.343291,0.342293,0.343099
mobley_2279874,10,-0.002252,-0.002041,-0.002229
mobley_2279874,11,0.379905,0.378710,0.379725
mobley_2279874,12,0.279312,0.278578,0.279151
mobley_2279874,13,0.239600,0.239172,0.239299
mobley_2279874,14,0.314347,0.313628,0.313959
mobley_2279874,15,0.268305,0.267678,0.268074
mobley_2279874,16,0.278451,0.277692,0.278316
mobley_2294995,0,-0.760318,-0.758237,-0.759225
mobley_2294995,1,-0.572439,-0.571646,-0.571200
mobley_2294995,2,-1.200472,-1.200681,-1.199698
mobley_2294995,3,-0.531392,-0.530913,-0.530123
mobley_2294995,4,-1.297653,-1.297308,-1.297512
mobley_2294995,5,0.394659,0.393637,0.394290
mobley_2294995,6,0.394659,0.393638,0.394290
mobley_2294995,7,0.280784,0.280227,0.280423
mobley_2294995,8,0.143526,0.143365,0.143338
mobley_2294995,9,0.143526,0.143365,0.143338
mobley_2294995,10,-0.122399,-0.121759,-0.122295
mobley_2295058,0,-0.969742,-0.967769,-0.967216
mobley_2295058,1,-0.741961,-0.741806,-0.741061
mobley_2295058,2,-0.330784,-0.330989,-0.330089
mobley_2295058,3,-1.200334,-1.199660,-1.200321
mobley_2295058,4,-0.021373,-0.021911,-0.022475
mobley_2295058,5,-0.403794,-0.403588,-0.403140
mobley_2295058,6,-0.452924,-0.452316,-0.452402
mobley_2295058,7,-0.224807,-0.225365,-0.224598
mobley_2295058,8,-0.380250,-0.379798,-0.380043
mobley_2295058,9,-0.397581,-0.397303,-0.397067
mobley_2295058,10,-3.238373,-3.238291,-3.240751
mobley_2295058,11,0.259702,0.259127,0.259482
mobley_2295058,12,0.259849,0.259139,0.259743
mobley_2295058,13,0.259705,0.259131,0.259486
mobley_2295058,14,-0.147580,-0.146967,-0.147355
mobley_2295058,15,-0.120479,-0.119891,-0.120349
mobley_2295058,16,-0.161729,-0.160928,-0.161664
mobley_2295058,17,-0.172893,-0.172294,-0.172583
mobley_2295058,18,0.013411,0.015150,0.011625
mobley_2310185,0,-0.758848,-0.756787,-0.757742
mobley_2310185,1,-0.555261,-0.554385,-0.554233
mobley_2310185,2,-3.164479,-3.164628,-3.166479
mobley_2310185,3,0.373747,0.372837,0.373339
mobley_2310185,4,0.292821,0.292239,0.292433
mobley_2310185,5,0.471398,0.470095,0.470958
mobley_2310185,6,0.139764,0.139547,0.139639
mobley_2310185,7,0.231507,0.230924,0.231341
mobley_2310185,8,0.184971,0.186170,0.182982
mobley_2316618,0,-0.376306,-0.375952,-0.376035
mobley_2316618,1,-0.376563,-0.376208,-0.376291
mobley_2316618,2,-0.405124,-0.404844,-0.404567
mobley_2316618,3,-0.023225,-0.023866,-0.024283
mobley_2316618,4,-0.030182,-0.030782,-0.031192
mobley_2316618,5,-0.405729,-0.405461,-0.405156
mobley_2316618,6,-0.103336,-0.103818,-0.103900
mobley_2316618,7,-0.998147,-0.997829,-0.997717
mobley_2316618,8,-0.004084,-0.004657,-0.005283
mobley_2316618,9,-0.407083,-0.406809,-0.406561
mobley_2316618,10,-0.357074,-0.356668,-0.356954
mobley_2316618,11,-0.541705,-0.540988,-0.540812
mobley_2316618,12,0.116847,0.115402,0.116299
mobley_2316618,13,-0.073934,-0.074456,-0.074843
mobley_2316618,14,0.256793,0.255929,0.254685
mobley_2316618,15,-1.589369,-1.589399,-1.589357
mobley_2316618,16,-1.363531,-1.363955,-1.363816
mobley_2316618,17,0.131590,0.131742,0.129816
mobley_2316618,18,-0.759676,-0.758387,-0.757860
mobley_2316618,19,-2.380153,-2.378988,-2.381348
mobley_2316618,20,-0.144297,-0.143655,-0.144137
mobley_2316618,21,-0.144390,-0.143747,-0.144230
mobley_2316618,22,-0.152958,-0.152358,-0.152698
mobley_2316618,23,-0.152157,-0.151546,-0.151899
mobley_2316618,24,-0.147356,-0.146766,-0.147090
mobley_2316618,25,-0.149443,-0.148768,-0.149273
mobley_2316618,26,-0.396075,-0.394702,-0.395755
mobley_2316618,27,-1.527253,-1.522306,-1.528893
mobley_2316618,28,0.238639,0.238085,0.238506
mobley_2316618,29,0.240842,0.240412,0.240678
mobley_2316618,30,-0.166678,-0.166210,-0.166554
mobley_2316618,31,0.053423,0.053144,0.053513
mobley_2316618,32,0.282982,0.283826,0.281147
mobley_2328633,0,-0.840893,-0.838675,-0.839368
mobley_2328633,1,-0.393387,-0.392378,-0.393457
mobley_2328633,2,-0.533209,-0.531802,-0.532735
mobley_2328633,3,-0.537496,-0.536040,-0.537013
mobley_2328633,4,-0.649027,-0.647312,-0.648072
mobley_2328633,5,-0.231970,-0.231549,-0.232430
mobley_2328633,6,-0.652771,-0.651183,-0.651725
mobley_2328633,7,-0.498610,-0.497390,-0.498220
mobley_2328633,8,-0.492118,-0.490942,-0.491741
mobley_2328633,9,-0.649990,-0.648450,-0.648934
mobley_2328633,10,0.409800,0.408647,0.409479
mobley_2328633,11,0.280408,0.279727,0.280181
mobley_2328633,12,0.414321,0.413148,0.413999
mobley_2328633,13,0.275684,0.274998,0.275421
mobley_2328633,14,0.296249,0.295466,0.295982
mobley_2328633,15,0.260255,0.259465,0.260082
mobley_2328633,16,0.333976,0.332993,0.333713
mobley_2328633,17,0.287014,0.286159,0.286825
mobley_2328633,18,0.211204,0.210703,0.211012
mobley_2328633,19,0.140788,0.140559,0.140651
mobley_2328633,20,0.280294,0.279476,0.280108
mobley_2328633,21,0.180022,0.179535,0.179869
mobley_2328633,22,0.028125,0.027925,0.028246
mobley_2328633,23,0.190045,0.189431,0.189984
mobley_2328633,24,0.220880,0.220201,0.220787
mobley_2328633,25,0.178963,0.178476,0.178875
mobley_2328633,26,0.192897,0.192335,0.192821
mobley_2328633,27,0.149069,0.148693,0.149002
mobley_2328633,28,0.282605,0.281813,0.282395
mobley_2328633,29,0.113401,0.113078,0.113379
mobley_2341732,0,-0.843289,-0.841064,-0.841754
mobley_2341732,1,-0.401900,-0.400886,-0.401949
mobley_2341732,2,-0.447056,-0.446145,-0.446680
mobley_2341732,3,-0.472706,-0.471301,-0.472658
mobley_2341732,4,-0.277357,-0.277687,-0.276835
mobley_2341732,5,-2.069509,-2.069331,-2.069993
mobley_2341732,6,-0.929169,-0.929075,-0.928275
mobley_2341732,7,-0.968126,-0.966143,-0.965598
mobley_2341732,8,0.280138,0.279457,0.279911
mobley_2341732,9,0.412715,0.411550,0.412393
mobley_2341732,10,0.412714,0.411549,0.412392
mobley_2341732,11,0.287209,0.286477,0.286949
mobley_2341732,12,0.287210,0.286478,0.286950
mobley_2341732,13,0.282207,0.281630,0.281782
mobley_2341732,14,0.282208,0.281632,0.281783
mobley_2341732,15,0.219481,0.219218,0.218995
mobley_2341732,16,0.219481,0.219218,0.218995
mobley_2341732,17,0.258708,0.258128,0.258490
mobley_2341732,18,0.258708,0.258128,0.258490
mobley_2341732,19,0.262755,0.262029,0.262650
mobley_2354112,0,-0.759615,-0.757584,-0.758468
mobley_2354112,1,-0.450380,-0.449252,-0.450256
mobley_2354112,2,-0.059915,-0.060537,-0.060634
mobley_2354112,3,-0.497471,-0.496842,-0.496640
mobley_2354112,4,-0.359082,-0.358738,-0.358863
mobley_2354112,5,-0.476373,-0.475746,-0.475732
mobley_2354112,6,-0.208432,-0.208992,-0.208294
mobley_2354112,7,-0.499837,-0.499115,-0.499085
mobley_2354112,8,-3.227690,-3.227615,-3.230068
mobley_2354112,9,0.280569,0.279851,0.280367
mobley_2354112,10,0.384054,0.382881,0.383843
mobley_2354112,11,0.384756,0.383575,0.384548
mobley_2354112,12,0.158834,0.158519,0.158731
mobley_2354112,13,0.156841,0.156531,0.156740
mobley_2354112,14,-0.111628,-0.111179,-0.111477
mobley_2354112,15,-0.147905,-0.147247,-0.147736
mobley_2354112,16,-0.120906,-0.120327,-0.120780
mobley_2354112,17,-0.123950,-0.123375,-0.123880
mobley_2354112,18,0.010637,0.012386,0.008855
mobley_2364370,0,-0.846231,-0.843999,-0.844684
mobley_2364370,1,-0.407967,-0.406942,-0.407985
mobley_2364370,2,-0.437793,-0.436612,-0.437783
mobley_2364370,3,-0.638035,-0.636953,-0.636577
mobley_2364370,4,-1.305913,-1.305925,-1.305276
mobley_2364370,5,-0.129309,-0.130042,-0.129406
mobley_2364370,6,-1.877433,-1.877475,-1.877598
mobley_2364370,7,-0.821806,-0.819499,-0.820557
mobley_2364370,8,0.279766,0.279085,0.279541
mobley_2364370,9,0.413808,0.412639,0.413486
mobley_2364370,10,0.413808,0.412639,0.413486
mobley_2364370,11,0.288196,0.287455,0.287930
mobley_2364370,12,0.288196,0.287454,0.287930
mobley_2364370,13,0.325198,0.324362,0.324880
mobley_2364370,14,0.325198,0.324363,0.324880
mobley_2364370,15,0.182216,0.181847,0.182047
mobley_2364370,16,0.182216,0.181847,0.182047
mobley_2364370,17,0.315831,0.315164,0.315447
mobley_2364370,18,0.293538,0.293102,0.292973
mobley_2364370,19,0.293537,0.293102,0.292972
mobley_2371092,0,-0.946142,-0.943627,-0.944278
mobley_2371092,1,0.071477,0.070773,0.070269
mobley_2371092,2,-0.572798,-0.572129,-0.571698
mobley_2371092,3,-0.293970,-0.294042,-0.293447
mobley_2371092,4,-1.344004,-1.343821,-1.343855
mobley_2371092,5,-0.409685,-0.409522,-0.408617
mobley_2371092,6,-0.177614,-0.178094,-0.177884
mobley_2371092,7,-0.950969,-0.948403,-0.949105
mobley_2371092,8,0.235349,0.234646,0.235291
mobley_2371092,9,0.235297,0.234594,0.235239
mobley_2371092,10,0.294420,0.293669,0.294229
mobley_2371092,11,-0.259745,-0.258964,-0.259439
mobley_2371092,12,-0.121023,-0.120577,-0.120706
mobley_2371092,13,-0.139044,-0.138501,-0.138746
mobley_2371092,14,0.232993,0.232305,0.232954
mobley_2371092,15,0.298254,0.297492,0.298099
mobley_2371092,16,0.232943,0.232256,0.232904
mobley_2390199,0,-0.848279,-0.846054,-0.846735
mobley_2390199,1,-0.321590,-0.320972,-0.321759
mobley_2390199,2,-0.588661,-0.587064,-0.588039
mobley_2390199,3,-0.099584,-0.099976,-0.100098
mobley_2390199,4,-2.692411,-2.692978,-2.692884
mobley_2390199,5,-0.588662,-0.587065,-0.588040
mobley_2390199,6,-0.321589,-0.320972,-0.321759
mobley_2390199,7,-0.848279,-0.846055,-0.846735
mobley_2390199,8,0.412689,0.411530,0.412371
mobley_2390199,9,0.412688,0.411529,0.412371
mobley_2390199,10,0.279827,0.279145,0.279602
mobley_2390199,11,0.225571,0.225170,0.225226
mobley_2390199,12,0.225571,0.225170,0.225226
mobley_2390199,13,0.250189,0.249810,0.249676
mobley_2390199,14,0.250189,0.249810,0.249676
mobley_2390199,15,0.250189,0.249810,0.249676
mobley_2390199,16,0.250190,0.249810,0.249677
mobley_2390199,17,0.225572,0.225171,0.225227
mobley_2390199,18,0.225570,0.225169,0.225225
mobley_2390199,19,0.279826,0.279145,0.279601
mobley_2390199,20,0.412688,0.411529,0.412371
mobley_2390199,21,0.412688,0.411529,0.412371
mobley_2402487,0,-0.719702,-0.717776,-0.718676
mobley_2402487,1,-0.535021,-0.534299,-0.533939
mobley_2402487,2,-1.221923,-1.222675,-1.220334
mobley_2402487,3,-0.225532,-0.226221,-0.225006
mobley_2402487,4,-1.413980,-1.413373,-1.414008
mobley_2402487,5,-0.465722,-0.464245,-0.465879
mobley_2402487,6,-0.170919,-0.171880,-0.170458
mobley_2402487,7,-1.712470,-1.713241,-1.711486
mobley_2402487,8,-1.256883,-1.256869,-1.256294
mobley_2402487,9,-0.533943,-0.533179,-0.532907
mobley_2402487,10,-0.760298,-0.758221,-0.759209
mobley_2402487,11,0.387169,0.386151,0.386808
mobley_2402487,12,0.285763,0.285175,0.285419
mobley_2402487,13,0.344270,0.343603,0.343671
mobley_2402487,14,0.137556,0.137251,0.137510
mobley_2402487,15,0.193357,0.192844,0.193344
mobley_2402487,16,0.138997,0.139176,0.138403
mobley_2402487,17,0.134978,0.135204,0.134374
mobley_2402487,18,0.137701,0.137511,0.137556
mobley_2402487,19,0.137359,0.137170,0.137214
mobley_2402487,20,0.394492,0.393472,0.394124
mobley_2402487,21,0.280839,0.280282,0.280478
mobley_2402487,22,0.394375,0.393357,0.394009
mobley_2410897,0,-0.854025,-0.851912,-0.852490
mobley_2410897,1,0.044209,0.044218,0.043031
mobley_2410897,2,-1.402052,-1.403682,-1.403206
mobley_2410897,3,0.282520,0.281675,0.282226
mobley_2410897,4,0.203363,0.202675,0.203279
mobley_2410897,5,0.282518,0.281673,0.282225
mobley_2410897,6,0.305859,0.305052,0.305722
mobley_2410897,7,0.305859,0.305052,0.305721
mobley_2410897,8,-1.221134,-1.218293,-1.221881
mobley_2410897,9,-1.221130,-1.218290,-1.221878
mobley_2422586,0,-0.853834,-0.851600,-0.852261
mobley_2422586,1,-0.313326,-0.312474,-0.313810
mobley_2422586,2,-0.718312,-0.717015,-0.716587
mobley_2422586,3,-0.798791,-0.799051,-0.797256
mobley_2422586,4,-0.979599,-0.977481,-0.977114
mobley_2422586,5,0.281144,0.280455,0.280918
mobley_2422586,6,0.413964,0.412794,0.413641
mobley_2422586,7,0.413957,0.412787,0.413634
mobley_2422586,8,0.275751,0.275099,0.275454
mobley_2422586,9,0.275752,0.275101,0.275455
mobley_2422586,10,0.254836,0.254204,0.254625
mobley_2422586,11,0.254843,0.254211,0.254632
mobley_2422586,12,0.273544,0.272837,0.273385
mobley_2422586,13,0.323239,0.322368,0.323030
mobley_2422586,14,0.323239,0.322368,0.323031
mobley_242480,0,-0.376527,-0.376172,-0.376255
mobley_242480,1,-0.376525,-0.376170,-0.376253
mobley_242480,2,-0.405699,-0.405424,-0.405133
mobley_242480,3,-0.027591,-0.028224,-0.028627
mobley_242480,4,-0.027591,-0.028223,-0.028627
mobley_242480,5,-0.405699,-0.405424,-0.405133
mobley_242480,6,0.243768,0.242926,0.241727
mobley_242480,7,-1.198160,-1.198049,-1.197700
mobley_242480,8,-0.105109,-0.105517,-0.105928
mobley_242480,9,0.206291,0.204613,0.205289
mobley_242480,10,-0.502584,-0.501958,-0.501900
mobley_242480,11,-0.502583,-0.501957,-0.501899
mobley_242480,12,0.206290,0.204612,0.205288
mobley_242480,13,-0.105109,-0.105518,-0.105928
mobley_242480,14,0.243767,0.242925,0.241726
mobley_242480,15,-1.198113,-1.198002,-1.197653
mobley_242480,16,-1.397418,-1.398896,-1.398476
mobley_242480,17,-1.397418,-1.398896,-1.398476
mobley_242480,18,-0.144327,-0.143685,-0.144167
mobley_242480,19,-0.144324,-0.143682,-0.144164
mobley_242480,20,-0.152823,-0.152217,-0.152569
mobley_242480,21,-0.152824,-0.152217,-0.152570
mobley_242480,22,-0.190341,-0.189487,-0.190153
mobley_242480,23,-0.190342,-0.189488,-0.190154
mobley_242480,24,-1.303446,-1.299761,-1.304579
mobley_242480,25,-1.442995,-1.439422,-1.443640
mobley_242480,26,-1.303442,-1.299757,-1.304575
mobley_242480,27,-1.442996,-1.439425,-1.443642
mobley_2451097,0,-0.397102,-0.396738,-0.396708
mobley_2451097,1,-0.375334,-0.374980,-0.375055
mobley_2451097,2,-0.381904,-0.381375,-0.381673
mobley_2451097,3,-0.060670,-0.061413,-0.061380
mobley_2451097,4,-0.381905,-0.381376,-0.381674
mobley_2451097,5,-0.375334,-0.374980,-0.375055
mobley_2451097,6,0.287938,0.286629,0.286608
mobley_2451097,7,-1.342663,-1.342421,-1.342496
mobley_2451097,8,-0.144477,-0.143843,-0.144323
mobley_2451097,9,-0.145471,-0.144825,-0.145309
mobley_2451097,10,-0.199355,-0.198762,-0.199031
mobley_2451097,11,-0.199352,-0.198760,-0.199029
mobley_2451097,12,-0.145470,-0.144824,-0.145309
mobley_2457863,0,-0.919969,-0.917952,-0.917786
mobley_2457863,1,-1.144374,-1.144744,-1.143353
mobley_2457863,2,-0.242918,-0.243356,-0.242636
mobley_2457863,3,-0.417041,-0.416499,-0.416668
mobley_2457863,4,-0.357745,-0.357441,-0.357522
mobley_2457863,5,-0.403627,-0.403154,-0.403294
mobley_2457863,6,-0.208096,-0.208672,-0.207948
mobley_2457863,7,-0.562039,-0.561040,-0.561149
mobley_2457863,8,-3.210536,-3.210457,-3.212900
mobley_2457863,9,0.175574,0.175170,0.175543
mobley_2457863,10,0.286129,0.285344,0.285997
mobley_2457863,11,0.175575,0.175170,0.175544
mobley_2457863,12,-0.129075,-0.128543,-0.128882
mobley_2457863,13,-0.148260,-0.147603,-0.148096
mobley_2457863,14,-0.160705,-0.159918,-0.160645
mobley_2457863,15,-0.152386,-0.151488,-0.152468
mobley_2457863,16,0.015544,0.017276,0.013757
mobley_2481002,0,2.348898,2.343047,2.334460
mobley_2481002,1,-1.323241,-1.322411,-1.322661
mobley_2481002,2,0.219100,0.219046,0.221414
mobley_2481002,3,1.136724,1.136606,1.137872
mobley_2481002,4,-0.962695,-0.962359,-0.961685
mobley_2481002,5,-0.981680,-0.981427,-0.980759
mobley_2481002,6,-0.980949,-0.980693,-0.980023
mobley_2484519,0,-0.398986,-0.398616,-0.398584
mobley_2484519,1,-0.378829,-0.378471,-0.378523
mobley_2484519,2,-0.430376,-0.429865,-0.429951
mobley_2484519,3,0.111455,0.110288,0.109863
mobley_2484519,4,-0.430483,-0.429972,-0.430058
mobley_2484519,5,-0.378830,-0.378471,-0.378524
mobley_2484519,6,-0.145425,-0.145146,-0.147685
mobley_2484519,7,-1.115255,-1.115056,-1.114931
mobley_2484519,8,-0.146212,-0.145573,-0.146056
mobley_2484519,9,-0.147081,-0.146431,-0.146919
mobley_2484519,10,-0.196468,-0.195734,-0.196161
mobley_2484519,11,-0.196322,-0.195588,-0.196015
mobley_2484519,12,-0.147081,-0.146431,-0.146919
mobley_2484519,13,0.152189,0.151821,0.152029
mobley_2484519,14,0.152184,0.151816,0.152025
mobley_2487143,0,-0.843234,-0.841009,-0.841699
mobley_2487143,1,-0.402316,-0.401301,-0.402363
mobley_2487143,2,-0.447212,-0.446264,-0.446856
mobley_2487143,3,-0.593059,-0.591456,-0.592414
mobley_2487143,4,0.008860,0.008102,0.007927
mobley_2487143,5,-2.543621,-2.544428,-2.543775
mobley_2487143,6,-0.915214,-0.912727,-0.913499
mobley_2487143,7,0.412688,0.411523,0.412367
mobley_2487143,8,0.280145,0.279464,0.279918
mobley_2487143,9,0.412689,0.411524,0.412367
mobley_2487143,10,0.287537,0.286804,0.287276
mobley_2487143,11,0.287537,0.286805,0.287277
mobley_2487143,12,0.278904,0.278310,0.278515
mobley_2487143,13,0.278904,0.278309,0.278515
mobley_2487143,14,0.250438,0.250053,0.249928
mobley_2487143,15,0.250438,0.250053,0.249928
mobley_2487143,16,0.314362,0.313790,0.313828
mobley_2487143,17,0.297380,0.296597,0.297209
mobley_2487143,18,0.314364,0.313792,0.313830
mobley_2489709,0,-0.377789,-0.377443,-0.377529
mobley_2489709,1,-0.377789,-0.377443,-0.377529
mobley_2489709,2,-0.332928,-0.332755,-0.332978
mobley_2489709,3,0.604789,0.602135,0.599730
mobley_2489709,4,0.604788,0.602135,0.599729
mobley_2489709,5,-0.332927,-0.332754,-0.332977
mobley_2489709,6,-1.091603,-1.091327,-1.091272
mobley_2489709,7,-1.091603,-1.091327,-1.091272
mobley_2489709,8,-0.144742,-0.144099,-0.144582
mobley_2489709,9,-0.144742,-0.144099,-0.144582
mobley_2489709,10,-0.309090,-0.307706,-0.308499
mobley_2489709,11,-0.309090,-0.307706,-0.308499
mobley_2492140,0,1.001787,0.998610,0.993208
mobley_2492140,1,1.609621,1.604635,1.597875
mobley_2492140,2,-1.003345,-1.003037,-1.002720
mobley_2492140,3,-0.963424,-0.963024,-0.962620
mobley_2492140,4,-1.003346,-1.003038,-1.002721
mobley_2492140,5,-1.015764,-1.015411,-1.015146
mobley_2492140,6,-1.015764,-1.015411,-1.015146
mobley_2492140,7,-0.405656,-0.403868,-0.404636
mobley_2493732,0,-0.620584,-0.619461,-0.619835
mobley_2493732,1,1.156399,1.152251,1.147777
mobley_2493732,2,-1.072715,-1.072473,-1.072293
mobley_2493732,3,-1.072715,-1.072473,-1.072293
mobley_2493732,4,-0.188646,-0.187581,-0.188149
mobley_2493732,5,-0.188646,-0.187581,-0.188149
mobley_2501588,0,-0.841787,-0.839548,-0.840305
mobley_2501588,1,-0.404802,-0.403841,-0.404966
mobley_2501588,2,0.083526,0.084081,0.082099
mobley_2501588,3,-1.288483,-1.286444,-1.287123
mobley_2501588,4,0.056168,0.056947,0.054644
mobley_2501588,5,0.016566,0.016332,0.014872
mobley_2501588,6,-0.532362,-0.531036,-0.531916
mobley_2501588,7,-0.369805,-0.368583,-0.370225
mobley_2501588,8,-0.093739,-0.095268,-0.092981
mobley_2501588,9,0.216772,0.215906,0.215106
mobley_2501588,10,-0.342761,-0.342761,-0.343627
mobley_2501588,11,-0.043804,-0.044319,-0.044170
mobley_2501588,12,-0.368804,-0.368753,-0.369316
mobley_2501588,13,0.291166,0.290023,0.289209
mobley_2501588,14,-1.333093,-1.332551,-1.332683
mobley_2501588,15,0.203858,0.206637,0.207098
mobley_2501588,16,-0.483156,-0.481715,-0.480432
mobley_2501588,17,-0.010644,-0.011535,-0.012983
mobley_2501588,18,-0.167230,-0.167229,-0.167230
mobley_2501588,19,-0.167283,-0.167285,-0.167279
mobley_2501588,20,-0.167224,-0.167224,-0.167225
mobley_2501588,21,-1.326854,-1.326083,-1.326320
mobley_2501588,22,-0.082170,-0.079706,-0.079264
mobley_2501588,23,-0.802215,-0.801488,-0.799522
mobley_2501588,24,0.401423,0.400331,0.401139
mobley_2501588,25,0.420759,0.419572,0.420465
mobley_2501588,26,0.280160,0.279480,0.279931
mobley_2501588,27,0.020716,0.020591,0.020546
mobley_2501588,28,0.005625,0.005708,0.005561
mobley_2501588,29,0.123598,0.123244,0.123496
mobley_2501588,30,-0.052139,-0.052381,-0.051886
mobley_2501588,31,0.133272,0.132947,0.133452
mobley_2501588,32,0.025923,0.026066,0.025897
mobley_2501588,33,-0.238999,-0.238319,-0.239026
mobley_2501588,34,0.113824,0.113734,0.113677
mobley_2501588,35,0.242616,0.242065,0.242422
mobley_2501588,36,0.117075,0.117002,0.117023
mobley_2501588,37,-0.012464,-0.012471,-0.012496
mobley_2501588,38,-0.220137,-0.218945,-0.219710
mobley_2501588,39,-0.181691,-0.180542,-0.181807
mobley_2517158,0,-0.843132,-0.840908,-0.841597
mobley_2517158,1,-0.396853,-0.395840,-0.396911
mobley_2517158,2,-0.519655,-0.518314,-0.519207
mobley_2517158,3,-0.493202,-0.491883,-0.492891
mobley_2517158,4,-0.466677,-0.465515,-0.466385
mobley_2517158,5,-0.434993,-0.433978,-0.434663
mobley_2517158,6,-0.652021,-0.650570,-0.650879
mobley_2517158,7,0.000000,0.000000,0.000000
mobley_2517158,8,0.280199,0.279518,0.279972
mobley_2517158,9,0.412506,0.411342,0.412184
mobley_2517158,10,0.412435,0.411271,0.412114
mobley_2517158,11,0.287155,0.286417,0.286890
mobley_2517158,12,0.287418,0.286679,0.287154
mobley_2517158,13,0.337482,0.336559,0.337178
mobley_2517158,14,0.340557,0.339619,0.340253
mobley_2517158,15,0.340390,0.339437,0.340109
mobley_2517158,16,0.332826,0.331907,0.332541
mobley_2517158,17,0.257092,0.256445,0.256863
mobley_2517158,18,0.369501,0.368585,0.368883
mobley_2517158,19,0.348491,0.347684,0.347872
mobley_2517158,20,0.227472,0.226938,0.227267
mobley_2517158,21,0.213226,0.212711,0.213096
mobley_2517158,22,0.063156,0.063174,0.063143
mobley_2518989,0,-0.763697,-0.761653,-0.762555
mobley_2518989,1,-0.526094,-0.525375,-0.524906
mobley_2518989,2,-1.362795,-1.355051,-1.361475
mobley_2518989,3,1.353922,1.365501,1.345123
mobley_2518989,4,-0.871197,-0.871072,-0.871338
mobley_2518989,5,-1.286460,-1.278857,-1.284846
mobley_2518989,6,-0.511352,-0.510387,-0.510520
mobley_2518989,7,-0.762079,-0.760052,-0.760942
mobley_2518989,8,-1.050937,-1.050586,-1.051842
mobley_2518989,9,0.440721,0.439452,0.439009
mobley_2518989,10,-0.034391,-0.034668,-0.036468
mobley_2518989,11,-1.058739,-1.058270,-1.058133
mobley_2518989,12,-1.328672,-1.327972,-1.328238
mobley_2518989,13,-0.049024,-0.050034,-0.049017
mobley_2518989,14,-1.455632,-1.455437,-1.456358
mobley_2518989,15,-0.238078,-0.238469,-0.238146
mobley_2518989,16,-0.379771,-0.379494,-0.379297
mobley_2518989,17,-0.366269,-0.365940,-0.366049
mobley_2518989,18,-0.366273,-0.365945,-0.366054
mobley_2518989,19,-0.380035,-0.379758,-0.379559
mobley_2518989,20,-0.238912,-0.239295,-0.238982
mobley_2518989,21,-0.059288,-0.060109,-0.059278
mobley_2518989,22,-1.206186,-1.205077,-1.206928
mobley_2518989,23,0.475696,0.474381,0.475284
mobley_2518989,24,0.393323,0.392300,0.392939
mobley_2518989,25,0.281113,0.280557,0.280739
mobley_2518989,26,0.167615,0.166745,0.167371
mobley_2518989,27,0.172795,0.172113,0.172651
mobley_2518989,28,0.078733,0.078224,0.078500
mobley_2518989,29,0.173893,0.173038,0.173656
mobley_2518989,30,0.521002,0.519492,0.520556
mobley_2518989,31,0.281368,0.280810,0.280995
mobley_2518989,32,0.393055,0.392020,0.392666
mobley_2518989,33,-0.140340,-0.139812,-0.139589
mobley_2518989,34,0.223792,0.222299,0.223372
mobley_2518989,35,-0.079324,-0.079484,-0.079535
mobley_2518989,36,-0.181241,-0.180253,-0.181271
mobley_2518989,37,-0.141319,-0.140694,-0.141156
mobley_2518989,38,-0.141325,-0.140700,-0.141162
mobley_2518989,39,-0.181751,-0.180763,-0.181778
mobley_2523689,0,-0.401464,-0.401099,-0.401073
mobley_2523689,1,-0.385340,-0.384949,-0.385055
mobley_2523689,2,-0.406423,-0.406148,-0.405919
mobley_2523689,3,0.267545,0.265839,0.266291
mobley_2523689,4,-0.366794,-0.366486,-0.366580
mobley_2523689,5,-0.384532,-0.384146,-0.384285
mobley_2523689,6,-1.326073,-1.325307,-1.325510
mobley_2523689,7,0.264295,0.262646,0.262498
mobley_2523689,8,-0.335858,-0.335579,-0.337217
mobley_2523689,9,0.493583,0.491589,0.489011
mobley_2523689,10,0.412671,0.410806,0.410453
mobley_2523689,11,-0.415126,-0.415083,-0.414289
mobley_2523689,12,-1.321864,-1.320969,-1.321200
mobley_2523689,13,-1.387056,-1.388201,-1.387931
mobley_2523689,14,-1.028579,-1.028118,-1.027734
mobley_2523689,15,-0.145635,-0.144997,-0.145481
mobley_2523689,16,-0.152158,-0.151481,-0.151993
mobley_2523689,17,-0.420614,-0.419409,-0.420124
mobley_2523689,18,-0.165194,-0.164480,-0.164933
mobley_2523689,19,-0.150181,-0.149512,-0.150013
mobley_2523689,20,-0.283359,-0.282665,-0.282876
mobley_2523689,21,-1.411318,-1.407719,-1.411820
mobley_2523689,22,-1.424999,-1.421523,-1.425500
mobley_252413,0,-0.829871,-0.827677,-0.828395
mobley_252413,1,-0.382147,-0.381027,-0.382340
mobley_252413,2,-0.785291,-0.783287,-0.783748
mobley_252413,3,0.517076,0.515599,0.513630
mobley_252413,4,-1.057818,-1.055013,-1.055439
mobley_252413,5,-1.057813,-1.055009,-1.055435
mobley_252413,6,-1.031694,-1.028979,-1.029392
mobley_252413,7,0.410406,0.409248,0.410086
mobley_252413,8,0.279543,0.278870,0.279313
mobley_252413,9,0.410408,0.409250,0.410088
mobley_252413,10,0.265408,0.264641,0.265204
mobley_252413,11,0.265418,0.264651,0.265213
mobley_252413,12,0.292684,0.291918,0.292398
mobley_252413,13,0.292687,0.291920,0.292400
mobley_252413,14,0.408522,0.407344,0.408206
mobley_252413,15,0.366564,0.365439,0.366325
mobley_252413,16,0.332589,0.331648,0.332346
mobley_252413,17,0.408523,0.407344,0.408207
mobley_252413,18,0.332584,0.331643,0.332340
mobley_252413,19,0.366559,0.365435,0.366320
mobley_252413,20,0.396420,0.395261,0.396134
mobley_252413,21,0.361126,0.360177,0.360815
mobley_252413,22,0.396418,0.395259,0.396132
mobley_2577969,0,-0.355095,-0.354733,-0.354940
mobley_2577969,1,-0.429718,-0.429193,-0.429263
mobley_2577969,2,-0.061116,-0.061807,-0.061866
mobley_2577969,3,-0.407538,-0.407017,-0.407207
mobley_2577969,4,-0.407537,-0.407016,-0.407207
mobley_2577969,5,-0.061115,-0.061806,-0.061865
mobley_2577969,6,-0.429718,-0.429193,-0.429263
mobley_2577969,7,-0.355098,-0.354736,-0.354943
mobley_2577969,8,-0.429716,-0.429191,-0.429261
mobley_2577969,9,-0.061118,-0.061810,-0.061868
mobley_2577969,10,-0.115890,-0.116454,-0.116407
mobley_2577969,11,-0.115890,-0.116454,-0.116407
mobley_2577969,12,-0.061116,-0.061807,-0.061866
mobley_2577969,13,-0.429712,-0.429187,-0.429257
mobley_2577969,14,-0.407542,-0.407021,-0.407212
mobley_2577969,15,-0.407546,-0.407025,-0.407215
mobley_2577969,16,-0.149000,-0.148330,-0.148832
mobley_2577969,17,-0.167116,-0.166403,-0.166916
mobley_2577969,18,-0.168081,-0.167355,-0.167876
mobley_2577969,19,-0.168082,-0.167356,-0.167877
mobley_2577969,20,-0.167112,-0.166400,-0.166913
mobley_2577969,21,-0.149003,-0.148333,-0.148835
mobley_2577969,22,-0.167113,-0.166401,-0.166914
mobley_2577969,23,-0.167106,-0.166393,-0.166906
mobley_2577969,24,-0.168087,-0.167361,-0.167882
mobley_2577969,25,-0.168084,-0.167358,-0.167879
mobley_2607611,0,-0.841092,-0.838873,-0.839566
mobley_2607611,1,-0.393873,-0.392867,-0.393945
mobley_2607611,2,-0.531055,-0.529665,-0.530586
mobley_2607611,3,-0.522267,-0.520887,-0.521836
mobley_2607611,4,-0.426274,-0.425073,-0.426334
mobley_2607611,5,-0.641759,-0.640653,-0.640307
mobley_2607611,6,-1.302222,-1.302226,-1.301578
mobley_2607611,7,-0.127942,-0.128681,-0.128045
mobley_2607611,8,-1.871555,-1.871593,-1.871713
mobley_2607611,9,-0.821833,-0.819526,-0.820583
mobley_2607611,10,0.410069,0.408915,0.409748
mobley_2607611,11,0.414077,0.412905,0.413755
mobley_2607611,12,0.280404,0.279722,0.280177
mobley_2607611,13,0.275819,0.275133,0.275556
mobley_2607611,14,0.296961,0.296177,0.296701
mobley_2607611,15,0.331180,0.330234,0.330896
mobley_2607611,16,0.306435,0.305596,0.306158
mobley_2607611,17,0.313023,0.312169,0.312753
mobley_2607611,18,0.209605,0.209121,0.209412
mobley_2607611,19,0.187077,0.186689,0.186912
mobley_2607611,20,0.302197,0.301455,0.301884
mobley_2607611,21,0.144639,0.144366,0.144509
mobley_2607611,22,0.176236,0.175842,0.176088
mobley_2607611,23,0.293621,0.293185,0.293056
mobley_2607611,24,0.293452,0.293017,0.292886
mobley_2607611,25,0.315837,0.315170,0.315453
mobley_2609604,0,-0.859140,-0.856718,-0.857610
mobley_2609604,1,-0.634010,-0.632320,-0.633128
mobley_2609604,2,0.356350,0.355301,0.353580
mobley_2609604,3,-1.005642,-1.002904,-1.003492
mobley_2609604,4,-1.005641,-1.002904,-1.003492
mobley_2609604,5,-0.634010,-0.632320,-0.633127
mobley_2609604,6,-0.859140,-0.856719,-0.857610
mobley_2609604,7,0.294319,0.293598,0.294081
mobley_2609604,8,0.401839,0.400592,0.401584
mobley_2609604,9,0.269815,0.268963,0.269684
mobley_2609604,10,0.206934,0.206416,0.206741
mobley_2609604,11,0.254824,0.254195,0.254570
mobley_2609604,12,0.353660,0.352640,0.353398
mobley_2609604,13,0.408944,0.407745,0.408652
mobley_2609604,14,0.333450,0.332501,0.333207
mobley_2609604,15,0.333449,0.332500,0.333206
mobley_2609604,16,0.408943,0.407745,0.408651
mobley_2609604,17,0.353659,0.352640,0.353397
mobley_2609604,18,0.254823,0.254193,0.254569
mobley_2609604,19,0.206936,0.206417,0.206743
mobley_2609604,20,0.294319,0.293598,0.294081
mobley_2609604,21,0.269814,0.268962,0.269683
mobley_2609604,22,0.401839,0.400591,0.401584
mobley_2613240,0,-0.917572,-0.915559,-0.915413
mobley_2613240,1,-1.163149,-1.163656,-1.162029
mobley_2613240,2,-0.275080,-0.275337,-0.274762
mobley_2613240,3,-0.463155,-0.462435,-0.462615
mobley_2613240,4,-0.381807,-0.381443,-0.381484
mobley_2613240,5,-0.381807,-0.381444,-0.381485
mobley_2613240,6,-0.463154,-0.462434,-0.462614
mobley_2613240,7,-0.275080,-0.275337,-0.274761
mobley_2613240,8,-1.163171,-1.163677,-1.162051
mobley_2613240,9,-0.917577,-0.915564,-0.915419
mobley_2613240,10,0.171571,0.171185,0.171544
mobley_2613240,11,0.289948,0.289158,0.289811
mobley_2613240,12,0.171604,0.171218,0.171577
mobley_2613240,13,-0.181232,-0.180249,-0.181278
mobley_2613240,14,-0.149687,-0.149026,-0.149528
mobley_2613240,15,-0.149688,-0.149026,-0.149529
mobley_2613240,16,-0.181233,-0.180249,-0.181278
mobley_2613240,17,0.171579,0.171193,0.171552
mobley_2613240,18,0.171609,0.171223,0.171582
mobley_2613240,19,0.289945,0.289155,0.289808
mobley_2636578,0,-0.317805,-0.316687,-0.318521
mobley_2636578,1,-0.718733,-0.717548,-0.717105
mobley_2636578,2,0.374754,0.376045,0.378602
mobley_2636578,3,-1.353896,-1.354073,-1.353906
mobley_2636578,4,-0.299638,-0.299320,-0.296148
mobley_2636578,5,-0.285030,-0.284581,-0.281577
mobley_2636578,6,-0.718732,-0.717548,-0.717105
mobley_2636578,7,0.374756,0.376047,0.378603
mobley_2636578,8,-1.353896,-1.354073,-1.353906
mobley_2636578,9,-0.285022,-0.284573,-0.281570
mobley_2636578,10,-0.299634,-0.299316,-0.296143
mobley_2636578,11,0.313655,0.312905,0.313412
mobley_2636578,12,0.313654,0.312904,0.313412
mobley_2636578,13,0.123510,0.123241,0.123491
mobley_2636578,14,0.123506,0.123238,0.123488
mobley_2636578,15,0.123511,0.123242,0.123492
mobley_2636578,16,0.123508,0.123239,0.123489
mobley_2659552,0,-0.897555,-0.895217,-0.895838
mobley_2659552,1,0.049058,0.048119,0.047889
mobley_2659552,2,-0.511264,-0.510592,-0.510385
mobley_2659552,3,-0.408626,-0.408315,-0.407986
mobley_2659552,4,-0.047549,-0.048179,-0.048518
mobley_2659552,5,-0.123297,-0.122925,-0.124133
mobley_2659552,6,-0.514216,-0.513578,-0.513334
mobley_2659552,7,-0.172089,-0.172718,-0.171542
mobley_2659552,8,-1.672142,-1.672586,-1.672359
mobley_2659552,9,-1.325464,-1.324665,-1.324928
mobley_2659552,10,-0.500341,-0.498648,-0.499650
mobley_2659552,11,-0.541228,-0.539773,-0.540087
mobley_2659552,12,0.273712,0.273017,0.273551
mobley_2659552,13,0.273521,0.272828,0.273361
mobley_2659552,14,0.312276,0.311352,0.312141
mobley_2659552,15,-0.106123,-0.105605,-0.106003
mobley_2659552,16,-0.142982,-0.142224,-0.142933
mobley_2659552,17,-0.417604,-0.416699,-0.417193
mobley_2659552,18,-0.105972,-0.105459,-0.105860
mobley_2659552,19,0.350237,0.349118,0.350202
mobley_2659552,20,0.373888,0.372777,0.373842
mobley_2659552,21,0.369709,0.368583,0.369633
mobley_2659552,22,0.262898,0.262367,0.262651
mobley_2659552,23,0.366415,0.365378,0.366361
mobley_2659552,24,0.359432,0.358356,0.359342
mobley_2661134,0,-0.355563,-0.355228,-0.355377
mobley_2661134,1,-0.384597,-0.384060,-0.384360
mobley_2661134,2,-0.040909,-0.041684,-0.041711
mobley_2661134,3,-0.385460,-0.384828,-0.385310
mobley_2661134,4,-0.199511,-0.200090,-0.199430
mobley_2661134,5,-0.473936,-0.473319,-0.473305
mobley_2661134,6,-3.227024,-3.226946,-3.229401
mobley_2661134,7,0.292382,0.291062,0.291034
mobley_2661134,8,-1.342738,-1.342499,-1.342573
mobley_2661134,9,-0.146000,-0.145347,-0.145832
mobley_2661134,10,-0.197052,-0.196464,-0.196732
mobley_2661134,11,-0.217733,-0.217002,-0.217492
mobley_2661134,12,-0.119386,-0.118812,-0.119260
mobley_2661134,13,0.016312,0.018049,0.014525
mobley_2681549,0,-0.291982,-0.292022,-0.292345
mobley_2681549,1,0.555290,0.552892,0.550560
mobley_2681549,2,-0.291982,-0.292023,-0.292346
mobley_2681549,3,0.555289,0.552891,0.550559
mobley_2681549,4,-0.291981,-0.292021,-0.292344
mobley_2681549,5,0.555289,0.552890,0.550558
mobley_2681549,6,-1.152171,-1.152002,-1.152075
mobley_2681549,7,-1.152171,-1.152002,-1.152075
mobley_2681549,8,-1.152171,-1.152002,-1.152075
mobley_2681549,9,-0.516359,-0.514087,-0.515225
mobley_2681549,10,-0.516357,-0.514085,-0.515223
mobley_2681549,11,-0.516361,-0.514088,-0.515226
mobley_2689721,0,-0.538755,-0.537493,-0.538170
mobley_2689721,1,-0.392269,-0.391239,-0.392382
mobley_2689721,2,-0.538756,-0.537494,-0.538171
mobley_2689721,3,-0.538756,-0.537494,-0.538171
mobley_2689721,4,-0.392269,-0.391239,-0.392382
mobley_2689721,5,-0.538755,-0.537493,-0.538170
mobley_2689721,6,0.214978,0.214279,0.214902
mobley_2689721,7,0.090305,0.090176,0.090229
mobley_2689721,8,0.203280,0.202669,0.203184
mobley_2689721,9,0.203280,0.202669,0.203185
mobley_2689721,10,0.090304,0.090175,0.090228
mobley_2689721,11,0.214977,0.214277,0.214901
mobley_2689721,12,0.090304,0.090175,0.090228
mobley_2689721,13,0.214978,0.214279,0.214902
mobley_2689721,14,0.203279,0.202667,0.203183
mobley_2689721,15,0.203282,0.202670,0.203186
mobley_2689721,16,0.214977,0.214277,0.214901
mobley_2689721,17,0.090304,0.090176,0.090228
mobley_2693089,0,-0.889826,-0.887421,-0.888199
mobley_2693089,1,0.420695,0.420107,0.417289
mobley_2693089,2,-0.945946,-0.943478,-0.944018
mobley_2693089,3,-0.744304,-0.742512,-0.743060
mobley_2693089,4,0.000085,-0.000937,-0.000410
mobley_2693089,5,-0.498239,-0.497971,-0.496883
mobley_2693089,6,-1.327505,-1.326766,-1.326997
mobley_2693089,7,-0.377570,-0.377582,-0.376756
mobley_2693089,8,-0.335680,-0.335754,-0.335046
mobley_2693089,9,-1.335793,-1.335317,-1.335465
mobley_2693089,10,0.347139,0.346209,0.346874
mobley_2693089,11,0.402900,0.401726,0.402624
mobley_2693089,12,0.214204,0.213383,0.214281
mobley_2693089,13,-0.185239,-0.184674,-0.185236
mobley_2693089,14,0.496107,0.494586,0.495761
mobley_2693089,15,0.308952,0.308170,0.308720
mobley_2693089,16,0.323635,0.322810,0.323364
mobley_2693089,17,0.128110,0.127546,0.128162
mobley_2693089,18,0.089437,0.089308,0.089410
mobley_2693089,19,-0.178550,-0.178169,-0.178139
mobley_2693089,20,-0.203205,-0.202762,-0.202742
mobley_2693089,21,-0.202659,-0.202216,-0.202190
mobley_2725215,0,-0.839585,-0.837362,-0.838119
mobley_2725215,1,-0.315049,-0.314265,-0.315642
mobley_2725215,2,0.156962,0.157603,0.155004
mobley_2725215,3,-1.292890,-1.290992,-1.291624
mobley_2725215,4,0.080987,0.081578,0.079558
mobley_2725215,5,-0.401658,-0.400695,-0.401833
mobley_2725215,6,-0.841890,-0.839652,-0.840405
mobley_2725215,7,-0.118167,-0.119622,-0.117306
mobley_2725215,8,0.238323,0.237276,0.236634
mobley_2725215,9,-0.481632,-0.481691,-0.480158
mobley_2725215,10,-0.009402,-0.009496,-0.010154
mobley_2725215,11,-0.479524,-0.479572,-0.478094
mobley_2725215,12,0.225836,0.224923,0.224165
mobley_2725215,13,-1.323932,-1.323066,-1.323336
mobley_2725215,14,-0.087824,-0.085276,-0.084902
mobley_2725215,15,-0.530383,-0.529605,-0.527442
mobley_2725215,16,-1.207445,-1.206691,-1.209375
mobley_2725215,17,-1.197598,-1.196449,-1.195893
mobley_2725215,18,-1.220485,-1.219326,-1.218812
mobley_2725215,19,-0.721110,-0.718772,-0.719678
mobley_2725215,20,-1.332926,-1.332380,-1.332511
mobley_2725215,21,0.053007,0.055611,0.056129
mobley_2725215,22,-0.468626,-0.467171,-0.465816
mobley_2725215,23,0.279844,0.279166,0.279616
mobley_2725215,24,0.419043,0.417871,0.418761
mobley_2725215,25,0.403678,0.402570,0.403390
mobley_2725215,26,-0.063026,-0.063021,-0.062854
mobley_2725215,27,-0.028094,-0.027989,-0.028310
mobley_2725215,28,0.265901,0.265232,0.265895
mobley_2725215,29,0.159980,0.159874,0.159716
mobley_2725215,30,0.149853,0.149456,0.149713
mobley_2725215,31,-0.021012,-0.021333,-0.020759
mobley_2725215,32,-0.023834,-0.023902,-0.023962
mobley_2725215,33,-0.004644,-0.004543,-0.004706
mobley_2725215,34,0.279270,0.278597,0.279047
mobley_2725215,35,0.399743,0.398658,0.399458
mobley_2725215,36,0.422708,0.421513,0.422415
mobley_2725215,37,-0.168031,-0.166997,-0.168581
mobley_2725215,38,-0.164468,-0.163519,-0.164901
mobley_2725215,39,0.304813,0.304632,0.304024
mobley_2725215,40,0.249330,0.248952,0.248989
mobley_2725215,41,0.259303,0.258875,0.258968
mobley_2725802,0,-0.945918,-0.943437,-0.944156
mobley_2725802,1,-0.046678,-0.047542,-0.046732
mobley_2725802,2,-2.488150,-2.489280,-2.488732
mobley_2725802,3,-1.352993,-1.353092,-1.353037
mobley_2725802,4,-0.244390,-0.243911,-0.244124
mobley_2725802,5,-0.543290,-0.542126,-0.542793
mobley_2725802,6,-0.542352,-0.541185,-0.541853
mobley_2725802,7,-0.292568,-0.291694,-0.292354
mobley_2725802,8,-0.002001,-0.001749,-0.002376
mobley_2725802,9,0.190245,0.189470,0.190270
mobley_2725802,10,0.160140,0.159945,0.159746
mobley_2725802,11,0.131172,0.130934,0.131176
mobley_2725802,12,0.127379,0.127258,0.127173
mobley_2725802,13,-0.029943,-0.030109,-0.029788
mobley_2725802,14,0.006314,0.006221,0.006227
mobley_2725802,15,-0.001500,-0.001580,-0.001583
mobley_2725802,16,-0.029936,-0.030102,-0.029781
mobley_2725802,17,0.087933,0.087688,0.088089
mobley_2725802,18,0.076545,0.076225,0.076747
mobley_2727678,0,-0.141863,-0.142311,-0.141840
mobley_2727678,1,-0.296808,-0.296987,-0.296841
mobley_2727678,2,0.219946,0.218339,0.218893
mobley_2727678,3,-1.726319,-1.727298,-1.726594
mobley_2727678,4,-1.382912,-1.383954,-1.383648
mobley_2727678,5,0.183348,0.181390,0.183057
mobley_2727678,6,-2.020925,-2.022293,-2.021676
mobley_2727678,7,-1.380800,-1.381781,-1.381481
mobley_2727678,8,0.000000,0.000000,0.000000
mobley_2727678,9,-0.084706,-0.084243,-0.084427
mobley_2727678,10,-1.972017,-1.967516,-1.972079
mobley_2727678,11,-1.954338,-1.949738,-1.954478
mobley_2751110,0,-0.446567,-0.446297,-0.445855
mobley_2751110,1,-0.377842,-0.377351,-0.377691
mobley_2751110,2,-0.221467,-0.222051,-0.221295
mobley_2751110,3,-0.449900,-0.449255,-0.449437
mobley_2751110,4,-0.448805,-0.448522,-0.448084
mobley_2751110,5,0.451701,0.450253,0.449261
mobley_2751110,6,-1.348728,-1.348707,-1.348661
mobley_2751110,7,-0.325939,-0.325966,-0.322268
mobley_2751110,8,-0.327113,-0.327147,-0.323444
mobley_2751110,9,-3.233906,-3.233822,-3.236280
mobley_2751110,10,-0.278456,-0.277549,-0.278152
mobley_2751110,11,-0.161097,-0.160295,-0.161028
mobley_2751110,12,-0.120664,-0.120074,-0.120528
mobley_2751110,13,-0.281861,-0.280944,-0.281556
mobley_2751110,14,0.015468,0.017202,0.013682
mobley_2763835,0,-0.759497,-0.757420,-0.758411
mobley_2763835,1,-0.484377,-0.483572,-0.483710
mobley_2763835,2,-1.443386,-1.443842,-1.442558
mobley_2763835,3,-0.216999,-0.217479,-0.216840
mobley_2763835,4,-0.478940,-0.478203,-0.478330
mobley_2763835,5,-0.379738,-0.379386,-0.379415
mobley_2763835,6,-0.400850,-0.400475,-0.400434
mobley_2763835,7,-0.379633,-0.379294,-0.379310
mobley_2763835,8,-0.414502,-0.413975,-0.414138
mobley_2763835,9,0.393743,0.392719,0.393383
mobley_2763835,10,0.278633,0.278087,0.278264
mobley_2763835,11,0.393742,0.392719,0.393382
mobley_2763835,12,0.046763,0.046802,0.046780
mobley_2763835,13,0.046763,0.046802,0.046779
mobley_2763835,14,-0.187991,-0.186999,-0.188040
mobley_2763835,15,-0.149796,-0.149137,-0.149635
mobley_2763835,16,-0.145403,-0.144767,-0.145247
mobley_2763835,17,-0.146519,-0.145872,-0.146358
mobley_2763835,18,-0.130018,-0.129481,-0.129821
mobley_2771569,0,-0.494599,-0.492975,-0.493870
mobley_2771569,1,-1.306001,-1.304543,-1.305034
mobley_2771569,2,-0.106719,-0.106161,-0.107351
mobley_2771569,3,0.016607,0.016829,0.015464
mobley_2771569,4,-1.342279,-1.341962,-1.342124
mobley_2771569,5,0.016605,0.016827,0.015462
mobley_2771569,6,-0.106720,-0.106161,-0.107351
mobley_2771569,7,0.450650,0.449433,0.450431
mobley_2771569,8,0.436699,0.435445,0.436525
mobley_2771569,9,0.436696,0.435443,0.436523
mobley_2771569,10,0.019990,0.019812,0.020032
mobley_2771569,11,0.116072,0.115667,0.116179
mobley_2771569,12,0.035779,0.035537,0.035830
mobley_2771569,13,0.053473,0.053235,0.053664
mobley_2771569,14,-1.752208,-1.748069,-1.752583
mobley_2771569,15,0.035777,0.035535,0.035828
mobley_2771569,16,0.053478,0.053241,0.053669
mobley_2771569,17,0.019989,0.019811,0.020031
mobley_2771569,18,0.116071,0.115666,0.116178
mobley_2782339,0,-0.365118,-0.364792,-0.364905
mobley_2782339,1,-0.365118,-0.364791,-0.364904
mobley_2782339,2,-0.377317,-0.377030,-0.376862
mobley_2782339,3,-0.280620,-0.280946,-0.280476
mobley_2782339,4,-0.280620,-0.280946,-0.280477
mobley_2782339,5,-0.377317,-0.377030,-0.376863
mobley_2782339,6,-0.045290,-0.046421,-0.045242
mobley_2782339,7,-1.822076,-1.822260,-1.822735
mobley_2782339,8,-1.374716,-1.375479,-1.375272
mobley_2782339,9,-0.045291,-0.046421,-0.045243
mobley_2782339,10,-1.822074,-1.822258,-1.822734
mobley_2782339,11,-0.141048,-0.140424,-0.140886
mobley_2782339,12,-0.141048,-0.140424,-0.140886
mobley_2782339,13,-0.180864,-0.179867,-0.180906
mobley_2782339,14,-0.180864,-0.179867,-0.180906
mobley_2782339,15,-1.777741,-1.773116,-1.778318
mobley_2784376,0,-0.398303,-0.397357,-0.398349
mobley_2784376,1,-0.398302,-0.397356,-0.398348
mobley_2784376,2,-0.398303,-0.397357,-0.398348
mobley_2784376,3,0.191239,0.190902,0.191016
mobley_2784376,4,0.191238,0.190901,0.191016
mobley_2784376,5,0.191239,0.190902,0.191016
mobley_2784376,6,0.191239,0.190902,0.191016
mobley_2784376,7,0.191238,0.190900,0.191015
mobley_2784376,8,0.191238,0.190901,0.191016
mobley_2789243,0,-0.450767,-0.450358,-0.450253
mobley_2789243,1,-0.169378,-0.169387,-0.170044
mobley_2789243,2,0.461452,0.459106,0.457145
mobley_2789243,3,-0.242216,-0.242532,-0.242040
mobley_2789243,4,-1.343741,-1.343550,-1.343587
mobley_2789243,5,-0.306868,-0.306961,-0.306277
mobley_2789243,6,-1.154290,-1.154128,-1.154216
mobley_2789243,7,-0.237267,-0.236607,-0.236942
mobley_2789243,8,-0.343279,-0.341803,-0.342550
mobley_2789243,9,-0.321385,-0.320071,-0.320532
mobley_2789243,10,-0.112442,-0.112024,-0.112139
mobley_2792521,0,-0.843734,-0.841511,-0.842206
mobley_2792521,1,-0.370789,-0.369854,-0.370970
mobley_2792521,2,-0.531007,-0.529689,-0.530509
mobley_2792521,3,-0.399646,-0.399104,-0.399273
mobley_2792521,4,-0.405789,-0.405218,-0.405477
mobley_2792521,5,-0.393286,-0.392937,-0.392792
mobley_2792521,6,-1.311864,-1.312057,-1.311215
mobley_2792521,7,0.279738,0.279059,0.279512
mobley_2792521,8,0.408947,0.407803,0.408631
mobley_2792521,9,0.415935,0.414757,0.415615
mobley_2792521,10,0.245546,0.244934,0.245339
mobley_2792521,11,0.275070,0.274379,0.274826
mobley_2792521,12,0.201493,0.200996,0.201352
mobley_2792521,13,0.295048,0.294316,0.294782
mobley_2792521,14,0.036787,0.036869,0.036742
mobley_2792521,15,0.006999,0.007265,0.006933
mobley_2792521,16,-0.046817,-0.046373,-0.046800
mobley_2802855,0,-0.842147,-0.839924,-0.840618
mobley_2802855,1,-0.418171,-0.417120,-0.418142
mobley_2802855,2,-0.462750,-0.461711,-0.462297
mobley_2802855,3,-0.636327,-0.634914,-0.635248
mobley_2802855,4,0.000000,0.000000,0.000000
mobley_2802855,5,0.280264,0.279582,0.280037
mobley_2802855,6,0.412377,0.411213,0.412056
mobley_2802855,7,0.412380,0.411216,0.412060
mobley_2802855,8,0.292101,0.291351,0.291827
mobley_2802855,9,0.292102,0.291353,0.291828
mobley_2802855,10,0.343935,0.343172,0.343298
mobley_2802855,11,0.343933,0.343169,0.343295
mobley_2802855,12,0.184445,0.184028,0.184339
mobley_2802855,13,0.184447,0.184030,0.184341
mobley_282648,0,-0.377187,-0.376821,-0.376909
mobley_282648,1,-0.377187,-0.376821,-0.376909
mobley_282648,2,-0.430808,-0.430282,-0.430331
mobley_282648,3,-0.098068,-0.098755,-0.098568
mobley_282648,4,-0.430808,-0.430282,-0.430331
mobley_282648,5,-0.377187,-0.376821,-0.376909
mobley_282648,6,-0.377187,-0.376821,-0.376909
mobley_282648,7,-0.430808,-0.430282,-0.430331
mobley_282648,8,-0.098068,-0.098755,-0.098568
mobley_282648,9,-0.430808,-0.430282,-0.430331
mobley_282648,10,-0.147383,-0.146729,-0.147221
mobley_282648,11,-0.147382,-0.146729,-0.147221
mobley_282648,12,-0.167577,-0.166865,-0.167375
mobley_282648,13,-0.167576,-0.166864,-0.167375
mobley_282648,14,-0.147382,-0.146729,-0.147220
mobley_282648,15,-0.147382,-0.146729,-0.147221
mobley_282648,16,-0.167577,-0.166865,-0.167375
mobley_282648,17,-0.167577,-0.166865,-0.167375
mobley_2837389,0,-0.569595,-0.568945,-0.568530
mobley_2837389,1,-0.569595,-0.568944,-0.568530
mobley_2837389,2,-0.304617,-0.304703,-0.303973
mobley_2837389,3,-1.376936,-1.377796,-1.377514
mobley_2837389,4,-0.304617,-0.304703,-0.303973
mobley_2837389,5,-0.229999,-0.229574,-0.229653
mobley_2837389,6,-0.229999,-0.229574,-0.229653
mobley_2837389,7,-0.039326,-0.039085,-0.039080
mobley_2837389,8,-1.770095,-1.765602,-1.770520
mobley_2837389,9,-0.039326,-0.039085,-0.039080
mobley_2844990,0,-0.321141,-0.321006,-0.321236
mobley_2844990,1,-0.375302,-0.374811,-0.375195
mobley_2844990,2,-0.182813,-0.183347,-0.182970
mobley_2844990,3,-0.159950,-0.160484,-0.160208
mobley_2844990,4,-0.340717,-0.340413,-0.340863
mobley_2844990,5,0.540041,0.537644,0.535450
mobley_2844990,6,-1.152528,-1.152360,-1.152434
mobley_2844990,7,-1.376215,-1.377439,-1.374637
mobley_2844990,8,-0.142685,-0.143233,-0.143081
mobley_2844990,9,-0.337511,-0.337174,-0.337708
mobley_2844990,10,0.623843,0.621209,0.618656
mobley_2844990,11,0.707407,0.704457,0.701658
mobley_2844990,12,0.600406,0.597975,0.595193
mobley_2844990,13,-0.089083,-0.089877,-0.089823
mobley_2844990,14,-0.539793,-0.541134,-0.539201
mobley_2844990,15,-1.066285,-1.066063,-1.065735
mobley_2844990,16,-1.018976,-1.018589,-1.018368
mobley_2844990,17,-1.084244,-1.083962,-1.083884
mobley_2844990,18,-0.333627,-0.332155,-0.332969
mobley_2844990,19,-0.129543,-0.128940,-0.129376
mobley_2844990,20,-0.318958,-0.317531,-0.318299
mobley_2844990,21,-0.280111,-0.278831,-0.279525
mobley_2845466,0,-0.332387,-0.332065,-0.332598
mobley_2845466,1,-0.162098,-0.162633,-0.162361
mobley_2845466,2,-0.162099,-0.162634,-0.162361
mobley_2845466,3,-0.332384,-0.332062,-0.332595
mobley_2845466,4,0.624733,0.622053,0.619561
mobley_2845466,5,0.624738,0.622058,0.619565
mobley_2845466,6,-1.091238,-1.090962,-1.090906
mobley_2845466,7,-1.091239,-1.090962,-1.090906
mobley_2845466,8,-1.382341,-1.383577,-1.380740
mobley_2845466,9,-0.162099,-0.162634,-0.162361
mobley_2845466,10,-0.332387,-0.332065,-0.332597
mobley_2845466,11,0.624737,0.622057,0.619565
mobley_2845466,12,0.624738,0.622059,0.619566
mobley_2845466,13,-0.332390,-0.332068,-0.332600
mobley_2845466,14,-0.162098,-0.162634,-0.162361
mobley_2845466,15,-1.382338,-1.383574,-1.380738
mobley_2845466,16,-1.091239,-1.090963,-1.090907
mobley_2845466,17,-1.091240,-1.090963,-1.090907
mobley_2845466,18,-0.292754,-0.291418,-0.292151
mobley_2845466,19,-0.292757,-0.291421,-0.292153
mobley_2845466,20,-0.292751,-0.291416,-0.292148
mobley_2845466,21,-0.292749,-0.291413,-0.292146
mobley_2850833,0,-0.375205,-0.374844,-0.374925
mobley_2850833,1,-0.377022,-0.376680,-0.376722
mobley_2850833,2,-0.451668,-0.451059,-0.451152
mobley_2850833,3,-0.259446,-0.260145,-0.258831
mobley_2850833,4,-0.023063,-0.023667,-0.024115
mobley_2850833,5,-0.422162,-0.421709,-0.421661
mobley_2850833,6,-0.411832,-0.411668,-0.411017
mobley_2850833,7,-1.894503,-1.895173,-1.894259
mobley_2850833,8,-2.844156,-2.843746,-2.846248
mobley_2850833,9,-0.145277,-0.144631,-0.145116
mobley_2850833,10,-0.144924,-0.144282,-0.144764
mobley_2850833,11,-0.119570,-0.118997,-0.119426
mobley_2850833,12,-0.173643,-0.172910,-0.173449
mobley_2850833,13,-0.109559,-0.108927,-0.109466
mobley_2850833,14,0.085779,0.087967,0.083142
mobley_2859600,0,-0.714768,-0.713187,-0.713478
mobley_2859600,1,-0.420253,-0.419685,-0.419842
mobley_2859600,2,-0.082185,-0.082816,-0.082792
mobley_2859600,3,-0.433931,-0.433443,-0.433387
mobley_2859600,4,-0.379611,-0.379251,-0.379302
mobley_2859600,5,-0.400318,-0.399944,-0.399912
mobley_2859600,6,-0.380996,-0.380634,-0.380683
mobley_2859600,7,-0.440342,-0.439774,-0.439814
mobley_2859600,8,-0.035236,-0.034899,-0.035180
mobley_2859600,9,-0.016940,-0.016616,-0.016943
mobley_2859600,10,-0.079930,-0.079412,-0.079879
mobley_2859600,11,-0.176169,-0.175422,-0.175978
mobley_2859600,12,-0.148003,-0.147349,-0.147841
mobley_2859600,13,-0.145772,-0.145134,-0.145616
mobley_2859600,14,-0.149185,-0.148527,-0.149023
mobley_2859600,15,-0.253716,-0.252757,-0.253449
mobley_2864987,0,-0.838812,-0.836603,-0.837300
mobley_2864987,1,-0.357317,-0.356667,-0.357239
mobley_2864987,2,-0.605559,-0.603993,-0.604812
mobley_2864987,3,-0.214890,-0.214931,-0.215023
mobley_2864987,4,-0.853818,-0.851466,-0.852342
mobley_2864987,5,-3.341367,-3.341348,-3.343604
mobley_2864987,6,0.414348,0.413178,0.414031
mobley_2864987,7,0.280298,0.279619,0.280071
mobley_2864987,8,0.407651,0.406508,0.407331
mobley_2864987,9,0.296353,0.295661,0.296015
mobley_2864987,10,0.214228,0.213858,0.213875
mobley_2864987,11,0.349423,0.348552,0.349020
mobley_2864987,12,0.275901,0.275315,0.275501
mobley_2864987,13,0.051040,0.051097,0.050952
mobley_2864987,14,0.286234,0.285597,0.285930
mobley_2864987,15,0.523224,0.521693,0.522774
mobley_2864987,16,0.325541,0.324823,0.325141
mobley_2864987,17,0.105766,0.107252,0.103818
mobley_2881590,0,-0.935076,-0.932925,-0.932895
mobley_2881590,1,0.157470,0.157093,0.155182
mobley_2881590,2,-0.957060,-0.954559,-0.955065
mobley_2881590,3,-0.860691,-0.859169,-0.858460
mobley_2881590,4,0.463599,0.465093,0.467443
mobley_2881590,5,-1.353750,-1.353922,-1.353757
mobley_2881590,6,-0.293729,-0.293276,-0.290269
mobley_2881590,7,-0.294535,-0.294226,-0.291051
mobley_2881590,8,0.336361,0.335457,0.336099
mobley_2881590,9,0.391063,0.390065,0.390657
mobley_2881590,10,0.332661,0.331795,0.332406
mobley_2881590,11,0.109130,0.109064,0.108964
mobley_2881590,12,0.326809,0.325963,0.326540
mobley_2881590,13,0.316483,0.315650,0.316232
mobley_2881590,14,0.482245,0.480784,0.481892
mobley_2881590,15,0.181777,0.181297,0.181719
mobley_2881590,16,0.054724,0.054710,0.054737
mobley_2913224,0,-0.820903,-0.818618,-0.819658
mobley_2913224,1,-0.044275,-0.045361,-0.044527
mobley_2913224,2,-1.563788,-1.563512,-1.563874
mobley_2913224,3,-1.235223,-1.235353,-1.234421
mobley_2913224,4,-0.209139,-0.210063,-0.208556
mobley_2913224,5,-0.362169,-0.361741,-0.362028
mobley_2913224,6,-0.374899,-0.374561,-0.374620
mobley_2913224,7,-0.377643,-0.377286,-0.377360
mobley_2913224,8,-0.399930,-0.399655,-0.399405
mobley_2913224,9,-0.050659,-0.051152,-0.051593
mobley_2913224,10,-0.310307,-0.310824,-0.309428
mobley_2913224,11,-1.004486,-1.004111,-1.003691
mobley_2913224,12,-2.868677,-2.868118,-2.871205
mobley_2913224,13,0.290895,0.290503,0.290299
mobley_2913224,14,0.315467,0.314796,0.315093
mobley_2913224,15,0.298294,0.298070,0.297485
mobley_2913224,16,-0.154810,-0.154179,-0.154616
mobley_2913224,17,-0.145085,-0.144441,-0.144925
mobley_2913224,18,-0.145865,-0.145216,-0.145706
mobley_2913224,19,-0.134128,-0.133601,-0.133865
mobley_2913224,20,-0.008394,-0.006845,-0.009927
mobley_2923700,0,-0.758320,-0.756291,-0.757179
mobley_2923700,1,-0.453654,-0.452518,-0.453516
mobley_2923700,2,-0.082867,-0.083448,-0.083485
mobley_2923700,3,-0.475023,-0.474433,-0.474289
mobley_2923700,4,-0.382729,-0.382266,-0.382496
mobley_2923700,5,-0.229050,-0.229600,-0.228820
mobley_2923700,6,-0.456900,-0.456279,-0.456347
mobley_2923700,7,-0.476099,-0.475497,-0.475362
mobley_2923700,8,-3.239161,-3.239080,-3.241543
mobley_2923700,9,0.384084,0.382910,0.383874
mobley_2923700,10,0.280618,0.279901,0.280417
mobley_2923700,11,0.384365,0.383188,0.384155
mobley_2923700,12,0.157921,0.157607,0.157820
mobley_2923700,13,0.158704,0.158388,0.158602
mobley_2923700,14,-0.113700,-0.113243,-0.113542
mobley_2923700,15,-0.162530,-0.161728,-0.162463
mobley_2923700,16,-0.122045,-0.121453,-0.121913
mobley_2923700,17,-0.113131,-0.112675,-0.112971
mobley_2923700,18,0.010652,0.012397,0.008869
mobley_2925352,0,-0.898575,-0.896236,-0.896853
mobley_2925352,1,0.045446,0.044510,0.044296
mobley_2925352,2,-0.513239,-0.512595,-0.512331
mobley_2925352,3,-0.382906,-0.382440,-0.382670
mobley_2925352,4,-0.229216,-0.229766,-0.228985
mobley_2925352,5,-0.457058,-0.456435,-0.456502
mobley_2925352,6,-0.514475,-0.513817,-0.513563
mobley_2925352,7,-3.239505,-3.239424,-3.241887
mobley_2925352,8,0.273167,0.272474,0.273007
mobley_2925352,9,0.310380,0.309464,0.310246
mobley_2925352,10,0.273937,0.273242,0.273776
mobley_2925352,11,-0.109987,-0.109457,-0.109869
mobley_2925352,12,-0.162606,-0.161805,-0.162539
mobley_2925352,13,-0.122133,-0.121541,-0.122001
mobley_2925352,14,-0.109882,-0.109352,-0.109760
mobley_2925352,15,0.010613,0.012358,0.008830
mobley_2929847,0,-0.953602,-0.951111,-0.951623
mobley_2929847,1,0.146757,0.146017,0.144947
mobley_2929847,2,-0.875067,-0.872810,-0.873331
mobley_2929847,3,-0.675385,-0.673578,-0.674447
mobley_2929847,4,-0.273815,-0.274124,-0.273352
mobley_2929847,5,-1.609090,-1.608510,-1.609314
mobley_2929847,6,-3.133768,-3.133299,-3.136345
mobley_2929847,7,0.331073,0.330211,0.330802
mobley_2929847,8,0.501135,0.499591,0.500789
mobley_2929847,9,0.295270,0.294534,0.295030
mobley_2929847,10,0.095801,0.095781,0.095587
mobley_2929847,11,0.337909,0.337011,0.337647
mobley_2929847,12,0.292143,0.291463,0.291777
mobley_2929847,13,0.381391,0.380281,0.381127
mobley_2929847,14,0.179935,0.179981,0.179287
mobley_2929847,15,0.292142,0.291547,0.291700
mobley_2929847,16,-0.003408,-0.001839,-0.004988
mobley_2958326,0,-0.844328,-0.842076,-0.842836
mobley_2958326,1,-0.394222,-0.393358,-0.394332
mobley_2958326,2,-0.109727,-0.109194,-0.110286
mobley_2958326,3,-1.366459,-1.366956,-1.366822
mobley_2958326,4,-0.122855,-0.122290,-0.123362
mobley_2958326,5,-0.387821,-0.386956,-0.387959
mobley_2958326,6,-0.548796,-0.546759,-0.548521
mobley_2958326,7,0.413243,0.412093,0.412951
mobley_2958326,8,0.411240,0.410102,0.410953
mobley_2958326,9,0.278936,0.278263,0.278715
mobley_2958326,10,0.224362,0.223766,0.224107
mobley_2958326,11,0.114085,0.113888,0.113896
mobley_2958326,12,0.323188,0.322360,0.323012
mobley_2958326,13,0.424314,0.423091,0.424082
mobley_2958326,14,-1.422288,-1.418794,-1.422997
mobley_2958326,15,0.182271,0.181915,0.182209
mobley_2958326,16,0.410236,0.409070,0.410014
mobley_2958326,17,0.064324,0.064090,0.064323
mobley_2958326,18,0.090661,0.090492,0.090485
mobley_2958326,19,0.256275,0.255404,0.256013
mobley_2958326,20,0.239045,0.238146,0.238970
mobley_2958326,21,0.289043,0.288322,0.288850
mobley_2960202,0,-0.332909,-0.332589,-0.333115
mobley_2960202,1,-0.163360,-0.163901,-0.163655
mobley_2960202,2,-0.163360,-0.163901,-0.163655
mobley_2960202,3,-0.332910,-0.332590,-0.333116
mobley_2960202,4,0.624887,0.622205,0.619714
mobley_2960202,5,0.624883,0.622201,0.619710
mobley_2960202,6,-1.091288,-1.091011,-1.090956
mobley_2960202,7,-1.091288,-1.091011,-1.090956
mobley_2960202,8,-0.553769,-0.555132,-0.553180
mobley_2960202,9,-0.070234,-0.071040,-0.071101
mobley_2960202,10,-0.070232,-0.071038,-0.071100
mobley_2960202,11,0.595468,0.593054,0.590265
mobley_2960202,12,0.706589,0.703685,0.700824
mobley_2960202,13,0.706594,0.703690,0.700829
mobley_2960202,14,0.595464,0.593051,0.590262
mobley_2960202,15,-1.064197,-1.063972,-1.063641
mobley_2960202,16,-1.010657,-1.010267,-1.010016
mobley_2960202,17,-1.010658,-1.010267,-1.010017
mobley_2960202,18,-1.064197,-1.063973,-1.063641
mobley_2960202,19,-0.553766,-0.555129,-0.553177
mobley_2960202,20,-0.293076,-0.291737,-0.292473
mobley_2960202,21,-0.293077,-0.291737,-0.292473
mobley_296847,0,-0.234832,-0.234619,-0.235055
mobley_296847,1,-0.473279,-0.472851,-0.472620
mobley_296847,2,-0.311727,-0.311809,-0.311092
mobley_296847,3,-1.345582,-1.345454,-1.345464
mobley_296847,4,-0.311727,-0.311809,-0.311092
mobley_296847,5,-0.473278,-0.472851,-0.472619
mobley_296847,6,-0.143157,-0.142554,-0.142951
mobley_296847,7,-0.238412,-0.237758,-0.238092
mobley_296847,8,-0.116342,-0.115917,-0.116033
mobley_296847,9,-0.116343,-0.115918,-0.116034
mobley_296847,10,-0.238410,-0.237755,-0.238090
mobley_2972345,0,-0.379809,-0.379440,-0.379507
mobley_2972345,1,-0.379811,-0.379442,-0.379509
mobley_2972345,2,-0.490226,-0.489552,-0.489488
mobley_2972345,3,-0.031679,-0.032367,-0.032555
mobley_2972345,4,-0.031677,-0.032365,-0.032554
mobley_2972345,5,-0.490226,-0.489552,-0.489488
mobley_2972345,6,-0.482886,-0.481604,-0.482723
mobley_2972345,7,-0.031679,-0.032366,-0.032555
mobley_2972345,8,-0.490225,-0.489551,-0.489487
mobley_2972345,9,-0.379808,-0.379439,-0.379506
mobley_2972345,10,-0.379809,-0.379440,-0.379507
mobley_2972345,11,-0.490226,-0.489551,-0.489487
mobley_2972345,12,-0.031679,-0.032366,-0.032555
mobley_2972345,13,-0.482892,-0.481610,-0.482728
mobley_2972345,14,-0.147561,-0.146909,-0.147399
mobley_2972345,15,-0.147564,-0.146912,-0.147402
mobley_2972345,16,-0.087682,-0.087285,-0.087525
mobley_2972345,17,-0.087681,-0.087285,-0.087524
mobley_2972345,18,0.056885,0.056581,0.057126
mobley_2972345,19,0.024121,0.024163,0.024237
mobley_2972345,20,-0.087681,-0.087285,-0.087524
mobley_2972345,21,-0.147561,-0.146909,-0.147399
mobley_2972345,22,-0.147562,-0.146910,-0.147400
mobley_2972345,23,-0.087682,-0.087285,-0.087525
mobley_2972345,24,0.056887,0.056584,0.057128
mobley_2972345,25,0.024121,0.024162,0.024237
mobley_2972906,0,-0.399592,-0.399199,-0.399204
mobley_2972906,1,-0.399592,-0.399199,-0.399204
mobley_2972906,2,-0.262670,-0.261989,-0.262339
mobley_2972906,3,-1.324477,-1.324167,-1.326179
mobley_2972906,4,-0.262670,-0.261989,-0.262339
mobley_2972906,5,-0.079046,-0.078665,-0.078935
mobley_2972906,6,-0.079046,-0.078666,-0.078935
mobley_2972906,7,-0.098546,-0.098042,-0.098346
mobley_2972906,8,-0.098546,-0.098042,-0.098346
mobley_299266,0,-0.988297,-0.985798,-0.986141
mobley_299266,1,0.188938,0.187741,0.187152
mobley_299266,2,-0.948768,-0.946862,-0.946326
mobley_299266,3,-0.988297,-0.985797,-0.986141
mobley_299266,4,0.291103,0.290395,0.290868
mobley_299266,5,0.318177,0.317274,0.317974
mobley_299266,6,0.318177,0.317274,0.317975
mobley_299266,7,-0.019064,-0.018693,-0.019124
mobley_299266,8,-0.019064,-0.018693,-0.019124
mobley_299266,9,0.318176,0.317273,0.317974
mobley_299266,10,0.318176,0.317272,0.317973
mobley_299266,11,0.291103,0.290395,0.290868
mobley_2996632,0,1.154063,1.150507,1.144226
mobley_2996632,1,-0.998065,-0.997771,-0.997328
mobley_2996632,2,-0.998065,-0.997772,-0.997328
mobley_2996632,3,-0.998065,-0.997772,-0.997328
mobley_2996632,4,0.124617,0.124222,0.124251
mobley_3006808,0,-0.697938,-0.696777,-0.695641
mobley_3006808,1,0.123284,0.122066,0.120479
mobley_3006808,2,-0.167338,-0.167343,-0.167328
mobley_3006808,3,-0.167427,-0.167436,-0.167410
mobley_3006808,4,-0.167329,-0.167333,-0.167321
mobley_3006808,5,-2.061575,-2.060249,-2.069133
mobley_3006808,6,0.076271,0.076111,0.077192
mobley_3006808,7,0.002573,0.002731,0.003379
mobley_3006808,8,0.066032,0.067506,0.064792
mobley_303222,0,-0.861425,-0.859243,-0.859791
mobley_303222,1,-0.257877,-0.257757,-0.258084
mobley_303222,2,-0.823732,-0.822071,-0.821852
mobley_303222,3,0.361288,0.360361,0.360988
mobley_303222,4,0.284379,0.283620,0.284197
mobley_303222,5,0.284380,0.283621,0.284198
mobley_303222,6,0.032247,0.032391,0.032166
mobley_303222,7,-0.024454,-0.024109,-0.024481
mobley_303222,8,0.050425,0.050573,0.050316
mobley_3034976,0,-0.880915,-0.878534,-0.879381
mobley_3034976,1,-0.210880,-0.211497,-0.210614
mobley_3034976,2,-1.722933,-1.723149,-1.722833
mobley_3034976,3,-3.328943,-3.328720,-3.331585
mobley_3034976,4,0.313683,0.313038,0.313271
mobley_3034976,5,0.302966,0.302551,0.302353
mobley_3034976,6,0.302964,0.302549,0.302351
mobley_3034976,7,-0.013213,-0.011609,-0.014786
mobley_3040612,0,-0.807610,-0.805449,-0.806260
mobley_3040612,1,-0.478782,-0.477509,-0.478575
mobley_3040612,2,-0.230512,-0.230698,-0.230515
mobley_3040612,3,-0.476391,-0.475759,-0.475668
mobley_3040612,4,-0.380852,-0.380481,-0.380547
mobley_3040612,5,-0.380922,-0.380550,-0.380615
mobley_3040612,6,-0.498451,-0.497845,-0.497596
mobley_3040612,7,-0.041532,-0.042217,-0.042311
mobley_3040612,8,-0.853369,-0.851052,-0.851867
mobley_3040612,9,0.373751,0.372596,0.373569
mobley_3040612,10,0.269387,0.268549,0.269289
mobley_3040612,11,0.280205,0.279509,0.279997
mobley_3040612,12,0.128511,0.128291,0.128430
mobley_3040612,13,0.166643,0.166297,0.166534
mobley_3040612,14,-0.120730,-0.120263,-0.120550
mobley_3040612,15,-0.148049,-0.147394,-0.147887
mobley_3040612,16,-0.148417,-0.147761,-0.148255
mobley_3040612,17,-0.145687,-0.144980,-0.145569
mobley_3040612,18,0.299886,0.299132,0.299686
mobley_3040612,19,0.150801,0.150386,0.150821
mobley_3040612,20,0.113586,0.113239,0.113652
mobley_3047364,0,-0.852096,-0.850023,-0.850618
mobley_3047364,1,0.249623,0.249537,0.247470
mobley_3047364,2,-1.385693,-1.386841,-1.386483
mobley_3047364,3,0.345147,0.342990,0.344468
mobley_3047364,4,-1.389174,-1.390479,-1.390020
mobley_3047364,5,0.344499,0.342398,0.343796
mobley_3047364,6,-1.366947,-1.367523,-1.367311
mobley_3047364,7,0.266103,0.265069,0.265316
mobley_3047364,8,-1.365442,-1.365978,-1.365772
mobley_3047364,9,-1.397239,-1.396796,-1.399352
mobley_3047364,10,-0.518627,-0.516456,-0.518217
mobley_3047364,11,-1.394528,-1.395959,-1.395508
mobley_3047364,12,0.767450,0.765973,0.763371
mobley_3047364,13,-0.988217,-0.985798,-0.986185
mobley_3047364,14,-0.848887,-0.846397,-0.847606
mobley_3047364,15,0.176129,0.175496,0.176083
mobley_3047364,16,0.352503,0.351488,0.352209
mobley_3047364,17,0.252003,0.251341,0.251764
mobley_3047364,18,-0.134427,-0.134294,-0.134196
mobley_3047364,19,0.305237,0.304532,0.305160
mobley_3047364,20,-1.727733,-1.723728,-1.727988
mobley_3047364,21,0.118950,0.118747,0.118999
mobley_3047364,22,0.005920,0.005915,0.006021
mobley_3047364,23,0.336706,0.335863,0.336592
mobley_3047364,24,-1.679768,-1.675912,-1.680090
mobley_3047364,25,0.262136,0.261661,0.262093
mobley_3047364,26,0.284196,0.283457,0.283972
mobley_3047364,27,0.329795,0.328831,0.329513
mobley_3047364,28,0.216800,0.216017,0.216720
mobley_3047364,29,-0.229313,-0.229180,-0.229083
mobley_3047364,30,0.253902,0.253039,0.253837
mobley_3047364,31,0.272624,0.271825,0.272470
mobley_3053621,0,-0.398629,-0.398264,-0.398213
mobley_3053621,1,-0.398630,-0.398265,-0.398214
mobley_3053621,2,-0.398630,-0.398265,-0.398214
mobley_3053621,3,-0.398629,-0.398264,-0.398213
mobley_3053621,4,-0.398628,-0.398263,-0.398212
mobley_3053621,5,-0.398629,-0.398264,-0.398213
mobley_3053621,6,-0.145983,-0.145346,-0.145827
mobley_3053621,7,-0.145984,-0.145347,-0.145828
mobley_3053621,8,-0.145984,-0.145347,-0.145827
mobley_3053621,9,-0.145983,-0.145346,-0.145827
mobley_3053621,10,-0.145983,-0.145346,-0.145826
mobley_3053621,11,-0.145983,-0.145346,-0.145826
mobley_3060426,0,-0.957965,-0.955423,-0.955987
mobley_3060426,1,0.063811,0.063580,0.062052
mobley_3060426,2,-0.937833,-0.935366,-0.935910
mobley_3060426,3,-0.632937,-0.631146,-0.632103
mobley_3060426,4,-0.748382,-0.746345,-0.747051
mobley_3060426,5,0.525900,0.524403,0.522411
mobley_3060426,6,-1.044459,-1.041679,-1.042139
mobley_3060426,7,-1.028662,-1.025954,-1.026373
mobley_3060426,8,-1.070209,-1.067382,-1.067774
mobley_3060426,9,0.453525,0.452114,0.453206
mobley_3060426,10,0.304855,0.303992,0.304648
mobley_3060426,11,0.357635,0.356669,0.357341
mobley_3060426,12,0.115639,0.115503,0.115446
mobley_3060426,13,0.495600,0.494075,0.495252
mobley_3060426,14,0.318744,0.317947,0.318471
mobley_3060426,15,0.318669,0.317831,0.318410
mobley_3060426,16,0.269451,0.268634,0.269259
mobley_3060426,17,0.324500,0.323507,0.324248
mobley_3060426,18,0.270789,0.269996,0.270571
mobley_3060426,19,0.273254,0.272507,0.273012
mobley_3060426,20,0.409667,0.408490,0.409350
mobley_3060426,21,0.367725,0.366605,0.367476
mobley_3060426,22,0.313436,0.312564,0.313200
mobley_3060426,23,0.401754,0.400566,0.401470
mobley_3060426,24,0.360881,0.359935,0.360569
mobley_3060426,25,0.390988,0.389853,0.390698
mobley_3060426,26,0.341870,0.340874,0.341636
mobley_3060426,27,0.409624,0.408437,0.409307
mobley_3060426,28,0.361425,0.360305,0.361194
mobley_3083321,0,-0.981393,-0.979297,-0.978886
mobley_3083321,1,-0.643201,-0.643064,-0.642001
mobley_3083321,2,-0.876305,-0.875061,-0.873538
mobley_3083321,3,-0.677744,-0.677665,-0.676545
mobley_3083321,4,-1.012987,-1.011054,-1.010102
mobley_3083321,5,0.321171,0.320316,0.320964
mobley_3083321,6,0.274414,0.273701,0.274246
mobley_3083321,7,0.326566,0.325671,0.326355
mobley_3083321,8,0.202870,0.202411,0.202754
mobley_3083321,9,0.128059,0.127829,0.127997
mobley_3083321,10,0.275034,0.274293,0.274889
mobley_3083321,11,0.252903,0.252489,0.252529
mobley_3083321,12,0.345937,0.344974,0.345720
mobley_3105103,0,-0.756896,-0.755012,-0.756193
mobley_3105103,1,0.469667,0.467560,0.467249
mobley_3105103,2,0.252133,0.250440,0.248509
mobley_3105103,3,0.232124,0.230679,0.230680
mobley_3105103,4,-0.614682,-0.614562,-0.616315
mobley_3105103,5,-1.367724,-1.368289,-1.368110
mobley_3105103,6,0.132189,0.130666,0.132027
mobley_3105103,7,-1.857700,-1.858237,-1.858727
mobley_3105103,8,-1.386611,-1.387775,-1.387420
mobley_3105103,9,1.213881,1.210784,1.208570
mobley_3105103,10,-0.937386,-0.935094,-0.935365
mobley_3105103,11,-0.974760,-0.972435,-0.972547
mobley_3105103,12,-0.932486,-0.930207,-0.930522
mobley_3105103,13,-1.111069,-1.110894,-1.110685
mobley_3105103,14,0.083589,0.083386,0.083873
mobley_3105103,15,0.162270,0.161770,0.162218
mobley_3105103,16,0.149780,0.149333,0.149732
mobley_3105103,17,-1.900362,-1.895978,-1.900473
mobley_3105103,18,-0.000568,-0.001005,-0.000405
mobley_3105103,19,0.174546,0.174191,0.174166
mobley_3105103,20,0.359570,0.358382,0.359394
mobley_3105103,21,0.385556,0.384154,0.385427
mobley_3105103,22,0.047173,0.047104,0.047023
mobley_3105103,23,0.044348,0.044197,0.044254
mobley_3105103,24,0.360565,0.359370,0.360392
mobley_3105103,25,0.174749,0.174432,0.174378
mobley_3105103,26,-0.006074,-0.006489,-0.005874
mobley_313406,0,-0.859080,-0.856831,-0.857481
mobley_313406,1,-0.359709,-0.358803,-0.359971
mobley_313406,2,-0.685053,-0.683844,-0.683487
mobley_313406,3,-2.981943,-2.981809,-2.983872
mobley_313406,4,0.280684,0.279995,0.280459
mobley_313406,5,0.415539,0.414362,0.415213
mobley_313406,6,0.415538,0.414361,0.415213
mobley_313406,7,0.285640,0.284995,0.285312
mobley_313406,8,0.285640,0.284995,0.285313
mobley_313406,9,0.169585,0.169253,0.169434
mobley_313406,10,0.169585,0.169252,0.169434
mobley_313406,11,0.004845,0.006679,0.002996
mobley_3144334,0,-0.899264,-0.896926,-0.897538
mobley_3144334,1,0.065107,0.064148,0.063856
mobley_3144334,2,-0.518405,-0.517717,-0.517492
mobley_3144334,3,-0.475985,-0.475409,-0.475231
mobley_3144334,4,0.047893,0.047045,0.046630
mobley_3144334,5,-0.357882,-0.358054,-0.357115
mobley_3144334,6,-0.594584,-0.593644,-0.593433
mobley_3144334,7,-3.483444,-3.483190,-3.486176
mobley_3144334,8,-0.844528,-0.842576,-0.842730
mobley_3144334,9,0.273699,0.273004,0.273538
mobley_3144334,10,0.310539,0.309622,0.310404
mobley_3144334,11,0.273633,0.272938,0.273474
mobley_3144334,12,-0.110939,-0.110400,-0.110820
mobley_3144334,13,-0.154328,-0.153587,-0.154197
mobley_3144334,14,-0.077507,-0.077086,-0.077388
mobley_3144334,15,0.014608,0.016428,0.012757
mobley_3144334,16,0.209764,0.209531,0.209342
mobley_3144334,17,0.210930,0.210694,0.210508
mobley_3144334,18,0.304002,0.303246,0.303793
mobley_3151666,0,-0.840046,-0.837829,-0.838525
mobley_3151666,1,-0.403376,-0.402324,-0.403435
mobley_3151666,2,-0.536552,-0.535168,-0.536037
mobley_3151666,3,-0.510755,-0.509388,-0.510366
mobley_3151666,4,-0.499446,-0.498087,-0.499131
mobley_3151666,5,-0.496854,-0.495499,-0.496551
mobley_3151666,6,-0.507484,-0.506126,-0.507111
mobley_3151666,7,-0.528005,-0.526937,-0.527203
mobley_3151666,8,-0.417965,-0.416770,-0.418064
mobley_3151666,9,-0.658189,-0.656992,-0.656760
mobley_3151666,10,-2.993048,-2.992897,-2.995052
mobley_3151666,11,0.399448,0.398341,0.399129
mobley_3151666,12,0.279739,0.279061,0.279511
mobley_3151666,13,0.424164,0.422946,0.423843
mobley_3151666,14,0.278753,0.278001,0.278507
mobley_3151666,15,0.251409,0.250760,0.251185
mobley_3151666,16,0.212491,0.212021,0.212279
mobley_3151666,17,0.314321,0.313479,0.314033
mobley_3151666,18,0.209264,0.208782,0.209074
mobley_3151666,19,0.310601,0.309759,0.310329
mobley_3151666,20,0.315244,0.314335,0.314997
mobley_3151666,21,0.314864,0.313972,0.314597
mobley_3151666,22,0.315302,0.314410,0.315035
mobley_3151666,23,0.310846,0.309956,0.310601
mobley_3151666,24,0.313087,0.312235,0.312813
mobley_3151666,25,0.209800,0.209318,0.209608
mobley_3151666,26,0.249678,0.249140,0.249337
mobley_3151666,27,0.280113,0.279405,0.279831
mobley_3151666,28,0.263616,0.263010,0.263281
mobley_3151666,29,0.189864,0.189568,0.189546
mobley_3151666,30,0.048479,0.048573,0.048427
mobley_3151666,31,0.288055,0.287229,0.287876
mobley_3151666,32,0.140106,0.141378,0.138195
mobley_3167746,0,-0.843140,-0.840916,-0.841605
mobley_3167746,1,-0.396908,-0.395894,-0.396966
mobley_3167746,2,-0.521995,-0.520649,-0.521538
mobley_3167746,3,-0.498697,-0.497360,-0.498356
mobley_3167746,4,-0.498699,-0.497362,-0.498358
mobley_3167746,5,-0.521996,-0.520649,-0.521539
mobley_3167746,6,-0.396906,-0.395892,-0.396964
mobley_3167746,7,-0.843141,-0.840917,-0.841606
mobley_3167746,8,0.412470,0.411306,0.412148
mobley_3167746,9,0.280201,0.279519,0.279974
mobley_3167746,10,0.412464,0.411299,0.412142
mobley_3167746,11,0.287296,0.286558,0.287032
mobley_3167746,12,0.287302,0.286564,0.287038
mobley_3167746,13,0.339405,0.338474,0.339100
mobley_3167746,14,0.339399,0.338467,0.339094
mobley_3167746,15,0.337725,0.336783,0.337438
mobley_3167746,16,0.337730,0.336789,0.337443
mobley_3167746,17,0.337727,0.336786,0.337440
mobley_3167746,18,0.337728,0.336786,0.337441
mobley_3167746,19,0.339401,0.338470,0.339096
mobley_3167746,20,0.339403,0.338472,0.339099
mobley_3167746,21,0.287301,0.286563,0.287037
mobley_3167746,22,0.287297,0.286559,0.287033
mobley_3167746,23,0.412467,0.411303,0.412146
mobley_3167746,24,0.412468,0.411304,0.412147
mobley_3167746,25,0.280202,0.279521,0.279976
mobley_3169935,0,-0.374202,-0.373792,-0.373981
mobley_3169935,1,-0.377011,-0.376675,-0.376777
mobley_3169935,2,-0.326443,-0.326226,-0.326553
mobley_3169935,3,0.375754,0.373662,0.371881
mobley_3169935,4,0.297827,0.296006,0.296097
mobley_3169935,5,-0.521283,-0.520732,-0.520444
mobley_3169935,6,-1.387346,-1.388505,-1.388224
mobley_3169935,7,-1.035833,-1.035293,-1.035103
mobley_3169935,8,-0.147270,-0.146614,-0.147102
mobley_3169935,9,-0.145778,-0.145132,-0.145616
mobley_3169935,10,-0.320294,-0.318866,-0.319670
mobley_3169935,11,-0.217804,-0.216909,-0.217621
mobley_3169935,12,-1.440439,-1.436922,-1.441002
mobley_3169935,13,-1.394713,-1.391251,-1.395304
mobley_3183805,0,-0.893902,-0.891576,-0.892198
mobley_3183805,1,0.064333,0.063395,0.063075
mobley_3183805,2,-0.516855,-0.516172,-0.515956
mobley_3183805,3,-0.478234,-0.477627,-0.477479
mobley_3183805,4,-0.102390,-0.102924,-0.102936
mobley_3183805,5,-0.084106,-0.084640,-0.084734
mobley_3183805,6,-0.633678,-0.632760,-0.632235
mobley_3183805,7,-0.936762,-0.934251,-0.934922
mobley_3183805,8,-0.939914,-0.937394,-0.938061
mobley_3183805,9,0.275021,0.274325,0.274857
mobley_3183805,10,0.313640,0.312708,0.313505
mobley_3183805,11,0.270327,0.269645,0.270170
mobley_3183805,12,-0.113181,-0.112631,-0.113061
mobley_3183805,13,-0.153386,-0.152645,-0.153254
mobley_3183805,14,-0.098850,-0.098290,-0.098780
mobley_3183805,15,0.232447,0.231762,0.232384
mobley_3183805,16,0.294523,0.293777,0.294329
mobley_3183805,17,0.243155,0.242427,0.243089
mobley_3183805,18,0.240521,0.239806,0.240456
mobley_3183805,19,0.232099,0.231410,0.232040
mobley_3183805,20,0.295185,0.294436,0.294991
mobley_3187514,0,-0.556808,-0.554755,-0.556523
mobley_3187514,1,-0.079300,-0.080042,-0.079962
mobley_3187514,2,-0.495252,-0.494602,-0.494459
mobley_3187514,3,-0.380257,-0.379903,-0.379977
mobley_3187514,4,-0.376883,-0.376459,-0.376647
mobley_3187514,5,-0.520233,-0.519674,-0.519364
mobley_3187514,6,0.043855,0.042762,0.043398
mobley_3187514,7,-1.409558,-1.411421,-1.410880
mobley_3187514,8,-0.144080,-0.143960,-0.143909
mobley_3187514,9,-0.069617,-0.069542,-0.069565
mobley_3187514,10,0.301104,0.300364,0.300943
mobley_3187514,11,-0.150791,-0.150063,-0.150662
mobley_3187514,12,-0.147651,-0.146998,-0.147489
mobley_3187514,13,-0.149475,-0.148812,-0.149305
mobley_3187514,14,-0.214839,-0.213939,-0.214658
mobley_3187514,15,-1.434245,-1.430738,-1.434845
mobley_3187514,16,-1.464578,-1.460955,-1.465182
mobley_3201701,0,-0.900337,-0.898130,-0.898430
mobley_3201701,1,-0.237754,-0.238244,-0.237845
mobley_3201701,2,0.155602,0.154429,0.154529
mobley_3201701,3,-1.371723,-1.372452,-1.372178
mobley_3201701,4,0.222798,0.220806,0.222731
mobley_3201701,5,-1.358369,-1.358656,-1.358550
mobley_3201701,6,-0.084839,-0.085652,-0.084681
mobley_3201701,7,-1.882338,-1.883518,-1.883245
mobley_3201701,8,-0.002150,-0.002805,-0.002219
mobley_3201701,9,-1.222724,-1.221211,-1.223519
mobley_3201701,10,-1.323463,-1.322601,-1.322889
mobley_3201701,11,-0.558224,-0.556761,-0.557000
mobley_3201701,12,-0.542628,-0.541123,-0.541539
mobley_3201701,13,-1.337541,-1.337165,-1.337264
mobley_3201701,14,-0.423339,-0.421802,-0.422931
mobley_3201701,15,-0.426388,-0.424844,-0.425965
mobley_3201701,16,-0.918360,-0.916063,-0.916660
mobley_3201701,17,0.206294,0.205943,0.206027
mobley_3201701,18,0.257988,0.257290,0.257937
mobley_3201701,19,0.246033,0.245347,0.246034
mobley_3201701,20,0.342287,0.341357,0.342159
mobley_3201701,21,0.364916,0.363869,0.364874
mobley_3201701,22,0.349383,0.348453,0.349136
mobley_3201701,23,0.325114,0.324353,0.324803
mobley_3201701,24,0.377080,0.376030,0.376926
mobley_3201701,25,0.347093,0.346098,0.347123
mobley_3201701,26,0.408047,0.407014,0.407981
mobley_3201701,27,0.163808,0.163106,0.163851
mobley_3201701,28,0.416852,0.415637,0.416762
mobley_3201701,29,0.416095,0.414883,0.416006
mobley_3201701,30,0.174860,0.174136,0.174889
mobley_3201701,31,0.406551,0.405533,0.406482
mobley_3201701,32,0.032666,0.032113,0.032853
mobley_3201701,33,-0.132698,-0.132661,-0.132456
mobley_3201701,34,0.382300,0.381354,0.382108
mobley_3210206,0,-0.812639,-0.810586,-0.811144
mobley_3210206,1,-0.165363,-0.165560,-0.165892
mobley_3210206,2,-0.509118,-0.508015,-0.508299
mobley_3210206,3,0.446195,0.447562,0.449912
mobley_3210206,4,-1.353807,-1.353980,-1.353815
mobley_3210206,5,-0.284417,-0.283952,-0.280944
mobley_3210206,6,-0.281532,-0.281219,-0.278028
mobley_3210206,7,-0.015224,-0.014097,-0.011673
mobley_3210206,8,-1.353604,-1.353766,-1.353610
mobley_3210206,9,-0.284121,-0.283656,-0.280663
mobley_3210206,10,-0.069453,-0.068642,-0.066005
mobley_3210206,11,0.311856,0.311007,0.311665
mobley_3210206,12,0.366208,0.365389,0.365819
mobley_3210206,13,0.327449,0.326775,0.327048
mobley_3210206,14,0.069912,0.069906,0.070013
mobley_3210206,15,0.153201,0.152799,0.153149
mobley_3210206,16,-0.272920,-0.272182,-0.272794
mobley_3211679,0,-0.385144,-0.384185,-0.385266
mobley_3211679,1,-0.385144,-0.384185,-0.385267
mobley_3211679,2,-0.404050,-0.403054,-0.404091
mobley_3211679,3,-0.498563,-0.497885,-0.497729
mobley_3211679,4,-0.498564,-0.497885,-0.497729
mobley_3211679,5,-0.404048,-0.403052,-0.404089
mobley_3211679,6,0.072838,0.072777,0.072789
mobley_3211679,7,0.159904,0.159414,0.159871
mobley_3211679,8,0.159905,0.159416,0.159872
mobley_3211679,9,0.072838,0.072778,0.072789
mobley_3211679,10,0.061055,0.060993,0.061043
mobley_3211679,11,0.137419,0.136968,0.137420
mobley_3211679,12,-0.129869,-0.129267,-0.129780
mobley_3211679,13,-0.129870,-0.129268,-0.129781
mobley_3211679,14,0.061057,0.060994,0.061045
mobley_3211679,15,0.137420,0.136969,0.137421
mobley_3234716,0,-0.898545,-0.896207,-0.896822
mobley_3234716,1,0.046221,0.045282,0.045059
mobley_3234716,2,-0.516674,-0.515991,-0.515761
mobley_3234716,3,-0.516671,-0.515989,-0.515758
mobley_3234716,4,0.046219,0.045280,0.045058
mobley_3234716,5,-0.516675,-0.515993,-0.515763
mobley_3234716,6,-0.516673,-0.515990,-0.515760
mobley_3234716,7,-0.898547,-0.896209,-0.896824
mobley_3234716,8,0.273653,0.272958,0.273492
mobley_3234716,9,0.273658,0.272963,0.273498
mobley_3234716,10,0.311366,0.310445,0.311231
mobley_3234716,11,-0.109179,-0.108649,-0.109058
mobley_3234716,12,-0.109189,-0.108659,-0.109068
mobley_3234716,13,-0.109174,-0.108644,-0.109053
mobley_3234716,14,-0.109185,-0.108655,-0.109064
mobley_3234716,15,0.273657,0.272962,0.273497
mobley_3234716,16,0.273653,0.272959,0.273493
mobley_3234716,17,0.311367,0.310446,0.311232
mobley_3259411,0,-0.754455,-0.753004,-0.752674
mobley_3259411,1,-0.139876,-0.140013,-0.140451
mobley_3259411,2,-0.667436,-0.666173,-0.666023
mobley_3259411,3,-2.832956,-2.833552,-2.833873
mobley_3259411,4,-3.362425,-3.364288,-3.362700
mobley_3259411,5,-2.916739,-2.917350,-2.917759
mobley_3259411,6,0.197623,0.197285,0.197356
mobley_3259411,7,0.196236,0.195811,0.196005
mobley_3259411,8,0.066840,0.066955,0.066595
mobley_3259411,9,0.120254,0.120173,0.120049
mobley_3259411,10,0.291928,0.291165,0.291627
mobley_3259411,11,0.142504,0.143954,0.140390
mobley_3259411,12,0.180825,0.181878,0.178999
mobley_3259411,13,0.203535,0.204500,0.201704
mobley_3264884,0,-0.377263,-0.376897,-0.376985
mobley_3264884,1,-0.377479,-0.377113,-0.377199
mobley_3264884,2,-0.427689,-0.427173,-0.427226
mobley_3264884,3,-0.078007,-0.078645,-0.078662
mobley_3264884,4,-0.573183,-0.572458,-0.572146
mobley_3264884,5,0.204396,0.202902,0.203221
mobley_3264884,6,-0.520282,-0.519715,-0.519441
mobley_3264884,7,-0.408235,-0.407657,-0.407926
mobley_3264884,8,-0.099883,-0.100580,-0.100412
mobley_3264884,9,-0.431392,-0.430865,-0.430911
mobley_3264884,10,-1.405272,-1.407004,-1.406498
mobley_3264884,11,-0.147372,-0.146719,-0.147210
mobley_3264884,12,-0.147317,-0.146664,-0.147155
mobley_3264884,13,-0.170055,-0.169334,-0.169852
mobley_3264884,14,-0.240549,-0.239583,-0.240329
mobley_3264884,15,-0.239100,-0.238150,-0.238910
mobley_3264884,16,-0.170260,-0.169527,-0.170044
mobley_3264884,17,-0.167318,-0.166607,-0.167116
mobley_3264884,18,-1.432119,-1.428612,-1.432720
mobley_3264884,19,-1.435489,-1.431971,-1.436086
mobley_3265457,0,-0.941590,-0.939565,-0.939288
mobley_3265457,1,-1.177804,-1.178462,-1.176616
mobley_3265457,2,-0.217799,-0.218165,-0.217776
mobley_3265457,3,-0.489684,-0.489058,-0.488891
mobley_3265457,4,0.114673,0.113633,0.112864
mobley_3265457,5,0.426481,0.424611,0.422290
mobley_3265457,6,-0.228023,-0.228484,-0.228090
mobley_3265457,7,-0.319095,-0.319110,-0.318757
mobley_3265457,8,-2.960662,-2.961488,-2.961569
mobley_3265457,9,-0.210245,-0.211866,-0.208765
mobley_3265457,10,-0.914534,-0.912655,-0.912278
mobley_3265457,11,-1.102923,-1.102724,-1.102486
mobley_3265457,12,-0.223871,-0.223930,-0.224573
mobley_3265457,13,-1.123272,-1.123394,-1.122668
mobley_3265457,14,0.289439,0.288669,0.289288
mobley_3265457,15,0.169681,0.169301,0.169646
mobley_3265457,16,0.169944,0.169563,0.169910
mobley_3265457,17,-0.166708,-0.165823,-0.166676
mobley_3265457,18,0.052242,0.053767,0.050462
mobley_3265457,19,0.185003,0.184423,0.185094
mobley_3265457,20,0.290518,0.289706,0.290424
mobley_3265457,21,0.235712,0.235153,0.235613
mobley_3265457,22,-0.172948,-0.172042,-0.172709
mobley_3266352,0,-0.243388,-0.242130,-0.244619
mobley_3266352,1,-1.311505,-1.310238,-1.310794
mobley_3266352,2,-0.055704,-0.054945,-0.055993
mobley_3266352,3,0.121397,0.120227,0.118524
mobley_3266352,4,-0.166930,-0.166915,-0.166955
mobley_3266352,5,-0.166961,-0.166948,-0.166984
mobley_3266352,6,-0.167297,-0.167300,-0.167292
mobley_3266352,7,0.144804,0.143711,0.143008
mobley_3266352,8,-0.552037,-0.551255,-0.551164
mobley_3266352,9,-0.383286,-0.382878,-0.383014
mobley_3266352,10,-0.401299,-0.400937,-0.400915
mobley_3266352,11,-0.380634,-0.380235,-0.380381
mobley_3266352,12,-0.433265,-0.432714,-0.433105
mobley_3266352,13,0.293696,0.292913,0.293688
mobley_3266352,14,0.254980,0.254231,0.255772
mobley_3266352,15,0.217876,0.217209,0.217917
mobley_3266352,16,0.081789,0.081695,0.082736
mobley_3266352,17,0.178702,0.178284,0.179390
mobley_3266352,18,-0.363004,-0.361741,-0.362750
mobley_3266352,19,-0.151248,-0.150578,-0.151081
mobley_3266352,20,-0.146317,-0.145678,-0.146162
mobley_3266352,21,-0.150148,-0.149484,-0.149983
mobley_3266352,22,-0.316752,-0.315644,-0.316404
mobley_3269565,0,-0.889628,-0.887157,-0.888021
mobley_3269565,1,-0.156063,-0.156306,-0.156403
mobley_3269565,2,-0.876374,-0.873994,-0.874789
mobley_3269565,3,-1.338796,-1.339423,-1.337595
mobley_3269565,4,-0.988304,-0.986099,-0.985816
mobley_3269565,5,0.353843,0.353002,0.353440
mobley_3269565,6,0.284935,0.284376,0.284509
mobley_3269565,7,0.482836,0.481449,0.482386
mobley_3269565,8,0.097161,0.097075,0.097038
mobley_3269565,9,0.458549,0.457261,0.458147
mobley_3269565,10,0.311464,0.310803,0.311067
mobley_3269565,11,0.308729,0.307954,0.308451
mobley_3269565,12,0.325974,0.325045,0.325794
mobley_3269565,13,0.283520,0.282763,0.283356
mobley_3269565,14,0.277186,0.276474,0.276995
mobley_3269819,0,-0.343525,-0.343191,-0.343671
mobley_3269819,1,0.163275,0.162093,0.161019
mobley_3269819,2,-0.343468,-0.343133,-0.343614
mobley_3269819,3,0.625244,0.622617,0.620035
mobley_3269819,4,0.697255,0.694296,0.691552
mobley_3269819,5,0.625239,0.622612,0.620030
mobley_3269819,6,-1.084159,-1.083876,-1.083797
mobley_3269819,7,-1.023363,-1.022979,-1.022772
mobley_3269819,8,-1.084160,-1.083876,-1.083797
mobley_3269819,9,0.001913,0.001114,0.000581
mobley_3269819,10,-0.342286,-0.341992,-0.342408
mobley_3269819,11,0.620845,0.618239,0.615651
mobley_3269819,12,0.696396,0.693485,0.690676
mobley_3269819,13,0.706609,0.703720,0.700841
mobley_3269819,14,0.567498,0.565075,0.562529
mobley_3269819,15,-1.043532,-1.043163,-1.042976
mobley_3269819,16,-1.009708,-1.009317,-1.009063
mobley_3269819,17,-1.014715,-1.014326,-1.014090
mobley_3269819,18,-1.081592,-1.081306,-1.081218
mobley_3269819,19,-0.309592,-0.308327,-0.308925
mobley_3269819,20,-0.309635,-0.308370,-0.308967
mobley_3269819,21,-0.297379,-0.296101,-0.296768
mobley_3274817,0,-0.751206,-0.749098,-0.750136
mobley_3274817,1,-0.456235,-0.454970,-0.456145
mobley_3274817,2,-0.076904,-0.076954,-0.077900
mobley_3274817,3,-0.879220,-0.876772,-0.877647
mobley_3274817,4,-0.197429,-0.197369,-0.197873
mobley_3274817,5,-0.573156,-0.572437,-0.572013
mobley_3274817,6,0.501868,0.500451,0.499114
mobley_3274817,7,-0.529548,-0.529283,-0.528432
mobley_3274817,8,0.488282,0.486960,0.485503
mobley_3274817,9,-0.307690,-0.308265,-0.307003
mobley_3274817,10,-1.619893,-1.617051,-1.621073
mobley_3274817,11,-1.344458,-1.344322,-1.344275
mobley_3274817,12,-0.325145,-0.325282,-0.321394
mobley_3274817,13,-1.235798,-1.236345,-1.232933
mobley_3274817,14,-1.347737,-1.347685,-1.347648
mobley_3274817,15,-0.306452,-0.306463,-0.302733
mobley_3274817,16,-0.307963,-0.307992,-0.304257
mobley_3274817,17,0.287133,0.286423,0.286918
mobley_3274817,18,0.298356,0.297427,0.298267
mobley_3274817,19,0.323508,0.322621,0.323267
mobley_3274817,20,0.215601,0.215116,0.215407
mobley_3274817,21,0.176377,0.175918,0.176288
mobley_3274817,22,0.081990,0.081898,0.081966
mobley_3274817,23,0.304031,0.303241,0.303815
mobley_3274817,24,0.333066,0.332036,0.332932
mobley_3274817,25,0.263482,0.262774,0.263345
mobley_3274817,26,-0.408608,-0.407331,-0.408142
mobley_3274817,27,-0.336610,-0.335623,-0.336160
mobley_3274817,28,0.187833,0.189881,0.185051
mobley_3318135,0,-0.840113,-0.837902,-0.838597
mobley_3318135,1,-0.321978,-0.321255,-0.322231
mobley_3318135,2,-0.442540,-0.441617,-0.442183
mobley_3318135,3,-0.571538,-0.569939,-0.571005
mobley_3318135,4,-0.081553,-0.081962,-0.082190
mobley_3318135,5,-2.078414,-2.078021,-2.078678
mobley_3318135,6,-0.571542,-0.569942,-0.571009
mobley_3318135,7,-0.442527,-0.441605,-0.442171
mobley_3318135,8,-0.321981,-0.321259,-0.322234
mobley_3318135,9,-0.840116,-0.837905,-0.838600
mobley_3318135,10,0.412211,0.411048,0.411890
mobley_3318135,11,0.411307,0.410153,0.410990
mobley_3318135,12,0.279882,0.279203,0.279655
mobley_3318135,13,0.239580,0.239017,0.239296
mobley_3318135,14,0.200711,0.200257,0.200527
mobley_3318135,15,0.204214,0.203740,0.204040
mobley_3318135,16,0.293496,0.292746,0.293222
mobley_3318135,17,0.073921,0.074167,0.073523
mobley_3318135,18,0.293065,0.292454,0.292607
mobley_3318135,19,0.293055,0.292444,0.292597
mobley_3318135,20,0.073912,0.074158,0.073515
mobley_3318135,21,0.293481,0.292731,0.293207
mobley_3318135,22,0.204237,0.203764,0.204064
mobley_3318135,23,0.200710,0.200255,0.200526
mobley_3318135,24,0.239573,0.239010,0.239289
mobley_3318135,25,0.412205,0.411042,0.411884
mobley_3318135,26,0.411326,0.410172,0.411008
mobley_3318135,27,0.279889,0.279210,0.279662
mobley_3323117,0,-0.413739,-0.412796,-0.413612
mobley_3323117,1,-0.413735,-0.412792,-0.413609
mobley_3323117,2,-0.455678,-0.454303,-0.454993
mobley_3323117,3,-1.157925,-1.157143,-1.159699
mobley_3323117,4,-0.455677,-0.454302,-0.454993
mobley_3323117,5,-1.242094,-1.241358,-1.240059
mobley_3323117,6,-1.242096,-1.241360,-1.240061
mobley_3323117,7,0.167480,0.167072,0.167011
mobley_3323117,8,0.111856,0.111641,0.111771
mobley_3323117,9,0.167476,0.167068,0.167008
mobley_3323117,10,0.111855,0.111639,0.111769
mobley_3323117,11,0.099771,0.099887,0.099511
mobley_3323117,12,0.126711,0.126545,0.126636
mobley_3323117,13,0.099775,0.099892,0.099515
mobley_3323117,14,0.126709,0.126543,0.126634
mobley_3325209,0,-1.083993,-1.081935,-1.080674
mobley_3325209,1,-0.214086,-0.212896,-0.213326
mobley_3325209,2,-0.528642,-0.528989,-0.526302
mobley_3325209,3,0.017197,0.016805,0.015808
mobley_3325209,4,-0.496467,-0.496148,-0.495334
mobley_3325209,5,-0.377332,-0.376983,-0.377022
mobley_3325209,6,-0.398083,-0.397703,-0.397674
mobley_3325209,7,-0.376573,-0.376244,-0.376263
mobley_3325209,8,-0.541757,-0.541451,-0.540177
mobley_3325209,9,-0.680273,-0.678976,-0.680050
mobley_3325209,10,-0.969449,-0.967455,-0.966835
mobley_3325209,11,-0.680279,-0.678982,-0.680056
mobley_3325209,12,-0.969450,-0.967456,-0.966835
mobley_3325209,13,0.313585,0.312756,0.313398
mobley_3325209,14,0.236982,0.236481,0.236731
mobley_3325209,15,0.236984,0.236483,0.236733
mobley_3325209,16,-0.140602,-0.140025,-0.140389
mobley_3325209,17,-0.146877,-0.146226,-0.146716
mobley_3325209,18,-0.146057,-0.145418,-0.145900
mobley_3325209,19,-0.144599,-0.143961,-0.144444
mobley_3325209,20,-0.072363,-0.071570,-0.072796
mobley_3325209,21,0.183962,0.183483,0.183929
mobley_3325209,22,0.328316,0.327404,0.328137
mobley_3325209,23,0.187632,0.187043,0.187690
mobley_3325209,24,0.183960,0.183482,0.183928
mobley_3325209,25,0.187632,0.187043,0.187690
mobley_3325209,26,0.328316,0.327405,0.328137
mobley_3359593,0,-0.846039,-0.843814,-0.844504
mobley_3359593,1,-0.313833,-0.313021,-0.314278
mobley_3359593,2,-0.568424,-0.566981,-0.567816
mobley_3359593,3,-0.037394,-0.038001,-0.038239
mobley_3359593,4,-0.477375,-0.476769,-0.476647
mobley_3359593,5,-0.440191,-0.439585,-0.439722
mobley_3359593,6,-0.273463,-0.273790,-0.273149
mobley_3359593,7,-0.237734,-0.238086,-0.237571
mobley_3359593,8,-0.565672,-0.564695,-0.564692
mobley_3359593,9,-1.117912,-1.118673,-1.116479
mobley_3359593,10,-0.933751,-0.931733,-0.931493
mobley_3359593,11,-3.129602,-3.129773,-3.131591
mobley_3359593,12,0.413256,0.412091,0.412936
mobley_3359593,13,0.279476,0.278796,0.279250
mobley_3359593,14,0.413884,0.412715,0.413563
mobley_3359593,15,0.257059,0.256317,0.256909
mobley_3359593,16,0.256166,0.255405,0.256026
mobley_3359593,17,0.211162,0.210655,0.211017
mobley_3359593,18,0.204632,0.204141,0.204495
mobley_3359593,19,-0.112163,-0.111699,-0.112003
mobley_3359593,20,-0.121215,-0.120609,-0.121090
mobley_3359593,21,-0.143016,-0.142239,-0.143074
mobley_3359593,22,0.286645,0.285879,0.286500
mobley_3359593,23,0.173502,0.173104,0.173465
mobley_3359593,24,0.173055,0.172657,0.173017
mobley_3359593,25,-0.000509,0.001092,-0.002143
mobley_3370989,0,-0.857986,-0.855824,-0.855909
mobley_3370989,1,-0.166932,-0.167151,-0.168378
mobley_3370989,2,-0.167322,-0.167326,-0.167314
mobley_3370989,3,-0.167322,-0.167326,-0.167314
mobley_3370989,4,0.233419,0.232806,0.233864
mobley_3370989,5,0.391571,0.390538,0.391411
mobley_3370989,6,0.233420,0.232807,0.233865
mobley_3370989,7,-0.053845,-0.053556,-0.053565
mobley_337666,0,-0.159826,-0.160153,-0.159513
mobley_337666,1,-0.268435,-0.268849,-0.268894
mobley_337666,2,0.202151,0.200641,0.201364
mobley_337666,3,-1.465922,-1.466411,-1.468120
mobley_337666,4,-1.382160,-1.383175,-1.382885
mobley_337666,5,0.202167,0.200176,0.201787
mobley_337666,6,-2.025286,-2.026661,-2.026039
mobley_337666,7,-1.379651,-1.380592,-1.380314
mobley_337666,8,-0.167211,-0.167209,-0.167213
mobley_337666,9,-0.100618,-0.100154,-0.100135
mobley_337666,10,-1.966006,-1.961496,-1.966073
mobley_337666,11,-1.946207,-1.941621,-1.946340
mobley_3378420,0,-0.848998,-0.846739,-0.847466
mobley_3378420,1,-0.411937,-0.410884,-0.411935
mobley_3378420,2,-0.532617,-0.531244,-0.532117
mobley_3378420,3,-0.506320,-0.504941,-0.505965
mobley_3378420,4,-0.492924,-0.491603,-0.492609
mobley_3378420,5,-0.496826,-0.495495,-0.496493
mobley_3378420,6,-0.511113,-0.509764,-0.510717
mobley_3378420,7,-0.411151,-0.410002,-0.411248
mobley_3378420,8,-0.654644,-0.653461,-0.653223
mobley_3378420,9,-3.010392,-3.010280,-3.012353
mobley_3378420,10,0.372773,0.371704,0.372502
mobley_3378420,11,0.288295,0.287571,0.288059
mobley_3378420,12,0.408289,0.407095,0.407983
mobley_3378420,13,0.147953,0.147716,0.147791
mobley_3378420,14,0.273794,0.273106,0.273537
mobley_3378420,15,0.310551,0.309725,0.310265
mobley_3378420,16,0.208237,0.207750,0.208041
mobley_3378420,17,0.308760,0.307895,0.308490
mobley_3378420,18,0.325450,0.324506,0.325178
mobley_3378420,19,0.345796,0.344815,0.345514
mobley_3378420,20,0.326779,0.325886,0.326492
mobley_3378420,21,0.336715,0.335777,0.336428
mobley_3378420,22,0.339282,0.338332,0.338995
mobley_3378420,23,0.338478,0.337532,0.338185
mobley_3378420,24,0.342004,0.341039,0.341706
mobley_3378420,25,0.397264,0.396145,0.396894
mobley_3378420,26,0.299314,0.298592,0.298975
mobley_3378420,27,0.177676,0.177295,0.177541
mobley_3378420,28,0.272718,0.271960,0.272537
mobley_3378420,29,0.173312,0.174518,0.171349
mobley_3395921,0,-0.492316,-0.491370,-0.491683
mobley_3395921,1,-0.392773,-0.391726,-0.392930
mobley_3395921,2,-0.657995,-0.656858,-0.656523
mobley_3395921,3,-1.166546,-1.167117,-1.165260
mobley_3395921,4,-0.657997,-0.656859,-0.656524
mobley_3395921,5,-0.392775,-0.391729,-0.392933
mobley_3395921,6,0.064487,0.064464,0.064427
mobley_3395921,7,0.228495,0.227964,0.228217
mobley_3395921,8,0.079569,0.079625,0.079366
mobley_3395921,9,0.199756,0.199340,0.199484
mobley_3395921,10,0.055017,0.054976,0.055022
mobley_3395921,11,0.109537,0.109279,0.109526
mobley_3395921,12,0.109537,0.109279,0.109526
mobley_3395921,13,0.055016,0.054976,0.055021
mobley_3395921,14,0.199757,0.199341,0.199484
mobley_3395921,15,0.079569,0.079625,0.079366
mobley_3398536,0,-0.399628,-0.399257,-0.399217
mobley_3398536,1,-0.377043,-0.376695,-0.376746
mobley_3398536,2,-0.425957,-0.425592,-0.425415
mobley_3398536,3,-0.159780,-0.160245,-0.160094
mobley_3398536,4,-0.425955,-0.425590,-0.425413
mobley_3398536,5,-0.377041,-0.376693,-0.376744
mobley_3398536,6,0.000000,0.000000,0.000000
mobley_3398536,7,-0.144883,-0.144248,-0.144728
mobley_3398536,8,-0.147331,-0.146681,-0.147168
mobley_3398536,9,-0.121867,-0.121220,-0.121752
mobley_3398536,10,-0.121866,-0.121219,-0.121751
mobley_3398536,11,-0.147328,-0.146678,-0.147165
mobley_3414356,0,-0.832943,-0.830746,-0.831453
mobley_3414356,1,-0.390097,-0.389321,-0.389899
mobley_3414356,2,-0.691291,-0.689444,-0.690223
mobley_3414356,3,0.238827,0.237513,0.237050
mobley_3414356,4,-1.023840,-1.021089,-1.021667
mobley_3414356,5,-0.959425,-0.956802,-0.957518
mobley_3414356,6,-3.611155,-3.611181,-3.613602
mobley_3414356,7,0.420391,0.419188,0.420073
mobley_3414356,8,0.280096,0.279420,0.279867
mobley_3414356,9,0.399501,0.398392,0.399180
mobley_3414356,10,0.328759,0.327795,0.328477
mobley_3414356,11,0.203953,0.203531,0.203682
mobley_3414356,12,0.293380,0.292719,0.292978
mobley_3414356,13,0.260095,0.259552,0.259721
mobley_3414356,14,0.388376,0.387394,0.387968
mobley_3414356,15,0.369845,0.368817,0.369477
mobley_3414356,16,0.330940,0.330048,0.330672
mobley_3414356,17,0.330909,0.330092,0.330569
mobley_3414356,18,0.405280,0.404215,0.404857
mobley_3414356,19,0.417655,0.416518,0.417279
mobley_3414356,20,0.129393,0.130706,0.127480
mobley_3425174,0,-0.102789,-0.102884,-0.105591
mobley_3425174,1,-0.167218,-0.167218,-0.167220
mobley_3425174,2,-1.121874,-1.121700,-1.121571
mobley_3425174,3,0.136580,0.136243,0.136528
mobley_3425174,4,0.136580,0.136243,0.136528
mobley_3452749,0,-0.832156,-0.829915,-0.830736
mobley_3452749,1,-0.062172,-0.062782,-0.062876
mobley_3452749,2,-0.500968,-0.500347,-0.500116
mobley_3452749,3,-0.360916,-0.360545,-0.360713
mobley_3452749,4,-0.500968,-0.500348,-0.500117
mobley_3452749,5,-0.062169,-0.062780,-0.062873
mobley_3452749,6,-0.243179,-0.243336,-0.243129
mobley_3452749,7,-0.948414,-0.945800,-0.946559
mobley_3452749,8,-0.832149,-0.829907,-0.830728
mobley_3452749,9,0.301815,0.301057,0.301613
mobley_3452749,10,0.246899,0.246177,0.246823
mobley_3452749,11,0.148949,0.148544,0.148962
mobley_3452749,12,-0.140333,-0.139641,-0.140220
mobley_3452749,13,-0.150439,-0.149767,-0.150271
mobley_3452749,14,-0.140332,-0.139641,-0.140219
mobley_3452749,15,0.256426,0.255798,0.256269
mobley_3452749,16,0.256425,0.255796,0.256267
mobley_3452749,17,0.264098,0.263130,0.264118
mobley_3452749,18,0.148948,0.148542,0.148961
mobley_3452749,19,0.301816,0.301058,0.301614
mobley_3452749,20,0.246904,0.246183,0.246829
mobley_349850,0,-0.897818,-0.895480,-0.896099
mobley_349850,1,0.046593,0.045654,0.045429
mobley_349850,2,-0.514712,-0.514037,-0.513816
mobley_349850,3,-0.487316,-0.486587,-0.486599
mobley_349850,4,-0.160040,-0.160334,-0.160465
mobley_349850,5,-0.406113,-0.405818,-0.405509
mobley_349850,6,-0.513842,-0.513173,-0.512958
mobley_349850,7,-0.045401,-0.046043,-0.046142
mobley_349850,8,-1.690074,-1.690455,-1.689704
mobley_349850,9,-0.773268,-0.771051,-0.772212
mobley_349850,10,0.272815,0.272124,0.272656
mobley_349850,11,0.310717,0.309799,0.310582
mobley_349850,12,0.273862,0.273167,0.273701
mobley_349850,13,-0.109289,-0.108754,-0.109171
mobley_349850,14,-0.226464,-0.225553,-0.226234
mobley_349850,15,-0.150059,-0.149464,-0.149793
mobley_349850,16,-0.108845,-0.108313,-0.108725
mobley_349850,17,0.156914,0.156800,0.156586
mobley_349850,18,0.154945,0.154838,0.154617
mobley_349850,19,0.318144,0.317269,0.317993
mobley_3515580,0,-0.918441,-0.916423,-0.916279
mobley_3515580,1,-1.186443,-1.187256,-1.185040
mobley_3515580,2,-0.328607,-0.328793,-0.328038
mobley_3515580,3,-0.463262,-0.462534,-0.462719
mobley_3515580,4,-0.381373,-0.381011,-0.381051
mobley_3515580,5,-0.378746,-0.378407,-0.378431
mobley_3515580,6,-0.379324,-0.378889,-0.379104
mobley_3515580,7,-0.228443,-0.228871,-0.228306
mobley_3515580,8,-3.214842,-3.215102,-3.216870
mobley_3515580,9,0.172798,0.172407,0.172771
mobley_3515580,10,0.172802,0.172411,0.172775
mobley_3515580,11,0.288311,0.287526,0.288177
mobley_3515580,12,-0.182555,-0.181565,-0.182605
mobley_3515580,13,-0.149161,-0.148502,-0.149002
mobley_3515580,14,-0.147374,-0.146725,-0.147216
mobley_3515580,15,-0.161065,-0.160290,-0.160973
mobley_3515580,16,0.012970,0.014718,0.011172
mobley_352111,0,-0.822947,-0.820635,-0.821691
mobley_352111,1,-0.163769,-0.164366,-0.163756
mobley_352111,2,-1.585391,-1.585026,-1.585469
mobley_352111,3,-1.435915,-1.437129,-1.434184
mobley_352111,4,-0.500944,-0.500293,-0.499934
mobley_352111,5,-0.500943,-0.500292,-0.499933
mobley_352111,6,-1.435917,-1.437130,-1.434186
mobley_352111,7,-0.163770,-0.164367,-0.163756
mobley_352111,8,-1.585393,-1.585027,-1.585470
mobley_352111,9,-0.822946,-0.820635,-0.821690
mobley_352111,10,0.292616,0.292194,0.292042
mobley_352111,11,0.315896,0.315228,0.315510
mobley_352111,12,0.294067,0.293623,0.293509
mobley_352111,13,0.113312,0.113192,0.113134
mobley_352111,14,0.119696,0.119527,0.119634
mobley_352111,15,0.119696,0.119527,0.119634
mobley_352111,16,0.113313,0.113193,0.113135
mobley_352111,17,0.315896,0.315228,0.315510
mobley_352111,18,0.292615,0.292193,0.292042
mobley_352111,19,0.294069,0.293624,0.293510
mobley_3525176,0,-0.843137,-0.840913,-0.841603
mobley_3525176,1,-0.395791,-0.394780,-0.395854
mobley_3525176,2,-0.524632,-0.523286,-0.524176
mobley_3525176,3,-0.411507,-0.410380,-0.411571
mobley_3525176,4,-0.551814,-0.550368,-0.551292
mobley_3525176,5,-0.053609,-0.054222,-0.054362
mobley_3525176,6,-0.500995,-0.500365,-0.500150
mobley_3525176,7,-0.379749,-0.379384,-0.379433
mobley_3525176,8,-0.399314,-0.398944,-0.398911
mobley_3525176,9,-0.379749,-0.379384,-0.379433
mobley_3525176,10,-0.500994,-0.500365,-0.500149
mobley_3525176,11,0.412468,0.411303,0.412146
mobley_3525176,12,0.412470,0.411306,0.412148
mobley_3525176,13,0.280198,0.279517,0.279971
mobley_3525176,14,0.287226,0.286488,0.286962
mobley_3525176,15,0.287224,0.286485,0.286960
mobley_3525176,16,0.340322,0.339389,0.340019
mobley_3525176,17,0.340319,0.339386,0.340016
mobley_3525176,18,0.308377,0.307420,0.308208
mobley_3525176,19,0.308381,0.307425,0.308212
mobley_3525176,20,0.206738,0.206224,0.206617
mobley_3525176,21,0.206738,0.206224,0.206617
mobley_3525176,22,-0.111120,-0.110677,-0.110960
mobley_3525176,23,-0.147419,-0.146769,-0.147256
mobley_3525176,24,-0.146346,-0.145707,-0.146189
mobley_3525176,25,-0.147419,-0.146769,-0.147256
mobley_3525176,26,-0.111120,-0.110677,-0.110959
mobley_3546460,0,-0.843120,-0.840896,-0.841586
mobley_3546460,1,-0.396050,-0.395038,-0.396111
mobley_3546460,2,-0.520731,-0.519390,-0.520281
mobley_3546460,3,-0.518106,-0.517064,-0.517342
mobley_3546460,4,-0.410832,-0.409676,-0.410933
mobley_3546460,5,-0.661000,-0.659797,-0.659558
mobley_3546460,6,-3.050850,-3.050722,-3.052900
mobley_3546460,7,0.280204,0.279523,0.279977
mobley_3546460,8,0.412387,0.411223,0.412065
mobley_3546460,9,0.412532,0.411368,0.412210
mobley_3546460,10,0.286365,0.285631,0.286101
mobley_3546460,11,0.287900,0.287159,0.287636
mobley_3546460,12,0.336233,0.335316,0.335928
mobley_3546460,13,0.341402,0.340461,0.341097
mobley_3546460,14,0.402572,0.401453,0.402163
mobley_3546460,15,0.268921,0.268351,0.268532
mobley_3546460,16,0.272969,0.272369,0.272616
mobley_3546460,17,0.221910,0.221530,0.221561
mobley_3546460,18,0.275091,0.274324,0.274911
mobley_3546460,19,0.049213,0.049302,0.049163
mobley_3546460,20,0.139409,0.140685,0.137500
mobley_3572203,0,-0.842176,-0.839954,-0.840646
mobley_3572203,1,-0.395406,-0.394401,-0.395475
mobley_3572203,2,-0.497604,-0.496623,-0.496945
mobley_3572203,3,-0.412964,-0.411791,-0.413079
mobley_3572203,4,-0.640719,-0.639628,-0.639262
mobley_3572203,5,-1.127493,-1.127200,-1.126852
mobley_3572203,6,-0.254293,-0.254681,-0.253872
mobley_3572203,7,-2.087799,-2.087600,-2.088302
mobley_3572203,8,-0.371721,-0.370636,-0.372070
mobley_3572203,9,-0.770650,-0.768844,-0.769189
mobley_3572203,10,0.413272,0.412104,0.412950
mobley_3572203,11,0.411338,0.410178,0.411016
mobley_3572203,12,0.280284,0.279602,0.280057
mobley_3572203,13,0.289015,0.288272,0.288755
mobley_3572203,14,0.283795,0.283073,0.283532
mobley_3572203,15,0.336351,0.335492,0.335986
mobley_3572203,16,0.268020,0.267465,0.267634
mobley_3572203,17,0.295939,0.295219,0.295630
mobley_3572203,18,0.209679,0.209324,0.209357
mobley_3572203,19,0.188513,0.188103,0.188366
mobley_3572203,20,0.047212,0.047343,0.047124
mobley_3572203,21,0.173444,0.173374,0.172971
mobley_3572203,22,0.171972,0.171908,0.171497
mobley_3572203,23,0.352686,0.351917,0.352209
mobley_3572203,24,0.277923,0.277218,0.277729
mobley_3572203,25,0.352751,0.351983,0.352272
mobley_3573480,0,-0.843147,-0.840923,-0.841613
mobley_3573480,1,-0.396996,-0.395982,-0.397053
mobley_3573480,2,-0.527367,-0.526020,-0.526900
mobley_3573480,3,-0.423769,-0.422832,-0.423530
mobley_3573480,4,-0.590404,-0.588808,-0.589771
mobley_3573480,5,0.008936,0.008178,0.008004
mobley_3573480,6,-2.543527,-2.544334,-2.543681
mobley_3573480,7,-0.915213,-0.912726,-0.913498
mobley_3573480,8,0.280200,0.279519,0.279974
mobley_3573480,9,0.412464,0.411300,0.412143
mobley_3573480,10,0.412464,0.411300,0.412142
mobley_3573480,11,0.287499,0.286760,0.287235
mobley_3573480,12,0.287500,0.286761,0.287236
mobley_3573480,13,0.339635,0.338710,0.339334
mobley_3573480,14,0.339634,0.338709,0.339334
mobley_3573480,15,0.277219,0.276614,0.276848
mobley_3573480,16,0.277219,0.276614,0.276847
mobley_3573480,17,0.249911,0.249528,0.249402
mobley_3573480,18,0.249910,0.249527,0.249402
mobley_3573480,19,0.314366,0.313794,0.313832
mobley_3573480,20,0.297377,0.296594,0.297206
mobley_3573480,21,0.314362,0.313790,0.313828
mobley_3589456,0,-1.030150,-1.028255,-1.027072
mobley_3589456,1,-0.149030,-0.147998,-0.149385
mobley_3589456,2,-0.224902,-0.226150,-0.224053
mobley_3589456,3,-0.064305,-0.063768,-0.067135
mobley_3589456,4,-1.129938,-1.129897,-1.129530
mobley_3589456,5,-0.391184,-0.390532,-0.392066
mobley_3589456,6,-0.973553,-0.971486,-0.971023
mobley_3589456,7,-0.911247,-0.910477,-0.910989
mobley_3589456,8,-1.060375,-1.058229,-1.057340
mobley_3589456,9,0.251647,0.251004,0.251533
mobley_3589456,10,0.285459,0.284877,0.285034
mobley_3589456,11,0.298138,0.297333,0.297985
mobley_3589456,12,0.221729,0.221441,0.221096
mobley_3589456,13,0.171417,0.171319,0.170751
mobley_3589456,14,0.286930,0.286158,0.286805
mobley_3589456,15,0.052218,0.052445,0.052375
mobley_3589456,16,0.305055,0.304129,0.304968
mobley_3589456,17,0.315050,0.313931,0.315052
mobley_3589456,18,0.229408,0.228905,0.229207
mobley_3589456,19,0.297546,0.296750,0.297366
mobley_36119,0,-0.840039,-0.837823,-0.838518
mobley_36119,1,-0.403309,-0.402256,-0.403368
mobley_36119,2,-0.536608,-0.535223,-0.536093
mobley_36119,3,-0.512130,-0.510759,-0.511735
mobley_36119,4,-0.501202,-0.499844,-0.500884
mobley_36119,5,-0.469411,-0.468458,-0.468874
mobley_36119,6,-0.452029,-0.450817,-0.451933
mobley_36119,7,-0.664794,-0.663584,-0.663335
mobley_36119,8,-3.017821,-3.017691,-3.019834
mobley_36119,9,0.424165,0.422947,0.423844
mobley_36119,10,0.399444,0.398337,0.399124
mobley_36119,11,0.279740,0.279062,0.279512
mobley_36119,12,0.278756,0.278005,0.278510
mobley_36119,13,0.251327,0.250679,0.251104
mobley_36119,14,0.212489,0.212018,0.212277
mobley_36119,15,0.314456,0.313613,0.314168
mobley_36119,16,0.312059,0.311211,0.311788
mobley_36119,17,0.208878,0.208398,0.208687
mobley_36119,18,0.307809,0.306942,0.307563
mobley_36119,19,0.323369,0.322440,0.323103
mobley_36119,20,0.255965,0.255440,0.255583
mobley_36119,21,0.353454,0.352549,0.353064
mobley_36119,22,0.303369,0.302656,0.303018
mobley_36119,23,0.212826,0.212451,0.212490
mobley_36119,24,0.037252,0.037390,0.037205
mobley_36119,25,0.174525,0.174162,0.174388
mobley_36119,26,0.005346,0.007170,0.003484
mobley_3639400,0,-0.842384,-0.840161,-0.840853
mobley_3639400,1,-0.410160,-0.409138,-0.410192
mobley_3639400,2,-0.351286,-0.350498,-0.351701
mobley_3639400,3,-0.098975,-0.098786,-0.101371
mobley_3639400,4,-1.159400,-1.159266,-1.159318
mobley_3639400,5,0.280292,0.279611,0.280065
mobley_3639400,6,0.412223,0.411060,0.411902
mobley_3639400,7,0.412226,0.411063,0.411905
mobley_3639400,8,0.288608,0.287883,0.288355
mobley_3639400,9,0.288609,0.287884,0.288357
mobley_3639400,10,0.084757,0.084920,0.085032
mobley_3639400,11,0.084747,0.084910,0.085021
mobley_3639400,12,0.281967,0.281168,0.281647
mobley_3639400,13,0.281965,0.281167,0.281646
mobley_3663158,0,-0.377122,-0.376756,-0.376844
mobley_3663158,1,-0.377098,-0.376733,-0.376820
mobley_3663158,2,-0.427306,-0.426790,-0.426845
mobley_3663158,3,-0.077384,-0.078102,-0.077982
mobley_3663158,4,-0.435182,-0.434557,-0.434781
mobley_3663158,5,-0.204709,-0.205271,-0.204613
mobley_3663158,6,-0.454497,-0.453874,-0.453980
mobley_3663158,7,-0.410387,-0.409883,-0.410005
mobley_3663158,8,-0.100600,-0.101279,-0.101095
mobley_3663158,9,-0.430973,-0.430448,-0.430495
mobley_3663158,10,-3.221403,-3.221328,-3.223772
mobley_3663158,11,-0.147389,-0.146735,-0.147227
mobley_3663158,12,-0.147422,-0.146768,-0.147261
mobley_3663158,13,-0.169288,-0.168569,-0.169086
mobley_3663158,14,-0.178476,-0.177639,-0.178359
mobley_3663158,15,-0.122019,-0.121427,-0.121886
mobley_3663158,16,-0.168537,-0.167816,-0.168330
mobley_3663158,17,-0.166859,-0.166149,-0.166659
mobley_3663158,18,0.011977,0.013724,0.010193
mobley_3682850,0,-0.409406,-0.408323,-0.409464
mobley_3682850,1,-0.455066,-0.453979,-0.454855
mobley_3682850,2,-0.590295,-0.588822,-0.589606
mobley_3682850,3,0.019816,0.019024,0.018824
mobley_3682850,4,-1.922932,-1.923222,-1.922817
mobley_3682850,5,-0.590296,-0.588823,-0.589606
mobley_3682850,6,-0.455066,-0.453979,-0.454855
mobley_3682850,7,0.204982,0.204373,0.204888
mobley_3682850,8,0.204983,0.204374,0.204889
mobley_3682850,9,0.146396,0.145975,0.146361
mobley_3682850,10,0.092920,0.092778,0.092863
mobley_3682850,11,0.143475,0.143265,0.143167
mobley_3682850,12,0.069133,0.069087,0.069086
mobley_3682850,13,0.069133,0.069087,0.069086
mobley_3682850,14,0.143474,0.143263,0.143166
mobley_3682850,15,0.146396,0.145976,0.146362
mobley_3682850,16,0.092919,0.092778,0.092863
mobley_3686115,0,-0.760586,-0.758512,-0.759485
mobley_3686115,1,-0.538811,-0.538136,-0.537611
mobley_3686115,2,-1.254426,-1.254528,-1.253635
mobley_3686115,3,-0.369399,-0.369455,-0.368472
mobley_3686115,4,-0.789564,-0.787223,-0.788499
mobley_3686115,5,-1.332445,-1.332465,-1.331784
mobley_3686115,6,-0.560931,-0.559977,-0.559885
mobley_3686115,7,-0.760991,-0.758909,-0.759878
mobley_3686115,8,0.280121,0.279570,0.279754
mobley_3686115,9,0.394295,0.393275,0.393927
mobley_3686115,10,0.394854,0.393825,0.394483
mobley_3686115,11,0.221872,0.221305,0.221747
mobley_3686115,12,0.128073,0.128086,0.127747
mobley_3686115,13,0.047931,0.047919,0.047931
mobley_3686115,14,0.449030,0.447875,0.448528
mobley_3686115,15,0.244933,0.244592,0.244467
mobley_3686115,16,0.316708,0.316022,0.316316
mobley_3686115,17,0.140959,0.140774,0.140803
mobley_3686115,18,0.134515,0.134246,0.134432
mobley_3686115,19,0.395331,0.394295,0.394953
mobley_3686115,20,0.394561,0.393547,0.394182
mobley_3686115,21,0.280116,0.279564,0.279748
mobley_3690931,0,-0.848115,-0.845890,-0.846571
mobley_3690931,1,-0.322159,-0.321583,-0.322298
mobley_3690931,2,-0.496004,-0.494594,-0.495844
mobley_3690931,3,-0.229710,-0.230112,-0.229412
mobley_3690931,4,-2.037359,-2.037124,-2.037877
mobley_3690931,5,-1.092294,-1.092012,-1.091580
mobley_3690931,6,-0.660940,-0.659851,-0.659376
mobley_3690931,7,-0.313122,-0.312274,-0.313627
mobley_3690931,8,-0.853969,-0.851735,-0.852396
mobley_3690931,9,0.412398,0.411241,0.412081
mobley_3690931,10,0.279936,0.279254,0.279711
mobley_3690931,11,0.412399,0.411242,0.412082
mobley_3690931,12,0.229781,0.229404,0.229390
mobley_3690931,13,0.229782,0.229405,0.229391
mobley_3690931,14,0.220828,0.220577,0.220327
mobley_3690931,15,0.220830,0.220579,0.220329
mobley_3690931,16,0.182814,0.182453,0.182636
mobley_3690931,17,0.182814,0.182452,0.182636
mobley_3690931,18,0.275005,0.274363,0.274718
mobley_3690931,19,0.275005,0.274363,0.274719
mobley_3690931,20,0.281199,0.280510,0.280972
mobley_3690931,21,0.413672,0.412504,0.413349
mobley_3690931,22,0.413671,0.412503,0.413348
mobley_3709920,0,-0.840068,-0.837852,-0.838548
mobley_3709920,1,-0.404394,-0.403340,-0.404448
mobley_3709920,2,-0.534769,-0.533389,-0.534261
mobley_3709920,3,-0.509868,-0.508509,-0.509491
mobley_3709920,4,-0.435645,-0.434414,-0.435629
mobley_3709920,5,-0.468276,-0.467026,-0.468074
mobley_3709920,6,-0.524984,-0.523670,-0.524509
mobley_3709920,7,-0.355596,-0.355141,-0.355444
mobley_3709920,8,-0.808444,-0.806794,-0.806632
mobley_3709920,9,0.279737,0.279059,0.279509
mobley_3709920,10,0.399438,0.398331,0.399119
mobley_3709920,11,0.424179,0.422961,0.423858
mobley_3709920,12,0.279159,0.278405,0.278914
mobley_3709920,13,0.252508,0.251855,0.252286
mobley_3709920,14,0.212694,0.212223,0.212482
mobley_3709920,15,0.311931,0.311098,0.311644
mobley_3709920,16,0.304418,0.303602,0.304148
mobley_3709920,17,0.210941,0.210451,0.210759
mobley_3709920,18,0.221568,0.220970,0.221398
mobley_3709920,19,0.296542,0.295634,0.296335
mobley_3709920,20,0.283367,0.282597,0.283145
mobley_3709920,21,0.208924,0.208415,0.208761
mobley_3709920,22,0.065937,0.065903,0.065900
mobley_3709920,23,0.270845,0.270196,0.270589
mobley_3709920,24,0.053339,0.053325,0.053275
mobley_3709920,25,-0.025445,-0.025082,-0.025473
mobley_3709920,26,0.051689,0.051846,0.051573
mobley_3715043,0,-0.802274,-0.800065,-0.801023
mobley_3715043,1,0.020837,0.020073,0.019689
mobley_3715043,2,-0.476522,-0.475917,-0.475801
mobley_3715043,3,-0.476523,-0.475918,-0.475802
mobley_3715043,4,0.020835,0.020071,0.019688
mobley_3715043,5,-0.212398,-0.212698,-0.212463
mobley_3715043,6,-0.212397,-0.212696,-0.212462
mobley_3715043,7,-0.489252,-0.488516,-0.488565
mobley_3715043,8,-0.383108,-0.382727,-0.382802
mobley_3715043,9,-0.383109,-0.382728,-0.382803
mobley_3715043,10,-0.489252,-0.488516,-0.488565
mobley_3715043,11,-0.802284,-0.800076,-0.801033
mobley_3715043,12,0.150683,0.150276,0.150714
mobley_3715043,13,0.305886,0.305123,0.305685
mobley_3715043,14,0.150686,0.150279,0.150717
mobley_3715043,15,-0.144775,-0.144049,-0.144659
mobley_3715043,16,-0.144774,-0.144048,-0.144659
mobley_3715043,17,-0.215046,-0.214155,-0.214828
mobley_3715043,18,-0.149790,-0.149124,-0.149630
mobley_3715043,19,-0.149791,-0.149126,-0.149631
mobley_3715043,20,-0.215045,-0.214155,-0.214828
mobley_3715043,21,0.150681,0.150274,0.150713
mobley_3715043,22,0.150696,0.150289,0.150728
mobley_3715043,23,0.305893,0.305129,0.305691
mobley_3727287,0,-0.342808,-0.342368,-0.342802
mobley_3727287,1,-0.342808,-0.342368,-0.342802
mobley_3727287,2,-0.019386,-0.020216,-0.020166
mobley_3727287,3,-1.406276,-1.406271,-1.405904
mobley_3727287,4,-0.342808,-0.342368,-0.342802
mobley_3727287,5,-0.342808,-0.342368,-0.342802
mobley_3727287,6,-0.019386,-0.020216,-0.020165
mobley_3727287,7,-1.406276,-1.406271,-1.405904
mobley_3727287,8,-0.122925,-0.122331,-0.122795
mobley_3727287,9,-0.122925,-0.122331,-0.122795
mobley_3727287,10,-0.122925,-0.122331,-0.122795
mobley_3727287,11,-0.122925,-0.122331,-0.122795
mobley_3738859,0,-0.840844,-0.838625,-0.839319
mobley_3738859,1,-0.391453,-0.390456,-0.391540
mobley_3738859,2,-0.492610,-0.491430,-0.492191
mobley_3738859,3,-0.437708,-0.436685,-0.437366
mobley_3738859,4,-0.652105,-0.650653,-0.650962
mobley_3738859,5,0.000000,0.000000,0.000000
mobley_3738859,6,0.413858,0.412686,0.413536
mobley_3738859,7,0.410255,0.409100,0.409934
mobley_3738859,8,0.280412,0.279730,0.280185
mobley_3738859,9,0.282060,0.281346,0.281798
mobley_3738859,10,0.290291,0.289540,0.290033
mobley_3738859,11,0.259250,0.258613,0.259003
mobley_3738859,12,0.371720,0.370814,0.371084
mobley_3738859,13,0.349019,0.348212,0.348401
mobley_3738859,14,0.228057,0.227521,0.227852
mobley_3738859,15,0.213195,0.212680,0.213065
mobley_3738859,16,0.063168,0.063186,0.063154
mobley_3746675,0,-0.869658,-0.867316,-0.868089
mobley_3746675,1,0.022448,0.021727,0.021300
mobley_3746675,2,-0.848240,-0.846391,-0.846354
mobley_3746675,3,-0.208826,-0.209130,-0.208896
mobley_3746675,4,-0.428897,-0.428325,-0.428427
mobley_3746675,5,-0.379419,-0.379060,-0.379114
mobley_3746675,6,-0.399335,-0.398963,-0.398933
mobley_3746675,7,-0.380487,-0.380122,-0.380176
mobley_3746675,8,-0.487154,-0.486472,-0.486417
mobley_3746675,9,0.289788,0.288896,0.289691
mobley_3746675,10,0.302770,0.302012,0.302559
mobley_3746675,11,0.152173,0.151744,0.152199
mobley_3746675,12,-0.074124,-0.073694,-0.074038
mobley_3746675,13,-0.010259,-0.009915,-0.010296
mobley_3746675,14,-0.224368,-0.223539,-0.224102
mobley_3746675,15,-0.147613,-0.146960,-0.147451
mobley_3746675,16,-0.145734,-0.145097,-0.145579
mobley_3746675,17,-0.148215,-0.147560,-0.148053
mobley_3746675,18,-0.166834,-0.166184,-0.166631
mobley_3761215,0,-0.542479,-0.541241,-0.542700
mobley_3761215,1,1.497466,1.492865,1.486593
mobley_3761215,2,-1.047365,-1.047140,-1.046909
mobley_3761215,3,-1.047365,-1.047140,-1.046909
mobley_3761215,4,-1.047365,-1.047140,-1.046909
mobley_3761215,5,-0.129456,-0.128417,-0.128468
mobley_3761215,6,-0.129456,-0.128417,-0.128467
mobley_3761215,7,-0.129457,-0.128418,-0.128468
mobley_3762186,0,0.383495,0.382260,0.377847
mobley_3762186,1,-1.055349,-1.055105,-1.054805
mobley_3762186,2,-1.055349,-1.055105,-1.054805
mobley_3762186,3,0.234791,0.234117,0.234430
mobley_3762186,4,0.234791,0.234117,0.234430
mobley_3775790,0,-0.572501,-0.570803,-0.571470
mobley_3775790,1,-1.339492,-1.339174,-1.339234
mobley_3775790,2,-0.449449,-0.449203,-0.448177
mobley_3775790,3,-0.517338,-0.516751,-0.516515
mobley_3775790,4,-0.517339,-0.516753,-0.516516
mobley_3775790,5,-0.449451,-0.449204,-0.448179
mobley_3775790,6,0.295273,0.294371,0.295262
mobley_3775790,7,0.279377,0.278625,0.279340
mobley_3775790,8,0.279379,0.278626,0.279341
mobley_3775790,9,-0.014261,-0.014100,-0.014042
mobley_3775790,10,-0.233969,-0.233526,-0.233613
mobley_3775790,11,-0.233971,-0.233528,-0.233615
mobley_3775790,12,-0.014232,-0.014071,-0.014014
mobley_3777264,0,-0.351730,-0.351283,-0.351667
mobley_3777264,1,-0.538496,-0.537953,-0.537568
mobley_3777264,2,0.201174,0.199714,0.199976
mobley_3777264,3,-0.615357,-0.614848,-0.613968
mobley_3777264,4,0.468238,0.466838,0.465662
mobley_3777264,5,-0.471864,-0.471567,-0.471078
mobley_3777264,6,-1.348479,-1.348450,-1.348407
mobley_3777264,7,-0.322652,-0.322688,-0.318979
mobley_3777264,8,-0.330171,-0.330209,-0.326504
mobley_3777264,9,-1.405164,-1.406892,-1.406388
mobley_3777264,10,-0.149088,-0.148413,-0.148909
mobley_3777264,11,-0.233511,-0.232586,-0.233330
mobley_3777264,12,-0.332451,-0.331343,-0.332131
mobley_3777264,13,-0.276507,-0.275609,-0.276209
mobley_3777264,14,-1.426847,-1.423342,-1.427451
mobley_3777264,15,-1.427526,-1.424022,-1.428129
mobley_3802803,0,-0.843142,-0.840917,-0.841608
mobley_3802803,1,-0.396958,-0.395944,-0.397016
mobley_3802803,2,-0.524919,-0.523566,-0.524450
mobley_3802803,3,-0.504307,-0.502972,-0.503948
mobley_3802803,4,-0.405970,-0.404749,-0.406166
mobley_3802803,5,-0.714420,-0.713231,-0.712804
mobley_3802803,6,0.369735,0.370993,0.373580
mobley_3802803,7,-1.353885,-1.354061,-1.353895
mobley_3802803,8,-0.303292,-0.302973,-0.299807
mobley_3802803,9,-0.291271,-0.290830,-0.287829
mobley_3802803,10,0.412463,0.411299,0.412141
mobley_3802803,11,0.412469,0.411305,0.412148
mobley_3802803,12,0.280202,0.279521,0.279976
mobley_3802803,13,0.287306,0.286568,0.287042
mobley_3802803,14,0.287305,0.286566,0.287041
mobley_3802803,15,0.340580,0.339644,0.340274
mobley_3802803,16,0.340581,0.339645,0.340276
mobley_3802803,17,0.337176,0.336236,0.336889
mobley_3802803,18,0.337176,0.336236,0.336889
mobley_3802803,19,0.325737,0.324883,0.325479
mobley_3802803,20,0.325731,0.324876,0.325473
mobley_3802803,21,0.123983,0.123713,0.123962
mobley_3802803,22,0.123995,0.123726,0.123975
mobley_3843583,0,-0.378279,-0.377907,-0.377997
mobley_3843583,1,-0.378343,-0.377997,-0.378076
mobley_3843583,2,-0.108540,-0.108245,-0.109446
mobley_3843583,3,-0.188951,-0.189480,-0.189131
mobley_3843583,4,-0.080810,-0.081454,-0.081450
mobley_3843583,5,-0.427680,-0.427171,-0.427212
mobley_3843583,6,-0.426566,-0.426066,-0.426143
mobley_3843583,7,-0.352403,-0.351987,-0.352304
mobley_3843583,8,-0.518345,-0.517790,-0.517512
mobley_3843583,9,0.191734,0.190389,0.190576
mobley_3843583,10,-1.400034,-1.401590,-1.401154
mobley_3843583,11,-0.148447,-0.147789,-0.148285
mobley_3843583,12,-0.148230,-0.147572,-0.148073
mobley_3843583,13,-0.281079,-0.279999,-0.280838
mobley_3843583,14,-0.166550,-0.165830,-0.166357
mobley_3843583,15,-0.167002,-0.166279,-0.166809
mobley_3843583,16,-0.151507,-0.150825,-0.151331
mobley_3843583,17,-0.199199,-0.198325,-0.199029
mobley_3843583,18,-1.463765,-1.460174,-1.464324
mobley_3843583,19,-1.418366,-1.414896,-1.418974
mobley_3867265,0,-0.943351,-0.940848,-0.941498
mobley_3867265,1,0.110524,0.109417,0.109199
mobley_3867265,2,-2.406903,-2.407975,-2.406737
mobley_3867265,3,-0.943352,-0.940849,-0.941498
mobley_3867265,4,0.296098,0.295312,0.295917
mobley_3867265,5,0.316999,0.316424,0.316453
mobley_3867265,6,0.316997,0.316423,0.316452
mobley_3867265,7,0.316997,0.316422,0.316451
mobley_3867265,8,0.296098,0.295312,0.295918
mobley_3867265,9,0.316998,0.316423,0.316452
mobley_3968043,0,-0.460302,-0.459255,-0.460035
mobley_3968043,1,-0.460301,-0.459254,-0.460034
mobley_3968043,2,-0.587035,-0.585621,-0.586330
mobley_3968043,3,-0.134257,-0.134786,-0.134512
mobley_3968043,4,-2.057415,-2.057422,-2.057551
mobley_3968043,5,-0.587034,-0.585621,-0.586330
mobley_3968043,6,0.105437,0.105192,0.105409
mobley_3968043,7,0.223783,0.223202,0.223634
mobley_3968043,8,0.105436,0.105191,0.105409
mobley_3968043,9,0.223783,0.223202,0.223633
mobley_3968043,10,0.066420,0.066473,0.066253
mobley_3968043,11,0.114841,0.114799,0.114540
mobley_3968043,12,0.066420,0.066474,0.066253
mobley_3968043,13,0.114840,0.114798,0.114540
mobley_3968739,0,-0.969692,-0.967719,-0.967167
mobley_3968739,1,-0.742911,-0.742756,-0.742012
mobley_3968739,2,-0.330871,-0.331077,-0.330177
mobley_3968739,3,-1.199436,-1.198764,-1.199422
mobley_3968739,4,-0.019939,-0.020485,-0.021041
mobley_3968739,5,-0.424121,-0.423894,-0.423372
mobley_3968739,6,-0.376287,-0.375934,-0.376001
mobley_3968739,7,-0.397253,-0.396888,-0.396859
mobley_3968739,8,-0.376655,-0.376302,-0.376368
mobley_3968739,9,-0.419285,-0.418974,-0.418670
mobley_3968739,10,0.259725,0.259151,0.259506
mobley_3968739,11,0.259939,0.259229,0.259833
mobley_3968739,12,0.259720,0.259145,0.259500
mobley_3968739,13,-0.146383,-0.145781,-0.146163
mobley_3968739,14,-0.145535,-0.144889,-0.145374
mobley_3968739,15,-0.144644,-0.144009,-0.144490
mobley_3968739,16,-0.146654,-0.146003,-0.146493
mobley_3968739,17,-0.171413,-0.170824,-0.171108
mobley_3969312,0,-0.397229,-0.396867,-0.396834
mobley_3969312,1,-0.375474,-0.375120,-0.375191
mobley_3969312,2,-0.439870,-0.439629,-0.439040
mobley_3969312,3,-0.019993,-0.020693,-0.020969
mobley_3969312,4,-0.442421,-0.441939,-0.441826
mobley_3969312,5,-0.374567,-0.374212,-0.374283
mobley_3969312,6,-0.460163,-0.459622,-0.459437
mobley_3969312,7,-1.119995,-1.119918,-1.119370
mobley_3969312,8,-0.144416,-0.143782,-0.144262
mobley_3969312,9,-0.145251,-0.144607,-0.145089
mobley_3969312,10,-0.152900,-0.152254,-0.152706
mobley_3969312,11,-0.175740,-0.175008,-0.175545
mobley_3969312,12,-0.146048,-0.145401,-0.145886
mobley_3969312,13,-0.126209,-0.125533,-0.126101
mobley_397645,0,-0.759832,-0.757752,-0.758738
mobley_397645,1,-0.535725,-0.534972,-0.534689
mobley_397645,2,-1.053686,-1.053619,-1.052997
mobley_397645,3,-0.281353,-0.281630,-0.280890
mobley_397645,4,-1.165563,-1.164830,-1.165585
mobley_397645,5,-0.019647,-0.020199,-0.020754
mobley_397645,6,-0.419153,-0.418841,-0.418541
mobley_397645,7,-0.376652,-0.376299,-0.376364
mobley_397645,8,-0.397250,-0.396885,-0.396856
mobley_397645,9,-0.376275,-0.375922,-0.375989
mobley_397645,10,-0.424149,-0.423922,-0.423399
mobley_397645,11,0.393186,0.392173,0.392812
mobley_397645,12,0.280665,0.280108,0.280303
mobley_397645,13,0.393184,0.392171,0.392810
mobley_397645,14,0.139116,0.138934,0.138966
mobley_397645,15,0.139113,0.138931,0.138962
mobley_397645,16,-0.172394,-0.171793,-0.172092
mobley_397645,17,-0.146652,-0.146001,-0.146491
mobley_397645,18,-0.144646,-0.144012,-0.144492
mobley_397645,19,-0.145533,-0.144887,-0.145372
mobley_397645,20,-0.146356,-0.145754,-0.146136
mobley_3976574,0,-0.321486,-0.321351,-0.321579
mobley_3976574,1,-0.375668,-0.375178,-0.375558
mobley_3976574,2,-0.181783,-0.182314,-0.181951
mobley_3976574,3,-0.162513,-0.163055,-0.162792
mobley_3976574,4,-0.341001,-0.340698,-0.341145
mobley_3976574,5,0.540189,0.537791,0.535598
mobley_3976574,6,-1.152529,-1.152361,-1.152435
mobley_3976574,7,-0.556033,-0.557395,-0.555445
mobley_3976574,8,-0.069854,-0.070660,-0.070724
mobley_3976574,9,-0.069766,-0.070573,-0.070637
mobley_3976574,10,0.595013,0.592601,0.589813
mobley_3976574,11,0.705872,0.702970,0.700111
mobley_3976574,12,0.705888,0.702986,0.700127
mobley_3976574,13,0.595215,0.592803,0.590014
mobley_3976574,14,-1.064148,-1.063924,-1.063592
mobley_3976574,15,-1.010573,-1.010182,-1.009931
mobley_3976574,16,-1.010570,-1.010179,-1.009929
mobley_3976574,17,-1.064151,-1.063926,-1.063595
mobley_3976574,18,-0.561931,-0.563289,-0.561337
mobley_3976574,19,-0.333494,-0.332023,-0.332836
mobley_3976574,20,-0.129742,-0.129136,-0.129577
mobley_3976574,21,-0.319509,-0.318078,-0.318845
mobley_3980099,0,-0.358831,-0.358494,-0.358699
mobley_3980099,1,-0.337564,-0.337380,-0.337605
mobley_3980099,2,0.607134,0.604516,0.602040
mobley_3980099,3,0.698458,0.695493,0.692762
mobley_3980099,4,0.607133,0.604515,0.602040
mobley_3980099,5,-0.337564,-0.337380,-0.337604
mobley_3980099,6,-1.085539,-1.085258,-1.085184
mobley_3980099,7,-1.023780,-1.023396,-1.023191
mobley_3980099,8,-1.085539,-1.085258,-1.085185
mobley_3980099,9,-0.145456,-0.144801,-0.145291
mobley_3980099,10,-0.297882,-0.296538,-0.297317
mobley_3980099,11,-0.297881,-0.296537,-0.297317
mobley_3982371,0,-0.822107,-0.819794,-0.820853
mobley_3982371,1,-0.180216,-0.180867,-0.180074
mobley_3982371,2,-1.921170,-1.921273,-1.921310
mobley_3982371,3,-1.152371,-1.152557,-1.151559
mobley_3982371,4,-0.968608,-0.966621,-0.966071
mobley_3982371,5,0.293753,0.293316,0.293186
mobley_3982371,6,0.293753,0.293316,0.293186
mobley_3982371,7,0.315871,0.315204,0.315488
mobley_3982371,8,0.259539,0.258962,0.259313
mobley_3982371,9,0.262134,0.261410,0.262031
mobley_3982371,10,0.259540,0.258962,0.259314
mobley_3999471,0,-0.610802,-0.609333,-0.610561
mobley_3999471,1,0.770694,0.768307,0.763759
mobley_3999471,2,-1.103665,-1.103489,-1.103396
mobley_3999471,3,-1.103665,-1.103489,-1.103396
mobley_3999471,4,0.088647,0.088760,0.089040
mobley_3999471,5,-0.068869,-0.067993,-0.067972
mobley_3999471,6,0.088646,0.088760,0.089040
mobley_3999471,7,0.116816,0.116530,0.116509
mobley_4013838,0,-0.891481,-0.889354,-0.889524
mobley_4013838,1,0.034670,0.034596,0.032941
mobley_4013838,2,-0.941869,-0.939546,-0.939773
mobley_4013838,3,-0.350215,-0.350017,-0.349659
mobley_4013838,4,-2.474083,-2.474152,-2.474480
mobley_4013838,5,0.034670,0.034595,0.032940
mobley_4013838,6,-0.891480,-0.889354,-0.889524
mobley_4013838,7,-0.941869,-0.939547,-0.939773
mobley_4013838,8,0.313844,0.312996,0.313622
mobley_4013838,9,0.402202,0.401126,0.401824
mobley_4013838,10,0.284131,0.283691,0.283592
mobley_4013838,11,-0.058936,-0.058347,-0.059157
mobley_4013838,12,0.397984,0.397121,0.397382
mobley_4013838,13,0.215289,0.214731,0.215169
mobley_4013838,14,0.335170,0.334252,0.334931
mobley_4013838,15,-0.058936,-0.058348,-0.059157
mobley_4013838,16,0.284131,0.283692,0.283592
mobley_4013838,17,0.402201,0.401125,0.401823
mobley_4013838,18,0.313846,0.312998,0.313623
mobley_4013838,19,0.215291,0.214733,0.215171
mobley_4013838,20,0.335168,0.334250,0.334929
mobley_4013838,21,0.397983,0.397120,0.397381
mobley_4035953,0,-0.866003,-0.863957,-0.864179
mobley_4035953,1,-0.023172,-0.023869,-0.024110
mobley_4035953,2,-0.496217,-0.495631,-0.495363
mobley_4035953,3,-0.381972,-0.381597,-0.381652
mobley_4035953,4,-0.377768,-0.377433,-0.377463
mobley_4035953,5,-0.380851,-0.380389,-0.380625
mobley_4035953,6,-0.376123,-0.376299,-0.375260
mobley_4035953,7,-3.475170,-3.474863,-3.477910
mobley_4035953,8,0.240929,0.240523,0.240569
mobley_4035953,9,0.240932,0.240526,0.240573
mobley_4035953,10,0.288314,0.287577,0.288144
mobley_4035953,11,-0.159715,-0.158973,-0.159578
mobley_4035953,12,-0.146877,-0.146228,-0.146716
mobley_4035953,13,-0.148133,-0.147483,-0.147974
mobley_4035953,14,-0.161608,-0.160825,-0.161523
mobley_4035953,15,0.007256,0.009013,0.005473
mobley_4039055,0,-0.153287,-0.153717,-0.153032
mobley_4039055,1,-0.336108,-0.336413,-0.335571
mobley_4039055,2,0.201683,0.200076,0.200952
mobley_4039055,3,-1.798347,-1.799666,-1.797742
mobley_4039055,4,-1.382876,-1.383917,-1.383611
mobley_4039055,5,0.186007,0.184045,0.185705
mobley_4039055,6,-2.021470,-2.022838,-2.022222
mobley_4039055,7,-1.380712,-1.381690,-1.381391
mobley_4039055,8,0.000000,0.000000,0.000000
mobley_4039055,9,-0.061188,-0.060733,-0.061220
mobley_4039055,10,-1.970811,-1.966309,-1.970874
mobley_4039055,11,-1.952757,-1.948159,-1.952898
mobley_4043951,0,-0.843734,-0.841511,-0.842206
mobley_4043951,1,-0.372939,-0.371998,-0.373106
mobley_4043951,2,-0.539099,-0.537800,-0.538545
mobley_4043951,3,-0.355602,-0.355167,-0.355423
mobley_4043951,4,-0.778461,-0.776875,-0.776790
mobley_4043951,5,0.279737,0.279058,0.279511
mobley_4043951,6,0.415759,0.414582,0.415439
mobley_4043951,7,0.409094,0.407950,0.408779
mobley_4043951,8,0.248226,0.247603,0.248017
mobley_4043951,9,0.275684,0.274987,0.275431
mobley_4043951,10,0.204646,0.204132,0.204491
mobley_4043951,11,0.291385,0.290678,0.291102
mobley_4043951,12,0.056841,0.056850,0.056773
mobley_4043951,13,-0.023388,-0.023043,-0.023412
mobley_4043951,14,0.038762,0.038933,0.038673
mobley_4043987,0,-0.840716,-0.838497,-0.839191
mobley_4043987,1,-0.390140,-0.389145,-0.390229
mobley_4043987,2,-0.508524,-0.507134,-0.508163
mobley_4043987,3,-0.648019,-0.646332,-0.647050
mobley_4043987,4,0.051223,0.051020,0.049525
mobley_4043987,5,-0.942929,-0.940449,-0.940984
mobley_4043987,6,-0.960275,-0.957729,-0.958289
mobley_4043987,7,0.414305,0.413131,0.413983
mobley_4043987,8,0.280452,0.279771,0.280225
mobley_4043987,9,0.409666,0.408513,0.409345
mobley_4043987,10,0.272852,0.272178,0.272590
mobley_4043987,11,0.297669,0.296879,0.297411
mobley_4043987,12,0.315013,0.314137,0.314739
mobley_4043987,13,0.325636,0.324671,0.325375
mobley_4043987,14,0.282468,0.281726,0.282209
mobley_4043987,15,0.358483,0.357459,0.358171
mobley_4043987,16,0.117548,0.117406,0.117356
mobley_4043987,17,0.318754,0.317954,0.318483
mobley_4043987,18,0.495697,0.494176,0.495348
mobley_4043987,19,0.318917,0.318081,0.318661
mobley_4043987,20,0.305235,0.304384,0.305024
mobley_4043987,21,0.355789,0.354827,0.355498
mobley_4043987,22,0.454223,0.452818,0.453905
mobley_4059279,0,-0.488113,-0.486504,-0.487414
mobley_4059279,1,-1.302235,-1.300653,-1.301190
mobley_4059279,2,-0.066465,-0.066001,-0.067257
mobley_4059279,3,-0.066405,-0.065941,-0.067197
mobley_4059279,4,-1.302234,-1.300652,-1.301189
mobley_4059279,5,-0.066431,-0.065967,-0.067223
mobley_4059279,6,-0.066441,-0.065977,-0.067233
mobley_4059279,7,-0.488084,-0.486475,-0.487385
mobley_4059279,8,0.459278,0.458037,0.459060
mobley_4059279,9,0.435725,0.434477,0.435550
mobley_4059279,10,0.435730,0.434482,0.435555
mobley_4059279,11,0.112659,0.112246,0.112785
mobley_4059279,12,0.028867,0.028728,0.028894
mobley_4059279,13,0.028919,0.028781,0.028947
mobley_4059279,14,0.112675,0.112262,0.112802
mobley_4059279,15,0.112666,0.112253,0.112793
mobley_4059279,16,0.028850,0.028712,0.028877
mobley_4059279,17,0.112694,0.112281,0.112821
mobley_4059279,18,0.028810,0.028672,0.028837
mobley_4059279,19,0.435738,0.434489,0.435562
mobley_4059279,20,0.459290,0.458050,0.459072
mobley_4059279,21,0.435738,0.434489,0.435563
mobley_4149784,0,-0.321001,-0.320867,-0.321098
mobley_4149784,1,-0.375075,-0.374583,-0.374970
mobley_4149784,2,-0.180327,-0.180851,-0.180463
mobley_4149784,3,-0.161045,-0.161582,-0.161293
mobley_4149784,4,-0.340414,-0.340109,-0.340563
mobley_4149784,5,0.539710,0.537315,0.535121
mobley_4149784,6,-1.152595,-1.152427,-1.152501
mobley_4149784,7,-1.390719,-1.391947,-1.389114
mobley_4149784,8,-0.180328,-0.180853,-0.180465
mobley_4149784,9,-0.375075,-0.374584,-0.374971
mobley_4149784,10,-0.321000,-0.320866,-0.321097
mobley_4149784,11,0.539711,0.537317,0.535123
mobley_4149784,12,-0.340408,-0.340103,-0.340557
mobley_4149784,13,-0.161047,-0.161584,-0.161295
mobley_4149784,14,-1.390709,-1.391938,-1.389104
mobley_4149784,15,-1.152596,-1.152428,-1.152502
mobley_4149784,16,-0.333453,-0.331982,-0.332796
mobley_4149784,17,-0.129727,-0.129125,-0.129561
mobley_4149784,18,-0.319698,-0.318270,-0.319032
mobley_4149784,19,-0.129727,-0.129125,-0.129562
mobley_4149784,20,-0.333446,-0.331975,-0.332789
mobley_4149784,21,-0.319713,-0.318285,-0.319047
mobley_4177472,0,-0.907676,-0.905206,-0.905916
mobley_4177472,1,-0.028425,-0.028267,-0.029878
mobley_4177472,2,-0.924356,-0.921831,-0.922535
mobley_4177472,3,-0.362846,-0.361913,-0.362856
mobley_4177472,4,-0.912894,-0.910266,-0.911186
mobley_4177472,5,-0.067066,-0.066850,-0.068326
mobley_4177472,6,-0.883751,-0.881319,-0.882105
mobley_4177472,7,-1.004635,-1.001915,-1.002488
mobley_4177472,8,0.362213,0.361279,0.361899
mobley_4177472,9,0.321218,0.320320,0.320994
mobley_4177472,10,0.453686,0.452196,0.453424
mobley_4177472,11,0.094212,0.094091,0.094060
mobley_4177472,12,0.188516,0.187985,0.188446
mobley_4177472,13,0.423011,0.421618,0.422791
mobley_4177472,14,0.367947,0.367003,0.367631
mobley_4177472,15,0.055235,0.055318,0.055056
mobley_4177472,16,0.365709,0.364476,0.365523
mobley_4177472,17,0.382889,0.381716,0.382642
mobley_4177472,18,0.346781,0.345798,0.346536
mobley_4177472,19,0.006558,0.006785,0.006448
mobley_4177472,20,0.320090,0.319280,0.319824
mobley_4177472,21,0.402120,0.400931,0.401833
mobley_4177472,22,0.295466,0.294588,0.295288
mobley_4177472,23,0.205109,0.204456,0.205041
mobley_4177472,24,0.367061,0.366056,0.366770
mobley_4177472,25,0.417351,0.416059,0.417064
mobley_4188615,0,-0.540998,-0.539543,-0.539859
mobley_4188615,1,-1.325462,-1.324663,-1.324926
mobley_4188615,2,-0.500534,-0.498839,-0.499842
mobley_4188615,3,-0.172426,-0.173054,-0.171879
mobley_4188615,4,-1.674919,-1.675363,-1.675138
mobley_4188615,5,-0.046630,-0.047267,-0.047589
mobley_4188615,6,-0.141930,-0.141560,-0.142669
mobley_4188615,7,-0.377815,-0.377491,-0.377526
mobley_4188615,8,-0.396569,-0.396201,-0.396170
mobley_4188615,9,-0.374824,-0.374468,-0.374539
mobley_4188615,10,-0.427210,-0.426902,-0.426473
mobley_4188615,11,0.263034,0.262504,0.262786
mobley_4188615,12,0.366402,0.365365,0.366348
mobley_4188615,13,0.359483,0.358407,0.359392
mobley_4188615,14,0.373108,0.372000,0.373063
mobley_4188615,15,0.350641,0.349521,0.350605
mobley_4188615,16,0.369682,0.368555,0.369606
mobley_4188615,17,-0.416907,-0.416012,-0.416501
mobley_4188615,18,-0.144748,-0.144113,-0.144595
mobley_4188615,19,-0.144569,-0.143936,-0.144415
mobley_4188615,20,-0.144871,-0.144230,-0.144709
mobley_4188615,21,-0.141680,-0.140933,-0.141640
mobley_4193752,0,-0.394922,-0.394580,-0.394558
mobley_4193752,1,-0.373642,-0.373250,-0.373413
mobley_4193752,2,-0.469046,-0.468742,-0.468231
mobley_4193752,3,0.451311,0.449855,0.448881
mobley_4193752,4,-0.469046,-0.468742,-0.468231
mobley_4193752,5,-0.373643,-0.373251,-0.373414
mobley_4193752,6,-1.348725,-1.348704,-1.348658
mobley_4193752,7,-0.328420,-0.328453,-0.324753
mobley_4193752,8,-0.328417,-0.328449,-0.324750
mobley_4193752,9,-0.143793,-0.143160,-0.143640
mobley_4193752,10,-0.146067,-0.145415,-0.145903
mobley_4193752,11,-0.277719,-0.276819,-0.277420
mobley_4193752,12,-0.277719,-0.276819,-0.277420
mobley_4193752,13,-0.146068,-0.145416,-0.145904
mobley_4218209,0,-0.919497,-0.917480,-0.917319
mobley_4218209,1,-1.147182,-1.147554,-1.146153
mobley_4218209,2,-0.263799,-0.264226,-0.263460
mobley_4218209,3,-0.392512,-0.391927,-0.392309
mobley_4218209,4,-0.522563,-0.522023,-0.521678
mobley_4218209,5,0.176350,0.174872,0.175332
mobley_4218209,6,-0.523071,-0.522516,-0.522184
mobley_4218209,7,-0.465366,-0.464563,-0.464869
mobley_4218209,8,-1.405680,-1.407425,-1.406915
mobley_4218209,9,0.176873,0.176463,0.176840
mobley_4218209,10,0.173453,0.173053,0.173424
mobley_4218209,11,0.285917,0.285133,0.285785
mobley_4218209,12,-0.132800,-0.132242,-0.132592
mobley_4218209,13,-0.244379,-0.243422,-0.244187
mobley_4218209,14,-0.241330,-0.240377,-0.241140
mobley_4218209,15,-0.185936,-0.184919,-0.185990
mobley_4218209,16,-1.432543,-1.429036,-1.433142
mobley_4218209,17,-1.435268,-1.431755,-1.435866
mobley_4219614,0,-0.320423,-0.320241,-0.320580
mobley_4219614,1,-0.320423,-0.320242,-0.320581
mobley_4219614,2,0.604082,0.601470,0.598988
mobley_4219614,3,0.701642,0.698711,0.695905
mobley_4219614,4,0.701643,0.698711,0.695906
mobley_4219614,5,0.604082,0.601470,0.598988
mobley_4219614,6,-1.083563,-1.083280,-1.083200
mobley_4219614,7,-1.016706,-1.016318,-1.016089
mobley_4219614,8,-1.016706,-1.016318,-1.016089
mobley_4219614,9,-1.083563,-1.083280,-1.083200
mobley_4219614,10,-0.296765,-0.295415,-0.296200
mobley_4219614,11,-0.296765,-0.295416,-0.296200
mobley_4252724,0,-0.889865,-0.887465,-0.888192
mobley_4252724,1,0.144986,0.144563,0.142845
mobley_4252724,2,-0.946564,-0.944080,-0.944615
mobley_4252724,3,-0.700933,-0.699136,-0.699787
mobley_4252724,4,-0.035839,-0.036422,-0.036707
mobley_4252724,5,-0.514702,-0.513995,-0.513836
mobley_4252724,6,-0.380125,-0.379755,-0.379802
mobley_4252724,7,-0.399774,-0.399400,-0.399366
mobley_4252724,8,-0.378730,-0.378372,-0.378412
mobley_4252724,9,-0.519856,-0.519196,-0.518913
mobley_4252724,10,0.259530,0.258724,0.259446
mobley_4252724,11,0.348267,0.347331,0.347998
mobley_4252724,12,0.415419,0.414189,0.415124
mobley_4252724,13,0.028092,0.028143,0.028065
mobley_4252724,14,0.311553,0.310748,0.311300
mobley_4252724,15,0.323085,0.322263,0.322814
mobley_4252724,16,0.494996,0.493480,0.494651
mobley_4252724,17,0.151506,0.151137,0.151448
mobley_4252724,18,0.241502,0.240885,0.241327
mobley_4252724,19,-0.186455,-0.185819,-0.186190
mobley_4252724,20,-0.147404,-0.146754,-0.147242
mobley_4252724,21,-0.146397,-0.145758,-0.146240
mobley_4252724,22,-0.147375,-0.146727,-0.147215
mobley_4252724,23,-0.092242,-0.091771,-0.092155
mobley_4287564,0,-0.934622,-0.932331,-0.932797
mobley_4287564,1,0.137931,0.136517,0.136994
mobley_4287564,2,-0.623155,-0.622354,-0.621869
mobley_4287564,3,-0.217050,-0.216836,-0.217367
mobley_4287564,4,-0.473541,-0.473104,-0.472896
mobley_4287564,5,-0.273389,-0.273513,-0.272937
mobley_4287564,6,-1.355340,-1.355529,-1.355427
mobley_4287564,7,0.040110,0.039622,0.040234
mobley_4287564,8,0.040116,0.039628,0.040240
mobley_4287564,9,0.354240,0.353369,0.354057
mobley_4287564,10,-0.153801,-0.153515,-0.153499
mobley_4287564,11,-0.144625,-0.144009,-0.144413
mobley_4287564,12,-0.238991,-0.238334,-0.238670
mobley_4287564,13,-0.116183,-0.115755,-0.115866
mobley_4291494,0,-0.208985,-0.208792,-0.209368
mobley_4291494,1,-0.472024,-0.471603,-0.471393
mobley_4291494,2,-0.275127,-0.275244,-0.274704
mobley_4291494,3,-1.345943,-1.345827,-1.345836
mobley_4291494,4,0.616333,0.613444,0.612030
mobley_4291494,5,-0.416353,-0.416132,-0.416092
mobley_4291494,6,-1.137269,-1.137100,-1.137088
mobley_4291494,7,-0.142896,-0.142287,-0.142685
mobley_4291494,8,-0.236800,-0.236150,-0.236482
mobley_4291494,9,-0.116887,-0.116452,-0.116566
mobley_4291494,10,-0.438199,-0.436673,-0.437349
mobley_430089,0,-0.844542,-0.842321,-0.843018
mobley_430089,1,-0.314247,-0.313462,-0.314671
mobley_430089,2,-0.515835,-0.514608,-0.515387
mobley_430089,3,-0.122963,-0.123359,-0.123463
mobley_430089,4,-0.570028,-0.569171,-0.568952
mobley_430089,5,0.412615,0.411455,0.412299
mobley_430089,6,0.412618,0.411458,0.412302
mobley_430089,7,0.279848,0.279167,0.279622
mobley_430089,8,0.232131,0.231565,0.231943
mobley_430089,9,0.232130,0.231564,0.231942
mobley_430089,10,0.200920,0.200394,0.200802
mobley_430089,11,0.200923,0.200396,0.200805
mobley_430089,12,-0.126447,-0.125819,-0.126349
mobley_4305650,0,-0.716727,-0.714634,-0.715819
mobley_4305650,1,-0.365548,-0.364706,-0.365723
mobley_4305650,2,0.321319,0.319895,0.319911
mobley_4305650,3,-1.350316,-1.350326,-1.350308
mobley_4305650,4,0.330852,0.329820,0.330698
mobley_4305650,5,0.330853,0.329821,0.330699
mobley_4305650,6,0.272735,0.272053,0.272560
mobley_4305650,7,-0.071902,-0.071948,-0.071773
mobley_4305650,8,-0.071905,-0.071952,-0.071777
mobley_4338603,0,-0.534548,-0.533996,-0.533990
mobley_4338603,1,0.222325,0.220724,0.221228
mobley_4338603,2,-1.745673,-1.746371,-1.746062
mobley_4338603,3,-1.384963,-1.386075,-1.385742
mobley_4338603,4,0.204056,0.202083,0.203633
mobley_4338603,5,-2.024744,-2.026107,-2.025535
mobley_4338603,6,-1.384851,-1.385967,-1.385619
mobley_4338603,7,0.787143,0.783819,0.782197
mobley_4338603,8,-1.145012,-1.144861,-1.144878
mobley_4338603,9,-0.560610,-0.558992,-0.559563
mobley_4338603,10,-1.970603,-1.966094,-1.970690
mobley_4338603,11,-1.988583,-1.983833,-1.988624
mobley_4364398,0,-0.946193,-0.943845,-0.944236
mobley_4364398,1,0.000000,0.000000,0.000000
mobley_4364398,2,0.317248,0.316469,0.317006
mobley_4364398,3,0.317247,0.316469,0.317005
mobley_4364398,4,0.317248,0.316470,0.317006
mobley_4371692,0,-0.376763,-0.376407,-0.376490
mobley_4371692,1,-0.377186,-0.376830,-0.376911
mobley_4371692,2,-0.404561,-0.404268,-0.404026
mobley_4371692,3,-0.027349,-0.027961,-0.028378
mobley_4371692,4,-0.028566,-0.029199,-0.029595
mobley_4371692,5,-0.406267,-0.405987,-0.405703
mobley_4371692,6,0.243395,0.242550,0.241357
mobley_4371692,7,-1.320030,-1.320063,-1.319670
mobley_4371692,8,-0.101517,-0.101987,-0.102301
mobley_4371692,9,0.205110,0.203458,0.204141
mobley_4371692,10,-0.507368,-0.506832,-0.506593
mobley_4371692,11,-0.352473,-0.351968,-0.352479
mobley_4371692,12,-0.206417,-0.207203,-0.206109
mobley_4371692,13,-0.045674,-0.046047,-0.046787
mobley_4371692,14,-0.068135,-0.068939,-0.068574
mobley_4371692,15,-1.012737,-1.012648,-1.012063
mobley_4371692,16,-2.973276,-2.973099,-2.975407
mobley_4371692,17,-1.397261,-1.398734,-1.398316
mobley_4371692,18,-0.144472,-0.143830,-0.144312
mobley_4371692,19,-0.144426,-0.143783,-0.144265
mobley_4371692,20,-0.153314,-0.152714,-0.153035
mobley_4371692,21,-0.152708,-0.152106,-0.152451
mobley_4371692,22,-0.185957,-0.185122,-0.185785
mobley_4371692,23,-0.162617,-0.161846,-0.162477
mobley_4371692,24,0.028337,0.030052,0.026518
mobley_4371692,25,-1.441917,-1.438344,-1.442572
mobley_4371692,26,-1.296444,-1.292712,-1.297656
mobley_4375719,0,-0.843142,-0.840918,-0.841608
mobley_4375719,1,-0.396903,-0.395890,-0.396962
mobley_4375719,2,-0.521936,-0.520590,-0.521480
mobley_4375719,3,-0.496610,-0.495279,-0.496277
mobley_4375719,4,-0.492937,-0.491616,-0.492622
mobley_4375719,5,-0.506332,-0.504953,-0.505977
mobley_4375719,6,-0.532613,-0.531240,-0.532114
mobley_4375719,7,-0.411939,-0.410886,-0.411937
mobley_4375719,8,-0.848998,-0.846740,-0.847466
mobley_4375719,9,0.412465,0.411301,0.412143
mobley_4375719,10,0.280201,0.279520,0.279975
mobley_4375719,11,0.412472,0.411307,0.412150
mobley_4375719,12,0.287334,0.286595,0.287070
mobley_4375719,13,0.287274,0.286536,0.287010
mobley_4375719,14,0.339559,0.338627,0.339254
mobley_4375719,15,0.339223,0.338292,0.338918
mobley_4375719,16,0.335766,0.334833,0.335479
mobley_4375719,17,0.338977,0.338029,0.338690
mobley_4375719,18,0.326754,0.325862,0.326468
mobley_4375719,19,0.345834,0.344852,0.345552
mobley_4375719,20,0.308751,0.307887,0.308481
mobley_4375719,21,0.325454,0.324510,0.325182
mobley_4375719,22,0.310551,0.309725,0.310266
mobley_4375719,23,0.208232,0.207745,0.208036
mobley_4375719,24,0.147953,0.147715,0.147790
mobley_4375719,25,0.273793,0.273105,0.273536
mobley_4375719,26,0.408291,0.407097,0.407986
mobley_4375719,27,0.288295,0.287570,0.288059
mobley_4375719,28,0.372766,0.371697,0.372495
mobley_4395315,0,-0.672743,-0.670947,-0.672383
mobley_4395315,1,0.163393,0.162104,0.161518
mobley_4395315,2,-0.498091,-0.497411,-0.497360
mobley_4395315,3,-0.205842,-0.206408,-0.205734
mobley_4395315,4,-0.456292,-0.455680,-0.455786
mobley_4395315,5,-0.314199,-0.314025,-0.314308
mobley_4395315,6,0.343995,0.342130,0.340279
mobley_4395315,7,-1.160027,-1.159849,-1.159984
mobley_4395315,8,-3.221525,-3.221450,-3.223894
mobley_4395315,9,0.002765,0.003056,0.003317
mobley_4395315,10,0.002766,0.003056,0.003317
mobley_4395315,11,0.296708,0.295967,0.296551
mobley_4395315,12,-0.161618,-0.160772,-0.161576
mobley_4395315,13,-0.121397,-0.120809,-0.121265
mobley_4395315,14,-0.313513,-0.312107,-0.312906
mobley_4395315,15,0.013177,0.014920,0.011392
mobley_4434915,0,-0.408144,-0.407112,-0.409547
mobley_4434915,1,-1.113746,-1.113557,-1.113399
mobley_4434915,2,0.344716,0.343757,0.344357
mobley_4434915,3,0.344718,0.343759,0.344359
mobley_4434915,4,0.344717,0.343759,0.344358
mobley_4463913,0,-0.678354,-0.676518,-0.677445
mobley_4463913,1,-0.322253,-0.322741,-0.321219
mobley_4463913,2,-1.512166,-1.511806,-1.512266
mobley_4463913,3,-0.128879,-0.129589,-0.128987
mobley_4463913,4,-1.635449,-1.635058,-1.635582
mobley_4463913,5,-0.822240,-0.819932,-0.820991
mobley_4463913,6,-1.512185,-1.511824,-1.512284
mobley_4463913,7,-0.128877,-0.129588,-0.128986
mobley_4463913,8,-1.635401,-1.635010,-1.635534
mobley_4463913,9,-0.822248,-0.819939,-0.820998
mobley_4463913,10,0.402497,0.401439,0.402094
mobley_4463913,11,0.272830,0.272424,0.272304
mobley_4463913,12,0.272828,0.272421,0.272301
mobley_4463913,13,-0.002398,-0.002374,-0.002144
mobley_4463913,14,0.293032,0.292601,0.292458
mobley_4463913,15,0.316114,0.315445,0.315728
mobley_4463913,16,0.293661,0.293221,0.293107
mobley_4463913,17,0.293662,0.293222,0.293107
mobley_4463913,18,0.316119,0.315451,0.315734
mobley_4463913,19,0.293042,0.292611,0.292468
mobley_4465023,0,0.308039,0.306465,0.303907
mobley_4465023,1,0.308039,0.306464,0.303907
mobley_4465023,2,-1.081254,-1.080976,-1.080824
mobley_4465023,3,-1.081254,-1.080976,-1.080824
mobley_4465023,4,-0.043146,-0.042889,-0.043161
mobley_4465023,5,-0.043146,-0.042889,-0.043161
mobley_4479135,0,-0.759199,-0.757392,-0.757821
mobley_4479135,1,-0.133812,-0.134082,-0.134372
mobley_4479135,2,-0.093435,-0.093920,-0.094077
mobley_4479135,3,-0.435198,-0.434635,-0.434708
mobley_4479135,4,-0.378556,-0.378196,-0.378253
mobley_4479135,5,-0.398287,-0.397918,-0.397889
mobley_4479135,6,-0.378916,-0.378556,-0.378617
mobley_4479135,7,-0.384838,-0.384393,-0.384566
mobley_4479135,8,-0.093434,-0.093919,-0.094076
mobley_4479135,9,-0.435203,-0.434640,-0.434713
mobley_4479135,10,-0.378556,-0.378196,-0.378253
mobley_4479135,11,-0.398288,-0.397919,-0.397890
mobley_4479135,12,-0.378916,-0.378556,-0.378617
mobley_4479135,13,-0.384839,-0.384394,-0.384567
mobley_4479135,14,-0.049724,-0.049388,-0.049621
mobley_4479135,15,-0.049715,-0.049378,-0.049611
mobley_4479135,16,-0.217444,-0.216647,-0.217165
mobley_4479135,17,-0.147039,-0.146389,-0.146878
mobley_4479135,18,-0.145560,-0.144923,-0.145404
mobley_4479135,19,-0.147165,-0.146515,-0.147003
mobley_4479135,20,-0.230539,-0.229759,-0.230203
mobley_4479135,21,-0.217439,-0.216641,-0.217160
mobley_4479135,22,-0.147038,-0.146389,-0.146877
mobley_4479135,23,-0.145559,-0.144923,-0.145404
mobley_4479135,24,-0.147166,-0.146515,-0.147003
mobley_4479135,25,-0.230536,-0.229756,-0.230200
mobley_4483973,0,-0.397446,-0.397086,-0.397054
mobley_4483973,1,-0.370640,-0.370272,-0.370433
mobley_4483973,2,-0.456770,-0.456275,-0.455890
mobley_4483973,3,-0.110683,-0.111424,-0.111490
mobley_4483973,4,-0.456770,-0.456275,-0.455890
mobley_4483973,5,-0.370640,-0.370272,-0.370433
mobley_4483973,6,-0.167242,-0.167242,-0.167242
mobley_4483973,7,-0.144127,-0.143496,-0.143972
mobley_4483973,8,-0.144732,-0.144092,-0.144561
mobley_4483973,9,-0.136500,-0.135885,-0.136286
mobley_4483973,10,-0.136500,-0.135885,-0.136286
mobley_4483973,11,-0.144732,-0.144092,-0.144561
mobley_4494568,0,-0.898124,-0.895785,-0.896404
mobley_4494568,1,0.046387,0.045450,0.045231
mobley_4494568,2,-0.512994,-0.512331,-0.512104
mobley_4494568,3,-0.421708,-0.421329,-0.420997
mobley_4494568,4,-0.189990,-0.190555,-0.189889
mobley_4494568,5,-0.421708,-0.421329,-0.420997
mobley_4494568,6,-0.512992,-0.512329,-0.512101
mobley_4494568,7,0.000000,0.000000,0.000000
mobley_4494568,8,0.273450,0.272756,0.273289
mobley_4494568,9,0.273448,0.272755,0.273288
mobley_4494568,10,0.310465,0.309548,0.310330
mobley_4494568,11,-0.109318,-0.108788,-0.109197
mobley_4494568,12,-0.102068,-0.101418,-0.102255
mobley_4494568,13,-0.102068,-0.101419,-0.102255
mobley_4494568,14,-0.109325,-0.108794,-0.109203
mobley_4506634,0,0.049603,0.049002,0.047647
mobley_4506634,1,0.190393,0.188722,0.187349
mobley_4506634,2,-0.167080,-0.167073,-0.167093
mobley_4506634,3,-0.167133,-0.167128,-0.167141
mobley_4506634,4,-0.167335,-0.167339,-0.167326
mobley_4506634,5,-1.074140,-1.073838,-1.073981
mobley_4506634,6,0.000000,0.000000,0.000000
mobley_4506634,7,-0.115895,-0.115432,-0.115021
mobley_4553008,0,-0.321665,-0.321523,-0.321784
mobley_4553008,1,-0.321665,-0.321523,-0.321784
mobley_4553008,2,0.521328,0.518950,0.516823
mobley_4553008,3,-0.321665,-0.321523,-0.321784
mobley_4553008,4,-0.321665,-0.321523,-0.321784
mobley_4553008,5,0.521329,0.518951,0.516824
mobley_4553008,6,-1.152407,-1.152238,-1.152312
mobley_4553008,7,-1.152407,-1.152239,-1.152312
mobley_4553008,8,-0.335080,-0.333604,-0.334419
mobley_4553008,9,-0.335081,-0.333604,-0.334419
mobley_4553008,10,-0.335080,-0.333604,-0.334419
mobley_4553008,11,-0.335081,-0.333604,-0.334419
mobley_4561957,0,-0.952324,-0.949730,-0.950393
mobley_4561957,1,-0.104952,-0.104768,-0.105990
mobley_4561957,2,-0.914757,-0.912259,-0.912977
mobley_4561957,3,-0.104950,-0.104766,-0.105989
mobley_4561957,4,-0.914755,-0.912257,-0.912975
mobley_4561957,5,-0.952323,-0.949729,-0.950393
mobley_4561957,6,0.322954,0.321976,0.322743
mobley_4561957,7,0.356728,0.355745,0.356443
mobley_4561957,8,0.410068,0.408815,0.409769
mobley_4561957,9,0.027661,0.027853,0.027510
mobley_4561957,10,0.314577,0.313674,0.314357
mobley_4561957,11,0.409299,0.408080,0.409008
mobley_4561957,12,0.327967,0.327122,0.327700
mobley_4561957,13,0.027662,0.027854,0.027511
mobley_4561957,14,0.314577,0.313674,0.314357
mobley_4561957,15,0.409298,0.408078,0.409006
mobley_4561957,16,0.327965,0.327120,0.327699
mobley_4561957,17,0.322951,0.321973,0.322740
mobley_4561957,18,0.410067,0.408814,0.409769
mobley_4561957,19,0.356730,0.355748,0.356446
mobley_4584540,0,-0.934726,-0.932439,-0.932904
mobley_4584540,1,0.175268,0.173811,0.174152
mobley_4584540,2,-0.623364,-0.622555,-0.622093
mobley_4584540,3,-0.198607,-0.198394,-0.199021
mobley_4584540,4,-0.623364,-0.622555,-0.622093
mobley_4584540,5,0.175268,0.173811,0.174152
mobley_4584540,6,-1.365096,-1.365603,-1.365390
mobley_4584540,7,-0.934726,-0.932438,-0.932903
mobley_4584540,8,0.039964,0.039477,0.040088
mobley_4584540,9,0.354866,0.353993,0.354682
mobley_4584540,10,0.039967,0.039479,0.040090
mobley_4584540,11,-0.154353,-0.154065,-0.154051
mobley_4584540,12,-0.146087,-0.145459,-0.145868
mobley_4584540,13,-0.154353,-0.154064,-0.154051
mobley_4584540,14,0.039964,0.039477,0.040088
mobley_4584540,15,0.039965,0.039478,0.040089
mobley_4584540,16,0.354868,0.353994,0.354684
mobley_4587267,0,-0.645031,-0.644088,-0.643402
mobley_4587267,1,-0.316924,-0.316482,-0.316850
mobley_4587267,2,-0.388628,-0.388064,-0.388176
mobley_4587267,3,-0.315118,-0.314994,-0.314666
mobley_4587267,4,-0.215030,-0.215202,-0.214986
mobley_4587267,5,-0.652447,-0.651485,-0.650743
mobley_4587267,6,-3.084628,-3.085262,-3.085922
mobley_4587267,7,-3.044519,-3.045475,-3.045326
mobley_4587267,8,-3.236536,-3.237067,-3.237835
mobley_4587267,9,-3.016136,-3.016068,-3.017745
mobley_4587267,10,-3.053189,-3.052896,-3.054907
mobley_4587267,11,-2.828549,-2.828983,-2.829691
mobley_4587267,12,0.184977,0.184724,0.184667
mobley_4587267,13,0.211219,0.210865,0.210840
mobley_4587267,14,0.055743,0.055887,0.055459
mobley_4587267,15,0.165738,0.165481,0.165374
mobley_4587267,16,-0.076483,-0.075880,-0.076671
mobley_4587267,17,0.041135,0.041187,0.041010
mobley_4587267,18,0.205094,0.204774,0.204727
mobley_4587267,19,0.012978,0.013321,0.012674
mobley_4587267,20,0.188391,0.189370,0.186597
mobley_4587267,21,0.280247,0.281059,0.278187
mobley_4587267,22,0.126997,0.128254,0.125172
mobley_4587267,23,0.144584,0.146086,0.142359
mobley_4587267,24,0.193189,0.194231,0.191349
mobley_4587267,25,0.149016,0.150380,0.146956
mobley_4603202,0,-0.470974,-0.470332,-0.470470
mobley_4603202,1,-0.001487,-0.001502,-0.004393
mobley_4603202,2,-1.160121,-1.159989,-1.160043
mobley_4603202,3,-1.092444,-1.092633,-1.091504
mobley_4603202,4,-0.470974,-0.470333,-0.470471
mobley_4603202,5,-0.001486,-0.001502,-0.004393
mobley_4603202,6,-1.160120,-1.159989,-1.160043
mobley_4603202,7,-0.012902,-0.012449,-0.012468
mobley_4603202,8,-0.012896,-0.012443,-0.012462
mobley_4603202,9,0.270652,0.269986,0.270257
mobley_4603202,10,0.270652,0.269986,0.270257
mobley_4603202,11,-0.012895,-0.012442,-0.012461
mobley_4603202,12,-0.012904,-0.012450,-0.012469
mobley_4603202,13,0.270652,0.269986,0.270257
mobley_4603202,14,0.270652,0.269986,0.270256
mobley_4609460,0,-0.759800,-0.757721,-0.758707
mobley_4609460,1,-0.535780,-0.535029,-0.534744
mobley_4609460,2,-1.052792,-1.052725,-1.052103
mobley_4609460,3,-0.281241,-0.281518,-0.280778
mobley_4609460,4,-1.166475,-1.165740,-1.166498
mobley_4609460,5,-0.021083,-0.021627,-0.022191
mobley_4609460,6,-0.397448,-0.397169,-0.396937
mobley_4609460,7,-0.380247,-0.379794,-0.380040
mobley_4609460,8,-0.224809,-0.225367,-0.224599
mobley_4609460,9,-0.452912,-0.452305,-0.452391
mobley_4609460,10,-0.403822,-0.403617,-0.403168
mobley_4609460,11,-3.238366,-3.238284,-3.240745
mobley_4609460,12,0.280666,0.280110,0.280305
mobley_4609460,13,0.393171,0.392158,0.392797
mobley_4609460,14,0.393170,0.392158,0.392797
mobley_4609460,15,0.139127,0.138945,0.138976
mobley_4609460,16,0.139127,0.138944,0.138976
mobley_4609460,17,-0.173862,-0.173253,-0.173556
mobley_4609460,18,-0.161729,-0.160928,-0.161663
mobley_4609460,19,-0.120476,-0.119888,-0.120346
mobley_4609460,20,-0.147553,-0.146939,-0.147328
mobley_4609460,21,0.013413,0.015152,0.011627
mobley_4613090,0,-0.399364,-0.398993,-0.398960
mobley_4613090,1,-0.377630,-0.377286,-0.377345
mobley_4613090,2,-0.224330,-0.223804,-0.224760
mobley_4613090,3,-0.027154,-0.027939,-0.028142
mobley_4613090,4,-0.422252,-0.421623,-0.421817
mobley_4613090,5,-0.378983,-0.378623,-0.378674
mobley_4613090,6,-0.255384,-0.254397,-0.255520
mobley_4613090,7,-1.346067,-1.345956,-1.345966
mobley_4613090,8,-0.474555,-0.474322,-0.473308
mobley_4613090,9,-0.372452,-0.372350,-0.371680
mobley_4613090,10,-1.353138,-1.353259,-1.353190
mobley_4613090,11,-0.275866,-0.276172,-0.274837
mobley_4613090,12,-0.146215,-0.145576,-0.146059
mobley_4613090,13,-0.147192,-0.146541,-0.147030
mobley_4613090,14,-0.422827,-0.421947,-0.422344
mobley_4613090,15,-0.140257,-0.139707,-0.140055
mobley_4613090,16,-0.147324,-0.146673,-0.147163
mobley_4613090,17,0.112621,0.112297,0.112832
mobley_4613090,18,0.111414,0.111136,0.111616
mobley_4613090,19,-0.127648,-0.127458,-0.127236
mobley_4613090,20,-0.214290,-0.213894,-0.213820
mobley_4613090,21,-0.004934,-0.004919,-0.004462
mobley_4620651,0,-0.968732,-0.966750,-0.966207
mobley_4620651,1,-0.853328,-0.853211,-0.852368
mobley_4620651,2,-0.342360,-0.342606,-0.341545
mobley_4620651,3,-1.512461,-1.511403,-1.512880
mobley_4620651,4,-0.014053,-0.014016,-0.015649
mobley_4620651,5,-0.415776,-0.415017,-0.415479
mobley_4620651,6,-0.415774,-0.415015,-0.415477
mobley_4620651,7,0.260758,0.260181,0.260535
mobley_4620651,8,0.262169,0.261444,0.262065
mobley_4620651,9,0.260758,0.260181,0.260535
mobley_4620651,10,0.058767,0.058917,0.058567
mobley_4620651,11,0.108767,0.108666,0.108651
mobley_4620651,12,0.162061,0.161973,0.161680
mobley_4620651,13,0.162061,0.161973,0.161680
mobley_4620651,14,0.108766,0.108666,0.108651
mobley_4630641,0,-0.980861,-0.978740,-0.978370
mobley_4630641,1,-0.842363,-0.842712,-0.840882
mobley_4630641,2,-0.600983,-0.599873,-0.599838
mobley_4630641,3,-0.600983,-0.599873,-0.599838
mobley_4630641,4,-0.842361,-0.842711,-0.840880
mobley_4630641,5,-0.980860,-0.978738,-0.978369
mobley_4630641,6,0.272938,0.272233,0.272781
mobley_4630641,7,0.323777,0.322904,0.323569
mobley_4630641,8,0.323774,0.322901,0.323566
mobley_4630641,9,0.243116,0.242588,0.242857
mobley_4630641,10,0.243118,0.242590,0.242859
mobley_4630641,11,0.243117,0.242589,0.242858
mobley_4630641,12,0.243118,0.242590,0.242859
mobley_4630641,13,0.323774,0.322901,0.323566
mobley_4630641,14,0.323773,0.322900,0.323565
mobley_4630641,15,0.272938,0.272234,0.272782
mobley_4639255,0,-0.626819,-0.625722,-0.625552
mobley_4639255,1,-0.551187,-0.550242,-0.550248
mobley_4639255,2,-2.944157,-2.944970,-2.945120
mobley_4639255,3,-3.049591,-3.050474,-3.050634
mobley_4639255,4,0.151000,0.150782,0.150785
mobley_4639255,5,0.152740,0.152588,0.152499
mobley_4639255,6,0.177296,0.177006,0.177061
mobley_4639255,7,0.068798,0.068953,0.068595
mobley_4639255,8,0.060212,0.061840,0.058311
mobley_4639255,9,0.246397,0.247241,0.244520
mobley_4678740,0,-0.354539,-0.354223,-0.354421
mobley_4678740,1,-0.274662,-0.274363,-0.276001
mobley_4678740,2,-0.072038,-0.072655,-0.072150
mobley_4678740,3,-0.142121,-0.141909,-0.145305
mobley_4678740,4,-0.072035,-0.072652,-0.072147
mobley_4678740,5,-0.274664,-0.274365,-0.276003
mobley_4678740,6,-0.004887,-0.005791,-0.007284
mobley_4678740,7,-0.167281,-0.167284,-0.167277
mobley_4678740,8,-0.167225,-0.167224,-0.167225
mobley_4678740,9,-0.167224,-0.167223,-0.167224
mobley_4678740,10,-0.004892,-0.005796,-0.007289
mobley_4678740,11,-0.167281,-0.167284,-0.167277
mobley_4678740,12,-0.167225,-0.167224,-0.167225
mobley_4678740,13,-0.167224,-0.167223,-0.167224
mobley_4678740,14,-0.145393,-0.144736,-0.145229
mobley_4678740,15,-0.191529,-0.190829,-0.190970
mobley_4678740,16,-0.250985,-0.250194,-0.249866
mobley_4678740,17,-0.191523,-0.190824,-0.190965
mobley_4683624,0,-0.845913,-0.843688,-0.844379
mobley_4683624,1,-0.309804,-0.309001,-0.310267
mobley_4683624,2,-0.577847,-0.576383,-0.577199
mobley_4683624,3,-0.058166,-0.058762,-0.058907
mobley_4683624,4,-0.479518,-0.478912,-0.478773
mobley_4683624,5,-0.456884,-0.456262,-0.456330
mobley_4683624,6,-0.229061,-0.229612,-0.228831
mobley_4683624,7,-0.382714,-0.382251,-0.382480
mobley_4683624,8,-0.478423,-0.477830,-0.477681
mobley_4683624,9,-3.239128,-3.239044,-3.241508
mobley_4683624,10,0.279490,0.278811,0.279265
mobley_4683624,11,0.413548,0.412381,0.413228
mobley_4683624,12,0.413499,0.412332,0.413178
mobley_4683624,13,0.257523,0.256771,0.257376
mobley_4683624,14,0.257369,0.256619,0.257221
mobley_4683624,15,0.209369,0.208863,0.209230
mobley_4683624,16,0.208550,0.208045,0.208412
mobley_4683624,17,-0.112245,-0.111791,-0.112078
mobley_4683624,18,-0.122038,-0.121447,-0.121907
mobley_4683624,19,-0.162526,-0.161725,-0.162459
mobley_4683624,20,-0.112922,-0.112467,-0.112757
mobley_4683624,21,0.010658,0.012403,0.008875
mobley_4687447,0,-0.854067,-0.851833,-0.852493
mobley_4687447,1,-0.313356,-0.312504,-0.313835
mobley_4687447,2,-0.683397,-0.682159,-0.681826
mobley_4687447,3,-0.926807,-0.927867,-0.924447
mobley_4687447,4,-0.544678,-0.543694,-0.543769
mobley_4687447,5,-0.579925,-0.578888,-0.578881
mobley_4687447,6,-3.036921,-3.037754,-3.037971
mobley_4687447,7,0.414123,0.412952,0.413800
mobley_4687447,8,0.413914,0.412744,0.413591
mobley_4687447,9,0.281125,0.280436,0.280899
mobley_4687447,10,0.276123,0.275466,0.275822
mobley_4687447,11,0.274371,0.273734,0.274066
mobley_4687447,12,0.246440,0.245824,0.246246
mobley_4687447,13,0.248852,0.248204,0.248661
mobley_4687447,14,0.140296,0.140169,0.140061
mobley_4687447,15,0.254283,0.253677,0.254025
mobley_4687447,16,0.146775,0.146593,0.146576
mobley_4687447,17,0.148036,0.147838,0.147827
mobley_4687447,18,0.172349,0.173424,0.170535
mobley_468867,0,-0.338653,-0.338017,-0.338886
mobley_468867,1,-0.382481,-0.382027,-0.382428
mobley_468867,2,0.360070,0.359089,0.355730
mobley_468867,3,0.450369,0.449005,0.445838
mobley_468867,4,0.295665,0.294784,0.291980
mobley_468867,5,1.227574,1.223700,1.218700
mobley_468867,6,1.120940,1.116976,1.112635
mobley_468867,7,1.095737,1.091957,1.087485
mobley_468867,8,1.275059,1.271121,1.265888
mobley_468867,9,1.133849,1.130393,1.125008
mobley_468867,10,-1.035337,-1.034915,-1.034831
mobley_468867,11,-0.997152,-0.996694,-0.996451
mobley_468867,12,-1.075853,-1.075485,-1.075521
mobley_468867,13,-1.073389,-1.073049,-1.073017
mobley_468867,14,-1.050965,-1.050591,-1.050466
mobley_468867,15,-1.067907,-1.067521,-1.067529
mobley_468867,16,-1.143189,-1.143025,-1.143033
mobley_468867,17,-0.183525,-0.183014,-0.183079
mobley_468867,18,-0.340049,-0.338660,-0.339263
mobley_468867,19,-0.400950,-0.399625,-0.399792
mobley_468867,20,-0.588375,-0.586009,-0.587023
mobley_468867,21,-0.705619,-0.702943,-0.704067
mobley_4690963,0,-0.772477,-0.770305,-0.771364
mobley_4690963,1,-0.560936,-0.559982,-0.559892
mobley_4690963,2,-1.277251,-1.277717,-1.276099
mobley_4690963,3,-0.609435,-0.608249,-0.608290
mobley_4690963,4,-0.559763,-0.558700,-0.558815
mobley_4690963,5,-1.146341,-1.146778,-1.145063
mobley_4690963,6,-0.548793,-0.547878,-0.547794
mobley_4690963,7,-0.760056,-0.757981,-0.758951
mobley_4690963,8,0.290008,0.289409,0.289646
mobley_4690963,9,0.440167,0.438967,0.439743
mobley_4690963,10,0.354390,0.353603,0.353911
mobley_4690963,11,0.232748,0.232150,0.232598
mobley_4690963,12,0.152324,0.152028,0.152211
mobley_4690963,13,0.224160,0.223643,0.223948
mobley_4690963,14,0.190914,0.190578,0.190674
mobley_4690963,15,0.237394,0.236850,0.237162
mobley_4690963,16,0.237268,0.236724,0.237032
mobley_4690963,17,0.203938,0.203466,0.203784
mobley_4690963,18,0.204012,0.203540,0.203858
mobley_4690963,19,0.395114,0.394085,0.394738
mobley_4690963,20,0.395114,0.394085,0.394739
mobley_4690963,21,0.281183,0.280625,0.280818
mobley_4694328,0,-0.840037,-0.837821,-0.838517
mobley_4694328,1,-0.403275,-0.402223,-0.403335
mobley_4694328,2,-0.536647,-0.535263,-0.536132
mobley_4694328,3,-0.513225,-0.511851,-0.512826
mobley_4694328,4,-0.511839,-0.510462,-0.511483
mobley_4694328,5,-0.427532,-0.426649,-0.427239
mobley_4694328,6,-0.449932,-0.448708,-0.449871
mobley_4694328,7,-0.407813,-0.407366,-0.407279
mobley_4694328,8,-2.008600,-2.009037,-2.008475
mobley_4694328,9,0.399443,0.398336,0.399124
mobley_4694328,10,0.424167,0.422949,0.423846
mobley_4694328,11,0.279741,0.279063,0.279513
mobley_4694328,12,0.278750,0.277999,0.278504
mobley_4694328,13,0.251247,0.250600,0.251024
mobley_4694328,14,0.314529,0.313685,0.314240
mobley_4694328,15,0.212488,0.212017,0.212276
mobley_4694328,16,0.208715,0.208237,0.208525
mobley_4694328,17,0.313366,0.312513,0.313094
mobley_4694328,18,0.307750,0.306888,0.307502
mobley_4694328,19,0.327921,0.326978,0.327657
mobley_4694328,20,0.287505,0.286892,0.287088
mobley_4694328,21,0.266941,0.266423,0.266521
mobley_4694328,22,0.217438,0.217179,0.216958
mobley_4694328,23,0.213558,0.213316,0.213078
mobley_4694328,24,-0.107933,-0.107300,-0.107893
mobley_4699732,0,-0.641428,-0.639736,-0.641201
mobley_4699732,1,0.509576,0.507938,0.504721
mobley_4699732,2,-0.086562,-0.086505,-0.089149
mobley_4699732,3,-1.149917,-1.149754,-1.149798
mobley_4699732,4,-1.206832,-1.206774,-1.207020
mobley_4699732,5,0.115279,0.115242,0.115708
mobley_4699732,6,0.106912,0.107008,0.107220
mobley_4699732,7,0.103933,0.103964,0.104310
mobley_4699732,8,-0.111663,-0.110913,-0.111311
mobley_4699732,9,-0.029586,-0.029122,-0.029316
mobley_4699732,10,0.050525,0.050698,0.050817
mobley_4715906,0,-0.929144,-0.926490,-0.927377
mobley_4715906,1,-0.114372,-0.114128,-0.115396
mobley_4715906,2,-0.540475,-0.539056,-0.539963
mobley_4715906,3,-0.445001,-0.443837,-0.444894
mobley_4715906,4,-0.413613,-0.412514,-0.413630
mobley_4715906,5,-0.547879,-0.546418,-0.547353
mobley_4715906,6,-0.117439,-0.117198,-0.118444
mobley_4715906,7,-0.928114,-0.925566,-0.926300
mobley_4715906,8,0.232729,0.231859,0.232705
mobley_4715906,9,0.267530,0.266795,0.267359
mobley_4715906,10,0.329305,0.328411,0.329054
mobley_4715906,11,-0.102913,-0.102362,-0.102913
mobley_4715906,12,0.086661,0.086447,0.086645
mobley_4715906,13,0.119031,0.118857,0.118909
mobley_4715906,14,0.065344,0.065321,0.065273
mobley_4715906,15,0.160398,0.159899,0.160340
mobley_4715906,16,0.061687,0.061702,0.061624
mobley_4715906,17,0.178243,0.177726,0.178161
mobley_4715906,18,0.121288,0.121060,0.121182
mobley_4715906,19,0.159973,0.159463,0.159908
mobley_4715906,20,-0.076342,-0.075957,-0.076317
mobley_4715906,21,0.415652,0.414379,0.415395
mobley_4715906,22,0.327297,0.326418,0.327053
mobley_4715906,23,0.283062,0.282210,0.282921
mobley_4759887,0,-0.843132,-0.840908,-0.841597
mobley_4759887,1,-0.396850,-0.395837,-0.396909
mobley_4759887,2,-0.519275,-0.517936,-0.518829
mobley_4759887,3,-0.492594,-0.491277,-0.492285
mobley_4759887,4,-0.458496,-0.457316,-0.458307
mobley_4759887,5,-0.414870,-0.413858,-0.414853
mobley_4759887,6,-0.626415,-0.624906,-0.625536
mobley_4759887,7,0.000000,0.000000,0.000000
mobley_4759887,8,0.280198,0.279517,0.279971
mobley_4759887,9,0.412517,0.411353,0.412195
mobley_4759887,10,0.412430,0.411266,0.412108
mobley_4759887,11,0.287151,0.286413,0.286887
mobley_4759887,12,0.287423,0.286684,0.287159
mobley_4759887,13,0.337220,0.336298,0.336916
mobley_4759887,14,0.340734,0.339795,0.340430
mobley_4759887,15,0.340566,0.339613,0.340286
mobley_4759887,16,0.332653,0.331734,0.332367
mobley_4759887,17,0.253669,0.253036,0.253440
mobley_4759887,18,0.346273,0.345351,0.345968
mobley_4759887,19,0.333562,0.332743,0.333248
mobley_4759887,20,0.221392,0.220888,0.221187
mobley_4759887,21,0.242919,0.242364,0.242708
mobley_4759887,22,0.096238,0.096194,0.096139
mobley_4762983,0,-0.843120,-0.840896,-0.841586
mobley_4762983,1,-0.396021,-0.395009,-0.396083
mobley_4762983,2,-0.522483,-0.521138,-0.522033
mobley_4762983,3,-0.474727,-0.473463,-0.474494
mobley_4762983,4,-0.513036,-0.511754,-0.512609
mobley_4762983,5,-0.352829,-0.352403,-0.352662
mobley_4762983,6,-0.778891,-0.777304,-0.777217
mobley_4762983,7,0.412509,0.411344,0.412187
mobley_4762983,8,0.280203,0.279522,0.279976
mobley_4762983,9,0.412410,0.411246,0.412088
mobley_4762983,10,0.286827,0.286091,0.286564
mobley_4762983,11,0.287351,0.286612,0.287088
mobley_4762983,12,0.342287,0.341344,0.341985
mobley_4762983,13,0.336431,0.335518,0.336131
mobley_4762983,14,0.327253,0.326348,0.326976
mobley_4762983,15,0.298381,0.297557,0.298149
mobley_4762983,16,0.289067,0.288351,0.288801
mobley_4762983,17,0.202517,0.201995,0.202380
mobley_4762983,18,0.056052,0.056063,0.055983
mobley_4762983,19,0.038907,0.039077,0.038817
mobley_4762983,20,-0.023383,-0.023038,-0.023408
mobley_4780078,0,-0.894037,-0.891710,-0.892333
mobley_4780078,1,0.063596,0.062660,0.062349
mobley_4780078,2,-0.515020,-0.514360,-0.514118
mobley_4780078,3,-0.438590,-0.437960,-0.438133
mobley_4780078,4,-0.377419,-0.377586,-0.376567
mobley_4780078,5,0.066214,0.065366,0.064869
mobley_4780078,6,-0.630649,-0.629763,-0.629212
mobley_4780078,7,-0.841539,-0.839596,-0.839755
mobley_4780078,8,-3.491363,-3.491095,-3.494093
mobley_4780078,9,0.269862,0.269181,0.269706
mobley_4780078,10,0.275433,0.274736,0.275269
mobley_4780078,11,0.313101,0.312172,0.312966
mobley_4780078,12,-0.113481,-0.112934,-0.113360
mobley_4780078,13,-0.120124,-0.119552,-0.119963
mobley_4780078,14,-0.099791,-0.099231,-0.099721
mobley_4780078,15,0.212168,0.211927,0.211743
mobley_4780078,16,0.211660,0.211421,0.211236
mobley_4780078,17,0.303309,0.302558,0.303101
mobley_4780078,18,0.013150,0.014973,0.011300
mobley_4792268,0,-0.840057,-0.837846,-0.838542
mobley_4792268,1,-0.317314,-0.316565,-0.317631
mobley_4792268,2,-0.444982,-0.444101,-0.444570
mobley_4792268,3,-0.541402,-0.539902,-0.541032
mobley_4792268,4,-0.300258,-0.300557,-0.299671
mobley_4792268,5,-1.640763,-1.640221,-1.640972
mobley_4792268,6,-3.132509,-3.132012,-3.135080
mobley_4792268,7,0.279934,0.279255,0.279706
mobley_4792268,8,0.411392,0.410232,0.411071
mobley_4792268,9,0.412003,0.410846,0.411686
mobley_4792268,10,0.198680,0.198234,0.198502
mobley_4792268,11,0.242786,0.242276,0.242421
mobley_4792268,12,0.202378,0.201909,0.202206
mobley_4792268,13,0.296806,0.296104,0.296456
mobley_4792268,14,0.261077,0.260630,0.260640
mobley_4792268,15,0.100218,0.100545,0.099653
mobley_4792268,16,-0.004535,-0.002963,-0.006114
mobley_4845722,0,0.691125,0.688271,0.685414
mobley_4845722,1,0.691125,0.688271,0.685414
mobley_4845722,2,0.691125,0.688272,0.685415
mobley_4845722,3,0.691125,0.688271,0.685414
mobley_4845722,4,0.691125,0.688271,0.685415
mobley_4845722,5,0.691125,0.688271,0.685414
mobley_4845722,6,-1.004902,-1.004509,-1.004237
mobley_4845722,7,-1.004902,-1.004509,-1.004237
mobley_4845722,8,-1.004902,-1.004509,-1.004237
mobley_4845722,9,-1.004902,-1.004509,-1.004237
mobley_4845722,10,-1.004902,-1.004509,-1.004237
mobley_4845722,11,-1.004902,-1.004509,-1.004237
mobley_4850657,0,-0.561885,-0.559994,-0.561509
mobley_4850657,1,-1.132592,-1.131785,-1.134269
mobley_4850657,2,-0.838889,-0.838507,-0.837728
mobley_4850657,3,-0.838890,-0.838508,-0.837730
mobley_4850657,4,-1.201124,-1.201246,-1.201109
mobley_4850657,5,0.302109,0.301964,0.301333
mobley_4850657,6,0.121304,0.121478,0.121379
mobley_4850657,7,0.121305,0.121479,0.121380
mobley_486214,0,-0.939443,-0.937414,-0.937160
mobley_486214,1,-1.152585,-1.153310,-1.151265
mobley_486214,2,-0.237368,-0.237742,-0.237206
mobley_486214,3,-0.464960,-0.464242,-0.464408
mobley_486214,4,-0.360547,-0.360199,-0.360325
mobley_486214,5,-0.464653,-0.463915,-0.464113
mobley_486214,6,-0.315066,-0.315259,-0.314571
mobley_486214,7,-0.273529,-0.273734,-0.273302
mobley_486214,8,-3.120314,-3.120789,-3.122007
mobley_486214,9,-1.187527,-1.188397,-1.186079
mobley_486214,10,-0.918622,-0.916603,-0.916461
mobley_486214,11,0.173311,0.172916,0.173275
mobley_486214,12,0.287382,0.286615,0.287234
mobley_486214,13,0.173314,0.172919,0.173277
mobley_486214,14,-0.182185,-0.181184,-0.182259
mobley_486214,15,-0.152752,-0.152072,-0.152587
mobley_486214,16,-0.182392,-0.181402,-0.182442
mobley_486214,17,-0.001969,-0.000332,-0.003641
mobley_486214,18,0.172674,0.172282,0.172648
mobley_486214,19,0.172673,0.172281,0.172647
mobley_486214,20,0.287840,0.287056,0.287706
mobley_4883284,0,-0.399298,-0.398944,-0.398919
mobley_4883284,1,-0.376496,-0.376079,-0.376246
mobley_4883284,2,-0.540479,-0.539915,-0.539506
mobley_4883284,3,0.182611,0.181120,0.181576
mobley_4883284,4,-0.540479,-0.539915,-0.539505
mobley_4883284,5,-0.376496,-0.376080,-0.376246
mobley_4883284,6,-1.405646,-1.407390,-1.406881
mobley_4883284,7,-0.145611,-0.144975,-0.145455
mobley_4883284,8,-0.148873,-0.148214,-0.148703
mobley_4883284,9,-0.241293,-0.240351,-0.241106
mobley_4883284,10,-0.241292,-0.240351,-0.241106
mobley_4883284,11,-0.148874,-0.148215,-0.148703
mobley_4883284,12,-1.434870,-1.431358,-1.435467
mobley_4883284,13,-1.434871,-1.431358,-1.435468
mobley_4884177,0,-0.754050,-0.752036,-0.752935
mobley_4884177,1,-0.467758,-0.466566,-0.467599
mobley_4884177,2,-0.155951,-0.156485,-0.156314
mobley_4884177,3,-0.335936,-0.335455,-0.335726
mobley_4884177,4,-0.453826,-0.453398,-0.453270
mobley_4884177,5,-0.313323,-0.313396,-0.312698
mobley_4884177,6,-1.343963,-1.343778,-1.343811
mobley_4884177,7,-0.409945,-0.409766,-0.408890
mobley_4884177,8,0.381527,0.380384,0.381338
mobley_4884177,9,0.280239,0.279522,0.280039
mobley_4884177,10,0.384278,0.383106,0.384066
mobley_4884177,11,0.163042,0.162714,0.162977
mobley_4884177,12,0.156738,0.156427,0.156653
mobley_4884177,13,-0.111631,-0.111212,-0.111426
mobley_4884177,14,-0.240932,-0.240262,-0.240604
mobley_4884177,15,-0.117454,-0.117026,-0.117145
mobley_4884177,16,-0.089382,-0.089134,-0.089071
mobley_4893032,0,-0.842629,-0.840406,-0.841097
mobley_4893032,1,-0.398421,-0.397410,-0.398488
mobley_4893032,2,-0.394123,-0.392923,-0.394301
mobley_4893032,3,-0.465744,-0.464581,-0.465525
mobley_4893032,4,0.354384,0.352922,0.352817
mobley_4893032,5,-1.350686,-1.350709,-1.350686
mobley_4893032,6,0.280238,0.279557,0.280012
mobley_4893032,7,0.412463,0.411298,0.412141
mobley_4893032,8,0.412459,0.411295,0.412138
mobley_4893032,9,0.287454,0.286720,0.287196
mobley_4893032,10,0.287456,0.286722,0.287197
mobley_4893032,11,0.250780,0.249978,0.250655
mobley_4893032,12,0.250776,0.249973,0.250650
mobley_4893032,13,-0.025595,-0.025833,-0.025485
mobley_4893032,14,-0.025593,-0.025831,-0.025483
mobley_4924862,0,-0.963182,-0.960630,-0.961180
mobley_4924862,1,0.042399,0.042202,0.040733
mobley_4924862,2,-0.946229,-0.943741,-0.944272
mobley_4924862,3,-0.561291,-0.559771,-0.560774
mobley_4924862,4,-0.658611,-0.657477,-0.657063
mobley_4924862,5,-1.028875,-1.028829,-1.028056
mobley_4924862,6,-0.528354,-0.527890,-0.527098
mobley_4924862,7,-1.282415,-1.282062,-1.282258
mobley_4924862,8,0.456328,0.454917,0.456009
mobley_4924862,9,0.354113,0.353155,0.353825
mobley_4924862,10,0.304194,0.303357,0.303973
mobley_4924862,11,0.117357,0.117214,0.117167
mobley_4924862,12,0.318539,0.317737,0.318269
mobley_4924862,13,0.320728,0.319884,0.320472
mobley_4924862,14,0.495168,0.493651,0.494819
mobley_4924862,15,0.349990,0.349061,0.349635
mobley_4924862,16,0.255810,0.255161,0.255590
mobley_4924862,17,0.178788,0.178390,0.178629
mobley_4924862,18,0.155631,0.155365,0.155461
mobley_4924862,19,-0.121163,-0.120527,-0.121061
mobley_49274,0,-0.843120,-0.840896,-0.841586
mobley_49274,1,-0.396357,-0.395345,-0.396418
mobley_49274,2,-0.523345,-0.522002,-0.522898
mobley_49274,3,-0.415993,-0.414883,-0.416016
mobley_49274,4,-0.489684,-0.488475,-0.489363
mobley_49274,5,-0.120085,-0.120490,-0.120596
mobley_49274,6,-0.570722,-0.569865,-0.569643
mobley_49274,7,0.412454,0.411289,0.412132
mobley_49274,8,0.280205,0.279524,0.279979
mobley_49274,9,0.412453,0.411289,0.412131
mobley_49274,10,0.287269,0.286530,0.287005
mobley_49274,11,0.287269,0.286530,0.287005
mobley_49274,12,0.339499,0.338572,0.339200
mobley_49274,13,0.339497,0.338570,0.339198
mobley_49274,14,0.283073,0.282302,0.282862
mobley_49274,15,0.283072,0.282301,0.282862
mobley_49274,16,0.198673,0.198138,0.198573
mobley_49274,17,0.198672,0.198138,0.198572
mobley_49274,18,-0.126427,-0.125800,-0.126329
mobley_4934872,0,-0.761009,-0.758931,-0.759901
mobley_4934872,1,-0.537951,-0.537313,-0.536744
mobley_4934872,2,-0.961300,-0.960641,-0.960957
mobley_4934872,3,-0.562589,-0.562548,-0.560486
mobley_4934872,4,-0.544014,-0.542534,-0.543804
mobley_4934872,5,-0.574386,-0.573675,-0.573033
mobley_4934872,6,-0.759578,-0.757509,-0.758472
mobley_4934872,7,-1.130649,-1.129826,-1.130694
mobley_4934872,8,-0.182958,-0.183852,-0.182610
mobley_4934872,9,-0.413486,-0.412975,-0.413121
mobley_4934872,10,-0.379513,-0.379174,-0.379190
mobley_4934872,11,-0.400791,-0.400416,-0.400375
mobley_4934872,12,-0.378741,-0.378401,-0.378426
mobley_4934872,13,-0.400933,-0.400598,-0.400392
mobley_4934872,14,0.394595,0.393571,0.394225
mobley_4934872,15,0.393288,0.392268,0.392909
mobley_4934872,16,0.279846,0.279296,0.279479
mobley_4934872,17,0.119873,0.119896,0.119573
mobley_4934872,18,0.217189,0.216608,0.217107
mobley_4934872,19,-0.035161,-0.034936,-0.035006
mobley_4934872,20,0.200122,0.199882,0.199747
mobley_4934872,21,0.214435,0.213856,0.214335
mobley_4934872,22,0.411792,0.410737,0.411389
mobley_4934872,23,0.394576,0.393551,0.394207
mobley_4934872,24,0.279768,0.279219,0.279400
mobley_4934872,25,-0.123785,-0.123235,-0.123612
mobley_4934872,26,-0.146445,-0.145798,-0.146284
mobley_4934872,27,-0.145336,-0.144700,-0.145180
mobley_4934872,28,-0.149424,-0.148768,-0.149264
mobley_4934872,29,-0.106849,-0.106257,-0.106873
mobley_4936555,0,-0.824176,-0.821954,-0.822790
mobley_4936555,1,-0.057559,-0.058146,-0.058333
mobley_4936555,2,-0.499954,-0.499351,-0.499131
mobley_4936555,3,-0.359164,-0.358755,-0.359021
mobley_4936555,4,-0.495669,-0.494961,-0.495054
mobley_4936555,5,0.098920,0.097926,0.098113
mobley_4936555,6,-0.191602,-0.191979,-0.191845
mobley_4936555,7,-0.636679,-0.634437,-0.636095
mobley_4936555,8,-1.369142,-1.369732,-1.369564
mobley_4936555,9,0.216044,0.214472,0.215032
mobley_4936555,10,-0.460035,-0.459431,-0.459566
mobley_4936555,11,-0.377809,-0.377412,-0.377568
mobley_4936555,12,-0.376000,-0.375656,-0.375754
mobley_4936555,13,-0.403812,-0.403476,-0.403310
mobley_4936555,14,-0.149317,-0.149682,-0.149908
mobley_4936555,15,-0.009178,-0.009749,-0.009839
mobley_4936555,16,-0.950512,-0.949798,-0.950053
mobley_4936555,17,-2.860645,-2.860206,-2.863233
mobley_4936555,18,0.146558,0.146160,0.146573
mobley_4936555,19,0.251713,0.250978,0.251632
mobley_4936555,20,0.302677,0.301917,0.302475
mobley_4936555,21,-0.140279,-0.139587,-0.140166
mobley_4936555,22,-0.151711,-0.151034,-0.151543
mobley_4936555,23,-0.352514,-0.351353,-0.352179
mobley_4936555,24,0.293203,0.292487,0.293082
mobley_4936555,25,0.265350,0.264693,0.265230
mobley_4936555,26,0.012209,0.011639,0.012486
mobley_4936555,27,-1.653195,-1.648434,-1.654119
mobley_4936555,28,-0.343810,-0.342671,-0.343439
mobley_4936555,29,-0.147145,-0.146493,-0.146987
mobley_4936555,30,-0.146692,-0.146039,-0.146532
mobley_4936555,31,-0.128546,-0.128032,-0.128285
mobley_4936555,32,-0.004626,-0.003086,-0.006168
mobley_4964807,0,-0.914223,-0.911748,-0.912521
mobley_4964807,1,0.108187,0.107296,0.106682
mobley_4964807,2,-2.442923,-2.444427,-2.442574
mobley_4964807,3,-0.802763,-0.801283,-0.800917
mobley_4964807,4,0.317699,0.318359,0.321891
mobley_4964807,5,-1.353949,-1.354126,-1.353964
mobley_4964807,6,-0.276362,-0.275903,-0.272905
mobley_4964807,7,-0.311411,-0.311138,-0.307955
mobley_4964807,8,0.312729,0.312163,0.312194
mobley_4964807,9,0.312730,0.312165,0.312195
mobley_4964807,10,0.297570,0.296787,0.297397
mobley_4964807,11,0.045325,0.045591,0.045071
mobley_4964807,12,0.045328,0.045594,0.045074
mobley_4983965,0,-0.765874,-0.763712,-0.764572
mobley_4983965,1,-0.437407,-0.435924,-0.437074
mobley_4983965,2,-1.045326,-1.045559,-1.045587
mobley_4983965,3,-0.437406,-0.435923,-0.437073
mobley_4983965,4,-0.765873,-0.763711,-0.764571
mobley_4983965,5,0.356437,0.355307,0.355947
mobley_4983965,6,0.308879,0.308095,0.308639
mobley_4983965,7,0.282221,0.281208,0.281892
mobley_4983965,8,0.207344,0.206942,0.207231
mobley_4983965,9,0.155792,0.155477,0.155740
mobley_4983965,10,0.155790,0.155475,0.155738
mobley_4983965,11,0.207344,0.206943,0.207232
mobley_4983965,12,0.356440,0.355311,0.355950
mobley_4983965,13,0.308880,0.308096,0.308640
mobley_4983965,14,0.282222,0.281208,0.281892
mobley_5003962,0,-0.375771,-0.375417,-0.375502
mobley_5003962,1,-0.375798,-0.375445,-0.375529
mobley_5003962,2,-0.404910,-0.404648,-0.404336
mobley_5003962,3,-0.026019,-0.026626,-0.027051
mobley_5003962,4,-0.026337,-0.026943,-0.027367
mobley_5003962,5,-0.404994,-0.404733,-0.404418
mobley_5003962,6,-0.105094,-0.105563,-0.105654
mobley_5003962,7,-0.993768,-0.993389,-0.993368
mobley_5003962,8,-0.028221,-0.028838,-0.029282
mobley_5003962,9,-0.382927,-0.382613,-0.382518
mobley_5003962,10,-0.520356,-0.519798,-0.519518
mobley_5003962,11,0.196532,0.195036,0.195385
mobley_5003962,12,-0.549191,-0.548727,-0.548049
mobley_5003962,13,-0.005401,-0.005955,-0.006592
mobley_5003962,14,-0.100798,-0.101278,-0.101377
mobley_5003962,15,-0.984712,-0.984339,-0.984301
mobley_5003962,16,-1.405390,-1.407126,-1.406619
mobley_5003962,17,-0.144239,-0.143597,-0.144079
mobley_5003962,18,-0.144244,-0.143602,-0.144084
mobley_5003962,19,-0.151838,-0.151225,-0.151583
mobley_5003962,20,-0.151775,-0.151161,-0.151521
mobley_5003962,21,-0.155121,-0.154482,-0.154853
mobley_5003962,22,-0.236383,-0.235445,-0.236193
mobley_5003962,23,-0.232966,-0.232089,-0.232680
mobley_5003962,24,-1.425784,-1.422279,-1.426388
mobley_5003962,25,-1.429397,-1.425891,-1.430000
mobley_5006685,0,-0.943226,-0.940702,-0.941343
mobley_5006685,1,-0.036944,-0.037416,-0.037869
mobley_5006685,2,-0.844288,-0.842568,-0.842316
mobley_5006685,3,-0.167609,-0.167264,-0.168429
mobley_5006685,4,-0.413393,-0.412200,-0.413497
mobley_5006685,5,-0.401534,-0.400735,-0.401363
mobley_5006685,6,-0.124385,-0.124715,-0.124954
mobley_5006685,7,-0.505698,-0.504950,-0.504863
mobley_5006685,8,-0.436692,-0.435447,-0.436696
mobley_5006685,9,-0.511386,-0.510693,-0.510430
mobley_5006685,10,-1.476456,-1.476469,-1.476101
mobley_5006685,11,0.313008,0.312226,0.312758
mobley_5006685,12,0.239561,0.238822,0.239492
mobley_5006685,13,0.264689,0.263882,0.264587
mobley_5006685,14,-0.035706,-0.035312,-0.035732
mobley_5006685,15,-0.003519,-0.003179,-0.003592
mobley_5006685,16,-0.082773,-0.082341,-0.082700
mobley_5006685,17,0.129885,0.129395,0.129960
mobley_5006685,18,0.093194,0.092918,0.093216
mobley_5006685,19,0.040210,0.040341,0.039994
mobley_5006685,20,0.044424,0.044501,0.044360
mobley_5006685,21,-0.151739,-0.151036,-0.151628
mobley_5006685,22,0.070862,0.070600,0.070951
mobley_5006685,23,0.031825,0.031820,0.031873
mobley_5006685,24,-0.117584,-0.116911,-0.117510
mobley_5026370,0,-0.459703,-0.459104,-0.459215
mobley_5026370,1,-0.288201,-0.288296,-0.287705
mobley_5026370,2,-1.346004,-1.345890,-1.345896
mobley_5026370,3,-0.288201,-0.288296,-0.287705
mobley_5026370,4,-0.459703,-0.459104,-0.459215
mobley_5026370,5,0.085755,0.084859,0.084481
mobley_5026370,6,0.283908,0.282601,0.282570
mobley_5026370,7,-1.342411,-1.342161,-1.342239
mobley_5026370,8,-0.294765,-0.294139,-0.294277
mobley_5026370,9,-0.116115,-0.115681,-0.115800
mobley_5026370,10,-0.116115,-0.115681,-0.115800
mobley_5026370,11,-0.294764,-0.294138,-0.294277
mobley_5052949,0,-0.844995,-0.842781,-0.843469
mobley_5052949,1,-0.268581,-0.267843,-0.269087
mobley_5052949,2,-0.560905,-0.559091,-0.560071
mobley_5052949,3,-1.028771,-1.029102,-1.028896
mobley_5052949,4,-0.585290,-0.583480,-0.584321
mobley_5052949,5,-0.314493,-0.313588,-0.314805
mobley_5052949,6,-0.845835,-0.843616,-0.844300
mobley_5052949,7,0.278288,0.277613,0.278062
mobley_5052949,8,0.412785,0.411626,0.412463
mobley_5052949,9,0.411878,0.410723,0.411556
mobley_5052949,10,0.163008,0.162564,0.162640
mobley_5052949,11,0.163803,0.163354,0.163433
mobley_5052949,12,0.160849,0.160501,0.160804
mobley_5052949,13,0.226205,0.225659,0.226085
mobley_5052949,14,0.233709,0.233164,0.233588
mobley_5052949,15,0.257200,0.256621,0.257043
mobley_5052949,16,0.193857,0.193313,0.193440
mobley_5052949,17,0.144173,0.143722,0.143850
mobley_5052949,18,0.423339,0.422129,0.423010
mobley_5052949,19,0.403955,0.402835,0.403635
mobley_5052949,20,0.277693,0.277020,0.277467
mobley_5056289,0,-0.865434,-0.863075,-0.863899
mobley_5056289,1,-0.329767,-0.329683,-0.329308
mobley_5056289,2,-0.606142,-0.604631,-0.605380
mobley_5056289,3,-0.416551,-0.415460,-0.416602
mobley_5056289,4,-0.711736,-0.710500,-0.710005
mobley_5056289,5,-1.903747,-1.904642,-1.903006
mobley_5056289,6,0.310061,0.309343,0.309737
mobley_5056289,7,0.407292,0.406179,0.406923
mobley_5056289,8,0.370106,0.369177,0.369734
mobley_5056289,9,-0.011744,-0.011539,-0.011734
mobley_5056289,10,0.348945,0.348174,0.348409
mobley_5056289,11,0.127885,0.127692,0.127674
mobley_5056289,12,0.138167,0.138009,0.137925
mobley_5056289,13,0.253436,0.253040,0.252952
mobley_5056289,14,0.063029,0.062892,0.063104
mobley_5056289,15,0.115800,0.115512,0.115797
mobley_5063386,0,-0.374939,-0.374538,-0.374713
mobley_5063386,1,-0.375697,-0.375375,-0.375423
mobley_5063386,2,-0.449290,-0.448647,-0.448832
mobley_5063386,3,-0.268423,-0.269113,-0.267887
mobley_5063386,4,0.425045,0.423712,0.422643
mobley_5063386,5,-0.454704,-0.454403,-0.453977
mobley_5063386,6,-1.345404,-1.345298,-1.345241
mobley_5063386,7,-1.107416,-1.108067,-1.104285
mobley_5063386,8,-0.333040,-0.333157,-0.329328
mobley_5063386,9,-1.784056,-1.781179,-1.785332
mobley_5063386,10,-0.145672,-0.145019,-0.145508
mobley_5063386,11,-0.144526,-0.143884,-0.144368
mobley_5063386,12,-0.117739,-0.117185,-0.117572
mobley_5063386,13,-0.257876,-0.257018,-0.257571
mobley_5063386,14,0.125166,0.127277,0.122612
mobley_5072416,0,-0.923329,-0.921342,-0.921159
mobley_5072416,1,-0.520552,-0.520220,-0.518872
mobley_5072416,2,-0.381122,-0.381394,-0.380273
mobley_5072416,3,-0.460607,-0.459818,-0.460131
mobley_5072416,4,-0.378207,-0.377869,-0.377932
mobley_5072416,5,-0.376514,-0.376088,-0.376274
mobley_5072416,6,-0.525736,-0.525180,-0.524843
mobley_5072416,7,0.198316,0.196968,0.197104
mobley_5072416,8,-1.403340,-1.405019,-1.404516
mobley_5072416,9,0.188030,0.187591,0.187993
mobley_5072416,10,0.161014,0.160651,0.160996
mobley_5072416,11,0.285391,0.284626,0.285259
mobley_5072416,12,-0.180942,-0.179954,-0.180991
mobley_5072416,13,-0.149448,-0.148788,-0.149287
mobley_5072416,14,-0.148159,-0.147501,-0.147990
mobley_5072416,15,-0.222697,-0.221798,-0.222514
mobley_5072416,16,-1.456570,-1.453013,-1.457161
mobley_5072416,17,-1.392661,-1.389368,-1.393152
mobley_5076071,0,-0.843554,-0.841416,-0.842135
mobley_5076071,1,0.239913,0.240088,0.237866
mobley_5076071,2,-1.298962,-1.297273,-1.297819
mobley_5076071,3,0.242482,0.242831,0.240173
mobley_5076071,4,-0.759211,-0.757178,-0.758219
mobley_5076071,5,-0.101518,-0.102925,-0.100784
mobley_5076071,6,0.236739,0.235793,0.234947
mobley_5076071,7,-0.345501,-0.345423,-0.346240
mobley_5076071,8,-0.178006,-0.178322,-0.177870
mobley_5076071,9,0.300776,0.298890,0.298221
mobley_5076071,10,0.139377,0.138512,0.138042
mobley_5076071,11,-1.312936,-1.311721,-1.312090
mobley_5076071,12,0.884216,0.888250,0.887906
mobley_5076071,13,0.660052,0.664251,0.663409
mobley_5076071,14,-1.373536,-1.374228,-1.374091
mobley_5076071,15,0.350762,0.349464,0.346837
mobley_5076071,16,-0.167231,-0.167230,-0.167230
mobley_5076071,17,-0.167248,-0.167248,-0.167247
mobley_5076071,18,-0.167221,-0.167220,-0.167222
mobley_5076071,19,-1.326386,-1.325596,-1.325843
mobley_5076071,20,-0.421861,-0.420898,-0.418896
mobley_5076071,21,-0.155968,-0.153793,-0.153079
mobley_5076071,22,0.166285,0.165671,0.166072
mobley_5076071,23,0.203297,0.202609,0.203236
mobley_5076071,24,0.096737,0.096444,0.096626
mobley_5076071,25,0.055572,0.055523,0.055420
mobley_5076071,26,-0.127461,-0.127446,-0.127177
mobley_5076071,27,0.056262,0.056252,0.056282
mobley_5076071,28,0.207514,0.207084,0.207541
mobley_5076071,29,0.210152,0.209435,0.210096
mobley_5076071,30,0.026191,0.025852,0.026324
mobley_5076071,31,0.028485,0.028292,0.028251
mobley_5076071,32,-0.170634,-0.169509,-0.170512
mobley_5076071,33,-1.325566,-1.322221,-1.326027
mobley_5076071,34,-1.539433,-1.535891,-1.538189
mobley_5079234,0,-0.840988,-0.838769,-0.839462
mobley_5079234,1,-0.393624,-0.392618,-0.393697
mobley_5079234,2,-0.529188,-0.527801,-0.528729
mobley_5079234,3,-0.516178,-0.514798,-0.515767
mobley_5079234,4,-0.526640,-0.525248,-0.526187
mobley_5079234,5,-0.464468,-0.463211,-0.464345
mobley_5079234,6,-0.655329,-0.654148,-0.653906
mobley_5079234,7,-2.964579,-2.964462,-2.966497
mobley_5079234,8,0.280417,0.279736,0.280190
mobley_5079234,9,0.414109,0.412937,0.413788
mobley_5079234,10,0.410002,0.408848,0.409681
mobley_5079234,11,0.297276,0.296490,0.297015
mobley_5079234,12,0.275490,0.274805,0.275226
mobley_5079234,13,0.309285,0.308427,0.309016
mobley_5079234,14,0.328068,0.327136,0.327783
mobley_5079234,15,0.314969,0.314111,0.314697
mobley_5079234,16,0.209105,0.208625,0.208913
mobley_5079234,17,0.212163,0.211674,0.211967
mobley_5079234,18,0.315868,0.315005,0.315594
mobley_5079234,19,0.299571,0.298802,0.299278
mobley_5079234,20,0.324916,0.324058,0.324590
mobley_5079234,21,0.154182,0.153901,0.154049
mobley_5079234,22,0.179648,0.179255,0.179514
mobley_5079234,23,0.006714,0.008542,0.004861
mobley_5094777,0,-0.375218,-0.374858,-0.374941
mobley_5094777,1,-0.375218,-0.374857,-0.374940
mobley_5094777,2,-0.528347,-0.527572,-0.527433
mobley_5094777,3,-0.257164,-0.257437,-0.256970
mobley_5094777,4,-0.257164,-0.257437,-0.256970
mobley_5094777,5,-0.528347,-0.527571,-0.527432
mobley_5094777,6,-0.580863,-0.579466,-0.580173
mobley_5094777,7,-0.346834,-0.345930,-0.347150
mobley_5094777,8,-0.580861,-0.579464,-0.580171
mobley_5094777,9,-0.146619,-0.145976,-0.146453
mobley_5094777,10,-0.146618,-0.145975,-0.146452
mobley_5094777,11,-0.060922,-0.060646,-0.060770
mobley_5094777,12,-0.060923,-0.060647,-0.060770
mobley_5094777,13,0.078623,0.078391,0.078694
mobley_5094777,14,0.119242,0.118899,0.119271
mobley_5094777,15,0.164577,0.164230,0.164482
mobley_5094777,16,0.128095,0.127747,0.128095
mobley_5094777,17,0.119241,0.118897,0.119270
mobley_5094777,18,0.078619,0.078387,0.078690
mobley_5110043,0,-0.894261,-0.891934,-0.892556
mobley_5110043,1,0.067587,0.066643,0.066302
mobley_5110043,2,-0.513306,-0.512629,-0.512434
mobley_5110043,3,-0.408974,-0.408456,-0.408609
mobley_5110043,4,-0.081658,-0.082336,-0.082260
mobley_5110043,5,-0.567908,-0.567066,-0.566836
mobley_5110043,6,0.067587,0.066644,0.066303
mobley_5110043,7,-0.513306,-0.512628,-0.512433
mobley_5110043,8,-0.408974,-0.408455,-0.408608
mobley_5110043,9,-0.081658,-0.082336,-0.082260
mobley_5110043,10,-0.567908,-0.567067,-0.566837
mobley_5110043,11,-0.894259,-0.891932,-0.892554
mobley_5110043,12,0.270422,0.269739,0.270265
mobley_5110043,13,0.274941,0.274246,0.274778
mobley_5110043,14,0.313292,0.312362,0.313157
mobley_5110043,15,-0.112779,-0.112229,-0.112658
mobley_5110043,16,-0.170772,-0.170039,-0.170563
mobley_5110043,17,-0.118094,-0.117538,-0.117944
mobley_5110043,18,-0.112779,-0.112229,-0.112659
mobley_5110043,19,-0.170771,-0.170038,-0.170563
mobley_5110043,20,-0.118093,-0.117537,-0.117944
mobley_5110043,21,0.274942,0.274246,0.274778
mobley_5110043,22,0.270418,0.269736,0.270261
mobley_5110043,23,0.313293,0.312363,0.313158
mobley_511661,0,-0.740754,-0.739204,-0.739282
mobley_511661,1,-0.398388,-0.397987,-0.397972
mobley_511661,2,-0.398387,-0.397986,-0.397972
mobley_511661,3,-0.740754,-0.739204,-0.739282
mobley_511661,4,-0.029024,-0.028665,-0.029020
mobley_511661,5,0.046196,0.046313,0.046136
mobley_511661,6,0.004169,0.004430,0.004113
mobley_511661,7,0.004170,0.004430,0.004113
mobley_511661,8,-0.029024,-0.028666,-0.029020
mobley_511661,9,0.046196,0.046313,0.046136
mobley_5123639,0,-0.845799,-0.843466,-0.844358
mobley_5123639,1,-0.201106,-0.201107,-0.201338
mobley_5123639,2,-0.727822,-0.725929,-0.726579
mobley_5123639,3,0.094139,0.093557,0.092565
mobley_5123639,4,-0.938118,-0.935655,-0.936200
mobley_5123639,5,-0.944704,-0.942169,-0.942788
mobley_5123639,6,-3.413013,-3.412886,-3.415335
mobley_5123639,7,0.505348,0.503893,0.504902
mobley_5123639,8,0.285726,0.285096,0.285417
mobley_5123639,9,0.339552,0.338770,0.339152
mobley_5123639,10,0.023759,0.023874,0.023708
mobley_5123639,11,0.290494,0.289856,0.290103
mobley_5123639,12,0.288423,0.287765,0.288023
mobley_5123639,13,0.124358,0.124252,0.124113
mobley_5123639,14,0.322245,0.321398,0.321994
mobley_5123639,15,0.490560,0.489062,0.490212
mobley_5123639,16,0.317714,0.316920,0.317442
mobley_5123639,17,0.356179,0.355223,0.355893
mobley_5123639,18,0.222515,0.222174,0.222125
mobley_5123639,19,0.457269,0.455847,0.456962
mobley_5123639,20,0.107127,0.108634,0.105177
mobley_5157661,0,-0.983358,-0.980827,-0.981230
mobley_5157661,1,0.166022,0.165436,0.163877
mobley_5157661,2,-0.983359,-0.980827,-0.981231
mobley_5157661,3,-0.983358,-0.980826,-0.981230
mobley_5157661,4,0.328429,0.327559,0.328160
mobley_5157661,5,0.468028,0.466648,0.467662
mobley_5157661,6,0.328430,0.327560,0.328161
mobley_5157661,7,0.085451,0.085440,0.085275
mobley_5157661,8,0.468029,0.466649,0.467663
mobley_5157661,9,0.328429,0.327559,0.328160
mobley_5157661,10,0.328430,0.327560,0.328161
mobley_5157661,11,0.468027,0.466646,0.467660
mobley_5157661,12,0.328429,0.327559,0.328160
mobley_5157661,13,0.328433,0.327564,0.328164
mobley_5200358,0,-0.882822,-0.880317,-0.881129
mobley_5200358,1,0.376353,0.375197,0.373925
mobley_5200358,2,-0.665849,-0.663694,-0.664807
mobley_5200358,3,-0.317452,-0.316953,-0.316976
mobley_5200358,4,-1.352679,-1.352762,-1.352701
mobley_5200358,5,0.000243,0.001196,0.004280
mobley_5200358,6,-0.264637,-0.265497,-0.263585
mobley_5200358,7,-1.849549,-1.850095,-1.850065
mobley_5200358,8,-1.361474,-1.361796,-1.361750
mobley_5200358,9,-0.499439,-0.498278,-0.498409
mobley_5200358,10,-1.116051,-1.116240,-1.116801
mobley_5200358,11,-0.735833,-0.733215,-0.734662
mobley_5200358,12,0.138015,0.137576,0.137794
mobley_5200358,13,0.363418,0.362392,0.363228
mobley_5200358,14,0.273291,0.272474,0.272874
mobley_5200358,15,0.283054,0.282136,0.282718
mobley_5200358,16,0.278376,0.277380,0.278252
mobley_5200358,17,-0.095531,-0.095832,-0.095464
mobley_5200358,18,0.011699,0.011918,0.011583
mobley_5200358,19,-1.576045,-1.571981,-1.576777
mobley_5200358,20,0.284756,0.284141,0.284458
mobley_5200358,21,0.264222,0.263490,0.264184
mobley_5200358,22,0.411758,0.410605,0.411578
mobley_5200358,23,0.340275,0.339443,0.340125
mobley_5200358,24,-0.033010,-0.032947,-0.033137
mobley_5200358,25,0.174966,0.174558,0.175031
mobley_5220185,0,-0.609036,-0.606959,-0.608649
mobley_5220185,1,-0.497382,-0.496247,-0.497146
mobley_5220185,2,-0.049299,-0.050317,-0.049530
mobley_5220185,3,-0.480741,-0.480486,-0.479479
mobley_5220185,4,-1.327543,-1.326804,-1.327036
mobley_5220185,5,-0.376728,-0.376745,-0.375921
mobley_5220185,6,-0.335940,-0.336014,-0.335311
mobley_5220185,7,-1.336225,-1.335768,-1.335903
mobley_5220185,8,0.278461,0.277774,0.278297
mobley_5220185,9,0.381192,0.379986,0.381077
mobley_5220185,10,0.050802,0.050288,0.050855
mobley_5220185,11,0.194016,0.193653,0.193923
mobley_5220185,12,0.010233,0.010025,0.010382
mobley_5220185,13,-0.172782,-0.172549,-0.172303
mobley_5220185,14,-0.202930,-0.202487,-0.202467
mobley_5220185,15,-0.202646,-0.202201,-0.202175
mobley_525934,0,-0.765879,-0.763511,-0.764357
mobley_525934,1,-1.088646,-1.088706,-1.089090
mobley_525934,2,0.321655,0.320869,0.321483
mobley_525934,3,0.321655,0.320869,0.321483
mobley_525934,4,0.346358,0.345538,0.346138
mobley_525934,5,0.105938,0.105959,0.105574
mobley_5263791,0,-0.796344,-0.794194,-0.795063
mobley_5263791,1,-0.372140,-0.371092,-0.372425
mobley_5263791,2,-0.113658,-0.114049,-0.114238
mobley_5263791,3,-0.462878,-0.462299,-0.462222
mobley_5263791,4,-0.357415,-0.357050,-0.357241
mobley_5263791,5,-0.427007,-0.426491,-0.426558
mobley_5263791,6,-0.081494,-0.082178,-0.082085
mobley_5263791,7,-0.177659,-0.178069,-0.177856
mobley_5263791,8,-0.455155,-0.454448,-0.454628
mobley_5263791,9,-0.381733,-0.381360,-0.381428
mobley_5263791,10,-0.378892,-0.378518,-0.378607
mobley_5263791,11,-0.427766,-0.427259,-0.427297
mobley_5263791,12,0.283320,0.282621,0.283110
mobley_5263791,13,0.254175,0.253340,0.254146
mobley_5263791,14,0.378460,0.377333,0.378245
mobley_5263791,15,0.178179,0.177825,0.178054
mobley_5263791,16,0.094978,0.094827,0.094978
mobley_5263791,17,-0.114302,-0.113781,-0.114178
mobley_5263791,18,-0.150219,-0.149546,-0.150052
mobley_5263791,19,-0.167374,-0.166649,-0.167181
mobley_5263791,20,-0.280770,-0.279768,-0.280440
mobley_5263791,21,-0.148761,-0.148101,-0.148604
mobley_5263791,22,-0.148619,-0.147961,-0.148457
mobley_5263791,23,-0.166684,-0.165963,-0.166492
mobley_52782,0,-0.624194,-0.623113,-0.623099
mobley_52782,1,-0.624198,-0.623117,-0.623103
mobley_52782,2,0.304952,0.304929,0.309783
mobley_52782,3,-1.353897,-1.354073,-1.353907
mobley_52782,4,-0.281828,-0.281378,-0.278368
mobley_52782,5,-0.294846,-0.294533,-0.291350
mobley_52782,6,0.304955,0.304932,0.309787
mobley_52782,7,-1.353897,-1.354073,-1.353907
mobley_52782,8,-0.294861,-0.294548,-0.291366
mobley_52782,9,-0.281822,-0.281371,-0.278362
mobley_52782,10,0.106545,0.106360,0.106594
mobley_52782,11,-0.008491,-0.008142,-0.008550
mobley_52782,12,-0.008491,-0.008143,-0.008550
mobley_52782,13,0.106549,0.106364,0.106598
mobley_5282042,0,-0.514996,-0.513290,-0.514152
mobley_5282042,1,-1.320736,-1.319788,-1.320088
mobley_5282042,2,-0.483757,-0.482148,-0.483015
mobley_5282042,3,-0.126908,-0.126210,-0.127427
mobley_5282042,4,-0.365800,-0.364757,-0.366172
mobley_5282042,5,-0.444994,-0.444103,-0.444674
mobley_5282042,6,-0.109459,-0.109681,-0.110181
mobley_5282042,7,-0.087643,-0.088075,-0.088344
mobley_5282042,8,-0.394777,-0.394243,-0.394505
mobley_5282042,9,-0.379576,-0.379213,-0.379286
mobley_5282042,10,-0.380296,-0.379927,-0.379991
mobley_5282042,11,-0.459986,-0.459383,-0.459372
mobley_5282042,12,0.045919,0.045236,0.044571
mobley_5282042,13,-0.297824,-0.296838,-0.298535
mobley_5282042,14,-0.338935,-0.337897,-0.339425
mobley_5282042,15,0.017266,0.016582,0.016092
mobley_5282042,16,-0.063510,-0.063955,-0.064344
mobley_5282042,17,-0.380300,-0.379739,-0.380103
mobley_5282042,18,-0.383357,-0.383010,-0.383043
mobley_5282042,19,-0.379298,-0.378928,-0.378994
mobley_5282042,20,-0.456405,-0.455865,-0.455759
mobley_5282042,21,0.459215,0.457917,0.458988
mobley_5282042,22,0.453691,0.452384,0.453504
mobley_5282042,23,0.462629,0.461335,0.462385
mobley_5282042,24,0.423175,0.422007,0.422974
mobley_5282042,25,0.438805,0.437615,0.438583
mobley_5282042,26,0.500509,0.499059,0.500265
mobley_5282042,27,0.394576,0.393393,0.394439
mobley_5282042,28,0.315753,0.314908,0.315621
mobley_5282042,29,-0.009802,-0.009930,-0.009780
mobley_5282042,30,0.062188,0.061956,0.062127
mobley_5282042,31,-0.102030,-0.101520,-0.101855
mobley_5282042,32,-0.209847,-0.209061,-0.209577
mobley_5282042,33,-0.148073,-0.147418,-0.147913
mobley_5282042,34,-0.147597,-0.146942,-0.147437
mobley_5282042,35,-0.117664,-0.117148,-0.117501
mobley_5282042,36,0.120674,0.120287,0.120771
mobley_5282042,37,0.045009,0.045045,0.045051
mobley_5282042,38,0.071510,0.071485,0.071505
mobley_5282042,39,0.021171,0.020967,0.021439
mobley_5282042,40,-0.193813,-0.193206,-0.193487
mobley_5282042,41,-0.146872,-0.146228,-0.146718
mobley_5282042,42,-0.147151,-0.146502,-0.146990
mobley_5282042,43,-0.171530,-0.170770,-0.171370
mobley_5286200,0,-0.155848,-0.155490,-0.157458
mobley_5286200,1,-0.155846,-0.155488,-0.157456
mobley_5286200,2,-0.107373,-0.107172,-0.109749
mobley_5286200,3,-1.150963,-1.150804,-1.150841
mobley_5286200,4,-0.107374,-0.107173,-0.109749
mobley_5286200,5,-1.150963,-1.150803,-1.150841
mobley_5286200,6,-0.180390,-0.179161,-0.179478
mobley_5286200,7,0.116537,0.116284,0.116584
mobley_5286200,8,-0.180391,-0.179162,-0.179479
mobley_5286200,9,0.116537,0.116285,0.116584
mobley_5286200,10,0.152184,0.151854,0.151955
mobley_5286200,11,0.262774,0.262056,0.262461
mobley_5286200,12,0.152183,0.151854,0.151954
mobley_5286200,13,0.262777,0.262059,0.262463
mobley_5310099,0,-0.842264,-0.840042,-0.840734
mobley_5310099,1,-0.397408,-0.396396,-0.397473
mobley_5310099,2,-0.498042,-0.496767,-0.497693
mobley_5310099,3,-0.515689,-0.514400,-0.515250
mobley_5310099,4,-0.352915,-0.352488,-0.352747
mobley_5310099,5,-0.778879,-0.777292,-0.777205
mobley_5310099,6,0.280300,0.279619,0.280073
mobley_5310099,7,0.411965,0.410802,0.411644
mobley_5310099,8,0.412554,0.411389,0.412232
mobley_5310099,9,0.290301,0.289551,0.290039
mobley_5310099,10,0.284211,0.283492,0.283953
mobley_5310099,11,0.300098,0.299284,0.299848
mobley_5310099,12,0.328911,0.328016,0.328617
mobley_5310099,13,0.203054,0.202531,0.202917
mobley_5310099,14,0.289604,0.288887,0.289339
mobley_5310099,15,0.056063,0.056074,0.055994
mobley_5310099,16,-0.023381,-0.023037,-0.023406
mobley_5310099,17,0.038895,0.039065,0.038806
mobley_5311804,0,-0.399033,-0.398660,-0.398627
mobley_5311804,1,-0.378145,-0.377786,-0.377830
mobley_5311804,2,-0.535622,-0.535079,-0.534445
mobley_5311804,3,0.058648,0.057768,0.057351
mobley_5311804,4,-0.535622,-0.535079,-0.534445
mobley_5311804,5,-0.378145,-0.377786,-0.377830
mobley_5311804,6,-0.707053,-0.705756,-0.705459
mobley_5311804,7,-2.859061,-2.858722,-2.861180
mobley_5311804,8,-0.145973,-0.145335,-0.145817
mobley_5311804,9,-0.146652,-0.146004,-0.146490
mobley_5311804,10,-0.118592,-0.117913,-0.118611
mobley_5311804,11,-0.118589,-0.117910,-0.118608
mobley_5311804,12,-0.146652,-0.146004,-0.146490
mobley_5311804,13,0.101730,0.101547,0.101740
mobley_5311804,14,0.101732,0.101549,0.101742
mobley_5311804,15,0.139365,0.140565,0.137543
mobley_5326154,0,-0.451340,-0.449826,-0.450779
mobley_5326154,1,-1.327955,-1.327246,-1.327462
mobley_5326154,2,-0.451339,-0.449825,-0.450778
mobley_5326154,3,-0.046025,-0.046841,-0.046132
mobley_5326154,4,-0.555792,-0.555040,-0.554817
mobley_5326154,5,-0.385205,-0.384789,-0.384913
mobley_5326154,6,-0.402704,-0.402335,-0.402311
mobley_5326154,7,-0.385206,-0.384790,-0.384913
mobley_5326154,8,-0.555790,-0.555038,-0.554815
mobley_5326154,9,0.284304,0.283555,0.284281
mobley_5326154,10,0.341634,0.340604,0.341601
mobley_5326154,11,0.468804,0.467542,0.468561
mobley_5326154,12,0.284307,0.283558,0.284284
mobley_5326154,13,0.468795,0.467532,0.468551
mobley_5326154,14,0.341629,0.340599,0.341596
mobley_5326154,15,-0.323330,-0.322188,-0.323114
mobley_5326154,16,-0.151668,-0.150996,-0.151502
mobley_5326154,17,-0.146453,-0.145813,-0.146298
mobley_5326154,18,-0.151669,-0.150997,-0.151503
mobley_5326154,19,-0.323340,-0.322198,-0.323124
mobley_5346580,0,-0.891739,-0.889185,-0.890179
mobley_5346580,1,-0.236411,-0.236507,-0.236336
mobley_5346580,2,-2.116762,-2.117144,-2.116629
mobley_5346580,3,0.447820,0.446540,0.444596
mobley_5346580,4,-0.986620,-0.984183,-0.984341
mobley_5346580,5,-1.038100,-1.035443,-1.035689
mobley_5346580,6,-1.044143,-1.041394,-1.041793
mobley_5346580,7,0.211438,0.211145,0.211006
mobley_5346580,8,0.185224,0.184943,0.184885
mobley_5346580,9,0.314198,0.313332,0.314031
mobley_5346580,10,0.355640,0.354670,0.355370
mobley_5346580,11,0.333052,0.332158,0.332787
mobley_5346580,12,0.337342,0.336566,0.336901
mobley_5346580,13,0.405198,0.403999,0.404920
mobley_5346580,14,0.222372,0.221790,0.222242
mobley_5346580,15,0.354603,0.353797,0.354107
mobley_5346580,16,0.279143,0.278340,0.278978
mobley_5346580,17,0.310115,0.309174,0.309933
mobley_5346580,18,0.394024,0.392884,0.393733
mobley_5347550,0,-0.910592,-0.908647,-0.908896
mobley_5347550,1,-0.553276,-0.553411,-0.551315
mobley_5347550,2,0.209474,0.207549,0.206604
mobley_5347550,3,0.568927,0.567232,0.563322
mobley_5347550,4,-1.000220,-0.999801,-0.999873
mobley_5347550,5,-1.030668,-1.030399,-1.030173
mobley_5347550,6,-0.166893,-0.166877,-0.166922
mobley_5347550,7,-0.167042,-0.167033,-0.167058
mobley_5347550,8,0.216800,0.216202,0.217169
mobley_5347550,9,0.266104,0.265314,0.266088
mobley_5347550,10,0.191986,0.191479,0.192569
mobley_5347550,11,-0.011950,-0.011815,-0.011537
mobley_5371840,0,-0.376663,-0.376321,-0.376366
mobley_5371840,1,-0.376662,-0.376321,-0.376365
mobley_5371840,2,-0.394399,-0.393894,-0.394163
mobley_5371840,3,-0.179956,-0.180479,-0.180075
mobley_5371840,4,-0.179877,-0.180400,-0.179996
mobley_5371840,5,-0.394406,-0.393901,-0.394169
mobley_5371840,6,-1.395218,-1.396441,-1.393605
mobley_5371840,7,-0.180446,-0.180971,-0.180582
mobley_5371840,8,-0.375193,-0.374701,-0.375088
mobley_5371840,9,-0.321064,-0.320929,-0.321160
mobley_5371840,10,0.539480,0.537087,0.534893
mobley_5371840,11,-0.340434,-0.340129,-0.340583
mobley_5371840,12,-0.161221,-0.161758,-0.161468
mobley_5371840,13,-1.389413,-1.390642,-1.387807
mobley_5371840,14,-1.152645,-1.152477,-1.152552
mobley_5371840,15,-0.144828,-0.144187,-0.144667
mobley_5371840,16,-0.144829,-0.144188,-0.144669
mobley_5371840,17,-0.129559,-0.128965,-0.129399
mobley_5371840,18,-0.129603,-0.129009,-0.129443
mobley_5371840,19,-0.129843,-0.129242,-0.129677
mobley_5371840,20,-0.333529,-0.332058,-0.332872
mobley_5371840,21,-0.320213,-0.318785,-0.319546
mobley_5390332,0,-0.848102,-0.845877,-0.846559
mobley_5390332,1,-0.322112,-0.321536,-0.322251
mobley_5390332,2,-0.496312,-0.494895,-0.496147
mobley_5390332,3,-0.279999,-0.280321,-0.279465
mobley_5390332,4,-2.080688,-2.080517,-2.081181
mobley_5390332,5,-0.929412,-0.929316,-0.928518
mobley_5390332,6,-0.968126,-0.966143,-0.965599
mobley_5390332,7,0.412388,0.411230,0.412070
mobley_5390332,8,0.412387,0.411229,0.412070
mobley_5390332,9,0.279941,0.279259,0.279716
mobley_5390332,10,0.229751,0.229374,0.229360
mobley_5390332,11,0.229750,0.229373,0.229359
mobley_5390332,12,0.221037,0.220784,0.220534
mobley_5390332,13,0.221037,0.220784,0.220534
mobley_5390332,14,0.258705,0.258125,0.258487
mobley_5390332,15,0.262756,0.262030,0.262650
mobley_5390332,16,0.258706,0.258126,0.258488
mobley_5393242,0,-0.761225,-0.759178,-0.760122
mobley_5393242,1,-0.222649,-0.221895,-0.223021
mobley_5393242,2,-1.400247,-1.392172,-1.399976
mobley_5393242,3,-0.564560,-0.555595,-0.582257
mobley_5393242,4,-0.926621,-0.926477,-0.927160
mobley_5393242,5,-1.941209,-1.935004,-1.940803
mobley_5393242,6,-0.517127,-0.516393,-0.516019
mobley_5393242,7,-0.762360,-0.760305,-0.761242
mobley_5393242,8,-2.329473,-2.323473,-2.330337
mobley_5393242,9,-0.032723,-0.033806,-0.032631
mobley_5393242,10,-0.730040,-0.729005,-0.728496
mobley_5393242,11,0.291499,0.289882,0.289927
mobley_5393242,12,-1.370036,-1.370697,-1.370450
mobley_5393242,13,0.029725,0.028408,0.029828
mobley_5393242,14,-1.357954,-1.358181,-1.358111
mobley_5393242,15,-0.057570,-0.057815,-0.058920
mobley_5393242,16,-0.549136,-0.546874,-0.548987
mobley_5393242,17,-0.534728,-0.532397,-0.534674
mobley_5393242,18,-0.938936,-0.936652,-0.937121
mobley_5393242,19,0.393295,0.392263,0.392930
mobley_5393242,20,0.279306,0.278756,0.278925
mobley_5393242,21,0.393114,0.392100,0.392737
mobley_5393242,22,-0.018135,-0.018500,-0.018335
mobley_5393242,23,0.053798,0.053583,0.053507
mobley_5393242,24,0.162674,0.161790,0.162428
mobley_5393242,25,0.179316,0.178665,0.179171
mobley_5393242,26,0.394004,0.392973,0.393633
mobley_5393242,27,0.280966,0.280412,0.280595
mobley_5393242,28,0.393930,0.392908,0.393554
mobley_5393242,29,-0.247053,-0.246789,-0.246594
mobley_5393242,30,0.049709,0.049563,0.049783
mobley_5393242,31,0.180459,0.179832,0.180338
mobley_5393242,32,0.037608,0.037042,0.037831
mobley_5393242,33,0.322903,0.322057,0.322736
mobley_5393242,34,0.121102,0.120567,0.121022
mobley_5393242,35,0.324991,0.324142,0.324826
mobley_5393242,36,0.068769,0.068116,0.068943
mobley_5393242,37,0.042670,0.042171,0.042791
mobley_5393242,38,0.044830,0.044326,0.044951
mobley_5393242,39,0.354134,0.353255,0.353947
mobley_5445548,0,-0.905391,-0.902947,-0.903669
mobley_5445548,1,0.007819,0.007712,0.006261
mobley_5445548,2,-0.905391,-0.902947,-0.903669
mobley_5445548,3,-0.206195,-0.206430,-0.206306
mobley_5445548,4,-0.430317,-0.429846,-0.429758
mobley_5445548,5,-0.379984,-0.379625,-0.379669
mobley_5445548,6,-0.399855,-0.399483,-0.399450
mobley_5445548,7,-0.381426,-0.381056,-0.381103
mobley_5445548,8,-0.521417,-0.520628,-0.520538
mobley_5445548,9,0.259695,0.259006,0.259548
mobley_5445548,10,0.315687,0.314735,0.315539
mobley_5445548,11,0.325452,0.324575,0.325217
mobley_5445548,12,-0.008410,-0.008109,-0.008469
mobley_5445548,13,0.315685,0.314734,0.315538
mobley_5445548,14,0.259697,0.259008,0.259550
mobley_5445548,15,0.325449,0.324572,0.325213
mobley_5445548,16,-0.183767,-0.182988,-0.183594
mobley_5445548,17,-0.147827,-0.147175,-0.147666
mobley_5445548,18,-0.146507,-0.145867,-0.146350
mobley_5445548,19,-0.147999,-0.147346,-0.147837
mobley_5445548,20,-0.303990,-0.302964,-0.303651
mobley_5449201,0,-0.843221,-0.840996,-0.841686
mobley_5449201,1,-0.399645,-0.398624,-0.399692
mobley_5449201,2,-0.548079,-0.546714,-0.547495
mobley_5449201,3,-0.399647,-0.398626,-0.399694
mobley_5449201,4,-0.843220,-0.840995,-0.841685
mobley_5449201,5,0.280201,0.279519,0.279974
mobley_5449201,6,0.412467,0.411303,0.412146
mobley_5449201,7,0.412471,0.411307,0.412149
mobley_5449201,8,0.287839,0.287099,0.287574
mobley_5449201,9,0.287841,0.287101,0.287576
mobley_5449201,10,0.341615,0.340692,0.341292
mobley_5449201,11,0.341621,0.340698,0.341298
mobley_5449201,12,0.287841,0.287102,0.287577
mobley_5449201,13,0.287840,0.287100,0.287575
mobley_5449201,14,0.412470,0.411306,0.412149
mobley_5449201,15,0.412468,0.411303,0.412146
mobley_5449201,16,0.280199,0.279517,0.279972
mobley_5456566,0,0.595398,0.592887,0.590409
mobley_5456566,1,0.629377,0.627014,0.623909
mobley_5456566,2,0.700872,0.697988,0.695110
mobley_5456566,3,0.694630,0.691773,0.688901
mobley_5456566,4,0.700872,0.697988,0.695110
mobley_5456566,5,0.629378,0.627015,0.623910
mobley_5456566,6,-1.042700,-1.042328,-1.042164
mobley_5456566,7,-1.006099,-1.005707,-1.005439
mobley_5456566,8,-1.006050,-1.005658,-1.005390
mobley_5456566,9,-1.006099,-1.005707,-1.005440
mobley_5456566,10,-1.042700,-1.042329,-1.042164
mobley_5456566,11,0.595397,0.592886,0.590408
mobley_5456566,12,0.629377,0.627015,0.623910
mobley_5456566,13,0.700873,0.697989,0.695110
mobley_5456566,14,0.694629,0.691771,0.688900
mobley_5456566,15,0.700873,0.697989,0.695110
mobley_5456566,16,0.629377,0.627014,0.623909
mobley_5456566,17,-1.042700,-1.042329,-1.042164
mobley_5456566,18,-1.006099,-1.005707,-1.005440
mobley_5456566,19,-1.006050,-1.005658,-1.005390
mobley_5456566,20,-1.006099,-1.005707,-1.005440
mobley_5456566,21,-1.042700,-1.042329,-1.042164
mobley_5467162,0,-0.898608,-0.896143,-0.896925
mobley_5467162,1,0.499075,0.497684,0.495629
mobley_5467162,2,-0.996295,-0.993587,-0.994218
mobley_5467162,3,-0.996292,-0.993585,-0.994215
mobley_5467162,4,-0.324247,-0.324112,-0.323910
mobley_5467162,5,-0.474943,-0.474239,-0.474266
mobley_5467162,6,-0.386543,-0.386078,-0.386293
mobley_5467162,7,-0.231515,-0.232055,-0.231276
mobley_5467162,8,-0.459889,-0.459266,-0.459321
mobley_5467162,9,-0.452848,-0.452123,-0.452302
mobley_5467162,10,-3.239758,-3.239677,-3.242135
mobley_5467162,11,0.232757,0.232088,0.232675
mobley_5467162,12,0.387164,0.386142,0.386841
mobley_5467162,13,0.232756,0.232088,0.232674
mobley_5467162,14,0.403627,0.402470,0.403336
mobley_5467162,15,0.241037,0.240383,0.240922
mobley_5467162,16,0.308319,0.307433,0.308142
mobley_5467162,17,0.403624,0.402467,0.403333
mobley_5467162,18,0.308325,0.307439,0.308148
mobley_5467162,19,0.241035,0.240381,0.240920
mobley_5467162,20,-0.235397,-0.234419,-0.235194
mobley_5467162,21,-0.164989,-0.164178,-0.164923
mobley_5467162,22,-0.123179,-0.122583,-0.123053
mobley_5467162,23,-0.314001,-0.312867,-0.313674
mobley_5467162,24,0.010029,0.011775,0.008246
mobley_5471704,0,-0.946246,-0.943759,-0.944289
mobley_5471704,1,0.042329,0.042131,0.040663
mobley_5471704,2,-0.963154,-0.960602,-0.961152
mobley_5471704,3,-0.561041,-0.559526,-0.560529
mobley_5471704,4,-0.621402,-0.620293,-0.620045
mobley_5471704,5,-1.291449,-1.291465,-1.290803
mobley_5471704,6,-0.127875,-0.128614,-0.127977
mobley_5471704,7,-1.871428,-1.871465,-1.871585
mobley_5471704,8,-0.821846,-0.819539,-0.820596
mobley_5471704,9,0.495165,0.493647,0.494815
mobley_5471704,10,0.320756,0.319911,0.320499
mobley_5471704,11,0.318524,0.317722,0.318254
mobley_5471704,12,0.117376,0.117233,0.117187
mobley_5471704,13,0.354109,0.353151,0.353821
mobley_5471704,14,0.304208,0.303371,0.303987
mobley_5471704,15,0.456333,0.454922,0.456015
mobley_5471704,16,0.349755,0.348828,0.349402
mobley_5471704,17,0.255516,0.254870,0.255299
mobley_5471704,18,0.150788,0.150497,0.150652
mobley_5471704,19,0.174096,0.173674,0.173969
mobley_5471704,20,0.315836,0.315169,0.315452
mobley_5471704,21,0.293646,0.293209,0.293080
mobley_5471704,22,0.293445,0.293011,0.292880
mobley_547634,0,-0.935747,-0.933238,-0.933912
mobley_547634,1,-0.081468,-0.082005,-0.082135
mobley_547634,2,-0.528553,-0.527789,-0.527643
mobley_547634,3,-0.081603,-0.082283,-0.082205
mobley_547634,4,-0.427071,-0.426558,-0.426608
mobley_547634,5,-0.377746,-0.377379,-0.377464
mobley_547634,6,-0.377746,-0.377379,-0.377465
mobley_547634,7,-0.427069,-0.426556,-0.426607
mobley_547634,8,-0.081603,-0.082283,-0.082206
mobley_547634,9,-0.528553,-0.527789,-0.527643
mobley_547634,10,-0.081469,-0.082005,-0.082135
mobley_547634,11,-0.935746,-0.933238,-0.933911
mobley_547634,12,0.238689,0.237980,0.238623
mobley_547634,13,0.238696,0.237987,0.238630
mobley_547634,14,0.294259,0.293514,0.294066
mobley_547634,15,-0.161744,-0.160972,-0.161588
mobley_547634,16,-0.170844,-0.170120,-0.170641
mobley_547634,17,-0.147420,-0.146767,-0.147258
mobley_547634,18,-0.147421,-0.146767,-0.147259
mobley_547634,19,-0.170843,-0.170118,-0.170640
mobley_547634,20,-0.161743,-0.160971,-0.161588
mobley_547634,21,0.238692,0.237983,0.238626
mobley_547634,22,0.294259,0.293515,0.294066
mobley_547634,23,0.238689,0.237980,0.238623
mobley_5494918,0,-0.227145,-0.227535,-0.226428
mobley_5494918,1,-0.044096,-0.044832,-0.046445
mobley_5494918,2,-0.167218,-0.167217,-0.167220
mobley_5494918,3,-0.167238,-0.167238,-0.167238
mobley_5494918,4,0.100736,0.099543,0.097465
mobley_5494918,5,-0.167163,-0.167160,-0.167170
mobley_5494918,6,-0.167163,-0.167160,-0.167170
mobley_5494918,7,-0.167268,-0.167269,-0.167265
mobley_5494918,8,-0.166973,-0.166960,-0.166997
mobley_5499659,0,-0.587866,-0.586050,-0.586834
mobley_5499659,1,-1.344247,-1.344088,-1.344100
mobley_5499659,2,-0.512750,-0.512472,-0.511311
mobley_5499659,3,-0.369542,-0.369439,-0.368778
mobley_5499659,4,-1.353015,-1.353131,-1.353063
mobley_5499659,5,-0.380734,-0.380853,-0.379214
mobley_5499659,6,0.286016,0.285271,0.285988
mobley_5499659,7,0.303912,0.302980,0.303945
mobley_5499659,8,0.303917,0.302984,0.303950
mobley_5499659,9,-0.182693,-0.182286,-0.182262
mobley_5499659,10,-0.216863,-0.216462,-0.216392
mobley_5499659,11,0.094477,0.094216,0.094812
mobley_550662,0,-0.779223,-0.776751,-0.778298
mobley_550662,1,-0.358837,-0.359639,-0.357167
mobley_550662,2,-0.841985,-0.841315,-0.841418
mobley_550662,3,-1.028579,-1.026693,-1.025466
mobley_550662,4,-1.182659,-1.182232,-1.182298
mobley_550662,5,-1.021045,-1.018946,-1.018241
mobley_550662,6,-1.105388,-1.104888,-1.105007
mobley_550662,7,-1.074009,-1.071840,-1.070893
mobley_550662,8,0.262032,0.261712,0.261402
mobley_550662,9,0.376127,0.375208,0.375646
mobley_550662,10,0.352156,0.351501,0.351521
mobley_550662,11,0.292238,0.291448,0.292092
mobley_550662,12,0.256547,0.255899,0.256375
mobley_550662,13,0.279664,0.279071,0.279280
mobley_550662,14,0.281250,0.280717,0.280831
mobley_550662,15,0.286767,0.285980,0.286612
mobley_550662,16,0.293277,0.292399,0.293172
mobley_550662,17,0.219458,0.218987,0.219245
mobley_550662,18,0.297671,0.296874,0.297492
mobley_550662,19,0.295450,0.294405,0.295445
mobley_5510474,0,-0.377151,-0.376810,-0.376851
mobley_5510474,1,-0.377152,-0.376811,-0.376852
mobley_5510474,2,-0.395112,-0.394609,-0.394870
mobley_5510474,3,-0.181535,-0.182063,-0.181685
mobley_5510474,4,-0.181534,-0.182062,-0.181684
mobley_5510474,5,-0.395109,-0.394606,-0.394867
mobley_5510474,6,-0.560727,-0.562085,-0.560132
mobley_5510474,7,-0.069632,-0.070439,-0.070504
mobley_5510474,8,-0.069632,-0.070439,-0.070504
mobley_5510474,9,0.594849,0.592438,0.589650
mobley_5510474,10,0.705218,0.702319,0.699461
mobley_5510474,11,0.705217,0.702317,0.699460
mobley_5510474,12,0.594843,0.592432,0.589644
mobley_5510474,13,-1.064110,-1.063885,-1.063553
mobley_5510474,14,-1.010495,-1.010105,-1.009854
mobley_5510474,15,-1.010498,-1.010107,-1.009856
mobley_5510474,16,-1.064112,-1.063888,-1.063555
mobley_5510474,17,-0.560737,-0.562094,-0.560142
mobley_5510474,18,-0.144658,-0.144017,-0.144497
mobley_5510474,19,-0.144660,-0.144020,-0.144500
mobley_5510474,20,-0.129595,-0.128997,-0.129436
mobley_5510474,21,-0.129591,-0.128993,-0.129432
mobley_5518547,0,-0.899975,-0.897634,-0.898246
mobley_5518547,1,0.046054,0.045098,0.044869
mobley_5518547,2,-0.513026,-0.512296,-0.512181
mobley_5518547,3,-0.522261,-0.521694,-0.521383
mobley_5518547,4,0.181120,0.179635,0.180077
mobley_5518547,5,-0.522261,-0.521694,-0.521383
mobley_5518547,6,-0.513026,-0.512296,-0.512181
mobley_5518547,7,-1.405659,-1.407403,-1.406894
mobley_5518547,8,0.307158,0.306256,0.307024
mobley_5518547,9,0.273448,0.272755,0.273288
mobley_5518547,10,0.273448,0.272755,0.273288
mobley_5518547,11,-0.114218,-0.113664,-0.114088
mobley_5518547,12,-0.242120,-0.241167,-0.241927
mobley_5518547,13,-0.242121,-0.241168,-0.241929
mobley_5518547,14,-0.114212,-0.113658,-0.114082
mobley_5518547,15,-1.435461,-1.431948,-1.436059
mobley_5518547,16,-1.435463,-1.431950,-1.436062
mobley_5520946,0,-0.398928,-0.398557,-0.398522
mobley_5520946,1,-0.378181,-0.377832,-0.377881
mobley_5520946,2,-0.411781,-0.411253,-0.411236
mobley_5520946,3,0.069140,0.068620,0.068248
mobley_5520946,4,-0.378104,-0.377714,-0.377685
mobley_5520946,5,-0.378369,-0.378023,-0.378075
mobley_5520946,6,-0.981356,-0.981782,-0.981102
mobley_5520946,7,-0.145018,-0.144383,-0.144863
mobley_5520946,8,-0.147184,-0.146534,-0.147022
mobley_5520946,9,-0.229908,-0.229159,-0.229877
mobley_5520946,10,-0.217046,-0.216321,-0.217022
mobley_5520946,11,-0.146908,-0.146260,-0.146746
mobley_5520946,12,-0.002177,-0.001836,-0.002393
mobley_5538249,0,-0.398489,-0.398120,-0.398090
mobley_5538249,1,-0.377969,-0.377621,-0.377684
mobley_5538249,2,-0.379524,-0.378996,-0.379388
mobley_5538249,3,0.333622,0.331936,0.330332
mobley_5538249,4,-0.379527,-0.378999,-0.379392
mobley_5538249,5,-0.377970,-0.377622,-0.377685
mobley_5538249,6,0.086502,0.085339,0.084636
mobley_5538249,7,0.513477,0.511284,0.508898
mobley_5538249,8,-0.289278,-0.289269,-0.289655
mobley_5538249,9,0.557741,0.555344,0.552981
mobley_5538249,10,-0.289284,-0.289275,-0.289661
mobley_5538249,11,0.513476,0.511284,0.508897
mobley_5538249,12,-1.112845,-1.112584,-1.112553
mobley_5538249,13,-1.151574,-1.151404,-1.151474
mobley_5538249,14,-1.112846,-1.112586,-1.112554
mobley_5538249,15,-0.145921,-0.145282,-0.145765
mobley_5538249,16,-0.147057,-0.146406,-0.146895
mobley_5538249,17,-0.180176,-0.179575,-0.179831
mobley_5538249,18,-0.180180,-0.179579,-0.179836
mobley_5538249,19,-0.147058,-0.146407,-0.146896
mobley_5538249,20,-0.474322,-0.472193,-0.473291
mobley_5538249,21,-0.474314,-0.472185,-0.473283
mobley_5561855,0,-0.358563,-0.358220,-0.358432
mobley_5561855,1,-0.334712,-0.334533,-0.334761
mobley_5561855,2,0.533079,0.530954,0.528319
mobley_5561855,3,0.542209,0.539823,0.537549
mobley_5561855,4,0.533078,0.530954,0.528318
mobley_5561855,5,-0.334712,-0.334533,-0.334761
mobley_5561855,6,-1.114183,-1.113929,-1.113920
mobley_5561855,7,0.541262,0.538870,0.536588
mobley_5561855,8,0.550364,0.548226,0.545479
mobley_5561855,9,-0.286181,-0.286190,-0.286585
mobley_5561855,10,0.557511,0.555114,0.552753
mobley_5561855,11,-0.286181,-0.286190,-0.286585
mobley_5561855,12,0.550364,0.548226,0.545479
mobley_5561855,13,-1.113928,-1.113674,-1.113664
mobley_5561855,14,-1.151583,-1.151414,-1.151484
mobley_5561855,15,-1.113928,-1.113674,-1.113664
mobley_5561855,16,-1.114183,-1.113929,-1.113920
mobley_5561855,17,-0.146743,-0.146085,-0.146576
mobley_5561855,18,-0.301448,-0.300088,-0.300874
mobley_5561855,19,-0.301448,-0.300089,-0.300875
mobley_5561855,20,-0.478802,-0.476656,-0.477759
mobley_5561855,21,-0.478802,-0.476657,-0.477760
mobley_5571660,0,-0.554130,-0.552117,-0.553846
mobley_5571660,1,-0.057418,-0.058167,-0.058196
mobley_5571660,2,-0.496201,-0.495544,-0.495419
mobley_5571660,3,-0.359756,-0.359404,-0.359581
mobley_5571660,4,-0.496200,-0.495543,-0.495419
mobley_5571660,5,-0.057418,-0.058167,-0.058196
mobley_5571660,6,-0.091506,-0.092208,-0.091401
mobley_5571660,7,-1.413759,-1.415751,-1.415175
mobley_5571660,8,-0.554130,-0.552117,-0.553846
mobley_5571660,9,0.306229,0.305473,0.306063
mobley_5571660,10,-0.046466,-0.046406,-0.046435
mobley_5571660,11,-0.148480,-0.148331,-0.148317
mobley_5571660,12,-0.147549,-0.146828,-0.147426
mobley_5571660,13,-0.149772,-0.149103,-0.149606
mobley_5571660,14,-0.147548,-0.146827,-0.147424
mobley_5571660,15,-1.460616,-1.456999,-1.461231
mobley_5571660,16,-1.460619,-1.457001,-1.461233
mobley_5571660,17,-0.046461,-0.046402,-0.046431
mobley_5571660,18,-0.148480,-0.148331,-0.148317
mobley_5571660,19,0.306229,0.305473,0.306062
mobley_5600967,0,-0.541212,-0.539758,-0.540070
mobley_5600967,1,-1.325419,-1.324618,-1.324882
mobley_5600967,2,-0.499424,-0.497726,-0.498741
mobley_5600967,3,-0.173959,-0.174585,-0.173404
mobley_5600967,4,-1.657241,-1.657687,-1.657439
mobley_5600967,5,-0.049543,-0.050164,-0.050499
mobley_5600967,6,-0.122137,-0.121793,-0.122973
mobley_5600967,7,-0.393850,-0.393358,-0.393607
mobley_5600967,8,-0.262470,-0.262880,-0.262107
mobley_5600967,9,-0.463354,-0.462610,-0.462823
mobley_5600967,10,-0.407837,-0.407543,-0.407198
mobley_5600967,11,-1.142817,-1.143185,-1.141787
mobley_5600967,12,-0.919355,-0.917339,-0.917175
mobley_5600967,13,0.261609,0.261081,0.261366
mobley_5600967,14,0.366680,0.365642,0.366626
mobley_5600967,15,0.358633,0.357558,0.358544
mobley_5600967,16,0.370349,0.369253,0.370303
mobley_5600967,17,0.341876,0.340770,0.341858
mobley_5600967,18,0.369311,0.368191,0.369232
mobley_5600967,19,-0.424898,-0.423969,-0.424480
mobley_5600967,20,-0.128563,-0.128031,-0.128370
mobley_5600967,21,-0.182169,-0.181168,-0.182233
mobley_5600967,22,-0.144873,-0.144120,-0.144810
mobley_5600967,23,0.176061,0.175653,0.176030
mobley_5600967,24,0.172949,0.172551,0.172920
mobley_5600967,25,0.285937,0.285153,0.285804
mobley_5616693,0,-0.948553,-0.946030,-0.946625
mobley_5616693,1,0.082800,0.082460,0.080986
mobley_5616693,2,-0.528094,-0.526680,-0.527667
mobley_5616693,3,-0.456362,-0.455037,-0.456252
mobley_5616693,4,-0.307750,-0.306921,-0.308081
mobley_5616693,5,-0.094121,-0.094450,-0.094699
mobley_5616693,6,-1.680355,-1.680091,-1.680295
mobley_5616693,7,-0.603711,-0.602056,-0.603045
mobley_5616693,8,0.022263,0.021971,0.020872
mobley_5616693,9,-0.859107,-0.856876,-0.857422
mobley_5616693,10,-0.921584,-0.919100,-0.919785
mobley_5616693,11,0.343311,0.342372,0.343067
mobley_5616693,12,0.443190,0.441897,0.442868
mobley_5616693,13,0.330600,0.329708,0.330355
mobley_5616693,14,0.009585,0.009746,0.009516
mobley_5616693,15,0.232375,0.231648,0.232274
mobley_5616693,16,0.100112,0.099988,0.100019
mobley_5616693,17,0.137631,0.137235,0.137568
mobley_5616693,18,0.044193,0.044093,0.044230
mobley_5616693,19,-0.045294,-0.044750,-0.045592
mobley_5616693,20,0.113977,0.113744,0.113944
mobley_5616693,21,0.183353,0.183032,0.182974
mobley_5616693,22,-0.001856,-0.001615,-0.001901
mobley_5616693,23,0.389876,0.388657,0.389660
mobley_5616693,24,0.222360,0.221725,0.222226
mobley_5616693,25,0.334746,0.333847,0.334495
mobley_5616693,26,0.347924,0.346989,0.347654
mobley_5616693,27,0.392716,0.391547,0.392455
mobley_5616693,28,0.293099,0.292333,0.292873
mobley_5627459,0,-0.931758,-0.929382,-0.929814
mobley_5627459,1,0.107256,0.106894,0.105260
mobley_5627459,2,-0.901556,-0.899433,-0.899550
mobley_5627459,3,-0.535207,-0.534468,-0.534130
mobley_5627459,4,-1.810340,-1.810572,-1.810073
mobley_5627459,5,0.323847,0.322980,0.323602
mobley_5627459,6,0.477233,0.475866,0.476831
mobley_5627459,7,0.273238,0.272542,0.273043
mobley_5627459,8,0.038628,0.039025,0.038203
mobley_5627459,9,0.398660,0.397729,0.398119
mobley_5627459,10,0.269392,0.268848,0.269035
mobley_5627459,11,0.325727,0.324836,0.325492
mobley_5627459,12,-0.060834,-0.060385,-0.060834
mobley_5631798,0,-1.431178,-1.433721,-1.432988
mobley_5631798,1,-1.048921,-1.046745,-1.049642
mobley_5631798,2,-1.048923,-1.046747,-1.049645
mobley_5631798,3,-1.048922,-1.046746,-1.049645
mobley_5665561,0,-0.888206,-0.885895,-0.886526
mobley_5665561,1,0.086841,0.085896,0.085454
mobley_5665561,2,-0.631551,-0.630638,-0.630141
mobley_5665561,3,0.035831,0.035075,0.034615
mobley_5665561,4,-0.230713,-0.231014,-0.230695
mobley_5665561,5,-0.485910,-0.485178,-0.485237
mobley_5665561,6,-0.381587,-0.381213,-0.381288
mobley_5665561,7,-0.378599,-0.378227,-0.378315
mobley_5665561,8,-0.425671,-0.425169,-0.425212
mobley_5665561,9,-0.063154,-0.063833,-0.063839
mobley_5665561,10,-0.564520,-0.563688,-0.563474
mobley_5665561,11,-0.809043,-0.806817,-0.807767
mobley_5665561,12,0.271942,0.271257,0.271780
mobley_5665561,13,0.317313,0.316364,0.317177
mobley_5665561,14,0.271290,0.270607,0.271130
mobley_5665561,15,-0.094541,-0.093980,-0.094483
mobley_5665561,16,-0.219458,-0.218574,-0.219224
mobley_5665561,17,-0.148641,-0.147980,-0.148481
mobley_5665561,18,-0.148409,-0.147752,-0.148247
mobley_5665561,19,-0.168720,-0.167993,-0.168525
mobley_5665561,20,-0.117959,-0.117388,-0.117818
mobley_5665561,21,0.155667,0.155239,0.155696
mobley_5665561,22,0.301884,0.301133,0.301687
mobley_5665561,23,0.156678,0.156246,0.156707
mobley_5690766,0,-0.777505,-0.775922,-0.775838
mobley_5690766,1,-0.354483,-0.354052,-0.354320
mobley_5690766,2,-0.487828,-0.486617,-0.487517
mobley_5690766,3,-0.487829,-0.486618,-0.487518
mobley_5690766,4,-0.354483,-0.354052,-0.354320
mobley_5690766,5,-0.777505,-0.775921,-0.775837
mobley_5690766,6,0.038332,0.038503,0.038244
mobley_5690766,7,-0.022895,-0.022552,-0.022920
mobley_5690766,8,0.051658,0.051688,0.051596
mobley_5690766,9,0.248631,0.248034,0.248421
mobley_5690766,10,0.188308,0.187836,0.188183
mobley_5690766,11,0.248630,0.248033,0.248420
mobley_5690766,12,0.188313,0.187841,0.188189
mobley_5690766,13,0.051655,0.051686,0.051594
mobley_5690766,14,-0.022895,-0.022552,-0.022920
mobley_5690766,15,0.038332,0.038503,0.038244
mobley_5692472,0,-0.492248,-0.490748,-0.491457
mobley_5692472,1,-1.353774,-1.353875,-1.353861
mobley_5692472,2,-0.492246,-0.490747,-0.491456
mobley_5692472,3,0.409554,0.408483,0.409331
mobley_5692472,4,0.346592,0.345650,0.346463
mobley_5692472,5,0.515331,0.513851,0.515051
mobley_5692472,6,-1.563982,-1.559918,-1.564642
mobley_5692472,7,0.346593,0.345652,0.346464
mobley_5692472,8,0.409555,0.408483,0.409331
mobley_5692472,9,0.515330,0.513851,0.515051
mobley_5708811,0,-0.848401,-0.846474,-0.846598
mobley_5708811,1,0.066028,0.065188,0.067058
mobley_5708811,2,-0.170797,-0.171835,-0.170680
mobley_5708811,3,0.477394,0.475348,0.472931
mobley_5708811,4,-0.313171,-0.313008,-0.313336
mobley_5708811,5,-0.313432,-0.313253,-0.313605
mobley_5708811,6,0.498767,0.496179,0.494737
mobley_5708811,7,-0.053476,-0.053922,-0.054800
mobley_5708811,8,-0.169661,-0.170550,-0.169835
mobley_5708811,9,-0.993925,-0.993396,-0.993275
mobley_5708811,10,-2.333455,-2.331915,-2.336975
mobley_5708811,11,-1.113869,-1.113653,-1.113534
mobley_5708811,12,-1.152026,-1.151925,-1.151836
mobley_5708811,13,-0.040038,-0.039617,-0.039397
mobley_5708811,14,0.267206,0.266491,0.267138
mobley_5708811,15,0.159783,0.159370,0.159813
mobley_5708811,16,-0.311618,-0.310214,-0.311015
mobley_5708811,17,-0.309026,-0.307633,-0.308429
mobley_5708811,18,-0.031211,-0.029611,-0.032675
mobley_5732611,0,-0.943077,-0.940696,-0.941237
mobley_5732611,1,-0.002189,-0.003316,-0.002592
mobley_5732611,2,-0.505560,-0.505288,-0.504156
mobley_5732611,3,-1.377952,-1.378845,-1.378563
mobley_5732611,4,-0.172229,-0.172817,-0.171606
mobley_5732611,5,-1.368901,-1.369532,-1.369289
mobley_5732611,6,0.246005,0.245067,0.246035
mobley_5732611,7,0.050813,0.050629,0.050806
mobley_5732611,8,0.050822,0.050638,0.050815
mobley_5732611,9,-0.190748,-0.190408,-0.190257
mobley_5732611,10,-1.994186,-1.989471,-1.994411
mobley_5732611,11,-0.004688,-0.004503,-0.004325
mobley_5747188,0,-0.551399,-0.549550,-0.550895
mobley_5747188,1,-0.009816,-0.010971,-0.010455
mobley_5747188,2,-0.494409,-0.493764,-0.493635
mobley_5747188,3,-0.376784,-0.376442,-0.376517
mobley_5747188,4,-0.371691,-0.371286,-0.371488
mobley_5747188,5,-0.471632,-0.471407,-0.470697
mobley_5747188,6,0.250106,0.249093,0.248538
mobley_5747188,7,-1.349515,-1.349516,-1.349466
mobley_5747188,8,-0.395578,-0.395456,-0.392086
mobley_5747188,9,-0.329715,-0.328964,-0.326482
mobley_5747188,10,-0.021758,-0.021972,-0.021663
mobley_5747188,11,0.000789,0.000902,0.000565
mobley_5747188,12,0.303121,0.302349,0.302983
mobley_5747188,13,-0.134505,-0.133840,-0.134388
mobley_5747188,14,-0.145616,-0.144968,-0.145458
mobley_5747188,15,-0.145986,-0.145332,-0.145819
mobley_5747188,16,-0.202169,-0.201287,-0.202058
mobley_5747981,0,-0.983669,-0.981577,-0.981156
mobley_5747981,1,-0.596329,-0.598066,-0.592711
mobley_5747981,2,-0.663973,-0.662354,-0.662802
mobley_5747981,3,-0.371508,-0.372215,-0.369802
mobley_5747981,4,-0.939383,-0.938675,-0.938968
mobley_5747981,5,-1.010990,-1.008873,-1.008288
mobley_5747981,6,-1.029181,-1.029614,-1.027673
mobley_5747981,7,-1.024083,-1.022262,-1.020905
mobley_5747981,8,-0.768063,-0.768179,-0.766480
mobley_5747981,9,-1.023552,-1.021684,-1.020468
mobley_5747981,10,0.316152,0.315321,0.315946
mobley_5747981,11,0.324537,0.323678,0.324326
mobley_5747981,12,0.276816,0.276110,0.276637
mobley_5747981,13,0.229282,0.228869,0.228910
mobley_5747981,14,0.134477,0.134576,0.133954
mobley_5747981,15,0.287737,0.286954,0.287576
mobley_5747981,16,0.269410,0.268645,0.269318
mobley_5747981,17,0.271858,0.271420,0.271380
mobley_5747981,18,0.243072,0.242318,0.243018
mobley_5747981,19,0.324542,0.323636,0.324355
mobley_5747981,20,0.235429,0.234790,0.235256
mobley_5747981,21,0.299758,0.299062,0.299415
mobley_5747981,22,0.256531,0.255925,0.256324
mobley_5747981,23,0.287899,0.287123,0.287760
mobley_5759258,0,-0.843205,-0.840981,-0.841671
mobley_5759258,1,-0.399874,-0.398853,-0.399920
mobley_5759258,2,-0.537263,-0.535895,-0.536739
mobley_5759258,3,-0.413903,-0.412747,-0.413989
mobley_5759258,4,-0.654724,-0.653540,-0.653303
mobley_5759258,5,-3.010418,-3.010306,-3.012380
mobley_5759258,6,0.280196,0.279515,0.279970
mobley_5759258,7,0.412502,0.411338,0.412181
mobley_5759258,8,0.412424,0.411260,0.412103
mobley_5759258,9,0.288817,0.288073,0.288552
mobley_5759258,10,0.288139,0.287399,0.287875
mobley_5759258,11,0.340536,0.339599,0.340226
mobley_5759258,12,0.344410,0.343454,0.344095
mobley_5759258,13,0.397849,0.396729,0.397479
mobley_5759258,14,0.299833,0.299110,0.299494
mobley_5759258,15,0.272720,0.271963,0.272539
mobley_5759258,16,0.177682,0.177300,0.177546
mobley_5759258,17,0.173313,0.174519,0.171350
mobley_5760563,0,-0.953662,-0.952020,-0.950824
mobley_5760563,1,0.098415,0.101691,0.102477
mobley_5760563,2,-0.694482,-0.692689,-0.695950
mobley_5760563,3,-0.950880,-0.949212,-0.949358
mobley_5760563,4,-1.110539,-1.108671,-1.109279
mobley_5760563,5,0.102781,0.106456,0.106592
mobley_5760563,6,-0.956067,-0.954451,-0.953180
mobley_5760563,7,0.191610,0.191126,0.191214
mobley_5760563,8,0.286520,0.285737,0.286342
mobley_5760563,9,0.214049,0.213876,0.213250
mobley_5760563,10,0.284949,0.284167,0.284765
mobley_5760563,11,0.200159,0.199759,0.199663
mobley_5760563,12,0.207355,0.207035,0.206743
mobley_5816127,0,-0.988199,-0.986083,-0.985663
mobley_5816127,1,-0.763944,-0.765196,-0.761396
mobley_5816127,2,-0.587750,-0.586709,-0.586638
mobley_5816127,3,-0.580191,-0.579148,-0.579143
mobley_5816127,4,-3.037182,-3.038022,-3.038222
mobley_5816127,5,0.323796,0.322919,0.323584
mobley_5816127,6,0.272216,0.271517,0.272050
mobley_5816127,7,0.320753,0.319909,0.320538
mobley_5816127,8,0.261262,0.260664,0.260981
mobley_5816127,9,0.145970,0.145856,0.145712
mobley_5816127,10,0.147083,0.146899,0.146883
mobley_5816127,11,0.148005,0.147808,0.147797
mobley_5816127,12,0.171963,0.173033,0.170149
mobley_5852491,0,-0.980630,-0.978070,-0.978534
mobley_5852491,1,-0.122903,-0.122856,-0.123763
mobley_5852491,2,-0.672000,-0.670451,-0.670833
mobley_5852491,3,-0.496771,-0.495566,-0.496385
mobley_5852491,4,-0.496771,-0.495565,-0.496384
mobley_5852491,5,-0.672000,-0.670451,-0.670833
mobley_5852491,6,0.395426,0.394241,0.395181
mobley_5852491,7,0.351985,0.351047,0.351714
mobley_5852491,8,0.395428,0.394243,0.395183
mobley_5852491,9,0.186861,0.186407,0.186675
mobley_5852491,10,0.269054,0.268306,0.268852
mobley_5852491,11,0.119723,0.119377,0.119692
mobley_5852491,12,0.162719,0.162292,0.162643
mobley_5852491,13,0.213890,0.213239,0.213809
mobley_5852491,14,0.213889,0.213238,0.213808
mobley_5852491,15,0.162716,0.162290,0.162640
mobley_5852491,16,0.119725,0.119379,0.119694
mobley_5852491,17,0.269055,0.268307,0.268853
mobley_5857,0,-0.376566,-0.376216,-0.376317
mobley_5857,1,-0.370163,-0.369734,-0.369976
mobley_5857,2,-0.498379,-0.497838,-0.497681
mobley_5857,3,-0.026302,-0.027429,-0.026506
mobley_5857,4,-0.179567,-0.180182,-0.179785
mobley_5857,5,-0.430571,-0.429981,-0.430145
mobley_5857,6,-0.274601,-0.274216,-0.274732
mobley_5857,7,-0.450976,-0.450545,-0.450460
mobley_5857,8,-0.270468,-0.270590,-0.270062
mobley_5857,9,-1.346148,-1.346032,-1.346048
mobley_5857,10,-0.146085,-0.145436,-0.145923
mobley_5857,11,-0.147767,-0.147109,-0.147593
mobley_5857,12,-0.138323,-0.137664,-0.138123
mobley_5857,13,-0.166795,-0.166086,-0.166585
mobley_5857,14,-0.166350,-0.165670,-0.166097
mobley_5857,15,-0.240419,-0.239747,-0.240093
mobley_5857,16,-0.117795,-0.117362,-0.117474
mobley_5880265,0,-0.841702,-0.839486,-0.840178
mobley_5880265,1,-0.374041,-0.373387,-0.373886
mobley_5880265,2,-0.436643,-0.435453,-0.436616
mobley_5880265,3,-0.665850,-0.664603,-0.664375
mobley_5880265,4,-0.963432,-0.964501,-0.961159
mobley_5880265,5,-0.545106,-0.544121,-0.544194
mobley_5880265,6,-0.580319,-0.579278,-0.579271
mobley_5880265,7,-3.037529,-3.038356,-3.038586
mobley_5880265,8,0.414428,0.413259,0.414111
mobley_5880265,9,0.280044,0.279365,0.279817
mobley_5880265,10,0.408731,0.407584,0.408410
mobley_5880265,11,0.218204,0.217826,0.217851
mobley_5880265,12,0.281368,0.280711,0.281021
mobley_5880265,13,0.296897,0.296191,0.296550
mobley_5880265,14,0.211978,0.211632,0.211634
mobley_5880265,15,0.111187,0.111049,0.111101
mobley_5880265,16,0.252321,0.251647,0.252146
mobley_5880265,17,0.254157,0.253551,0.253900
mobley_5880265,18,0.140054,0.139927,0.139815
mobley_5880265,19,0.148051,0.147853,0.147842
mobley_5880265,20,0.146372,0.146188,0.146165
mobley_5880265,21,0.171064,0.172146,0.169248
mobley_588781,0,-0.843136,-0.840912,-0.841602
mobley_588781,1,-0.396913,-0.395900,-0.396971
mobley_588781,2,-0.520861,-0.519517,-0.520409
mobley_588781,3,-0.501269,-0.499933,-0.500929
mobley_588781,4,-0.408846,-0.407727,-0.408922
mobley_588781,5,-0.551749,-0.550302,-0.551227
mobley_588781,6,-0.053593,-0.054207,-0.054347
mobley_588781,7,-0.501002,-0.500373,-0.500157
mobley_588781,8,-0.379749,-0.379384,-0.379433
mobley_588781,9,-0.399314,-0.398944,-0.398911
mobley_588781,10,-0.379749,-0.379383,-0.379432
mobley_588781,11,-0.501001,-0.500372,-0.500156
mobley_588781,12,0.412474,0.411310,0.412153
mobley_588781,13,0.280200,0.279519,0.279973
mobley_588781,14,0.412471,0.411306,0.412149
mobley_588781,15,0.287306,0.286568,0.287042
mobley_588781,16,0.287299,0.286560,0.287034
mobley_588781,17,0.339338,0.338407,0.339034
mobley_588781,18,0.339340,0.338408,0.339036
mobley_588781,19,0.338640,0.337696,0.338354
mobley_588781,20,0.338635,0.337692,0.338349
mobley_588781,21,0.307853,0.306897,0.307685
mobley_588781,22,0.307854,0.306898,0.307685
mobley_588781,23,0.206729,0.206215,0.206608
mobley_588781,24,0.206726,0.206213,0.206605
mobley_588781,25,-0.111121,-0.110678,-0.110960
mobley_588781,26,-0.147419,-0.146769,-0.147256
mobley_588781,27,-0.146346,-0.145707,-0.146189
mobley_588781,28,-0.147418,-0.146768,-0.147256
mobley_588781,29,-0.111121,-0.110678,-0.110960
mobley_5890803,0,-0.853969,-0.851734,-0.852396
mobley_5890803,1,-0.313112,-0.312264,-0.313617
mobley_5890803,2,-0.660953,-0.659863,-0.659389
mobley_5890803,3,-1.102005,-1.101705,-1.101292
mobley_5890803,4,-0.253315,-0.253704,-0.252901
mobley_5890803,5,-2.088955,-2.088753,-2.089454
mobley_5890803,6,-0.371253,-0.370174,-0.371609
mobley_5890803,7,-0.770621,-0.768815,-0.769161
mobley_5890803,8,0.413664,0.412496,0.413341
mobley_5890803,9,0.281199,0.280510,0.280973
mobley_5890803,10,0.413676,0.412507,0.413353
mobley_5890803,11,0.274994,0.274352,0.274708
mobley_5890803,12,0.274995,0.274353,0.274708
mobley_5890803,13,0.182854,0.182492,0.182675
mobley_5890803,14,0.182840,0.182479,0.182662
mobley_5890803,15,0.173141,0.173073,0.172672
mobley_5890803,16,0.173142,0.173074,0.172673
mobley_5890803,17,0.352705,0.351937,0.352228
mobley_5890803,18,0.277920,0.277214,0.277726
mobley_5890803,19,0.352707,0.351939,0.352229
mobley_590519,0,-0.697497,-0.695495,-0.696458
mobley_590519,1,-0.357458,-0.356110,-0.357261
mobley_590519,2,-0.937080,-0.937438,-0.936772
mobley_590519,3,-0.941050,-0.941406,-0.940761
mobley_590519,4,-0.301953,-0.300740,-0.302002
mobley_590519,5,-0.763856,-0.761677,-0.762535
mobley_590519,6,0.220057,0.219198,0.219540
mobley_590519,7,0.298512,0.297596,0.298096
mobley_590519,8,0.308505,0.307718,0.308282
mobley_590519,9,0.206824,0.206458,0.206714
mobley_590519,10,0.094731,0.094391,0.094632
mobley_590519,11,0.137845,0.137510,0.137667
mobley_590519,12,0.206321,0.205931,0.206226
mobley_590519,13,0.351011,0.349849,0.350576
mobley_590519,14,0.311729,0.310933,0.311495
mobley_590519,15,0.156653,0.155958,0.156268
mobley_5917842,0,-0.889295,-0.886977,-0.887613
mobley_5917842,1,0.066429,0.065481,0.065173
mobley_5917842,2,-0.512629,-0.511970,-0.511733
mobley_5917842,3,-0.440349,-0.439741,-0.439878
mobley_5917842,4,-0.273623,-0.273949,-0.273308
mobley_5917842,5,-0.237954,-0.238304,-0.237789
mobley_5917842,6,-0.599834,-0.598809,-0.598689
mobley_5917842,7,-1.117932,-1.118693,-1.116499
mobley_5917842,8,-0.933779,-0.931761,-0.931521
mobley_5917842,9,-3.129859,-3.130030,-3.131848
mobley_5917842,10,0.315088,0.314149,0.314954
mobley_5917842,11,0.268539,0.267862,0.268380
mobley_5917842,12,0.275817,0.275122,0.275651
mobley_5917842,13,-0.112893,-0.112346,-0.112773
mobley_5917842,14,-0.121312,-0.120706,-0.121187
mobley_5917842,15,-0.127086,-0.126268,-0.127206
mobley_5917842,16,0.286646,0.285880,0.286501
mobley_5917842,17,0.172021,0.171629,0.171986
mobley_5917842,18,0.174041,0.173641,0.174002
mobley_5917842,19,-0.000539,0.001062,-0.002172
mobley_5935995,0,-0.827608,-0.825283,-0.826206
mobley_5935995,1,-0.662384,-0.660702,-0.661343
mobley_5935995,2,0.502082,0.500596,0.498720
mobley_5935995,3,-1.060759,-1.057943,-1.058361
mobley_5935995,4,-1.060760,-1.057944,-1.058362
mobley_5935995,5,-1.035884,-1.033158,-1.033565
mobley_5935995,6,0.395828,0.394614,0.395565
mobley_5935995,7,0.395825,0.394611,0.395563
mobley_5935995,8,0.294796,0.294051,0.294561
mobley_5935995,9,0.233216,0.232661,0.232979
mobley_5935995,10,0.233220,0.232665,0.232983
mobley_5935995,11,0.367740,0.366611,0.367492
mobley_5935995,12,0.406622,0.405450,0.406308
mobley_5935995,13,0.331585,0.330657,0.331324
mobley_5935995,14,0.331589,0.330662,0.331329
mobley_5935995,15,0.367741,0.366612,0.367493
mobley_5935995,16,0.406620,0.405448,0.406307
mobley_5935995,17,0.362104,0.361149,0.361795
mobley_5935995,18,0.395968,0.394812,0.395681
mobley_5935995,19,0.395967,0.394812,0.395681
mobley_5948990,0,-0.372878,-0.372483,-0.372681
mobley_5948990,1,-0.372258,-0.371873,-0.372077
mobley_5948990,2,-0.465103,-0.464766,-0.464342
mobley_5948990,3,0.306937,0.305705,0.305085
mobley_5948990,4,0.154488,0.152817,0.153762
mobley_5948990,5,-0.515588,-0.515002,-0.514804
mobley_5948990,6,-1.377902,-1.378721,-1.378530
mobley_5948990,7,-1.322204,-1.321287,-1.321569
mobley_5948990,8,-0.346735,-0.346843,-0.343258
mobley_5948990,9,0.337695,0.338643,0.342013
mobley_5948990,10,-0.146999,-0.146340,-0.146832
mobley_5948990,11,-0.145954,-0.145300,-0.145790
mobley_5948990,12,-0.224250,-0.223430,-0.223988
mobley_5948990,13,-0.196089,-0.195228,-0.195912
mobley_5948990,14,-1.386797,-1.383309,-1.387377
mobley_5948990,15,-1.417128,-1.413650,-1.417708
mobley_5952846,0,1.224186,1.219783,1.214980
mobley_5952846,1,1.224185,1.219782,1.214980
mobley_5952846,2,-1.010617,-1.010275,-1.009962
mobley_5952846,3,-1.010617,-1.010275,-1.009962
mobley_5952846,4,-1.010617,-1.010275,-1.009962
mobley_5952846,5,-1.010617,-1.010275,-1.009962
mobley_5973402,0,-0.946325,-0.943837,-0.944368
mobley_5973402,1,0.039086,0.038896,0.037444
mobley_5973402,2,-0.965567,-0.963009,-0.963553
mobley_5973402,3,-0.560328,-0.558827,-0.559796
mobley_5973402,4,-0.639600,-0.638383,-0.638276
mobley_5973402,5,-2.995681,-2.995574,-2.997631
mobley_5973402,6,0.320663,0.319819,0.320407
mobley_5973402,7,0.494461,0.492947,0.494112
mobley_5973402,8,0.318925,0.318121,0.318655
mobley_5973402,9,0.118789,0.118638,0.118596
mobley_5973402,10,0.454537,0.453133,0.454211
mobley_5973402,11,0.306780,0.305928,0.306552
mobley_5973402,12,0.353503,0.352546,0.353215
mobley_5973402,13,0.328194,0.327378,0.327803
mobley_5973402,14,0.317831,0.316948,0.317559
mobley_5973402,15,0.139913,0.139634,0.139812
mobley_5973402,16,0.264751,0.263944,0.264607
mobley_5973402,17,0.163536,0.164770,0.161585
mobley_5977084,0,-0.912117,-0.909722,-0.910377
mobley_5977084,1,-0.028373,-0.029257,-0.029264
mobley_5977084,2,-0.374469,-0.373934,-0.374083
mobley_5977084,3,-0.454014,-0.453584,-0.453455
mobley_5977084,4,-0.313523,-0.313595,-0.312897
mobley_5977084,5,-1.343975,-1.343791,-1.343824
mobley_5977084,6,-0.449576,-0.449335,-0.448343
mobley_5977084,7,0.278860,0.278151,0.278736
mobley_5977084,8,0.273352,0.272657,0.273205
mobley_5977084,9,0.303810,0.302939,0.303704
mobley_5977084,10,-0.113669,-0.113159,-0.113499
mobley_5977084,11,-0.241065,-0.240395,-0.240737
mobley_5977084,12,-0.117319,-0.116891,-0.117010
mobley_5977084,13,-0.087067,-0.086750,-0.086789
mobley_6006813,0,-0.842415,-0.840191,-0.840885
mobley_6006813,1,-0.423796,-0.422707,-0.423790
mobley_6006813,2,-0.515413,-0.514684,-0.514529
mobley_6006813,3,0.117444,0.117968,0.115646
mobley_6006813,4,-1.342161,-1.341929,-1.341948
mobley_6006813,5,-0.796824,-0.797023,-0.793392
mobley_6006813,6,-0.796821,-0.797019,-0.793389
mobley_6006813,7,0.412418,0.411254,0.412098
mobley_6006813,8,0.280256,0.279574,0.280029
mobley_6006813,9,0.412421,0.411257,0.412100
mobley_6006813,10,0.292484,0.291755,0.292249
mobley_6006813,11,0.292484,0.291756,0.292249
mobley_6006813,12,0.215136,0.214905,0.214528
mobley_6006813,13,0.215132,0.214902,0.214524
mobley_6006813,14,0.279498,0.278943,0.279213
mobley_6006813,15,0.279496,0.278942,0.279212
mobley_6055410,0,-0.417833,-0.417264,-0.417469
mobley_6055410,1,-0.432325,-0.431724,-0.431923
mobley_6055410,2,-0.239580,-0.240311,-0.239052
mobley_6055410,3,-0.071925,-0.072301,-0.072904
mobley_6055410,4,-0.273477,-0.273298,-0.274357
mobley_6055410,5,0.028966,0.028230,0.027086
mobley_6055410,6,-0.159840,-0.160222,-0.160000
mobley_6055410,7,-0.384522,-0.383928,-0.384430
mobley_6055410,8,-0.438232,-0.437745,-0.437477
mobley_6055410,9,-0.082121,-0.082853,-0.083167
mobley_6055410,10,-0.497593,-0.496970,-0.496341
mobley_6055410,11,-0.120989,-0.121500,-0.121954
mobley_6055410,12,-0.167130,-0.167124,-0.167139
mobley_6055410,13,-0.167244,-0.167244,-0.167243
mobley_6055410,14,-0.305929,-0.306494,-0.305058
mobley_6055410,15,-1.626287,-1.626483,-1.626172
mobley_6055410,16,-2.856070,-2.855527,-2.858562
mobley_6055410,17,-2.854048,-2.853763,-2.856057
mobley_6055410,18,-0.203106,-0.202385,-0.202786
mobley_6055410,19,-0.119812,-0.119236,-0.119655
mobley_6055410,20,-0.224074,-0.223332,-0.223458
mobley_6055410,21,-0.200959,-0.200245,-0.200634
mobley_6055410,22,-0.136004,-0.135380,-0.135792
mobley_6055410,23,-0.127795,-0.127188,-0.127531
mobley_6055410,24,-0.001941,-0.000403,-0.003491
mobley_6055410,25,0.073061,0.075148,0.070594
mobley_6060301,0,-0.843137,-0.840913,-0.841602
mobley_6060301,1,-0.396892,-0.395878,-0.396950
mobley_6060301,2,-0.521045,-0.519701,-0.520593
mobley_6060301,3,-0.505577,-0.504200,-0.505252
mobley_6060301,4,-0.526265,-0.525057,-0.525824
mobley_6060301,5,-0.054107,-0.053775,-0.054897
mobley_6060301,6,-1.399001,-1.400529,-1.400091
mobley_6060301,7,0.412462,0.411298,0.412141
mobley_6060301,8,0.412468,0.411303,0.412146
mobley_6060301,9,0.280202,0.279521,0.279976
mobley_6060301,10,0.287276,0.286538,0.287012
mobley_6060301,11,0.287303,0.286565,0.287039
mobley_6060301,12,0.338951,0.338022,0.338648
mobley_6060301,13,0.339244,0.338313,0.338941
mobley_6060301,14,0.340252,0.339318,0.339993
mobley_6060301,15,0.338985,0.338061,0.338732
mobley_6060301,16,0.272643,0.271882,0.272350
mobley_6060301,17,0.168795,0.168400,0.168565
mobley_6060301,18,0.344282,0.343312,0.344128
mobley_6060301,19,0.241932,0.241365,0.241829
mobley_6060301,20,-1.407875,-1.404410,-1.408496
mobley_6060301,21,-1.230260,-1.227415,-1.230988
mobley_6081058,0,-0.840151,-0.837935,-0.838630
mobley_6081058,1,-0.405909,-0.404853,-0.405957
mobley_6081058,2,-0.536672,-0.535292,-0.536165
mobley_6081058,3,-0.486862,-0.485568,-0.486587
mobley_6081058,4,-0.511286,-0.509949,-0.510917
mobley_6081058,5,-0.393985,-0.393459,-0.393637
mobley_6081058,6,-0.410411,-0.409829,-0.410078
mobley_6081058,7,-0.393429,-0.393079,-0.392934
mobley_6081058,8,-1.311890,-1.312084,-1.311241
mobley_6081058,9,0.424039,0.422822,0.423719
mobley_6081058,10,0.279737,0.279059,0.279509
mobley_6081058,11,0.399632,0.398523,0.399312
mobley_6081058,12,0.278059,0.277311,0.277815
mobley_6081058,13,0.254083,0.253423,0.253862
mobley_6081058,14,0.211935,0.211467,0.211724
mobley_6081058,15,0.310573,0.309752,0.310293
mobley_6081058,16,0.205664,0.205194,0.205490
mobley_6081058,17,0.277427,0.276675,0.277213
mobley_6081058,18,0.282723,0.281972,0.282498
mobley_6081058,19,0.161659,0.161249,0.161578
mobley_6081058,20,0.051872,0.051892,0.051824
mobley_6081058,21,0.007917,0.008181,0.007849
mobley_6081058,22,-0.046770,-0.046326,-0.046753
mobley_6082662,0,-0.516860,-0.516267,-0.516068
mobley_6082662,1,-0.447901,-0.447545,-0.447246
mobley_6082662,2,0.449236,0.447771,0.446774
mobley_6082662,3,-0.447898,-0.447542,-0.447244
mobley_6082662,4,-0.516856,-0.516263,-0.516064
mobley_6082662,5,0.179759,0.178251,0.178696
mobley_6082662,6,-1.405512,-1.407252,-1.406744
mobley_6082662,7,-1.348793,-1.348774,-1.348727
mobley_6082662,8,-0.328231,-0.328260,-0.324565
mobley_6082662,9,-0.328216,-0.328246,-0.324550
mobley_6082662,10,-0.236576,-0.235630,-0.236383
mobley_6082662,11,-0.281979,-0.281052,-0.281666
mobley_6082662,12,-0.281980,-0.281054,-0.281668
mobley_6082662,13,-0.236577,-0.235631,-0.236384
mobley_6082662,14,-1.429186,-1.425684,-1.429789
mobley_6082662,15,-1.429185,-1.425681,-1.429787
mobley_6091882,0,-0.687297,-0.685914,-0.686027
mobley_6091882,1,-0.687297,-0.685914,-0.686027
mobley_6091882,2,0.058967,0.059061,0.058868
mobley_6091882,3,0.058967,0.059061,0.058869
mobley_6091882,4,0.058967,0.059060,0.058868
mobley_6091882,5,0.058967,0.059061,0.058869
mobley_6102880,0,-0.398698,-0.398327,-0.398289
mobley_6102880,1,-0.377181,-0.376838,-0.376868
mobley_6102880,2,-0.427052,-0.426511,-0.426641
mobley_6102880,3,-0.163933,-0.164499,-0.164060
mobley_6102880,4,-0.385479,-0.384940,-0.385292
mobley_6102880,5,-0.376237,-0.375897,-0.375938
mobley_6102880,6,-1.573165,-1.573397,-1.572775
mobley_6102880,7,-0.163932,-0.164498,-0.164058
mobley_6102880,8,-0.385482,-0.384943,-0.385296
mobley_6102880,9,-0.376235,-0.375895,-0.375937
mobley_6102880,10,-0.398698,-0.398326,-0.398289
mobley_6102880,11,-0.377179,-0.376836,-0.376866
mobley_6102880,12,-0.427051,-0.426510,-0.426640
mobley_6102880,13,-0.144983,-0.144349,-0.144828
mobley_6102880,14,-0.145818,-0.145174,-0.145657
mobley_6102880,15,-0.130216,-0.129626,-0.130056
mobley_6102880,16,-0.204444,-0.203616,-0.204261
mobley_6102880,17,-0.146720,-0.146072,-0.146558
mobley_6102880,18,-0.204447,-0.203619,-0.204263
mobley_6102880,19,-0.146719,-0.146072,-0.146558
mobley_6102880,20,-0.144983,-0.144349,-0.144828
mobley_6102880,21,-0.145816,-0.145173,-0.145655
mobley_6102880,22,-0.130214,-0.129625,-0.130054
mobley_6115639,0,-0.960133,-0.958471,-0.957270
mobley_6115639,1,-1.942482,-1.937013,-1.942460
mobley_6115639,2,2.095042,2.117315,2.077759
mobley_6115639,3,-2.386233,-2.381887,-2.387165
mobley_6115639,4,-1.942498,-1.937029,-1.942476
mobley_6115639,5,-0.960139,-0.958477,-0.957276
mobley_6115639,6,-1.942509,-1.937039,-1.942486
mobley_6115639,7,-0.960135,-0.958473,-0.957272
mobley_6115639,8,0.334060,0.333022,0.333556
mobley_6115639,9,0.329051,0.328073,0.328544
mobley_6115639,10,0.300269,0.299458,0.300043
mobley_6115639,11,0.329066,0.328089,0.328560
mobley_6115639,12,0.300270,0.299459,0.300044
mobley_6115639,13,0.334056,0.333018,0.333552
mobley_6115639,14,0.300270,0.299459,0.300044
mobley_6115639,15,0.329048,0.328071,0.328542
mobley_6115639,16,0.334061,0.333023,0.333557
mobley_6175884,0,-0.897362,-0.895024,-0.895645
mobley_6175884,1,0.048286,0.047342,0.047114
mobley_6175884,2,-0.511631,-0.510963,-0.510756
mobley_6175884,3,-0.421414,-0.421170,-0.420679
mobley_6175884,4,-0.020844,-0.021538,-0.021831
mobley_6175884,5,-0.424054,-0.423569,-0.423554
mobley_6175884,6,-0.510800,-0.510132,-0.509923
mobley_6175884,7,-0.460014,-0.459473,-0.459288
mobley_6175884,8,-1.120007,-1.119929,-1.119383
mobley_6175884,9,0.272995,0.272303,0.272834
mobley_6175884,10,0.273674,0.272980,0.273513
mobley_6175884,11,0.310688,0.309770,0.310553
mobley_6175884,12,-0.108013,-0.107486,-0.107892
mobley_6175884,13,-0.154121,-0.153462,-0.153921
mobley_6175884,14,-0.176927,-0.176183,-0.176727
mobley_6175884,15,-0.108151,-0.107622,-0.108032
mobley_6175884,16,-0.126248,-0.125572,-0.126140
mobley_6190089,0,0.887228,0.884433,0.879428
mobley_6190089,1,0.887223,0.884428,0.879423
mobley_6190089,2,-1.056218,-1.055956,-1.055768
mobley_6190089,3,-1.056217,-1.055954,-1.055766
mobley_6190089,4,-1.056218,-1.055956,-1.055768
mobley_6190089,5,-1.056217,-1.055954,-1.055766
mobley_6190089,6,-0.343740,-0.342147,-0.342781
mobley_6190089,7,-0.343741,-0.342148,-0.342782
mobley_6195751,0,-0.904801,-0.902748,-0.902777
mobley_6195751,1,0.012095,0.011463,0.012582
mobley_6195751,2,-0.128618,-0.129310,-0.129108
mobley_6195751,3,-0.327794,-0.327714,-0.327501
mobley_6195751,4,-0.230762,-0.231212,-0.230831
mobley_6195751,5,0.426502,0.424631,0.422307
mobley_6195751,6,0.210303,0.208923,0.207855
mobley_6195751,7,0.435468,0.433309,0.431485
mobley_6195751,8,-1.118144,-1.118045,-1.117688
mobley_6195751,9,-0.003704,-0.004400,-0.005766
mobley_6195751,10,-0.214971,-0.214651,-0.215710
mobley_6195751,11,-1.110361,-1.110172,-1.109968
mobley_6195751,12,-0.203274,-0.204867,-0.201828
mobley_6195751,13,-0.913905,-0.912047,-0.911625
mobley_6195751,14,-3.213499,-3.214332,-3.214504
mobley_6195751,15,0.305157,0.304328,0.305039
mobley_6195751,16,-0.026490,-0.026079,-0.025895
mobley_6195751,17,0.228340,0.227956,0.228008
mobley_6195751,18,-0.266868,-0.265605,-0.266361
mobley_6195751,19,0.286034,0.285237,0.285950
mobley_6195751,20,0.185738,0.185156,0.185825
mobley_6195751,21,0.232776,0.232267,0.232625
mobley_6195751,22,0.068554,0.069950,0.066869
mobley_6198745,0,-0.822941,-0.820655,-0.821665
mobley_6198745,1,-0.155794,-0.156581,-0.155620
mobley_6198745,2,-1.558653,-1.558317,-1.558728
mobley_6198745,3,-1.171415,-1.173071,-1.168536
mobley_6198745,4,-0.580978,-0.580346,-0.579350
mobley_6198745,5,-0.042903,-0.043497,-0.043533
mobley_6198745,6,-0.667551,-0.666361,-0.666025
mobley_6198745,7,-1.473494,-1.474338,-1.472171
mobley_6198745,8,-0.220776,-0.221228,-0.220522
mobley_6198745,9,-1.877542,-1.877181,-1.877894
mobley_6198745,10,-0.822714,-0.820414,-0.821453
mobley_6198745,11,-1.569077,-1.571214,-1.566433
mobley_6198745,12,-0.075970,-0.077013,-0.076078
mobley_6198745,13,-1.692359,-1.692711,-1.691448
mobley_6198745,14,-0.823062,-0.820755,-0.821811
mobley_6198745,15,0.316085,0.315416,0.315697
mobley_6198745,16,0.299731,0.299522,0.298866
mobley_6198745,17,0.292167,0.291771,0.291562
mobley_6198745,18,0.071873,0.072025,0.071603
mobley_6198745,19,0.082539,0.082832,0.081979
mobley_6198745,20,-0.051309,-0.050833,-0.051377
mobley_6198745,21,0.053050,0.053059,0.053020
mobley_6198745,22,0.114018,0.113818,0.114006
mobley_6198745,23,0.299557,0.299165,0.298941
mobley_6198745,24,0.316169,0.315497,0.315777
mobley_6198745,25,0.295823,0.295349,0.295285
mobley_6198745,26,0.293449,0.293010,0.292893
mobley_6198745,27,0.293161,0.292730,0.292592
mobley_6198745,28,0.316070,0.315400,0.315685
mobley_6201330,0,-0.854139,-0.851904,-0.852565
mobley_6201330,1,-0.312781,-0.311930,-0.313281
mobley_6201330,2,-0.662531,-0.661454,-0.660967
mobley_6201330,3,-0.907251,-0.906913,-0.906530
mobley_6201330,4,-0.279841,-0.280126,-0.279386
mobley_6201330,5,-1.157694,-1.156958,-1.157708
mobley_6201330,6,-0.021465,-0.022009,-0.022571
mobley_6201330,7,-0.399202,-0.398910,-0.398684
mobley_6201330,8,-0.453388,-0.452781,-0.452865
mobley_6201330,9,-0.225438,-0.225995,-0.225226
mobley_6201330,10,-0.379753,-0.379300,-0.379547
mobley_6201330,11,-0.402282,-0.402089,-0.401634
mobley_6201330,12,-3.237715,-3.237633,-3.240095
mobley_6201330,13,0.281193,0.280504,0.280966
mobley_6201330,14,0.413707,0.412539,0.413384
mobley_6201330,15,0.413711,0.412542,0.413388
mobley_6201330,16,0.273708,0.273076,0.273415
mobley_6201330,17,0.273708,0.273075,0.273415
mobley_6201330,18,0.183715,0.183362,0.183534
mobley_6201330,19,0.183721,0.183367,0.183539
mobley_6201330,20,-0.173578,-0.172964,-0.173271
mobley_6201330,21,-0.121360,-0.120770,-0.121229
mobley_6201330,22,-0.160794,-0.159995,-0.160730
mobley_6201330,23,-0.147782,-0.147173,-0.147556
mobley_6201330,24,0.013128,0.014867,0.011344
mobley_6232400,0,-0.447561,-0.447148,-0.447046
mobley_6232400,1,-0.270932,-0.270851,-0.270753
mobley_6232400,2,-0.098067,-0.098702,-0.098777
mobley_6232400,3,-0.353774,-0.353743,-0.352960
mobley_6232400,4,-1.343590,-1.343393,-1.343431
mobley_6232400,5,-0.306163,-0.306250,-0.305568
mobley_6232400,6,-0.472746,-0.472137,-0.472009
mobley_6232400,7,-1.131970,-1.131869,-1.131375
mobley_6232400,8,-0.234990,-0.234335,-0.234666
mobley_6232400,9,-0.156876,-0.156227,-0.156647
mobley_6232400,10,-0.151499,-0.150974,-0.151145
mobley_6232400,11,-0.111040,-0.110624,-0.110738
mobley_6232400,12,-0.121816,-0.121149,-0.121672
mobley_6235784,0,-0.678765,-0.676881,-0.678248
mobley_6235784,1,-0.326199,-0.325473,-0.326762
mobley_6235784,2,0.287405,0.286444,0.283698
mobley_6235784,3,-0.781185,-0.779170,-0.780069
mobley_6235784,4,-1.196875,-1.196777,-1.197012
mobley_6235784,5,0.173073,0.172909,0.173347
mobley_6235784,6,0.324819,0.323884,0.324666
mobley_6235784,7,0.286762,0.286065,0.286568
mobley_6235784,8,0.227860,0.227301,0.227686
mobley_6235784,9,0.069948,0.070134,0.070272
mobley_6235784,10,0.144006,0.143704,0.143726
mobley_6235784,11,0.325868,0.324968,0.325672
mobley_6235784,12,0.085405,0.085579,0.085719
mobley_6235784,13,0.214132,0.213808,0.214410
mobley_6239320,0,0.274505,0.272353,0.273911
mobley_6239320,1,-2.040241,-2.041589,-2.041191
mobley_6239320,2,-1.394222,-1.395641,-1.395205
mobley_6239320,3,0.274505,0.272353,0.273911
mobley_6239320,4,-2.040241,-2.041589,-2.041191
mobley_6239320,5,-1.394222,-1.395641,-1.395205
mobley_6239320,6,0.274505,0.272353,0.273911
mobley_6239320,7,-2.040241,-2.041589,-2.041191
mobley_6239320,8,-1.394222,-1.395641,-1.395205
mobley_6239320,9,-2.174177,-2.169482,-2.174066
mobley_6239320,10,-2.174176,-2.169481,-2.174065
mobley_6239320,11,-2.174176,-2.169481,-2.174065
mobley_6248915,0,-0.840037,-0.837820,-0.838517
mobley_6248915,1,-0.403270,-0.402218,-0.403330
mobley_6248915,2,-0.536630,-0.535246,-0.536115
mobley_6248915,3,-0.513016,-0.511643,-0.512617
mobley_6248915,4,-0.501997,-0.500632,-0.501671
mobley_6248915,5,-0.499585,-0.498223,-0.499287
mobley_6248915,6,-0.524037,-0.522834,-0.523605
mobley_6248915,7,-0.054054,-0.053722,-0.054844
mobley_6248915,8,-1.399001,-1.400529,-1.400090
mobley_6248915,9,0.424168,0.422950,0.423848
mobley_6248915,10,0.399440,0.398333,0.399121
mobley_6248915,11,0.279741,0.279062,0.279513
mobley_6248915,12,0.251289,0.250641,0.251066
mobley_6248915,13,0.278766,0.278014,0.278520
mobley_6248915,14,0.314520,0.313677,0.314232
mobley_6248915,15,0.212490,0.212020,0.212278
mobley_6248915,16,0.208579,0.208101,0.208388
mobley_6248915,17,0.313083,0.312231,0.312811
mobley_6248915,18,0.306131,0.305268,0.305880
mobley_6248915,19,0.326563,0.325618,0.326296
mobley_6248915,20,0.327170,0.326298,0.326917
mobley_6248915,21,0.349091,0.348112,0.348836
mobley_6248915,22,0.166852,0.166464,0.166622
mobley_6248915,23,0.273892,0.273124,0.273600
mobley_6248915,24,0.344076,0.343106,0.343922
mobley_6248915,25,0.242123,0.241554,0.242019
mobley_6248915,26,-1.407879,-1.404415,-1.408501
mobley_6248915,27,-1.230275,-1.227431,-1.231004
mobley_6250025,0,-0.843134,-0.840910,-0.841600
mobley_6250025,1,-0.396861,-0.395848,-0.396920
mobley_6250025,2,-0.519880,-0.518539,-0.519432
mobley_6250025,3,-0.500286,-0.498957,-0.499946
mobley_6250025,4,-0.418270,-0.417259,-0.418234
mobley_6250025,5,-0.607909,-0.606445,-0.607105
mobley_6250025,6,0.000000,0.000000,0.000000
mobley_6250025,7,0.412472,0.411308,0.412151
mobley_6250025,8,0.280202,0.279520,0.279975
mobley_6250025,9,0.412471,0.411307,0.412150
mobley_6250025,10,0.287289,0.286550,0.287025
mobley_6250025,11,0.287290,0.286551,0.287025
mobley_6250025,12,0.339037,0.338106,0.338733
mobley_6250025,13,0.339037,0.338106,0.338733
mobley_6250025,14,0.338280,0.337340,0.337991
mobley_6250025,15,0.338284,0.337343,0.337994
mobley_6250025,16,0.318294,0.317532,0.317986
mobley_6250025,17,0.318297,0.317534,0.317988
mobley_6250025,18,0.225382,0.224885,0.225184
mobley_6250025,19,0.225384,0.224887,0.225186
mobley_6257907,0,-0.356215,-0.355813,-0.356101
mobley_6257907,1,-0.540084,-0.539526,-0.539131
mobley_6257907,2,0.202145,0.200636,0.200976
mobley_6257907,3,-0.484468,-0.484109,-0.483891
mobley_6257907,4,0.539702,0.537392,0.535067
mobley_6257907,5,-0.344579,-0.344426,-0.344587
mobley_6257907,6,-1.151841,-1.151672,-1.151744
mobley_6257907,7,-1.405449,-1.407186,-1.406679
mobley_6257907,8,-0.148880,-0.148213,-0.148703
mobley_6257907,9,-0.237011,-0.236080,-0.236827
mobley_6257907,10,-0.417530,-0.415801,-0.416869
mobley_6257907,11,-0.334102,-0.332636,-0.333449
mobley_6257907,12,-1.430821,-1.427313,-1.431421
mobley_6257907,13,-1.429894,-1.426388,-1.430495
mobley_6266306,0,-0.449027,-0.447853,-0.449024
mobley_6266306,1,0.071447,0.071724,0.070067
mobley_6266306,2,-1.358806,-1.359058,-1.359008
mobley_6266306,3,0.071448,0.071725,0.070068
mobley_6266306,4,0.199506,0.199183,0.199260
mobley_6266306,5,-0.083151,-0.083208,-0.083096
mobley_6266306,6,0.280463,0.279893,0.280306
mobley_6266306,7,0.280051,0.279336,0.279994
mobley_6266306,8,-1.610000,-1.605853,-1.610581
mobley_6266306,9,0.280464,0.279893,0.280307
mobley_6266306,10,0.280053,0.279338,0.279995
mobley_627267,0,-0.960755,-0.958254,-0.958735
mobley_627267,1,0.129245,0.128668,0.127487
mobley_627267,2,-0.925124,-0.922784,-0.923162
mobley_627267,3,-0.784162,-0.782409,-0.782467
mobley_627267,4,0.000000,0.000000,0.000000
mobley_627267,5,0.326527,0.325683,0.326258
mobley_627267,6,0.525725,0.524086,0.525358
mobley_627267,7,0.291853,0.291130,0.291604
mobley_627267,8,0.147461,0.147374,0.146937
mobley_627267,9,0.346453,0.345521,0.346176
mobley_627267,10,0.388792,0.387686,0.388501
mobley_627267,11,0.365526,0.364641,0.364943
mobley_627267,12,0.139947,0.139676,0.139877
mobley_627267,13,0.237392,0.236754,0.237252
mobley_628086,0,-0.590102,-0.588202,-0.591273
mobley_628086,1,-0.241606,-0.241703,-0.240953
mobley_628086,2,-0.039854,-0.040664,-0.041975
mobley_628086,3,-0.167282,-0.167284,-0.167278
mobley_628086,4,-0.167338,-0.167344,-0.167329
mobley_628086,5,-0.167309,-0.167313,-0.167302
mobley_628086,6,-2.371005,-2.369728,-2.379078
mobley_628086,7,0.367548,0.366479,0.367888
mobley_628086,8,0.289147,0.288459,0.288892
mobley_628086,9,0.207048,0.206630,0.207378
mobley_628086,10,-0.133958,-0.133324,-0.133157
mobley_628086,11,0.099422,0.100884,0.097561
mobley_628951,0,-0.358747,-0.358404,-0.358616
mobley_628951,1,-0.335331,-0.335150,-0.335377
mobley_628951,2,0.532567,0.530443,0.527810
mobley_628951,3,0.542350,0.539964,0.537687
mobley_628951,4,0.532568,0.530445,0.527812
mobley_628951,5,-0.335339,-0.335158,-0.335385
mobley_628951,6,-1.114120,-1.113866,-1.113857
mobley_628951,7,0.542346,0.539961,0.537683
mobley_628951,8,0.532567,0.530444,0.527811
mobley_628951,9,-0.335330,-0.335149,-0.335376
mobley_628951,10,-0.358743,-0.358400,-0.358612
mobley_628951,11,-0.335332,-0.335151,-0.335378
mobley_628951,12,0.532567,0.530443,0.527810
mobley_628951,13,-1.114120,-1.113867,-1.113857
mobley_628951,14,-1.114120,-1.113866,-1.113857
mobley_628951,15,-1.114122,-1.113868,-1.113858
mobley_628951,16,-0.146836,-0.146177,-0.146669
mobley_628951,17,-0.300314,-0.298959,-0.299743
mobley_628951,18,-0.300293,-0.298939,-0.299723
mobley_628951,19,-0.300297,-0.298942,-0.299727
mobley_628951,20,-0.146831,-0.146173,-0.146664
mobley_628951,21,-0.300289,-0.298935,-0.299719
mobley_6303022,0,-0.754292,-0.752271,-0.753171
mobley_6303022,1,-0.462225,-0.461082,-0.462070
mobley_6303022,2,0.093583,0.092822,0.092282
mobley_6303022,3,-0.571972,-0.571286,-0.570892
mobley_6303022,4,-0.290694,-0.290780,-0.290170
mobley_6303022,5,-1.345582,-1.345453,-1.345464
mobley_6303022,6,-0.290692,-0.290779,-0.290168
mobley_6303022,7,-0.571972,-0.571286,-0.570891
mobley_6303022,8,0.383163,0.381995,0.382951
mobley_6303022,9,0.383162,0.381995,0.382950
mobley_6303022,10,0.280584,0.279866,0.280383
mobley_6303022,11,0.160057,0.159731,0.159958
mobley_6303022,12,0.160057,0.159731,0.159958
mobley_6303022,13,-0.209676,-0.209197,-0.209355
mobley_6303022,14,-0.118758,-0.118318,-0.118442
mobley_6303022,15,-0.118757,-0.118317,-0.118441
mobley_6303022,16,-0.209674,-0.209195,-0.209353
mobley_6309289,0,-0.188007,-0.187075,-0.188924
mobley_6309289,1,-0.474811,-0.473778,-0.474567
mobley_6309289,2,-0.068213,-0.067838,-0.068932
mobley_6309289,3,-1.365125,-1.365588,-1.365456
mobley_6309289,4,-0.068215,-0.067839,-0.068933
mobley_6309289,5,-0.474811,-0.473779,-0.474568
mobley_6309289,6,0.103657,0.103086,0.103716
mobley_6309289,7,0.069903,0.069858,0.069880
mobley_6309289,8,0.007307,0.007231,0.007241
mobley_6309289,9,-0.016553,-0.016577,-0.016462
mobley_6309289,10,0.173698,0.173260,0.173717
mobley_6309289,11,0.115521,0.115306,0.115563
mobley_6309289,12,-1.771004,-1.766319,-1.771506
mobley_6309289,13,0.115518,0.115303,0.115560
mobley_6309289,14,0.173698,0.173260,0.173717
mobley_6309289,15,0.007308,0.007233,0.007243
mobley_6309289,16,-0.016555,-0.016579,-0.016464
mobley_632905,0,-0.774413,-0.772193,-0.773352
mobley_632905,1,-0.046226,-0.046867,-0.046964
mobley_632905,2,-1.689348,-1.689730,-1.688976
mobley_632905,3,-0.161836,-0.162125,-0.162248
mobley_632905,4,-0.487141,-0.486440,-0.486419
mobley_632905,5,-0.394119,-0.393590,-0.393863
mobley_632905,6,-0.264083,-0.264493,-0.263720
mobley_632905,7,-0.465670,-0.464927,-0.465136
mobley_632905,8,-0.405881,-0.405600,-0.405274
mobley_632905,9,-1.142861,-1.143231,-1.141828
mobley_632905,10,-0.919660,-0.917644,-0.917479
mobley_632905,11,0.317761,0.316887,0.317609
mobley_632905,12,0.156332,0.156219,0.156005
mobley_632905,13,0.156330,0.156217,0.156003
mobley_632905,14,-0.226578,-0.225670,-0.226348
mobley_632905,15,-0.131349,-0.130800,-0.131147
mobley_632905,16,-0.182994,-0.181989,-0.183059
mobley_632905,17,-0.151997,-0.151395,-0.151731
mobley_632905,18,0.174613,0.174209,0.174583
mobley_632905,19,0.285569,0.284786,0.285437
mobley_632905,20,0.174613,0.174209,0.174582
mobley_6334915,0,-0.977618,-0.975979,-0.974651
mobley_6334915,1,-1.183422,-1.178541,-1.183340
mobley_6334915,2,-0.267821,-0.258301,-0.280089
mobley_6334915,3,-1.517787,-1.512566,-1.520292
mobley_6334915,4,-0.204162,-0.204316,-0.204380
mobley_6334915,5,1.230953,1.227340,1.221604
mobley_6334915,6,-1.030306,-1.030097,-1.029662
mobley_6334915,7,-1.031419,-1.031244,-1.030727
mobley_6334915,8,-1.037290,-1.037143,-1.036665
mobley_6334915,9,-1.448152,-1.448490,-1.450548
mobley_6334915,10,-2.312151,-2.307737,-2.311385
mobley_6334915,11,-1.012707,-1.010694,-1.009848
mobley_6334915,12,0.323250,0.322422,0.322619
mobley_6334915,13,0.296955,0.296183,0.296732
mobley_6334915,14,0.337264,0.336165,0.336822
mobley_6334915,15,-0.583163,-0.580208,-0.582297
mobley_6334915,16,-0.150607,-0.148189,-0.151867
mobley_6334915,17,0.243229,0.242457,0.242923
mobley_6334915,18,0.340517,0.339418,0.340016
mobley_6334915,19,0.296525,0.295746,0.296293
mobley_6338073,0,-0.851969,-0.849896,-0.850490
mobley_6338073,1,0.249660,0.249572,0.247505
mobley_6338073,2,-1.385776,-1.386927,-1.386568
mobley_6338073,3,0.346924,0.344792,0.346225
mobley_6338073,4,-1.382652,-1.383753,-1.383357
mobley_6338073,5,0.266281,0.264387,0.265902
mobley_6338073,6,-1.363951,-1.364413,-1.364259
mobley_6338073,7,0.250798,0.249740,0.250091
mobley_6338073,8,-1.365519,-1.366057,-1.365850
mobley_6338073,9,-1.397478,-1.397044,-1.399602
mobley_6338073,10,-0.577179,-0.574885,-0.576498
mobley_6338073,11,-1.404497,-1.406247,-1.405692
mobley_6338073,12,1.365615,1.362682,1.359187
mobley_6338073,13,-0.768534,-0.765987,-0.767490
mobley_6338073,14,-1.034101,-1.031557,-1.031870
mobley_6338073,15,-0.874143,-0.871345,-0.872763
mobley_6338073,16,0.352542,0.351526,0.352248
mobley_6338073,17,0.252174,0.251512,0.251935
mobley_6338073,18,0.175790,0.175158,0.175744
mobley_6338073,19,-0.135538,-0.135405,-0.135302
mobley_6338073,20,0.270016,0.269405,0.269987
mobley_6338073,21,-1.724872,-1.720878,-1.725129
mobley_6338073,22,0.118180,0.117906,0.118196
mobley_6338073,23,0.081970,0.081696,0.082023
mobley_6338073,24,0.336834,0.335993,0.336710
mobley_6338073,25,-1.839238,-1.834936,-1.839387
mobley_6338073,26,0.043039,0.042648,0.043162
mobley_6338073,27,0.331159,0.329969,0.331055
mobley_6338073,28,0.166194,0.165520,0.166152
mobley_6338073,29,0.329347,0.328380,0.329108
mobley_6338073,30,0.259753,0.258854,0.259616
mobley_6338073,31,0.244116,0.243477,0.243912
mobley_6338073,32,0.335982,0.334797,0.335878
mobley_6338073,33,0.212514,0.211686,0.212508
mobley_6338073,34,0.004303,0.004125,0.004306
mobley_6353617,0,-0.776422,-0.774211,-0.775372
mobley_6353617,1,-0.060920,-0.061505,-0.061632
mobley_6353617,2,-1.694481,-1.694838,-1.694132
mobley_6353617,3,-0.236622,-0.236862,-0.236769
mobley_6353617,4,-0.262019,-0.261885,-0.261943
mobley_6353617,5,-0.450282,-0.449867,-0.449756
mobley_6353617,6,-0.309303,-0.309382,-0.308696
mobley_6353617,7,-1.343991,-1.343808,-1.343841
mobley_6353617,8,-0.414250,-0.413978,-0.413230
mobley_6353617,9,0.156923,0.156825,0.156623
mobley_6353617,10,0.316462,0.315593,0.316312
mobley_6353617,11,0.156917,0.156820,0.156618
mobley_6353617,12,-0.152643,-0.152062,-0.152342
mobley_6353617,13,-0.237833,-0.237169,-0.237508
mobley_6353617,14,-0.111928,-0.111510,-0.111626
mobley_6353617,15,-0.211356,-0.210661,-0.210959
mobley_6358463,0,-0.376818,-0.376471,-0.376561
mobley_6358463,1,-0.376818,-0.376471,-0.376561
mobley_6358463,2,-0.288921,-0.288604,-0.289963
mobley_6358463,3,0.077407,0.076691,0.075184
mobley_6358463,4,0.077400,0.076683,0.075176
mobley_6358463,5,-0.288921,-0.288604,-0.289963
mobley_6358463,6,0.209557,0.208348,0.205205
mobley_6358463,7,-0.167136,-0.167131,-0.167144
mobley_6358463,8,-0.167194,-0.167191,-0.167197
mobley_6358463,9,-0.167222,-0.167221,-0.167222
mobley_6358463,10,0.209578,0.208368,0.205225
mobley_6358463,11,-0.167136,-0.167131,-0.167144
mobley_6358463,12,-0.167222,-0.167221,-0.167222
mobley_6358463,13,-0.167194,-0.167191,-0.167197
mobley_6358463,14,-0.146007,-0.145356,-0.145848
mobley_6358463,15,-0.146007,-0.145356,-0.145848
mobley_6358463,16,-0.140499,-0.139930,-0.140347
mobley_6358463,17,-0.140493,-0.139925,-0.140341
mobley_6359135,0,1.844091,1.838388,1.830490
mobley_6359135,1,-0.942718,-0.942381,-0.941794
mobley_6359135,2,-0.942718,-0.942381,-0.941794
mobley_6359135,3,-0.942718,-0.942381,-0.941795
mobley_6359135,4,-0.942718,-0.942381,-0.941794
mobley_6359156,0,-0.398225,-0.397856,-0.397828
mobley_6359156,1,-0.378173,-0.377823,-0.377886
mobley_6359156,2,-0.366132,-0.365682,-0.366048
mobley_6359156,3,0.102933,0.101882,0.101077
mobley_6359156,4,-0.433938,-0.433391,-0.433474
mobley_6359156,5,-0.378992,-0.378632,-0.378691
mobley_6359156,6,0.000789,-0.000042,-0.000507
mobley_6359156,7,-0.350875,-0.350592,-0.350935
mobley_6359156,8,0.540058,0.537676,0.535440
mobley_6359156,9,-0.324082,-0.323926,-0.324203
mobley_6359156,10,-0.315483,-0.315304,-0.315636
mobley_6359156,11,0.476315,0.474153,0.471969
mobley_6359156,12,-1.116852,-1.116600,-1.116581
mobley_6359156,13,-1.151568,-1.151398,-1.151469
mobley_6359156,14,-0.145764,-0.145126,-0.145608
mobley_6359156,15,-0.146903,-0.146253,-0.146741
mobley_6359156,16,-0.229328,-0.228587,-0.228878
mobley_6359156,17,-0.145862,-0.145304,-0.145591
mobley_6359156,18,-0.146844,-0.146194,-0.146682
mobley_6359156,19,-0.322022,-0.320683,-0.321306
mobley_6359156,20,-0.334242,-0.332766,-0.333585
mobley_6359156,21,-0.303795,-0.302422,-0.303211
mobley_63712,0,-0.475534,-0.473919,-0.474866
mobley_63712,1,-1.324172,-1.323339,-1.323596
mobley_63712,2,-0.123092,-0.122505,-0.123581
mobley_63712,3,-0.448188,-0.447165,-0.448077
mobley_63712,4,-0.187105,-0.186169,-0.188037
mobley_63712,5,-0.448187,-0.447165,-0.448077
mobley_63712,6,-0.123094,-0.122506,-0.123583
mobley_63712,7,0.434057,0.432834,0.433871
mobley_63712,8,0.480003,0.478651,0.479774
mobley_63712,9,0.434057,0.432834,0.433872
mobley_63712,10,0.251450,0.250757,0.251404
mobley_63712,11,0.193999,0.193560,0.193959
mobley_63712,12,-0.018649,-0.018652,-0.018549
mobley_63712,13,0.008912,0.008819,0.008859
mobley_63712,14,0.069494,0.069453,0.069469
mobley_63712,15,0.100126,0.099579,0.100193
mobley_63712,16,-0.018649,-0.018652,-0.018549
mobley_63712,17,0.008912,0.008819,0.008859
mobley_63712,18,0.251451,0.250758,0.251405
mobley_63712,19,0.193998,0.193560,0.193958
mobley_637522,0,-0.377674,-0.377308,-0.377393
mobley_637522,1,-0.377672,-0.377305,-0.377391
mobley_637522,2,-0.427000,-0.426488,-0.426539
mobley_637522,3,-0.078997,-0.079681,-0.079622
mobley_637522,4,-0.463436,-0.462749,-0.462896
mobley_637522,5,-0.078998,-0.079683,-0.079624
mobley_637522,6,-0.427000,-0.426488,-0.426539
mobley_637522,7,-0.377670,-0.377304,-0.377389
mobley_637522,8,-0.377673,-0.377307,-0.377392
mobley_637522,9,-0.427002,-0.426490,-0.426541
mobley_637522,10,-0.078999,-0.079683,-0.079625
mobley_637522,11,-0.463431,-0.462745,-0.462891
mobley_637522,12,-0.078997,-0.079681,-0.079623
mobley_637522,13,-0.427002,-0.426489,-0.426540
mobley_637522,14,-0.147425,-0.146772,-0.147264
mobley_637522,15,-0.147423,-0.146769,-0.147261
mobley_637522,16,-0.170409,-0.169685,-0.170207
mobley_637522,17,-0.182178,-0.181405,-0.181942
mobley_637522,18,-0.170410,-0.169686,-0.170208
mobley_637522,19,-0.147421,-0.146767,-0.147259
mobley_637522,20,-0.147423,-0.146770,-0.147262
mobley_637522,21,-0.170410,-0.169687,-0.170208
mobley_637522,22,-0.182177,-0.181405,-0.181941
mobley_637522,23,-0.170409,-0.169685,-0.170206
mobley_6416775,0,-0.839774,-0.837559,-0.838257
mobley_6416775,1,-0.418404,-0.417311,-0.418391
mobley_6416775,2,-0.658080,-0.656391,-0.657066
mobley_6416775,3,-0.225260,-0.224877,-0.225721
mobley_6416775,4,-0.656697,-0.655142,-0.655611
mobley_6416775,5,-0.494154,-0.492977,-0.493766
mobley_6416775,6,-0.500102,-0.498880,-0.499710
mobley_6416775,7,-0.630021,-0.628491,-0.629084
mobley_6416775,8,0.418169,0.416978,0.417848
mobley_6416775,9,0.279943,0.279264,0.279716
mobley_6416775,10,0.405543,0.404409,0.405223
mobley_6416775,11,0.258825,0.258160,0.258596
mobley_6416775,12,0.274064,0.273290,0.273865
mobley_6416775,13,0.317920,0.316987,0.317691
mobley_6416775,14,0.269318,0.268642,0.269072
mobley_6416775,15,0.203296,0.202781,0.203096
mobley_6416775,16,0.297249,0.296392,0.297036
mobley_6416775,17,0.094706,0.094452,0.094696
mobley_6416775,18,0.190829,0.190281,0.190750
mobley_6416775,19,0.145297,0.144933,0.145233
mobley_6416775,20,0.184235,0.183726,0.184143
mobley_6416775,21,0.219536,0.218871,0.219444
mobley_6416775,22,0.040024,0.039910,0.040083
mobley_6416775,23,0.207002,0.206334,0.206929
mobley_6430250,0,-0.845855,-0.843631,-0.844322
mobley_6430250,1,-0.309783,-0.308980,-0.310247
mobley_6430250,2,-0.577876,-0.576412,-0.577227
mobley_6430250,3,-0.056403,-0.057008,-0.057145
mobley_6430250,4,-0.500014,-0.499387,-0.499173
mobley_6430250,5,-0.379746,-0.379381,-0.379430
mobley_6430250,6,-0.399306,-0.398935,-0.398902
mobley_6430250,7,-0.379746,-0.379380,-0.379429
mobley_6430250,8,-0.500015,-0.499388,-0.499174
mobley_6430250,9,0.279494,0.278814,0.279268
mobley_6430250,10,0.413512,0.412345,0.413192
mobley_6430250,11,0.413515,0.412348,0.413195
mobley_6430250,12,0.257439,0.256688,0.257292
mobley_6430250,13,0.257439,0.256688,0.257292
mobley_6430250,14,0.208986,0.208481,0.208848
mobley_6430250,15,0.208982,0.208477,0.208844
mobley_6430250,16,-0.111360,-0.110914,-0.111199
mobley_6430250,17,-0.147417,-0.146767,-0.147254
mobley_6430250,18,-0.146342,-0.145704,-0.146186
mobley_6430250,19,-0.147416,-0.146766,-0.147253
mobley_6430250,20,-0.111359,-0.110914,-0.111199
mobley_6456034,0,-0.962767,-0.960253,-0.960749
mobley_6456034,1,0.152915,0.152485,0.150702
mobley_6456034,2,-0.938114,-0.935938,-0.935890
mobley_6456034,3,-0.781575,-0.780173,-0.779521
mobley_6456034,4,-0.886831,-0.886011,-0.886162
mobley_6456034,5,-0.360538,-0.360638,-0.359683
mobley_6456034,6,-1.857109,-1.856687,-1.857482
mobley_6456034,7,0.089535,0.089343,0.087507
mobley_6456034,8,-0.891460,-0.889348,-0.889500
mobley_6456034,9,-0.895409,-0.893424,-0.893261
mobley_6456034,10,0.317976,0.317138,0.317725
mobley_6456034,11,0.325952,0.325106,0.325685
mobley_6456034,12,0.483566,0.482102,0.483212
mobley_6456034,13,0.106256,0.106198,0.106046
mobley_6456034,14,0.395080,0.394050,0.394652
mobley_6456034,15,0.335778,0.334874,0.335517
mobley_6456034,16,0.386978,0.385949,0.386623
mobley_6456034,17,0.233553,0.232958,0.233376
mobley_6456034,18,0.105232,0.105154,0.105088
mobley_6456034,19,0.047665,0.047911,0.047362
mobley_6456034,20,0.313141,0.312303,0.312918
mobley_6456034,21,0.406529,0.405488,0.406080
mobley_6456034,22,0.276075,0.275602,0.275607
mobley_6456034,23,0.398163,0.397241,0.397619
mobley_6456034,24,0.339678,0.338893,0.339262
mobley_6456034,25,0.336079,0.335149,0.335846
mobley_646007,0,-0.598539,-0.597315,-0.597755
mobley_646007,1,-0.598544,-0.597320,-0.597760
mobley_646007,2,-0.175033,-0.174526,-0.175238
mobley_646007,3,-1.375450,-1.376252,-1.376000
mobley_646007,4,-0.175030,-0.174523,-0.175234
mobley_646007,5,-0.136371,-0.136147,-0.136330
mobley_646007,6,-0.015314,-0.015564,-0.015184
mobley_646007,7,-0.015317,-0.015567,-0.015187
mobley_646007,8,-0.136348,-0.136124,-0.136307
mobley_646007,9,0.167736,0.167314,0.167782
mobley_646007,10,0.178412,0.178048,0.178387
mobley_646007,11,-1.774310,-1.769697,-1.774768
mobley_646007,12,0.178401,0.178037,0.178377
mobley_646007,13,0.167741,0.167319,0.167787
mobley_6474572,0,-0.643142,-0.641918,-0.642193
mobley_6474572,1,0.238270,0.236945,0.234619
mobley_6474572,2,-1.132888,-1.132709,-1.132662
mobley_6474572,3,-0.015250,-0.014968,-0.015217
mobley_6474572,4,-0.137320,-0.136368,-0.136892
mobley_6474572,5,0.029373,0.029445,0.029239
mobley_6497672,0,-0.852849,-0.850650,-0.851273
mobley_6497672,1,-0.301916,-0.301688,-0.301928
mobley_6497672,2,-0.452147,-0.451495,-0.451621
mobley_6497672,3,-0.394105,-0.393751,-0.393606
mobley_6497672,4,-1.311875,-1.312068,-1.311226
mobley_6497672,5,0.281084,0.280341,0.280915
mobley_6497672,6,0.365229,0.364278,0.364945
mobley_6497672,7,0.281084,0.280341,0.280914
mobley_6497672,8,0.010472,0.010693,0.010418
mobley_6497672,9,0.018140,0.018385,0.018053
mobley_6497672,10,-0.046442,-0.046000,-0.046426
mobley_6522117,0,-0.762624,-0.760570,-0.761500
mobley_6522117,1,-0.527261,-0.526812,-0.525888
mobley_6522117,2,-2.290942,-2.285591,-2.291309
mobley_6522117,3,0.918391,0.936619,0.900186
mobley_6522117,4,-1.883141,-1.877883,-1.884431
mobley_6522117,5,-2.227985,-2.222135,-2.228603
mobley_6522117,6,-0.527201,-0.526762,-0.525833
mobley_6522117,7,-0.761515,-0.759465,-0.760391
mobley_6522117,8,-2.225134,-2.219133,-2.226040
mobley_6522117,9,0.093067,0.091685,0.091541
mobley_6522117,10,0.213252,0.212241,0.209465
mobley_6522117,11,-1.095101,-1.094829,-1.094702
mobley_6522117,12,0.141064,0.139913,0.139152
mobley_6522117,13,-0.370012,-0.369830,-0.369544
mobley_6522117,14,-0.323720,-0.323560,-0.323814
mobley_6522117,15,0.537836,0.535454,0.533216
mobley_6522117,16,-0.278882,-0.278900,-0.279308
mobley_6522117,17,0.514807,0.512406,0.510483
mobley_6522117,18,-1.115204,-1.114950,-1.114929
mobley_6522117,19,-1.152105,-1.151937,-1.152009
mobley_6522117,20,0.394426,0.393402,0.394045
mobley_6522117,21,0.394770,0.393735,0.394387
mobley_6522117,22,0.282032,0.281472,0.281661
mobley_6522117,23,0.203322,0.202868,0.202821
mobley_6522117,24,0.213924,0.213251,0.213514
mobley_6522117,25,0.208662,0.208150,0.208139
mobley_6522117,26,0.207557,0.206917,0.207199
mobley_6522117,27,0.431347,0.430232,0.430917
mobley_6522117,28,0.395066,0.394032,0.394681
mobley_6522117,29,0.281824,0.281266,0.281453
mobley_6522117,30,-0.039905,-0.039620,-0.039957
mobley_6522117,31,-0.118917,-0.118013,-0.119211
mobley_6522117,32,-0.332756,-0.331273,-0.332120
mobley_6522117,33,-0.491989,-0.489796,-0.490915
mobley_6571751,0,-0.951592,-0.949114,-0.949632
mobley_6571751,1,-0.045548,-0.046175,-0.046315
mobley_6571751,2,-0.629261,-0.628312,-0.627840
mobley_6571751,3,-0.393458,-0.392454,-0.393559
mobley_6571751,4,-0.387803,-0.386841,-0.387925
mobley_6571751,5,-0.378151,-0.377173,-0.378315
mobley_6571751,6,-0.540468,-0.539117,-0.539947
mobley_6571751,7,0.289357,0.288650,0.289146
mobley_6571751,8,0.276917,0.276174,0.276756
mobley_6571751,9,0.364246,0.363138,0.364066
mobley_6571751,10,-0.128822,-0.128168,-0.128772
mobley_6571751,11,0.133078,0.132652,0.133090
mobley_6571751,12,0.059268,0.059220,0.059265
mobley_6571751,13,0.071608,0.071553,0.071559
mobley_6571751,14,0.157804,0.157332,0.157780
mobley_6571751,15,0.157986,0.157496,0.157965
mobley_6571751,16,0.069398,0.069359,0.069356
mobley_6571751,17,0.134745,0.134267,0.134761
mobley_6571751,18,0.123882,0.123582,0.123830
mobley_6619554,0,-0.843290,-0.841065,-0.841755
mobley_6619554,1,-0.401913,-0.400898,-0.401962
mobley_6619554,2,-0.447095,-0.446183,-0.446718
mobley_6619554,3,-0.472355,-0.470955,-0.472312
mobley_6619554,4,-0.228778,-0.229178,-0.228483
mobley_6619554,5,-2.034783,-2.034544,-2.035301
mobley_6619554,6,-1.239630,-1.239623,-1.238948
mobley_6619554,7,-0.534105,-0.533342,-0.533068
mobley_6619554,8,-0.760201,-0.758124,-0.759112
mobley_6619554,9,0.412715,0.411550,0.412393
mobley_6619554,10,0.280136,0.279455,0.279910
mobley_6619554,11,0.412716,0.411550,0.412394
mobley_6619554,12,0.287220,0.286488,0.286960
mobley_6619554,13,0.287221,0.286490,0.286961
mobley_6619554,14,0.282232,0.281655,0.281807
mobley_6619554,15,0.282232,0.281656,0.281807
mobley_6619554,16,0.219247,0.218986,0.218763
mobley_6619554,17,0.219249,0.218988,0.218765
mobley_6619554,18,0.138187,0.137999,0.138038
mobley_6619554,19,0.138187,0.137999,0.138038
mobley_6619554,20,0.394448,0.393428,0.394081
mobley_6619554,21,0.394449,0.393429,0.394082
mobley_6619554,22,0.280753,0.280196,0.280392
mobley_6620221,0,-0.933371,-0.930822,-0.931592
mobley_6620221,1,0.352804,0.351122,0.350594
mobley_6620221,2,-0.760828,-0.758867,-0.759503
mobley_6620221,3,-0.070473,-0.070988,-0.071251
mobley_6620221,4,-0.534890,-0.534134,-0.533940
mobley_6620221,5,-0.355242,-0.354901,-0.355066
mobley_6620221,6,-0.365553,-0.365132,-0.365426
mobley_6620221,7,-0.136008,-0.136505,-0.136275
mobley_6620221,8,-0.365351,-0.365509,-0.364531
mobley_6620221,9,-2.012644,-2.014319,-2.011191
mobley_6620221,10,-1.579232,-1.580689,-1.578373
mobley_6620221,11,-0.123735,-0.124852,-0.123091
mobley_6620221,12,-1.795119,-1.795442,-1.795699
mobley_6620221,13,-1.364827,-1.365271,-1.365169
mobley_6620221,14,-0.499365,-0.498200,-0.498337
mobley_6620221,15,-0.842598,-0.840156,-0.841279
mobley_6620221,16,0.364852,0.363922,0.364509
mobley_6620221,17,0.396459,0.395402,0.396080
mobley_6620221,18,0.261878,0.261235,0.261660
mobley_6620221,19,0.139336,0.139029,0.139205
mobley_6620221,20,0.079584,0.079699,0.079286
mobley_6620221,21,-0.038636,-0.038443,-0.038498
mobley_6620221,22,-0.145607,-0.144962,-0.145437
mobley_6620221,23,-0.148163,-0.147500,-0.147997
mobley_6620221,24,-1.623883,-1.619636,-1.624634
mobley_6620221,25,0.264162,0.263432,0.264124
mobley_6620221,26,0.408674,0.407540,0.408482
mobley_6620221,27,0.284217,0.283643,0.283883
mobley_6620221,28,0.352126,0.351219,0.351811
mobley_6620221,29,0.304693,0.303969,0.304381
mobley_6620221,30,0.199434,0.198866,0.199359
mobley_6632459,0,-0.780624,-0.778819,-0.779106
mobley_6632459,1,-0.354273,-0.353354,-0.354588
mobley_6632459,2,-0.433341,-0.432877,-0.432682
mobley_6632459,3,-2.070832,-2.071310,-2.070698
mobley_6632459,4,0.350924,0.350170,0.350434
mobley_6632459,5,0.350924,0.350171,0.350435
mobley_6632459,6,0.281123,0.280398,0.280923
mobley_6632459,7,0.172873,0.172801,0.172408
mobley_6632459,8,0.172874,0.172802,0.172409
mobley_6632459,9,-0.106838,-0.106220,-0.106802
mobley_664966,0,-0.722680,-0.721077,-0.721392
mobley_664966,1,0.000000,0.000000,0.000000
mobley_664966,2,0.000000,0.000000,0.000000
mobley_664966,3,0.113197,0.113144,0.113087
mobley_664966,4,0.113197,0.113144,0.113087
mobley_667278,0,-0.361082,-0.360599,-0.361079
mobley_667278,1,-0.319056,-0.318874,-0.319208
mobley_667278,2,0.604528,0.601924,0.599435
mobley_667278,3,0.705002,0.702071,0.699262
mobley_667278,4,0.586688,0.584296,0.581573
mobley_667278,5,0.235755,0.234288,0.233030
mobley_667278,6,0.246360,0.244903,0.243546
mobley_667278,7,-0.321651,-0.321326,-0.321942
mobley_667278,8,0.621307,0.618693,0.616104
mobley_667278,9,0.696083,0.693174,0.690365
mobley_667278,10,0.707128,0.704232,0.701352
mobley_667278,11,0.585395,0.583005,0.580271
mobley_667278,12,-1.044187,-1.043821,-1.043646
mobley_667278,13,-1.009779,-1.009388,-1.009135
mobley_667278,14,-1.014733,-1.014344,-1.014108
mobley_667278,15,-1.081586,-1.081301,-1.081213
mobley_667278,16,-1.046002,-1.045636,-1.045468
mobley_667278,17,-1.016863,-1.016475,-1.016247
mobley_667278,18,-1.083845,-1.083562,-1.083483
mobley_667278,19,-0.170061,-0.169436,-0.169758
mobley_667278,20,-0.295520,-0.294172,-0.294960
mobley_667278,21,-0.301510,-0.300274,-0.300846
mobley_6688723,0,-0.910384,-0.908324,-0.908312
mobley_6688723,1,-0.032073,-0.032587,-0.031618
mobley_6688723,2,-0.129523,-0.130264,-0.130016
mobley_6688723,3,0.501977,0.499896,0.497380
mobley_6688723,4,-0.270994,-0.271002,-0.271433
mobley_6688723,5,0.519297,0.517173,0.514657
mobley_6688723,6,-0.228112,-0.228605,-0.228209
mobley_6688723,7,-0.336495,-0.336397,-0.336147
mobley_6688723,8,-3.136830,-3.137788,-3.137645
mobley_6688723,9,-0.170702,-0.172304,-0.169269
mobley_6688723,10,-0.914776,-0.912878,-0.912542
mobley_6688723,11,-1.131353,-1.131234,-1.131050
mobley_6688723,12,-1.152082,-1.151979,-1.151895
mobley_6688723,13,0.225986,0.225615,0.225657
mobley_6688723,14,0.308225,0.307387,0.308105
mobley_6688723,15,-0.028600,-0.028188,-0.027998
mobley_6688723,16,-0.464595,-0.462494,-0.463588
mobley_6688723,17,0.083896,0.085243,0.082191
mobley_6688723,18,0.218268,0.217700,0.218234
mobley_6688723,19,0.193383,0.192793,0.193457
mobley_6688723,20,0.296569,0.295734,0.296457
mobley_6714389,0,-0.429773,-0.428475,-0.429249
mobley_6714389,1,-1.393029,-1.394370,-1.393988
mobley_6714389,2,0.432924,0.431702,0.432720
mobley_6714389,3,0.326285,0.325484,0.326132
mobley_6714389,4,0.432922,0.431701,0.432718
mobley_6714389,5,-1.308162,-1.305036,-1.308849
mobley_6714389,6,-1.308164,-1.305038,-1.308852
mobley_6727159,0,-0.560726,-0.559654,-0.559840
mobley_6727159,1,-0.635265,-0.634234,-0.634048
mobley_6727159,2,0.304910,0.305003,0.309880
mobley_6727159,3,-1.353909,-1.354086,-1.353919
mobley_6727159,4,-0.299051,-0.298727,-0.295555
mobley_6727159,5,-0.288769,-0.288308,-0.285300
mobley_6727159,6,-3.031827,-3.032958,-3.032784
mobley_6727159,7,0.153819,0.153593,0.153699
mobley_6727159,8,0.147002,0.146839,0.146783
mobley_6727159,9,0.170822,0.170438,0.170719
mobley_6727159,10,0.001407,0.001709,0.001337
mobley_6727159,11,0.201306,0.202354,0.199432
mobley_6733657,0,-0.318550,-0.317905,-0.319399
mobley_6733657,1,0.484949,0.483660,0.479810
mobley_6733657,2,0.354898,0.353902,0.350760
mobley_6733657,3,0.354889,0.353893,0.350751
mobley_6733657,4,0.484943,0.483654,0.479804
mobley_6733657,5,-1.041670,-1.041258,-1.041170
mobley_6733657,6,1.398994,1.394726,1.389029
mobley_6733657,7,1.023570,1.019751,1.015757
mobley_6733657,8,1.023592,1.019773,1.015778
mobley_6733657,9,1.398963,1.394695,1.388999
mobley_6733657,10,1.253012,1.249229,1.243564
mobley_6733657,11,-1.017604,-1.017194,-1.016976
mobley_6733657,12,-0.921337,-0.920747,-0.920402
mobley_6733657,13,-1.041901,-1.041456,-1.041425
mobley_6733657,14,-1.062522,-1.062170,-1.062084
mobley_6733657,15,-1.062525,-1.062173,-1.062087
mobley_6733657,16,-1.041905,-1.041460,-1.041429
mobley_6733657,17,-1.041668,-1.041256,-1.041168
mobley_6733657,18,-0.142710,-0.141739,-0.142000
mobley_6733657,19,0.108941,0.108599,0.109089
mobley_6733657,20,-0.087857,-0.087576,-0.087732
mobley_6733657,21,-0.600586,-0.598658,-0.599047
mobley_6733657,22,-0.600592,-0.598664,-0.599053
mobley_6733657,23,-0.087855,-0.087573,-0.087730
mobley_6739648,0,-0.596948,-0.595903,-0.595792
mobley_6739648,1,-0.596947,-0.595902,-0.595791
mobley_6739648,2,-1.247150,-1.248640,-1.244915
mobley_6739648,3,-0.596949,-0.595904,-0.595793
mobley_6739648,4,-0.596947,-0.595902,-0.595791
mobley_6739648,5,-1.247148,-1.248638,-1.244914
mobley_6739648,6,0.112519,0.112466,0.112305
mobley_6739648,7,0.067491,0.067526,0.067376
mobley_6739648,8,0.112520,0.112467,0.112306
mobley_6739648,9,0.067491,0.067526,0.067376
mobley_6739648,10,0.067491,0.067525,0.067375
mobley_6739648,11,0.112518,0.112465,0.112305
mobley_6739648,12,0.067490,0.067525,0.067375
mobley_6739648,13,0.112519,0.112466,0.112306
mobley_6743808,0,-0.939885,-0.937365,-0.938034
mobley_6743808,1,-0.102868,-0.103399,-0.103404
mobley_6743808,2,-0.476350,-0.475766,-0.475594
mobley_6743808,3,-0.458048,-0.457419,-0.457504
mobley_6743808,4,-0.209213,-0.209766,-0.209086
mobley_6743808,5,-0.499988,-0.499286,-0.499218
mobley_6743808,6,-0.080952,-0.081520,-0.081585
mobley_6743808,7,-0.936827,-0.934315,-0.934988
mobley_6743808,8,-3.221848,-3.221775,-3.224218
mobley_6743808,9,0.235795,0.235094,0.235733
mobley_6743808,10,0.295419,0.294669,0.295224
mobley_6743808,11,0.235804,0.235104,0.235742
mobley_6743808,12,-0.153975,-0.153235,-0.153841
mobley_6743808,13,-0.122671,-0.122078,-0.122540
mobley_6743808,14,-0.160334,-0.159491,-0.160293
mobley_6743808,15,0.237665,0.236959,0.237600
mobley_6743808,16,0.294819,0.294070,0.294624
mobley_6743808,17,0.237671,0.236965,0.237607
mobley_6743808,18,0.010565,0.012314,0.008782
mobley_676247,0,-0.026553,-0.027690,-0.028882
mobley_676247,1,-0.167318,-0.167322,-0.167310
mobley_676247,2,-0.167318,-0.167322,-0.167310
mobley_676247,3,-0.167318,-0.167322,-0.167310
mobley_676247,4,-0.167318,-0.167322,-0.167310
mobley_6794076,0,-0.777902,-0.775673,-0.776827
mobley_6794076,1,-0.052430,-0.053071,-0.053161
mobley_6794076,2,-1.702261,-1.702655,-1.701896
mobley_6794076,3,-0.007816,-0.008265,-0.008811
mobley_6794076,4,-0.504910,-0.504538,-0.503954
mobley_6794076,5,-0.290471,-0.290564,-0.289962
mobley_6794076,6,-1.346024,-1.345911,-1.345917
mobley_6794076,7,-0.292445,-0.292531,-0.291919
mobley_6794076,8,-0.584383,-0.583593,-0.583306
mobley_6794076,9,0.157999,0.157879,0.157671
mobley_6794076,10,0.316902,0.316031,0.316751
mobley_6794076,11,0.157999,0.157880,0.157672
mobley_6794076,12,-0.250323,-0.249697,-0.249896
mobley_6794076,13,-0.115925,-0.115489,-0.115611
mobley_6794076,14,-0.121130,-0.120683,-0.120813
mobley_6794076,15,-0.330849,-0.329914,-0.330446
mobley_6804509,0,-0.272898,-0.272903,-0.273384
mobley_6804509,1,0.622436,0.619764,0.617232
mobley_6804509,2,0.622441,0.619768,0.617237
mobley_6804509,3,-0.272894,-0.272900,-0.273381
mobley_6804509,4,0.622439,0.619767,0.617235
mobley_6804509,5,0.622440,0.619768,0.617236
mobley_6804509,6,-1.090354,-1.090076,-1.090017
mobley_6804509,7,-1.090354,-1.090076,-1.090017
mobley_6804509,8,-1.090353,-1.090076,-1.090017
mobley_6804509,9,-1.090353,-1.090076,-1.090017
mobley_6804509,10,-0.456912,-0.454841,-0.455922
mobley_6804509,11,-0.456915,-0.454844,-0.455924
mobley_6812653,0,-0.843146,-0.840922,-0.841612
mobley_6812653,1,-0.396987,-0.395973,-0.397045
mobley_6812653,2,-0.524723,-0.523369,-0.524255
mobley_6812653,3,-0.524722,-0.523368,-0.524254
mobley_6812653,4,-0.396987,-0.395973,-0.397044
mobley_6812653,5,-0.843145,-0.840921,-0.841611
mobley_6812653,6,0.412463,0.411299,0.412141
mobley_6812653,7,0.280204,0.279522,0.279977
mobley_6812653,8,0.412463,0.411299,0.412141
mobley_6812653,9,0.287301,0.286563,0.287037
mobley_6812653,10,0.287305,0.286566,0.287041
mobley_6812653,11,0.339936,0.339003,0.339631
mobley_6812653,12,0.339936,0.339003,0.339632
mobley_6812653,13,0.339933,0.339000,0.339628
mobley_6812653,14,0.339939,0.339007,0.339635
mobley_6812653,15,0.287303,0.286565,0.287039
mobley_6812653,16,0.287303,0.286564,0.287039
mobley_6812653,17,0.412463,0.411299,0.412142
mobley_6812653,18,0.280203,0.279522,0.279976
mobley_6812653,19,0.412461,0.411297,0.412139
mobley_6843802,0,-0.400866,-0.400491,-0.400449
mobley_6843802,1,-0.379484,-0.379145,-0.379161
mobley_6843802,2,-0.413336,-0.412825,-0.412998
mobley_6843802,3,-0.084092,-0.084844,-0.085282
mobley_6843802,4,-0.313053,-0.312620,-0.313941
mobley_6843802,5,-0.378326,-0.377990,-0.378028
mobley_6843802,6,-0.883314,-0.883066,-0.886172
mobley_6843802,7,-0.294098,-0.294127,-0.293940
mobley_6843802,8,-0.223306,-0.223260,-0.224442
mobley_6843802,9,-0.167200,-0.167198,-0.167203
mobley_6843802,10,-0.167253,-0.167254,-0.167251
mobley_6843802,11,-0.166941,-0.166927,-0.166966
mobley_6843802,12,-0.145290,-0.144654,-0.145135
mobley_6843802,13,-0.146473,-0.145826,-0.146313
mobley_6843802,14,-0.130430,-0.129883,-0.130228
mobley_6843802,15,-0.127648,-0.126862,-0.127974
mobley_6843802,16,-0.149601,-0.148942,-0.149440
mobley_6843802,17,-0.210352,-0.209614,-0.209544
mobley_6843802,18,-0.127177,-0.126539,-0.126842
mobley_6854178,0,-0.836934,-0.834708,-0.835413
mobley_6854178,1,-0.119174,-0.119704,-0.119482
mobley_6854178,2,-0.879370,-0.876979,-0.877790
mobley_6854178,3,-1.551779,-1.552055,-1.551278
mobley_6854178,4,-0.535142,-0.534600,-0.533887
mobley_6854178,5,-1.112688,-1.111938,-1.112546
mobley_6854178,6,0.260337,0.259927,0.259836
mobley_6854178,7,0.428265,0.427082,0.427871
mobley_6854178,8,0.337764,0.336972,0.337390
mobley_6854178,9,0.045062,0.045095,0.045078
mobley_6854178,10,0.308165,0.307398,0.307883
mobley_6854178,11,0.321897,0.321180,0.321508
mobley_6854178,12,0.444219,0.442999,0.443823
mobley_6854178,13,-0.120852,-0.120225,-0.120753
mobley_6861308,0,-0.514152,-0.512605,-0.513245
mobley_6861308,1,-1.329907,-1.329269,-1.329466
mobley_6861308,2,-0.268395,-0.267049,-0.268541
mobley_6861308,3,0.055344,0.054008,0.055549
mobley_6861308,4,-1.990186,-1.991244,-1.991032
mobley_6861308,5,-1.380394,-1.381352,-1.381071
mobley_6861308,6,0.212060,0.210381,0.211116
mobley_6861308,7,-0.496889,-0.496390,-0.496137
mobley_6861308,8,-0.373817,-0.373405,-0.373583
mobley_6861308,9,-0.400004,-0.399649,-0.399622
mobley_6861308,10,-0.379914,-0.379509,-0.379656
mobley_6861308,11,-0.457262,-0.457045,-0.456435
mobley_6861308,12,0.366379,0.365321,0.366363
mobley_6861308,13,0.308674,0.308098,0.308306
mobley_6861308,14,0.373164,0.372110,0.373055
mobley_6861308,15,0.317034,0.315836,0.317093
mobley_6861308,16,0.388046,0.386894,0.387926
mobley_6861308,17,0.456643,0.455522,0.456489
mobley_6861308,18,-1.574957,-1.570559,-1.575873
mobley_6861308,19,-0.208008,-0.207124,-0.207818
mobley_6861308,20,-0.149104,-0.148442,-0.148934
mobley_6861308,21,-0.145312,-0.144676,-0.145157
mobley_6861308,22,-0.150576,-0.149910,-0.150408
mobley_6861308,23,-0.377591,-0.376466,-0.377133
mobley_6896128,0,-0.838766,-0.836552,-0.837249
mobley_6896128,1,-0.386904,-0.385911,-0.387001
mobley_6896128,2,-0.555431,-0.553905,-0.554880
mobley_6896128,3,-0.644866,-0.643124,-0.643943
mobley_6896128,4,-0.099419,-0.099207,-0.100498
mobley_6896128,5,-0.916461,-0.913968,-0.914679
mobley_6896128,6,-0.520141,-0.518768,-0.519726
mobley_6896128,7,-0.857959,-0.855612,-0.856401
mobley_6896128,8,0.280610,0.279929,0.280383
mobley_6896128,9,0.412051,0.410886,0.411729
mobley_6896128,10,0.411366,0.410204,0.411044
mobley_6896128,11,0.285581,0.284848,0.285318
mobley_6896128,12,0.286188,0.285471,0.285918
mobley_6896128,13,0.320568,0.319603,0.320311
mobley_6896128,14,0.198169,0.197566,0.198028
mobley_6896128,15,0.211923,0.211348,0.211757
mobley_6896128,16,0.249274,0.248658,0.249030
mobley_6896128,17,-0.001739,-0.001459,-0.001849
mobley_6896128,18,0.321921,0.321031,0.321685
mobley_6896128,19,0.325449,0.324585,0.325195
mobley_6896128,20,0.405528,0.404304,0.405257
mobley_6896128,21,0.217952,0.217455,0.217731
mobley_6896128,22,0.276889,0.276113,0.276666
mobley_6896128,23,0.399262,0.398035,0.399009
mobley_6896128,24,0.275183,0.274356,0.275044
mobley_6896128,25,0.286372,0.285678,0.286139
mobley_6911232,0,-0.760406,-0.758325,-0.759296
mobley_6911232,1,-0.591544,-0.590573,-0.590344
mobley_6911232,2,-0.948599,-0.949131,-0.947098
mobley_6911232,3,-0.981406,-0.979279,-0.978912
mobley_6911232,4,0.281222,0.280665,0.280857
mobley_6911232,5,0.395344,0.394314,0.394967
mobley_6911232,6,0.395344,0.394314,0.394967
mobley_6911232,7,0.209893,0.209433,0.209715
mobley_6911232,8,0.209892,0.209433,0.209715
mobley_6911232,9,0.272876,0.272171,0.272719
mobley_6911232,10,0.323778,0.322905,0.323569
mobley_6911232,11,0.323778,0.322905,0.323569
mobley_6917738,0,-0.981276,-0.979185,-0.978806
mobley_6917738,1,0.456801,0.458818,0.459435
mobley_6917738,2,-0.685826,-0.684753,-0.684249
mobley_6917738,3,0.070481,0.070636,0.069080
mobley_6917738,4,-1.397942,-1.399459,-1.398985
mobley_6917738,5,0.273493,0.272784,0.273328
mobley_6917738,6,0.324864,0.323977,0.324659
mobley_6917738,7,0.316023,0.315213,0.315835
mobley_6917738,8,0.161874,0.161433,0.161714
mobley_6917738,9,0.042534,0.042365,0.042578
mobley_6917738,10,0.203383,0.203008,0.203252
mobley_6917738,11,0.231762,0.231318,0.231572
mobley_6917738,12,-1.176800,-1.174146,-1.177483
mobley_6917738,13,-1.412259,-1.408819,-1.412871
mobley_6929123,0,-0.968208,-0.966218,-0.965685
mobley_6929123,1,-0.978213,-0.978140,-0.977496
mobley_6929123,2,-0.098115,-0.099038,-0.098504
mobley_6929123,3,-1.002364,-1.002494,-1.003550
mobley_6929123,4,-0.057614,-0.057392,-0.060395
mobley_6929123,5,-1.116134,-1.116022,-1.115716
mobley_6929123,6,0.257151,0.256567,0.256946
mobley_6929123,7,0.263221,0.262495,0.263115
mobley_6929123,8,0.257151,0.256567,0.256946
mobley_6929123,9,0.170940,0.170811,0.170400
mobley_6929123,10,0.170940,0.170811,0.170401
mobley_6935906,0,-0.949609,-0.947115,-0.947664
mobley_6935906,1,0.085725,0.084796,0.084385
mobley_6935906,2,-0.604741,-0.603798,-0.603449
mobley_6935906,3,-0.376196,-0.375252,-0.376206
mobley_6935906,4,-0.560347,-0.558949,-0.559631
mobley_6935906,5,0.135896,0.134647,0.134827
mobley_6935906,6,-0.796175,-0.794000,-0.794788
mobley_6935906,7,-0.469379,-0.468459,-0.468909
mobley_6935906,8,-0.800608,-0.798891,-0.798870
mobley_6935906,9,-2.004148,-2.004023,-2.004301
mobley_6935906,10,-0.212754,-0.213051,-0.212624
mobley_6935906,11,-1.293465,-1.292544,-1.293512
mobley_6935906,12,-0.825805,-0.823502,-0.824534
mobley_6935906,13,-0.946377,-0.943935,-0.944413
mobley_6935906,14,0.315218,0.314383,0.314994
mobley_6935906,15,0.335111,0.334133,0.334901
mobley_6935906,16,0.347805,0.346816,0.347580
mobley_6935906,17,-0.033521,-0.033170,-0.033552
mobley_6935906,18,0.132699,0.132601,0.132448
mobley_6935906,19,0.154473,0.154294,0.154130
mobley_6935906,20,0.218096,0.217629,0.217797
mobley_6935906,21,0.324135,0.323235,0.323844
mobley_6935906,22,0.197929,0.197419,0.197787
mobley_6935906,23,0.246507,0.245865,0.246328
mobley_6935906,24,0.310321,0.309538,0.310038
mobley_6935906,25,-0.079568,-0.079126,-0.079510
mobley_6935906,26,-0.015207,-0.014889,-0.015242
mobley_6935906,27,-0.000474,-0.000243,-0.000486
mobley_6935906,28,0.329267,0.328757,0.328646
mobley_6935906,29,0.316636,0.315959,0.316245
mobley_6935906,30,0.294273,0.293816,0.293728
mobley_6935906,31,0.291525,0.290811,0.291303
mobley_6935906,32,0.354659,0.353619,0.354448
mobley_6935906,33,0.301369,0.300563,0.301170
mobley_6973347,0,-0.760075,-0.757999,-0.758988
mobley_6973347,1,-0.534603,-0.533837,-0.533557
mobley_6973347,2,-1.463214,-1.463487,-1.462615
mobley_6973347,3,-0.131016,-0.131739,-0.131104
mobley_6973347,4,-1.886109,-1.886153,-1.886283
mobley_6973347,5,-0.821759,-0.819452,-0.820510
mobley_6973347,6,0.280759,0.280202,0.280398
mobley_6973347,7,0.394402,0.393382,0.394035
mobley_6973347,8,0.394401,0.393382,0.394035
mobley_6973347,9,0.139076,0.138889,0.138920
mobley_6973347,10,0.139076,0.138889,0.138920
mobley_6973347,11,0.315833,0.315167,0.315450
mobley_6973347,12,0.293516,0.293081,0.292951
mobley_6973347,13,0.293517,0.293082,0.292952
mobley_6978427,0,-0.968863,-0.966882,-0.966336
mobley_6978427,1,-0.691135,-0.690734,-0.690189
mobley_6978427,2,-0.364058,-0.364035,-0.363252
mobley_6978427,3,-1.569445,-1.568564,-1.569780
mobley_6978427,4,-0.062399,-0.062133,-0.063825
mobley_6978427,5,-0.468943,-0.468045,-0.468386
mobley_6978427,6,-0.352702,-0.351746,-0.353008
mobley_6978427,7,-0.426035,-0.424933,-0.426007
mobley_6978427,8,-0.358794,-0.357998,-0.358864
mobley_6978427,9,-0.470388,-0.469400,-0.469921
mobley_6978427,10,0.262863,0.262133,0.262749
mobley_6978427,11,0.257056,0.256479,0.256845
mobley_6978427,12,0.256662,0.256089,0.256444
mobley_6978427,13,-0.132506,-0.131678,-0.132684
mobley_6978427,14,0.108192,0.107866,0.108199
mobley_6978427,15,0.076015,0.075926,0.075960
mobley_6978427,16,0.061236,0.061232,0.061184
mobley_6978427,17,0.109943,0.109801,0.109711
mobley_6978427,18,0.190317,0.189766,0.190223
mobley_6978427,19,0.061386,0.061391,0.061325
mobley_6978427,20,0.067424,0.067395,0.067371
mobley_6978427,21,0.105701,0.105361,0.105709
mobley_6978427,22,0.071821,0.071861,0.071656
mobley_6978427,23,0.113314,0.112955,0.113326
mobley_6981465,0,-0.879157,-0.876772,-0.877582
mobley_6981465,1,-0.084515,-0.085068,-0.085003
mobley_6981465,2,-0.838136,-0.835915,-0.836609
mobley_6981465,3,-1.809003,-1.809344,-1.808671
mobley_6981465,4,-0.133773,-0.134435,-0.133880
mobley_6981465,5,-1.699639,-1.699266,-1.699820
mobley_6981465,6,-0.822711,-0.820400,-0.821459
mobley_6981465,7,0.443903,0.442686,0.443511
mobley_6981465,8,0.321865,0.321148,0.321476
mobley_6981465,9,0.308046,0.307281,0.307767
mobley_6981465,10,0.039139,0.039152,0.039182
mobley_6981465,11,0.337873,0.337081,0.337499
mobley_6981465,12,0.428344,0.427162,0.427954
mobley_6981465,13,0.261266,0.260827,0.260790
mobley_6981465,14,0.315993,0.315324,0.315609
mobley_6981465,15,0.293421,0.292984,0.292852
mobley_6981465,16,0.293786,0.293346,0.293224
mobley_6988468,0,-0.607214,-0.605126,-0.606825
mobley_6988468,1,-0.491269,-0.490179,-0.491021
mobley_6988468,2,0.011931,0.010869,0.011516
mobley_6988468,3,-0.580161,-0.579450,-0.579053
mobley_6988468,4,-0.217422,-0.217210,-0.217740
mobley_6988468,5,-0.473526,-0.473090,-0.472882
mobley_6988468,6,-0.273327,-0.273453,-0.272877
mobley_6988468,7,-1.352527,-1.352621,-1.352558
mobley_6988468,8,0.045365,0.044865,0.045416
mobley_6988468,9,0.381455,0.380225,0.381320
mobley_6988468,10,0.278826,0.278138,0.278662
mobley_6988468,11,0.205724,0.205324,0.205617
mobley_6988468,12,0.000630,0.000442,0.000746
mobley_6988468,13,-0.205394,-0.204948,-0.205061
mobley_6988468,14,-0.144734,-0.144119,-0.144523
mobley_6988468,15,-0.239189,-0.238531,-0.238868
mobley_6988468,16,-0.116269,-0.115841,-0.115952
mobley_7009711,0,-0.896520,-0.894188,-0.894807
mobley_7009711,1,0.085077,0.084115,0.083736
mobley_7009711,2,-0.672343,-0.671346,-0.670748
mobley_7009711,3,0.086770,0.085794,0.085422
mobley_7009711,4,-0.537794,-0.537015,-0.536882
mobley_7009711,5,-0.188164,-0.188723,-0.188128
mobley_7009711,6,-0.611781,-0.610847,-0.610551
mobley_7009711,7,-3.217880,-3.217817,-3.220256
mobley_7009711,8,-0.892156,-0.889833,-0.890461
mobley_7009711,9,0.311494,0.310573,0.311360
mobley_7009711,10,0.275271,0.274574,0.275108
mobley_7009711,11,0.271022,0.270337,0.270865
mobley_7009711,12,-0.059468,-0.059102,-0.059405
mobley_7009711,13,-0.119561,-0.118910,-0.119534
mobley_7009711,14,-0.084106,-0.083649,-0.084013
mobley_7009711,15,0.011704,0.013450,0.009920
mobley_7009711,16,0.272975,0.272286,0.272813
mobley_7009711,17,0.314041,0.313108,0.313906
mobley_7009711,18,0.271885,0.271200,0.271725
mobley_7010316,0,-0.450743,-0.449616,-0.450584
mobley_7010316,1,-0.433868,-0.432749,-0.433794
mobley_7010316,2,-0.509163,-0.507841,-0.508824
mobley_7010316,3,-0.255608,-0.255569,-0.255573
mobley_7010316,4,-0.461710,-0.460461,-0.461594
mobley_7010316,5,-0.433893,-0.432776,-0.433813
mobley_7010316,6,-3.222390,-3.222132,-3.224641
mobley_7010316,7,0.063254,0.063240,0.063186
mobley_7010316,8,0.201007,0.200411,0.200904
mobley_7010316,9,0.063533,0.063526,0.063470
mobley_7010316,10,0.197520,0.196919,0.197426
mobley_7010316,11,0.246851,0.246117,0.246691
mobley_7010316,12,0.103150,0.103093,0.102962
mobley_7010316,13,-0.050084,-0.049840,-0.050013
mobley_7010316,14,0.072822,0.072875,0.072633
mobley_7010316,15,0.297075,0.296111,0.296900
mobley_7010316,16,0.063598,0.063590,0.063534
mobley_7010316,17,0.199192,0.198580,0.199091
mobley_7010316,18,0.082749,0.084279,0.080860
mobley_7015518,0,-1.023777,-1.021603,-1.021086
mobley_7015518,1,-0.634903,-0.635349,-0.633188
mobley_7015518,2,-1.023777,-1.021603,-1.021086
mobley_7015518,3,0.270523,0.269821,0.270360
mobley_7015518,4,0.328543,0.327685,0.328313
mobley_7015518,5,0.328542,0.327684,0.328311
mobley_7015518,6,0.328544,0.327685,0.328313
mobley_7015518,7,0.270523,0.269821,0.270360
mobley_7015518,8,0.328544,0.327685,0.328313
mobley_7017274,0,-0.379477,-0.379100,-0.379190
mobley_7017274,1,-0.382872,-0.382505,-0.382567
mobley_7017274,2,-0.382774,-0.382260,-0.382578
mobley_7017274,3,-0.102383,-0.102908,-0.102984
mobley_7017274,4,-0.082637,-0.083317,-0.083244
mobley_7017274,5,-0.427127,-0.426625,-0.426657
mobley_7017274,6,-0.402088,-0.401583,-0.401776
mobley_7017274,7,-0.402096,-0.401591,-0.401784
mobley_7017274,8,-0.082638,-0.083318,-0.083246
mobley_7017274,9,-0.102389,-0.102915,-0.102991
mobley_7017274,10,-0.382783,-0.382269,-0.382587
mobley_7017274,11,-0.382879,-0.382512,-0.382574
mobley_7017274,12,-0.379476,-0.379100,-0.379190
mobley_7017274,13,-0.427130,-0.426629,-0.426661
mobley_7017274,14,-0.148936,-0.148276,-0.148774
mobley_7017274,15,-0.149130,-0.148468,-0.148974
mobley_7017274,16,-0.240211,-0.239282,-0.239923
mobley_7017274,17,-0.165770,-0.165048,-0.165581
mobley_7017274,18,-0.168296,-0.167552,-0.168100
mobley_7017274,19,-0.168301,-0.167557,-0.168105
mobley_7017274,20,-0.240209,-0.239280,-0.239921
mobley_7017274,21,-0.149136,-0.148473,-0.148979
mobley_7017274,22,-0.148934,-0.148274,-0.148772
mobley_7017274,23,-0.165778,-0.165056,-0.165589
mobley_7039935,0,-0.378562,-0.378191,-0.378279
mobley_7039935,1,-0.379255,-0.378898,-0.378960
mobley_7039935,2,-0.395246,-0.395059,-0.394623
mobley_7039935,3,-0.074418,-0.075037,-0.075127
mobley_7039935,4,-0.076327,-0.077041,-0.076934
mobley_7039935,5,-0.427682,-0.427172,-0.427216
mobley_7039935,6,-0.428745,-0.428225,-0.428280
mobley_7039935,7,-0.356079,-0.355736,-0.355898
mobley_7039935,8,-0.460664,-0.460022,-0.460127
mobley_7039935,9,-0.265792,-0.266169,-0.265465
mobley_7039935,10,-3.011555,-3.011018,-3.014048
mobley_7039935,11,-0.148212,-0.147554,-0.148050
mobley_7039935,12,-0.148274,-0.147617,-0.148120
mobley_7039935,13,-0.181722,-0.180833,-0.181658
mobley_7039935,14,-0.166909,-0.166189,-0.166715
mobley_7039935,15,-0.166613,-0.165894,-0.166419
mobley_7039935,16,-0.148902,-0.148236,-0.148734
mobley_7039935,17,-0.112453,-0.111917,-0.112298
mobley_7039935,18,0.041296,0.042983,0.039470
mobley_7047032,0,-0.918788,-0.916469,-0.917096
mobley_7047032,1,0.880422,0.877755,0.874479
mobley_7047032,2,-0.918787,-0.916469,-0.917095
mobley_7047032,3,-0.918786,-0.916468,-0.917094
mobley_7047032,4,-1.254756,-1.254763,-1.255204
mobley_7047032,5,0.394862,0.393689,0.394616
mobley_7047032,6,0.121315,0.121333,0.121624
mobley_7047032,7,0.121315,0.121332,0.121624
mobley_7047032,8,0.394863,0.393690,0.394617
mobley_7047032,9,0.121314,0.121332,0.121624
mobley_7047032,10,0.121314,0.121331,0.121623
mobley_7047032,11,0.121314,0.121331,0.121623
mobley_7047032,12,0.121314,0.121331,0.121623
mobley_7047032,13,0.394861,0.393689,0.394615
mobley_7066554,0,-0.454929,-0.454325,-0.454413
mobley_7066554,1,-0.321763,-0.321626,-0.321842
mobley_7066554,2,0.517032,0.514673,0.512560
mobley_7066554,3,-0.320161,-0.320038,-0.320245
mobley_7066554,4,-0.381885,-0.381436,-0.381685
mobley_7066554,5,-0.225498,-0.226063,-0.225288
mobley_7066554,6,-3.239041,-3.238958,-3.241423
mobley_7066554,7,-1.152460,-1.152291,-1.152365
mobley_7066554,8,-0.120941,-0.120355,-0.120809
mobley_7066554,9,-0.337195,-0.335713,-0.336529
mobley_7066554,10,-0.335345,-0.333870,-0.334690
mobley_7066554,11,-0.161296,-0.160499,-0.161231
mobley_7066554,12,0.013338,0.015076,0.011553
mobley_7099614,0,-0.775484,-0.773865,-0.773874
mobley_7099614,1,-0.212749,-0.212795,-0.213283
mobley_7099614,2,-0.111279,-0.111157,-0.113612
mobley_7099614,3,-1.140651,-1.140494,-1.140460
mobley_7099614,4,0.039336,0.039495,0.039288
mobley_7099614,5,-0.024105,-0.023751,-0.024118
mobley_7099614,6,-0.205528,-0.204406,-0.204981
mobley_7099614,7,0.153440,0.153046,0.153260
mobley_7099614,8,0.229381,0.228815,0.229087
mobley_7106722,0,-0.836638,-0.834430,-0.835131
mobley_7106722,1,-0.382928,-0.381872,-0.383085
mobley_7106722,2,-0.671146,-0.669450,-0.670064
mobley_7106722,3,0.048913,0.048716,0.047225
mobley_7106722,4,-0.960697,-0.958149,-0.958708
mobley_7106722,5,-0.943068,-0.940589,-0.941124
mobley_7106722,6,0.424839,0.423616,0.424521
mobley_7106722,7,0.396781,0.395684,0.396462
mobley_7106722,8,0.280071,0.279392,0.279842
mobley_7106722,9,0.275317,0.274540,0.275095
mobley_7106722,10,0.257355,0.256688,0.257127
mobley_7106722,11,0.359900,0.358886,0.359572
mobley_7106722,12,0.285708,0.284975,0.285429
mobley_7106722,13,0.118009,0.117866,0.117817
mobley_7106722,14,0.355490,0.354529,0.355200
mobley_7106722,15,0.305624,0.304773,0.305412
mobley_7106722,16,0.453893,0.452490,0.453575
mobley_7106722,17,0.318868,0.318032,0.318612
mobley_7106722,18,0.318928,0.318127,0.318656
mobley_7106722,19,0.495482,0.493961,0.495133
mobley_7142697,0,-0.843131,-0.840906,-0.841596
mobley_7142697,1,-0.395997,-0.394985,-0.396059
mobley_7142697,2,-0.528724,-0.527339,-0.528278
mobley_7142697,3,-0.507896,-0.506672,-0.507560
mobley_7142697,4,-0.049933,-0.049603,-0.050742
mobley_7142697,5,-1.399447,-1.400988,-1.400546
mobley_7142697,6,0.412457,0.411293,0.412135
mobley_7142697,7,0.280205,0.279523,0.279978
mobley_7142697,8,0.412458,0.411294,0.412136
mobley_7142697,9,0.287008,0.286270,0.286744
mobley_7142697,10,0.287008,0.286270,0.286744
mobley_7142697,11,0.341560,0.340637,0.341283
mobley_7142697,12,0.341562,0.340639,0.341284
mobley_7142697,13,0.230984,0.230318,0.230721
mobley_7142697,14,0.230987,0.230320,0.230724
mobley_7142697,15,0.350169,0.349172,0.350015
mobley_7142697,16,0.350170,0.349174,0.350017
mobley_7142697,17,-1.227332,-1.224500,-1.228057
mobley_7142697,18,-1.227327,-1.224496,-1.228053
mobley_7150646,0,-0.418453,-0.418092,-0.417761
mobley_7150646,1,-0.418453,-0.418092,-0.417761
mobley_7150646,2,-0.190350,-0.190913,-0.190240
mobley_7150646,3,-0.418453,-0.418092,-0.417761
mobley_7150646,4,-0.418453,-0.418092,-0.417761
mobley_7150646,5,-0.190350,-0.190913,-0.190239
mobley_7150646,6,0.000000,0.000000,0.000000
mobley_7150646,7,0.000000,0.000000,0.000000
mobley_7150646,8,-0.101389,-0.100743,-0.101576
mobley_7150646,9,-0.101389,-0.100743,-0.101576
mobley_7150646,10,-0.101389,-0.100743,-0.101576
mobley_7150646,11,-0.101389,-0.100743,-0.101576
mobley_7157427,0,-0.843133,-0.840909,-0.841599
mobley_7157427,1,-0.396853,-0.395840,-0.396911
mobley_7157427,2,-0.519798,-0.518457,-0.519350
mobley_7157427,3,-0.494508,-0.493188,-0.494194
mobley_7157427,4,-0.359430,-0.358419,-0.359964
mobley_7157427,5,-0.300932,-0.300225,-0.301619
mobley_7157427,6,-0.114676,-0.114447,-0.117010
mobley_7157427,7,-1.149766,-1.149604,-1.149640
mobley_7157427,8,0.280200,0.279519,0.279973
mobley_7157427,9,0.412505,0.411341,0.412184
mobley_7157427,10,0.412434,0.411270,0.412113
mobley_7157427,11,0.287119,0.286382,0.286855
mobley_7157427,12,0.287451,0.286712,0.287187
mobley_7157427,13,0.337352,0.336430,0.337048
mobley_7157427,14,0.340672,0.339734,0.340368
mobley_7157427,15,0.343117,0.342153,0.342838
mobley_7157427,16,0.330460,0.329552,0.330173
mobley_7157427,17,0.251468,0.250771,0.251323
mobley_7157427,18,0.103575,0.103627,0.103853
mobley_7157427,19,0.079427,0.079581,0.079742
mobley_7157427,20,0.219282,0.218729,0.219136
mobley_7157427,21,0.281669,0.280876,0.281347
mobley_7157427,22,0.152950,0.152616,0.152722
mobley_7176248,0,-0.839466,-0.837243,-0.838000
mobley_7176248,1,-0.314413,-0.313635,-0.315000
mobley_7176248,2,0.152719,0.153366,0.150776
mobley_7176248,3,-1.292860,-1.290960,-1.291594
mobley_7176248,4,0.080813,0.081406,0.079378
mobley_7176248,5,-0.404564,-0.403591,-0.404733
mobley_7176248,6,-0.842104,-0.839865,-0.840619
mobley_7176248,7,-0.117982,-0.119442,-0.117126
mobley_7176248,8,0.240434,0.239384,0.238713
mobley_7176248,9,-0.359260,-0.359236,-0.359870
mobley_7176248,10,-0.043486,-0.044002,-0.043855
mobley_7176248,11,-0.353391,-0.353360,-0.354132
mobley_7176248,12,0.230455,0.229534,0.228739
mobley_7176248,13,-1.324206,-1.323349,-1.323616
mobley_7176248,14,-0.506935,-0.506111,-0.503984
mobley_7176248,15,-0.132944,-0.130471,-0.130064
mobley_7176248,16,-0.010567,-0.011458,-0.012908
mobley_7176248,17,-0.167281,-0.167283,-0.167276
mobley_7176248,18,-0.167226,-0.167226,-0.167227
mobley_7176248,19,-0.167226,-0.167225,-0.167226
mobley_7176248,20,-1.332941,-1.332396,-1.332527
mobley_7176248,21,-0.417539,-0.415938,-0.414718
mobley_7176248,22,-0.047102,-0.044701,-0.044053
mobley_7176248,23,0.418225,0.417057,0.417942
mobley_7176248,24,0.404631,0.403520,0.404344
mobley_7176248,25,0.279788,0.279110,0.279560
mobley_7176248,26,-0.037810,-0.037700,-0.038004
mobley_7176248,27,-0.062020,-0.062000,-0.061867
mobley_7176248,28,0.256544,0.255908,0.256545
mobley_7176248,29,0.156014,0.155885,0.155787
mobley_7176248,30,-0.024065,-0.024363,-0.023832
mobley_7176248,31,0.142232,0.141834,0.142121
mobley_7176248,32,0.003277,0.003361,0.003214
mobley_7176248,33,-0.026578,-0.026607,-0.026736
mobley_7176248,34,0.421457,0.420267,0.421163
mobley_7176248,35,0.401151,0.400060,0.400865
mobley_7176248,36,0.279308,0.278634,0.279085
mobley_7176248,37,-0.197321,-0.196109,-0.197325
mobley_7176248,38,-0.198281,-0.197148,-0.198039
mobley_7176290,0,-0.354541,-0.354167,-0.354403
mobley_7176290,1,-0.471387,-0.471076,-0.470569
mobley_7176290,2,0.470316,0.468826,0.467797
mobley_7176290,3,-0.475984,-0.475569,-0.475241
mobley_7176290,4,-0.196809,-0.197349,-0.196784
mobley_7176290,5,-0.471895,-0.471300,-0.471293
mobley_7176290,6,-3.216908,-3.216827,-3.219276
mobley_7176290,7,-1.348493,-1.348465,-1.348421
mobley_7176290,8,-0.323607,-0.323637,-0.319931
mobley_7176290,9,-0.327518,-0.327564,-0.323843
mobley_7176290,10,-0.146617,-0.145958,-0.146447
mobley_7176290,11,-0.276911,-0.276013,-0.276612
mobley_7176290,12,-0.274665,-0.273674,-0.274445
mobley_7176290,13,-0.118656,-0.118085,-0.118530
mobley_7176290,14,0.017749,0.019481,0.015962
mobley_718988,0,-0.843141,-0.840917,-0.841607
mobley_718988,1,-0.396905,-0.395892,-0.396963
mobley_718988,2,-0.521981,-0.520635,-0.521525
mobley_718988,3,-0.497715,-0.496381,-0.497378
mobley_718988,4,-0.502703,-0.501335,-0.502384
mobley_718988,5,-0.505176,-0.503960,-0.504852
mobley_718988,6,-0.049864,-0.049534,-0.050673
mobley_718988,7,-1.399446,-1.400988,-1.400545
mobley_718988,8,0.412467,0.411303,0.412145
mobley_718988,9,0.280201,0.279520,0.279974
mobley_718988,10,0.412467,0.411303,0.412145
mobley_718988,11,0.287299,0.286561,0.287035
mobley_718988,12,0.287298,0.286560,0.287034
mobley_718988,13,0.339397,0.338465,0.339092
mobley_718988,14,0.339398,0.338467,0.339094
mobley_718988,15,0.337437,0.336497,0.337151
mobley_718988,16,0.337437,0.336496,0.337150
mobley_718988,17,0.339357,0.338425,0.339097
mobley_718988,18,0.339358,0.338426,0.339098
mobley_718988,19,0.230473,0.229807,0.230210
mobley_718988,20,0.230474,0.229808,0.230211
mobley_718988,21,0.350168,0.349171,0.350014
mobley_718988,22,0.350167,0.349170,0.350013
mobley_718988,23,-1.227329,-1.224497,-1.228055
mobley_718988,24,-1.227326,-1.224494,-1.228052
mobley_7200804,0,-0.375726,-0.375400,-0.375435
mobley_7200804,1,-0.371883,-0.371507,-0.371677
mobley_7200804,2,-0.435689,-0.435213,-0.434909
mobley_7200804,3,-0.176868,-0.177372,-0.177487
mobley_7200804,4,-0.269325,-0.269784,-0.268698
mobley_7200804,5,-0.373582,-0.373117,-0.373451
mobley_7200804,6,-3.019983,-3.019736,-3.023869
mobley_7200804,7,-0.167238,-0.167238,-0.167238
mobley_7200804,8,-0.145944,-0.145301,-0.145786
mobley_7200804,9,-0.143917,-0.143279,-0.143748
mobley_7200804,10,-0.133474,-0.132861,-0.133283
mobley_7200804,11,-0.161433,-0.160641,-0.161350
mobley_7200804,12,0.007349,0.009066,0.005616
mobley_7203421,0,-0.843146,-0.840922,-0.841611
mobley_7203421,1,-0.397040,-0.396026,-0.397097
mobley_7203421,2,-0.527151,-0.525804,-0.526685
mobley_7203421,3,-0.423646,-0.422684,-0.423435
mobley_7203421,4,-0.584002,-0.582601,-0.583420
mobley_7203421,5,0.063741,0.062489,0.063270
mobley_7203421,6,-2.599838,-2.601112,-2.600455
mobley_7203421,7,-1.406680,-1.408451,-1.407942
mobley_7203421,8,0.280201,0.279520,0.279974
mobley_7203421,9,0.412462,0.411298,0.412141
mobley_7203421,10,0.412465,0.411301,0.412143
mobley_7203421,11,0.287517,0.286778,0.287253
mobley_7203421,12,0.287512,0.286773,0.287248
mobley_7203421,13,0.339719,0.338793,0.339419
mobley_7203421,14,0.339625,0.338700,0.339325
mobley_7203421,15,0.282652,0.282068,0.282283
mobley_7203421,16,0.282618,0.282034,0.282247
mobley_7203421,17,0.135304,0.135302,0.134849
mobley_7203421,18,0.158556,0.158463,0.158096
mobley_7203421,19,-1.443215,-1.439444,-1.444174
mobley_7203421,20,-1.461728,-1.458166,-1.462310
mobley_7227357,0,-0.846677,-0.844737,-0.844810
mobley_7227357,1,-0.417107,-0.415933,-0.417185
mobley_7227357,2,-0.367179,-0.366855,-0.366668
mobley_7227357,3,-0.417107,-0.415933,-0.417185
mobley_7227357,4,-0.846677,-0.844736,-0.844810
mobley_7227357,5,-3.284757,-3.284492,-3.287004
mobley_7227357,6,0.282315,0.281609,0.282095
mobley_7227357,7,0.479171,0.477811,0.478739
mobley_7227357,8,0.342388,0.341581,0.341983
mobley_7227357,9,0.215195,0.214846,0.214847
mobley_7227357,10,0.276174,0.275549,0.275829
mobley_7227357,11,0.189373,0.188911,0.189189
mobley_7227357,12,0.276174,0.275549,0.275829
mobley_7227357,13,0.215195,0.214846,0.214848
mobley_7227357,14,0.479171,0.477811,0.478740
mobley_7227357,15,0.282315,0.281608,0.282094
mobley_7227357,16,0.342388,0.341581,0.341983
mobley_7227357,17,0.192323,0.193327,0.190405
mobley_7239499,0,-0.376836,-0.376494,-0.376538
mobley_7239499,1,-0.376895,-0.376554,-0.376597
mobley_7239499,2,-0.394660,-0.394156,-0.394422
mobley_7239499,3,-0.181487,-0.182019,-0.181627
mobley_7239499,4,-0.179342,-0.179863,-0.179467
mobley_7239499,5,-0.394729,-0.394224,-0.394490
mobley_7239499,6,-1.386336,-1.387550,-1.384738
mobley_7239499,7,-0.160070,-0.160611,-0.160322
mobley_7239499,8,-0.394217,-0.393715,-0.394000
mobley_7239499,9,-0.357661,-0.357333,-0.357494
mobley_7239499,10,-0.328068,-0.327909,-0.328127
mobley_7239499,11,0.514589,0.512402,0.509986
mobley_7239499,12,-0.093414,-0.094228,-0.094097
mobley_7239499,13,-0.509925,-0.511154,-0.509422
mobley_7239499,14,-1.132285,-1.132172,-1.131983
mobley_7239499,15,-0.144844,-0.144204,-0.144684
mobley_7239499,16,-0.144772,-0.144131,-0.144611
mobley_7239499,17,-0.129446,-0.128853,-0.129284
mobley_7239499,18,-0.129747,-0.129152,-0.129588
mobley_7239499,19,-0.128213,-0.127630,-0.128045
mobley_7239499,20,-0.145216,-0.144566,-0.145050
mobley_7239499,21,-0.318382,-0.316964,-0.317767
mobley_7261305,0,-1.366280,-1.366752,-1.366615
mobley_7261305,1,-1.366281,-1.366753,-1.366616
mobley_7261305,2,-1.200007,-1.197259,-1.200607
mobley_7261305,3,-1.289869,-1.286744,-1.290448
mobley_7261305,4,-1.289916,-1.286791,-1.290494
mobley_7261305,5,-1.200027,-1.197279,-1.200626
mobley_7295828,0,-0.919155,-0.917138,-0.916978
mobley_7295828,1,-1.144833,-1.145203,-1.143804
mobley_7295828,2,-0.262915,-0.263332,-0.262541
mobley_7295828,3,-0.414850,-0.414317,-0.414479
mobley_7295828,4,-0.379578,-0.379239,-0.379255
mobley_7295828,5,-0.400789,-0.400413,-0.400373
mobley_7295828,6,-0.379824,-0.379471,-0.379501
mobley_7295828,7,-0.486064,-0.485315,-0.485408
mobley_7295828,8,0.286269,0.285484,0.286137
mobley_7295828,9,0.174942,0.174538,0.174911
mobley_7295828,10,0.174941,0.174537,0.174911
mobley_7295828,11,-0.129740,-0.129205,-0.129545
mobley_7295828,12,-0.146509,-0.145862,-0.146348
mobley_7295828,13,-0.145393,-0.144757,-0.145238
mobley_7295828,14,-0.149778,-0.149119,-0.149616
mobley_7295828,15,-0.183102,-0.182107,-0.183171
mobley_7298388,0,-0.893859,-0.891531,-0.892158
mobley_7298388,1,0.070154,0.069239,0.068823
mobley_7298388,2,-0.530583,-0.529930,-0.529630
mobley_7298388,3,-0.355120,-0.354724,-0.354988
mobley_7298388,4,-0.470479,-0.470169,-0.469674
mobley_7298388,5,0.471361,0.469904,0.468826
mobley_7298388,6,-0.604918,-0.604302,-0.603514
mobley_7298388,7,-1.348480,-1.348452,-1.348408
mobley_7298388,8,-0.323003,-0.323036,-0.319332
mobley_7298388,9,-0.329598,-0.329637,-0.325931
mobley_7298388,10,0.312761,0.311834,0.312626
mobley_7298388,11,0.271216,0.270532,0.271057
mobley_7298388,12,0.273582,0.272891,0.273420
mobley_7298388,13,-0.107549,-0.107026,-0.107438
mobley_7298388,14,-0.147607,-0.146941,-0.147436
mobley_7298388,15,-0.276382,-0.275485,-0.276083
mobley_7298388,16,-0.219289,-0.218563,-0.219036
mobley_7326706,0,-0.762635,-0.760578,-0.761513
mobley_7326706,1,-0.519331,-0.518614,-0.518212
mobley_7326706,2,-1.784051,-1.777484,-1.783719
mobley_7326706,3,-0.357102,-0.347325,-0.374434
mobley_7326706,4,-0.899461,-0.899228,-0.899897
mobley_7326706,5,-0.497483,-0.488157,-0.496201
mobley_7326706,6,-0.519904,-0.519204,-0.518838
mobley_7326706,7,-0.762369,-0.760314,-0.761250
mobley_7326706,8,-1.261633,-1.255532,-1.263203
mobley_7326706,9,0.037880,0.036303,0.037521
mobley_7326706,10,0.449613,0.447441,0.445189
mobley_7326706,11,-0.085143,-0.085363,-0.086363
mobley_7326706,12,0.563612,0.560975,0.558592
mobley_7326706,13,0.755530,0.752222,0.750390
mobley_7326706,14,-1.347644,-1.347555,-1.347565
mobley_7326706,15,-1.085172,-1.084912,-1.084799
mobley_7326706,16,-1.095929,-1.095660,-1.095626
mobley_7326706,17,-1.132598,-1.132485,-1.132304
mobley_7326706,18,0.280994,0.280440,0.280624
mobley_7326706,19,0.394396,0.393358,0.394017
mobley_7326706,20,0.394023,0.393001,0.393645
mobley_7326706,21,0.192294,0.191592,0.192184
mobley_7326706,22,0.164619,0.163715,0.164364
mobley_7326706,23,0.193706,0.193011,0.193498
mobley_7326706,24,0.162572,0.161699,0.162367
mobley_7326706,25,0.392364,0.391348,0.392007
mobley_7326706,26,0.394221,0.393197,0.393844
mobley_7326706,27,0.281038,0.280484,0.280667
mobley_7326706,28,-0.500661,-0.498448,-0.499514
mobley_7326982,0,-0.889236,-0.886846,-0.887594
mobley_7326982,1,-0.102788,-0.103188,-0.103363
mobley_7326982,2,-0.889236,-0.886846,-0.887593
mobley_7326982,3,-3.494631,-3.494880,-3.496865
mobley_7326982,4,0.386247,0.385203,0.385897
mobley_7326982,5,0.416632,0.415550,0.416195
mobley_7326982,6,0.334385,0.333632,0.333976
mobley_7326982,7,0.094213,0.094099,0.094104
mobley_7326982,8,0.386246,0.385203,0.385897
mobley_7326982,9,0.334386,0.333633,0.333977
mobley_7326982,10,0.416632,0.415550,0.416195
mobley_7326982,11,0.280853,0.281718,0.278788
mobley_7360181,0,-0.833599,-0.831824,-0.832680
mobley_7360181,1,0.340032,0.342266,0.335111
mobley_7360181,2,-0.477956,-0.478557,-0.475206
mobley_7360181,3,0.080709,0.079987,0.077757
mobley_7360181,4,-0.167264,-0.167265,-0.167260
mobley_7360181,5,-0.167259,-0.167260,-0.167256
mobley_7360181,6,-0.167302,-0.167306,-0.167296
mobley_7360181,7,-0.093262,-0.091358,-0.098173
mobley_7360181,8,-0.782500,-0.780821,-0.781813
mobley_7360181,9,0.155837,0.157906,0.151316
mobley_7360181,10,-1.019687,-1.017830,-1.016681
mobley_7360181,11,0.192667,0.191993,0.193216
mobley_7360181,12,0.305354,0.304527,0.305201
mobley_7360181,13,0.215188,0.214721,0.215100
mobley_7360181,14,0.289011,0.288214,0.288887
mobley_7360181,15,0.131120,0.130686,0.131993
mobley_7360181,16,0.190775,0.190371,0.190902
mobley_7360181,17,0.305493,0.304801,0.305126
mobley_7360181,18,0.253536,0.252914,0.253387
mobley_7360181,19,0.289034,0.288258,0.288896
mobley_7364468,0,-0.949978,-0.947519,-0.948027
mobley_7364468,1,0.119723,0.118830,0.118173
mobley_7364468,2,-0.679108,-0.677851,-0.677655
mobley_7364468,3,0.035586,0.034840,0.034487
mobley_7364468,4,-1.648712,-1.648912,-1.648441
mobley_7364468,5,-0.676023,-0.674210,-0.675075
mobley_7364468,6,0.665122,0.663292,0.660991
mobley_7364468,7,-0.795680,-0.793648,-0.794132
mobley_7364468,8,-1.031231,-1.028504,-1.028974
mobley_7364468,9,-0.856881,-0.854404,-0.855445
mobley_7364468,10,0.368740,0.367595,0.368574
mobley_7364468,11,0.295350,0.294623,0.295134
mobley_7364468,12,0.254481,0.253826,0.254333
mobley_7364468,13,-0.128497,-0.127834,-0.128411
mobley_7364468,14,0.085250,0.085203,0.085031
mobley_7364468,15,0.175310,0.174854,0.175218
mobley_7364468,16,0.227553,0.226868,0.227436
mobley_7364468,17,0.123303,0.122804,0.123377
mobley_7364468,18,0.317920,0.317104,0.317675
mobley_7364468,19,0.406721,0.405509,0.406453
mobley_7364468,20,0.411022,0.409815,0.410739
mobley_7364468,21,0.224662,0.223886,0.224659
mobley_7364468,22,0.302645,0.301817,0.302459
mobley_7364468,23,0.305431,0.304595,0.305235
mobley_7375018,0,-0.840039,-0.837823,-0.838519
mobley_7375018,1,-0.403220,-0.402169,-0.403281
mobley_7375018,2,-0.536627,-0.535243,-0.536112
mobley_7375018,3,-0.513014,-0.511642,-0.512616
mobley_7375018,4,-0.501338,-0.499974,-0.501014
mobley_7375018,5,-0.489532,-0.488226,-0.489236
mobley_7375018,6,-0.418353,-0.417313,-0.418239
mobley_7375018,7,-0.417176,-0.416276,-0.416935
mobley_7375018,8,-0.599944,-0.598321,-0.599273
mobley_7375018,9,0.015767,0.015009,0.014781
mobley_7375018,10,-2.251537,-2.251869,-2.251597
mobley_7375018,11,-0.912830,-0.910353,-0.911123
mobley_7375018,12,0.399434,0.398327,0.399115
mobley_7375018,13,0.424173,0.422955,0.423852
mobley_7375018,14,0.279740,0.279062,0.279512
mobley_7375018,15,0.251285,0.250638,0.251062
mobley_7375018,16,0.278791,0.278039,0.278545
mobley_7375018,17,0.314550,0.313707,0.314262
mobley_7375018,18,0.212489,0.212019,0.212277
mobley_7375018,19,0.313109,0.312257,0.312837
mobley_7375018,20,0.208554,0.208077,0.208363
mobley_7375018,21,0.327502,0.326552,0.327235
mobley_7375018,22,0.305556,0.304696,0.305305
mobley_7375018,23,0.325570,0.324682,0.325284
mobley_7375018,24,0.345384,0.344408,0.345105
mobley_7375018,25,0.291762,0.290999,0.291440
mobley_7375018,26,0.251307,0.250647,0.251102
mobley_7375018,27,0.201685,0.201202,0.201530
mobley_7375018,28,0.291359,0.290607,0.291097
mobley_7375018,29,0.110077,0.110196,0.109654
mobley_7375018,30,0.292907,0.292341,0.292414
mobley_7375018,31,0.347854,0.347137,0.347314
mobley_7375018,32,0.283854,0.283401,0.283331
mobley_7375018,33,0.297970,0.297183,0.297797
mobley_7378987,0,-0.495768,-0.494349,-0.494909
mobley_7378987,1,-1.338249,-1.337888,-1.337967
mobley_7378987,2,-0.185697,-0.186003,-0.185145
mobley_7378987,3,-1.364356,-1.364834,-1.364665
mobley_7378987,4,0.070254,0.068821,0.070203
mobley_7378987,5,-0.405626,-0.405946,-0.404599
mobley_7378987,6,0.170472,0.169406,0.169522
mobley_7378987,7,-0.560479,-0.558005,-0.560320
mobley_7378987,8,-1.336317,-1.335872,-1.336032
mobley_7378987,9,0.204861,0.203245,0.204382
mobley_7378987,10,-2.004906,-2.006271,-2.005644
mobley_7378987,11,-1.337043,-1.336620,-1.336773
mobley_7378987,12,-0.165751,-0.164691,-0.166273
mobley_7378987,13,-0.468228,-0.466999,-0.467367
mobley_7378987,14,0.297816,0.297004,0.297814
mobley_7378987,15,0.184836,0.184508,0.184745
mobley_7378987,16,0.184835,0.184507,0.184744
mobley_7378987,17,-0.044923,-0.044560,-0.044519
mobley_7378987,18,-0.040032,-0.040094,-0.039842
mobley_7378987,19,-0.040023,-0.040086,-0.039834
mobley_7378987,20,0.371272,0.370192,0.371363
mobley_7378987,21,0.296718,0.295959,0.296657
mobley_7378987,22,0.296626,0.295868,0.296565
mobley_7378987,23,0.365337,0.364282,0.365356
mobley_7393673,0,-0.919427,-0.917411,-0.917247
mobley_7393673,1,-1.143529,-1.143899,-1.142498
mobley_7393673,2,-0.262932,-0.263344,-0.262575
mobley_7393673,3,-0.392639,-0.392118,-0.392398
mobley_7393673,4,-0.400812,-0.400526,-0.400287
mobley_7393673,5,-0.022518,-0.023054,-0.023618
mobley_7393673,6,-0.405393,-0.405178,-0.404737
mobley_7393673,7,-0.464751,-0.464010,-0.464221
mobley_7393673,8,-0.331427,-0.331631,-0.330730
mobley_7393673,9,-1.199977,-1.199303,-1.199965
mobley_7393673,10,-0.744180,-0.744025,-0.743283
mobley_7393673,11,-0.969634,-0.967662,-0.967107
mobley_7393673,12,0.285705,0.284922,0.285573
mobley_7393673,13,0.174428,0.174025,0.174398
mobley_7393673,14,0.174430,0.174026,0.174399
mobley_7393673,15,-0.130231,-0.129685,-0.130031
mobley_7393673,16,-0.172430,-0.171827,-0.172121
mobley_7393673,17,-0.149548,-0.148927,-0.149321
mobley_7393673,18,-0.182542,-0.181539,-0.182606
mobley_7393673,19,0.259814,0.259103,0.259708
mobley_7393673,20,0.259724,0.259151,0.259503
mobley_7393673,21,0.259724,0.259151,0.259502
mobley_7415647,0,-0.536898,-0.535446,-0.535775
mobley_7415647,1,-1.325396,-1.324595,-1.324859
mobley_7415647,2,-0.499956,-0.498262,-0.499267
mobley_7415647,3,-0.175606,-0.176232,-0.175045
mobley_7415647,4,-1.666653,-1.667099,-1.666862
mobley_7415647,5,-0.042586,-0.043240,-0.043602
mobley_7415647,6,-0.400712,-0.400380,-0.400173
mobley_7415647,7,-0.444496,-0.444201,-0.443813
mobley_7415647,8,0.459385,0.457930,0.456909
mobley_7415647,9,-0.446555,-0.446294,-0.445876
mobley_7415647,10,-0.115087,-0.114697,-0.116023
mobley_7415647,11,-1.348684,-1.348662,-1.348616
mobley_7415647,12,-0.322782,-0.322807,-0.319105
mobley_7415647,13,-0.325082,-0.325112,-0.321408
mobley_7415647,14,0.265175,0.264643,0.264921
mobley_7415647,15,0.366592,0.365557,0.366537
mobley_7415647,16,0.360246,0.359170,0.360153
mobley_7415647,17,0.356591,0.355467,0.356540
mobley_7415647,18,0.371029,0.369931,0.370983
mobley_7415647,19,0.369496,0.368369,0.369422
mobley_7415647,20,-0.141196,-0.140449,-0.141135
mobley_7415647,21,-0.279499,-0.278587,-0.279194
mobley_7415647,22,-0.276802,-0.275903,-0.276504
mobley_7415647,23,-0.416613,-0.415693,-0.416206
mobley_7417968,0,-0.760078,-0.758003,-0.758972
mobley_7417968,1,-0.549471,-0.548554,-0.548469
mobley_7417968,2,-1.168119,-1.168570,-1.166855
mobley_7417968,3,-0.559629,-0.558566,-0.558707
mobley_7417968,4,-0.545571,-0.544666,-0.544578
mobley_7417968,5,-1.350349,-1.350448,-1.349755
mobley_7417968,6,-0.131877,-0.132602,-0.131963
mobley_7417968,7,-1.880275,-1.880316,-1.880444
mobley_7417968,8,-0.821729,-0.819421,-0.820481
mobley_7417968,9,0.395129,0.394100,0.394754
mobley_7417968,10,0.395130,0.394101,0.394754
mobley_7417968,11,0.281225,0.280667,0.280860
mobley_7417968,12,0.203923,0.203452,0.203770
mobley_7417968,13,0.203923,0.203451,0.203769
mobley_7417968,14,0.237394,0.236855,0.237175
mobley_7417968,15,0.237395,0.236855,0.237175
mobley_7417968,16,0.171227,0.170979,0.170990
mobley_7417968,17,0.171227,0.170979,0.170989
mobley_7417968,18,0.293542,0.293107,0.292978
mobley_7417968,19,0.293542,0.293106,0.292977
mobley_7417968,20,0.315853,0.315186,0.315470
mobley_7455579,0,-0.962214,-0.959702,-0.960198
mobley_7455579,1,0.153147,0.152718,0.150935
mobley_7455579,2,-0.938198,-0.936026,-0.935980
mobley_7455579,3,-0.819021,-0.817589,-0.816765
mobley_7455579,4,-0.938093,-0.937789,-0.937281
mobley_7455579,5,-0.528819,-0.528358,-0.527561
mobley_7455579,6,-1.275696,-1.275348,-1.275539
mobley_7455579,7,0.326238,0.325392,0.325971
mobley_7455579,8,0.484555,0.483087,0.484201
mobley_7455579,9,0.317015,0.316181,0.316764
mobley_7455579,10,0.106363,0.106305,0.106152
mobley_7455579,11,0.394583,0.393557,0.394166
mobley_7455579,12,0.335940,0.335037,0.335679
mobley_7455579,13,0.328697,0.327850,0.328395
mobley_7455579,14,0.114015,0.113941,0.113841
mobley_7455579,15,0.238398,0.237842,0.238173
mobley_7455579,16,-0.121446,-0.120811,-0.121350
mobley_7463408,0,-0.767841,-0.765958,-0.766476
mobley_7463408,1,-0.436162,-0.435139,-0.436220
mobley_7463408,2,0.081311,0.080204,0.080678
mobley_7463408,3,-2.121160,-2.121699,-2.121774
mobley_7463408,4,-1.378012,-1.378881,-1.378632
mobley_7463408,5,0.232475,0.230724,0.231441
mobley_7463408,6,-0.436970,-0.436757,-0.436279
mobley_7463408,7,-0.315948,-0.315733,-0.316146
mobley_7463408,8,0.603565,0.600897,0.598473
mobley_7463408,9,0.623992,0.621396,0.618777
mobley_7463408,10,-0.433404,-0.433096,-0.433111
mobley_7463408,11,-1.089805,-1.089527,-1.089465
mobley_7463408,12,-1.091558,-1.091282,-1.091227
mobley_7463408,13,0.350656,0.349871,0.350257
mobley_7463408,14,0.350656,0.349871,0.350257
mobley_7463408,15,0.278308,0.277607,0.278120
mobley_7463408,16,0.096720,0.096916,0.096295
mobley_7463408,17,0.096720,0.096916,0.096295
mobley_7463408,18,-1.736952,-1.732175,-1.737732
mobley_7463408,19,-0.394965,-0.393819,-0.394521
mobley_7463408,20,-0.316571,-0.315146,-0.315962
mobley_7463408,21,-0.335038,-0.333539,-0.334461
mobley_7463799,0,-0.399426,-0.399055,-0.399021
mobley_7463799,1,-0.379806,-0.379441,-0.379490
mobley_7463799,2,-0.499078,-0.498455,-0.498240
mobley_7463799,3,-0.058573,-0.059173,-0.059306
mobley_7463799,4,-0.499078,-0.498454,-0.498240
mobley_7463799,5,-0.379806,-0.379440,-0.379489
mobley_7463799,6,-0.566467,-0.565001,-0.565884
mobley_7463799,7,-0.372379,-0.371369,-0.372652
mobley_7463799,8,-0.658144,-0.656961,-0.656720
mobley_7463799,9,-2.974220,-2.974101,-2.976146
mobley_7463799,10,-0.146369,-0.145730,-0.146213
mobley_7463799,11,-0.147495,-0.146844,-0.147332
mobley_7463799,12,-0.111855,-0.111407,-0.111696
mobley_7463799,13,-0.111856,-0.111407,-0.111696
mobley_7463799,14,-0.147495,-0.146844,-0.147332
mobley_7463799,15,0.211074,0.210546,0.210948
mobley_7463799,16,0.211073,0.210544,0.210946
mobley_7463799,17,0.302914,0.302060,0.302688
mobley_7463799,18,0.302914,0.302060,0.302688
mobley_7463799,19,0.169710,0.169367,0.169574
mobley_7463799,20,0.169711,0.169368,0.169575
mobley_7463799,21,0.006558,0.008388,0.004706
mobley_7497999,0,-0.773319,-0.771101,-0.772262
mobley_7497999,1,-0.045510,-0.046152,-0.046252
mobley_7497999,2,-1.690255,-1.690636,-1.689885
mobley_7497999,3,-0.159076,-0.159376,-0.159491
mobley_7497999,4,-0.424692,-0.424400,-0.423992
mobley_7497999,5,-0.377325,-0.376970,-0.377034
mobley_7497999,6,-0.398540,-0.398172,-0.398139
mobley_7497999,7,-0.378086,-0.377725,-0.377784
mobley_7497999,8,-0.505294,-0.504569,-0.504483
mobley_7497999,9,0.318154,0.317279,0.318004
mobley_7497999,10,0.155874,0.155764,0.155547
mobley_7497999,11,0.155874,0.155764,0.155547
mobley_7497999,12,-0.148911,-0.148327,-0.148651
mobley_7497999,13,-0.145960,-0.145313,-0.145799
mobley_7497999,14,-0.144769,-0.144133,-0.144615
mobley_7497999,15,-0.147955,-0.147299,-0.147793
mobley_7497999,16,-0.225536,-0.224637,-0.225313
mobley_7532833,0,-0.814864,-0.812797,-0.813441
mobley_7532833,1,0.441823,0.440065,0.439908
mobley_7532833,2,-1.353996,-1.354127,-1.354065
mobley_7532833,3,0.066874,0.066372,0.066939
mobley_7532833,4,0.066869,0.066367,0.066934
mobley_7532833,5,0.066871,0.066369,0.066936
mobley_7542832,0,-0.853893,-0.851659,-0.852320
mobley_7542832,1,-0.313298,-0.312448,-0.313782
mobley_7542832,2,-0.675166,-0.673924,-0.673644
mobley_7542832,3,-1.007939,-1.008024,-1.006634
mobley_7542832,4,-0.679077,-0.677823,-0.677544
mobley_7542832,5,-0.311242,-0.310393,-0.311740
mobley_7542832,6,-0.821985,-0.820112,-0.820234
mobley_7542832,7,0.281137,0.280448,0.280911
mobley_7542832,8,0.414081,0.412911,0.413758
mobley_7542832,9,0.413887,0.412717,0.413564
mobley_7542832,10,0.275252,0.274599,0.274950
mobley_7542832,11,0.275694,0.275042,0.275398
mobley_7542832,12,0.248209,0.247567,0.248017
mobley_7542832,13,0.248173,0.247531,0.247988
mobley_7542832,14,0.252221,0.251567,0.252033
mobley_7542832,15,0.113542,0.113366,0.113458
mobley_7542832,16,0.249399,0.248864,0.249098
mobley_7542832,17,0.157834,0.157687,0.157531
mobley_7542832,18,0.346722,0.345888,0.346327
mobley_7542832,19,0.282986,0.282273,0.282769
mobley_7542832,20,0.405359,0.404307,0.404934
mobley_755351,0,-0.916557,-0.914546,-0.914391
mobley_755351,1,-1.130246,-1.130614,-1.129212
mobley_755351,2,-0.241955,-0.242322,-0.241739
mobley_755351,3,-0.415701,-0.415178,-0.415367
mobley_755351,4,-0.356128,-0.355740,-0.355977
mobley_755351,5,-0.542570,-0.541997,-0.541597
mobley_755351,6,0.207142,0.205632,0.205988
mobley_755351,7,-0.628089,-0.627141,-0.626874
mobley_755351,8,-1.404919,-1.406640,-1.406138
mobley_755351,9,0.173371,0.172972,0.173341
mobley_755351,10,0.287038,0.286251,0.286904
mobley_755351,11,0.173638,0.173237,0.173608
mobley_755351,12,-0.129572,-0.129039,-0.129378
mobley_755351,13,-0.149470,-0.148800,-0.149295
mobley_755351,14,-0.238329,-0.237392,-0.238144
mobley_755351,15,-0.238039,-0.236842,-0.238082
mobley_755351,16,-1.428664,-1.425163,-1.429268
mobley_755351,17,-1.436951,-1.433431,-1.437551
mobley_7573149,0,-0.853960,-0.851725,-0.852387
mobley_7573149,1,-0.312993,-0.312146,-0.313500
mobley_7573149,2,-0.661449,-0.660356,-0.659875
mobley_7573149,3,-1.315678,-1.315678,-1.315045
mobley_7573149,4,-0.129324,-0.130057,-0.129421
mobley_7573149,5,-1.877419,-1.877460,-1.877584
mobley_7573149,6,-0.821800,-0.819493,-0.820551
mobley_7573149,7,0.413670,0.412501,0.413346
mobley_7573149,8,0.281201,0.280512,0.280975
mobley_7573149,9,0.413669,0.412501,0.413346
mobley_7573149,10,0.274943,0.274302,0.274658
mobley_7573149,11,0.274942,0.274301,0.274657
mobley_7573149,12,0.183709,0.183349,0.183524
mobley_7573149,13,0.183711,0.183350,0.183525
mobley_7573149,14,0.293532,0.293096,0.292966
mobley_7573149,15,0.315835,0.315168,0.315452
mobley_7573149,16,0.293534,0.293099,0.292969
mobley_7578802,0,-0.544231,-0.543593,-0.542968
mobley_7578802,1,0.000000,0.000000,0.000000
mobley_7578802,2,0.000000,0.000000,0.000000
mobley_7578802,3,0.000000,0.000000,0.000000
mobley_7578802,4,-0.127718,-0.127119,-0.127464
mobley_7599023,0,-0.399084,-0.398715,-0.398675
mobley_7599023,1,-0.376643,-0.376294,-0.376345
mobley_7599023,2,-0.440284,-0.439907,-0.439475
mobley_7599023,3,-0.189232,-0.189802,-0.189119
mobley_7599023,4,-0.440284,-0.439907,-0.439475
mobley_7599023,5,-0.376643,-0.376294,-0.376345
mobley_7599023,6,0.000000,0.000000,0.000000
mobley_7599023,7,-0.144698,-0.144064,-0.144543
mobley_7599023,8,-0.146633,-0.145987,-0.146471
mobley_7599023,9,-0.100729,-0.100093,-0.100923
mobley_7599023,10,-0.100729,-0.100093,-0.100923
mobley_7599023,11,-0.146633,-0.145987,-0.146470
mobley_7608435,0,-0.840039,-0.837822,-0.838518
mobley_7608435,1,-0.403262,-0.402210,-0.403322
mobley_7608435,2,-0.536645,-0.535260,-0.536130
mobley_7608435,3,-0.513165,-0.511792,-0.512766
mobley_7608435,4,-0.507906,-0.506538,-0.507567
mobley_7608435,5,-0.417610,-0.416726,-0.417376
mobley_7608435,6,-0.467796,-0.466404,-0.467769
mobley_7608435,7,-0.277201,-0.277532,-0.276679
mobley_7608435,8,-2.069268,-2.069090,-2.069752
mobley_7608435,9,-0.929164,-0.929070,-0.928269
mobley_7608435,10,-0.968125,-0.966142,-0.965598
mobley_7608435,11,0.424168,0.422950,0.423847
mobley_7608435,12,0.279741,0.279063,0.279513
mobley_7608435,13,0.399443,0.398335,0.399123
mobley_7608435,14,0.278761,0.278010,0.278516
mobley_7608435,15,0.251262,0.250614,0.251039
mobley_7608435,16,0.212485,0.212015,0.212273
mobley_7608435,17,0.314528,0.313685,0.314240
mobley_7608435,18,0.208716,0.208238,0.208525
mobley_7608435,19,0.313349,0.312496,0.313077
mobley_7608435,20,0.306518,0.305660,0.306271
mobley_7608435,21,0.326580,0.325642,0.326318
mobley_7608435,22,0.268727,0.268193,0.268321
mobley_7608435,23,0.289283,0.288652,0.288879
mobley_7608435,24,0.216693,0.216441,0.216207
mobley_7608435,25,0.220475,0.220205,0.219990
mobley_7608435,26,0.262755,0.262028,0.262649
mobley_7608435,27,0.258713,0.258133,0.258494
mobley_7608435,28,0.258708,0.258128,0.258490
mobley_7608462,0,-0.397324,-0.396966,-0.396932
mobley_7608462,1,-0.378154,-0.377805,-0.377875
mobley_7608462,2,-0.341978,-0.341820,-0.341962
mobley_7608462,3,0.518751,0.516383,0.514279
mobley_7608462,4,-0.341979,-0.341821,-0.341962
mobley_7608462,5,-0.378155,-0.377806,-0.377876
mobley_7608462,6,-1.152502,-1.152334,-1.152408
mobley_7608462,7,-0.144339,-0.143706,-0.144184
mobley_7608462,8,-0.145917,-0.145273,-0.145754
mobley_7608462,9,-0.334924,-0.333455,-0.334269
mobley_7608462,10,-0.334925,-0.333457,-0.334270
mobley_7608462,11,-0.145918,-0.145274,-0.145755
mobley_7610437,0,-0.821534,-0.819598,-0.819809
mobley_7610437,1,-0.397192,-0.395981,-0.397399
mobley_7610437,2,-0.500356,-0.499667,-0.499305
mobley_7610437,3,0.001788,0.001773,0.000223
mobley_7610437,4,-0.927305,-0.925101,-0.925153
mobley_7610437,5,-0.902240,-0.900121,-0.900169
mobley_7610437,6,-3.202691,-3.202101,-3.205022
mobley_7610437,7,0.415455,0.414335,0.415053
mobley_7610437,8,0.285701,0.285007,0.285469
mobley_7610437,9,0.382381,0.381507,0.381873
mobley_7610437,10,0.192474,0.192089,0.192199
mobley_7610437,11,0.316411,0.315550,0.316107
mobley_7610437,12,0.024897,0.025068,0.024792
mobley_7610437,13,0.022963,0.023266,0.022710
mobley_7610437,14,0.356934,0.355951,0.356659
mobley_7610437,15,0.257789,0.257154,0.257530
mobley_7610437,16,0.448425,0.447155,0.448010
mobley_7610437,17,0.252974,0.252496,0.252611
mobley_7610437,18,0.324539,0.323702,0.324281
mobley_7610437,19,0.491296,0.489924,0.490826
mobley_7610437,20,0.146083,0.147420,0.144101
mobley_766666,0,0.324365,0.322710,0.320068
mobley_766666,1,1.211166,1.206817,1.202132
mobley_766666,2,-1.019153,-1.018814,-1.018521
mobley_766666,3,-1.074559,-1.074322,-1.074155
mobley_766666,4,-1.075754,-1.075468,-1.075313
mobley_766666,5,-0.225527,-0.224458,-0.225066
mobley_7676709,0,-0.955846,-0.953369,-0.953868
mobley_7676709,1,0.055307,0.054474,0.054068
mobley_7676709,2,-0.671440,-0.670241,-0.669996
mobley_7676709,3,-0.055030,-0.055492,-0.055775
mobley_7676709,4,-1.528949,-1.528462,-1.528921
mobley_7676709,5,-0.232294,-0.231653,-0.232960
mobley_7676709,6,-0.403384,-0.402188,-0.403522
mobley_7676709,7,-0.519842,-0.518488,-0.519444
mobley_7676709,8,0.021299,0.020987,0.019922
mobley_7676709,9,-0.860223,-0.857938,-0.858596
mobley_7676709,10,-0.921887,-0.919394,-0.920092
mobley_7676709,11,0.294248,0.293525,0.294037
mobley_7676709,12,0.375017,0.373854,0.374842
mobley_7676709,13,0.259384,0.258704,0.259236
mobley_7676709,14,-0.130053,-0.129412,-0.129950
mobley_7676709,15,-0.094963,-0.094301,-0.095164
mobley_7676709,16,0.064957,0.064781,0.064997
mobley_7676709,17,0.106451,0.106099,0.106481
mobley_7676709,18,0.119761,0.119502,0.119716
mobley_7676709,19,0.108760,0.108358,0.108829
mobley_7676709,20,-0.006676,-0.006422,-0.006702
mobley_7676709,21,0.338369,0.337454,0.338116
mobley_7676709,22,0.249571,0.248979,0.249273
mobley_7676709,23,0.384375,0.383177,0.384161
mobley_7676709,24,0.343364,0.342448,0.343095
mobley_7676709,25,0.302226,0.301414,0.302003
mobley_7676709,26,0.392916,0.391754,0.392648
mobley_7688753,0,-0.355138,-0.354801,-0.354946
mobley_7688753,1,-0.445104,-0.444613,-0.444503
mobley_7688753,2,0.000101,-0.000632,-0.000966
mobley_7688753,3,-0.444536,-0.444187,-0.443788
mobley_7688753,4,-0.203282,-0.203854,-0.203181
mobley_7688753,5,-0.474575,-0.473958,-0.473940
mobley_7688753,6,-3.228764,-3.228682,-3.231144
mobley_7688753,7,-0.457287,-0.456754,-0.456573
mobley_7688753,8,-1.110329,-1.110269,-1.109684
mobley_7688753,9,-0.146551,-0.145897,-0.146383
mobley_7688753,10,-0.174706,-0.173978,-0.174513
mobley_7688753,11,-0.163774,-0.163005,-0.163661
mobley_7688753,12,-0.119485,-0.118910,-0.119360
mobley_7688753,13,0.013439,0.015176,0.011661
mobley_7688753,14,-0.126278,-0.125603,-0.126168
mobley_7690440,0,-0.745137,-0.742653,-0.743559
mobley_7690440,1,-1.063371,-1.063396,-1.063769
mobley_7690440,2,-1.063371,-1.063396,-1.063769
mobley_7690440,3,-0.745136,-0.742653,-0.743559
mobley_7690440,4,0.331845,0.331032,0.331682
mobley_7690440,5,0.234834,0.234196,0.234594
mobley_7690440,6,0.224211,0.223511,0.224027
mobley_7690440,7,0.234833,0.234196,0.234594
mobley_7690440,8,0.224212,0.223511,0.224027
mobley_7690440,9,0.331845,0.331032,0.331682
mobley_7708038,0,-0.816814,-0.814751,-0.815298
mobley_7708038,1,-0.336332,-0.335633,-0.336387
mobley_7708038,2,-0.675766,-0.674305,-0.674506
mobley_7708038,3,0.000000,0.000000,0.000000
mobley_7708038,4,0.286950,0.286226,0.286723
mobley_7708038,5,0.437976,0.436858,0.437338
mobley_7708038,6,0.338370,0.337474,0.338105
mobley_7708038,7,0.171199,0.170886,0.171023
mobley_7708038,8,0.300685,0.300078,0.300085
mobley_7708038,9,0.063455,0.063461,0.063437
mobley_7708038,10,0.210308,0.209826,0.210159
mobley_7732703,0,-0.093418,-0.094361,-0.095065
mobley_7732703,1,-0.167287,-0.167289,-0.167282
mobley_7732703,2,-0.167287,-0.167289,-0.167282
mobley_7732703,3,-0.167287,-0.167289,-0.167282
mobley_7732703,4,0.000000,0.000000,0.000000
mobley_7735340,0,-0.372671,-0.372683,-0.371858
mobley_7735340,1,-0.431384,-0.431196,-0.430338
mobley_7735340,2,-1.357481,-1.357746,-1.357624
mobley_7735340,3,-0.230733,-0.231232,-0.229841
mobley_7735340,4,-1.381422,-1.382432,-1.382106
mobley_7735340,5,-0.142187,-0.141935,-0.141775
mobley_7735340,6,-0.211388,-0.211007,-0.210929
mobley_7735340,7,-0.004255,-0.004077,-0.003901
mobley_7735340,8,-1.990654,-1.985954,-1.990889
mobley_7754849,0,-0.757411,-0.755386,-0.756297
mobley_7754849,1,-0.545112,-0.544311,-0.543850
mobley_7754849,2,-1.689310,-1.682219,-1.687828
mobley_7754849,3,1.101572,1.112876,1.092100
mobley_7754849,4,-0.876512,-0.876373,-0.876681
mobley_7754849,5,-1.714200,-1.706941,-1.712791
mobley_7754849,6,-0.569429,-0.568573,-0.568066
mobley_7754849,7,-0.764526,-0.762496,-0.763388
mobley_7754849,8,-1.151798,-1.151279,-1.153423
mobley_7754849,9,-0.519862,-0.517336,-0.518546
mobley_7754849,10,-1.149930,-1.149409,-1.151566
mobley_7754849,11,1.504222,1.516421,1.495445
mobley_7754849,12,-0.851294,-0.851203,-0.851339
mobley_7754849,13,-1.730396,-1.723278,-1.728946
mobley_7754849,14,-0.516893,-0.516164,-0.515764
mobley_7754849,15,-0.762224,-0.760163,-0.761105
mobley_7754849,16,-1.385340,-1.378055,-1.383690
mobley_7754849,17,-0.506851,-0.505874,-0.506066
mobley_7754849,18,-0.759738,-0.757687,-0.758627
mobley_7754849,19,0.280780,0.280220,0.280403
mobley_7754849,20,0.492467,0.491117,0.491991
mobley_7754849,21,0.392911,0.391891,0.392523
mobley_7754849,22,0.169752,0.168998,0.169620
mobley_7754849,23,0.153227,0.152356,0.152963
mobley_7754849,24,0.135182,0.134717,0.134813
mobley_7754849,25,0.283379,0.282558,0.282899
mobley_7754849,26,0.391071,0.390071,0.390669
mobley_7754849,27,0.280673,0.280115,0.280300
mobley_7754849,28,0.426393,0.425153,0.426035
mobley_7754849,29,0.204135,0.203402,0.203766
mobley_7754849,30,0.283177,0.281955,0.282692
mobley_7754849,31,0.150261,0.149397,0.149971
mobley_7754849,32,0.204887,0.204021,0.204771
mobley_7754849,33,0.396314,0.395261,0.395946
mobley_7754849,34,0.280503,0.279950,0.280133
mobley_7754849,35,0.397452,0.396422,0.397061
mobley_7754849,36,0.091211,0.090641,0.090989
mobley_7754849,37,0.170320,0.169434,0.170078
mobley_7754849,38,0.280425,0.279874,0.280055
mobley_7754849,39,0.392189,0.391184,0.391814
mobley_7754849,40,0.391624,0.390601,0.391244
mobley_7758918,0,-0.772087,-0.770291,-0.770596
mobley_7758918,1,-0.431011,-0.429854,-0.431076
mobley_7758918,2,-0.330862,-0.331149,-0.330103
mobley_7758918,3,-1.954964,-1.954923,-1.955229
mobley_7758918,4,-3.117965,-3.117439,-3.120527
mobley_7758918,5,0.355258,0.354503,0.354748
mobley_7758918,6,0.355254,0.354499,0.354744
mobley_7758918,7,0.277405,0.276700,0.277212
mobley_7758918,8,0.185096,0.185042,0.184577
mobley_7758918,9,0.185099,0.185045,0.184580
mobley_7758918,10,-0.006187,-0.004605,-0.007759
mobley_7768165,0,-0.041819,-0.041937,-0.044214
mobley_7768165,1,-0.475057,-0.474169,-0.474801
mobley_7768165,2,0.000000,0.000000,0.000000
mobley_7768165,3,-1.162675,-1.162553,-1.162606
mobley_7768165,4,0.289503,0.288868,0.288848
mobley_7768165,5,0.289506,0.288870,0.288851
mobley_7768165,6,-0.078020,-0.077329,-0.077508
mobley_7768165,7,-0.078023,-0.077332,-0.077511
mobley_7769613,0,-1.027870,-1.025320,-1.025352
mobley_7769613,1,0.385853,0.384397,0.383137
mobley_7769613,2,-1.027871,-1.025321,-1.025353
mobley_7769613,3,-1.027870,-1.025320,-1.025353
mobley_7769613,4,0.000000,0.000000,0.000000
mobley_7769613,5,0.397619,0.396472,0.397326
mobley_7769613,6,0.380694,0.379788,0.380077
mobley_7769613,7,0.380693,0.379788,0.380077
mobley_7769613,8,0.397621,0.396474,0.397328
mobley_7769613,9,0.380694,0.379788,0.380078
mobley_7769613,10,0.380694,0.379788,0.380078
mobley_7769613,11,0.380695,0.379789,0.380078
mobley_7769613,12,0.380693,0.379788,0.380077
mobley_7769613,13,0.397620,0.396474,0.397327
mobley_7774695,0,-0.392855,-0.391522,-0.392576
mobley_7774695,1,-1.367474,-1.368015,-1.367858
mobley_7774695,2,0.049668,0.048546,0.049184
mobley_7774695,3,-0.601180,-0.600373,-0.599986
mobley_7774695,4,-0.382605,-0.382185,-0.382324
mobley_7774695,5,-0.400110,-0.399752,-0.399728
mobley_7774695,6,-0.376807,-0.376396,-0.376558
mobley_7774695,7,-0.495842,-0.495340,-0.495079
mobley_7774695,8,0.341920,0.340970,0.341828
mobley_7774695,9,0.302424,0.301548,0.302417
mobley_7774695,10,0.331836,0.330894,0.331796
mobley_7774695,11,-1.647614,-1.643351,-1.648159
mobley_7774695,12,-0.340378,-0.339239,-0.340153
mobley_7774695,13,-0.150650,-0.149983,-0.150481
mobley_7774695,14,-0.145942,-0.145304,-0.145786
mobley_7774695,15,-0.149081,-0.148420,-0.148912
mobley_7774695,16,-0.209304,-0.208440,-0.209109
mobley_778352,0,-0.806268,-0.804084,-0.804933
mobley_778352,1,-0.524533,-0.523842,-0.523543
mobley_778352,2,0.047388,0.046530,0.046227
mobley_778352,3,-0.942965,-0.940525,-0.941017
mobley_778352,4,-0.947431,-0.944931,-0.945497
mobley_778352,5,0.295691,0.294899,0.295510
mobley_778352,6,0.328943,0.328120,0.328687
mobley_778352,7,0.295689,0.294896,0.295508
mobley_778352,8,-0.040001,-0.039563,-0.040075
mobley_778352,9,0.328215,0.327297,0.328006
mobley_778352,10,0.328213,0.327295,0.328005
mobley_778352,11,0.291807,0.291093,0.291584
mobley_778352,12,0.335122,0.334166,0.334907
mobley_778352,13,0.273513,0.272875,0.273288
mobley_778352,14,0.335119,0.334163,0.334904
mobley_7794077,0,-0.042993,-0.043446,-0.044326
mobley_7794077,1,-0.309450,-0.309662,-0.308693
mobley_7794077,2,0.394602,0.392818,0.391114
mobley_7794077,3,-0.796377,-0.795809,-0.802386
mobley_7794077,4,-1.382914,-1.383956,-1.383652
mobley_7794077,5,0.188443,0.186473,0.188128
mobley_7794077,6,-2.020930,-2.022300,-2.021681
mobley_7794077,7,-1.380719,-1.381698,-1.381401
mobley_7794077,8,-0.021908,-0.022922,-0.024038
mobley_7794077,9,-0.167234,-0.167233,-0.167233
mobley_7794077,10,-0.167212,-0.167211,-0.167213
mobley_7794077,11,-0.167212,-0.167211,-0.167213
mobley_7794077,12,-0.111600,-0.111175,-0.111340
mobley_7794077,13,-1.969390,-1.964884,-1.969455
mobley_7794077,14,-1.949297,-1.944703,-1.949436
mobley_7814642,0,-0.323687,-0.323542,-0.323811
mobley_7814642,1,-0.314079,-0.313917,-0.314257
mobley_7814642,2,0.605935,0.603273,0.600851
mobley_7814642,3,0.622622,0.619953,0.617435
mobley_7814642,4,-0.280459,-0.280484,-0.280886
mobley_7814642,5,0.539372,0.536980,0.534739
mobley_7814642,6,-1.151957,-1.151788,-1.151860
mobley_7814642,7,-1.091134,-1.090858,-1.090801
mobley_7814642,8,-1.091162,-1.090885,-1.090829
mobley_7814642,9,-0.332697,-0.331226,-0.332042
mobley_7814642,10,-0.309442,-0.308049,-0.308844
mobley_7814642,11,-0.488831,-0.486651,-0.487764
mobley_7829570,0,-0.848405,-0.846154,-0.846884
mobley_7829570,1,-0.407733,-0.406689,-0.407801
mobley_7829570,2,-0.449360,-0.448215,-0.449404
mobley_7829570,3,0.188087,0.188738,0.185978
mobley_7829570,4,-1.294945,-1.293116,-1.293722
mobley_7829570,5,0.203375,0.203636,0.201414
mobley_7829570,6,-0.849816,-0.847635,-0.848397
mobley_7829570,7,-0.130386,-0.131809,-0.129473
mobley_7829570,8,0.241618,0.240564,0.239892
mobley_7829570,9,-0.358231,-0.358206,-0.358854
mobley_7829570,10,-0.043522,-0.044038,-0.043890
mobley_7829570,11,-0.351836,-0.351813,-0.352592
mobley_7829570,12,0.222700,0.221798,0.221019
mobley_7829570,13,-1.323740,-1.322867,-1.323139
mobley_7829570,14,-0.164646,-0.162232,-0.161773
mobley_7829570,15,-0.564669,-0.564082,-0.561669
mobley_7829570,16,-0.010570,-0.011461,-0.012910
mobley_7829570,17,-0.167226,-0.167226,-0.167227
mobley_7829570,18,-0.167227,-0.167227,-0.167228
mobley_7829570,19,-0.167282,-0.167284,-0.167278
mobley_7829570,20,-1.332913,-1.332367,-1.332498
mobley_7829570,21,-0.120739,-0.118375,-0.117736
mobley_7829570,22,-0.369478,-0.367822,-0.366632
mobley_7829570,23,0.401765,0.400645,0.401456
mobley_7829570,24,0.371889,0.370869,0.371663
mobley_7829570,25,0.288323,0.287599,0.288087
mobley_7829570,26,0.272632,0.271971,0.272409
mobley_7829570,27,0.147045,0.146817,0.146886
mobley_7829570,28,-0.051568,-0.051636,-0.051415
mobley_7829570,29,-0.104571,-0.104235,-0.104681
mobley_7829570,30,0.248617,0.247955,0.248638
mobley_7829570,31,0.130650,0.130615,0.130419
mobley_7829570,32,-0.057898,-0.058046,-0.057646
mobley_7829570,33,0.088122,0.087935,0.088047
mobley_7829570,34,0.200917,0.200235,0.200859
mobley_7829570,35,0.104279,0.103969,0.104167
mobley_7829570,36,0.093631,0.093216,0.093378
mobley_7829570,37,-0.200001,-0.198780,-0.199985
mobley_7829570,38,-0.202231,-0.201079,-0.201964
mobley_7859387,0,-0.843137,-0.840913,-0.841602
mobley_7859387,1,-0.396930,-0.395916,-0.396988
mobley_7859387,2,-0.522638,-0.521289,-0.522178
mobley_7859387,3,-0.510946,-0.509586,-0.510561
mobley_7859387,4,-0.468872,-0.467697,-0.468603
mobley_7859387,5,-0.456538,-0.455301,-0.456450
mobley_7859387,6,-0.389470,-0.389077,-0.389006
mobley_7859387,7,-1.606036,-1.606526,-1.605455
mobley_7859387,8,0.280202,0.279521,0.279976
mobley_7859387,9,0.412472,0.411307,0.412150
mobley_7859387,10,0.412460,0.411295,0.412138
mobley_7859387,11,0.287253,0.286515,0.286989
mobley_7859387,12,0.287339,0.286600,0.287075
mobley_7859387,13,0.340083,0.339149,0.339779
mobley_7859387,14,0.339407,0.338476,0.339103
mobley_7859387,15,0.336529,0.335602,0.336245
mobley_7859387,16,0.343279,0.342317,0.342990
mobley_7859387,17,0.367867,0.366883,0.367503
mobley_7859387,18,0.283847,0.283089,0.283618
mobley_7859387,19,0.221101,0.220848,0.220591
mobley_7859387,20,0.297054,0.296260,0.296832
mobley_7859387,21,0.028538,0.028667,0.028499
mobley_7860938,0,-0.837988,-0.835784,-0.836486
mobley_7860938,1,-0.125147,-0.124224,-0.126438
mobley_7860938,2,-0.517708,-0.516490,-0.517311
mobley_7860938,3,-0.104050,-0.103484,-0.104653
mobley_7860938,4,-1.367572,-1.368103,-1.367962
mobley_7860938,5,-0.099940,-0.099380,-0.100560
mobley_7860938,6,-0.510010,-0.508818,-0.509645
mobley_7860938,7,-0.098141,-0.097343,-0.099491
mobley_7860938,8,-0.839122,-0.836920,-0.837623
mobley_7860938,9,0.400502,0.399390,0.400182
mobley_7860938,10,0.422456,0.421247,0.422139
mobley_7860938,11,0.279887,0.279207,0.279658
mobley_7860938,12,-0.028249,-0.028184,-0.028367
mobley_7860938,13,0.200073,0.199310,0.199992
mobley_7860938,14,0.126161,0.125700,0.126116
mobley_7860938,15,0.243588,0.242879,0.243304
mobley_7860938,16,0.283230,0.282486,0.283121
mobley_7860938,17,0.306136,0.305360,0.305984
mobley_7860938,18,-1.405018,-1.401590,-1.405731
mobley_7860938,19,0.184247,0.183886,0.184193
mobley_7860938,20,0.408132,0.406966,0.407924
mobley_7860938,21,0.122637,0.122193,0.122590
mobley_7860938,22,0.140772,0.140419,0.140556
mobley_7860938,23,0.169312,0.168782,0.169084
mobley_7860938,24,0.100813,0.100372,0.100803
mobley_7860938,25,0.279855,0.279176,0.279628
mobley_7860938,26,0.417477,0.416293,0.417162
mobley_7860938,27,0.405814,0.404679,0.405494
mobley_7869158,0,-0.803505,-0.801638,-0.801886
mobley_7869158,1,-0.416252,-0.415020,-0.416399
mobley_7869158,2,-0.289866,-0.289908,-0.289702
mobley_7869158,3,-0.609751,-0.607603,-0.609181
mobley_7869158,4,-0.026122,-0.024932,-0.022573
mobley_7869158,5,-1.354401,-1.354590,-1.354423
mobley_7869158,6,-0.298694,-0.298232,-0.295236
mobley_7869158,7,-0.170522,-0.169740,-0.167122
mobley_7869158,8,0.339738,0.338950,0.339392
mobley_7869158,9,0.283292,0.282589,0.283079
mobley_7869158,10,0.389430,0.388276,0.389146
mobley_7869158,11,0.211980,0.211657,0.211638
mobley_7869158,12,0.297689,0.296975,0.297417
mobley_7869158,13,0.107888,0.107701,0.107958
mobley_7869158,14,0.418867,0.417566,0.418581
mobley_7869158,15,0.328584,0.327845,0.328252
mobley_7869158,16,-0.021179,-0.021155,-0.021431
mobley_7893124,0,-0.898787,-0.896321,-0.897103
mobley_7893124,1,0.498995,0.497603,0.495550
mobley_7893124,2,-0.996212,-0.993504,-0.994136
mobley_7893124,3,-0.996210,-0.993502,-0.994133
mobley_7893124,4,-0.322760,-0.322631,-0.322424
mobley_7893124,5,-0.496303,-0.495567,-0.495528
mobley_7893124,6,-0.383771,-0.383404,-0.383438
mobley_7893124,7,-0.402121,-0.401740,-0.401706
mobley_7893124,8,-0.382581,-0.382215,-0.382251
mobley_7893124,9,-0.473643,-0.472897,-0.472999
mobley_7893124,10,0.232869,0.232200,0.232787
mobley_7893124,11,0.387122,0.386100,0.386799
mobley_7893124,12,0.232869,0.232201,0.232788
mobley_7893124,13,0.308458,0.307571,0.308281
mobley_7893124,14,0.240930,0.240277,0.240816
mobley_7893124,15,0.403586,0.402429,0.403295
mobley_7893124,16,0.240929,0.240276,0.240815
mobley_7893124,17,0.403584,0.402428,0.403294
mobley_7893124,18,0.308463,0.307576,0.308285
mobley_7893124,19,-0.234336,-0.233367,-0.234135
mobley_7893124,20,-0.150378,-0.149715,-0.150218
mobley_7893124,21,-0.146868,-0.146226,-0.146712
mobley_7893124,22,-0.148505,-0.147851,-0.148347
mobley_7893124,23,-0.312577,-0.311452,-0.312257
mobley_7912193,0,-0.846237,-0.844006,-0.844690
mobley_7912193,1,-0.408178,-0.407152,-0.408194
mobley_7912193,2,-0.437558,-0.436373,-0.437542
mobley_7912193,3,-0.639131,-0.638064,-0.637682
mobley_7912193,4,-0.897487,-0.897161,-0.896762
mobley_7912193,5,-0.279845,-0.280131,-0.279390
mobley_7912193,6,-1.157816,-1.157080,-1.157830
mobley_7912193,7,-0.021476,-0.022020,-0.022582
mobley_7912193,8,-0.402282,-0.402089,-0.401634
mobley_7912193,9,-0.379751,-0.379298,-0.379545
mobley_7912193,10,-0.225438,-0.225995,-0.225226
mobley_7912193,11,-0.453388,-0.452781,-0.452864
mobley_7912193,12,-0.399209,-0.398917,-0.398690
mobley_7912193,13,-3.237717,-3.237634,-3.240095
mobley_7912193,14,0.413832,0.412662,0.413509
mobley_7912193,15,0.279756,0.279075,0.279530
mobley_7912193,16,0.413830,0.412661,0.413508
mobley_7912193,17,0.288228,0.287487,0.287963
mobley_7912193,18,0.288228,0.287486,0.287962
mobley_7912193,19,0.323953,0.323127,0.323628
mobley_7912193,20,0.323954,0.323128,0.323629
mobley_7912193,21,0.182207,0.181845,0.182042
mobley_7912193,22,0.182207,0.181844,0.182041
mobley_7912193,23,-0.147779,-0.147170,-0.147553
mobley_7912193,24,-0.160793,-0.159994,-0.160729
mobley_7912193,25,-0.121360,-0.120770,-0.121229
mobley_7912193,26,-0.173578,-0.172963,-0.173271
mobley_7912193,27,0.013128,0.014866,0.011344
mobley_7913234,0,-0.846172,-0.843941,-0.844626
mobley_7913234,1,-0.408073,-0.407048,-0.408090
mobley_7913234,2,-0.438091,-0.436906,-0.438055
mobley_7913234,3,-0.659533,-0.658312,-0.658080
mobley_7913234,4,-0.789836,-0.790608,-0.787496
mobley_7913234,5,-0.675809,-0.674489,-0.674356
mobley_7913234,6,-0.131951,-0.132182,-0.132487
mobley_7913234,7,-0.924213,-0.921757,-0.922422
mobley_7913234,8,-3.362248,-3.363147,-3.363566
mobley_7913234,9,0.413800,0.412631,0.413477
mobley_7913234,10,0.413792,0.412623,0.413470
mobley_7913234,11,0.279769,0.279088,0.279543
mobley_7913234,12,0.288615,0.287872,0.288350
mobley_7913234,13,0.288411,0.287669,0.288145
mobley_7913234,14,0.326428,0.325576,0.326094
mobley_7913234,15,0.324834,0.324003,0.324495
mobley_7913234,16,0.246700,0.246046,0.246526
mobley_7913234,17,0.244650,0.244027,0.244473
mobley_7913234,18,0.183994,0.183692,0.183733
mobley_7913234,19,0.290103,0.289356,0.289815
mobley_7913234,20,0.023403,0.023618,0.023276
mobley_7913234,21,0.324938,0.324178,0.324559
mobley_7913234,22,0.317155,0.316409,0.316840
mobley_7913234,23,0.451710,0.450498,0.451272
mobley_7913234,24,0.089644,0.091013,0.087883
mobley_7943327,0,-0.770618,-0.768812,-0.769158
mobley_7943327,1,-0.371213,-0.370133,-0.371569
mobley_7943327,2,-0.255025,-0.255404,-0.254602
mobley_7943327,3,-2.097557,-2.097358,-2.098065
mobley_7943327,4,-1.249584,-1.249557,-1.248904
mobley_7943327,5,-0.534116,-0.533353,-0.533079
mobley_7943327,6,-0.760192,-0.758115,-0.759103
mobley_7943327,7,0.352700,0.351931,0.352222
mobley_7943327,8,0.352700,0.351931,0.352222
mobley_7943327,9,0.277925,0.277220,0.277731
mobley_7943327,10,0.173117,0.173049,0.172648
mobley_7943327,11,0.173116,0.173049,0.172647
mobley_7943327,12,0.138221,0.138033,0.138072
mobley_7943327,13,0.138220,0.138031,0.138070
mobley_7943327,14,0.280757,0.280200,0.280395
mobley_7943327,15,0.394441,0.393421,0.394074
mobley_7943327,16,0.394443,0.393423,0.394076
mobley_7977115,0,-0.839187,-0.836975,-0.837671
mobley_7977115,1,-0.398660,-0.397938,-0.398388
mobley_7977115,2,-0.542064,-0.540558,-0.541627
mobley_7977115,3,-0.345508,-0.345191,-0.345107
mobley_7977115,4,-0.414365,-0.413198,-0.414455
mobley_7977115,5,-0.846505,-0.844565,-0.844638
mobley_7977115,6,-3.274197,-3.273934,-3.276475
mobley_7977115,7,0.415148,0.413970,0.414826
mobley_7977115,8,0.407446,0.406303,0.407125
mobley_7977115,9,0.280274,0.279595,0.280047
mobley_7977115,10,0.352001,0.351048,0.351659
mobley_7977115,11,0.213853,0.213501,0.213489
mobley_7977115,12,0.273726,0.273165,0.273333
mobley_7977115,13,0.326384,0.325573,0.326001
mobley_7977115,14,0.188751,0.188274,0.188584
mobley_7977115,15,0.214496,0.214150,0.214149
mobley_7977115,16,0.275865,0.275240,0.275521
mobley_7977115,17,0.282330,0.281624,0.282110
mobley_7977115,18,0.342364,0.341557,0.341958
mobley_7977115,19,0.479300,0.477939,0.478869
mobley_7977115,20,0.190168,0.191182,0.188259
mobley_7983227,0,-0.814810,-0.812560,-0.813430
mobley_7983227,1,-0.497422,-0.496439,-0.496753
mobley_7983227,2,-0.023177,-0.023177,-0.024617
mobley_7983227,3,-0.894518,-0.892413,-0.892478
mobley_7983227,4,-0.794463,-0.792891,-0.792491
mobley_7983227,5,-3.078896,-3.078386,-3.081068
mobley_7983227,6,0.287645,0.286939,0.287419
mobley_7983227,7,0.406895,0.405659,0.406628
mobley_7983227,8,0.303849,0.303258,0.303364
mobley_7983227,9,0.311797,0.311070,0.311403
mobley_7983227,10,0.216602,0.216104,0.216394
mobley_7983227,11,0.028598,0.028882,0.028335
mobley_7983227,12,0.473181,0.471910,0.472679
mobley_7983227,13,0.259120,0.258619,0.258771
mobley_7983227,14,0.326487,0.325610,0.326243
mobley_7983227,15,0.059474,0.059453,0.059435
mobley_7983227,16,0.100906,0.100809,0.100800
mobley_7983227,17,0.005084,0.006928,0.003219
mobley_7988076,0,-0.422899,-0.422436,-0.422396
mobley_7988076,1,-0.451320,-0.450712,-0.450800
mobley_7988076,2,-0.225844,-0.226403,-0.225629
mobley_7988076,3,-0.379103,-0.378650,-0.378900
mobley_7988076,4,-0.417853,-0.417645,-0.417125
mobley_7988076,5,-0.021982,-0.022671,-0.022956
mobley_7988076,6,-0.460395,-0.459853,-0.459668
mobley_7988076,7,-1.117080,-1.117006,-1.116451
mobley_7988076,8,-3.235773,-3.235689,-3.238150
mobley_7988076,9,-0.176629,-0.175889,-0.176428
mobley_7988076,10,-0.120613,-0.120028,-0.120479
mobley_7988076,11,-0.160594,-0.159797,-0.160530
mobley_7988076,12,-0.154354,-0.153702,-0.154152
mobley_7988076,13,-0.125937,-0.125263,-0.125828
mobley_7988076,14,0.013400,0.015137,0.011617
mobley_8006582,0,-0.527755,-0.526557,-0.527197
mobley_8006582,1,-0.560972,-0.559716,-0.560261
mobley_8006582,2,-0.560981,-0.559725,-0.560270
mobley_8006582,3,-0.527756,-0.526557,-0.527198
mobley_8006582,4,-0.531071,-0.529825,-0.530528
mobley_8006582,5,0.192430,0.191904,0.192322
mobley_8006582,6,0.135936,0.135593,0.135873
mobley_8006582,7,0.263702,0.263003,0.263487
mobley_8006582,8,0.099497,0.099282,0.099447
mobley_8006582,9,0.263729,0.263030,0.263514
mobley_8006582,10,0.099494,0.099278,0.099443
mobley_8006582,11,0.192423,0.191898,0.192315
mobley_8006582,12,0.135928,0.135585,0.135865
mobley_8006582,13,0.201568,0.200983,0.201463
mobley_8006582,14,0.201581,0.200996,0.201475
mobley_8011706,0,-0.582064,-0.580615,-0.580665
mobley_8011706,1,-1.324344,-1.323521,-1.323774
mobley_8011706,2,-0.563815,-0.562191,-0.562739
mobley_8011706,3,-0.467370,-0.467199,-0.465823
mobley_8011706,4,-1.499447,-1.500279,-1.499165
mobley_8011706,5,0.340470,0.339487,0.340366
mobley_8011706,6,0.318264,0.317369,0.318138
mobley_8011706,7,0.363621,0.362621,0.363540
mobley_8011706,8,0.326236,0.325427,0.326096
mobley_8011706,9,0.351800,0.350813,0.351667
mobley_8011706,10,0.373342,0.372224,0.373223
mobley_8011706,11,-0.008365,-0.008059,-0.008305
mobley_8048190,0,-0.936863,-0.934543,-0.935065
mobley_8048190,1,0.157077,0.155497,0.156241
mobley_8048190,2,-2.380839,-2.382185,-2.381174
mobley_8048190,3,-1.412200,-1.414156,-1.413576
mobley_8048190,4,0.044642,0.044357,0.044527
mobley_8048190,5,0.035482,0.035250,0.035299
mobley_8048190,6,0.356216,0.355588,0.355785
mobley_8048190,7,-1.419738,-1.415934,-1.420781
mobley_8048190,8,-1.457942,-1.454415,-1.458529
mobley_8052240,0,-0.376192,-0.375837,-0.375921
mobley_8052240,1,-0.376412,-0.376057,-0.376140
mobley_8052240,2,-0.405025,-0.404749,-0.404465
mobley_8052240,3,-0.023084,-0.023718,-0.024144
mobley_8052240,4,-0.029167,-0.029769,-0.030181
mobley_8052240,5,-0.405569,-0.405303,-0.404995
mobley_8052240,6,-0.103562,-0.104041,-0.104126
mobley_8052240,7,-0.995939,-0.995606,-0.995515
mobley_8052240,8,-0.004010,-0.004574,-0.005208
mobley_8052240,9,-0.406113,-0.405848,-0.405589
mobley_8052240,10,-0.352130,-0.351719,-0.352036
mobley_8052240,11,-0.526066,-0.525498,-0.525207
mobley_8052240,12,0.208079,0.206406,0.207115
mobley_8052240,13,-0.124613,-0.125064,-0.125280
mobley_8052240,14,0.252486,0.251655,0.250395
mobley_8052240,15,-1.103161,-1.102938,-1.102614
mobley_8052240,16,-1.397443,-1.398923,-1.398501
mobley_8052240,17,-0.144309,-0.143667,-0.144149
mobley_8052240,18,-0.144372,-0.143730,-0.144212
mobley_8052240,19,-0.152444,-0.151843,-0.152185
mobley_8052240,20,-0.152015,-0.151403,-0.151758
mobley_8052240,21,-0.148219,-0.147624,-0.147955
mobley_8052240,22,-0.147879,-0.147209,-0.147704
mobley_8052240,23,-0.190968,-0.190132,-0.190795
mobley_8052240,24,-1.305683,-1.302030,-1.306772
mobley_8052240,25,-1.445578,-1.442002,-1.446217
mobley_8057732,0,-0.358550,-0.358219,-0.358364
mobley_8057732,1,-0.474518,-0.473905,-0.473887
mobley_8057732,2,-0.204431,-0.205012,-0.204339
mobley_8057732,3,-0.347193,-0.346932,-0.347248
mobley_8057732,4,0.538244,0.535844,0.533682
mobley_8057732,5,-0.344207,-0.344040,-0.344186
mobley_8057732,6,-1.151955,-1.151786,-1.151858
mobley_8057732,7,-3.231289,-3.231208,-3.233674
mobley_8057732,8,-0.146427,-0.145776,-0.146258
mobley_8057732,9,-0.119429,-0.118855,-0.119304
mobley_8057732,10,-0.341189,-0.339603,-0.340649
mobley_8057732,11,-0.333691,-0.332226,-0.333037
mobley_8057732,12,0.014493,0.016232,0.012710
mobley_8117218,0,-0.375887,-0.374957,-0.376492
mobley_8117218,1,-0.001888,-0.001795,-0.003678
mobley_8117218,2,0.143848,0.143573,0.141011
mobley_8117218,3,0.143839,0.143565,0.141003
mobley_8117218,4,-0.001937,-0.001844,-0.003726
mobley_8117218,5,-0.283915,-0.283801,-0.283798
mobley_8117218,6,-0.283874,-0.283761,-0.283757
mobley_8117218,7,-1.008245,-1.008610,-1.007049
mobley_8117218,8,1.300995,1.296950,1.291661
mobley_8117218,9,1.044728,1.040812,1.036800
mobley_8117218,10,1.044676,1.040759,1.036747
mobley_8117218,11,1.300931,1.296887,1.291598
mobley_8117218,12,1.130801,1.127339,1.122093
mobley_8117218,13,-1.011024,-1.010566,-1.010344
mobley_8117218,14,-1.030004,-1.029620,-1.029423
mobley_8117218,15,-1.079589,-1.079228,-1.079257
mobley_8117218,16,-1.068743,-1.068396,-1.068327
mobley_8117218,17,-1.068751,-1.068404,-1.068335
mobley_8117218,18,-1.079595,-1.079233,-1.079263
mobley_8117218,19,0.032127,0.031667,0.032417
mobley_8117218,20,0.200738,0.200108,0.200811
mobley_8117218,21,-0.250447,-0.249460,-0.249890
mobley_8117218,22,-0.620793,-0.618794,-0.619262
mobley_8117218,23,-0.620874,-0.618875,-0.619343
mobley_8117218,24,-0.250548,-0.249559,-0.249990
mobley_8117218,25,-0.158411,-0.157906,-0.158089
mobley_8117218,26,-0.158462,-0.157956,-0.158140
mobley_8118832,0,-0.817367,-0.815782,-0.815443
mobley_8118832,1,-0.259582,-0.259356,-0.259888
mobley_8118832,2,-0.685402,-0.684231,-0.683834
mobley_8118832,3,-2.980673,-2.980507,-2.982712
mobley_8118832,4,0.048340,0.048488,0.048237
mobley_8118832,5,-0.024453,-0.024105,-0.024483
mobley_8118832,6,0.106291,0.106266,0.106039
mobley_8118832,7,0.125494,0.125347,0.125383
mobley_8118832,8,0.139340,0.139003,0.139304
mobley_8118832,9,0.172753,0.173891,0.170844
mobley_8124669,0,-0.843548,-0.841291,-0.842095
mobley_8124669,1,-0.143867,-0.142889,-0.145110
mobley_8124669,2,-0.213303,-0.213477,-0.213559
mobley_8124669,3,-0.479900,-0.479158,-0.479261
mobley_8124669,4,-0.359800,-0.359446,-0.359618
mobley_8124669,5,-0.498152,-0.497384,-0.497436
mobley_8124669,6,-0.147506,-0.147838,-0.147995
mobley_8124669,7,0.074926,0.073700,0.074560
mobley_8124669,8,-1.325479,-1.324663,-1.324963
mobley_8124669,9,-0.404840,-0.404158,-0.403670
mobley_8124669,10,-0.678727,-0.678916,-0.677732
mobley_8124669,11,-0.963306,-0.961124,-0.960965
mobley_8124669,12,0.135077,0.133645,0.134251
mobley_8124669,13,-1.322673,-1.323815,-1.323051
mobley_8124669,14,-0.122900,-0.122633,-0.125401
mobley_8124669,15,-1.125098,-1.124923,-1.124792
mobley_8124669,16,-0.131324,-0.130537,-0.132404
mobley_8124669,17,-0.818302,-0.816120,-0.816961
mobley_8124669,18,0.280851,0.280162,0.280643
mobley_8124669,19,0.283850,0.282941,0.283769
mobley_8124669,20,0.280003,0.279210,0.279864
mobley_8124669,21,0.141726,0.141283,0.141854
mobley_8124669,22,0.070010,0.069859,0.070530
mobley_8124669,23,-0.215335,-0.214537,-0.215077
mobley_8124669,24,-0.148991,-0.148322,-0.148828
mobley_8124669,25,-0.186866,-0.186146,-0.186658
mobley_8124669,26,0.281675,0.280851,0.281754
mobley_8124669,27,0.061406,0.061090,0.061735
mobley_8124669,28,0.329604,0.328699,0.329437
mobley_8124669,29,0.321192,0.320346,0.321023
mobley_8124669,30,0.271688,0.270999,0.271535
mobley_8124669,31,-0.008224,-0.008190,-0.008333
mobley_8124669,32,0.117386,0.116809,0.117329
mobley_8124669,33,0.165501,0.165081,0.165372
mobley_8124669,34,0.141200,0.140886,0.141239
mobley_8124669,35,0.284792,0.284075,0.284573
mobley_8124669,36,0.354739,0.353668,0.354597
mobley_8124669,37,0.266261,0.265539,0.266121
mobley_8127829,0,-0.758303,-0.756274,-0.757162
mobley_8127829,1,-0.453675,-0.452539,-0.453536
mobley_8127829,2,-0.081120,-0.081710,-0.081739
mobley_8127829,3,-0.496603,-0.495980,-0.495770
mobley_8127829,4,-0.379762,-0.379396,-0.379446
mobley_8127829,5,-0.399297,-0.398927,-0.398894
mobley_8127829,6,-0.379762,-0.379396,-0.379446
mobley_8127829,7,-0.496603,-0.495980,-0.495770
mobley_8127829,8,0.280586,0.279868,0.280384
mobley_8127829,9,0.384223,0.383048,0.384013
mobley_8127829,10,0.384222,0.383047,0.384012
mobley_8127829,11,0.158306,0.157991,0.158204
mobley_8127829,12,0.158306,0.157991,0.158205
mobley_8127829,13,-0.112191,-0.111744,-0.112037
mobley_8127829,14,-0.147421,-0.146771,-0.147258
mobley_8127829,15,-0.146338,-0.145699,-0.146181
mobley_8127829,16,-0.147421,-0.146771,-0.147258
mobley_8127829,17,-0.112191,-0.111743,-0.112037
mobley_819018,0,-0.945768,-0.943328,-0.943808
mobley_819018,1,0.089401,0.088465,0.088043
mobley_819018,2,-0.616253,-0.615273,-0.614917
mobley_819018,3,-0.403752,-0.402577,-0.403887
mobley_819018,4,-0.594618,-0.593115,-0.593874
mobley_819018,5,-0.063880,-0.064430,-0.064541
mobley_819018,6,-0.477700,-0.476993,-0.477030
mobley_819018,7,-0.624467,-0.623318,-0.623221
mobley_819018,8,-3.024379,-3.024316,-3.026459
mobley_819018,9,-0.917927,-0.915439,-0.916149
mobley_819018,10,-0.948888,-0.946394,-0.946947
mobley_819018,11,0.300285,0.299483,0.300086
mobley_819018,12,0.290523,0.289814,0.290301
mobley_819018,13,0.354619,0.353580,0.354408
mobley_819018,14,-0.031435,-0.031101,-0.031464
mobley_819018,15,0.181334,0.180871,0.181241
mobley_819018,16,0.200564,0.200065,0.200428
mobley_819018,17,0.208434,0.207931,0.208278
mobley_819018,18,0.252369,0.251673,0.252208
mobley_819018,19,0.028233,0.028501,0.027998
mobley_819018,20,0.105752,0.105663,0.105670
mobley_819018,21,0.144757,0.144411,0.144724
mobley_819018,22,0.212281,0.213254,0.210354
mobley_819018,23,0.308124,0.307395,0.307833
mobley_819018,24,0.328763,0.327830,0.328546
mobley_819018,25,0.263593,0.262814,0.263459
mobley_819018,26,0.311233,0.310424,0.311000
mobley_819018,27,0.333999,0.333024,0.333790
mobley_819018,28,0.348241,0.347249,0.348015
mobley_8191186,0,-0.178417,-0.178131,-0.179771
mobley_8191186,1,0.223372,0.221707,0.219990
mobley_8191186,2,-0.167126,-0.167121,-0.167135
mobley_8191186,3,-0.167126,-0.167121,-0.167135
mobley_8191186,4,-0.167321,-0.167325,-0.167314
mobley_8191186,5,-1.058545,-1.058176,-1.058390
mobley_8191186,6,0.099216,0.098987,0.099852
mobley_8191186,7,0.099219,0.098989,0.099855
mobley_8207196,0,-0.850714,-0.848644,-0.849241
mobley_8207196,1,0.252612,0.252520,0.250442
mobley_8207196,2,-1.385591,-1.386736,-1.386379
mobley_8207196,3,0.359848,0.357716,0.359080
mobley_8207196,4,-1.382612,-1.383713,-1.383317
mobley_8207196,5,0.350260,0.348143,0.349542
mobley_8207196,6,-1.375504,-1.376366,-1.376054
mobley_8207196,7,0.858079,0.854716,0.853077
mobley_8207196,8,-1.365912,-1.366468,-1.366256
mobley_8207196,9,-1.123486,-1.123325,-1.123236
mobley_8207196,10,-1.385703,-1.386852,-1.386494
mobley_8207196,11,0.244143,0.244052,0.242011
mobley_8207196,12,-0.851406,-0.849335,-0.849930
mobley_8207196,13,0.351658,0.350643,0.351365
mobley_8207196,14,0.176696,0.176062,0.176649
mobley_8207196,15,0.250535,0.249879,0.250297
mobley_8207196,16,-0.133891,-0.133752,-0.133656
mobley_8207196,17,0.274892,0.274265,0.274861
mobley_8207196,18,-1.719499,-1.715511,-1.719762
mobley_8207196,19,-1.732514,-1.728482,-1.732773
mobley_8207196,20,-0.127881,-0.127738,-0.127656
mobley_8207196,21,0.274381,0.273740,0.274346
mobley_8207196,22,0.251158,0.250499,0.250919
mobley_8207196,23,0.176573,0.175940,0.176526
mobley_8207196,24,0.351951,0.350936,0.351657
mobley_820789,0,-0.765920,-0.763952,-0.764627
mobley_820789,1,-0.320312,-0.319766,-0.320412
mobley_820789,2,-0.563035,-0.561530,-0.562556
mobley_820789,3,-0.303832,-0.304119,-0.303220
mobley_820789,4,-1.652671,-1.652121,-1.652873
mobley_820789,5,-3.131990,-3.131486,-3.134563
mobley_820789,6,0.362416,0.361506,0.361988
mobley_820789,7,0.285399,0.284687,0.285181
mobley_820789,8,0.329005,0.328113,0.328768
mobley_820789,9,0.149243,0.148967,0.149113
mobley_820789,10,0.243305,0.242807,0.242990
mobley_820789,11,0.100575,0.100887,0.100006
mobley_820789,12,0.261023,0.260600,0.260565
mobley_820789,13,-0.004464,-0.002892,-0.006042
mobley_8208692,0,-0.287215,-0.286885,-0.287750
mobley_8208692,1,0.480334,0.478226,0.476070
mobley_8208692,2,0.606116,0.603753,0.600825
mobley_8208692,3,0.708781,0.705875,0.702990
mobley_8208692,4,0.696378,0.693468,0.690659
mobley_8208692,5,0.622317,0.619692,0.617101
mobley_8208692,6,-1.081464,-1.081178,-1.081090
mobley_8208692,7,-1.014819,-1.014430,-1.014195
mobley_8208692,8,-1.009981,-1.009589,-1.009337
mobley_8208692,9,-1.044653,-1.044288,-1.044125
mobley_8208692,10,0.340131,0.338318,0.336720
mobley_8208692,11,0.533687,0.531524,0.528917
mobley_8208692,12,-0.282402,-0.282370,-0.282835
mobley_8208692,13,0.621236,0.618623,0.616023
mobley_8208692,14,0.701689,0.698762,0.695950
mobley_8208692,15,0.600907,0.598516,0.595681
mobley_8208692,16,-1.044349,-1.043982,-1.043809
mobley_8208692,17,-1.015114,-1.014724,-1.014490
mobley_8208692,18,-1.082805,-1.082521,-1.082438
mobley_8208692,19,-1.112580,-1.112321,-1.112298
mobley_8208692,20,-0.311123,-0.309919,-0.310394
mobley_8208692,21,-0.432725,-0.430741,-0.431793
mobley_8221999,0,-0.770523,-0.768422,-0.769384
mobley_8221999,1,-0.273600,-0.272736,-0.274275
mobley_8221999,2,-0.499695,-0.498495,-0.499318
mobley_8221999,3,0.345264,0.343849,0.343719
mobley_8221999,4,-1.352443,-1.352523,-1.352479
mobley_8221999,5,0.326505,0.325624,0.326305
mobley_8221999,6,0.219521,0.218585,0.219518
mobley_8221999,7,0.285677,0.284964,0.285460
mobley_8221999,8,0.141142,0.140903,0.141031
mobley_8221999,9,0.197889,0.197275,0.197805
mobley_8221999,10,-0.018191,-0.018425,-0.018104
mobley_8221999,11,-0.169662,-0.169410,-0.169456
mobley_8260524,0,-0.836376,-0.834264,-0.834858
mobley_8260524,1,-0.033557,-0.034247,-0.034413
mobley_8260524,2,-0.608221,-0.607295,-0.606966
mobley_8260524,3,0.283565,0.282783,0.283419
mobley_8260524,4,0.283566,0.282784,0.283419
mobley_8260524,5,0.283565,0.282783,0.283419
mobley_8260524,6,-0.126572,-0.125945,-0.126476
mobley_8311303,0,-0.347639,-0.347139,-0.347739
mobley_8311303,1,-0.312857,-0.312702,-0.313038
mobley_8311303,2,0.604837,0.602186,0.599762
mobley_8311303,3,0.623725,0.621051,0.618537
mobley_8311303,4,-0.303625,-0.303296,-0.304030
mobley_8311303,5,0.385417,0.383574,0.381806
mobley_8311303,6,0.110547,0.109402,0.108523
mobley_8311303,7,0.583986,0.581516,0.578914
mobley_8311303,8,0.623970,0.621355,0.618756
mobley_8311303,9,-0.284754,-0.284713,-0.285184
mobley_8311303,10,0.623970,0.621356,0.618757
mobley_8311303,11,0.583975,0.581505,0.578904
mobley_8311303,12,-1.047835,-1.047467,-1.047296
mobley_8311303,13,-1.082388,-1.082104,-1.082019
mobley_8311303,14,-1.082390,-1.082106,-1.082021
mobley_8311303,15,-1.047836,-1.047468,-1.047297
mobley_8311303,16,-1.090203,-1.089925,-1.089865
mobley_8311303,17,-1.091298,-1.091021,-1.090965
mobley_8311303,18,-0.180872,-0.180273,-0.180516
mobley_8311303,19,-0.308754,-0.307361,-0.308161
mobley_8311303,20,-0.328564,-0.327292,-0.327809
mobley_8311303,21,-0.431016,-0.429041,-0.430090
mobley_8311321,0,0.208778,0.207509,0.204546
mobley_8311321,1,-0.167245,-0.167245,-0.167244
mobley_8311321,2,-0.167245,-0.167245,-0.167244
mobley_8311321,3,-1.129067,-1.128906,-1.128806
mobley_8311321,4,-0.052269,-0.052048,-0.052083
mobley_8320545,0,-0.838808,-0.837193,-0.836839
mobley_8320545,1,0.211473,0.211672,0.209303
mobley_8320545,2,-1.344699,-1.344552,-1.344539
mobley_8320545,3,-0.793300,-0.793495,-0.789822
mobley_8320545,4,-0.793295,-0.793490,-0.789817
mobley_8320545,5,0.208488,0.207732,0.208442
mobley_8320545,6,0.262296,0.261889,0.261677
mobley_8320545,7,0.262295,0.261888,0.261676
mobley_8320545,8,0.245451,0.245053,0.245172
mobley_8320545,9,0.245453,0.245055,0.245173
mobley_8337722,0,-0.938679,-0.936174,-0.936786
mobley_8337722,1,0.022375,0.022239,0.020783
mobley_8337722,2,-0.546041,-0.544618,-0.545507
mobley_8337722,3,-0.467893,-0.466501,-0.467763
mobley_8337722,4,-0.302922,-0.302114,-0.303250
mobley_8337722,5,-0.325349,-0.324954,-0.325103
mobley_8337722,6,-0.555162,-0.553616,-0.554693
mobley_8337722,7,-3.049578,-3.048606,-3.051946
mobley_8337722,8,-0.001875,-0.002117,-0.003111
mobley_8337722,9,-0.865633,-0.863536,-0.863754
mobley_8337722,10,-0.913928,-0.911413,-0.912171
mobley_8337722,11,0.440656,0.439372,0.440334
mobley_8337722,12,0.337273,0.336353,0.337028
mobley_8337722,13,0.336782,0.335865,0.336536
mobley_8337722,14,0.028820,0.028833,0.028777
mobley_8337722,15,0.099206,0.099078,0.099107
mobley_8337722,16,0.238208,0.237469,0.238085
mobley_8337722,17,0.167085,0.166514,0.167069
mobley_8337722,18,0.057967,0.057969,0.057905
mobley_8337722,19,0.019456,0.019627,0.019315
mobley_8337722,20,-0.084964,-0.084692,-0.084824
mobley_8337722,21,0.339151,0.338004,0.338981
mobley_8337722,22,0.109708,0.109598,0.109543
mobley_8337722,23,0.143526,0.144877,0.141573
mobley_8337722,24,0.061295,0.061327,0.061172
mobley_8337722,25,0.333746,0.332867,0.333493
mobley_8337722,26,0.479241,0.477675,0.479012
mobley_8337722,27,0.243413,0.242985,0.242998
mobley_8337722,28,0.317646,0.317024,0.317111
mobley_8337722,29,0.361385,0.360391,0.361107
mobley_8337722,30,0.255798,0.255017,0.255690
mobley_8337977,0,-0.952424,-0.949937,-0.950450
mobley_8337977,1,0.148814,0.148110,0.146959
mobley_8337977,2,-0.878602,-0.876370,-0.876814
mobley_8337977,3,-0.736545,-0.734609,-0.735296
mobley_8337977,4,0.039050,0.038288,0.037951
mobley_8337977,5,-2.215000,-2.215286,-2.215073
mobley_8337977,6,-0.909494,-0.907027,-0.907800
mobley_8337977,7,0.501577,0.500030,0.501231
mobley_8337977,8,0.331975,0.331109,0.331704
mobley_8337977,9,0.293240,0.292513,0.293001
mobley_8337977,10,0.090915,0.090866,0.090766
mobley_8337977,11,0.288862,0.288132,0.288571
mobley_8337977,12,0.337507,0.336609,0.337247
mobley_8337977,13,0.384223,0.383102,0.383953
mobley_8337977,14,0.324372,0.323671,0.323859
mobley_8337977,15,0.189699,0.189520,0.189213
mobley_8337977,16,0.279155,0.278721,0.278634
mobley_8337977,17,0.351053,0.350319,0.350513
mobley_8337977,18,0.298410,0.297621,0.298236
mobley_8426916,0,-0.842406,-0.840328,-0.840917
mobley_8426916,1,0.010095,0.010293,0.009042
mobley_8426916,2,-1.370517,-1.371154,-1.370963
mobley_8426916,3,0.010095,0.010293,0.009041
mobley_8426916,4,-0.842408,-0.840330,-0.840919
mobley_8426916,5,0.328098,0.327131,0.327794
mobley_8426916,6,0.192724,0.192046,0.192665
mobley_8426916,7,0.219666,0.219076,0.219427
mobley_8426916,8,0.275031,0.274385,0.274890
mobley_8426916,9,0.373490,0.372462,0.373297
mobley_8426916,10,-1.384034,-1.380556,-1.384820
mobley_8426916,11,0.275027,0.274381,0.274886
mobley_8426916,12,0.373494,0.372466,0.373302
mobley_8426916,13,0.219670,0.219081,0.219431
mobley_8426916,14,0.192724,0.192046,0.192665
mobley_8426916,15,0.328090,0.327123,0.327785
mobley_8427539,0,-0.769977,-0.768108,-0.768570
mobley_8427539,1,-0.486271,-0.485178,-0.486071
mobley_8427539,2,0.037497,0.036267,0.037154
mobley_8427539,3,-2.663161,-2.664474,-2.663769
mobley_8427539,4,-1.406898,-1.408676,-1.408165
mobley_8427539,5,0.277608,0.276908,0.277423
mobley_8427539,6,0.354240,0.353479,0.353801
mobley_8427539,7,0.354237,0.353476,0.353797
mobley_8427539,8,0.084301,0.084497,0.083867
mobley_8427539,9,0.108006,0.108110,0.107566
mobley_8427539,10,-1.462350,-1.458785,-1.462930
mobley_8427539,11,-1.440553,-1.436790,-1.441511
mobley_8436428,0,-0.983114,-0.980502,-0.981031
mobley_8436428,1,0.063360,0.063199,0.061573
mobley_8436428,2,-0.935221,-0.932758,-0.933312
mobley_8436428,3,-0.793463,-0.791441,-0.791886
mobley_8436428,4,0.063361,0.063200,0.061574
mobley_8436428,5,-0.935221,-0.932758,-0.933311
mobley_8436428,6,-0.983112,-0.980500,-0.981029
mobley_8436428,7,0.455846,0.454410,0.455548
mobley_8436428,8,0.211347,0.210720,0.211257
mobley_8436428,9,0.354681,0.353733,0.354389
mobley_8436428,10,0.096528,0.096404,0.096381
mobley_8436428,11,0.481920,0.480461,0.481572
mobley_8436428,12,0.329609,0.328721,0.329355
mobley_8436428,13,0.316594,0.315804,0.316322
mobley_8436428,14,0.292833,0.292053,0.292554
mobley_8436428,15,0.292834,0.292054,0.292555
mobley_8436428,16,0.096529,0.096405,0.096382
mobley_8436428,17,0.481920,0.480461,0.481572
mobley_8436428,18,0.329610,0.328722,0.329356
mobley_8436428,19,0.316592,0.315802,0.316320
mobley_8436428,20,0.354681,0.353734,0.354390
mobley_8436428,21,0.455844,0.454408,0.455545
mobley_8436428,22,0.211346,0.210718,0.211256
mobley_8449031,0,-0.789714,-0.787643,-0.788465
mobley_8449031,1,-0.010775,-0.010323,-0.011786
mobley_8449031,2,-1.346329,-1.346206,-1.346229
mobley_8449031,3,-0.130620,-0.129875,-0.131131
mobley_8449031,4,-0.862207,-0.859848,-0.860693
mobley_8449031,5,-0.010777,-0.010325,-0.011788
mobley_8449031,6,-0.789714,-0.787642,-0.788464
mobley_8449031,7,0.223579,0.222842,0.223493
mobley_8449031,8,0.230096,0.229317,0.229907
mobley_8449031,9,0.025789,0.025430,0.025750
mobley_8449031,10,0.336701,0.335794,0.336545
mobley_8449031,11,0.294210,0.293436,0.294081
mobley_8449031,12,0.323353,0.322469,0.323213
mobley_8449031,13,0.323352,0.322467,0.323211
mobley_8449031,14,0.232750,0.232029,0.232643
mobley_8449031,15,0.108268,0.107627,0.108159
mobley_8449031,16,0.108272,0.107631,0.108163
mobley_8449031,17,0.336701,0.335794,0.336545
mobley_8449031,18,0.294211,0.293437,0.294081
mobley_8449031,19,0.025789,0.025430,0.025750
mobley_8449031,20,0.230097,0.229318,0.229908
mobley_8449031,21,0.223579,0.222842,0.223493
mobley_8467917,0,-0.842263,-0.840041,-0.840733
mobley_8467917,1,-0.397395,-0.396383,-0.397460
mobley_8467917,2,-0.496927,-0.495660,-0.496586
mobley_8467917,3,-0.498028,-0.496742,-0.497681
mobley_8467917,4,-0.489412,-0.488695,-0.488632
mobley_8467917,5,-0.349663,-0.349328,-0.349462
mobley_8467917,6,-0.842515,-0.840339,-0.840978
mobley_8467917,7,0.411964,0.410801,0.411643
mobley_8467917,8,0.412568,0.411403,0.412247
mobley_8467917,9,0.280297,0.279616,0.280071
mobley_8467917,10,0.290458,0.289707,0.290196
mobley_8467917,11,0.284105,0.283386,0.283846
mobley_8467917,12,0.329614,0.328724,0.329325
mobley_8467917,13,0.298461,0.297654,0.298212
mobley_8467917,14,0.287006,0.286286,0.286759
mobley_8467917,15,0.204754,0.204233,0.204624
mobley_8467917,16,0.054515,0.054574,0.054418
mobley_8467917,17,0.016058,0.016279,0.015974
mobley_8467917,18,0.286216,0.285457,0.286040
mobley_8467917,19,0.286597,0.285838,0.286421
mobley_8467917,20,0.358008,0.357084,0.357727
mobley_8492526,0,-0.843351,-0.841126,-0.841816
mobley_8492526,1,-0.405851,-0.404827,-0.405883
mobley_8492526,2,-0.456976,-0.456066,-0.456540
mobley_8492526,3,-0.454846,-0.453609,-0.454765
mobley_8492526,4,-0.407967,-0.407519,-0.407432
mobley_8492526,5,-2.008848,-2.009285,-2.008724
mobley_8492526,6,0.280135,0.279454,0.279909
mobley_8492526,7,0.412712,0.411547,0.412390
mobley_8492526,8,0.412716,0.411550,0.412394
mobley_8492526,9,0.288556,0.287820,0.288296
mobley_8492526,10,0.288558,0.287822,0.288297
mobley_8492526,11,0.280426,0.279867,0.279988
mobley_8492526,12,0.280423,0.279863,0.279984
mobley_8492526,13,0.216432,0.216179,0.215952
mobley_8492526,14,0.216435,0.216182,0.215954
mobley_8492526,15,-0.107940,-0.107307,-0.107900
mobley_8514745,0,-0.842182,-0.839960,-0.840652
mobley_8514745,1,-0.395391,-0.394386,-0.395460
mobley_8514745,2,-0.497600,-0.496619,-0.496941
mobley_8514745,3,-0.412862,-0.411689,-0.412977
mobley_8514745,4,-0.641226,-0.640133,-0.639759
mobley_8514745,5,-1.341348,-1.341354,-1.340788
mobley_8514745,6,-0.130311,-0.131043,-0.130401
mobley_8514745,7,-1.875973,-1.876018,-1.876142
mobley_8514745,8,-0.822243,-0.819931,-0.820987
mobley_8514745,9,0.413263,0.412095,0.412941
mobley_8514745,10,0.411343,0.410183,0.411021
mobley_8514745,11,0.280285,0.279603,0.280058
mobley_8514745,12,0.289021,0.288279,0.288762
mobley_8514745,13,0.283790,0.283068,0.283526
mobley_8514745,14,0.268004,0.267448,0.267618
mobley_8514745,15,0.336510,0.335649,0.336145
mobley_8514745,16,0.209681,0.209326,0.209359
mobley_8514745,17,0.295916,0.295197,0.295607
mobley_8514745,18,0.048128,0.048260,0.048034
mobley_8514745,19,0.189339,0.188930,0.189184
mobley_8514745,20,0.293576,0.293140,0.293007
mobley_8514745,21,0.315736,0.315070,0.315352
mobley_8514745,22,0.292785,0.292349,0.292214
mobley_8522124,0,-0.843137,-0.840912,-0.841602
mobley_8522124,1,-0.396888,-0.395874,-0.396946
mobley_8522124,2,-0.521442,-0.520097,-0.520988
mobley_8522124,3,-0.499979,-0.498646,-0.499648
mobley_8522124,4,-0.413337,-0.412235,-0.413372
mobley_8522124,5,-0.489612,-0.488404,-0.489292
mobley_8522124,6,-0.120077,-0.120481,-0.120588
mobley_8522124,7,-0.570724,-0.569866,-0.569644
mobley_8522124,8,0.280202,0.279521,0.279976
mobley_8522124,9,0.412465,0.411300,0.412143
mobley_8522124,10,0.412469,0.411304,0.412147
mobley_8522124,11,0.287289,0.286550,0.287024
mobley_8522124,12,0.287285,0.286547,0.287021
mobley_8522124,13,0.339376,0.338445,0.339072
mobley_8522124,14,0.339372,0.338440,0.339068
mobley_8522124,15,0.337813,0.336876,0.337531
mobley_8522124,16,0.337820,0.336883,0.337539
mobley_8522124,17,0.282543,0.281774,0.282333
mobley_8522124,18,0.282541,0.281772,0.282331
mobley_8522124,19,0.198664,0.198129,0.198564
mobley_8522124,20,0.198668,0.198133,0.198568
mobley_8522124,21,-0.126427,-0.125800,-0.126329
mobley_8525830,0,-0.840477,-0.838259,-0.838953
mobley_8525830,1,-0.390840,-0.389845,-0.390930
mobley_8525830,2,-0.484426,-0.483229,-0.484111
mobley_8525830,3,-0.417579,-0.416558,-0.417550
mobley_8525830,4,-0.626493,-0.624984,-0.625613
mobley_8525830,5,0.000000,0.000000,0.000000
mobley_8525830,6,0.414067,0.412894,0.413745
mobley_8525830,7,0.409950,0.408796,0.409629
mobley_8525830,8,0.280440,0.279758,0.280212
mobley_8525830,9,0.281856,0.281141,0.281593
mobley_8525830,10,0.290506,0.289755,0.290249
mobley_8525830,11,0.255820,0.255196,0.255573
mobley_8525830,12,0.348476,0.347564,0.348153
mobley_8525830,13,0.334089,0.333268,0.333774
mobley_8525830,14,0.221992,0.221486,0.221786
mobley_8525830,15,0.242872,0.242318,0.242662
mobley_8525830,16,0.096259,0.096215,0.096161
mobley_852937,0,-0.447354,-0.446732,-0.446910
mobley_852937,1,-0.436573,-0.436098,-0.435788
mobley_852937,2,-0.113037,-0.113767,-0.113841
mobley_852937,3,-0.435179,-0.434718,-0.434398
mobley_852937,4,-0.374645,-0.374177,-0.374514
mobley_852937,5,-0.226040,-0.226603,-0.225827
mobley_852937,6,-3.240152,-3.240067,-3.242537
mobley_852937,7,-0.167243,-0.167243,-0.167242
mobley_852937,8,-0.119942,-0.119358,-0.119802
mobley_852937,9,-0.138039,-0.137414,-0.137811
mobley_852937,10,-0.137687,-0.137064,-0.137475
mobley_852937,11,-0.160394,-0.159599,-0.160321
mobley_852937,12,0.013269,0.015008,0.011484
mobley_8558116,0,-0.518598,-0.516966,-0.517705
mobley_8558116,1,-1.325866,-1.325109,-1.325303
mobley_8558116,2,-0.117415,-0.116701,-0.118009
mobley_8558116,3,-0.739430,-0.738181,-0.737653
mobley_8558116,4,0.108680,0.111017,0.110755
mobley_8558116,5,-0.745702,-0.744411,-0.743898
mobley_8558116,6,-0.126597,-0.125860,-0.127155
mobley_8558116,7,0.427737,0.426471,0.427588
mobley_8558116,8,0.374065,0.372978,0.373963
mobley_8558116,9,0.365879,0.364930,0.365722
mobley_8558116,10,0.154130,0.153883,0.154049
mobley_8558116,11,0.195128,0.194818,0.194970
mobley_8558116,12,-0.101896,-0.101599,-0.101797
mobley_8558116,13,-0.016042,-0.016090,-0.015875
mobley_8558116,14,-0.007040,-0.007101,-0.006891
mobley_8558116,15,-0.171911,-0.171612,-0.171729
mobley_8558116,16,0.214751,0.214380,0.214598
mobley_8558116,17,0.147970,0.147686,0.147887
mobley_8573194,0,-0.852044,-0.849810,-0.850483
mobley_8573194,1,-0.332129,-0.331553,-0.332207
mobley_8573194,2,-0.478722,-0.477473,-0.478523
mobley_8573194,3,-0.410555,-0.410100,-0.410009
mobley_8573194,4,-2.019953,-2.020397,-2.019838
mobley_8573194,5,0.413831,0.412669,0.413513
mobley_8573194,6,0.279485,0.278803,0.279261
mobley_8573194,7,0.413853,0.412690,0.413535
mobley_8573194,8,0.227929,0.227569,0.227525
mobley_8573194,9,0.227933,0.227572,0.227529
mobley_8573194,10,0.218021,0.217776,0.217523
mobley_8573194,11,0.218045,0.217801,0.217548
mobley_8573194,12,-0.108083,-0.107451,-0.108043
mobley_8578590,0,-0.892384,-0.889765,-0.890285
mobley_8578590,1,-1.283549,-1.282672,-1.285774
mobley_8578590,2,-1.705287,-1.704196,-1.703071
mobley_8578590,3,-0.892383,-0.889764,-0.890284
mobley_8578590,4,0.306690,0.306253,0.306183
mobley_8578590,5,0.314196,0.313425,0.314009
mobley_8578590,6,0.308340,0.307840,0.307870
mobley_8578590,7,0.308341,0.307840,0.307871
mobley_8578590,8,0.306690,0.306253,0.306183
mobley_8578590,9,0.314197,0.313426,0.314010
mobley_859464,0,-0.962420,-0.959907,-0.960403
mobley_859464,1,0.153361,0.152928,0.151144
mobley_859464,2,-0.938284,-0.936112,-0.936066
mobley_859464,3,-0.781922,-0.780515,-0.779856
mobley_859464,4,-1.200434,-1.200196,-1.199793
mobley_859464,5,-0.128453,-0.129194,-0.128552
mobley_859464,6,-1.865542,-1.865585,-1.865702
mobley_859464,7,-0.822278,-0.819966,-0.821022
mobley_859464,8,0.326129,0.325282,0.325861
mobley_859464,9,0.317328,0.316493,0.317077
mobley_859464,10,0.484268,0.482801,0.483914
mobley_859464,11,0.106002,0.105947,0.105793
mobley_859464,12,0.335894,0.334990,0.335633
mobley_859464,13,0.327481,0.326642,0.327182
mobley_859464,14,0.394621,0.393596,0.394202
mobley_859464,15,0.108650,0.108554,0.108506
mobley_859464,16,0.233777,0.233195,0.233585
mobley_859464,17,0.293634,0.293198,0.293066
mobley_859464,18,0.315754,0.315088,0.315371
mobley_859464,19,0.292618,0.292184,0.292047
mobley_8614858,0,-0.849015,-0.846756,-0.847483
mobley_8614858,1,-0.411944,-0.410891,-0.411942
mobley_8614858,2,-0.532690,-0.531317,-0.532190
mobley_8614858,3,-0.509052,-0.507666,-0.508686
mobley_8614858,4,-0.518955,-0.517617,-0.518513
mobley_8614858,5,-0.394901,-0.393892,-0.394968
mobley_8614858,6,-0.843081,-0.840856,-0.841547
mobley_8614858,7,0.288294,0.287569,0.288058
mobley_8614858,8,0.408269,0.407075,0.407964
mobley_8614858,9,0.372759,0.371690,0.372488
mobley_8614858,10,0.147955,0.147717,0.147792
mobley_8614858,11,0.273797,0.273110,0.273541
mobley_8614858,12,0.208239,0.207752,0.208043
mobley_8614858,13,0.310582,0.309755,0.310296
mobley_8614858,14,0.309241,0.308376,0.308972
mobley_8614858,15,0.325971,0.325026,0.325699
mobley_8614858,16,0.348044,0.347071,0.347744
mobley_8614858,17,0.328963,0.328079,0.328659
mobley_8614858,18,0.285245,0.284514,0.284980
mobley_8614858,19,0.288624,0.287878,0.288360
mobley_8614858,20,0.412253,0.411090,0.411931
mobley_8614858,21,0.280210,0.279529,0.279983
mobley_8614858,22,0.412652,0.411487,0.412330
mobley_8668219,0,-0.833172,-0.830888,-0.831725
mobley_8668219,1,-0.482986,-0.481644,-0.482746
mobley_8668219,2,-0.240455,-0.239890,-0.240942
mobley_8668219,3,-0.920884,-0.918313,-0.919105
mobley_8668219,4,-0.098775,-0.098531,-0.099876
mobley_8668219,5,-0.907751,-0.905269,-0.906001
mobley_8668219,6,-0.974098,-0.971440,-0.972077
mobley_8668219,7,0.289347,0.288645,0.289111
mobley_8668219,8,0.385626,0.384439,0.385394
mobley_8668219,9,0.288333,0.287441,0.288201
mobley_8668219,10,0.293942,0.293103,0.293709
mobley_8668219,11,0.212797,0.212354,0.212571
mobley_8668219,12,0.021711,0.021922,0.021558
mobley_8668219,13,0.417154,0.415842,0.416878
mobley_8668219,14,0.353853,0.352879,0.353579
mobley_8668219,15,0.327078,0.326126,0.326853
mobley_8668219,16,0.010742,0.010935,0.010632
mobley_8668219,17,0.426158,0.424878,0.425855
mobley_8668219,18,0.320920,0.320103,0.320655
mobley_8668219,19,0.301202,0.300306,0.301020
mobley_8668219,20,0.235408,0.234656,0.235299
mobley_8668219,21,0.361745,0.360759,0.361459
mobley_8668219,22,0.402851,0.401621,0.402559
mobley_8685905,0,-0.392238,-0.391866,-0.391657
mobley_8685905,1,0.040692,0.039483,0.038732
mobley_8685905,2,-0.167229,-0.167229,-0.167230
mobley_8685905,3,-0.167254,-0.167255,-0.167253
mobley_8685905,4,-0.167324,-0.167328,-0.167316
mobley_8685905,5,-0.167045,-0.167036,-0.167062
mobley_8685905,6,0.000000,0.000000,0.000000
mobley_8685905,7,-0.212559,-0.211778,-0.211325
mobley_8691603,0,-0.895335,-0.893004,-0.893627
mobley_8691603,1,0.068574,0.067596,0.067322
mobley_8691603,2,-0.535939,-0.535254,-0.534932
mobley_8691603,3,-0.359225,-0.358880,-0.359004
mobley_8691603,4,-0.476514,-0.475888,-0.475872
mobley_8691603,5,-0.208580,-0.209137,-0.208439
mobley_8691603,6,-0.537842,-0.537066,-0.536917
mobley_8691603,7,-3.227858,-3.227781,-3.230236
mobley_8691603,8,0.271949,0.271261,0.271789
mobley_8691603,9,0.312387,0.311461,0.312251
mobley_8691603,10,0.274146,0.273452,0.273985
mobley_8691603,11,-0.108490,-0.107969,-0.108377
mobley_8691603,12,-0.147962,-0.147305,-0.147793
mobley_8691603,13,-0.120874,-0.120295,-0.120749
mobley_8691603,14,-0.117396,-0.116755,-0.117370
mobley_8691603,15,0.010606,0.012355,0.008824
mobley_8705848,0,-0.952029,-0.949556,-0.950140
mobley_8705848,1,0.469530,0.468551,0.466759
mobley_8705848,2,-0.960221,-0.957845,-0.958253
mobley_8705848,3,-1.389285,-1.390522,-1.390134
mobley_8705848,4,0.476205,0.475213,0.473404
mobley_8705848,5,-0.940238,-0.937848,-0.938368
mobley_8705848,6,-0.942565,-0.940236,-0.940667
mobley_8705848,7,0.302233,0.301211,0.301966
mobley_8705848,8,0.076565,0.076137,0.076455
mobley_8705848,9,0.290494,0.289524,0.290344
mobley_8705848,10,0.255068,0.254435,0.254933
mobley_8705848,11,0.222059,0.221280,0.221965
mobley_8705848,12,0.297620,0.296802,0.297367
mobley_8705848,13,0.300748,0.299854,0.300475
mobley_8705848,14,-1.418243,-1.414635,-1.419028
mobley_8705848,15,0.146410,0.146177,0.146339
mobley_8705848,16,0.008565,0.008362,0.008511
mobley_8705848,17,0.325619,0.324535,0.325347
mobley_8705848,18,0.291257,0.290260,0.291113
mobley_8705848,19,0.172301,0.171922,0.172115
mobley_8705848,20,0.231003,0.230208,0.230896
mobley_8705848,21,0.398368,0.397103,0.398047
mobley_8713762,0,-0.850022,-0.847765,-0.848505
mobley_8713762,1,-0.389703,-0.388813,-0.389817
mobley_8713762,2,-0.155951,-0.155471,-0.156177
mobley_8713762,3,-1.334781,-1.334273,-1.334438
mobley_8713762,4,-0.047870,-0.047271,-0.048576
mobley_8713762,5,-0.396684,-0.395687,-0.396858
mobley_8713762,6,-0.849230,-0.846976,-0.847718
mobley_8713762,7,-0.040810,-0.041139,-0.040452
mobley_8713762,8,-1.695788,-1.695954,-1.696065
mobley_8713762,9,-1.235446,-1.235556,-1.236642
mobley_8713762,10,-0.478979,-0.477603,-0.478294
mobley_8713762,11,-0.255486,-0.254763,-0.256040
mobley_8713762,12,-0.781671,-0.779527,-0.780348
mobley_8713762,13,0.410939,0.409806,0.410652
mobley_8713762,14,0.279133,0.278458,0.278913
mobley_8713762,15,0.415539,0.414380,0.415244
mobley_8713762,16,0.050722,0.050873,0.050317
mobley_8713762,17,0.043532,0.043430,0.043458
mobley_8713762,18,0.186692,0.186188,0.186714
mobley_8713762,19,0.302674,0.301805,0.302649
mobley_8713762,20,0.200356,0.199817,0.200374
mobley_8713762,21,0.271633,0.270885,0.271513
mobley_8713762,22,-0.009127,-0.009244,-0.009295
mobley_8713762,23,0.030708,0.030648,0.030640
mobley_8713762,24,0.407047,0.405932,0.406767
mobley_8713762,25,0.419284,0.418108,0.418990
mobley_8713762,26,0.278885,0.278211,0.278665
mobley_8713762,27,0.165277,0.165051,0.165187
mobley_8713762,28,0.040107,0.040297,0.040121
mobley_8713762,29,0.162649,0.162358,0.162491
mobley_8713762,30,0.180445,0.179925,0.180074
mobley_8713762,31,0.288885,0.288161,0.288666
mobley_8713762,32,0.301740,0.300758,0.301326
mobley_8713762,33,0.338255,0.337330,0.338007
mobley_8723116,0,-0.521123,-0.520573,-0.520281
mobley_8723116,1,-0.320823,-0.320610,-0.320966
mobley_8723116,2,0.519227,0.516844,0.514711
mobley_8723116,3,-0.320822,-0.320610,-0.320966
mobley_8723116,4,-0.521123,-0.520573,-0.520281
mobley_8723116,5,0.178746,0.177254,0.177708
mobley_8723116,6,-1.405626,-1.407369,-1.406860
mobley_8723116,7,-1.152643,-1.152475,-1.152549
mobley_8723116,8,-0.240159,-0.239213,-0.239967
mobley_8723116,9,-0.338716,-0.337222,-0.338045
mobley_8723116,10,-0.338716,-0.337222,-0.338045
mobley_8723116,11,-0.240159,-0.239213,-0.239966
mobley_8723116,12,-1.431511,-1.428005,-1.432112
mobley_8723116,13,-1.431509,-1.428002,-1.432109
mobley_8739734,0,-0.932340,-0.930000,-0.930324
mobley_8739734,1,-0.035802,-0.035768,-0.037209
mobley_8739734,2,-0.890339,-0.888197,-0.888402
mobley_8739734,3,-0.123105,-0.123539,-0.123477
mobley_8739734,4,-2.408442,-2.409038,-2.408505
mobley_8739734,5,-0.881677,-0.879221,-0.880124
mobley_8739734,6,0.218823,0.218264,0.218687
mobley_8739734,7,0.342654,0.341703,0.342406
mobley_8739734,8,0.416035,0.415045,0.415477
mobley_8739734,9,0.086159,0.086346,0.085761
mobley_8739734,10,0.276306,0.275835,0.275829
mobley_8739734,11,0.309067,0.308247,0.308846
mobley_8739734,12,0.407884,0.406796,0.407490
mobley_8739734,13,0.264635,0.264228,0.264144
mobley_8739734,14,0.304844,0.304028,0.304672
mobley_8739734,15,0.251585,0.251169,0.251123
mobley_8746821,0,-0.949922,-0.947360,-0.948063
mobley_8746821,1,-0.180922,-0.181396,-0.181181
mobley_8746821,2,-0.341914,-0.341452,-0.341664
mobley_8746821,3,-0.454617,-0.454180,-0.454073
mobley_8746821,4,-0.276081,-0.276194,-0.275633
mobley_8746821,5,-1.353838,-1.353975,-1.353895
mobley_8746821,6,-0.012341,-0.013344,-0.012651
mobley_8746821,7,-0.987936,-0.985446,-0.985932
mobley_8746821,8,0.235868,0.235182,0.235840
mobley_8746821,9,0.235846,0.235160,0.235817
mobley_8746821,10,0.292995,0.292252,0.292812
mobley_8746821,11,-0.157628,-0.156913,-0.157443
mobley_8746821,12,-0.243342,-0.242665,-0.243014
mobley_8746821,13,-0.117265,-0.116836,-0.116949
mobley_8746821,14,-0.023454,-0.023789,-0.023269
mobley_8746821,15,0.381661,0.380695,0.381468
mobley_8746821,16,-0.023508,-0.023843,-0.023323
mobley_8754702,0,-0.853897,-0.851662,-0.852324
mobley_8754702,1,-0.313225,-0.312373,-0.313726
mobley_8754702,2,-0.698886,-0.697768,-0.697122
mobley_8754702,3,-1.053147,-1.053084,-1.052341
mobley_8754702,4,-0.529746,-0.529277,-0.528486
mobley_8754702,5,-1.288700,-1.288352,-1.288551
mobley_8754702,6,0.413655,0.412486,0.413332
mobley_8754702,7,0.281208,0.280519,0.280981
mobley_8754702,8,0.413654,0.412486,0.413331
mobley_8754702,9,0.275191,0.274547,0.274903
mobley_8754702,10,0.275191,0.274547,0.274903
mobley_8754702,11,0.188331,0.187996,0.188113
mobley_8754702,12,0.188331,0.187996,0.188113
mobley_8754702,13,-0.121819,-0.121181,-0.121716
mobley_8764620,0,-0.448374,-0.447959,-0.447859
mobley_8764620,1,-0.220115,-0.219740,-0.220513
mobley_8764620,2,-0.141702,-0.142378,-0.142136
mobley_8764620,3,-0.288578,-0.288501,-0.288153
mobley_8764620,4,-1.343675,-1.343481,-1.343519
mobley_8764620,5,-0.307974,-0.308058,-0.307372
mobley_8764620,6,0.280322,0.279089,0.278977
mobley_8764620,7,-1.342443,-1.342195,-1.342272
mobley_8764620,8,-0.237608,-0.236946,-0.237283
mobley_8764620,9,-0.192957,-0.192387,-0.192592
mobley_8764620,10,-0.168397,-0.168010,-0.167925
mobley_8764620,11,-0.111924,-0.111506,-0.111621
mobley_8765203,0,-0.845776,-0.843522,-0.844270
mobley_8765203,1,0.039436,0.038569,0.038303
mobley_8765203,2,-0.853569,-0.851805,-0.851581
mobley_8765203,3,-0.535042,-0.534288,-0.534061
mobley_8765203,4,-0.803978,-0.802214,-0.802274
mobley_8765203,5,0.170186,0.169684,0.170172
mobley_8765203,6,0.306488,0.305724,0.306262
mobley_8765203,7,0.170181,0.169678,0.170166
mobley_8765203,8,-0.028251,-0.027891,-0.028259
mobley_8765203,9,-0.010635,-0.010279,-0.010684
mobley_8765203,10,-0.071443,-0.070933,-0.071444
mobley_8765203,11,-0.022824,-0.022493,-0.022828
mobley_8765203,12,0.000572,0.000804,0.000562
mobley_8772587,0,-0.841064,-0.838844,-0.839538
mobley_8772587,1,-0.398590,-0.397583,-0.398648
mobley_8772587,2,-0.444251,-0.443221,-0.444087
mobley_8772587,3,-0.610643,-0.609171,-0.609827
mobley_8772587,4,0.000000,0.000000,0.000000
mobley_8772587,5,0.280388,0.279706,0.280161
mobley_8772587,6,0.412079,0.410916,0.411758
mobley_8772587,7,0.412079,0.410916,0.411758
mobley_8772587,8,0.287874,0.287137,0.287608
mobley_8772587,9,0.287874,0.287136,0.287608
mobley_8772587,10,0.320543,0.319790,0.320217
mobley_8772587,11,0.320543,0.319789,0.320216
mobley_8772587,12,0.225916,0.225417,0.225717
mobley_8772587,13,0.225914,0.225416,0.225716
mobley_8785107,0,-0.862965,-0.860620,-0.861443
mobley_8785107,1,-0.269333,-0.269348,-0.269150
mobley_8785107,2,-0.558489,-0.557033,-0.557952
mobley_8785107,3,-0.558489,-0.557032,-0.557952
mobley_8785107,4,-0.269333,-0.269348,-0.269149
mobley_8785107,5,-2.280591,-2.281597,-2.280127
mobley_8785107,6,-0.862966,-0.860620,-0.861444
mobley_8785107,7,0.407074,0.405962,0.406705
mobley_8785107,8,0.373568,0.372631,0.373192
mobley_8785107,9,0.310158,0.309438,0.309835
mobley_8785107,10,-0.019228,-0.019023,-0.019200
mobley_8785107,11,0.126807,0.126628,0.126604
mobley_8785107,12,0.332095,0.331394,0.331570
mobley_8785107,13,0.332095,0.331394,0.331569
mobley_8785107,14,0.126806,0.126628,0.126604
mobley_8785107,15,-0.019228,-0.019022,-0.019199
mobley_8785107,16,0.310158,0.309438,0.309834
mobley_8785107,17,0.407073,0.405961,0.406705
mobley_8785107,18,0.373567,0.372630,0.373192
mobley_8789465,0,-0.378023,-0.377687,-0.377711
mobley_8789465,1,-0.378994,-0.378637,-0.378695
mobley_8789465,2,-0.405544,-0.405196,-0.405103
mobley_8789465,3,-0.222818,-0.223057,-0.222949
mobley_8789465,4,-0.237828,-0.238417,-0.237536
mobley_8789465,5,-0.376741,-0.376301,-0.376544
mobley_8789465,6,-3.222495,-3.222703,-3.224780
mobley_8789465,7,0.000000,0.000000,0.000000
mobley_8789465,8,-0.146893,-0.146245,-0.146735
mobley_8789465,9,-0.146749,-0.146099,-0.146588
mobley_8789465,10,-0.122014,-0.121355,-0.121896
mobley_8789465,11,-0.161342,-0.160572,-0.161243
mobley_8789465,12,0.014600,0.016324,0.012822
mobley_8789864,0,-1.031887,-1.029983,-1.028787
mobley_8789864,1,-0.528421,-0.527242,-0.528030
mobley_8789864,2,-0.363021,-0.363655,-0.361408
mobley_8789864,3,-0.411292,-0.409865,-0.411641
mobley_8789864,4,0.355405,0.353434,0.354400
mobley_8789864,5,-1.350198,-1.350203,-1.350189
mobley_8789864,6,-0.947573,-0.946732,-0.947295
mobley_8789864,7,-1.056929,-1.054784,-1.053914
mobley_8789864,8,-0.941650,-0.940333,-0.941649
mobley_8789864,9,-0.977265,-0.975204,-0.974742
mobley_8789864,10,0.251297,0.250650,0.251174
mobley_8789864,11,0.279554,0.278999,0.279131
mobley_8789864,12,0.298979,0.298171,0.298825
mobley_8789864,13,-0.115202,-0.114871,-0.115364
mobley_8789864,14,-0.183127,-0.182559,-0.183294
mobley_8789864,15,0.309454,0.308357,0.309462
mobley_8789864,16,0.298913,0.298116,0.298730
mobley_8789864,17,0.227513,0.227004,0.227306
mobley_8789864,18,0.285936,0.285158,0.285799
mobley_8789864,19,0.283129,0.282302,0.283041
mobley_8789864,20,0.159448,0.159287,0.159197
mobley_8798016,0,-0.520078,-0.519756,-0.518990
mobley_8798016,1,-0.286689,-0.286786,-0.286195
mobley_8798016,2,-1.346026,-1.345912,-1.345918
mobley_8798016,3,-0.287134,-0.287230,-0.286632
mobley_8798016,4,-0.521891,-0.521342,-0.521029
mobley_8798016,5,0.119457,0.118610,0.117945
mobley_8798016,6,-0.466912,-0.466368,-0.466180
mobley_8798016,7,-1.130565,-1.130501,-1.129944
mobley_8798016,8,-0.251751,-0.251067,-0.251391
mobley_8798016,9,-0.114138,-0.113709,-0.113824
mobley_8798016,10,-0.117641,-0.117206,-0.117325
mobley_8798016,11,-0.275259,-0.274496,-0.274892
mobley_8798016,12,-0.124580,-0.123915,-0.124468
mobley_8809190,0,-0.842042,-0.839820,-0.840512
mobley_8809190,1,-0.399575,-0.398561,-0.399634
mobley_8809190,2,-0.434902,-0.433764,-0.434850
mobley_8809190,3,-0.554469,-0.553015,-0.553936
mobley_8809190,4,-0.053702,-0.054315,-0.054455
mobley_8809190,5,-0.500960,-0.500330,-0.500115
mobley_8809190,6,-0.379748,-0.379383,-0.379432
mobley_8809190,7,-0.399312,-0.398941,-0.398908
mobley_8809190,8,-0.379748,-0.379383,-0.379432
mobley_8809190,9,-0.500960,-0.500330,-0.500115
mobley_8809190,10,0.412399,0.411235,0.412078
mobley_8809190,11,0.280263,0.279582,0.280037
mobley_8809190,12,0.412400,0.411235,0.412078
mobley_8809190,13,0.288241,0.287500,0.287978
mobley_8809190,14,0.288240,0.287499,0.287977
mobley_8809190,15,0.310084,0.309137,0.309897
mobley_8809190,16,0.310084,0.309138,0.309898
mobley_8809190,17,0.207291,0.206776,0.207170
mobley_8809190,18,0.207291,0.206777,0.207170
mobley_8809190,19,-0.111132,-0.110688,-0.110971
mobley_8809190,20,-0.147418,-0.146768,-0.147255
mobley_8809190,21,-0.146345,-0.145706,-0.146188
mobley_8809190,22,-0.147419,-0.146768,-0.147256
mobley_8809190,23,-0.111131,-0.110688,-0.110971
mobley_8809274,0,-0.397519,-0.397152,-0.397123
mobley_8809274,1,-0.376760,-0.376419,-0.376493
mobley_8809274,2,-0.273795,-0.273500,-0.275140
mobley_8809274,3,-0.094059,-0.094654,-0.094020
mobley_8809274,4,-0.273718,-0.273424,-0.275065
mobley_8809274,5,-0.376759,-0.376418,-0.376492
mobley_8809274,6,-0.007696,-0.008595,-0.010090
mobley_8809274,7,-0.167279,-0.167281,-0.167275
mobley_8809274,8,-0.167225,-0.167225,-0.167226
mobley_8809274,9,-0.167225,-0.167225,-0.167226
mobley_8809274,10,-0.145674,-0.145036,-0.145519
mobley_8809274,11,-0.145682,-0.145035,-0.145522
mobley_8809274,12,-0.197401,-0.196687,-0.196796
mobley_8809274,13,-0.197551,-0.196836,-0.196945
mobley_8809274,14,-0.145682,-0.145035,-0.145521
mobley_8823527,0,-0.323660,-0.323506,-0.323783
mobley_8823527,1,-0.313881,-0.313707,-0.314043
mobley_8823527,2,0.476478,0.474314,0.472131
mobley_8823527,3,0.003583,0.002742,0.002278
mobley_8823527,4,-0.351101,-0.350820,-0.351157
mobley_8823527,5,0.540713,0.538329,0.536091
mobley_8823527,6,-1.151272,-1.151102,-1.151171
mobley_8823527,7,0.137997,0.136913,0.135871
mobley_8823527,8,-0.308855,-0.308580,-0.309206
mobley_8823527,9,0.625286,0.622655,0.620072
mobley_8823527,10,0.696387,0.693431,0.690688
mobley_8823527,11,0.624119,0.621501,0.618922
mobley_8823527,12,-0.370421,-0.370059,-0.370421
mobley_8823527,13,-1.084314,-1.084031,-1.083953
mobley_8823527,14,-1.023328,-1.022943,-1.022736
mobley_8823527,15,-1.084336,-1.084053,-1.083975
mobley_8823527,16,-1.116297,-1.116044,-1.116024
mobley_8823527,17,-0.333951,-0.332475,-0.333294
mobley_8823527,18,-0.306958,-0.305572,-0.306366
mobley_8823527,19,-0.323441,-0.322089,-0.322735
mobley_8823527,20,-0.358391,-0.357024,-0.357586
mobley_8823527,21,-0.287335,-0.286108,-0.286685
mobley_8827942,0,-0.377090,-0.376749,-0.376791
mobley_8827942,1,-0.377099,-0.376757,-0.376799
mobley_8827942,2,-0.395022,-0.394518,-0.394781
mobley_8827942,3,-0.181522,-0.182052,-0.181670
mobley_8827942,4,-0.180444,-0.180973,-0.180595
mobley_8827942,5,-0.394942,-0.394438,-0.394701
mobley_8827942,6,-0.516586,-0.517833,-0.516091
mobley_8827942,7,-0.075223,-0.076056,-0.076051
mobley_8827942,8,0.533072,0.530869,0.528317
mobley_8827942,9,-0.272927,-0.272933,-0.273392
mobley_8827942,10,0.630637,0.627986,0.625404
mobley_8827942,11,0.598660,0.596189,0.593458
mobley_8827942,12,-0.063736,-0.064563,-0.064623
mobley_8827942,13,-0.534679,-0.536004,-0.534115
mobley_8827942,14,-1.070935,-1.070716,-1.070403
mobley_8827942,15,-1.086766,-1.086485,-1.086415
mobley_8827942,16,-1.131694,-1.131580,-1.131389
mobley_8827942,17,-0.144704,-0.144064,-0.144544
mobley_8827942,18,-0.144699,-0.144059,-0.144539
mobley_8827942,19,-0.129560,-0.128964,-0.129400
mobley_8827942,20,-0.129541,-0.128945,-0.129381
mobley_8827942,21,-0.460646,-0.458560,-0.459647
mobley_8861672,0,-0.904158,-0.901820,-0.902431
mobley_8861672,1,0.239318,0.238197,0.237389
mobley_8861672,2,-0.610275,-0.609528,-0.609036
mobley_8861672,3,-0.251557,-0.251685,-0.251217
mobley_8861672,4,-1.355354,-1.355544,-1.355444
mobley_8861672,5,0.157777,0.156362,0.156736
mobley_8861672,6,-0.759825,-0.758715,-0.757948
mobley_8861672,7,-0.932023,-0.929740,-0.930211
mobley_8861672,8,0.306172,0.305275,0.306039
mobley_8861672,9,0.273404,0.272706,0.273248
mobley_8861672,10,0.276580,0.275873,0.276420
mobley_8861672,11,-0.212489,-0.211917,-0.212200
mobley_8861672,12,-0.118669,-0.118228,-0.118346
mobley_8861672,13,-0.120954,-0.120772,-0.120691
mobley_8861672,14,0.037923,0.037445,0.038048
mobley_8861672,15,0.355093,0.354219,0.354908
mobley_8861672,16,0.034014,0.033545,0.034140
mobley_8882696,0,-0.463881,-0.462735,-0.463709
mobley_8882696,1,-0.463881,-0.462735,-0.463709
mobley_8882696,2,-0.771165,-0.769839,-0.769164
mobley_8882696,3,-1.525702,-1.526488,-1.524686
mobley_8882696,4,-0.771165,-0.769839,-0.769164
mobley_8882696,5,0.269434,0.268970,0.268941
mobley_8882696,6,0.137277,0.137112,0.137028
mobley_8882696,7,0.269434,0.268970,0.268941
mobley_8882696,8,0.137277,0.137112,0.137028
mobley_8882696,9,0.119517,0.119239,0.119498
mobley_8882696,10,0.055746,0.055629,0.055817
mobley_8882696,11,0.119518,0.119239,0.119498
mobley_8882696,12,0.055746,0.055629,0.055817
mobley_8883511,0,-0.806244,-0.804031,-0.804968
mobley_8883511,1,-0.000349,-0.001133,-0.001324
mobley_8883511,2,-0.492808,-0.492216,-0.491983
mobley_8883511,3,-0.379184,-0.378819,-0.378884
mobley_8883511,4,-0.377298,-0.376936,-0.377022
mobley_8883511,5,-0.423417,-0.423146,-0.422702
mobley_8883511,6,-0.168752,-0.169046,-0.169112
mobley_8883511,7,-0.506152,-0.505415,-0.505277
mobley_8883511,8,-1.128157,-1.128146,-1.127484
mobley_8883511,9,0.147901,0.147502,0.147927
mobley_8883511,10,0.302157,0.301405,0.301961
mobley_8883511,11,0.147901,0.147503,0.147928
mobley_8883511,12,-0.149801,-0.149077,-0.149679
mobley_8883511,13,-0.146544,-0.145894,-0.146385
mobley_8883511,14,-0.146300,-0.145650,-0.146138
mobley_8883511,15,-0.145566,-0.144962,-0.145336
mobley_8883511,16,-0.171228,-0.170370,-0.171117
mobley_8885088,0,-0.399400,-0.398499,-0.399411
mobley_8885088,1,-0.534118,-0.532941,-0.533530
mobley_8885088,2,-0.572588,-0.571765,-0.571430
mobley_8885088,3,-0.572587,-0.571764,-0.571429
mobley_8885088,4,-0.534115,-0.532938,-0.533527
mobley_8885088,5,0.132569,0.132266,0.132512
mobley_8885088,6,0.142555,0.142136,0.142538
mobley_8885088,7,0.136071,0.135709,0.136031
mobley_8885088,8,0.088119,0.087900,0.088127
mobley_8885088,9,-0.082130,-0.081772,-0.082022
mobley_8885088,10,-0.082129,-0.081771,-0.082021
mobley_8885088,11,0.136071,0.135709,0.136030
mobley_8885088,12,0.088120,0.087900,0.088128
mobley_8899867,0,-0.501799,-0.500936,-0.501044
mobley_8899867,1,-0.480383,-0.479543,-0.479739
mobley_8899867,2,-0.593419,-0.592019,-0.592651
mobley_8899867,3,-0.387819,-0.387583,-0.387154
mobley_8899867,4,-0.558610,-0.557251,-0.558011
mobley_8899867,5,-3.357073,-3.356763,-3.359490
mobley_8899867,6,0.158399,0.157968,0.158328
mobley_8899867,7,0.176904,0.176729,0.176459
mobley_8899867,8,0.141401,0.141299,0.141021
mobley_8899867,9,0.167035,0.166577,0.166961
mobley_8899867,10,0.140863,0.140530,0.140777
mobley_8899867,11,0.111893,0.111810,0.111673
mobley_8899867,12,-0.123001,-0.122489,-0.122876
mobley_8899867,13,0.135723,0.135593,0.135471
mobley_8899867,14,0.102815,0.102618,0.102733
mobley_8899867,15,0.030252,0.031970,0.028382
mobley_8916409,0,-0.760061,-0.757985,-0.758973
mobley_8916409,1,-0.534151,-0.533394,-0.533107
mobley_8916409,2,-1.245869,-1.245874,-1.245260
mobley_8916409,3,-0.131819,-0.132659,-0.131709
mobley_8916409,4,-1.559822,-1.559943,-1.559168
mobley_8916409,5,-0.369501,-0.368402,-0.369723
mobley_8916409,6,-0.081913,-0.081438,-0.082515
mobley_8916409,7,-0.193129,-0.193726,-0.192711
mobley_8916409,8,-1.341682,-1.340654,-1.340615
mobley_8916409,9,-1.175290,-1.175754,-1.173826
mobley_8916409,10,-0.535991,-0.535263,-0.534922
mobley_8916409,11,-0.718382,-0.716471,-0.717346
mobley_8916409,12,-0.957850,-0.957442,-0.958464
mobley_8916409,13,1.314709,1.326478,1.305797
mobley_8916409,14,-0.874830,-0.874709,-0.874985
mobley_8916409,15,-1.215316,-1.207976,-1.213547
mobley_8916409,16,-0.950342,-0.948415,-0.947712
mobley_8916409,17,-1.273450,-1.266766,-1.270866
mobley_8916409,18,-0.945511,-0.943556,-0.942932
mobley_8916409,19,0.280670,0.280113,0.280309
mobley_8916409,20,0.394401,0.393382,0.394034
mobley_8916409,21,0.394578,0.393558,0.394210
mobley_8916409,22,0.137660,0.137479,0.137504
mobley_8916409,23,0.139083,0.138896,0.138924
mobley_8916409,24,0.033416,0.033708,0.032847
mobley_8916409,25,0.068214,0.068155,0.067816
mobley_8916409,26,0.069933,0.070200,0.069152
mobley_8916409,27,0.137865,0.137562,0.137815
mobley_8916409,28,0.192138,0.191625,0.192128
mobley_8916409,29,0.342939,0.342264,0.342362
mobley_8916409,30,0.285712,0.285124,0.285369
mobley_8916409,31,0.385875,0.384856,0.385519
mobley_8916409,32,0.282692,0.281408,0.282376
mobley_8916409,33,0.305477,0.304668,0.305249
mobley_8916409,34,0.312938,0.311724,0.312767
mobley_8916409,35,0.221486,0.220642,0.220992
mobley_8916409,36,0.305536,0.304928,0.305054
mobley_8916409,37,0.295221,0.293931,0.294924
mobley_8966374,0,-0.940368,-0.938032,-0.938559
mobley_8966374,1,0.075929,0.074563,0.075179
mobley_8966374,2,-0.525200,-0.524849,-0.523755
mobley_8966374,3,-1.327519,-1.326779,-1.327011
mobley_8966374,4,-0.376669,-0.376686,-0.375862
mobley_8966374,5,-0.335914,-0.335986,-0.335282
mobley_8966374,6,-1.338932,-1.338567,-1.338664
mobley_8966374,7,0.345078,0.344235,0.344906
mobley_8966374,8,0.051843,0.051333,0.051996
mobley_8966374,9,0.051857,0.051348,0.052011
mobley_8966374,10,-0.114609,-0.114562,-0.114162
mobley_8966374,11,-0.202641,-0.202198,-0.202178
mobley_8966374,12,-0.202474,-0.202030,-0.202004
mobley_8983100,0,-0.977462,-0.975151,-0.975206
mobley_8983100,1,0.000000,0.000000,0.000000
mobley_8983100,2,0.241292,0.240741,0.241140
mobley_8983100,3,0.241291,0.240740,0.241139
mobley_8983100,4,0.241291,0.240741,0.241139
mobley_900088,0,-0.802063,-0.799885,-0.800749
mobley_900088,1,-0.090068,-0.090554,-0.090680
mobley_900088,2,-0.927420,-0.925401,-0.925168
mobley_900088,3,-0.090068,-0.090555,-0.090680
mobley_900088,4,-0.927420,-0.925400,-0.925168
mobley_900088,5,-0.802063,-0.799885,-0.800749
mobley_900088,6,0.162110,0.161658,0.162099
mobley_900088,7,0.320169,0.319381,0.319930
mobley_900088,8,0.162110,0.161658,0.162099
mobley_900088,9,0.019516,0.019779,0.019432
mobley_900088,10,-0.063230,-0.062748,-0.063218
mobley_900088,11,-0.063230,-0.062748,-0.063218
mobley_900088,12,0.019516,0.019779,0.019432
mobley_900088,13,0.320168,0.319381,0.319930
mobley_900088,14,0.162109,0.161657,0.162099
mobley_900088,15,0.162110,0.161658,0.162099
mobley_9007496,0,-0.496959,-0.495799,-0.495937
mobley_9007496,1,-1.364858,-1.365304,-1.365200
mobley_9007496,2,-0.223259,-0.224014,-0.222338
mobley_9007496,3,-1.924335,-1.924597,-1.925198
mobley_9007496,4,-1.313362,-1.313387,-1.313644
mobley_9007496,5,-0.187873,-0.188391,-0.187796
mobley_9007496,6,-0.349475,-0.349180,-0.349299
mobley_9007496,7,-0.353500,-0.353163,-0.353347
mobley_9007496,8,-0.429897,-0.429374,-0.429430
mobley_9007496,9,-0.075782,-0.076491,-0.076403
mobley_9007496,10,-0.072073,-0.072689,-0.072821
mobley_9007496,11,-0.398605,-0.398385,-0.398026
mobley_9007496,12,-0.378598,-0.378236,-0.378318
mobley_9007496,13,-0.377445,-0.377077,-0.377166
mobley_9007496,14,-0.428938,-0.428420,-0.428468
mobley_9007496,15,0.283154,0.282555,0.282849
mobley_9007496,16,0.411455,0.410310,0.411268
mobley_9007496,17,0.264241,0.263510,0.264204
mobley_9007496,18,-1.618653,-1.614415,-1.619420
mobley_9007496,19,-0.181294,-0.180399,-0.181245
mobley_9007496,20,-0.148190,-0.147527,-0.148023
mobley_9007496,21,-0.166822,-0.166108,-0.166625
mobley_9007496,22,-0.211437,-0.210729,-0.211071
mobley_9007496,23,-0.147335,-0.146679,-0.147174
mobley_9007496,24,-0.147781,-0.147125,-0.147619
mobley_9007496,25,-0.167912,-0.167194,-0.167713
mobley_9015240,0,-0.848996,-0.846737,-0.847464
mobley_9015240,1,-0.411939,-0.410887,-0.411937
mobley_9015240,2,-0.532609,-0.531236,-0.532109
mobley_9015240,3,-0.506322,-0.504944,-0.505968
mobley_9015240,4,-0.491838,-0.490518,-0.491528
mobley_9015240,5,-0.515025,-0.513665,-0.514618
mobley_9015240,6,-0.436581,-0.435561,-0.436256
mobley_9015240,7,-0.633549,-0.632144,-0.632481
mobley_9015240,8,0.000000,0.000000,0.000000
mobley_9015240,9,0.372773,0.371704,0.372502
mobley_9015240,10,0.288295,0.287570,0.288059
mobley_9015240,11,0.408288,0.407094,0.407983
mobley_9015240,12,0.147953,0.147715,0.147790
mobley_9015240,13,0.273797,0.273109,0.273540
mobley_9015240,14,0.208237,0.207750,0.208041
mobley_9015240,15,0.310557,0.309731,0.310272
mobley_9015240,16,0.308753,0.307889,0.308483
mobley_9015240,17,0.325453,0.324508,0.325180
mobley_9015240,18,0.345740,0.344759,0.345459
mobley_9015240,19,0.326657,0.325765,0.326371
mobley_9015240,20,0.343152,0.342195,0.342855
mobley_9015240,21,0.339934,0.338992,0.339637
mobley_9015240,22,0.341824,0.341050,0.341204
mobley_9015240,23,0.341491,0.340719,0.340871
mobley_9015240,24,0.183906,0.183490,0.183799
mobley_9015240,25,0.183833,0.183417,0.183726
mobley_9028462,0,-0.970201,-0.968220,-0.967711
mobley_9028462,1,-0.234919,-0.233957,-0.239112
mobley_9028462,2,-0.306053,-0.306368,-0.304837
mobley_9028462,3,-0.873604,-0.872224,-0.877746
mobley_9028462,4,0.098622,0.097623,0.095608
mobley_9028462,5,-0.167290,-0.167292,-0.167284
mobley_9028462,6,-0.167291,-0.167294,-0.167286
mobley_9028462,7,-0.167291,-0.167294,-0.167286
mobley_9028462,8,0.254745,0.254182,0.254564
mobley_9028462,9,0.262963,0.262244,0.262862
mobley_9028462,10,0.254752,0.254190,0.254572
mobley_902954,0,-0.846060,-0.843829,-0.844514
mobley_902954,1,-0.402637,-0.401624,-0.402677
mobley_902954,2,-0.432269,-0.431029,-0.432336
mobley_902954,3,-0.717140,-0.715945,-0.715514
mobley_902954,4,0.369522,0.370781,0.373366
mobley_902954,5,-1.353885,-1.354061,-1.353896
mobley_902954,6,-0.291286,-0.290845,-0.287844
mobley_902954,7,-0.303306,-0.302987,-0.299821
mobley_902954,8,0.279785,0.279103,0.279559
mobley_902954,9,0.413767,0.412598,0.413445
mobley_902954,10,0.413769,0.412600,0.413447
mobley_902954,11,0.286768,0.286031,0.286504
mobley_902954,12,0.286768,0.286032,0.286505
mobley_902954,13,0.328001,0.327155,0.327725
mobley_902954,14,0.328004,0.327158,0.327729
mobley_902954,15,0.124486,0.124215,0.124465
mobley_902954,16,0.124480,0.124209,0.124459
mobley_9029594,0,-0.890813,-0.888726,-0.889440
mobley_9029594,1,-0.167221,-0.167221,-0.167222
mobley_9029594,2,0.246747,0.246123,0.246705
mobley_9029594,3,0.246746,0.246121,0.246704
mobley_9029594,4,0.246747,0.246123,0.246706
mobley_9055303,0,-1.179825,-1.176719,-1.177161
mobley_9055303,1,0.470724,0.469417,0.470361
mobley_9055303,2,0.470724,0.469417,0.470361
mobley_9055303,3,0.470724,0.469417,0.470361
mobley_9055303,4,0.470724,0.469417,0.470361
mobley_9073553,0,-0.898163,-0.895461,-0.896119
mobley_9073553,1,-1.288180,-1.287848,-1.289762
mobley_9073553,2,-0.898163,-0.895462,-0.896119
mobley_9073553,3,0.322174,0.321391,0.321998
mobley_9073553,4,0.321355,0.320514,0.321199
mobley_9073553,5,0.321356,0.320516,0.321200
mobley_9073553,6,0.321355,0.320515,0.321199
mobley_9073553,7,0.322175,0.321391,0.321999
mobley_9073553,8,0.321354,0.320514,0.321198
mobley_9100956,0,-0.940203,-0.937694,-0.938304
mobley_9100956,1,0.018759,0.018612,0.017202
mobley_9100956,2,-0.568143,-0.566703,-0.567495
mobley_9100956,3,-0.428311,-0.427194,-0.428256
mobley_9100956,4,-0.452445,-0.451316,-0.452281
mobley_9100956,5,-0.428310,-0.427194,-0.428255
mobley_9100956,6,-0.568143,-0.566703,-0.567495
mobley_9100956,7,0.338385,0.337461,0.338140
mobley_9100956,8,0.435342,0.434080,0.435025
mobley_9100956,9,0.338386,0.337461,0.338140
mobley_9100956,10,0.029450,0.029468,0.029406
mobley_9100956,11,0.257079,0.256263,0.256933
mobley_9100956,12,0.099523,0.099380,0.099423
mobley_9100956,13,0.184759,0.184212,0.184672
mobley_9100956,14,0.061825,0.061829,0.061762
mobley_9100956,15,0.062831,0.062822,0.062761
mobley_9100956,16,0.193279,0.192714,0.193178
mobley_9100956,17,0.184760,0.184212,0.184672
mobley_9100956,18,0.061825,0.061829,0.061762
mobley_9100956,19,0.257079,0.256264,0.256933
mobley_9100956,20,0.099529,0.099385,0.099428
mobley_9112978,0,-0.826247,-0.824090,-0.824791
mobley_9112978,1,-0.380983,-0.380006,-0.381130
mobley_9112978,2,-0.524975,-0.524215,-0.524031
mobley_9112978,3,-0.358039,-0.357674,-0.357806
mobley_9112978,4,-0.828229,-0.826038,-0.826787
mobley_9112978,5,0.389804,0.388691,0.389530
mobley_9112978,6,0.278557,0.277852,0.278347
mobley_9112978,7,0.399554,0.398445,0.399232
mobley_9112978,8,0.158128,0.157792,0.158013
mobley_9112978,9,0.197444,0.197065,0.197237
mobley_9112978,10,-0.050036,-0.049689,-0.050030
mobley_9112978,11,-0.065950,-0.065496,-0.065949
mobley_9112978,12,0.287010,0.286239,0.286828
mobley_9112978,13,0.317900,0.317090,0.317641
mobley_9112978,14,0.301516,0.300694,0.301322
mobley_9114381,0,-0.968087,-0.966105,-0.965559
mobley_9114381,1,-0.906920,-0.906793,-0.906106
mobley_9114381,2,-0.165260,-0.165738,-0.165286
mobley_9114381,3,-1.624214,-1.623400,-1.624627
mobley_9114381,4,-0.452999,-0.451763,-0.453010
mobley_9114381,5,0.400793,0.398951,0.399257
mobley_9114381,6,-1.350005,-1.350004,-1.349991
mobley_9114381,7,0.262640,0.261915,0.262534
mobley_9114381,8,0.256743,0.256163,0.256532
mobley_9114381,9,0.256742,0.256163,0.256532
mobley_9114381,10,-0.151802,-0.151354,-0.151887
mobley_9114381,11,-0.151802,-0.151355,-0.151888
mobley_9121449,0,-0.762877,-0.760867,-0.761696
mobley_9121449,1,-0.391364,-0.390469,-0.391428
mobley_9121449,2,-0.152482,-0.152852,-0.152838
mobley_9121449,3,-0.566635,-0.565781,-0.565574
mobley_9121449,4,0.274317,0.273622,0.274130
mobley_9121449,5,0.356303,0.355319,0.356057
mobley_9121449,6,0.356303,0.355319,0.356057
mobley_9121449,7,0.150993,0.150655,0.150912
mobley_9121449,8,0.150993,0.150654,0.150912
mobley_9121449,9,-0.126546,-0.125918,-0.126447
mobley_9139060,0,-0.916887,-0.914501,-0.915039
mobley_9139060,1,0.077349,0.077116,0.075497
mobley_9139060,2,-0.640623,-0.639028,-0.639651
mobley_9139060,3,-0.640623,-0.639027,-0.639651
mobley_9139060,4,0.077349,0.077116,0.075497
mobley_9139060,5,-0.625312,-0.623771,-0.624391
mobley_9139060,6,-0.625312,-0.623771,-0.624391
mobley_9139060,7,-0.916887,-0.914501,-0.915039
mobley_9139060,8,0.362608,0.361540,0.362376
mobley_9139060,9,0.342675,0.341595,0.342503
mobley_9139060,10,0.251038,0.250468,0.250829
mobley_9139060,11,0.018321,0.018351,0.018311
mobley_9139060,12,0.249084,0.248248,0.248996
mobley_9139060,13,0.071366,0.071265,0.071334
mobley_9139060,14,0.249084,0.248248,0.248997
mobley_9139060,15,0.071365,0.071265,0.071333
mobley_9139060,16,0.018321,0.018351,0.018310
mobley_9139060,17,0.015001,0.014909,0.015109
mobley_9139060,18,0.163399,0.163002,0.163277
mobley_9139060,19,0.015001,0.014909,0.015109
mobley_9139060,20,0.163399,0.163002,0.163277
mobley_9139060,21,0.251038,0.250468,0.250829
mobley_9139060,22,0.362607,0.361540,0.362376
mobley_9139060,23,0.342675,0.341594,0.342503
mobley_9185328,0,-0.849900,-0.847634,-0.848384
mobley_9185328,1,-0.427736,-0.426842,-0.427681
mobley_9185328,2,-0.081103,-0.080749,-0.081761
mobley_9185328,3,-1.399216,-1.400750,-1.400310
mobley_9185328,4,0.413082,0.411938,0.412794
mobley_9185328,5,0.414556,0.413401,0.414262
mobley_9185328,6,0.278387,0.277715,0.278168
mobley_9185328,7,0.113663,0.113479,0.113457
mobley_9185328,8,0.216964,0.216418,0.216695
mobley_9185328,9,0.244175,0.243615,0.244054
mobley_9185328,10,0.346540,0.345577,0.346369
mobley_9185328,11,-1.229431,-1.226588,-1.230159
mobley_9185328,12,-1.408482,-1.405016,-1.409102
mobley_9197172,0,-0.843138,-0.840914,-0.841604
mobley_9197172,1,-0.396891,-0.395877,-0.396949
mobley_9197172,2,-0.521105,-0.519761,-0.520652
mobley_9197172,3,-0.499116,-0.497782,-0.498782
mobley_9197172,4,-0.472075,-0.470819,-0.471854
mobley_9197172,5,-0.512965,-0.511683,-0.512537
mobley_9197172,6,-0.352819,-0.352393,-0.352652
mobley_9197172,7,-0.778892,-0.777306,-0.777218
mobley_9197172,8,0.412471,0.411307,0.412149
mobley_9197172,9,0.280201,0.279520,0.279974
mobley_9197172,10,0.412465,0.411300,0.412143
mobley_9197172,11,0.287250,0.286512,0.286986
mobley_9197172,12,0.287337,0.286598,0.287072
mobley_9197172,13,0.339448,0.338516,0.339144
mobley_9197172,14,0.338950,0.338020,0.338645
mobley_9197172,15,0.334745,0.333822,0.334464
mobley_9197172,16,0.340611,0.339657,0.340326
mobley_9197172,17,0.297853,0.297030,0.297621
mobley_9197172,18,0.326734,0.325830,0.326458
mobley_9197172,19,0.202506,0.201984,0.202369
mobley_9197172,20,0.289062,0.288345,0.288796
mobley_9197172,21,0.056054,0.056065,0.055985
mobley_9197172,22,-0.023384,-0.023039,-0.023408
mobley_9197172,23,0.038909,0.039079,0.038820
mobley_9201263,0,-0.956684,-0.955048,-0.953805
mobley_9201263,1,-0.221299,-0.218273,-0.217342
mobley_9201263,2,-1.019051,-1.017581,-1.021162
mobley_9201263,3,-1.498425,-1.497264,-1.497061
mobley_9201263,4,-1.498449,-1.497289,-1.497085
mobley_9201263,5,-0.764675,-0.762277,-0.763030
mobley_9201263,6,0.202723,0.202382,0.202155
mobley_9201263,7,0.282934,0.282161,0.282755
mobley_9201263,8,0.202727,0.202386,0.202160
mobley_9201263,9,0.301525,0.301416,0.300675
mobley_9201263,10,0.288409,0.288149,0.287800
mobley_9201263,11,0.288406,0.288146,0.287797
mobley_9209581,0,-0.543777,-0.542092,-0.542767
mobley_9209581,1,-1.313210,-1.312028,-1.312397
mobley_9209581,2,-0.543776,-0.542091,-0.542766
mobley_9209581,3,-0.543777,-0.542092,-0.542767
mobley_9209581,4,0.433958,0.432751,0.433746
mobley_9209581,5,0.489784,0.488430,0.489503
mobley_9209581,6,0.433956,0.432750,0.433744
mobley_9209581,7,0.433960,0.432754,0.433748
mobley_9209581,8,0.433959,0.432754,0.433748
mobley_9209581,9,0.489786,0.488431,0.489504
mobley_9209581,10,0.489786,0.488431,0.489505
mobley_9209581,11,0.433957,0.432751,0.433746
mobley_9209581,12,0.433959,0.432753,0.433747
mobley_9246215,0,-0.773354,-0.771767,-0.771721
mobley_9246215,1,-0.333616,-0.333249,-0.333540
mobley_9246215,2,-0.535956,-0.534712,-0.535403
mobley_9246215,3,-0.333616,-0.333249,-0.333540
mobley_9246215,4,-0.773353,-0.771767,-0.771720
mobley_9246215,5,0.036074,0.036246,0.035996
mobley_9246215,6,-0.024147,-0.023798,-0.024168
mobley_9246215,7,0.021645,0.021796,0.021591
mobley_9246215,8,0.152008,0.151714,0.151895
mobley_9246215,9,0.152008,0.151714,0.151895
mobley_9246215,10,0.021645,0.021796,0.021591
mobley_9246215,11,0.036074,0.036245,0.035996
mobley_9246215,12,-0.024147,-0.023798,-0.024168
mobley_9246351,0,-0.765089,-0.763618,-0.763273
mobley_9246351,1,0.000000,0.000000,0.000000
mobley_9246351,2,0.000000,0.000000,0.000000
mobley_9246351,3,0.058044,0.058069,0.058087
mobley_9246351,4,0.058044,0.058068,0.058086
mobley_9257453,0,-0.454647,-0.454047,-0.454149
mobley_9257453,1,-0.313596,-0.313442,-0.313737
mobley_9257453,2,0.603213,0.600565,0.598153
mobley_9257453,3,0.623449,0.620766,0.618302
mobley_9257453,4,-0.339304,-0.339024,-0.339421
mobley_9257453,5,-0.202301,-0.202886,-0.202239
mobley_9257453,6,-3.225740,-3.225659,-3.228114
mobley_9257453,7,-1.090654,-1.090376,-1.090318
mobley_9257453,8,-1.091414,-1.091137,-1.091082
mobley_9257453,9,-0.120031,-0.119447,-0.119899
mobley_9257453,10,-0.311986,-0.310586,-0.311383
mobley_9257453,11,-0.313176,-0.311690,-0.312697
mobley_9257453,12,0.016573,0.018307,0.014788
mobley_9281946,0,-0.762814,-0.760753,-0.761687
mobley_9281946,1,-0.525213,-0.524520,-0.524067
mobley_9281946,2,-1.615679,-1.608637,-1.615362
mobley_9281946,3,1.122658,1.137736,1.107850
mobley_9281946,4,-0.815293,-0.815046,-0.815389
mobley_9281946,5,-1.759627,-1.753078,-1.759117
mobley_9281946,6,-0.520690,-0.519982,-0.519571
mobley_9281946,7,-0.762786,-0.760728,-0.761661
mobley_9281946,8,-1.941946,-1.935183,-1.941889
mobley_9281946,9,-0.172789,-0.173504,-0.172634
mobley_9281946,10,-0.447780,-0.447024,-0.447080
mobley_9281946,11,-0.449979,-0.449694,-0.449260
mobley_9281946,12,0.450157,0.448712,0.447722
mobley_9281946,13,-0.450108,-0.449830,-0.449386
mobley_9281946,14,-0.392910,-0.392374,-0.392704
mobley_9281946,15,-1.348736,-1.348716,-1.348669
mobley_9281946,16,-0.323360,-0.323384,-0.319687
mobley_9281946,17,-0.326928,-0.326957,-0.323258
mobley_9281946,18,0.392806,0.391788,0.392425
mobley_9281946,19,0.394372,0.393346,0.393993
mobley_9281946,20,0.280933,0.280379,0.280562
mobley_9281946,21,0.161322,0.160466,0.161045
mobley_9281946,22,0.203766,0.202974,0.203604
mobley_9281946,23,0.195459,0.194759,0.195297
mobley_9281946,24,0.163940,0.163035,0.163685
mobley_9281946,25,0.281082,0.280527,0.280711
mobley_9281946,26,0.394397,0.393372,0.394016
mobley_9281946,27,0.393900,0.392866,0.393520
mobley_9281946,28,-0.135457,-0.135169,-0.135595
mobley_9281946,29,-0.281430,-0.280506,-0.281125
mobley_9281946,30,-0.280277,-0.279362,-0.279974
mobley_9281946,31,-0.132616,-0.132029,-0.132441
mobley_929676,0,-0.843134,-0.840910,-0.841600
mobley_929676,1,-0.396909,-0.395896,-0.396967
mobley_929676,2,-0.520972,-0.519628,-0.520521
mobley_929676,3,-0.519770,-0.518398,-0.519343
mobley_929676,4,-0.436713,-0.435692,-0.436387
mobley_929676,5,-0.633558,-0.632152,-0.632490
mobley_929676,6,0.000000,0.000000,0.000000
mobley_929676,7,0.412465,0.411301,0.412144
mobley_929676,8,0.280203,0.279521,0.279976
mobley_929676,9,0.412470,0.411305,0.412148
mobley_929676,10,0.287295,0.286557,0.287031
mobley_929676,11,0.287294,0.286556,0.287030
mobley_929676,12,0.339307,0.338376,0.339004
mobley_929676,13,0.339318,0.338387,0.339014
mobley_929676,14,0.342422,0.341470,0.342125
mobley_929676,15,0.342430,0.341478,0.342133
mobley_929676,16,0.341673,0.340900,0.341053
mobley_929676,17,0.341678,0.340905,0.341058
mobley_929676,18,0.183861,0.183446,0.183755
mobley_929676,19,0.183868,0.183453,0.183762
mobley_9407874,0,-0.843138,-0.840914,-0.841604
mobley_9407874,1,-0.396918,-0.395905,-0.396976
mobley_9407874,2,-0.522072,-0.520725,-0.521615
mobley_9407874,3,-0.504005,-0.502668,-0.503653
mobley_9407874,4,-0.421113,-0.420183,-0.420885
mobley_9407874,5,-0.590334,-0.588738,-0.589700
mobley_9407874,6,0.008943,0.008185,0.008011
mobley_9407874,7,-2.543484,-2.544291,-2.543638
mobley_9407874,8,-0.915216,-0.912729,-0.913501
mobley_9407874,9,0.412468,0.411304,0.412146
mobley_9407874,10,0.280200,0.279519,0.279974
mobley_9407874,11,0.412469,0.411304,0.412147
mobley_9407874,12,0.287297,0.286559,0.287033
mobley_9407874,13,0.287298,0.286560,0.287034
mobley_9407874,14,0.339605,0.338673,0.339301
mobley_9407874,15,0.339604,0.338672,0.339300
mobley_9407874,16,0.337952,0.337016,0.337669
mobley_9407874,17,0.337951,0.337015,0.337668
mobley_9407874,18,0.276690,0.276087,0.276319
mobley_9407874,19,0.276691,0.276087,0.276320
mobley_9407874,20,0.249904,0.249520,0.249395
mobley_9407874,21,0.249901,0.249517,0.249392
mobley_9407874,22,0.297375,0.296593,0.297205
mobley_9407874,23,0.314364,0.313792,0.313830
mobley_9407874,24,0.314366,0.313794,0.313832
mobley_9414831,0,-0.812360,-0.810124,-0.811070
mobley_9414831,1,0.017601,0.016843,0.016481
mobley_9414831,2,-0.495753,-0.495149,-0.494932
mobley_9414831,3,-0.357481,-0.357115,-0.357306
mobley_9414831,4,-0.427882,-0.427363,-0.427429
mobley_9414831,5,-0.081392,-0.082074,-0.081981
mobley_9414831,6,-0.229651,-0.229956,-0.229623
mobley_9414831,7,-0.485543,-0.484812,-0.484872
mobley_9414831,8,-0.381407,-0.381034,-0.381109
mobley_9414831,9,-0.378350,-0.377978,-0.378068
mobley_9414831,10,-0.428273,-0.427762,-0.427803
mobley_9414831,11,0.154607,0.154182,0.154639
mobley_9414831,12,0.154614,0.154188,0.154645
mobley_9414831,13,0.302276,0.301522,0.302078
mobley_9414831,14,-0.146084,-0.145367,-0.145970
mobley_9414831,15,-0.150180,-0.149507,-0.150012
mobley_9414831,16,-0.167520,-0.166797,-0.167325
mobley_9414831,17,-0.219373,-0.218490,-0.219138
mobley_9414831,18,-0.148600,-0.147939,-0.148440
mobley_9414831,19,-0.148381,-0.147724,-0.148219
mobley_9414831,20,-0.166906,-0.166186,-0.166712
mobley_9434451,0,-0.910264,-0.908014,-0.908226
mobley_9434451,1,-0.085974,-0.086122,-0.086922
mobley_9434451,2,-0.910265,-0.908015,-0.908226
mobley_9434451,3,0.000000,0.000000,0.000000
mobley_9434451,4,0.337801,0.337058,0.337215
mobley_9434451,5,0.463500,0.462321,0.462818
mobley_9434451,6,0.347364,0.346430,0.347096
mobley_9434451,7,0.025948,0.026097,0.025908
mobley_9434451,8,0.337801,0.337058,0.337216
mobley_9434451,9,0.347363,0.346429,0.347095
mobley_9434451,10,0.463502,0.462323,0.462820
mobley_9460824,0,-0.762641,-0.760582,-0.761517
mobley_9460824,1,-0.527669,-0.526912,-0.526539
mobley_9460824,2,-1.742678,-1.735582,-1.741183
mobley_9460824,3,1.494059,1.506182,1.485260
mobley_9460824,4,-0.838808,-0.838770,-0.838777
mobley_9460824,5,-1.723520,-1.716422,-1.722105
mobley_9460824,6,-0.509345,-0.508349,-0.508547
mobley_9460824,7,-0.762631,-0.760572,-0.761508
mobley_9460824,8,-1.092826,-1.092474,-1.094128
mobley_9460824,9,-0.541693,-0.539316,-0.540453
mobley_9460824,10,-1.215704,-1.215713,-1.217028
mobley_9460824,11,-0.384246,-0.382889,-0.384113
mobley_9460824,12,-0.750201,-0.748062,-0.748991
mobley_9460824,13,0.396286,0.395232,0.395905
mobley_9460824,14,0.280855,0.280301,0.280484
mobley_9460824,15,0.394510,0.393483,0.394124
mobley_9460824,16,0.119275,0.118861,0.118713
mobley_9460824,17,0.225416,0.224494,0.225179
mobley_9460824,18,0.165857,0.164951,0.165610
mobley_9460824,19,0.098413,0.097810,0.098185
mobley_9460824,20,0.280574,0.280022,0.280204
mobley_9460824,21,0.393781,0.392748,0.393404
mobley_9460824,22,0.394488,0.393469,0.394104
mobley_9460824,23,0.192338,0.191667,0.192281
mobley_9460824,24,0.177861,0.177380,0.177594
mobley_9460824,25,0.205211,0.204818,0.205113
mobley_9460824,26,0.122586,0.122211,0.122383
mobley_9460824,27,0.336305,0.335274,0.335824
mobley_9460824,28,0.308989,0.308208,0.308757
mobley_9460824,29,0.219432,0.218703,0.219130
mobley_9478823,0,-0.940010,-0.937490,-0.938157
mobley_9478823,1,-0.101637,-0.102175,-0.102172
mobley_9478823,2,-0.497189,-0.496584,-0.496336
mobley_9478823,3,-0.380871,-0.380499,-0.380564
mobley_9478823,4,-0.380870,-0.380498,-0.380564
mobley_9478823,5,-0.497190,-0.496585,-0.496337
mobley_9478823,6,-0.101636,-0.102175,-0.102171
mobley_9478823,7,-0.940014,-0.937495,-0.938161
mobley_9478823,8,0.236315,0.235613,0.236253
mobley_9478823,9,0.236300,0.235598,0.236237
mobley_9478823,10,0.295176,0.294426,0.294981
mobley_9478823,11,-0.152655,-0.151925,-0.152529
mobley_9478823,12,-0.148276,-0.147622,-0.148114
mobley_9478823,13,-0.148276,-0.147621,-0.148114
mobley_9478823,14,-0.152655,-0.151926,-0.152529
mobley_9478823,15,0.236299,0.235597,0.236237
mobley_9478823,16,0.236318,0.235616,0.236256
mobley_9478823,17,0.295178,0.294428,0.294984
mobley_9507933,0,-0.912294,-0.909898,-0.910552
mobley_9507933,1,-0.028832,-0.029709,-0.029738
mobley_9507933,2,-0.357202,-0.356664,-0.356907
mobley_9507933,3,-0.603968,-0.603165,-0.602782
mobley_9507933,4,0.135903,0.134499,0.134958
mobley_9507933,5,-1.353742,-1.353876,-1.353797
mobley_9507933,6,-0.411740,-0.411539,-0.410687
mobley_9507933,7,-0.934900,-0.932610,-0.933074
mobley_9507933,8,0.273427,0.272731,0.273280
mobley_9507933,9,0.278854,0.278145,0.278731
mobley_9507933,10,0.303906,0.303036,0.303800
mobley_9507933,11,-0.114884,-0.114362,-0.114707
mobley_9507933,12,-0.156359,-0.156058,-0.156050
mobley_9507933,13,-0.086532,-0.086215,-0.086247
mobley_9507933,14,0.354473,0.353601,0.354290
mobley_9507933,15,0.037271,0.036790,0.037396
mobley_9507933,16,0.041605,0.041114,0.041728
mobley_9510785,0,-0.398385,-0.398016,-0.397986
mobley_9510785,1,-0.378442,-0.378086,-0.378148
mobley_9510785,2,-0.405952,-0.405434,-0.405632
mobley_9510785,3,0.128495,0.127341,0.126506
mobley_9510785,4,-0.405755,-0.405238,-0.405437
mobley_9510785,5,-0.378443,-0.378087,-0.378149
mobley_9510785,6,-0.002349,-0.003137,-0.003664
mobley_9510785,7,-0.340367,-0.340077,-0.340499
mobley_9510785,8,0.620171,0.617566,0.614980
mobley_9510785,9,0.694502,0.691598,0.688793
mobley_9510785,10,0.703606,0.700727,0.697855
mobley_9510785,11,0.570000,0.567570,0.565019
mobley_9510785,12,-1.043591,-1.043224,-1.043036
mobley_9510785,13,-1.009339,-1.008947,-1.008693
mobley_9510785,14,-1.014535,-1.014146,-1.013910
mobley_9510785,15,-1.081925,-1.081639,-1.081553
mobley_9510785,16,-0.145662,-0.145025,-0.145507
mobley_9510785,17,-0.146827,-0.146176,-0.146665
mobley_9510785,18,-0.173913,-0.173288,-0.173622
mobley_9510785,19,-0.174067,-0.173442,-0.173775
mobley_9510785,20,-0.146831,-0.146180,-0.146669
mobley_9510785,21,-0.302609,-0.301314,-0.301984
mobley_951560,0,-0.022077,-0.021759,-0.023065
mobley_951560,1,-0.022080,-0.021762,-0.023068
mobley_951560,2,-1.345346,-1.345130,-1.345254
mobley_951560,3,-0.022079,-0.021761,-0.023067
mobley_951560,4,-0.022087,-0.021769,-0.023075
mobley_951560,5,-1.345346,-1.345131,-1.345254
mobley_951560,6,0.061033,0.060790,0.061202
mobley_951560,7,0.033361,0.033066,0.033421
mobley_951560,8,0.033359,0.033064,0.033419
mobley_951560,9,0.061033,0.060791,0.061203
mobley_951560,10,-1.722894,-1.718816,-1.723283
mobley_951560,11,0.033356,0.033060,0.033416
mobley_951560,12,0.061032,0.060790,0.061202
mobley_951560,13,0.061032,0.060789,0.061201
mobley_951560,14,0.033355,0.033060,0.033415
mobley_951560,15,-1.722887,-1.718809,-1.723276
mobley_9534740,0,-0.628778,-0.627817,-0.627277
mobley_9534740,1,-0.215553,-0.215453,-0.215819
mobley_9534740,2,-0.323362,-0.323243,-0.322909
mobley_9534740,3,-0.331688,-0.331574,-0.331186
mobley_9534740,4,-0.258564,-0.258300,-0.258753
mobley_9534740,5,-0.439145,-0.438934,-0.438076
mobley_9534740,6,-1.229693,-1.229354,-1.229183
mobley_9534740,7,-2.874766,-2.875023,-2.876091
mobley_9534740,8,-2.995555,-2.997232,-2.995351
mobley_9534740,9,-2.931679,-2.933237,-2.931495
mobley_9534740,10,-3.276951,-3.278305,-3.277488
mobley_9534740,11,-2.734408,-2.734619,-2.735641
mobley_9534740,12,0.150965,0.150973,0.150519
mobley_9534740,13,0.181625,0.181188,0.181520
mobley_9534740,14,0.026269,0.026415,0.026143
mobley_9534740,15,0.057990,0.058163,0.057680
mobley_9534740,16,0.044043,0.044222,0.043795
mobley_9534740,17,0.044840,0.045051,0.044548
mobley_9534740,18,-0.058671,-0.058337,-0.058632
mobley_9534740,19,0.043258,0.044822,0.041513
mobley_9534740,20,0.166136,0.167280,0.164316
mobley_9534740,21,0.154124,0.155311,0.152305
mobley_9534740,22,0.162434,0.163502,0.160663
mobley_9534740,23,0.301346,0.302258,0.299079
mobley_9557440,0,-0.066756,-0.067375,-0.067197
mobley_9557440,1,0.380740,0.378659,0.376546
mobley_9557440,2,0.359558,0.357561,0.357658
mobley_9557440,3,-0.862094,-0.862685,-0.863594
mobley_9557440,4,-1.382875,-1.383916,-1.383611
mobley_9557440,5,0.192577,0.190599,0.192241
mobley_9557440,6,-2.022842,-2.024213,-2.023594
mobley_9557440,7,-1.380697,-1.381675,-1.381378
mobley_9557440,8,-1.133277,-1.133163,-1.133003
mobley_9557440,9,-0.306337,-0.305007,-0.305482
mobley_9557440,10,-1.968272,-1.963771,-1.968337
mobley_9557440,11,-1.949708,-1.945116,-1.949851
mobley_9565165,0,-0.371591,-0.371236,-0.371332
mobley_9565165,1,-0.371876,-0.371528,-0.371625
mobley_9565165,2,-0.426922,-0.426338,-0.426493
mobley_9565165,3,-0.309551,-0.309684,-0.309186
mobley_9565165,4,-0.032645,-0.033348,-0.033504
mobley_9565165,5,-0.529822,-0.529043,-0.528926
mobley_9565165,6,-0.599924,-0.598399,-0.599250
mobley_9565165,7,-0.032640,-0.033344,-0.033499
mobley_9565165,8,-0.309550,-0.309684,-0.309186
mobley_9565165,9,-0.426921,-0.426338,-0.426492
mobley_9565165,10,-0.371878,-0.371530,-0.371627
mobley_9565165,11,-0.371595,-0.371240,-0.371336
mobley_9565165,12,-0.529823,-0.529044,-0.528927
mobley_9565165,13,-0.145758,-0.145117,-0.145594
mobley_9565165,14,-0.146455,-0.145810,-0.146290
mobley_9565165,15,-0.240828,-0.240033,-0.240459
mobley_9565165,16,-0.026509,-0.026352,-0.026375
mobley_9565165,17,0.023395,0.023255,0.023625
mobley_9565165,18,0.023403,0.023263,0.023633
mobley_9565165,19,-0.240826,-0.240030,-0.240457
mobley_9565165,20,-0.146457,-0.145812,-0.146292
mobley_9565165,21,-0.145761,-0.145119,-0.145596
mobley_9565165,22,-0.026513,-0.026357,-0.026380
mobley_9571888,0,-0.465876,-0.465258,-0.465148
mobley_9571888,1,0.387783,0.386720,0.383850
mobley_9571888,2,0.387783,0.386720,0.383849
mobley_9571888,3,-0.465881,-0.465263,-0.465153
mobley_9571888,4,0.207281,0.211016,0.211009
mobley_9571888,5,-0.888392,-0.886410,-0.890612
mobley_9571888,6,-0.135949,-0.133654,-0.133117
mobley_9571888,7,0.207279,0.211015,0.211008
mobley_9571888,8,1.137472,1.133844,1.129006
mobley_9571888,9,1.025275,1.021524,1.017445
mobley_9571888,10,1.025267,1.021517,1.017437
mobley_9571888,11,1.137475,1.133846,1.129009
mobley_9571888,12,1.141037,1.137575,1.132201
mobley_9571888,13,-0.995110,-0.994649,-0.994403
mobley_9571888,14,-1.030653,-1.030222,-1.030125
mobley_9571888,15,-1.084158,-1.083784,-1.083880
mobley_9571888,16,-1.071627,-1.071288,-1.071233
mobley_9571888,17,-1.071627,-1.071288,-1.071233
mobley_9571888,18,-1.084159,-1.083785,-1.083880
mobley_9571888,19,-0.213132,-0.212259,-0.212389
mobley_9571888,20,-0.280883,-0.279973,-0.280025
mobley_9571888,21,-0.530346,-0.528073,-0.529214
mobley_9571888,22,-0.530348,-0.528076,-0.529216
mobley_9571888,23,-0.213132,-0.212258,-0.212389
mobley_9571888,24,-0.280878,-0.279969,-0.280021
mobley_9617923,0,-0.843140,-0.840915,-0.841605
mobley_9617923,1,-0.396911,-0.395898,-0.396969
mobley_9617923,2,-0.521986,-0.520640,-0.521529
mobley_9617923,3,-0.498629,-0.497293,-0.498288
mobley_9617923,4,-0.496041,-0.494712,-0.495711
mobley_9617923,5,-0.501273,-0.499944,-0.500933
mobley_9617923,6,-0.421036,-0.420106,-0.420808
mobley_9617923,7,-0.590330,-0.588734,-0.589696
mobley_9617923,8,0.008942,0.008184,0.008010
mobley_9617923,9,-2.543482,-2.544288,-2.543635
mobley_9617923,10,-0.915216,-0.912729,-0.913501
mobley_9617923,11,0.412468,0.411303,0.412146
mobley_9617923,12,0.280200,0.279519,0.279974
mobley_9617923,13,0.412468,0.411303,0.412146
mobley_9617923,14,0.287301,0.286563,0.287037
mobley_9617923,15,0.287301,0.286563,0.287037
mobley_9617923,16,0.339408,0.338477,0.339103
mobley_9617923,17,0.339410,0.338478,0.339105
mobley_9617923,18,0.337723,0.336781,0.337436
mobley_9617923,19,0.337724,0.336783,0.337437
mobley_9617923,20,0.337397,0.336456,0.337111
mobley_9617923,21,0.337400,0.336459,0.337113
mobley_9617923,22,0.337420,0.336485,0.337137
mobley_9617923,23,0.337417,0.336483,0.337134
mobley_9617923,24,0.276688,0.276085,0.276317
mobley_9617923,25,0.276688,0.276085,0.276318
mobley_9617923,26,0.249911,0.249527,0.249402
mobley_9617923,27,0.249904,0.249521,0.249395
mobley_9617923,28,0.314367,0.313795,0.313833
mobley_9617923,29,0.314363,0.313790,0.313829
mobley_9617923,30,0.297375,0.296592,0.297204
mobley_9624458,0,-0.117190,-0.117090,-0.118832
mobley_9624458,1,0.026604,0.026486,0.023380
mobley_9624458,2,-1.148404,-1.148236,-1.148279
mobley_9624458,3,0.026604,0.026487,0.023380
mobley_9624458,4,-1.148404,-1.148236,-1.148279
mobley_9624458,5,-0.038193,-0.037653,-0.037750
mobley_9624458,6,-0.038194,-0.037653,-0.037750
mobley_9624458,7,0.060652,0.060802,0.060887
mobley_9624458,8,0.156420,0.156069,0.156222
mobley_9624458,9,0.156420,0.156069,0.156222
mobley_9624458,10,0.060653,0.060802,0.060887
mobley_9626434,0,-0.769614,-0.767450,-0.768506
mobley_9626434,1,-0.567468,-0.566522,-0.566383
mobley_9626434,2,-1.200026,-1.201386,-1.197821
mobley_9626434,3,-0.595817,-0.594697,-0.594702
mobley_9626434,4,-0.581271,-0.580224,-0.580220
mobley_9626434,5,-3.034452,-3.035273,-3.035492
mobley_9626434,6,0.349358,0.348590,0.348878
mobley_9626434,7,0.290085,0.289486,0.289723
mobley_9626434,8,0.446323,0.445130,0.445881
mobley_9626434,9,0.232446,0.231845,0.232293
mobley_9626434,10,0.151847,0.151552,0.151726
mobley_9626434,11,0.091240,0.091328,0.090999
mobley_9626434,12,0.244041,0.243451,0.243800
mobley_9626434,13,0.147220,0.147032,0.147024
mobley_9626434,14,0.146712,0.146521,0.146502
mobley_9626434,15,0.177571,0.178630,0.175744
mobley_9653690,0,-0.944837,-0.942643,-0.942605
mobley_9653690,1,-0.047383,-0.047894,-0.048265
mobley_9653690,2,-0.615858,-0.614979,-0.614423
mobley_9653690,3,-0.437657,-0.436409,-0.437650
mobley_9653690,4,-0.160745,-0.160591,-0.161365
mobley_9653690,5,-0.406313,-0.404986,-0.406562
mobley_9653690,6,-0.331550,-0.331285,-0.331238
mobley_9653690,7,-3.038938,-3.037923,-3.041545
mobley_9653690,8,-0.031520,-0.031992,-0.032477
mobley_9653690,9,-0.970010,-0.967935,-0.967554
mobley_9653690,10,-0.922265,-0.919825,-0.920436
mobley_9653690,11,0.242268,0.241666,0.242099
mobley_9653690,12,0.291759,0.291037,0.291550
mobley_9653690,13,0.391733,0.390721,0.391300
mobley_9653690,14,-0.132152,-0.131463,-0.132104
mobley_9653690,15,0.184588,0.183875,0.184613
mobley_9653690,16,-0.022121,-0.021957,-0.022020
mobley_9653690,17,-0.089429,-0.088867,-0.089518
mobley_9653690,18,-0.056339,-0.056063,-0.056270
mobley_9653690,19,0.066850,0.066652,0.066922
mobley_9653690,20,-0.035901,-0.035701,-0.035818
mobley_9653690,21,0.060789,0.062062,0.059113
mobley_9653690,22,-0.068906,-0.068428,-0.068884
mobley_9653690,23,0.008922,0.009213,0.008831
mobley_9653690,24,0.306533,0.305790,0.306283
mobley_9653690,25,0.308770,0.307815,0.308642
mobley_9653690,26,0.284476,0.283679,0.284303
mobley_967099,0,-0.963580,-0.961536,-0.961221
mobley_967099,1,0.737716,0.736545,0.733574
mobley_967099,2,-0.963581,-0.961537,-0.961222
mobley_967099,3,-1.353000,-1.353117,-1.353020
mobley_967099,4,-0.894669,-0.894743,-0.891315
mobley_967099,5,-0.518152,-0.518288,-0.514389
mobley_967099,6,0.191557,0.191401,0.190993
mobley_967099,7,0.234049,0.233413,0.233687
mobley_967099,8,0.260193,0.259246,0.260117
mobley_967099,9,0.115139,0.115126,0.114993
mobley_967099,10,0.191562,0.191405,0.190998
mobley_967099,11,0.260192,0.259245,0.260117
mobley_967099,12,0.234050,0.233414,0.233688
mobley_9671033,0,-0.869723,-0.867426,-0.868127
mobley_9671033,1,-0.390852,-0.390458,-0.390478
mobley_9671033,2,0.092177,0.092717,0.090504
mobley_9671033,3,-1.342371,-1.342146,-1.342163
mobley_9671033,4,-0.796788,-0.796990,-0.793356
mobley_9671033,5,-0.796787,-0.796988,-0.793354
mobley_9671033,6,0.276784,0.276111,0.276568
mobley_9671033,7,0.417555,0.416399,0.417262
mobley_9671033,8,0.417554,0.416399,0.417261
mobley_9671033,9,0.157227,0.157204,0.156661
mobley_9671033,10,0.157227,0.157203,0.156660
mobley_9671033,11,0.281206,0.280656,0.280905
mobley_9671033,12,0.281206,0.280656,0.280905
mobley_9705941,0,-0.842905,-0.840636,-0.841295
mobley_9705941,1,0.173400,0.172757,0.172229
mobley_9705941,2,-0.528097,-0.527434,-0.527136
mobley_9705941,3,-0.378446,-0.378051,-0.378168
mobley_9705941,4,-0.253996,-0.253296,-0.253714
mobley_9705941,5,-1.208199,-1.208163,-1.209267
mobley_9705941,6,0.201459,0.200816,0.201186
mobley_9705941,7,0.201461,0.200819,0.201189
mobley_9705941,8,0.311623,0.310776,0.311448
mobley_9705941,9,-0.135015,-0.134479,-0.134843
mobley_9705941,10,-0.081054,-0.080661,-0.080937
mobley_9705941,11,-0.098854,-0.098346,-0.098651
mobley_9717937,0,-0.398069,-0.397701,-0.397673
mobley_9717937,1,-0.379009,-0.378649,-0.378709
mobley_9717937,2,-0.432837,-0.432293,-0.432376
mobley_9717937,3,0.101395,0.100349,0.099547
mobley_9717937,4,-0.367888,-0.367434,-0.367792
mobley_9717937,5,-0.378197,-0.377847,-0.377910
mobley_9717937,6,-0.015417,-0.016238,-0.016595
mobley_9717937,7,-0.406446,-0.405959,-0.406111
mobley_9717937,8,-0.378297,-0.377939,-0.378017
mobley_9717937,9,-0.378028,-0.377673,-0.377766
mobley_9717937,10,-0.335348,-0.335155,-0.335367
mobley_9717937,11,0.474170,0.472017,0.469855
mobley_9717937,12,-1.116860,-1.116608,-1.116589
mobley_9717937,13,-0.145801,-0.145163,-0.145645
mobley_9717937,14,-0.146799,-0.146149,-0.146637
mobley_9717937,15,-0.147274,-0.146710,-0.147003
mobley_9717937,16,-0.226037,-0.225306,-0.225597
mobley_9717937,17,-0.146864,-0.146214,-0.146702
mobley_9717937,18,-0.146254,-0.145697,-0.146011
mobley_9717937,19,-0.145327,-0.144679,-0.145167
mobley_9717937,20,-0.146072,-0.145425,-0.145911
mobley_9717937,21,-0.303593,-0.302229,-0.303016
mobley_9729792,0,-0.351108,-0.350154,-0.351444
mobley_9729792,1,-0.254901,-0.254634,-0.255229
mobley_9729792,2,-0.384545,-0.384052,-0.384271
mobley_9729792,3,-0.335796,-0.335430,-0.335728
mobley_9729792,4,-0.335796,-0.335429,-0.335728
mobley_9729792,5,-0.384545,-0.384052,-0.384270
mobley_9729792,6,-0.254900,-0.254634,-0.255229
mobley_9729792,7,0.095285,0.094918,0.095393
mobley_9729792,8,0.047050,0.047046,0.047089
mobley_9729792,9,-0.140468,-0.139834,-0.140327
mobley_9729792,10,-0.166560,-0.165817,-0.166412
mobley_9729792,11,-0.172656,-0.171909,-0.172486
mobley_9729792,12,-0.172656,-0.171908,-0.172486
mobley_9729792,13,-0.166560,-0.165817,-0.166412
mobley_9729792,14,-0.140468,-0.139834,-0.140327
mobley_9733743,0,-0.839033,-0.836831,-0.837535
mobley_9733743,1,-0.096490,-0.095694,-0.097843
mobley_9733743,2,-0.541633,-0.540413,-0.541110
mobley_9733743,3,-0.074052,-0.073670,-0.074762
mobley_9733743,4,-1.399814,-1.401366,-1.400922
mobley_9733743,5,0.405909,0.404774,0.405589
mobley_9733743,6,0.279886,0.279207,0.279659
mobley_9733743,7,0.417325,0.416142,0.417011
mobley_9733743,8,0.154987,0.154523,0.154750
mobley_9733743,9,0.106245,0.105787,0.106225
mobley_9733743,10,0.139960,0.139622,0.139732
mobley_9733743,11,0.124316,0.123856,0.124261
mobley_9733743,12,0.337379,0.336439,0.337230
mobley_9733743,13,0.102484,0.102409,0.102482
mobley_9733743,14,-1.408318,-1.404864,-1.408950
mobley_9733743,15,-1.250263,-1.247397,-1.250960
mobley_9740891,0,-0.359150,-0.358810,-0.359016
mobley_9740891,1,-0.334646,-0.334456,-0.334688
mobley_9740891,2,0.532771,0.530628,0.528091
mobley_9740891,3,0.127838,0.126450,0.125880
mobley_9740891,4,0.532771,0.530628,0.528090
mobley_9740891,5,-0.334645,-0.334456,-0.334688
mobley_9740891,6,-1.113013,-1.112738,-1.112739
mobley_9740891,7,0.744711,0.742107,0.740550
mobley_9740891,8,-1.340967,-1.340660,-1.340773
mobley_9740891,9,-1.113013,-1.112738,-1.112739
mobley_9740891,10,-0.145344,-0.144689,-0.145179
mobley_9740891,11,-0.301704,-0.300344,-0.301129
mobley_9740891,12,-0.301705,-0.300345,-0.301130
mobley_9741965,0,-0.600355,-0.598228,-0.599814
mobley_9741965,1,-0.269913,-0.269972,-0.269858
mobley_9741965,2,-0.426772,-0.425337,-0.427048
mobley_9741965,3,-0.673134,-0.672315,-0.671435
mobley_9741965,4,0.397952,0.399216,0.401799
mobley_9741965,5,-1.353850,-1.354025,-1.353859
mobley_9741965,6,-0.297058,-0.296736,-0.293562
mobley_9741965,7,-0.287058,-0.286612,-0.283608
mobley_9741965,8,-0.001387,-0.000138,0.002156
mobley_9741965,9,-1.354369,-1.354558,-1.354390
mobley_9741965,10,-0.145744,-0.144952,-0.142317
mobley_9741965,11,-0.289591,-0.289116,-0.286116
mobley_9741965,12,0.413847,0.412551,0.413566
mobley_9741965,13,-0.014855,-0.014840,-0.015107
mobley_9741965,14,0.331430,0.330679,0.331098
mobley_9741965,15,0.098371,0.098192,0.098462
mobley_9741965,16,0.335843,0.335027,0.335566
mobley_9741965,17,0.252643,0.252175,0.252325
mobley_9741965,18,0.102025,0.101751,0.102059
mobley_9741965,19,0.052989,0.053097,0.052937
mobley_9794857,0,-0.979209,-0.976556,-0.977208
mobley_9794857,1,0.286783,0.285300,0.284839
mobley_9794857,2,-0.984885,-0.982186,-0.982873
mobley_9794857,3,-0.984884,-0.982185,-0.982873
mobley_9794857,4,-1.807148,-1.807924,-1.806301
mobley_9794857,5,-1.049166,-1.046748,-1.046459
mobley_9794857,6,0.378431,0.377369,0.378128
mobley_9794857,7,0.341610,0.340854,0.341175
mobley_9794857,8,0.378430,0.377369,0.378128
mobley_9794857,9,0.412507,0.411410,0.412088
mobley_9794857,10,0.356659,0.355892,0.356119
mobley_9794857,11,0.354486,0.353451,0.354195
mobley_9794857,12,0.354486,0.353451,0.354196
mobley_9794857,13,0.356660,0.355894,0.356120
mobley_9794857,14,0.412508,0.411411,0.412089
mobley_9794857,15,0.292379,0.291580,0.292211
mobley_9794857,16,0.309483,0.308565,0.309331
mobley_9794857,17,0.309484,0.308566,0.309331
mobley_9821936,0,-0.071912,-0.072722,-0.072809
mobley_9821936,1,-0.071914,-0.072724,-0.072811
mobley_9821936,2,0.595787,0.593367,0.590583
mobley_9821936,3,0.707143,0.704236,0.701375
mobley_9821936,4,0.707132,0.704224,0.701364
mobley_9821936,5,0.595788,0.593368,0.590584
mobley_9821936,6,-1.064234,-1.064010,-1.063678
mobley_9821936,7,-1.010915,-1.010524,-1.010275
mobley_9821936,8,-1.010915,-1.010524,-1.010275
mobley_9821936,9,-1.064234,-1.064010,-1.063678
mobley_9821936,10,0.282174,0.280683,0.281738
mobley_9821936,11,-0.071913,-0.072723,-0.072810
mobley_9821936,12,-0.071911,-0.072721,-0.072808
mobley_9821936,13,0.595789,0.593370,0.590586
mobley_9821936,14,0.707134,0.704227,0.701366
mobley_9821936,15,0.707140,0.704233,0.701372
mobley_9821936,16,0.595786,0.593366,0.590582
mobley_9821936,17,-1.064236,-1.064012,-1.063680
mobley_9821936,18,-1.010914,-1.010523,-1.010274
mobley_9821936,19,-1.010913,-1.010522,-1.010273
mobley_9821936,20,-1.064235,-1.064012,-1.063680
mobley_9821936,21,0.282189,0.280698,0.281753
mobley_9838013,0,-0.835142,-0.832820,-0.833710
mobley_9838013,1,-0.621441,-0.619839,-0.620632
mobley_9838013,2,0.216894,0.215568,0.215252
mobley_9838013,3,-0.975889,-0.973196,-0.973935
mobley_9838013,4,-0.975889,-0.973196,-0.973936
mobley_9838013,5,-3.528291,-3.528316,-3.530594
mobley_9838013,6,0.387212,0.386040,0.386943
mobley_9838013,7,0.293761,0.293013,0.293528
mobley_9838013,8,0.387212,0.386040,0.386943
mobley_9838013,9,0.222835,0.222347,0.222597
mobley_9838013,10,0.222835,0.222347,0.222597
mobley_9838013,11,0.339042,0.338163,0.338732
mobley_9838013,12,0.321381,0.320614,0.320997
mobley_9838013,13,0.429882,0.428617,0.429506
mobley_9838013,14,0.339044,0.338165,0.338733
mobley_9838013,15,0.429882,0.428617,0.429506
mobley_9838013,16,0.321383,0.320616,0.320998
mobley_9838013,17,0.211726,0.212885,0.209690
mobley_9883303,0,-0.833506,-0.831302,-0.832009
mobley_9883303,1,-0.429773,-0.428580,-0.429739
mobley_9883303,2,-0.667956,-0.666203,-0.666918
mobley_9883303,3,-0.101411,-0.101195,-0.102482
mobley_9883303,4,-0.917014,-0.914519,-0.915230
mobley_9883303,5,-0.520807,-0.519432,-0.520390
mobley_9883303,6,-0.856914,-0.854570,-0.855360
mobley_9883303,7,0.410725,0.409566,0.410404
mobley_9883303,8,0.411312,0.410168,0.410984
mobley_9883303,9,0.279317,0.278643,0.279088
mobley_9883303,10,0.144629,0.144218,0.144532
mobley_9883303,11,0.265211,0.264448,0.264997
mobley_9883303,12,0.251273,0.250668,0.251010
mobley_9883303,13,0.214225,0.213659,0.214040
mobley_9883303,14,-0.001591,-0.001312,-0.001701
mobley_9883303,15,0.405450,0.404227,0.405180
mobley_9883303,16,0.325254,0.324390,0.325000
mobley_9883303,17,0.321487,0.320599,0.321251
mobley_9883303,18,0.276990,0.276216,0.276767
mobley_9883303,19,0.218002,0.217504,0.217781
mobley_9883303,20,0.286356,0.285662,0.286124
mobley_9883303,21,0.399536,0.398308,0.399282
mobley_9883303,22,0.277035,0.276200,0.276895
mobley_9897248,0,-0.946499,-0.944055,-0.944537
mobley_9897248,1,0.085783,0.084856,0.084440
mobley_9897248,2,-0.616809,-0.615824,-0.615464
mobley_9897248,3,-0.419416,-0.418213,-0.419468
mobley_9897248,4,-0.597996,-0.596437,-0.597271
mobley_9897248,5,-0.062827,-0.063390,-0.063481
mobley_9897248,6,-0.487193,-0.486460,-0.486486
mobley_9897248,7,-0.640023,-0.638847,-0.638706
mobley_9897248,8,-3.075621,-3.075592,-3.077732
mobley_9897248,9,-0.915549,-0.913147,-0.913721
mobley_9897248,10,-0.954165,-0.951660,-0.952197
mobley_9897248,11,0.305849,0.305024,0.305648
mobley_9897248,12,0.349138,0.348124,0.348928
mobley_9897248,13,0.291026,0.290314,0.290804
mobley_9897248,14,-0.026429,-0.026110,-0.026467
mobley_9897248,15,0.195712,0.195099,0.195666
mobley_9897248,16,0.135731,0.135443,0.135653
mobley_9897248,17,0.242167,0.241580,0.241920
mobley_9897248,18,0.306757,0.305806,0.306587
mobley_9897248,19,0.044572,0.044837,0.044290
mobley_9897248,20,0.122911,0.122646,0.122885
mobley_9897248,21,0.139491,0.139177,0.139458
mobley_9897248,22,0.237287,0.238139,0.235367
mobley_9897248,23,0.255018,0.254369,0.254848
mobley_9897248,24,0.278505,0.277686,0.278385
mobley_9897248,25,0.298112,0.297374,0.297885
mobley_9897248,26,0.334599,0.333629,0.334386
mobley_9897248,27,0.328261,0.327379,0.328018
mobley_9897248,28,0.342834,0.341865,0.342613
mobley_9913368,0,0.281724,0.280235,0.277751
mobley_9913368,1,0.281724,0.280235,0.277751
mobley_9913368,2,-1.134054,-1.133879,-1.133845
mobley_9913368,3,-1.134054,-1.133879,-1.133845
mobley_9913368,4,-0.192754,-0.191743,-0.192300
mobley_9913368,5,-0.192754,-0.191743,-0.192300
mobley_9942801,0,-0.758665,-0.756635,-0.757522
mobley_9942801,1,-0.453641,-0.452506,-0.453503
mobley_9942801,2,-0.082182,-0.082767,-0.082812
mobley_9942801,3,-0.478341,-0.477714,-0.477603
mobley_9942801,4,-0.516448,-0.515768,-0.515538
mobley_9942801,5,0.046372,0.045433,0.045210
mobley_9942801,6,-0.516450,-0.515770,-0.515540
mobley_9942801,7,-0.478341,-0.477714,-0.477603
mobley_9942801,8,-0.898475,-0.896137,-0.896752
mobley_9942801,9,0.384275,0.383099,0.384066
mobley_9942801,10,0.384275,0.383098,0.384065
mobley_9942801,11,0.280567,0.279849,0.280365
mobley_9942801,12,0.158333,0.158017,0.158232
mobley_9942801,13,0.158334,0.158018,0.158233
mobley_9942801,14,-0.113234,-0.112776,-0.113073
mobley_9942801,15,-0.109313,-0.108782,-0.109192
mobley_9942801,16,-0.109310,-0.108779,-0.109189
mobley_9942801,17,-0.113235,-0.112777,-0.113074
mobley_9942801,18,0.273626,0.272932,0.273466
mobley_9942801,19,0.273619,0.272925,0.273459
mobley_9942801,20,0.311114,0.310195,0.310979
mobley_994483,0,-0.783795,-0.781867,-0.782273
mobley_994483,1,-0.539649,-0.538542,-0.538944
mobley_994483,2,0.000000,0.000000,0.000000
mobley_994483,3,0.305169,0.304404,0.304928
mobley_994483,4,0.421728,0.420721,0.421070
mobley_994483,5,0.421727,0.420720,0.421068
mobley_994483,6,0.148307,0.148050,0.148207
mobley_994483,7,0.148307,0.148050,0.148207
mobley_9974966,0,-0.886234,-0.883791,-0.884452
mobley_9974966,1,0.010160,0.010384,0.008856
mobley_9974966,2,-0.836063,-0.833804,-0.834483
mobley_9974966,3,-0.755322,-0.756278,-0.753969
mobley_9974966,4,0.010160,0.010384,0.008857
mobley_9974966,5,-0.836062,-0.833802,-0.834481
mobley_9974966,6,-0.886235,-0.883792,-0.884453
mobley_9974966,7,0.353855,0.352742,0.353374
mobley_9974966,8,0.131210,0.130765,0.130961
mobley_9974966,9,0.360058,0.359088,0.359783
mobley_9974966,10,-0.046733,-0.046362,-0.046653
mobley_9974966,11,0.348243,0.347132,0.347782
mobley_9974966,12,0.213580,0.212952,0.213216
mobley_9974966,13,0.349770,0.348825,0.349506
mobley_9974966,14,-0.046732,-0.046361,-0.046653
mobley_9974966,15,0.213580,0.212952,0.213217
mobley_9974966,16,0.349768,0.348823,0.349504
mobley_9974966,17,0.348243,0.347132,0.347783
mobley_9974966,18,0.360059,0.359090,0.359784
mobley_9974966,19,0.353854,0.352741,0.353373
mobley_9974966,20,0.131210,0.130765,0.130961
mobley_9979854,0,-0.590103,-0.588202,-0.591274
mobley_9979854,1,-0.241608,-0.241704,-0.240954
mobley_9979854,2,-0.039851,-0.040661,-0.041972
mobley_9979854,3,-0.167338,-0.167344,-0.167329
mobley_9979854,4,-0.167282,-0.167284,-0.167278
mobley_9979854,5,-0.167309,-0.167313,-0.167302
mobley_9979854,6,-2.370977,-2.369700,-2.379051
mobley_9979854,7,0.207058,0.206641,0.207389
mobley_9979854,8,0.289152,0.288464,0.288897
mobley_9979854,9,0.367564,0.366496,0.367905
mobley_9979854,10,-0.133966,-0.133332,-0.133164
mobley_9979854,11,0.099427,0.100889,0.097566
