epoch,mol_id,dG_pred_kcal,dG_exp_kcal,abs_err_kcal,mse_ev2
0,mobley_9534740,-120.482002,-25.469999,95.012003,16.975380
0,mobley_6239320,-7.763142,-18.059999,10.296858,0.199376
0,mobley_7794077,-326.458344,-15.460000,310.998343,181.877390
0,mobley_7415647,-166.597000,-11.950000,154.647000,44.972348
0,mobley_1728386,-29.955809,-11.000000,18.955809,0.675690
0,mobley_2269032,-26.332947,-10.210000,16.122947,0.488823
0,mobley_2913224,-88.819771,-9.940000,78.879771,11.700215
0,mobley_2659552,-51.294682,-9.760000,41.534681,3.244026
0,mobley_7176290,-110.240616,-9.620000,100.620616,19.038666
0,mobley_2295058,-22.056833,-9.510000,12.546833,0.296027
0,mobley_6055410,-94.134514,-9.400000,84.734514,13.501538
0,mobley_4639255,-5.740074,-9.300000,3.559926,0.023831
0,mobley_1417007,-227.506973,-9.010000,218.496973,89.774586
0,mobley_6115639,-206.554077,-8.700000,197.854077,73.612670
0,mobley_6353617,-17.376236,-8.260000,9.116236,0.156276
0,mobley_2725215,-571.674316,-7.980000,563.694316,597.516459
0,mobley_7039935,-4.685134,-7.670000,2.984866,0.016754
0,mobley_4059279,-38.197895,-7.580000,30.617895,1.762841
0,mobley_951560,-30.574417,-7.400000,23.174417,1.009904
0,mobley_1922649,-426.028656,-7.190000,418.838656,329.880068
0,mobley_8798016,-15.728657,-7.000000,8.728657,0.143271
0,mobley_1858644,-2.614236,-6.790000,4.175764,0.032789
0,mobley_9114381,-48.070381,-6.720000,41.350381,3.215301
0,mobley_5311804,-1.450871,-6.620000,5.169129,0.050246
0,mobley_6743808,-3.282691,-6.500000,3.217309,0.019465
0,mobley_8789864,-99.204803,-6.400000,92.804803,16.195840
0,mobley_7009711,-4.919131,-6.270000,1.350869,0.003432
0,mobley_8789465,-14.263906,-6.200000,8.063906,0.122279
0,mobley_2923700,-4.349106,-6.130000,1.780894,0.005964
0,mobley_4780078,-2.961543,-6.010000,3.048457,0.017475
0,mobley_5467162,-0.634452,-5.910000,5.275548,0.052336
0,mobley_6257907,-88.831726,-5.820000,83.011726,12.958104
0,mobley_7913234,-12.734749,-5.730000,7.004749,0.092267
0,mobley_5518547,-5.772927,-5.570000,0.202927,0.000077
0,mobley_4883284,-5.420713,-5.490000,0.069286,0.000009
0,mobley_5220185,-43.823738,-5.450000,38.373738,2.769050
0,mobley_3359593,-1.451575,-5.260000,3.808425,0.027274
0,mobley_4683624,-5.379491,-5.210000,0.169491,0.000054
0,mobley_1636752,-0.128890,-5.100000,4.971110,0.046470
0,mobley_2310185,-0.789463,-5.000000,4.210537,0.033338
0,mobley_3682850,-7.542765,-4.910000,2.632765,0.013034
0,mobley_1363784,-9.817186,-4.840000,4.977186,0.046583
0,mobley_2837389,-3.645675,-4.780000,1.134325,0.002420
0,mobley_9507933,-7.598210,-4.720000,2.878211,0.015578
0,mobley_296847,-6.723712,-4.690000,2.033712,0.007778
0,mobley_8208692,-481.894531,-4.610000,477.284531,428.368255
0,mobley_4884177,-9.074896,-4.590000,4.484896,0.037824
0,mobley_6714389,0.270388,-4.550000,4.820388,0.043694
0,mobley_2245668,-1.817629,-4.500000,2.682371,0.013530
0,mobley_5973402,-3.056845,-4.420000,1.363155,0.003494
0,mobley_3546460,-5.707951,-4.400000,1.307950,0.003217
0,mobley_8311303,-487.134735,-4.380000,482.754735,438.243663
0,mobley_9741965,-411.483704,-4.290000,407.193704,311.791785
0,mobley_4603202,-7.012432,-4.230000,2.782432,0.014558
0,mobley_628086,-231.125397,-4.160000,226.965397,96.868341
0,mobley_4620651,-18.215330,-4.100000,14.115330,0.374666
0,mobley_7977115,-5.473199,-4.060000,1.413199,0.003756
0,mobley_2789243,-91.911621,-4.010000,87.901621,14.529689
0,mobley_3968739,-18.481567,-3.920000,14.561567,0.398730
0,mobley_63712,-6.430982,-3.880000,2.550982,0.012237
0,mobley_1046331,-25.212942,-3.820000,21.392942,0.860604
0,mobley_1160109,-10.076827,-3.750000,6.326827,0.075272
0,mobley_4149784,-149.038498,-3.670000,145.368498,39.737740
0,mobley_397645,-22.725698,-3.640000,19.085698,0.684981
0,mobley_4690963,-5.711173,-3.540000,2.171173,0.008864
0,mobley_1967551,-2.207561,-3.500000,1.292439,0.003141
0,mobley_6733657,-1268.767944,-3.440000,1265.327944,3010.708854
0,mobley_9565165,-1.022765,-3.350000,2.327235,0.010185
0,mobley_2487143,-5.649718,-3.280000,2.369718,0.010560
0,mobley_8449031,-2.192007,-3.220000,1.027993,0.001987
0,mobley_172879,-34.997139,-3.150000,31.847139,1.907231
0,mobley_5346580,0.982630,-3.110000,4.092630,0.031497
0,mobley_3573480,-6.312464,-3.040000,3.272464,0.020138
0,mobley_1075836,-18.448208,-2.930000,15.518208,0.452841
0,mobley_6102880,-8.119829,-2.870000,5.249829,0.051827
0,mobley_1827204,-7.216131,-2.810000,4.406131,0.036507
0,mobley_2146331,-2.718943,-2.750000,0.031057,0.000002
0,mobley_7943327,-14.495229,-2.680000,11.815229,0.262511
0,mobley_5110043,-2.768886,-2.630000,0.138886,0.000036
0,mobley_5616693,-12.923067,-2.530000,10.393067,0.203119
0,mobley_6619554,-16.571310,-2.490000,14.081310,0.372862
0,mobley_6359156,-51.612358,-2.460000,49.152358,4.543089
0,mobley_1781152,-16.601292,-2.400000,14.201292,0.379244
0,mobley_859464,-18.277840,-2.360000,15.917840,0.476465
0,mobley_7150646,-7.543583,-2.300000,5.243583,0.051703
0,mobley_1592519,-17.747101,-2.230000,15.517101,0.452776
0,mobley_5538249,-279.183960,-2.160000,277.023960,144.310266
0,mobley_6911232,-1.986583,-2.100000,0.113417,0.000024
0,mobley_3269565,-2.631198,-2.010000,0.621198,0.000726
0,mobley_2484519,-49.260139,-1.930000,47.330140,4.212483
0,mobley_7690440,35.023392,-1.830000,36.853392,2.553980
0,mobley_3802803,-144.779968,-1.660000,143.119968,38.517937
0,mobley_1144156,-1.946222,-1.590000,0.356222,0.000239
0,mobley_2481002,-16.606773,-1.450000,15.156773,0.431992
0,mobley_2489709,-105.887344,-1.360000,104.527344,20.545769
0,mobley_5052949,-23.727041,-1.280000,22.447041,0.947503
0,mobley_2492140,-0.135882,-1.230000,1.094118,0.002251
0,mobley_7542832,-5.919927,-1.160000,4.759927,0.042605
0,mobley_7814642,-100.478958,-1.120000,99.358958,18.564216
0,mobley_1563176,-6.415707,-0.990000,5.425707,0.055357
0,mobley_1873346,-1.173030,-0.900000,0.273030,0.000140
0,mobley_3040612,-2.190613,-0.850000,1.340613,0.003380
0,mobley_4483973,-12.050379,-0.800000,11.250379,0.238011
0,mobley_9913368,-85.850258,-0.780000,85.070258,13.608744
0,mobley_1449384,-3.361533,-0.680000,2.681533,0.013522
0,mobley_7708038,-0.748979,-0.560000,0.188979,0.000067
0,mobley_8311321,-36.082172,-0.500000,35.582172,2.380825
0,mobley_766666,-53.483135,-0.440000,53.043135,5.290795
0,mobley_5445548,-2.509454,-0.300000,2.209454,0.009180
0,mobley_9029594,3.028831,-0.220000,3.248831,0.019848
0,mobley_3370989,-57.977409,-0.110000,57.867409,6.296956
0,mobley_627267,-0.063452,-0.030000,0.033452,0.000002
0,mobley_6250025,-4.367018,0.080000,4.447018,0.037188
0,mobley_4252724,-3.229084,0.160000,3.389084,0.021599
0,mobley_7157427,-52.549309,0.290000,52.839309,5.250212
0,mobley_8885088,-1.626197,0.560000,2.186197,0.008988
0,mobley_8522124,-4.865759,0.710000,5.575759,0.058462
0,mobley_4678740,-316.638031,1.070000,317.708031,189.809938
0,mobley_2689721,-4.867302,1.230000,6.097302,0.069910
0,mobley_1662128,-2.087659,1.380000,3.467659,0.022612
0,mobley_4762983,-4.758957,1.660000,6.418957,0.077480
0,mobley_7732703,-71.140968,1.790000,72.930968,10.001992
0,mobley_2068538,-1.964902,2.000000,3.964902,0.029562
0,mobley_5157661,2.577507,2.300000,0.277507,0.000145
0,mobley_1261349,8.597390,2.510000,6.087390,0.069683
0,mobley_2328633,-8.223382,2.550000,10.773382,0.218256
0,mobley_8436428,-4.328903,2.830000,7.158903,0.096373
0,mobley_3060426,6.224018,2.930000,3.294018,0.020404
0,mobley_2197088,-8.012429,3.160000,11.172429,0.234724
1,mobley_9534740,-0.298738,-25.469999,25.171261,1.191441
1,mobley_6239320,-33.283627,-18.059999,15.223627,0.435812
1,mobley_7794077,-24.463442,-15.460000,9.003442,0.152433
1,mobley_7415647,-21.620749,-11.950000,9.670749,0.175866
1,mobley_1728386,-2.557607,-11.000000,8.442393,0.134027
1,mobley_2269032,-2.232121,-10.210000,7.977879,0.119684
1,mobley_2913224,2.040788,-9.940000,11.980788,0.269919
1,mobley_2659552,-3.430546,-9.760000,6.329454,0.075335
1,mobley_7176290,-16.223896,-9.620000,6.603896,0.082009
1,mobley_2295058,-2.048140,-9.510000,7.461860,0.104702
1,mobley_6055410,-1.984900,-9.400000,7.415100,0.103394
1,mobley_4639255,-0.610997,-9.300000,8.689003,0.141972
1,mobley_1417007,20.166992,-9.010000,29.176992,1.600824
1,mobley_6115639,-3.148829,-8.700000,5.551171,0.057947
1,mobley_6353617,-1.252919,-8.260000,7.007082,0.092329
1,mobley_2725215,5.562077,-7.980000,13.542077,0.344852
1,mobley_7039935,-1.451177,-7.670000,6.218823,0.072724
1,mobley_4059279,-4.075644,-7.580000,3.504356,0.023093
1,mobley_951560,-3.968385,-7.400000,3.431615,0.022144
1,mobley_1922649,-16.079233,-7.190000,8.889233,0.148591
1,mobley_8798016,-1.343046,-7.000000,5.656954,0.060177
1,mobley_1858644,-2.061426,-6.790000,4.728574,0.042046
1,mobley_9114381,1.070570,-6.720000,7.790570,0.114130
1,mobley_5311804,-1.315069,-6.620000,5.304931,0.052920
1,mobley_6743808,-1.036818,-6.500000,5.463182,0.056125
1,mobley_8789864,-0.560087,-6.400000,5.839913,0.064132
1,mobley_7009711,-1.752563,-6.270000,4.517437,0.038375
1,mobley_8789465,0.359953,-6.200000,6.559953,0.080922
1,mobley_2923700,-1.745725,-6.130000,4.384275,0.036146
1,mobley_4780078,-0.832956,-6.010000,5.177044,0.050400
1,mobley_5467162,-4.700057,-5.910000,1.209943,0.002753
1,mobley_6257907,-1.961321,-5.820000,3.858679,0.027999
1,mobley_7913234,-3.769278,-5.730000,1.960722,0.007229
1,mobley_5518547,-2.505575,-5.570000,3.064425,0.017659
1,mobley_4883284,-1.707049,-5.490000,3.782950,0.026911
1,mobley_5220185,0.422618,-5.450000,5.872617,0.064852
1,mobley_3359593,-3.710835,-5.260000,1.549166,0.004513
1,mobley_4683624,-2.654455,-5.210000,2.555545,0.012281
1,mobley_1636752,0.497331,-5.100000,5.597331,0.058915
1,mobley_2310185,-0.430476,-5.000000,4.569524,0.039265
1,mobley_3682850,-2.264006,-4.910000,2.645993,0.013166
1,mobley_1363784,-2.487060,-4.840000,2.352940,0.010411
1,mobley_2837389,-0.090071,-4.780000,4.689929,0.041361
1,mobley_9507933,-1.661044,-4.720000,3.058955,0.017596
1,mobley_296847,-1.141330,-4.690000,3.548670,0.023681
1,mobley_8208692,40.736530,-4.610000,45.346530,3.866791
1,mobley_4884177,-2.104829,-4.590000,2.485171,0.011614
1,mobley_6714389,-0.322418,-4.550000,4.227582,0.033608
1,mobley_2245668,-2.434237,-4.500000,2.065763,0.008025
1,mobley_5973402,-2.958502,-4.420000,1.461498,0.004017
1,mobley_3546460,-2.051426,-4.400000,2.348574,0.010372
1,mobley_8311303,20.968281,-4.380000,25.348281,1.208258
1,mobley_9741965,-21.275913,-4.290000,16.985913,0.542551
1,mobley_4603202,-2.776903,-4.230000,1.453097,0.003971
1,mobley_628086,-30.471453,-4.160000,26.311453,1.301824
1,mobley_4620651,-2.249136,-4.100000,1.850864,0.006442
1,mobley_7977115,-2.039554,-4.060000,2.020446,0.007676
1,mobley_2789243,-0.871238,-4.010000,3.138763,0.018526
1,mobley_3968739,-1.784309,-3.920000,2.135691,0.008577
1,mobley_63712,-3.914946,-3.880000,0.034946,0.000002
1,mobley_1046331,-0.737612,-3.820000,3.082388,0.017866
1,mobley_1160109,-4.233043,-3.750000,0.483043,0.000439
1,mobley_4149784,-1.312283,-3.670000,2.357717,0.010453
1,mobley_397645,-1.769043,-3.640000,1.870957,0.006582
1,mobley_4690963,-2.712151,-3.540000,0.827849,0.001289
1,mobley_1967551,-0.140838,-3.500000,3.359162,0.021219
1,mobley_6733657,65.748276,-3.440000,69.188276,9.001763
1,mobley_9565165,-1.615123,-3.350000,1.734877,0.005660
1,mobley_2487143,-1.316458,-3.280000,1.963542,0.007250
1,mobley_8449031,-3.077685,-3.220000,0.142315,0.000038
1,mobley_172879,-1.195965,-3.150000,1.954035,0.007180
1,mobley_5346580,-5.608705,-3.110000,2.498705,0.011741
1,mobley_3573480,-1.694673,-3.040000,1.345327,0.003403
1,mobley_1075836,-1.360860,-2.930000,1.569141,0.004630
1,mobley_6102880,-1.946085,-2.870000,0.923915,0.001605
1,mobley_1827204,-1.939621,-2.810000,0.870379,0.001425
1,mobley_2146331,0.744105,-2.750000,3.494105,0.022958
1,mobley_7943327,-1.612292,-2.680000,1.067708,0.002144
1,mobley_5110043,-2.679799,-2.630000,0.049799,0.000005
1,mobley_5616693,-4.533634,-2.530000,2.003634,0.007549
1,mobley_6619554,-2.807247,-2.490000,0.317247,0.000189
1,mobley_6359156,-13.402084,-2.460000,10.942084,0.225145
1,mobley_1781152,-4.911522,-2.400000,2.511522,0.011861
1,mobley_859464,-2.673758,-2.360000,0.313758,0.000185
1,mobley_7150646,0.193290,-2.300000,2.493290,0.011690
1,mobley_1592519,-3.097542,-2.230000,0.867542,0.001415
1,mobley_5538249,7.407591,-2.160000,9.567591,0.172134
1,mobley_6911232,-0.423512,-2.100000,1.676488,0.005285
1,mobley_3269565,-1.219019,-2.010000,0.790981,0.001177
1,mobley_2484519,-2.078726,-1.930000,0.148726,0.000042
1,mobley_7690440,-31.307898,-1.830000,29.477898,1.634013
1,mobley_3802803,-4.159188,-1.660000,2.499188,0.011745
1,mobley_1144156,-0.970033,-1.590000,0.619967,0.000723
1,mobley_2481002,19.816948,-1.450000,21.266948,0.850497
1,mobley_2489709,2.922173,-1.360000,4.282173,0.034482
1,mobley_5052949,-1.928779,-1.280000,0.648779,0.000792
1,mobley_2492140,7.534338,-1.230000,8.764338,0.144444
1,mobley_7542832,-2.350400,-1.160000,1.190400,0.002665
1,mobley_7814642,4.246341,-1.120000,5.366341,0.054153
1,mobley_1563176,-1.888117,-0.990000,0.898117,0.001517
1,mobley_1873346,-1.240524,-0.900000,0.340524,0.000218
1,mobley_3040612,-1.572913,-0.850000,0.722913,0.000983
1,mobley_4483973,-0.718689,-0.800000,0.081311,0.000012
1,mobley_9913368,1.428685,-0.780000,2.208685,0.009173
1,mobley_1449384,-2.707595,-0.680000,2.027595,0.007731
1,mobley_7708038,0.548489,-0.560000,1.108489,0.002311
1,mobley_8311321,-34.898861,-0.500000,34.398861,2.225106
1,mobley_766666,5.466153,-0.440000,5.906153,0.065595
1,mobley_5445548,-2.148313,-0.300000,1.848313,0.006424
1,mobley_9029594,0.106246,-0.220000,0.326246,0.000200
1,mobley_3370989,-5.700622,-0.110000,5.590622,0.058774
1,mobley_627267,-1.058740,-0.030000,1.028740,0.001990
1,mobley_6250025,-1.396181,0.080000,1.476181,0.004098
1,mobley_4252724,-3.398850,0.160000,3.558850,0.023817
1,mobley_7157427,-1.278184,0.290000,1.568184,0.004624
1,mobley_8885088,-0.314669,0.560000,0.874669,0.001439
1,mobley_8522124,-1.234427,0.710000,1.944427,0.007110
1,mobley_4678740,-34.648907,1.070000,35.718907,2.399158
1,mobley_2689721,-2.429320,1.230000,3.659320,0.025180
1,mobley_1662128,-0.659772,1.380000,2.039772,0.007824
1,mobley_4762983,-1.811226,1.660000,3.471226,0.022658
1,mobley_7732703,-72.489105,1.790000,74.279105,10.375186
1,mobley_2068538,-0.708423,2.000000,2.708423,0.013794
1,mobley_5157661,-3.122168,2.300000,5.422168,0.055285
1,mobley_1261349,-6.903071,2.510000,9.413071,0.166619
1,mobley_2328633,-3.544063,2.550000,6.094063,0.069836
1,mobley_8436428,-4.600062,2.830000,7.430062,0.103812
1,mobley_3060426,-7.605811,2.930000,10.535811,0.208737
1,mobley_2197088,-2.680777,3.160000,5.840777,0.064151
2,mobley_9534740,-7.824285,-25.469999,17.645715,0.585519
2,mobley_6239320,-1.388095,-18.059999,16.671904,0.522677
2,mobley_7794077,0.877785,-15.460000,16.337785,0.501937
2,mobley_7415647,-8.477142,-11.950000,3.472857,0.022680
2,mobley_1728386,-9.692770,-11.000000,1.307230,0.003213
2,mobley_2269032,-16.283247,-10.210000,6.073247,0.069359
2,mobley_2913224,-8.173674,-9.940000,1.766326,0.005867
2,mobley_2659552,-12.894888,-9.760000,3.134888,0.018480
2,mobley_7176290,-4.360436,-9.620000,5.259563,0.052019
2,mobley_2295058,-9.524825,-9.510000,0.014825,0.000000
2,mobley_6055410,-15.434651,-9.400000,6.034652,0.068481
2,mobley_4639255,-2.841739,-9.300000,6.458261,0.078432
2,mobley_1417007,22.813471,-9.010000,31.823471,1.904398
2,mobley_6115639,-6.173768,-8.700000,2.526232,0.012001
2,mobley_6353617,-8.823757,-8.260000,0.563757,0.000598
2,mobley_2725215,-1.795608,-7.980000,6.184392,0.071921
2,mobley_7039935,-12.874079,-7.670000,5.204079,0.050927
2,mobley_4059279,-8.342429,-7.580000,0.762429,0.001093
2,mobley_951560,-8.030023,-7.400000,0.630023,0.000746
2,mobley_1922649,-6.547991,-7.190000,0.642009,0.000775
2,mobley_8798016,-8.265734,-7.000000,1.265734,0.003013
2,mobley_1858644,-11.202004,-6.790000,4.412004,0.036604
2,mobley_9114381,-1.856102,-6.720000,4.863898,0.044487
2,mobley_5311804,-9.646715,-6.620000,3.026715,0.017227
2,mobley_6743808,-7.903313,-6.500000,1.403313,0.003703
2,mobley_8789864,-7.067418,-6.400000,0.667418,0.000838
2,mobley_7009711,-7.942618,-6.270000,1.672618,0.005261
2,mobley_8789465,-7.303279,-6.200000,1.103280,0.002289
2,mobley_2923700,-9.737748,-6.130000,3.607748,0.024476
2,mobley_4780078,-7.887836,-6.010000,1.877836,0.006631
2,mobley_5467162,-9.864682,-5.910000,3.954682,0.029409
2,mobley_6257907,-5.542078,-5.820000,0.277922,0.000145
2,mobley_7913234,-7.824564,-5.730000,2.094563,0.008250
2,mobley_5518547,-9.333575,-5.570000,3.763575,0.026636
2,mobley_4883284,-9.113008,-5.490000,3.623008,0.024683
2,mobley_5220185,-6.682150,-5.450000,1.232151,0.002855
2,mobley_3359593,-10.666668,-5.260000,5.406668,0.054970
2,mobley_4683624,-10.777000,-5.210000,5.567000,0.058278
2,mobley_1636752,-0.778604,-5.100000,4.321396,0.035116
2,mobley_2310185,-2.455385,-5.000000,2.544615,0.012176
2,mobley_3682850,-6.502139,-4.910000,1.592139,0.004767
2,mobley_1363784,-8.025520,-4.840000,3.185520,0.019082
2,mobley_2837389,-4.466772,-4.780000,0.313229,0.000184
2,mobley_9507933,-7.325173,-4.720000,2.605174,0.012763
2,mobley_296847,-6.879611,-4.690000,2.189611,0.009016
2,mobley_8208692,28.953053,-4.610000,33.563053,2.118290
2,mobley_4884177,-8.632672,-4.590000,4.042672,0.030733
2,mobley_6714389,-2.089839,-4.550000,2.460161,0.011381
2,mobley_2245668,-4.161512,-4.500000,0.338488,0.000215
2,mobley_5973402,-5.520119,-4.420000,1.100119,0.002276
2,mobley_3546460,-6.551590,-4.400000,2.151590,0.008705
2,mobley_8311303,12.996734,-4.380000,17.376734,0.567805
2,mobley_9741965,-1.387710,-4.290000,2.902290,0.015840
2,mobley_4603202,-6.078037,-4.230000,1.848037,0.006422
2,mobley_628086,-4.090628,-4.160000,0.069372,0.000009
2,mobley_4620651,-5.762988,-4.100000,1.662988,0.005200
2,mobley_7977115,-6.380283,-4.060000,2.320283,0.010124
2,mobley_2789243,-2.959768,-4.010000,1.050232,0.002074
2,mobley_3968739,-9.933833,-3.920000,6.013833,0.068009
2,mobley_63712,-7.116250,-3.880000,3.236249,0.019695
2,mobley_1046331,-9.286028,-3.820000,5.466028,0.056183
2,mobley_1160109,-9.064329,-3.750000,5.314329,0.053108
2,mobley_4149784,-9.869554,-3.670000,6.199553,0.072274
2,mobley_397645,-11.844825,-3.640000,8.204825,0.126591
2,mobley_4690963,-7.506829,-3.540000,3.966829,0.029590
2,mobley_1967551,-2.066585,-3.500000,1.433415,0.003864
2,mobley_6733657,54.050205,-3.440000,57.490205,6.215131
2,mobley_9565165,-15.743537,-3.350000,12.393537,0.288837
2,mobley_2487143,-5.215132,-3.280000,1.935132,0.007042
2,mobley_8449031,-7.468232,-3.220000,4.248232,0.033937
2,mobley_172879,-14.541245,-3.150000,11.391245,0.244009
2,mobley_5346580,-5.060032,-3.110000,1.950032,0.007151
2,mobley_3573480,-6.148929,-3.040000,3.108929,0.018175
2,mobley_1075836,-5.563356,-2.930000,2.633356,0.013040
2,mobley_6102880,-17.372210,-2.870000,14.502210,0.395486
2,mobley_1827204,-5.813671,-2.810000,3.003671,0.016966
2,mobley_2146331,-0.415873,-2.750000,2.334127,0.010245
2,mobley_7943327,-5.676890,-2.680000,2.996890,0.016889
2,mobley_5110043,-13.700710,-2.630000,11.070710,0.230470
2,mobley_5616693,-9.099708,-2.530000,6.569708,0.081162
2,mobley_6619554,-8.153657,-2.490000,5.663657,0.060319
2,mobley_6359156,-11.507448,-2.460000,9.047448,0.153927
2,mobley_1781152,-5.102166,-2.400000,2.702166,0.013731
2,mobley_859464,-7.500517,-2.360000,5.140517,0.049691
2,mobley_7150646,-6.039126,-2.300000,3.739126,0.026291
2,mobley_1592519,-8.826977,-2.230000,6.596977,0.081838
2,mobley_5538249,-3.571125,-2.160000,1.411124,0.003744
2,mobley_6911232,-3.230764,-2.100000,1.130764,0.002404
2,mobley_3269565,-3.706617,-2.010000,1.696617,0.005413
2,mobley_2484519,-8.320333,-1.930000,6.390333,0.076791
2,mobley_7690440,-4.840218,-1.830000,3.010218,0.017040
2,mobley_3802803,-5.836032,-1.660000,4.176032,0.032794
2,mobley_1144156,-4.369253,-1.590000,2.779253,0.014525
2,mobley_2481002,28.397282,-1.450000,29.847282,1.675221
2,mobley_2489709,2.802753,-1.360000,4.162753,0.032585
2,mobley_5052949,-6.384120,-1.280000,5.104120,0.048990
2,mobley_2492140,28.277548,-1.230000,29.507548,1.637302
2,mobley_7542832,-6.501231,-1.160000,5.341231,0.053647
2,mobley_7814642,3.128903,-1.120000,4.248903,0.033948
2,mobley_1563176,-4.631848,-0.990000,3.641848,0.024941
2,mobley_1873346,-9.067251,-0.900000,8.167251,0.125434
2,mobley_3040612,-9.572495,-0.850000,8.722494,0.143068
2,mobley_4483973,-7.556445,-0.800000,6.756445,0.085842
2,mobley_9913368,1.515580,-0.780000,2.295580,0.009909
2,mobley_1449384,-10.238412,-0.680000,9.558412,0.171804
2,mobley_7708038,-1.979241,-0.560000,1.419241,0.003788
2,mobley_8311321,2.657636,-0.500000,3.157636,0.018749
2,mobley_766666,7.376434,-0.440000,7.816434,0.114889
2,mobley_5445548,-10.239000,-0.300000,9.939000,0.185758
2,mobley_9029594,-0.850494,-0.220000,0.630494,0.000748
2,mobley_3370989,-3.575103,-0.110000,3.465103,0.022578
2,mobley_627267,-3.215216,-0.030000,3.185216,0.019078
2,mobley_6250025,-5.616621,0.080000,5.696621,0.061024
2,mobley_4252724,-11.884779,0.160000,12.044779,0.272810
2,mobley_7157427,-6.911750,0.290000,7.201750,0.097530
2,mobley_8885088,-4.912552,0.560000,5.472552,0.056317
2,mobley_8522124,-6.155760,0.710000,6.865760,0.088642
2,mobley_4678740,-12.401899,1.070000,13.471899,0.341287
2,mobley_2689721,-6.616535,1.230000,7.846535,0.115776
2,mobley_1662128,-3.174002,1.380000,4.554002,0.038999
2,mobley_4762983,-6.219188,1.660000,7.879188,0.116742
2,mobley_7732703,3.027528,1.790000,1.237528,0.002880
2,mobley_2068538,-3.168903,2.000000,5.168903,0.050241
2,mobley_5157661,-3.771861,2.300000,6.071861,0.069328
2,mobley_1261349,-4.306936,2.510000,6.816936,0.087386
2,mobley_2328633,-9.951824,2.550000,12.501824,0.293907
2,mobley_8436428,-6.398728,2.830000,9.228728,0.160157
2,mobley_3060426,-7.820769,2.930000,10.750769,0.217341
2,mobley_2197088,-9.418227,3.160000,12.578227,0.297510
3,mobley_9534740,-2.569862,-25.469999,22.900137,0.986140
3,mobley_6239320,2.010519,-18.059999,20.070519,0.757495
3,mobley_7794077,3.108856,-15.460000,18.568856,0.648385
3,mobley_7415647,3.300081,-11.950000,15.250081,0.437328
3,mobley_1728386,-6.604720,-11.000000,4.395280,0.036328
3,mobley_2269032,-7.462628,-10.210000,2.747372,0.014194
3,mobley_2913224,-4.275955,-9.940000,5.664045,0.060328
3,mobley_2659552,-6.040835,-9.760000,3.719165,0.026011
3,mobley_7176290,4.730617,-9.620000,14.350617,0.387261
3,mobley_2295058,-5.801625,-9.510000,3.708375,0.025860
3,mobley_6055410,-8.791153,-9.400000,0.608847,0.000697
3,mobley_4639255,-0.418429,-9.300000,8.881571,0.148334
3,mobley_1417007,43.160625,-9.010000,52.170626,5.118169
3,mobley_6115639,-2.391474,-8.700000,6.308526,0.074837
3,mobley_6353617,-4.084121,-8.260000,4.175879,0.032791
3,mobley_2725215,25.876692,-7.980000,33.856692,2.155518
3,mobley_7039935,-6.259238,-7.670000,1.410762,0.003743
3,mobley_4059279,-1.049366,-7.580000,6.530633,0.080200
3,mobley_951560,-1.850906,-7.400000,5.549094,0.057904
3,mobley_1922649,9.412606,-7.190000,16.602606,0.518340
3,mobley_8798016,-3.739169,-7.000000,3.260831,0.019995
3,mobley_1858644,-4.460815,-6.790000,2.329185,0.010202
3,mobley_9114381,-0.931554,-6.720000,5.788446,0.063007
3,mobley_5311804,-4.485445,-6.620000,2.134554,0.008568
3,mobley_6743808,-3.737612,-6.500000,2.762388,0.014349
3,mobley_8789864,-1.642741,-6.400000,4.757259,0.042557
3,mobley_7009711,-3.799123,-6.270000,2.470877,0.011481
3,mobley_8789465,-3.595476,-6.200000,2.604524,0.012756
3,mobley_2923700,-4.478172,-6.130000,1.651828,0.005131
3,mobley_4780078,-3.980460,-6.010000,2.029541,0.007746
3,mobley_5467162,-3.876444,-5.910000,2.033556,0.007776
3,mobley_6257907,-2.632362,-5.820000,3.187639,0.019107
3,mobley_7913234,-0.196835,-5.730000,5.533165,0.057572
3,mobley_5518547,-4.908273,-5.570000,0.661727,0.000823
3,mobley_4883284,-4.981921,-5.490000,0.508079,0.000485
3,mobley_5220185,-0.975892,-5.450000,4.474108,0.037642
3,mobley_3359593,-4.119700,-5.260000,1.140300,0.002445
3,mobley_4683624,-4.151143,-5.210000,1.058857,0.002108
3,mobley_1636752,-0.144532,-5.100000,4.955468,0.046178
3,mobley_2310185,-0.323815,-5.000000,4.676185,0.041119
3,mobley_3682850,-0.291188,-4.910000,4.618812,0.040117
3,mobley_1363784,-3.387380,-4.840000,1.452621,0.003968
3,mobley_2837389,-2.117407,-4.780000,2.662593,0.013331
3,mobley_9507933,-3.359929,-4.720000,1.360071,0.003478
3,mobley_296847,-3.440541,-4.690000,1.249459,0.002936
3,mobley_8208692,44.350147,-4.610000,48.960147,4.507627
3,mobley_4884177,-3.599857,-4.590000,0.990143,0.001844
3,mobley_6714389,-0.601396,-4.550000,3.948604,0.029319
3,mobley_2245668,-0.168596,-4.500000,4.331404,0.035279
3,mobley_5973402,-0.211697,-4.420000,4.208303,0.033302
3,mobley_3546460,0.044329,-4.400000,4.444329,0.037143
3,mobley_8311303,21.144411,-4.380000,25.524411,1.225107
3,mobley_9741965,12.886329,-4.290000,17.176329,0.554783
3,mobley_4603202,2.359472,-4.230000,6.589472,0.081651
3,mobley_628086,1.380713,-4.160000,5.540712,0.057729
3,mobley_4620651,-2.043763,-4.100000,2.056237,0.007951
3,mobley_7977115,-0.125796,-4.060000,3.934204,0.029106
3,mobley_2789243,-1.068138,-4.010000,2.941862,0.016274
3,mobley_3968739,-5.450689,-3.920000,1.530689,0.004406
3,mobley_63712,-0.233399,-3.880000,3.646601,0.025006
3,mobley_1046331,-6.975499,-3.820000,3.155499,0.018724
3,mobley_1160109,-0.500027,-3.750000,3.249973,0.019862
3,mobley_4149784,-9.850262,-3.670000,6.180262,0.071825
3,mobley_397645,-5.276064,-3.640000,1.636064,0.005033
3,mobley_4690963,-0.624086,-3.540000,2.915914,0.015989
3,mobley_1967551,-0.552629,-3.500000,2.947371,0.016335
3,mobley_6733657,82.051262,-3.440000,85.491262,13.743774
3,mobley_9565165,-6.742053,-3.350000,3.392053,0.021637
3,mobley_2487143,0.008587,-3.280000,3.288587,0.020337
3,mobley_8449031,-0.213165,-3.220000,3.006835,0.017001
3,mobley_172879,-7.578677,-3.150000,4.428677,0.036882
3,mobley_5346580,-0.253472,-3.110000,2.856528,0.015344
3,mobley_3573480,0.070443,-3.040000,3.110443,0.018193
3,mobley_1075836,-1.619603,-2.930000,1.310397,0.003229
3,mobley_6102880,-8.461486,-2.870000,5.591486,0.058792
3,mobley_1827204,-0.113487,-2.810000,2.696513,0.013673
3,mobley_2146331,-0.665360,-2.750000,2.084640,0.008172
3,mobley_7943327,-1.568946,-2.680000,1.111054,0.002321
3,mobley_5110043,-5.850809,-2.630000,3.220809,0.019507
3,mobley_5616693,-0.265186,-2.530000,2.264814,0.009646
3,mobley_6619554,-1.911666,-2.490000,0.578334,0.000629
3,mobley_6359156,-2.773344,-2.460000,0.313344,0.000185
3,mobley_1781152,-2.017370,-2.400000,0.382630,0.000275
3,mobley_859464,-2.229385,-2.360000,0.130615,0.000032
3,mobley_7150646,-4.613803,-2.300000,2.313803,0.010067
3,mobley_1592519,-1.488152,-2.230000,0.741848,0.001035
3,mobley_5538249,1.912457,-2.160000,4.072457,0.031187
3,mobley_6911232,-0.229081,-2.100000,1.870919,0.006582
3,mobley_3269565,-0.226885,-2.010000,1.783115,0.005979
3,mobley_2484519,-1.871966,-1.930000,0.058034,0.000006
3,mobley_7690440,-1.470102,-1.830000,0.359898,0.000244
3,mobley_3802803,4.716870,-1.660000,6.376870,0.076468
3,mobley_1144156,-0.250472,-1.590000,1.339528,0.003374
3,mobley_2481002,43.021523,-1.450000,44.471523,3.719003
3,mobley_2489709,5.502932,-1.360000,6.862932,0.088569
3,mobley_5052949,-0.134331,-1.280000,1.145669,0.002468
3,mobley_2492140,41.196678,-1.230000,42.426678,3.384859
3,mobley_7542832,-0.064826,-1.160000,1.095174,0.002255
3,mobley_7814642,6.791872,-1.120000,7.911872,0.117712
3,mobley_1563176,-0.367667,-0.990000,0.622333,0.000728
3,mobley_1873346,-4.161499,-0.900000,3.261499,0.020003
3,mobley_3040612,-3.654303,-0.850000,2.804303,0.014788
3,mobley_4483973,-3.851821,-0.800000,3.051821,0.017514
3,mobley_9913368,2.647474,-0.780000,3.427474,0.022091
3,mobley_1449384,-3.679916,-0.680000,2.999916,0.016923
3,mobley_7708038,0.452377,-0.560000,1.012377,0.001927
3,mobley_8311321,1.950854,-0.500000,2.450854,0.011295
3,mobley_766666,9.277481,-0.440000,9.717481,0.177570
3,mobley_5445548,-3.946250,-0.300000,3.646250,0.025001
3,mobley_9029594,-0.472764,-0.220000,0.252764,0.000120
3,mobley_3370989,-2.930156,-0.110000,2.820156,0.014956
3,mobley_627267,0.445798,-0.030000,0.475798,0.000426
3,mobley_6250025,0.505919,0.080000,0.425919,0.000341
3,mobley_4252724,-4.222089,0.160000,4.382089,0.036110
3,mobley_7157427,2.108070,0.290000,1.818070,0.006216
3,mobley_8885088,-0.284322,0.560000,0.844322,0.001341
3,mobley_8522124,0.217856,0.710000,0.492144,0.000455
3,mobley_4678740,-2.362813,1.070000,3.432814,0.022160
3,mobley_2689721,-0.156076,1.230000,1.386076,0.003613
3,mobley_1662128,0.030369,1.380000,1.349631,0.003425
3,mobley_4762983,0.328505,1.660000,1.331495,0.003334
3,mobley_7732703,4.168099,1.790000,2.378099,0.010635
3,mobley_2068538,-0.049765,2.000000,2.049765,0.007901
3,mobley_5157661,-0.111603,2.300000,2.411603,0.010936
3,mobley_1261349,0.314623,2.510000,2.195377,0.009063
3,mobley_2328633,0.290045,2.550000,2.259955,0.009604
3,mobley_8436428,0.068807,2.830000,2.761193,0.014337
3,mobley_3060426,0.435192,2.930000,2.494808,0.011704
3,mobley_2197088,0.558762,3.160000,2.601238,0.012724
4,mobley_9534740,-10.207352,-25.469999,15.262648,0.438049
4,mobley_6239320,-7.571273,-18.059999,10.488726,0.206875
4,mobley_7794077,-6.932964,-15.460000,8.527036,0.136728
4,mobley_7415647,-8.444551,-11.950000,3.505449,0.023107
4,mobley_1728386,-6.427779,-11.000000,4.572221,0.039311
4,mobley_2269032,-7.784867,-10.210000,2.425133,0.011059
4,mobley_2913224,-7.338607,-9.940000,2.601392,0.012725
4,mobley_2659552,-7.038435,-9.760000,2.721566,0.013928
4,mobley_7176290,-5.398690,-9.620000,4.221310,0.033509
4,mobley_2295058,-6.679525,-9.510000,2.830475,0.015065
4,mobley_6055410,-9.712162,-9.400000,0.312162,0.000183
4,mobley_4639255,-2.801592,-9.300000,6.498408,0.079410
4,mobley_1417007,-2.430556,-9.010000,6.579444,0.081403
4,mobley_6115639,-7.496008,-8.700000,1.203991,0.002726
4,mobley_6353617,-4.824457,-8.260000,3.435543,0.022195
4,mobley_2725215,-8.288374,-7.980000,0.308374,0.000179
4,mobley_7039935,-4.527545,-7.670000,3.142455,0.018570
4,mobley_4059279,-7.147822,-7.580000,0.432178,0.000351
4,mobley_951560,-6.603169,-7.400000,0.796831,0.001194
4,mobley_1922649,-9.364919,-7.190000,2.174919,0.008895
4,mobley_8798016,-4.380498,-7.000000,2.619502,0.012903
4,mobley_1858644,-4.330301,-6.790000,2.459699,0.011377
4,mobley_9114381,-3.529005,-6.720000,3.190995,0.019148
4,mobley_5311804,-3.931107,-6.620000,2.688893,0.013596
4,mobley_6743808,-4.816775,-6.500000,1.683225,0.005328
4,mobley_8789864,-4.527635,-6.400000,1.872365,0.006592
4,mobley_7009711,-5.079652,-6.270000,1.190348,0.002664
4,mobley_8789465,-3.516475,-6.200000,2.683524,0.013542
4,mobley_2923700,-4.792986,-6.130000,1.337014,0.003362
4,mobley_4780078,-4.897537,-6.010000,1.112463,0.002327
4,mobley_5467162,-4.210919,-5.910000,1.699081,0.005429
4,mobley_6257907,-4.522201,-5.820000,1.297800,0.003167
4,mobley_7913234,-3.206824,-5.730000,2.523176,0.011972
4,mobley_5518547,-5.682517,-5.570000,0.112516,0.000024
4,mobley_4883284,-4.832677,-5.490000,0.657322,0.000812
4,mobley_5220185,-4.818895,-5.450000,0.631105,0.000749
4,mobley_3359593,-5.286723,-5.260000,0.026722,0.000001
4,mobley_4683624,-4.631825,-5.210000,0.578175,0.000629
4,mobley_1636752,-0.918240,-5.100000,4.181759,0.032884
4,mobley_2310185,-1.606411,-5.000000,3.393589,0.021656
4,mobley_3682850,-2.723191,-4.910000,2.186809,0.008993
4,mobley_1363784,-4.788797,-4.840000,0.051203,0.000005
4,mobley_2837389,-3.043221,-4.780000,1.736779,0.005672
4,mobley_9507933,-4.494155,-4.720000,0.225844,0.000096
4,mobley_296847,-3.353312,-4.690000,1.336688,0.003360
4,mobley_8208692,-5.157608,-4.610000,0.547607,0.000564
4,mobley_4884177,-4.114207,-4.590000,0.475793,0.000426
4,mobley_6714389,-1.726899,-4.550000,2.823101,0.014987
4,mobley_2245668,-1.588846,-4.500000,2.911154,0.015936
4,mobley_5973402,-1.759632,-4.420000,2.660368,0.013309
4,mobley_3546460,-1.503436,-4.400000,2.896564,0.015777
4,mobley_8311303,-8.343411,-4.380000,3.963411,0.029539
4,mobley_9741965,-8.752303,-4.290000,4.462303,0.037444
4,mobley_4603202,-3.116976,-4.230000,1.113024,0.002330
4,mobley_628086,-5.033279,-4.160000,0.873279,0.001434
4,mobley_4620651,-3.592846,-4.100000,0.507154,0.000484
4,mobley_7977115,-1.938973,-4.060000,2.121027,0.008460
4,mobley_2789243,-5.095476,-4.010000,1.085475,0.002216
4,mobley_3968739,-5.023427,-3.920000,1.103426,0.002290
4,mobley_63712,-3.211931,-3.880000,0.668069,0.000839
4,mobley_1046331,-4.600184,-3.820000,0.780185,0.001145
4,mobley_1160109,-3.039206,-3.750000,0.710794,0.000950
4,mobley_4149784,-11.254147,-3.670000,7.584146,0.108162
4,mobley_397645,-5.346182,-3.640000,1.706182,0.005474
4,mobley_4690963,-4.298118,-3.540000,0.758118,0.001081
4,mobley_1967551,-1.642409,-3.500000,1.857591,0.006489
4,mobley_6733657,-6.442563,-3.440000,3.002563,0.016953
4,mobley_9565165,-4.656087,-3.350000,1.306087,0.003208
4,mobley_2487143,-1.388486,-3.280000,1.891514,0.006728
4,mobley_8449031,-3.161904,-3.220000,0.058096,0.000006
4,mobley_172879,-6.999465,-3.150000,3.849465,0.027865
4,mobley_5346580,-1.400128,-3.110000,1.709872,0.005498
4,mobley_3573480,-1.376422,-3.040000,1.663578,0.005204
4,mobley_1075836,-3.436040,-2.930000,0.506040,0.000482
4,mobley_6102880,-6.736770,-2.870000,3.866770,0.028116
4,mobley_1827204,-1.349534,-2.810000,1.460466,0.004011
4,mobley_2146331,-0.720034,-2.750000,2.029966,0.007749
4,mobley_7943327,-3.783967,-2.680000,1.103967,0.002292
4,mobley_5110043,-5.145292,-2.630000,2.515292,0.011897
4,mobley_5616693,-2.378135,-2.530000,0.151865,0.000043
4,mobley_6619554,-3.739020,-2.490000,1.249020,0.002934
4,mobley_6359156,-5.046024,-2.460000,2.586024,0.012576
4,mobley_1781152,-2.384195,-2.400000,0.015805,0.000000
4,mobley_859464,-3.754274,-2.360000,1.394274,0.003656
4,mobley_7150646,-3.131222,-2.300000,0.831222,0.001299
4,mobley_1592519,-3.561489,-2.230000,1.331489,0.003334
4,mobley_5538249,-4.894746,-2.160000,2.734746,0.014064
4,mobley_6911232,-1.690175,-2.100000,0.409825,0.000316
4,mobley_3269565,-1.522526,-2.010000,0.487474,0.000447
4,mobley_2484519,-3.641615,-1.930000,1.711615,0.005509
4,mobley_7690440,-4.098910,-1.830000,2.268910,0.009680
4,mobley_3802803,-5.173156,-1.660000,3.513156,0.023209
4,mobley_1144156,-2.391172,-1.590000,0.801172,0.001207
4,mobley_2481002,5.550671,-1.450000,7.000671,0.092160
4,mobley_2489709,-3.244143,-1.360000,1.884143,0.006676
4,mobley_5052949,-2.367630,-1.280000,1.087630,0.002224
4,mobley_2492140,3.842708,-1.230000,5.072708,0.048389
4,mobley_7542832,-2.157620,-1.160000,0.997620,0.001872
4,mobley_7814642,-4.167870,-1.120000,3.047870,0.017468
4,mobley_1563176,-1.517442,-0.990000,0.527442,0.000523
4,mobley_1873346,-3.337261,-0.900000,2.437261,0.011170
4,mobley_3040612,-3.416400,-0.850000,2.566400,0.012385
4,mobley_4483973,-3.541617,-0.800000,2.741617,0.014134
4,mobley_9913368,-1.217239,-0.780000,0.437239,0.000360
4,mobley_1449384,-3.691326,-0.680000,3.011326,0.017052
4,mobley_7708038,-0.967980,-0.560000,0.407980,0.000313
4,mobley_8311321,-0.635085,-0.500000,0.135085,0.000034
4,mobley_766666,0.019249,-0.440000,0.459249,0.000397
4,mobley_5445548,-2.883379,-0.300000,2.583378,0.012550
4,mobley_9029594,-0.977096,-0.220000,0.757096,0.001078
4,mobley_3370989,-4.636289,-0.110000,4.526289,0.038525
4,mobley_627267,-1.123415,-0.030000,1.093415,0.002248
4,mobley_6250025,-0.466589,0.080000,0.546589,0.000562
4,mobley_4252724,-3.236322,0.160000,3.396322,0.021691
4,mobley_7157427,-1.695686,0.290000,1.985686,0.007415
4,mobley_8885088,-1.902655,0.560000,2.462655,0.011404
4,mobley_8522124,-0.930248,0.710000,1.640248,0.005059
4,mobley_4678740,-7.845107,1.070000,8.915107,0.149457
4,mobley_2689721,-2.276109,1.230000,3.506109,0.023116
4,mobley_1662128,-0.753965,1.380000,2.133965,0.008563
4,mobley_4762983,-0.619846,1.660000,2.279846,0.009774
4,mobley_7732703,-1.455249,1.790000,3.245249,0.019804
4,mobley_2068538,-0.628218,2.000000,2.628218,0.012989
4,mobley_5157661,-0.576255,2.300000,2.876255,0.015557
4,mobley_1261349,-0.087887,2.510000,2.597887,0.012691
4,mobley_2328633,-2.105782,2.550000,4.655782,0.040761
4,mobley_8436428,-0.766021,2.830000,3.596021,0.024317
4,mobley_3060426,-0.507478,2.930000,3.437478,0.022220
4,mobley_2197088,-0.647964,3.160000,3.807964,0.027268
5,mobley_9534740,-8.645815,-25.469999,16.824184,0.532268
5,mobley_6239320,0.523380,-18.059999,18.583380,0.649400
5,mobley_7794077,9.468867,-15.460000,24.928867,1.168605
5,mobley_7415647,-0.485832,-11.950000,11.464168,0.247143
5,mobley_1728386,-5.746789,-11.000000,5.253211,0.051893
5,mobley_2269032,-7.190226,-10.210000,3.019774,0.017148
5,mobley_2913224,-4.402429,-9.940000,5.537570,0.057664
5,mobley_2659552,-5.262814,-9.760000,4.497186,0.038032
5,mobley_7176290,0.753565,-9.620000,10.373565,0.202357
5,mobley_2295058,-7.072753,-9.510000,2.437247,0.011170
5,mobley_6055410,-9.711268,-9.400000,0.311269,0.000182
5,mobley_4639255,-3.251989,-9.300000,6.048011,0.068784
5,mobley_1417007,43.153305,-9.010000,52.163305,5.116733
5,mobley_6115639,-4.360925,-8.700000,4.339075,0.035404
5,mobley_6353617,-5.149092,-8.260000,3.110909,0.018199
5,mobley_2725215,24.566319,-7.980000,32.546319,1.991894
5,mobley_7039935,-5.056520,-7.670000,2.613480,0.012844
5,mobley_4059279,-5.385651,-7.580000,2.194349,0.009055
5,mobley_951560,-6.327028,-7.400000,1.072972,0.002165
5,mobley_1922649,8.193641,-7.190000,15.383641,0.445021
5,mobley_8798016,-5.286776,-7.000000,1.713224,0.005519
5,mobley_1858644,-3.643139,-6.790000,3.146861,0.018622
5,mobley_9114381,-1.957839,-6.720000,4.762161,0.042645
5,mobley_5311804,-3.587424,-6.620000,3.032576,0.017294
5,mobley_6743808,-4.688227,-6.500000,1.811773,0.006173
5,mobley_8789864,-1.298567,-6.400000,5.101433,0.048938
5,mobley_7009711,-5.027309,-6.270000,1.242691,0.002904
5,mobley_8789465,-3.521874,-6.200000,2.678125,0.013487
5,mobley_2923700,-5.130775,-6.130000,0.999225,0.001878
5,mobley_4780078,-4.535986,-6.010000,1.474014,0.004086
5,mobley_5467162,-3.877100,-5.910000,2.032900,0.007771
5,mobley_6257907,-3.914463,-5.820000,1.905538,0.006828
5,mobley_7913234,-2.031646,-5.730000,3.698354,0.025721
5,mobley_5518547,-6.278331,-5.570000,0.708331,0.000943
5,mobley_4883284,-5.765763,-5.490000,0.275763,0.000143
5,mobley_5220185,-3.633870,-5.450000,1.816129,0.006202
5,mobley_3359593,-4.944491,-5.260000,0.315509,0.000187
5,mobley_4683624,-4.760151,-5.210000,0.449849,0.000381
5,mobley_1636752,-0.877773,-5.100000,4.222226,0.033523
5,mobley_2310185,-1.444868,-5.000000,3.555132,0.023767
5,mobley_3682850,-1.462041,-4.910000,3.447959,0.022356
5,mobley_1363784,-4.552718,-4.840000,0.287282,0.000155
5,mobley_2837389,-3.975247,-4.780000,0.804753,0.001218
5,mobley_9507933,-4.290095,-4.720000,0.429905,0.000348
5,mobley_296847,-3.888654,-4.690000,0.801346,0.001208
5,mobley_8208692,46.357616,-4.610000,50.967617,4.884850
5,mobley_4884177,-4.084541,-4.590000,0.505459,0.000480
5,mobley_6714389,-2.153616,-4.550000,2.396384,0.010799
5,mobley_2245668,-1.132532,-4.500000,3.367468,0.021324
5,mobley_5973402,-1.106149,-4.420000,3.313851,0.020650
5,mobley_3546460,-0.968179,-4.400000,3.431821,0.022147
5,mobley_8311303,26.092997,-4.380000,30.472997,1.746196
5,mobley_9741965,10.032139,-4.290000,14.322139,0.385725
5,mobley_4603202,-0.016683,-4.230000,4.213317,0.033382
5,mobley_628086,5.938905,-4.160000,10.098905,0.191783
5,mobley_4620651,-2.751316,-4.100000,1.348684,0.003420
5,mobley_7977115,-1.027167,-4.060000,3.032833,0.017297
5,mobley_2789243,-0.732028,-4.010000,3.277972,0.020206
5,mobley_3968739,-4.148256,-3.920000,0.228256,0.000098
5,mobley_63712,-1.991495,-3.880000,1.888505,0.006707
5,mobley_1046331,-4.886353,-3.820000,1.066353,0.002138
5,mobley_1160109,-0.829254,-3.750000,2.920746,0.016042
5,mobley_4149784,-2.206309,-3.670000,1.463691,0.004029
5,mobley_397645,-4.301642,-3.640000,0.661642,0.000823
5,mobley_4690963,-2.983387,-3.540000,0.556613,0.000583
5,mobley_1967551,-1.545796,-3.500000,1.954204,0.007181
5,mobley_6733657,80.188736,-3.440000,83.628736,13.151450
5,mobley_9565165,-3.377893,-3.350000,0.027893,0.000001
5,mobley_2487143,-0.609980,-3.280000,2.670020,0.013406
5,mobley_8449031,-1.608486,-3.220000,1.611514,0.004883
5,mobley_172879,-6.281684,-3.150000,3.131684,0.018442
5,mobley_5346580,-0.276217,-3.110000,2.833783,0.015101
5,mobley_3573480,-0.533125,-3.040000,2.506875,0.011818
5,mobley_1075836,-2.613438,-2.930000,0.316562,0.000188
5,mobley_6102880,-5.771303,-2.870000,2.901303,0.015829
5,mobley_1827204,-0.801464,-2.810000,2.008536,0.007586
5,mobley_2146331,-0.650013,-2.750000,2.099987,0.008293
5,mobley_7943327,-2.605875,-2.680000,0.074125,0.000010
5,mobley_5110043,-3.977874,-2.630000,1.347874,0.003416
5,mobley_5616693,-0.559348,-2.530000,1.970652,0.007303
5,mobley_6619554,-2.407150,-2.490000,0.082850,0.000013
5,mobley_6359156,0.818425,-2.460000,3.278425,0.020211
5,mobley_1781152,-1.367751,-2.400000,1.032249,0.002004
5,mobley_859464,-2.492251,-2.360000,0.132251,0.000033
5,mobley_7150646,-3.021961,-2.300000,0.721961,0.000980
5,mobley_1592519,-2.223997,-2.230000,0.006003,0.000000
5,mobley_5538249,8.180080,-2.160000,10.340080,0.201053
5,mobley_6911232,-1.102491,-2.100000,0.997509,0.001871
5,mobley_3269565,-0.846374,-2.010000,1.163626,0.002546
5,mobley_2484519,-1.101915,-1.930000,0.828085,0.001289
5,mobley_7690440,-1.499818,-1.830000,0.330182,0.000205
5,mobley_3802803,4.239714,-1.660000,5.899714,0.065452
5,mobley_1144156,-1.281287,-1.590000,0.308713,0.000179
5,mobley_2481002,43.173538,-1.450000,44.623538,3.744472
5,mobley_2489709,5.997204,-1.360000,7.357204,0.101786
5,mobley_5052949,-0.943577,-1.280000,0.336423,0.000213
5,mobley_2492140,41.479630,-1.230000,42.709630,3.430158
5,mobley_7542832,-0.946132,-1.160000,0.213868,0.000086
5,mobley_7814642,8.400613,-1.120000,9.520613,0.170448
5,mobley_1563176,-0.612100,-0.990000,0.377900,0.000269
5,mobley_1873346,-2.490466,-0.900000,1.590466,0.004757
5,mobley_3040612,-2.124081,-0.850000,1.274081,0.003053
5,mobley_4483973,-3.383058,-0.800000,2.583058,0.012547
5,mobley_9913368,1.157821,-0.780000,1.937821,0.007061
5,mobley_1449384,-2.300796,-0.680000,1.620796,0.004940
5,mobley_7708038,-0.125413,-0.560000,0.434587,0.000355
5,mobley_8311321,7.805679,-0.500000,8.305679,0.129722
5,mobley_766666,12.800758,-0.440000,13.240758,0.329677
5,mobley_5445548,-1.744347,-0.300000,1.444347,0.003923
5,mobley_9029594,0.238975,-0.220000,0.458975,0.000396
5,mobley_3370989,-3.046761,-0.110000,2.936761,0.016218
5,mobley_627267,-0.005687,-0.030000,0.024313,0.000001
5,mobley_6250025,0.131659,0.080000,0.051659,0.000005
5,mobley_4252724,-1.897878,0.160000,2.057878,0.007963
5,mobley_7157427,0.695397,0.290000,0.405397,0.000309
5,mobley_8885088,-1.044763,0.560000,1.604763,0.004843
5,mobley_8522124,-0.238432,0.710000,0.948432,0.001692
5,mobley_4678740,10.378826,1.070000,9.308826,0.162949
5,mobley_2689721,-0.955156,1.230000,2.185156,0.008979
5,mobley_1662128,-0.282362,1.380000,1.662362,0.005197
5,mobley_4762983,0.102080,1.660000,1.557920,0.004564
5,mobley_7732703,13.716852,1.790000,11.926852,0.267494
5,mobley_2068538,-0.228878,2.000000,2.228878,0.009342
5,mobley_5157661,0.063791,2.300000,2.236208,0.009403
5,mobley_1261349,0.813260,2.510000,1.696740,0.005414
5,mobley_2328633,-0.322897,2.550000,2.872897,0.015520
5,mobley_8436428,0.261836,2.830000,2.568164,0.012402
5,mobley_3060426,0.864276,2.930000,2.065724,0.008024
5,mobley_2197088,0.304678,3.160000,2.855322,0.015331
6,mobley_9534740,-15.297014,-25.469999,10.172985,0.194607
6,mobley_6239320,-17.812639,-18.059999,0.247360,0.000115
6,mobley_7794077,-10.735809,-15.460000,4.724191,0.041968
6,mobley_7415647,-8.046015,-11.950000,3.903985,0.028660
6,mobley_1728386,-7.727706,-11.000000,3.272294,0.020136
6,mobley_2269032,-8.939818,-10.210000,1.270182,0.003034
6,mobley_2913224,-7.900042,-9.940000,2.039958,0.007825
6,mobley_2659552,-7.306717,-9.760000,2.453283,0.011318
6,mobley_7176290,-6.248377,-9.620000,3.371623,0.021377
6,mobley_2295058,-9.693235,-9.510000,0.183235,0.000063
6,mobley_6055410,-14.998384,-9.400000,5.598385,0.058937
6,mobley_4639255,-5.623731,-9.300000,3.676270,0.025414
6,mobley_1417007,3.070063,-9.010000,12.080063,0.274411
6,mobley_6115639,-9.358179,-8.700000,0.658179,0.000815
6,mobley_6353617,-6.666780,-8.260000,1.593220,0.004773
6,mobley_2725215,-3.744850,-7.980000,4.235150,0.033729
6,mobley_7039935,-6.130986,-7.670000,1.539014,0.004454
6,mobley_4059279,-8.927300,-7.580000,1.347301,0.003413
6,mobley_951560,-10.149782,-7.400000,2.749782,0.014219
6,mobley_1922649,-5.287773,-7.190000,1.902227,0.006804
6,mobley_8798016,-7.261643,-7.000000,0.261643,0.000129
6,mobley_1858644,-4.874768,-6.790000,1.915232,0.006898
6,mobley_9114381,-5.329148,-6.720000,1.390852,0.003638
6,mobley_5311804,-4.471602,-6.620000,2.148398,0.008679
6,mobley_6743808,-6.484309,-6.500000,0.015691,0.000000
6,mobley_8789864,-3.942875,-6.400000,2.457125,0.011353
6,mobley_7009711,-6.557810,-6.270000,0.287810,0.000156
6,mobley_8789465,-5.375970,-6.200000,0.824029,0.001277
6,mobley_2923700,-6.885859,-6.130000,0.755859,0.001074
6,mobley_4780078,-5.728782,-6.010000,0.281218,0.000149
6,mobley_5467162,-5.033949,-5.910000,0.876051,0.001443
6,mobley_6257907,-6.460048,-5.820000,0.640048,0.000770
6,mobley_7913234,-3.362592,-5.730000,2.367409,0.010539
6,mobley_5518547,-7.945094,-5.570000,2.375094,0.010608
6,mobley_4883284,-7.234199,-5.490000,1.744199,0.005721
6,mobley_5220185,-6.215972,-5.450000,0.765972,0.001103
6,mobley_3359593,-6.434804,-5.260000,1.174804,0.002595
6,mobley_4683624,-6.255462,-5.210000,1.045462,0.002055
6,mobley_1636752,-1.458222,-5.100000,3.641778,0.024940
6,mobley_2310185,-2.481688,-5.000000,2.518312,0.011926
6,mobley_3682850,-2.919296,-4.910000,1.990704,0.007452
6,mobley_1363784,-5.517697,-4.840000,0.677697,0.000864
6,mobley_2837389,-5.472764,-4.780000,0.692764,0.000902
6,mobley_9507933,-5.264530,-4.720000,0.544530,0.000558
6,mobley_296847,-5.035432,-4.690000,0.345432,0.000224
6,mobley_8208692,7.012057,-4.610000,11.622057,0.253997
6,mobley_4884177,-5.193858,-4.590000,0.603858,0.000686
6,mobley_6714389,-3.074835,-4.550000,1.475165,0.004092
6,mobley_2245668,-2.041403,-4.500000,2.458597,0.011367
6,mobley_5973402,-2.080958,-4.420000,2.339042,0.010288
6,mobley_3546460,-1.251134,-4.400000,3.148867,0.018645
6,mobley_8311303,3.471295,-4.380000,7.851295,0.115916
6,mobley_9741965,-2.573369,-4.290000,1.716631,0.005541
6,mobley_4603202,-3.678881,-4.230000,0.551119,0.000571
6,mobley_628086,-4.022334,-4.160000,0.137666,0.000036
6,mobley_4620651,-3.669649,-4.100000,0.430351,0.000348
6,mobley_7977115,-1.310959,-4.060000,2.749041,0.014211
6,mobley_2789243,-4.522410,-4.010000,0.512410,0.000494
6,mobley_3968739,-4.494096,-3.920000,0.574096,0.000620
6,mobley_63712,-4.291984,-3.880000,0.411983,0.000319
6,mobley_1046331,-5.999183,-3.820000,2.179183,0.008930
6,mobley_1160109,-1.340731,-3.750000,2.409269,0.010915
6,mobley_4149784,-7.604439,-3.670000,3.934439,0.029109
6,mobley_397645,-4.991847,-3.640000,1.351847,0.003437
6,mobley_4690963,-4.680995,-3.540000,1.140995,0.002448
6,mobley_1967551,-1.913313,-3.500000,1.586687,0.004734
6,mobley_6733657,9.787271,-3.440000,13.227271,0.329005
6,mobley_9565165,-3.158720,-3.350000,0.191280,0.000069
6,mobley_2487143,-0.139756,-3.280000,3.140244,0.018543
6,mobley_8449031,-2.361015,-3.220000,0.858985,0.001388
6,mobley_172879,-7.133359,-3.150000,3.983359,0.029837
6,mobley_5346580,0.129231,-3.110000,3.239231,0.019731
6,mobley_3573480,0.118666,-3.040000,3.158666,0.018762
6,mobley_1075836,-3.275146,-2.930000,0.345146,0.000224
6,mobley_6102880,-6.151969,-2.870000,3.281969,0.020255
6,mobley_1827204,-0.447433,-2.810000,2.362567,0.010496
6,mobley_2146331,-1.144283,-2.750000,1.605717,0.004848
6,mobley_7943327,-3.277439,-2.680000,0.597439,0.000671
6,mobley_5110043,-3.792162,-2.630000,1.162162,0.002540
6,mobley_5616693,-0.557099,-2.530000,1.972901,0.007319
6,mobley_6619554,-2.444157,-2.490000,0.045843,0.000004
6,mobley_6359156,-3.812037,-2.460000,1.352037,0.003437
6,mobley_1781152,-1.104413,-2.400000,1.295588,0.003156
6,mobley_859464,-2.806487,-2.360000,0.446487,0.000375
6,mobley_7150646,-4.466394,-2.300000,2.166394,0.008825
6,mobley_1592519,-2.301357,-2.230000,0.071357,0.000010
6,mobley_5538249,-2.681382,-2.160000,0.521382,0.000511
6,mobley_6911232,-1.336245,-2.100000,0.763755,0.001097
6,mobley_3269565,-0.509889,-2.010000,1.500111,0.004232
6,mobley_2484519,-3.250716,-1.930000,1.320716,0.003280
6,mobley_7690440,-4.317472,-1.830000,2.487472,0.011635
6,mobley_3802803,-1.676328,-1.660000,0.016328,0.000001
6,mobley_1144156,-1.844108,-1.590000,0.254108,0.000121
6,mobley_2481002,6.243104,-1.450000,7.693104,0.111292
6,mobley_2489709,0.088197,-1.360000,1.448197,0.003944
6,mobley_5052949,-1.274967,-1.280000,0.005033,0.000000
6,mobley_2492140,5.999780,-1.230000,7.229780,0.098291
6,mobley_7542832,-1.539976,-1.160000,0.379976,0.000272
6,mobley_7814642,-1.023630,-1.120000,0.096370,0.000017
6,mobley_1563176,-0.719535,-0.990000,0.270465,0.000138
6,mobley_1873346,-1.822075,-0.900000,0.922075,0.001599
6,mobley_3040612,-1.500173,-0.850000,0.650173,0.000795
6,mobley_4483973,-3.838631,-0.800000,3.038631,0.017363
6,mobley_9913368,-1.489715,-0.780000,0.709715,0.000947
6,mobley_1449384,-1.650007,-0.680000,0.970007,0.001769
6,mobley_7708038,-0.251126,-0.560000,0.308874,0.000179
6,mobley_8311321,-0.149529,-0.500000,0.350471,0.000231
6,mobley_766666,1.716776,-0.440000,2.156776,0.008747
6,mobley_5445548,-0.735372,-0.300000,0.435372,0.000356
6,mobley_9029594,-0.955425,-0.220000,0.735425,0.001017
6,mobley_3370989,-5.124672,-0.110000,5.014672,0.047288
6,mobley_627267,0.182848,-0.030000,0.212848,0.000085
6,mobley_6250025,1.053302,0.080000,0.973302,0.001781
6,mobley_4252724,-0.867783,0.160000,1.027783,0.001986
6,mobley_7157427,0.204287,0.290000,0.085713,0.000014
6,mobley_8885088,-1.783293,0.560000,2.343293,0.010326
6,mobley_8522124,0.801729,0.710000,0.091729,0.000016
6,mobley_4678740,-2.572975,1.070000,3.642975,0.024956
6,mobley_2689721,-1.157262,1.230000,2.387262,0.010717
6,mobley_1662128,0.051883,1.380000,1.328117,0.003317
6,mobley_4762983,0.992610,1.660000,0.667390,0.000838
6,mobley_7732703,-0.262140,1.790000,2.052140,0.007919
6,mobley_2068538,0.296663,2.000000,1.703337,0.005456
6,mobley_5157661,0.876512,2.300000,1.423488,0.003810
6,mobley_1261349,1.674912,2.510000,0.835088,0.001311
6,mobley_2328633,0.325341,2.550000,2.224659,0.009307
6,mobley_8436428,1.593675,2.830000,1.236325,0.002874
6,mobley_3060426,2.393636,2.930000,0.536364,0.000541
6,mobley_2197088,2.025143,3.160000,1.134857,0.002422
7,mobley_9534740,-20.318140,-25.469999,5.151859,0.049910
7,mobley_6239320,-19.214769,-18.059999,1.154770,0.002508
7,mobley_7794077,-13.140165,-15.460000,2.319835,0.010120
7,mobley_7415647,-9.634466,-11.950000,2.315534,0.010082
7,mobley_1728386,-8.281878,-11.000000,2.718122,0.013893
7,mobley_2269032,-10.976089,-10.210000,0.766089,0.001104
7,mobley_2913224,-7.756540,-9.940000,2.183459,0.008965
7,mobley_2659552,-7.674441,-9.760000,2.085559,0.008179
7,mobley_7176290,-8.751879,-9.620000,0.868121,0.001417
7,mobley_2295058,-10.175143,-9.510000,0.665143,0.000832
7,mobley_6055410,-14.499197,-9.400000,5.099197,0.048895
7,mobley_4639255,-7.945079,-9.300000,1.354921,0.003452
7,mobley_1417007,-4.652415,-9.010000,4.357585,0.035707
7,mobley_6115639,-7.983178,-8.700000,0.716822,0.000966
7,mobley_6353617,-7.408938,-8.260000,0.851062,0.001362
7,mobley_2725215,-8.535089,-7.980000,0.555089,0.000579
7,mobley_7039935,-7.692603,-7.670000,0.022603,0.000001
7,mobley_4059279,-8.801180,-7.580000,1.221180,0.002804
7,mobley_951560,-11.010709,-7.400000,3.610709,0.024516
7,mobley_1922649,-8.516664,-7.190000,1.326663,0.003310
7,mobley_8798016,-7.722230,-7.000000,0.722230,0.000981
7,mobley_1858644,-7.204304,-6.790000,0.414304,0.000323
7,mobley_9114381,-4.914063,-6.720000,1.805937,0.006133
7,mobley_5311804,-6.183768,-6.620000,0.436232,0.000358
7,mobley_6743808,-7.601821,-6.500000,1.101821,0.002283
7,mobley_8789864,-5.808609,-6.400000,0.591391,0.000658
7,mobley_7009711,-7.962668,-6.270000,1.692668,0.005388
7,mobley_8789465,-5.948264,-6.200000,0.251736,0.000119
7,mobley_2923700,-8.173672,-6.130000,2.043672,0.007854
7,mobley_4780078,-7.141473,-6.010000,1.131473,0.002407
7,mobley_5467162,-6.736941,-5.910000,0.826941,0.001286
7,mobley_6257907,-6.426332,-5.820000,0.606331,0.000691
7,mobley_7913234,-6.462780,-5.730000,0.732780,0.001010
7,mobley_5518547,-8.338658,-5.570000,2.768658,0.014415
7,mobley_4883284,-7.346324,-5.490000,1.856324,0.006480
7,mobley_5220185,-6.189300,-5.450000,0.739300,0.001028
7,mobley_3359593,-7.709259,-5.260000,2.449259,0.011281
7,mobley_4683624,-7.815207,-5.210000,2.605207,0.012763
7,mobley_1636752,-2.223988,-5.100000,2.876012,0.015554
7,mobley_2310185,-4.040409,-5.000000,0.959591,0.001732
7,mobley_3682850,-3.461581,-4.910000,1.448419,0.003945
7,mobley_1363784,-6.239820,-4.840000,1.399820,0.003685
7,mobley_2837389,-5.866037,-4.780000,1.086037,0.002218
7,mobley_9507933,-6.134867,-4.720000,1.414867,0.003764
7,mobley_296847,-5.528285,-4.690000,0.838284,0.001321
7,mobley_8208692,-2.886294,-4.610000,1.723706,0.005587
7,mobley_4884177,-6.001535,-4.590000,1.411535,0.003747
7,mobley_6714389,-3.823132,-4.550000,0.726868,0.000994
7,mobley_2245668,-3.914838,-4.500000,0.585162,0.000644
7,mobley_5973402,-4.220280,-4.420000,0.199720,0.000075
7,mobley_3546460,-3.488251,-4.400000,0.911749,0.001563
7,mobley_8311303,-3.036370,-4.380000,1.343630,0.003395
7,mobley_9741965,-9.393820,-4.290000,5.103820,0.048984
7,mobley_4603202,-4.210624,-4.230000,0.019376,0.000001
7,mobley_628086,-4.147825,-4.160000,0.012175,0.000000
7,mobley_4620651,-4.236573,-4.100000,0.136573,0.000035
7,mobley_7977115,-3.924180,-4.060000,0.135820,0.000035
7,mobley_2789243,-3.935152,-4.010000,0.074849,0.000011
7,mobley_3968739,-4.674408,-3.920000,0.754408,0.001070
7,mobley_63712,-4.431557,-3.880000,0.551557,0.000572
7,mobley_1046331,-5.204130,-3.820000,1.384130,0.003603
7,mobley_1160109,-3.092842,-3.750000,0.657158,0.000812
7,mobley_4149784,-7.003848,-3.670000,3.333848,0.020900
7,mobley_397645,-5.106890,-3.640000,1.466890,0.004046
7,mobley_4690963,-6.229856,-3.540000,2.689856,0.013606
7,mobley_1967551,-2.458087,-3.500000,1.041913,0.002041
7,mobley_6733657,-6.478765,-3.440000,3.038765,0.017364
7,mobley_9565165,-4.993979,-3.350000,1.643979,0.005082
7,mobley_2487143,-1.821755,-3.280000,1.458245,0.003999
7,mobley_8449031,-3.339367,-3.220000,0.119367,0.000027
7,mobley_172879,-6.900510,-3.150000,3.750510,0.026451
7,mobley_5346580,-1.124553,-3.110000,1.985446,0.007413
7,mobley_3573480,-1.681191,-3.040000,1.358809,0.003472
7,mobley_1075836,-3.860009,-2.930000,0.930009,0.001626
7,mobley_6102880,-6.861545,-2.870000,3.991545,0.029960
7,mobley_1827204,-1.593204,-2.810000,1.216796,0.002784
7,mobley_2146331,-1.657096,-2.750000,1.092904,0.002246
7,mobley_7943327,-3.982879,-2.680000,1.302879,0.003192
7,mobley_5110043,-5.466158,-2.630000,2.836158,0.015126
7,mobley_5616693,-2.362985,-2.530000,0.167015,0.000052
7,mobley_6619554,-3.578380,-2.490000,1.088380,0.002228
7,mobley_6359156,-4.709556,-2.460000,2.249556,0.009516
7,mobley_1781152,-2.229864,-2.400000,0.170136,0.000054
7,mobley_859464,-3.702041,-2.360000,1.342041,0.003387
7,mobley_7150646,-4.727471,-2.300000,2.427471,0.011081
7,mobley_1592519,-3.591243,-2.230000,1.361243,0.003484
7,mobley_5538249,-3.816356,-2.160000,1.656356,0.005159
7,mobley_6911232,-2.314325,-2.100000,0.214325,0.000086
7,mobley_3269565,-1.600513,-2.010000,0.409487,0.000315
7,mobley_2484519,-4.192400,-1.930000,2.262400,0.009625
7,mobley_7690440,-4.038372,-1.830000,2.208372,0.009171
7,mobley_3802803,-4.962354,-1.660000,3.302354,0.020507
7,mobley_1144156,-3.063815,-1.590000,1.473815,0.004085
7,mobley_2481002,-2.163341,-1.450000,0.713341,0.000957
7,mobley_2489709,-1.799990,-1.360000,0.439990,0.000364
7,mobley_5052949,-2.391551,-1.280000,1.111551,0.002323
7,mobley_2492140,-1.939686,-1.230000,0.709686,0.000947
7,mobley_7542832,-2.911870,-1.160000,1.751871,0.005771
7,mobley_7814642,-2.840846,-1.120000,1.720846,0.005569
7,mobley_1563176,-1.651540,-0.990000,0.661540,0.000823
7,mobley_1873346,-2.693865,-0.900000,1.793865,0.006051
7,mobley_3040612,-2.456283,-0.850000,1.606283,0.004852
7,mobley_4483973,-3.581641,-0.800000,2.781641,0.014550
7,mobley_9913368,-1.909354,-0.780000,1.129354,0.002398
7,mobley_1449384,-2.898105,-0.680000,2.218105,0.009252
7,mobley_7708038,-0.878663,-0.560000,0.318663,0.000191
7,mobley_8311321,-1.558727,-0.500000,1.058727,0.002108
7,mobley_766666,-1.182965,-0.440000,0.742965,0.001038
7,mobley_5445548,-1.851770,-0.300000,1.551770,0.004528
7,mobley_9029594,-0.992430,-0.220000,0.772430,0.001122
7,mobley_3370989,-3.960455,-0.110000,3.850455,0.027880
7,mobley_627267,-0.856034,-0.030000,0.826034,0.001283
7,mobley_6250025,-0.168004,0.080000,0.248004,0.000116
7,mobley_4252724,-2.385625,0.160000,2.545625,0.012186
7,mobley_7157427,-1.167629,0.290000,1.457629,0.003995
7,mobley_8885088,-2.433266,0.560000,2.993266,0.016848
7,mobley_8522124,-0.304406,0.710000,1.014406,0.001935
7,mobley_4678740,-3.982620,1.070000,5.052620,0.048006
7,mobley_2689721,-1.027224,1.230000,2.257224,0.009581
7,mobley_1662128,-0.522817,1.380000,1.902817,0.006809
7,mobley_4762983,0.024074,1.660000,1.635926,0.005033
7,mobley_7732703,-1.290448,1.790000,3.080448,0.017844
7,mobley_2068538,-0.218815,2.000000,2.218815,0.009258
7,mobley_5157661,0.305204,2.300000,1.994796,0.007483
7,mobley_1261349,0.931812,2.510000,1.578188,0.004684
7,mobley_2328633,-0.719895,2.550000,3.269895,0.020106
7,mobley_8436428,0.655806,2.830000,2.174194,0.008889
7,mobley_3060426,1.158551,2.930000,1.771449,0.005901
7,mobley_2197088,0.799380,3.160000,2.360620,0.010479
8,mobley_9534740,-21.812958,-25.469999,3.657042,0.025149
8,mobley_6239320,-18.941206,-18.059999,0.881207,0.001460
8,mobley_7794077,-15.927484,-15.460000,0.467484,0.000411
8,mobley_7415647,-9.452853,-11.950000,2.497147,0.011726
8,mobley_1728386,-8.253290,-11.000000,2.746710,0.014187
8,mobley_2269032,-9.912608,-10.210000,0.297392,0.000166
8,mobley_2913224,-7.265096,-9.940000,2.674903,0.013455
8,mobley_2659552,-7.733870,-9.760000,2.026130,0.007720
8,mobley_7176290,-7.665394,-9.620000,1.954606,0.007184
8,mobley_2295058,-9.450126,-9.510000,0.059875,0.000007
8,mobley_6055410,-12.763949,-9.400000,3.363950,0.021280
8,mobley_4639255,-8.730787,-9.300000,0.569213,0.000609
8,mobley_1417007,-5.485853,-9.010000,3.524147,0.023355
8,mobley_6115639,-8.314342,-8.700000,0.385657,0.000280
8,mobley_6353617,-6.898973,-8.260000,1.361027,0.003483
8,mobley_2725215,-7.758172,-7.980000,0.221828,0.000093
8,mobley_7039935,-6.689527,-7.670000,0.980474,0.001808
8,mobley_4059279,-6.619882,-7.580000,0.960118,0.001733
8,mobley_951560,-9.974491,-7.400000,2.574491,0.012464
8,mobley_1922649,-8.169623,-7.190000,0.979623,0.001805
8,mobley_8798016,-7.027776,-7.000000,0.027776,0.000001
8,mobley_1858644,-6.865941,-6.790000,0.075941,0.000011
8,mobley_9114381,-4.817275,-6.720000,1.902725,0.006808
8,mobley_5311804,-5.709251,-6.620000,0.910748,0.001560
8,mobley_6743808,-6.448580,-6.500000,0.051420,0.000005
8,mobley_8789864,-4.750912,-6.400000,1.649088,0.005114
8,mobley_7009711,-6.699806,-6.270000,0.429806,0.000347
8,mobley_8789465,-5.174080,-6.200000,1.025920,0.001979
8,mobley_2923700,-6.976369,-6.130000,0.846369,0.001347
8,mobley_4780078,-5.909561,-6.010000,0.100439,0.000019
8,mobley_5467162,-5.424309,-5.910000,0.485691,0.000444
8,mobley_6257907,-5.301258,-5.820000,0.518743,0.000506
8,mobley_7913234,-6.284322,-5.730000,0.554322,0.000578
8,mobley_5518547,-6.733553,-5.570000,1.163553,0.002546
8,mobley_4883284,-6.092549,-5.490000,0.602549,0.000683
8,mobley_5220185,-5.162741,-5.450000,0.287259,0.000155
8,mobley_3359593,-6.519923,-5.260000,1.259923,0.002985
8,mobley_4683624,-6.618856,-5.210000,1.408856,0.003732
8,mobley_1636752,-2.547888,-5.100000,2.552112,0.012248
8,mobley_2310185,-4.406087,-5.000000,0.593913,0.000663
8,mobley_3682850,-3.156860,-4.910000,1.753140,0.005780
8,mobley_1363784,-5.221660,-4.840000,0.381660,0.000274
8,mobley_2837389,-5.317640,-4.780000,0.537640,0.000544
8,mobley_9507933,-5.145122,-4.720000,0.425122,0.000340
8,mobley_296847,-4.758163,-4.690000,0.068163,0.000009
8,mobley_8208692,-2.471782,-4.610000,2.138218,0.008597
8,mobley_4884177,-5.011600,-4.590000,0.421600,0.000334
8,mobley_6714389,-3.692092,-4.550000,0.857908,0.001384
8,mobley_2245668,-3.938458,-4.500000,0.561542,0.000593
8,mobley_5973402,-4.151486,-4.420000,0.268514,0.000136
8,mobley_3546460,-3.654479,-4.400000,0.745521,0.001045
8,mobley_8311303,-2.767515,-4.380000,1.612485,0.004889
8,mobley_9741965,-5.764577,-4.290000,1.474577,0.004089
8,mobley_4603202,-2.979559,-4.230000,1.250441,0.002940
8,mobley_628086,-3.903576,-4.160000,0.256424,0.000124
8,mobley_4620651,-4.072154,-4.100000,0.027846,0.000001
8,mobley_7977115,-4.043833,-4.060000,0.016167,0.000000
8,mobley_2789243,-3.002155,-4.010000,1.007845,0.001910
8,mobley_3968739,-4.085103,-3.920000,0.165102,0.000051
8,mobley_63712,-3.121999,-3.880000,0.758001,0.001080
8,mobley_1046331,-4.298842,-3.820000,0.478842,0.000431
8,mobley_1160109,-2.466162,-3.750000,1.283838,0.003099
8,mobley_4149784,-4.228166,-3.670000,0.558166,0.000586
8,mobley_397645,-4.025739,-3.640000,0.385739,0.000280
8,mobley_4690963,-4.857811,-3.540000,1.317811,0.003266
8,mobley_1967551,-2.463683,-3.500000,1.036317,0.002020
8,mobley_6733657,-4.180923,-3.440000,0.740923,0.001032
8,mobley_9565165,-3.657691,-3.350000,0.307691,0.000178
8,mobley_2487143,-1.834016,-3.280000,1.445984,0.003932
8,mobley_8449031,-2.308810,-3.220000,0.911191,0.001561
8,mobley_172879,-4.726533,-3.150000,1.576533,0.004674
8,mobley_5346580,-0.792040,-3.110000,2.317960,0.010104
8,mobley_3573480,-1.705292,-3.040000,1.334708,0.003350
8,mobley_1075836,-3.721759,-2.930000,0.791759,0.001179
8,mobley_6102880,-5.092244,-2.870000,2.222244,0.009286
8,mobley_1827204,-1.400699,-2.810000,1.409301,0.003735
8,mobley_2146331,-1.322043,-2.750000,1.427957,0.003834
8,mobley_7943327,-3.434660,-2.680000,0.754660,0.001071
8,mobley_5110043,-3.749371,-2.630000,1.119371,0.002356
8,mobley_5616693,-1.759390,-2.530000,0.770610,0.001117
8,mobley_6619554,-2.924063,-2.490000,0.434063,0.000354
8,mobley_6359156,-3.440330,-2.460000,0.980330,0.001807
8,mobley_1781152,-1.846969,-2.400000,0.553031,0.000575
8,mobley_859464,-2.944014,-2.360000,0.584014,0.000641
8,mobley_7150646,-2.836298,-2.300000,0.536298,0.000541
8,mobley_1592519,-2.950310,-2.230000,0.720310,0.000976
8,mobley_5538249,-1.761343,-2.160000,0.398657,0.000299
8,mobley_6911232,-1.716002,-2.100000,0.383997,0.000277
8,mobley_3269565,-1.105705,-2.010000,0.904295,0.001538
8,mobley_2484519,-3.155075,-1.930000,1.225075,0.002822
8,mobley_7690440,-3.304639,-1.830000,1.474639,0.004089
8,mobley_3802803,-2.322650,-1.660000,0.662650,0.000826
8,mobley_1144156,-2.192642,-1.590000,0.602642,0.000683
8,mobley_2481002,-1.601921,-1.450000,0.151921,0.000043
8,mobley_2489709,-1.467904,-1.360000,0.107904,0.000022
8,mobley_5052949,-1.517479,-1.280000,0.237479,0.000106
8,mobley_2492140,-2.150148,-1.230000,0.920148,0.001592
8,mobley_7542832,-2.094490,-1.160000,0.934490,0.001642
8,mobley_7814642,-2.157438,-1.120000,1.037438,0.002024
8,mobley_1563176,-1.139565,-0.990000,0.149565,0.000042
8,mobley_1873346,-1.697609,-0.900000,0.797609,0.001196
8,mobley_3040612,-1.326720,-0.850000,0.476720,0.000427
8,mobley_4483973,-3.314143,-0.800000,2.514143,0.011886
8,mobley_9913368,-2.019158,-0.780000,1.239158,0.002887
8,mobley_1449384,-1.551134,-0.680000,0.871134,0.001427
8,mobley_7708038,-0.417949,-0.560000,0.142051,0.000038
8,mobley_8311321,0.686770,-0.500000,1.186770,0.002648
8,mobley_766666,-0.339188,-0.440000,0.100812,0.000019
8,mobley_5445548,-0.880499,-0.300000,0.580499,0.000634
8,mobley_9029594,-1.218555,-0.220000,0.998555,0.001875
8,mobley_3370989,-2.380660,-0.110000,2.270660,0.009695
8,mobley_627267,-0.309185,-0.030000,0.279185,0.000147
8,mobley_6250025,0.190641,0.080000,0.110641,0.000023
8,mobley_4252724,-1.178669,0.160000,1.338669,0.003370
8,mobley_7157427,-0.413501,0.290000,0.703501,0.000931
8,mobley_8885088,-1.934654,0.560000,2.494654,0.011703
8,mobley_8522124,0.395138,0.710000,0.314862,0.000186
8,mobley_4678740,-5.987332,1.070000,7.057332,0.093658
8,mobley_2689721,-0.313871,1.230000,1.543871,0.004482
8,mobley_1662128,0.051273,1.380000,1.328727,0.003320
8,mobley_4762983,0.726654,1.660000,0.933346,0.001638
8,mobley_7732703,-2.413792,1.790000,4.203792,0.033231
8,mobley_2068538,0.240399,2.000000,1.759601,0.005822
8,mobley_5157661,0.905677,2.300000,1.394323,0.003656
8,mobley_1261349,1.758542,2.510000,0.751458,0.001062
8,mobley_2328633,0.090066,2.550000,2.459934,0.011379
8,mobley_8436428,1.523417,2.830000,1.306583,0.003210
8,mobley_3060426,2.300605,2.930000,0.629395,0.000745
8,mobley_2197088,1.615824,3.160000,1.544176,0.004484
9,mobley_9534740,-23.310823,-25.469999,2.159176,0.008767
9,mobley_6239320,-19.335257,-18.059999,1.275257,0.003058
9,mobley_7794077,-12.626973,-15.460000,2.833027,0.015093
9,mobley_7415647,-10.752702,-11.950000,1.197298,0.002696
9,mobley_1728386,-8.784208,-11.000000,2.215792,0.009233
9,mobley_2269032,-10.025932,-10.210000,0.184068,0.000064
9,mobley_2913224,-7.426782,-9.940000,2.513218,0.011877
9,mobley_2659552,-8.136960,-9.760000,1.623040,0.004954
9,mobley_7176290,-8.987824,-9.620000,0.632175,0.000752
9,mobley_2295058,-9.617462,-9.510000,0.107462,0.000022
9,mobley_6055410,-13.051545,-9.400000,3.651546,0.025074
9,mobley_4639255,-9.618732,-9.300000,0.318732,0.000191
9,mobley_1417007,-3.998635,-9.010000,5.011366,0.047225
9,mobley_6115639,-10.207194,-8.700000,1.507195,0.004272
9,mobley_6353617,-7.519908,-8.260000,0.740092,0.001030
9,mobley_2725215,-8.449926,-7.980000,0.469926,0.000415
9,mobley_7039935,-6.663575,-7.670000,1.006425,0.001905
9,mobley_4059279,-7.292628,-7.580000,0.287372,0.000155
9,mobley_951560,-10.011521,-7.400000,2.611521,0.012825
9,mobley_1922649,-9.534138,-7.190000,2.344138,0.010333
9,mobley_8798016,-7.595898,-7.000000,0.595898,0.000668
9,mobley_1858644,-7.169868,-6.790000,0.379869,0.000271
9,mobley_9114381,-5.471020,-6.720000,1.248980,0.002933
9,mobley_5311804,-5.838795,-6.620000,0.781205,0.001148
9,mobley_6743808,-6.936691,-6.500000,0.436691,0.000359
9,mobley_8789864,-5.772563,-6.400000,0.627437,0.000740
9,mobley_7009711,-7.053981,-6.270000,0.783981,0.001156
9,mobley_8789465,-5.410287,-6.200000,0.789713,0.001173
9,mobley_2923700,-7.228945,-6.130000,1.098945,0.002271
9,mobley_4780078,-6.303305,-6.010000,0.293305,0.000162
9,mobley_5467162,-5.700567,-5.910000,0.209433,0.000082
9,mobley_6257907,-5.826878,-5.820000,0.006878,0.000000
9,mobley_7913234,-6.777841,-5.730000,1.047841,0.002065
9,mobley_5518547,-7.199381,-5.570000,1.629381,0.004992
9,mobley_4883284,-6.550862,-5.490000,1.060863,0.002116
9,mobley_5220185,-5.538638,-5.450000,0.088638,0.000015
9,mobley_3359593,-6.591309,-5.260000,1.331308,0.003333
9,mobley_4683624,-6.933047,-5.210000,1.723047,0.005583
9,mobley_1636752,-3.463331,-5.100000,1.636669,0.005037
9,mobley_2310185,-5.073620,-5.000000,0.073620,0.000010
9,mobley_3682850,-3.312409,-4.910000,1.597590,0.004799
9,mobley_1363784,-5.431713,-4.840000,0.591712,0.000658
9,mobley_2837389,-5.675597,-4.780000,0.895597,0.001508
9,mobley_9507933,-5.498643,-4.720000,0.778644,0.001140
9,mobley_296847,-5.120168,-4.690000,0.430168,0.000348
9,mobley_8208692,-2.780167,-4.610000,1.829833,0.006296
9,mobley_4884177,-5.300622,-4.590000,0.710622,0.000950
9,mobley_6714389,-4.485436,-4.550000,0.064564,0.000008
9,mobley_2245668,-4.442497,-4.500000,0.057503,0.000006
9,mobley_5973402,-4.756529,-4.420000,0.336529,0.000213
9,mobley_3546460,-4.274296,-4.400000,0.125704,0.000030
9,mobley_8311303,-3.264030,-4.380000,1.115970,0.002342
9,mobley_9741965,-7.908195,-4.290000,3.618195,0.024618
9,mobley_4603202,-3.120600,-4.230000,1.109401,0.002314
9,mobley_628086,-3.648209,-4.160000,0.511791,0.000493
9,mobley_4620651,-4.117465,-4.100000,0.017465,0.000001
9,mobley_7977115,-4.674375,-4.060000,0.614375,0.000710
9,mobley_2789243,-3.497057,-4.010000,0.512943,0.000495
9,mobley_3968739,-3.790537,-3.920000,0.129463,0.000032
9,mobley_63712,-3.490232,-3.880000,0.389769,0.000286
9,mobley_1046331,-4.168382,-3.820000,0.348382,0.000228
9,mobley_1160109,-2.738512,-3.750000,1.011488,0.001924
9,mobley_4149784,-4.345697,-3.670000,0.675697,0.000859
9,mobley_397645,-3.585392,-3.640000,0.054608,0.000006
9,mobley_4690963,-4.963899,-3.540000,1.423899,0.003813
9,mobley_1967551,-2.857719,-3.500000,0.642281,0.000776
9,mobley_6733657,-4.394763,-3.440000,0.954763,0.001714
9,mobley_9565165,-3.350619,-3.350000,0.000619,0.000000
9,mobley_2487143,-2.468497,-3.280000,0.811503,0.001238
9,mobley_8449031,-2.372739,-3.220000,0.847261,0.001350
9,mobley_172879,-4.225721,-3.150000,1.075721,0.002176
9,mobley_5346580,-1.207792,-3.110000,1.902208,0.006804
9,mobley_3573480,-2.307374,-3.040000,0.732626,0.001009
9,mobley_1075836,-3.801720,-2.930000,0.871720,0.001429
9,mobley_6102880,-4.717541,-2.870000,1.847541,0.006419
9,mobley_1827204,-1.693996,-2.810000,1.116004,0.002342
9,mobley_2146331,-1.673845,-2.750000,1.076155,0.002178
9,mobley_7943327,-3.375545,-2.680000,0.695544,0.000910
9,mobley_5110043,-3.532884,-2.630000,0.902884,0.001533
9,mobley_5616693,-1.935310,-2.530000,0.594690,0.000665
9,mobley_6619554,-2.931616,-2.490000,0.441616,0.000367
9,mobley_6359156,-3.166598,-2.460000,0.706598,0.000939
9,mobley_1781152,-1.849246,-2.400000,0.550754,0.000570
9,mobley_859464,-3.176888,-2.360000,0.816889,0.001255
9,mobley_7150646,-2.428717,-2.300000,0.128717,0.000031
9,mobley_1592519,-3.359810,-2.230000,1.129810,0.002400
9,mobley_5538249,-0.961396,-2.160000,1.198604,0.002702
9,mobley_6911232,-1.810881,-2.100000,0.289119,0.000157
9,mobley_3269565,-1.356153,-2.010000,0.653847,0.000804
9,mobley_2484519,-2.829380,-1.930000,0.899380,0.001521
9,mobley_7690440,-5.568473,-1.830000,3.738473,0.026282
9,mobley_3802803,-3.641162,-1.660000,1.981162,0.007381
9,mobley_1144156,-2.251272,-1.590000,0.661272,0.000822
9,mobley_2481002,-2.127706,-1.450000,0.677706,0.000864
9,mobley_2489709,-1.677683,-1.360000,0.317683,0.000190
9,mobley_5052949,-1.923520,-1.280000,0.643520,0.000779
9,mobley_2492140,-1.942610,-1.230000,0.712610,0.000955
9,mobley_7542832,-1.946394,-1.160000,0.786394,0.001163
9,mobley_7814642,-2.422113,-1.120000,1.302113,0.003188
9,mobley_1563176,-1.413807,-0.990000,0.423807,0.000338
9,mobley_1873346,-1.456666,-0.900000,0.556666,0.000583
9,mobley_3040612,-1.062954,-0.850000,0.212954,0.000085
9,mobley_4483973,-2.832019,-0.800000,2.032019,0.007765
9,mobley_9913368,-1.755543,-0.780000,0.975543,0.001790
9,mobley_1449384,-1.320804,-0.680000,0.640804,0.000772
9,mobley_7708038,-0.662209,-0.560000,0.102209,0.000020
9,mobley_8311321,-0.278214,-0.500000,0.221786,0.000092
9,mobley_766666,-1.007922,-0.440000,0.567922,0.000607
9,mobley_5445548,-0.586262,-0.300000,0.286262,0.000154
9,mobley_9029594,-1.344978,-0.220000,1.124978,0.002380
9,mobley_3370989,-3.458093,-0.110000,3.348093,0.021079
9,mobley_627267,-0.614568,-0.030000,0.584568,0.000643
9,mobley_6250025,0.092617,0.080000,0.012617,0.000000
9,mobley_4252724,-0.938315,0.160000,1.098315,0.002268
9,mobley_7157427,-0.451720,0.290000,0.741720,0.001035
9,mobley_8885088,-1.874979,0.560000,2.434979,0.011149
9,mobley_8522124,0.358336,0.710000,0.351664,0.000233
9,mobley_4678740,-0.703286,1.070000,1.773286,0.005913
9,mobley_2689721,-0.069969,1.230000,1.299969,0.003178
9,mobley_1662128,0.144972,1.380000,1.235028,0.002868
9,mobley_4762983,0.804243,1.660000,0.855757,0.001377
9,mobley_7732703,0.336953,1.790000,1.453047,0.003970
9,mobley_2068538,0.293724,2.000000,1.706276,0.005475
9,mobley_5157661,0.902665,2.300000,1.397335,0.003672
9,mobley_1261349,1.761122,2.510000,0.748878,0.001055
9,mobley_2328633,0.400312,2.550000,2.149688,0.008690
9,mobley_8436428,1.618368,2.830000,1.211632,0.002761
9,mobley_3060426,2.331069,2.930000,0.598932,0.000675
9,mobley_2197088,1.772416,3.160000,1.387584,0.003621
10,mobley_9534740,-24.056883,-25.469999,1.413116,0.003755
10,mobley_6239320,-21.263227,-18.059999,3.203228,0.019295
10,mobley_7794077,-13.569770,-15.460000,1.890230,0.006719
10,mobley_7415647,-11.498589,-11.950000,0.451411,0.000383
10,mobley_1728386,-9.596088,-11.000000,1.403912,0.003706
10,mobley_2269032,-10.476074,-10.210000,0.266074,0.000133
10,mobley_2913224,-7.755402,-9.940000,2.184598,0.008974
10,mobley_2659552,-8.326243,-9.760000,1.433757,0.003866
10,mobley_7176290,-9.231608,-9.620000,0.388391,0.000284
10,mobley_2295058,-9.383665,-9.510000,0.126335,0.000030
10,mobley_6055410,-13.344104,-9.400000,3.944104,0.029252
10,mobley_4639255,-9.661834,-9.300000,0.361834,0.000246
10,mobley_1417007,-4.701140,-9.010000,4.308860,0.034913
10,mobley_6115639,-11.588346,-8.700000,2.888347,0.015688
10,mobley_6353617,-7.651663,-8.260000,0.608337,0.000696
10,mobley_2725215,-10.347103,-7.980000,2.367103,0.010537
10,mobley_7039935,-6.995329,-7.670000,0.674671,0.000856
10,mobley_4059279,-6.787519,-7.580000,0.792481,0.001181
10,mobley_951560,-9.576056,-7.400000,2.176056,0.008904
10,mobley_1922649,-11.111389,-7.190000,3.921389,0.028916
10,mobley_8798016,-7.594918,-7.000000,0.594918,0.000666
10,mobley_1858644,-7.490766,-6.790000,0.700766,0.000923
10,mobley_9114381,-5.504094,-6.720000,1.215906,0.002780
10,mobley_5311804,-6.029692,-6.620000,0.590308,0.000655
10,mobley_6743808,-6.456613,-6.500000,0.043387,0.000004
10,mobley_8789864,-5.725889,-6.400000,0.674111,0.000855
10,mobley_7009711,-6.365443,-6.270000,0.095443,0.000017
10,mobley_8789465,-5.383937,-6.200000,0.816063,0.001252
10,mobley_2923700,-6.956160,-6.130000,0.826159,0.001283
10,mobley_4780078,-5.784577,-6.010000,0.225423,0.000096
10,mobley_5467162,-5.510095,-5.910000,0.399905,0.000301
10,mobley_6257907,-6.063121,-5.820000,0.243121,0.000111
10,mobley_7913234,-6.386220,-5.730000,0.656219,0.000810
10,mobley_5518547,-6.543639,-5.570000,0.973639,0.001783
10,mobley_4883284,-6.266246,-5.490000,0.776246,0.001133
10,mobley_5220185,-5.519032,-5.450000,0.069032,0.000009
10,mobley_3359593,-6.293762,-5.260000,1.033762,0.002010
10,mobley_4683624,-6.668048,-5.210000,1.458048,0.003998
10,mobley_1636752,-3.338243,-5.100000,1.761757,0.005837
10,mobley_2310185,-4.961042,-5.000000,0.038958,0.000003
10,mobley_3682850,-3.132889,-4.910000,1.777111,0.005939
10,mobley_1363784,-4.976361,-4.840000,0.136361,0.000035
10,mobley_2837389,-5.609097,-4.780000,0.829097,0.001293
10,mobley_9507933,-5.118060,-4.720000,0.398060,0.000298
10,mobley_296847,-5.167240,-4.690000,0.477240,0.000428
10,mobley_8208692,-3.269368,-4.610000,1.340632,0.003380
10,mobley_4884177,-5.222068,-4.590000,0.632068,0.000751
10,mobley_6714389,-4.199189,-4.550000,0.350811,0.000231
10,mobley_2245668,-4.255472,-4.500000,0.244528,0.000112
10,mobley_5973402,-4.582884,-4.420000,0.162884,0.000050
10,mobley_3546460,-4.113034,-4.400000,0.286966,0.000155
10,mobley_8311303,-4.274839,-4.380000,0.105161,0.000021
10,mobley_9741965,-6.803576,-4.290000,2.513576,0.011881
10,mobley_4603202,-3.050637,-4.230000,1.179363,0.002616
10,mobley_628086,-2.703173,-4.160000,1.456827,0.003991
10,mobley_4620651,-3.883482,-4.100000,0.216518,0.000088
10,mobley_7977115,-4.317188,-4.060000,0.257188,0.000124
10,mobley_2789243,-3.645301,-4.010000,0.364700,0.000250
10,mobley_3968739,-3.840171,-3.920000,0.079829,0.000012
10,mobley_63712,-3.006786,-3.880000,0.873214,0.001434
10,mobley_1046331,-4.189250,-3.820000,0.369250,0.000256
10,mobley_1160109,-2.469203,-3.750000,1.280797,0.003085
10,mobley_4149784,-4.518966,-3.670000,0.848966,0.001355
10,mobley_397645,-3.629062,-3.640000,0.010938,0.000000
10,mobley_4690963,-4.415723,-3.540000,0.875723,0.001442
10,mobley_1967551,-2.796881,-3.500000,0.703119,0.000930
10,mobley_6733657,-5.786301,-3.440000,2.346301,0.010352
10,mobley_9565165,-3.925768,-3.350000,0.575768,0.000623
10,mobley_2487143,-2.658133,-3.280000,0.621867,0.000727
10,mobley_8449031,-2.084200,-3.220000,1.135800,0.002426
10,mobley_172879,-4.167134,-3.150000,1.017134,0.001945
10,mobley_5346580,-0.965452,-3.110000,2.144548,0.008648
10,mobley_3573480,-2.441863,-3.040000,0.598137,0.000673
10,mobley_1075836,-3.587045,-2.930000,0.657045,0.000812
10,mobley_6102880,-4.981812,-2.870000,2.111812,0.008386
10,mobley_1827204,-1.672629,-2.810000,1.137371,0.002433
10,mobley_2146331,-1.473850,-2.750000,1.276150,0.003062
10,mobley_7943327,-3.196317,-2.680000,0.516317,0.000501
10,mobley_5110043,-3.332672,-2.630000,0.702672,0.000928
10,mobley_5616693,-1.763120,-2.530000,0.766880,0.001106
10,mobley_6619554,-2.744416,-2.490000,0.254416,0.000122
10,mobley_6359156,-4.415471,-2.460000,1.955471,0.007191
10,mobley_1781152,-1.586936,-2.400000,0.813064,0.001243
10,mobley_859464,-2.914654,-2.360000,0.554654,0.000579
10,mobley_7150646,-2.414467,-2.300000,0.114467,0.000025
10,mobley_1592519,-3.171541,-2.230000,0.941541,0.001667
10,mobley_5538249,-2.434295,-2.160000,0.274295,0.000141
10,mobley_6911232,-1.420885,-2.100000,0.679114,0.000867
10,mobley_3269565,-0.845731,-2.010000,1.164269,0.002549
10,mobley_2484519,-3.063628,-1.930000,1.133628,0.002417
10,mobley_7690440,-4.602953,-1.830000,2.772953,0.014459
10,mobley_3802803,-2.405549,-1.660000,0.745549,0.001045
10,mobley_1144156,-1.820371,-1.590000,0.230371,0.000100
10,mobley_2481002,-1.727360,-1.450000,0.277360,0.000145
10,mobley_2489709,-1.885492,-1.360000,0.525492,0.000519
10,mobley_5052949,-1.496779,-1.280000,0.216779,0.000088
10,mobley_2492140,-1.699519,-1.230000,0.469519,0.000415
10,mobley_7542832,-1.389531,-1.160000,0.229531,0.000099
10,mobley_7814642,-2.816789,-1.120000,1.696789,0.005414
10,mobley_1563176,-1.109442,-0.990000,0.119442,0.000027
10,mobley_1873346,-1.322769,-0.900000,0.422769,0.000336
10,mobley_3040612,-0.970812,-0.850000,0.120812,0.000027
10,mobley_4483973,-2.846428,-0.800000,2.046428,0.007875
10,mobley_9913368,-1.829014,-0.780000,1.049014,0.002069
10,mobley_1449384,-1.064447,-0.680000,0.384447,0.000278
10,mobley_7708038,-0.610444,-0.560000,0.050444,0.000005
10,mobley_8311321,0.744085,-0.500000,1.244085,0.002910
10,mobley_766666,-0.698373,-0.440000,0.258373,0.000126
10,mobley_5445548,-0.724229,-0.300000,0.424229,0.000338
10,mobley_9029594,-1.208496,-0.220000,0.988496,0.001837
10,mobley_3370989,-3.027469,-0.110000,2.917469,0.016006
10,mobley_627267,-0.495018,-0.030000,0.465018,0.000407
10,mobley_6250025,0.175200,0.080000,0.095200,0.000017
10,mobley_4252724,-1.062787,0.160000,1.222787,0.002812
10,mobley_7157427,-0.175958,0.290000,0.465958,0.000408
10,mobley_8885088,-1.660214,0.560000,2.220214,0.009269
10,mobley_8522124,0.512866,0.710000,0.197134,0.000073
10,mobley_4678740,0.411167,1.070000,0.658833,0.000816
10,mobley_2689721,0.303064,1.230000,0.926936,0.001616
10,mobley_1662128,0.470592,1.380000,0.909408,0.001555
10,mobley_4762983,1.185770,1.660000,0.474230,0.000423
10,mobley_7732703,1.206470,1.790000,0.583530,0.000640
10,mobley_2068538,0.538547,2.000000,1.461453,0.004016
10,mobley_5157661,1.149665,2.300000,1.150335,0.002488
10,mobley_1261349,2.105435,2.510000,0.404565,0.000308
10,mobley_2328633,0.839512,2.550000,1.710488,0.005502
10,mobley_8436428,1.989223,2.830000,0.840777,0.001329
10,mobley_3060426,2.767730,2.930000,0.162271,0.000050
10,mobley_2197088,2.202404,3.160000,0.957596,0.001724
11,mobley_9534740,-22.918159,-25.469999,2.551840,0.012245
11,mobley_6239320,-19.955471,-18.059999,1.895472,0.006756
11,mobley_7794077,-13.133117,-15.460000,2.326883,0.010182
11,mobley_7415647,-11.653285,-11.950000,0.296715,0.000166
11,mobley_1728386,-9.253401,-11.000000,1.746599,0.005737
11,mobley_2269032,-10.023555,-10.210000,0.186445,0.000065
11,mobley_2913224,-6.828662,-9.940000,3.111338,0.018204
11,mobley_2659552,-8.828003,-9.760000,0.931997,0.001633
11,mobley_7176290,-8.449612,-9.620000,1.170388,0.002576
11,mobley_2295058,-8.776012,-9.510000,0.733988,0.001013
11,mobley_6055410,-11.834964,-9.400000,2.434964,0.011149
11,mobley_4639255,-9.753937,-9.300000,0.453937,0.000387
11,mobley_1417007,-4.161714,-9.010000,4.848286,0.044202
11,mobley_6115639,-11.876301,-8.700000,3.176301,0.018972
11,mobley_6353617,-7.543653,-8.260000,0.716348,0.000965
11,mobley_2725215,-10.188577,-7.980000,2.208577,0.009172
11,mobley_7039935,-6.229998,-7.670000,1.440002,0.003899
11,mobley_4059279,-7.513760,-7.580000,0.066240,0.000008
11,mobley_951560,-9.671870,-7.400000,2.271870,0.009706
11,mobley_1922649,-10.466244,-7.190000,3.276244,0.020184
11,mobley_8798016,-7.265390,-7.000000,0.265390,0.000132
11,mobley_1858644,-7.135331,-6.790000,0.345331,0.000224
11,mobley_9114381,-5.528677,-6.720000,1.191323,0.002669
11,mobley_5311804,-5.615903,-6.620000,1.004097,0.001896
11,mobley_6743808,-6.273748,-6.500000,0.226252,0.000096
11,mobley_8789864,-6.226691,-6.400000,0.173309,0.000056
11,mobley_7009711,-6.019252,-6.270000,0.250748,0.000118
11,mobley_8789465,-4.834060,-6.200000,1.365940,0.003509
11,mobley_2923700,-6.463959,-6.130000,0.333959,0.000210
11,mobley_4780078,-5.573417,-6.010000,0.436584,0.000358
11,mobley_5467162,-5.205927,-5.910000,0.704073,0.000932
11,mobley_6257907,-5.587876,-5.820000,0.232124,0.000101
11,mobley_7913234,-6.500005,-5.730000,0.770005,0.001115
11,mobley_5518547,-6.008539,-5.570000,0.438539,0.000362
11,mobley_4883284,-5.637337,-5.490000,0.147337,0.000041
11,mobley_5220185,-5.361284,-5.450000,0.088716,0.000015
11,mobley_3359593,-5.943693,-5.260000,0.683692,0.000879
11,mobley_4683624,-6.178387,-5.210000,0.968387,0.001763
11,mobley_1636752,-3.499608,-5.100000,1.600392,0.004816
11,mobley_2310185,-5.200795,-5.000000,0.200795,0.000076
11,mobley_3682850,-3.527164,-4.910000,1.382836,0.003596
11,mobley_1363784,-4.933964,-4.840000,0.093964,0.000017
11,mobley_2837389,-5.323414,-4.780000,0.543414,0.000555
11,mobley_9507933,-5.046213,-4.720000,0.326213,0.000200
11,mobley_296847,-4.871791,-4.690000,0.181791,0.000062
11,mobley_8208692,-2.892911,-4.610000,1.717089,0.005544
11,mobley_4884177,-5.005385,-4.590000,0.415385,0.000324
11,mobley_6714389,-4.361151,-4.550000,0.188849,0.000067
11,mobley_2245668,-4.387205,-4.500000,0.112795,0.000024
11,mobley_5973402,-4.753315,-4.420000,0.333315,0.000209
11,mobley_3546460,-4.233950,-4.400000,0.166050,0.000052
11,mobley_8311303,-3.843756,-4.380000,0.536244,0.000541
11,mobley_9741965,-6.033680,-4.290000,1.743680,0.005717
11,mobley_4603202,-3.004672,-4.230000,1.225328,0.002823
11,mobley_628086,-3.545379,-4.160000,0.614621,0.000710
11,mobley_4620651,-4.050369,-4.100000,0.049631,0.000005
11,mobley_7977115,-4.533678,-4.060000,0.473678,0.000422
11,mobley_2789243,-3.431699,-4.010000,0.578301,0.000629
11,mobley_3968739,-3.283067,-3.920000,0.636933,0.000763
11,mobley_63712,-3.497911,-3.880000,0.382089,0.000275
11,mobley_1046331,-3.528197,-3.820000,0.291803,0.000160
11,mobley_1160109,-2.814496,-3.750000,0.935504,0.001646
11,mobley_4149784,-3.860289,-3.670000,0.190289,0.000068
11,mobley_397645,-3.137364,-3.640000,0.502636,0.000475
11,mobley_4690963,-4.751490,-3.540000,1.211490,0.002760
11,mobley_1967551,-2.992953,-3.500000,0.507047,0.000483
11,mobley_6733657,-5.146785,-3.440000,1.706785,0.005478
11,mobley_9565165,-3.166324,-3.350000,0.183676,0.000063
11,mobley_2487143,-3.089060,-3.280000,0.190940,0.000069
11,mobley_8449031,-2.562673,-3.220000,0.657327,0.000813
11,mobley_172879,-3.198563,-3.150000,0.048563,0.000004
11,mobley_5346580,-1.386595,-3.110000,1.723404,0.005585
11,mobley_3573480,-2.861773,-3.040000,0.178226,0.000060
11,mobley_1075836,-3.743421,-2.930000,0.813421,0.001244
11,mobley_6102880,-4.042031,-2.870000,1.172031,0.002583
11,mobley_1827204,-1.960796,-2.810000,0.849204,0.001356
11,mobley_2146331,-1.531230,-2.750000,1.218770,0.002793
11,mobley_7943327,-3.299745,-2.680000,0.619745,0.000722
11,mobley_5110043,-2.801332,-2.630000,0.171332,0.000055
11,mobley_5616693,-2.053596,-2.530000,0.476404,0.000427
11,mobley_6619554,-2.749444,-2.490000,0.259444,0.000127
11,mobley_6359156,-3.919676,-2.460000,1.459676,0.004007
11,mobley_1781152,-1.931149,-2.400000,0.468851,0.000413
11,mobley_859464,-2.998213,-2.360000,0.638213,0.000766
11,mobley_7150646,-1.920424,-2.300000,0.379576,0.000271
11,mobley_1592519,-3.209892,-2.230000,0.979892,0.001806
11,mobley_5538249,-1.657819,-2.160000,0.502182,0.000474
11,mobley_6911232,-1.657855,-2.100000,0.442145,0.000368
11,mobley_3269565,-1.170342,-2.010000,0.839658,0.001326
11,mobley_2484519,-2.737891,-1.930000,0.807891,0.001227
11,mobley_7690440,-5.325263,-1.830000,3.495263,0.022973
11,mobley_3802803,-1.882377,-1.660000,0.222377,0.000093
11,mobley_1144156,-2.060583,-1.590000,0.470583,0.000416
11,mobley_2481002,-1.433782,-1.450000,0.016218,0.000000
11,mobley_2489709,-1.790844,-1.360000,0.430844,0.000349
11,mobley_5052949,-1.718078,-1.280000,0.438078,0.000361
11,mobley_2492140,-2.032117,-1.230000,0.802117,0.001210
11,mobley_7542832,-1.633798,-1.160000,0.473798,0.000422
11,mobley_7814642,-2.783983,-1.120000,1.663983,0.005207
11,mobley_1563176,-1.254197,-0.990000,0.264197,0.000131
11,mobley_1873346,-0.898058,-0.900000,0.001942,0.000000
11,mobley_3040612,-0.724022,-0.850000,0.125978,0.000030
11,mobley_4483973,-2.383124,-0.800000,1.583124,0.004713
11,mobley_9913368,-1.808284,-0.780000,1.028284,0.001988
11,mobley_1449384,-0.772014,-0.680000,0.092014,0.000016
11,mobley_7708038,-0.699483,-0.560000,0.139483,0.000037
11,mobley_8311321,0.291761,-0.500000,0.791761,0.001179
11,mobley_766666,-0.619264,-0.440000,0.179264,0.000060
11,mobley_5445548,-0.321231,-0.300000,0.021231,0.000001
11,mobley_9029594,-1.231047,-0.220000,1.011047,0.001922
11,mobley_3370989,-3.124524,-0.110000,3.014524,0.017088
11,mobley_627267,-0.619790,-0.030000,0.589790,0.000654
11,mobley_6250025,0.222759,0.080000,0.142759,0.000038
11,mobley_4252724,-0.623131,0.160000,0.783131,0.001153
11,mobley_7157427,-0.241505,0.290000,0.531505,0.000531
11,mobley_8885088,-1.632691,0.560000,2.192691,0.009041
11,mobley_8522124,0.707484,0.710000,0.002516,0.000000
11,mobley_4678740,-0.676859,1.070000,1.746859,0.005738
11,mobley_2689721,0.340979,1.230000,0.889021,0.001486
11,mobley_1662128,0.564581,1.380000,0.815419,0.001250
11,mobley_4762983,1.373062,1.660000,0.286938,0.000155
11,mobley_7732703,0.513610,1.790000,1.276390,0.003064
11,mobley_2068538,0.597712,2.000000,1.402288,0.003698
11,mobley_5157661,1.206047,2.300000,1.093953,0.002250
11,mobley_1261349,2.070628,2.510000,0.439372,0.000363
11,mobley_2328633,0.896225,2.550000,1.653775,0.005143
11,mobley_8436428,2.053185,2.830000,0.776814,0.001135
11,mobley_3060426,2.663169,2.930000,0.266831,0.000134
11,mobley_2197088,2.328574,3.160000,0.831426,0.001300
12,mobley_9534740,-22.059343,-25.469999,3.410656,0.021875
12,mobley_6239320,-20.069746,-18.059999,2.009747,0.007595
12,mobley_7794077,-13.640283,-15.460000,1.819717,0.006227
12,mobley_7415647,-11.107453,-11.950000,0.842546,0.001335
12,mobley_1728386,-9.595268,-11.000000,1.404732,0.003711
12,mobley_2269032,-9.990952,-10.210000,0.219049,0.000090
12,mobley_2913224,-6.731255,-9.940000,3.208745,0.019361
12,mobley_2659552,-7.885736,-9.760000,1.874265,0.006606
12,mobley_7176290,-8.715421,-9.620000,0.904579,0.001539
12,mobley_2295058,-8.754043,-9.510000,0.755958,0.001075
12,mobley_6055410,-11.901138,-9.400000,2.501139,0.011764
12,mobley_4639255,-9.256110,-9.300000,0.043890,0.000004
12,mobley_1417007,-4.216427,-9.010000,4.793573,0.043210
12,mobley_6115639,-10.850777,-8.700000,2.150777,0.008699
12,mobley_6353617,-7.361915,-8.260000,0.898085,0.001517
12,mobley_2725215,-8.437306,-7.980000,0.457306,0.000393
12,mobley_7039935,-6.485884,-7.670000,1.184116,0.002637
12,mobley_4059279,-5.872181,-7.580000,1.707819,0.005485
12,mobley_951560,-8.501630,-7.400000,1.101630,0.002282
12,mobley_1922649,-10.866870,-7.190000,3.676870,0.025423
12,mobley_8798016,-7.093170,-7.000000,0.093170,0.000016
12,mobley_1858644,-6.907453,-6.790000,0.117453,0.000026
12,mobley_9114381,-5.391899,-6.720000,1.328101,0.003317
12,mobley_5311804,-5.476377,-6.620000,1.143623,0.002459
12,mobley_6743808,-5.966523,-6.500000,0.533477,0.000535
12,mobley_8789864,-5.477045,-6.400000,0.922956,0.001602
12,mobley_7009711,-5.745843,-6.270000,0.524157,0.000517
12,mobley_8789465,-4.890847,-6.200000,1.309153,0.003223
12,mobley_2923700,-6.228355,-6.130000,0.098355,0.000018
12,mobley_4780078,-5.245973,-6.010000,0.764027,0.001098
12,mobley_5467162,-4.984771,-5.910000,0.925229,0.001610
12,mobley_6257907,-5.433589,-5.820000,0.386412,0.000281
12,mobley_7913234,-5.464819,-5.730000,0.265181,0.000132
12,mobley_5518547,-5.791569,-5.570000,0.221569,0.000092
12,mobley_4883284,-5.622593,-5.490000,0.132593,0.000033
12,mobley_5220185,-4.884474,-5.450000,0.565526,0.000601
12,mobley_3359593,-5.607063,-5.260000,0.347063,0.000227
12,mobley_4683624,-5.896947,-5.210000,0.686947,0.000887
12,mobley_1636752,-3.125407,-5.100000,1.974593,0.007332
12,mobley_2310185,-4.779281,-5.000000,0.220719,0.000092
12,mobley_3682850,-3.277412,-4.910000,1.632587,0.005012
12,mobley_1363784,-4.426817,-4.840000,0.413183,0.000321
12,mobley_2837389,-5.070108,-4.780000,0.290108,0.000158
12,mobley_9507933,-4.588128,-4.720000,0.131872,0.000033
12,mobley_296847,-4.626213,-4.690000,0.063787,0.000008
12,mobley_8208692,-2.668564,-4.610000,1.941437,0.007088
12,mobley_4884177,-4.540295,-4.590000,0.049706,0.000005
12,mobley_6714389,-3.739644,-4.550000,0.810357,0.001235
12,mobley_2245668,-3.940783,-4.500000,0.559217,0.000588
12,mobley_5973402,-4.119602,-4.420000,0.300398,0.000170
12,mobley_3546460,-3.475588,-4.400000,0.924412,0.001607
12,mobley_8311303,-3.649184,-4.380000,0.730816,0.001004
12,mobley_9741965,-5.689909,-4.290000,1.399909,0.003685
12,mobley_4603202,-2.667962,-4.230000,1.562038,0.004588
12,mobley_628086,-2.611056,-4.160000,1.548944,0.004512
12,mobley_4620651,-3.498215,-4.100000,0.601785,0.000681
12,mobley_7977115,-3.462538,-4.060000,0.597462,0.000671
12,mobley_2789243,-3.243176,-4.010000,0.766825,0.001106
12,mobley_3968739,-3.320993,-3.920000,0.599007,0.000675
12,mobley_63712,-2.380956,-3.880000,1.499044,0.004226
12,mobley_1046331,-3.613369,-3.820000,0.206630,0.000080
12,mobley_1160109,-2.043091,-3.750000,1.706909,0.005479
12,mobley_4149784,-3.519494,-3.670000,0.150506,0.000043
12,mobley_397645,-2.949557,-3.640000,0.690444,0.000896
12,mobley_4690963,-4.051398,-3.540000,0.511398,0.000492
12,mobley_1967551,-2.873833,-3.500000,0.626167,0.000737
12,mobley_6733657,-5.051582,-3.440000,1.611582,0.004884
12,mobley_9565165,-3.279780,-3.350000,0.070220,0.000009
12,mobley_2487143,-2.791811,-3.280000,0.488189,0.000448
12,mobley_8449031,-1.588867,-3.220000,1.631133,0.005003
12,mobley_172879,-3.391012,-3.150000,0.241012,0.000109
12,mobley_5346580,-1.032083,-3.110000,2.077917,0.008119
12,mobley_3573480,-2.448580,-3.040000,0.591420,0.000658
12,mobley_1075836,-3.347477,-2.930000,0.417477,0.000328
12,mobley_6102880,-4.279088,-2.870000,1.409088,0.003734
12,mobley_1827204,-1.576163,-2.810000,1.233837,0.002863
12,mobley_2146331,-1.381255,-2.750000,1.368745,0.003523
12,mobley_7943327,-2.644742,-2.680000,0.035258,0.000002
12,mobley_5110043,-2.723612,-2.630000,0.093611,0.000016
12,mobley_5616693,-1.387082,-2.530000,1.142918,0.002456
12,mobley_6619554,-2.014161,-2.490000,0.475839,0.000426
12,mobley_6359156,-3.733472,-2.460000,1.273472,0.003050
12,mobley_1781152,-1.434185,-2.400000,0.965815,0.001754
12,mobley_859464,-2.322183,-2.360000,0.037817,0.000003
12,mobley_7150646,-1.813042,-2.300000,0.486958,0.000446
12,mobley_1592519,-2.406356,-2.230000,0.176356,0.000058
12,mobley_5538249,-1.713106,-2.160000,0.446894,0.000376
12,mobley_6911232,-1.273400,-2.100000,0.826600,0.001285
12,mobley_3269565,-0.639750,-2.010000,1.370250,0.003531
12,mobley_2484519,-2.576173,-1.930000,0.646173,0.000785
12,mobley_7690440,-4.234594,-1.830000,2.404594,0.010873
12,mobley_3802803,-1.304441,-1.660000,0.355559,0.000238
12,mobley_1144156,-1.485948,-1.590000,0.104052,0.000020
12,mobley_2481002,-1.486340,-1.450000,0.036340,0.000002
12,mobley_2489709,-1.511672,-1.360000,0.151672,0.000043
12,mobley_5052949,-0.928156,-1.280000,0.351844,0.000233
12,mobley_2492140,-1.885043,-1.230000,0.655043,0.000807
12,mobley_7542832,-0.864367,-1.160000,0.295633,0.000164
12,mobley_7814642,-2.385296,-1.120000,1.265296,0.003011
12,mobley_1563176,-0.695797,-0.990000,0.294203,0.000163
12,mobley_1873346,-0.865223,-0.900000,0.034777,0.000002
12,mobley_3040612,-0.517704,-0.850000,0.332296,0.000208
12,mobley_4483973,-2.451753,-0.800000,1.651753,0.005130
12,mobley_9913368,-1.690474,-0.780000,0.910474,0.001559
12,mobley_1449384,-0.521287,-0.680000,0.158713,0.000047
12,mobley_7708038,-0.434335,-0.560000,0.125665,0.000030
12,mobley_8311321,0.603746,-0.500000,1.103746,0.002291
12,mobley_766666,-0.557895,-0.440000,0.117895,0.000026
12,mobley_5445548,-0.293053,-0.300000,0.006947,0.000000
12,mobley_9029594,-1.066445,-0.220000,0.846445,0.001347
12,mobley_3370989,-2.622489,-0.110000,2.512489,0.011871
12,mobley_627267,-0.189289,-0.030000,0.159289,0.000048
12,mobley_6250025,0.700654,0.080000,0.620654,0.000724
12,mobley_4252724,-0.446795,0.160000,0.606795,0.000692
12,mobley_7157427,0.590487,0.290000,0.300487,0.000170
12,mobley_8885088,-1.260138,0.560000,1.820138,0.006230
12,mobley_8522124,1.096916,0.710000,0.386916,0.000282
12,mobley_4678740,-0.828199,1.070000,1.898199,0.006776
12,mobley_2689721,0.450143,1.230000,0.779857,0.001144
12,mobley_1662128,0.835192,1.380000,0.544808,0.000558
12,mobley_4762983,1.902779,1.660000,0.242779,0.000111
12,mobley_7732703,1.391307,1.790000,0.398693,0.000299
12,mobley_2068538,0.788092,2.000000,1.211908,0.002762
12,mobley_5157661,1.405199,2.300000,0.894801,0.001506
12,mobley_1261349,2.403832,2.510000,0.106168,0.000021
12,mobley_2328633,1.687488,2.550000,0.862512,0.001399
12,mobley_8436428,2.451103,2.830000,0.378897,0.000270
12,mobley_3060426,3.349876,2.930000,0.419876,0.000332
12,mobley_2197088,2.949896,3.160000,0.210104,0.000083
13,mobley_9534740,-23.063971,-25.469999,2.406029,0.010886
13,mobley_6239320,-20.406076,-18.059999,2.346077,0.010350
13,mobley_7794077,-14.320829,-15.460000,1.139171,0.002440
13,mobley_7415647,-12.561984,-11.950000,0.611984,0.000704
13,mobley_1728386,-9.929794,-11.000000,1.070206,0.002154
13,mobley_2269032,-10.799239,-10.210000,0.589239,0.000653
13,mobley_2913224,-6.999953,-9.940000,2.940046,0.016254
13,mobley_2659552,-9.077117,-9.760000,0.682883,0.000877
13,mobley_7176290,-9.254207,-9.620000,0.365793,0.000252
13,mobley_2295058,-8.993690,-9.510000,0.516310,0.000501
13,mobley_6055410,-12.154719,-9.400000,2.754720,0.014270
13,mobley_4639255,-9.980280,-9.300000,0.680280,0.000870
13,mobley_1417007,-4.661488,-9.010000,4.348512,0.035559
13,mobley_6115639,-11.669237,-8.700000,2.969237,0.016579
13,mobley_6353617,-7.775821,-8.260000,0.484179,0.000441
13,mobley_2725215,-11.059260,-7.980000,3.079260,0.017830
13,mobley_7039935,-6.835343,-7.670000,0.834657,0.001310
13,mobley_4059279,-7.708148,-7.580000,0.128148,0.000031
13,mobley_951560,-9.890786,-7.400000,2.490786,0.011666
13,mobley_1922649,-11.577214,-7.190000,4.387214,0.036194
13,mobley_8798016,-7.380219,-7.000000,0.380219,0.000272
13,mobley_1858644,-7.556991,-6.790000,0.766991,0.001106
13,mobley_9114381,-5.880822,-6.720000,0.839178,0.001324
13,mobley_5311804,-6.007448,-6.620000,0.612552,0.000706
13,mobley_6743808,-6.720429,-6.500000,0.220429,0.000091
13,mobley_8789864,-6.349440,-6.400000,0.050560,0.000005
13,mobley_7009711,-6.314992,-6.270000,0.044992,0.000004
13,mobley_8789465,-5.069997,-6.200000,1.130002,0.002401
13,mobley_2923700,-6.675292,-6.130000,0.545291,0.000559
13,mobley_4780078,-5.984161,-6.010000,0.025839,0.000001
13,mobley_5467162,-5.583056,-5.910000,0.326944,0.000201
13,mobley_6257907,-5.943424,-5.820000,0.123424,0.000029
13,mobley_7913234,-6.632017,-5.730000,0.902017,0.001530
13,mobley_5518547,-6.289706,-5.570000,0.719706,0.000974
13,mobley_4883284,-5.966879,-5.490000,0.476880,0.000428
13,mobley_5220185,-5.531044,-5.450000,0.081044,0.000012
13,mobley_3359593,-6.228067,-5.260000,0.968067,0.001762
13,mobley_4683624,-6.478534,-5.210000,1.268534,0.003026
13,mobley_1636752,-3.603040,-5.100000,1.496960,0.004214
13,mobley_2310185,-5.307546,-5.000000,0.307546,0.000178
13,mobley_3682850,-3.925439,-4.910000,0.984560,0.001823
13,mobley_1363784,-5.072114,-4.840000,0.232113,0.000101
13,mobley_2837389,-5.288778,-4.780000,0.508778,0.000487
13,mobley_9507933,-5.236341,-4.720000,0.516341,0.000501
13,mobley_296847,-4.854688,-4.690000,0.164688,0.000051
13,mobley_8208692,-2.851480,-4.610000,1.758520,0.005815
13,mobley_4884177,-4.996429,-4.590000,0.406429,0.000311
13,mobley_6714389,-4.412395,-4.550000,0.137606,0.000036
13,mobley_2245668,-4.496226,-4.500000,0.003774,0.000000
13,mobley_5973402,-4.829631,-4.420000,0.409631,0.000316
13,mobley_3546460,-4.400045,-4.400000,0.000045,0.000000
13,mobley_8311303,-3.848067,-4.380000,0.531934,0.000532
13,mobley_9741965,-6.611714,-4.290000,2.321714,0.010136
13,mobley_4603202,-3.248407,-4.230000,0.981593,0.001812
13,mobley_628086,-3.951732,-4.160000,0.208268,0.000082
13,mobley_4620651,-4.149065,-4.100000,0.049065,0.000005
13,mobley_7977115,-4.599577,-4.060000,0.539577,0.000547
13,mobley_2789243,-3.482821,-4.010000,0.527179,0.000523
13,mobley_3968739,-3.400092,-3.920000,0.519908,0.000508
13,mobley_63712,-3.344282,-3.880000,0.535718,0.000540
13,mobley_1046331,-3.710670,-3.820000,0.109330,0.000022
13,mobley_1160109,-3.173010,-3.750000,0.576990,0.000626
13,mobley_4149784,-3.804103,-3.670000,0.134103,0.000034
13,mobley_397645,-3.313875,-3.640000,0.326125,0.000200
13,mobley_4690963,-5.116685,-3.540000,1.576685,0.004675
13,mobley_1967551,-3.101611,-3.500000,0.398389,0.000298
13,mobley_6733657,-5.687914,-3.440000,2.247914,0.009502
13,mobley_9565165,-3.855009,-3.350000,0.505009,0.000480
13,mobley_2487143,-3.399966,-3.280000,0.119966,0.000027
13,mobley_8449031,-2.762933,-3.220000,0.457067,0.000393
13,mobley_172879,-3.532548,-3.150000,0.382548,0.000275
13,mobley_5346580,-1.675145,-3.110000,1.434855,0.003871
13,mobley_3573480,-3.166772,-3.040000,0.126772,0.000030
13,mobley_1075836,-3.655512,-2.930000,0.725512,0.000990
13,mobley_6102880,-4.470366,-2.870000,1.600367,0.004816
13,mobley_1827204,-2.330872,-2.810000,0.479128,0.000432
13,mobley_2146331,-1.522454,-2.750000,1.227546,0.002834
13,mobley_7943327,-3.172484,-2.680000,0.492484,0.000456
13,mobley_5110043,-3.368966,-2.630000,0.738966,0.001027
13,mobley_5616693,-2.339842,-2.530000,0.190158,0.000068
13,mobley_6619554,-2.758739,-2.490000,0.268739,0.000136
13,mobley_6359156,-4.417347,-2.460000,1.957347,0.007204
13,mobley_1781152,-1.959666,-2.400000,0.440334,0.000365
13,mobley_859464,-2.946880,-2.360000,0.586880,0.000648
13,mobley_7150646,-1.837101,-2.300000,0.462899,0.000403
13,mobley_1592519,-3.263767,-2.230000,1.033767,0.002010
13,mobley_5538249,-2.276000,-2.160000,0.116000,0.000025
13,mobley_6911232,-1.695170,-2.100000,0.404830,0.000308
13,mobley_3269565,-1.189023,-2.010000,0.820977,0.001267
13,mobley_2484519,-2.964577,-1.930000,1.034577,0.002013
13,mobley_7690440,-5.169242,-1.830000,3.339242,0.020968
13,mobley_3802803,-1.936266,-1.660000,0.276266,0.000144
13,mobley_1144156,-2.134464,-1.590000,0.544464,0.000557
13,mobley_2481002,-1.762067,-1.450000,0.312067,0.000183
13,mobley_2489709,-1.657184,-1.360000,0.297184,0.000166
13,mobley_5052949,-1.651470,-1.280000,0.371470,0.000259
13,mobley_2492140,-1.910268,-1.230000,0.680268,0.000870
13,mobley_7542832,-1.648351,-1.160000,0.488351,0.000448
13,mobley_7814642,-2.692702,-1.120000,1.572702,0.004651
13,mobley_1563176,-1.267860,-0.990000,0.277860,0.000145
13,mobley_1873346,-1.066760,-0.900000,0.166760,0.000052
13,mobley_3040612,-1.031307,-0.850000,0.181307,0.000062
13,mobley_4483973,-2.506198,-0.800000,1.706198,0.005474
13,mobley_9913368,-1.780678,-0.780000,1.000678,0.001883
13,mobley_1449384,-0.996424,-0.680000,0.316424,0.000188
13,mobley_7708038,-0.841495,-0.560000,0.281494,0.000149
13,mobley_8311321,-0.085717,-0.500000,0.414283,0.000323
13,mobley_766666,-0.776158,-0.440000,0.336158,0.000212
13,mobley_5445548,-0.553418,-0.300000,0.253418,0.000121
13,mobley_9029594,-1.151263,-0.220000,0.931263,0.001631
13,mobley_3370989,-3.098624,-0.110000,2.988624,0.016796
13,mobley_627267,-0.647328,-0.030000,0.617328,0.000717
13,mobley_6250025,0.106560,0.080000,0.026560,0.000001
13,mobley_4252724,-0.852542,0.160000,1.012542,0.001928
13,mobley_7157427,-0.334588,0.290000,0.624588,0.000734
13,mobley_8885088,-1.673352,0.560000,2.233352,0.009379
13,mobley_8522124,0.655055,0.710000,0.054945,0.000006
13,mobley_4678740,-2.450563,1.070000,3.520563,0.023307
13,mobley_2689721,0.366303,1.230000,0.863697,0.001403
13,mobley_1662128,0.755726,1.380000,0.624274,0.000733
13,mobley_4762983,1.539774,1.660000,0.120226,0.000027
13,mobley_7732703,0.513945,1.790000,1.276055,0.003062
13,mobley_2068538,0.751402,2.000000,1.248598,0.002932
13,mobley_5157661,1.310213,2.300000,0.989787,0.001842
13,mobley_1261349,2.200918,2.510000,0.309082,0.000180
13,mobley_2328633,1.018546,2.550000,1.531454,0.004410
13,mobley_8436428,2.188982,2.830000,0.641017,0.000773
13,mobley_3060426,2.778301,2.930000,0.151700,0.000043
13,mobley_2197088,2.405407,3.160000,0.754593,0.001071
14,mobley_9534740,-22.625010,-25.469999,2.844990,0.015220
14,mobley_6239320,-20.604856,-18.059999,2.544857,0.012178
14,mobley_7794077,-14.128057,-15.460000,1.331944,0.003336
14,mobley_7415647,-11.881203,-11.950000,0.068797,0.000009
14,mobley_1728386,-10.141750,-11.000000,0.858250,0.001385
14,mobley_2269032,-10.524098,-10.210000,0.314098,0.000186
14,mobley_2913224,-6.856136,-9.940000,3.083863,0.017884
14,mobley_2659552,-8.740063,-9.760000,1.019938,0.001956
14,mobley_7176290,-8.841546,-9.620000,0.778454,0.001140
14,mobley_2295058,-9.112705,-9.510000,0.397295,0.000297
14,mobley_6055410,-11.974750,-9.400000,2.574750,0.012466
14,mobley_4639255,-9.829278,-9.300000,0.529278,0.000527
14,mobley_1417007,-3.854752,-9.010000,5.155248,0.049976
14,mobley_6115639,-10.557110,-8.700000,1.857110,0.006485
14,mobley_6353617,-7.792655,-8.260000,0.467345,0.000411
14,mobley_2725215,-8.909217,-7.980000,0.929217,0.001624
14,mobley_7039935,-7.003059,-7.670000,0.666941,0.000836
14,mobley_4059279,-7.102152,-7.580000,0.477848,0.000429
14,mobley_951560,-9.169475,-7.400000,1.769475,0.005888
14,mobley_1922649,-10.337627,-7.190000,3.147627,0.018631
14,mobley_8798016,-7.439237,-7.000000,0.439237,0.000363
14,mobley_1858644,-7.487381,-6.790000,0.697381,0.000915
14,mobley_9114381,-5.598291,-6.720000,1.121708,0.002366
14,mobley_5311804,-5.919909,-6.620000,0.700090,0.000922
14,mobley_6743808,-6.538596,-6.500000,0.038596,0.000003
14,mobley_8789864,-5.777078,-6.400000,0.622922,0.000730
14,mobley_7009711,-6.128441,-6.270000,0.141559,0.000038
14,mobley_8789465,-5.165980,-6.200000,1.034020,0.002011
14,mobley_2923700,-6.580203,-6.130000,0.450202,0.000381
14,mobley_4780078,-5.734942,-6.010000,0.275058,0.000142
14,mobley_5467162,-5.459785,-5.910000,0.450215,0.000381
14,mobley_6257907,-5.786417,-5.820000,0.033584,0.000002
14,mobley_7913234,-5.963777,-5.730000,0.233777,0.000103
14,mobley_5518547,-6.160131,-5.570000,0.590131,0.000655
14,mobley_4883284,-6.059526,-5.490000,0.569527,0.000610
14,mobley_5220185,-5.137306,-5.450000,0.312694,0.000184
14,mobley_3359593,-5.889575,-5.260000,0.629574,0.000745
14,mobley_4683624,-6.330738,-5.210000,1.120738,0.002362
14,mobley_1636752,-3.498919,-5.100000,1.601081,0.004820
14,mobley_2310185,-5.117890,-5.000000,0.117890,0.000026
14,mobley_3682850,-3.816066,-4.910000,1.093934,0.002250
14,mobley_1363784,-4.799966,-4.840000,0.040034,0.000003
14,mobley_2837389,-5.178679,-4.780000,0.398679,0.000299
14,mobley_9507933,-4.958565,-4.720000,0.238565,0.000107
14,mobley_296847,-4.996001,-4.690000,0.306001,0.000176
14,mobley_8208692,-2.632831,-4.610000,1.977169,0.007351
14,mobley_4884177,-4.871455,-4.590000,0.281455,0.000149
14,mobley_6714389,-4.178395,-4.550000,0.371605,0.000260
14,mobley_2245668,-4.373551,-4.500000,0.126449,0.000030
14,mobley_5973402,-4.576848,-4.420000,0.156848,0.000046
14,mobley_3546460,-4.006020,-4.400000,0.393980,0.000292
14,mobley_8311303,-3.361243,-4.380000,1.018757,0.001952
14,mobley_9741965,-5.693756,-4.290000,1.403756,0.003705
14,mobley_4603202,-2.924782,-4.230000,1.305218,0.003204
14,mobley_628086,-3.723168,-4.160000,0.436832,0.000359
14,mobley_4620651,-3.749800,-4.100000,0.350200,0.000231
14,mobley_7977115,-4.047826,-4.060000,0.012174,0.000000
14,mobley_2789243,-3.351813,-4.010000,0.658188,0.000815
14,mobley_3968739,-3.529180,-3.920000,0.390820,0.000287
14,mobley_63712,-3.024859,-3.880000,0.855141,0.001375
14,mobley_1046331,-3.782008,-3.820000,0.037992,0.000003
14,mobley_1160109,-2.704786,-3.750000,1.045214,0.002054
14,mobley_4149784,-3.587259,-3.670000,0.082741,0.000013
14,mobley_397645,-3.266956,-3.640000,0.373044,0.000262
14,mobley_4690963,-4.512346,-3.540000,0.972346,0.001778
14,mobley_1967551,-3.049597,-3.500000,0.450403,0.000381
14,mobley_6733657,-4.528346,-3.440000,1.088346,0.002227
14,mobley_9565165,-3.630479,-3.350000,0.280479,0.000148
14,mobley_2487143,-3.208545,-3.280000,0.071455,0.000010
14,mobley_8449031,-2.129196,-3.220000,1.090804,0.002237
14,mobley_172879,-3.622060,-3.150000,0.472059,0.000419
14,mobley_5346580,-1.563060,-3.110000,1.546940,0.004500
14,mobley_3573480,-2.895942,-3.040000,0.144058,0.000039
14,mobley_1075836,-3.390120,-2.930000,0.460120,0.000398
14,mobley_6102880,-4.751443,-2.870000,1.881443,0.006656
14,mobley_1827204,-2.142469,-2.810000,0.667531,0.000838
14,mobley_2146331,-1.486150,-2.750000,1.263850,0.003004
14,mobley_7943327,-2.728785,-2.680000,0.048785,0.000004
14,mobley_5110043,-3.066694,-2.630000,0.436694,0.000359
14,mobley_5616693,-2.036313,-2.530000,0.493687,0.000458
14,mobley_6619554,-2.202444,-2.490000,0.287556,0.000155
14,mobley_6359156,-4.027268,-2.460000,1.567268,0.004619
14,mobley_1781152,-1.665175,-2.400000,0.734825,0.001015
14,mobley_859464,-2.550301,-2.360000,0.190301,0.000068
14,mobley_7150646,-1.787496,-2.300000,0.512504,0.000494
14,mobley_1592519,-2.672008,-2.230000,0.442008,0.000367
14,mobley_5538249,-1.805494,-2.160000,0.354506,0.000236
14,mobley_6911232,-1.490673,-2.100000,0.609327,0.000698
14,mobley_3269565,-0.903905,-2.010000,1.106095,0.002301
14,mobley_2484519,-2.898025,-1.930000,0.968025,0.001762
14,mobley_7690440,-4.506068,-1.830000,2.676068,0.013467
14,mobley_3802803,-1.253660,-1.660000,0.406340,0.000310
14,mobley_1144156,-1.687503,-1.590000,0.097503,0.000018
14,mobley_2481002,-1.519814,-1.450000,0.069814,0.000009
14,mobley_2489709,-1.507246,-1.360000,0.147246,0.000041
14,mobley_5052949,-1.115471,-1.280000,0.164529,0.000051
14,mobley_2492140,-1.682107,-1.230000,0.452107,0.000384
14,mobley_7542832,-1.098306,-1.160000,0.061694,0.000007
14,mobley_7814642,-2.292648,-1.120000,1.172648,0.002586
14,mobley_1563176,-0.943831,-0.990000,0.046169,0.000004
14,mobley_1873346,-1.063144,-0.900000,0.163144,0.000050
14,mobley_3040612,-0.822361,-0.850000,0.027639,0.000001
14,mobley_4483973,-2.623673,-0.800000,1.823673,0.006254
14,mobley_9913368,-1.695792,-0.780000,0.915792,0.001577
14,mobley_1449384,-0.721184,-0.680000,0.041184,0.000003
14,mobley_7708038,-0.627867,-0.560000,0.067867,0.000009
14,mobley_8311321,0.268490,-0.500000,0.768490,0.001111
14,mobley_766666,-0.679799,-0.440000,0.239799,0.000108
14,mobley_5445548,-0.537839,-0.300000,0.237839,0.000106
14,mobley_9029594,-1.133453,-0.220000,0.913453,0.001569
14,mobley_3370989,-2.900867,-0.110000,2.790867,0.014647
14,mobley_627267,-0.370642,-0.030000,0.340642,0.000218
14,mobley_6250025,0.464500,0.080000,0.384500,0.000278
14,mobley_4252724,-0.746308,0.160000,0.906308,0.001545
14,mobley_7157427,0.257292,0.290000,0.032708,0.000002
14,mobley_8885088,-1.332279,0.560000,1.892279,0.006733
14,mobley_8522124,1.021177,0.710000,0.311177,0.000182
14,mobley_4678740,-1.531545,1.070000,2.601545,0.012727
14,mobley_2689721,0.378466,1.230000,0.851534,0.001364
14,mobley_1662128,0.886766,1.380000,0.493234,0.000457
14,mobley_4762983,1.852916,1.660000,0.192916,0.000070
14,mobley_7732703,1.301710,1.790000,0.488290,0.000448
14,mobley_2068538,0.881887,2.000000,1.118113,0.002351
14,mobley_5157661,1.422392,2.300000,0.877608,0.001448
14,mobley_1261349,2.339934,2.510000,0.170066,0.000054
14,mobley_2328633,1.545428,2.550000,1.004572,0.001898
14,mobley_8436428,2.439910,2.830000,0.390090,0.000286
14,mobley_3060426,3.159389,2.930000,0.229389,0.000099
14,mobley_2197088,2.813032,3.160000,0.346968,0.000226
15,mobley_9534740,-22.904438,-25.469999,2.565561,0.012377
15,mobley_6239320,-20.612541,-18.059999,2.552542,0.012252
15,mobley_7794077,-13.812356,-15.460000,1.647644,0.005105
15,mobley_7415647,-12.171689,-11.950000,0.221689,0.000092
15,mobley_1728386,-9.736567,-11.000000,1.263433,0.003002
15,mobley_2269032,-10.034355,-10.210000,0.175645,0.000058
15,mobley_2913224,-6.719130,-9.940000,3.220870,0.019508
15,mobley_2659552,-8.705892,-9.760000,1.054109,0.002089
15,mobley_7176290,-8.759059,-9.620000,0.860941,0.001394
15,mobley_2295058,-8.642840,-9.510000,0.867160,0.001414
15,mobley_6055410,-11.353196,-9.400000,1.953197,0.007174
15,mobley_4639255,-9.889199,-9.300000,0.589199,0.000653
15,mobley_1417007,-4.158574,-9.010000,4.851426,0.044259
15,mobley_6115639,-11.683440,-8.700000,2.983440,0.016738
15,mobley_6353617,-7.546141,-8.260000,0.713860,0.000958
15,mobley_2725215,-9.311389,-7.980000,1.331389,0.003333
15,mobley_7039935,-6.229865,-7.670000,1.440135,0.003900
15,mobley_4059279,-6.817765,-7.580000,0.762235,0.001093
15,mobley_951560,-9.057261,-7.400000,1.657261,0.005165
15,mobley_1922649,-10.925665,-7.190000,3.735665,0.026242
15,mobley_8798016,-7.013281,-7.000000,0.013281,0.000000
15,mobley_1858644,-7.041615,-6.790000,0.251616,0.000119
15,mobley_9114381,-5.654857,-6.720000,1.065143,0.002133
15,mobley_5311804,-5.476456,-6.620000,1.143544,0.002459
15,mobley_6743808,-6.440258,-6.500000,0.059742,0.000007
15,mobley_8789864,-6.090231,-6.400000,0.309769,0.000180
15,mobley_7009711,-5.982833,-6.270000,0.287167,0.000155
15,mobley_8789465,-4.761129,-6.200000,1.438871,0.003893
15,mobley_2923700,-6.144600,-6.130000,0.014600,0.000000
15,mobley_4780078,-5.651206,-6.010000,0.358795,0.000242
15,mobley_5467162,-5.174014,-5.910000,0.735986,0.001019
15,mobley_6257907,-5.619824,-5.820000,0.200176,0.000075
15,mobley_7913234,-6.126857,-5.730000,0.396857,0.000296
15,mobley_5518547,-5.757589,-5.570000,0.187589,0.000066
15,mobley_4883284,-5.535501,-5.490000,0.045501,0.000004
15,mobley_5220185,-5.052999,-5.450000,0.397000,0.000296
15,mobley_3359593,-5.773130,-5.260000,0.513130,0.000495
15,mobley_4683624,-5.906727,-5.210000,0.696727,0.000913
15,mobley_1636752,-3.536431,-5.100000,1.563569,0.004597
15,mobley_2310185,-5.203006,-5.000000,0.203006,0.000077
15,mobley_3682850,-3.649673,-4.910000,1.260327,0.002987
15,mobley_1363784,-4.808794,-4.840000,0.031207,0.000002
15,mobley_2837389,-4.885463,-4.780000,0.105463,0.000021
15,mobley_9507933,-4.901100,-4.720000,0.181100,0.000062
15,mobley_296847,-4.545061,-4.690000,0.144939,0.000040
15,mobley_8208692,-2.746017,-4.610000,1.863983,0.006534
15,mobley_4884177,-4.595345,-4.590000,0.005345,0.000000
15,mobley_6714389,-4.052102,-4.550000,0.497899,0.000466
15,mobley_2245668,-4.310622,-4.500000,0.189378,0.000067
15,mobley_5973402,-4.571262,-4.420000,0.151262,0.000043
15,mobley_3546460,-4.096851,-4.400000,0.303149,0.000173
15,mobley_8311303,-3.662461,-4.380000,0.717540,0.000968
15,mobley_9741965,-5.921388,-4.290000,1.631388,0.005005
15,mobley_4603202,-2.948046,-4.230000,1.281954,0.003090
15,mobley_628086,-3.914030,-4.160000,0.245970,0.000114
15,mobley_4620651,-3.803141,-4.100000,0.296859,0.000166
15,mobley_7977115,-4.235766,-4.060000,0.175766,0.000058
15,mobley_2789243,-3.246588,-4.010000,0.763412,0.001096
15,mobley_3968739,-3.088282,-3.920000,0.831718,0.001301
15,mobley_63712,-2.919672,-3.880000,0.960328,0.001734
15,mobley_1046331,-3.296843,-3.820000,0.523157,0.000515
15,mobley_1160109,-2.870943,-3.750000,0.879057,0.001453
15,mobley_4149784,-3.249560,-3.670000,0.420440,0.000332
15,mobley_397645,-2.951283,-3.640000,0.688718,0.000892
15,mobley_4690963,-4.675367,-3.540000,1.135367,0.002424
15,mobley_1967551,-3.086557,-3.500000,0.413443,0.000321
15,mobley_6733657,-5.192157,-3.440000,1.752157,0.005773
15,mobley_9565165,-2.810421,-3.350000,0.539579,0.000547
15,mobley_2487143,-3.291870,-3.280000,0.011870,0.000000
15,mobley_8449031,-2.237756,-3.220000,0.982244,0.001814
15,mobley_172879,-2.814419,-3.150000,0.335582,0.000212
15,mobley_5346580,-1.732176,-3.110000,1.377824,0.003570
15,mobley_3573480,-2.983310,-3.040000,0.056690,0.000006
15,mobley_1075836,-3.444873,-2.930000,0.514873,0.000498
15,mobley_6102880,-3.848615,-2.870000,0.978616,0.001801
15,mobley_1827204,-2.236862,-2.810000,0.573138,0.000618
15,mobley_2146331,-1.489493,-2.750000,1.260507,0.002988
15,mobley_7943327,-2.894005,-2.680000,0.214005,0.000086
15,mobley_5110043,-2.495034,-2.630000,0.134966,0.000034
15,mobley_5616693,-2.059429,-2.530000,0.470571,0.000416
15,mobley_6619554,-2.379269,-2.490000,0.110731,0.000023
15,mobley_6359156,-3.835380,-2.460000,1.375380,0.003557
15,mobley_1781152,-1.794302,-2.400000,0.605698,0.000690
15,mobley_859464,-2.680010,-2.360000,0.320010,0.000193
15,mobley_7150646,-1.407304,-2.300000,0.892696,0.001499
15,mobley_1592519,-2.805805,-2.230000,0.575805,0.000623
15,mobley_5538249,-1.584065,-2.160000,0.575935,0.000624
15,mobley_6911232,-1.602623,-2.100000,0.497376,0.000465
15,mobley_3269565,-1.021398,-2.010000,0.988602,0.001838
15,mobley_2484519,-2.529521,-1.930000,0.599521,0.000676
15,mobley_7690440,-4.648326,-1.830000,2.818326,0.014936
15,mobley_3802803,-1.334757,-1.660000,0.325243,0.000199
15,mobley_1144156,-1.868499,-1.590000,0.278499,0.000146
15,mobley_2481002,-1.554448,-1.450000,0.104448,0.000021
15,mobley_2489709,-1.495724,-1.360000,0.135724,0.000035
15,mobley_5052949,-1.093851,-1.280000,0.186149,0.000065
15,mobley_2492140,-1.929173,-1.230000,0.699173,0.000919
15,mobley_7542832,-1.213124,-1.160000,0.053124,0.000005
15,mobley_7814642,-2.442385,-1.120000,1.322385,0.003288
15,mobley_1563176,-0.941285,-0.990000,0.048715,0.000004
15,mobley_1873346,-0.690070,-0.900000,0.209930,0.000083
15,mobley_3040612,-0.570075,-0.850000,0.279925,0.000147
15,mobley_4483973,-2.155619,-0.800000,1.355619,0.003456
15,mobley_9913368,-1.678712,-0.780000,0.898713,0.001519
15,mobley_1449384,-0.454732,-0.680000,0.225268,0.000095
15,mobley_7708038,-0.597110,-0.560000,0.037110,0.000003
15,mobley_8311321,0.436344,-0.500000,0.936344,0.001649
15,mobley_766666,-0.626575,-0.440000,0.186575,0.000065
15,mobley_5445548,-0.119828,-0.300000,0.180172,0.000061
15,mobley_9029594,-1.109690,-0.220000,0.889690,0.001488
15,mobley_3370989,-2.945470,-0.110000,2.835470,0.015119
15,mobley_627267,-0.319021,-0.030000,0.289021,0.000157
15,mobley_6250025,0.460134,0.080000,0.380134,0.000272
15,mobley_4252724,-0.304685,0.160000,0.464685,0.000406
15,mobley_7157427,0.182180,0.290000,0.107820,0.000022
15,mobley_8885088,-1.095057,0.560000,1.655057,0.005151
15,mobley_8522124,1.072924,0.710000,0.362924,0.000248
15,mobley_4678740,-1.088041,1.070000,2.158041,0.008758
15,mobley_2689721,0.657863,1.230000,0.572137,0.000616
15,mobley_1662128,0.953091,1.380000,0.426909,0.000343
15,mobley_4762983,1.907323,1.660000,0.247323,0.000115
15,mobley_7732703,1.498722,1.790000,0.291278,0.000160
15,mobley_2068538,0.957538,2.000000,1.042462,0.002044
15,mobley_5157661,1.509386,2.300000,0.790614,0.001175
15,mobley_1261349,2.263570,2.510000,0.246430,0.000114
15,mobley_2328633,1.685165,2.550000,0.864835,0.001406
15,mobley_8436428,2.526618,2.830000,0.303382,0.000173
15,mobley_3060426,3.048047,2.930000,0.118047,0.000026
15,mobley_2197088,2.872161,3.160000,0.287839,0.000156
16,mobley_9534740,-22.783916,-25.469999,2.686083,0.013568
16,mobley_6239320,-20.342457,-18.059999,2.282457,0.009796
16,mobley_7794077,-13.829304,-15.460000,1.630696,0.005000
16,mobley_7415647,-11.936790,-11.950000,0.013209,0.000000
16,mobley_1728386,-9.949725,-11.000000,1.050275,0.002074
16,mobley_2269032,-10.257795,-10.210000,0.047795,0.000004
16,mobley_2913224,-6.649898,-9.940000,3.290102,0.020355
16,mobley_2659552,-8.618744,-9.760000,1.141256,0.002449
16,mobley_7176290,-8.908858,-9.620000,0.711142,0.000951
16,mobley_2295058,-8.962824,-9.510000,0.547176,0.000563
16,mobley_6055410,-11.410541,-9.400000,2.010541,0.007601
16,mobley_4639255,-9.701625,-9.300000,0.401625,0.000303
16,mobley_1417007,-4.128372,-9.010000,4.881629,0.044812
16,mobley_6115639,-11.213007,-8.700000,2.513007,0.011875
16,mobley_6353617,-7.774823,-8.260000,0.485177,0.000443
16,mobley_2725215,-9.238918,-7.980000,1.258918,0.002980
16,mobley_7039935,-6.809270,-7.670000,0.860730,0.001393
16,mobley_4059279,-6.434628,-7.580000,1.145371,0.002467
16,mobley_951560,-8.964766,-7.400000,1.564765,0.004604
16,mobley_1922649,-10.692134,-7.190000,3.502134,0.023064
16,mobley_8798016,-7.220656,-7.000000,0.220656,0.000092
16,mobley_1858644,-7.425547,-6.790000,0.635547,0.000760
16,mobley_9114381,-5.487010,-6.720000,1.232990,0.002859
16,mobley_5311804,-5.788408,-6.620000,0.831592,0.001300
16,mobley_6743808,-6.580112,-6.500000,0.080112,0.000012
16,mobley_8789864,-5.809586,-6.400000,0.590414,0.000656
16,mobley_7009711,-6.191385,-6.270000,0.078615,0.000012
16,mobley_8789465,-5.030785,-6.200000,1.169215,0.002571
16,mobley_2923700,-6.532608,-6.130000,0.402608,0.000305
16,mobley_4780078,-5.750998,-6.010000,0.259003,0.000126
16,mobley_5467162,-5.495690,-5.910000,0.414310,0.000323
16,mobley_6257907,-5.882292,-5.820000,0.062292,0.000007
16,mobley_7913234,-5.956502,-5.730000,0.226502,0.000096
16,mobley_5518547,-5.963416,-5.570000,0.393416,0.000291
16,mobley_4883284,-5.850105,-5.490000,0.360106,0.000244
16,mobley_5220185,-5.090687,-5.450000,0.359313,0.000243
16,mobley_3359593,-5.774539,-5.260000,0.514539,0.000498
16,mobley_4683624,-6.241778,-5.210000,1.031778,0.002002
16,mobley_1636752,-3.360218,-5.100000,1.739782,0.005692
16,mobley_2310185,-5.080946,-5.000000,0.080946,0.000012
16,mobley_3682850,-3.886845,-4.910000,1.023155,0.001969
16,mobley_1363784,-4.842687,-4.840000,0.002687,0.000000
16,mobley_2837389,-4.908831,-4.780000,0.128830,0.000031
16,mobley_9507933,-5.051326,-4.720000,0.331326,0.000206
16,mobley_296847,-4.925449,-4.690000,0.235449,0.000104
16,mobley_8208692,-2.806966,-4.610000,1.803034,0.006113
16,mobley_4884177,-4.833011,-4.590000,0.243011,0.000111
16,mobley_6714389,-3.863587,-4.550000,0.686413,0.000886
16,mobley_2245668,-4.332381,-4.500000,0.167619,0.000053
16,mobley_5973402,-4.479804,-4.420000,0.059804,0.000007
16,mobley_3546460,-3.949119,-4.400000,0.450881,0.000382
16,mobley_8311303,-3.770093,-4.380000,0.609907,0.000700
16,mobley_9741965,-5.868620,-4.290000,1.578620,0.004686
16,mobley_4603202,-3.017803,-4.230000,1.212197,0.002763
16,mobley_628086,-4.195643,-4.160000,0.035643,0.000002
16,mobley_4620651,-3.767820,-4.100000,0.332180,0.000207
16,mobley_7977115,-4.067132,-4.060000,0.007133,0.000000
16,mobley_2789243,-3.446859,-4.010000,0.563142,0.000596
16,mobley_3968739,-3.390705,-3.920000,0.529295,0.000527
16,mobley_63712,-2.820103,-3.880000,1.059897,0.002112
16,mobley_1046331,-3.548027,-3.820000,0.271973,0.000139
16,mobley_1160109,-2.906377,-3.750000,0.843623,0.001338
16,mobley_4149784,-3.606117,-3.670000,0.063883,0.000008
16,mobley_397645,-3.252014,-3.640000,0.387986,0.000283
16,mobley_4690963,-4.542578,-3.540000,1.002578,0.001890
16,mobley_1967551,-3.082479,-3.500000,0.417521,0.000328
16,mobley_6733657,-5.201092,-3.440000,1.761092,0.005832
16,mobley_9565165,-3.330385,-3.350000,0.019615,0.000001
16,mobley_2487143,-3.205329,-3.280000,0.074671,0.000010
16,mobley_8449031,-2.122953,-3.220000,1.097047,0.002263
16,mobley_172879,-3.279737,-3.150000,0.129737,0.000032
16,mobley_5346580,-1.655234,-3.110000,1.454766,0.003980
16,mobley_3573480,-2.878586,-3.040000,0.161414,0.000049
16,mobley_1075836,-3.318070,-2.930000,0.388070,0.000283
16,mobley_6102880,-4.590929,-2.870000,1.720929,0.005569
16,mobley_1827204,-2.273497,-2.810000,0.536503,0.000541
16,mobley_2146331,-1.360026,-2.750000,1.389974,0.003633
16,mobley_7943327,-2.740963,-2.680000,0.060963,0.000007
16,mobley_5110043,-2.865261,-2.630000,0.235261,0.000104
16,mobley_5616693,-2.138501,-2.530000,0.391499,0.000288
16,mobley_6619554,-2.152974,-2.490000,0.337026,0.000214
16,mobley_6359156,-4.399078,-2.460000,1.939078,0.007071
16,mobley_1781152,-1.670767,-2.400000,0.729233,0.001000
16,mobley_859464,-2.514642,-2.360000,0.154642,0.000045
16,mobley_7150646,-1.617108,-2.300000,0.682892,0.000877
16,mobley_1592519,-2.563155,-2.230000,0.333155,0.000209
16,mobley_5538249,-2.204765,-2.160000,0.044765,0.000004
16,mobley_6911232,-1.454655,-2.100000,0.645345,0.000783
16,mobley_3269565,-0.903711,-2.010000,1.106289,0.002301
16,mobley_2484519,-2.946784,-1.930000,1.016784,0.001944
16,mobley_7690440,-4.574233,-1.830000,2.744233,0.014161
16,mobley_3802803,-1.243701,-1.660000,0.416299,0.000326
16,mobley_1144156,-1.672291,-1.590000,0.082291,0.000013
16,mobley_2481002,-1.612038,-1.450000,0.162038,0.000049
16,mobley_2489709,-1.651625,-1.360000,0.291625,0.000160
16,mobley_5052949,-1.028547,-1.280000,0.251453,0.000119
16,mobley_2492140,-1.800052,-1.230000,0.570052,0.000611
16,mobley_7542832,-1.131909,-1.160000,0.028091,0.000001
16,mobley_7814642,-2.634653,-1.120000,1.514653,0.004314
16,mobley_1563176,-0.866868,-0.990000,0.123132,0.000029
16,mobley_1873346,-1.035143,-0.900000,0.135143,0.000034
16,mobley_3040612,-0.892792,-0.850000,0.042792,0.000003
16,mobley_4483973,-2.510335,-0.800000,1.710335,0.005501
16,mobley_9913368,-1.751950,-0.780000,0.971950,0.001776
16,mobley_1449384,-0.708887,-0.680000,0.028887,0.000002
16,mobley_7708038,-0.596579,-0.560000,0.036579,0.000003
16,mobley_8311321,0.344568,-0.500000,0.844568,0.001341
16,mobley_766666,-0.702210,-0.440000,0.262210,0.000129
16,mobley_5445548,-0.527950,-0.300000,0.227950,0.000098
16,mobley_9029594,-0.970323,-0.220000,0.750323,0.001059
16,mobley_3370989,-2.883647,-0.110000,2.773647,0.014467
16,mobley_627267,-0.285049,-0.030000,0.255049,0.000122
16,mobley_6250025,0.554310,0.080000,0.474310,0.000423
16,mobley_4252724,-0.646683,0.160000,0.806683,0.001224
16,mobley_7157427,0.312256,0.290000,0.022256,0.000001
16,mobley_8885088,-1.173653,0.560000,1.733653,0.005652
16,mobley_8522124,1.188206,0.710000,0.478206,0.000430
16,mobley_4678740,-1.555884,1.070000,2.625884,0.012966
16,mobley_2689721,0.576676,1.230000,0.653324,0.000803
16,mobley_1662128,0.988497,1.380000,0.391502,0.000288
16,mobley_4762983,2.019163,1.660000,0.359163,0.000243
16,mobley_7732703,1.324108,1.790000,0.465892,0.000408
16,mobley_2068538,0.999631,2.000000,1.000369,0.001882
16,mobley_5157661,1.536714,2.300000,0.763286,0.001096
16,mobley_1261349,2.463605,2.510000,0.046395,0.000004
16,mobley_2328633,1.745612,2.550000,0.804388,0.001217
16,mobley_8436428,2.619659,2.830000,0.210341,0.000083
16,mobley_3060426,3.241344,2.930000,0.311344,0.000182
16,mobley_2197088,3.009558,3.160000,0.150442,0.000043
17,mobley_9534740,-23.180420,-25.469999,2.289579,0.009858
17,mobley_6239320,-20.151886,-18.059999,2.091887,0.008229
17,mobley_7794077,-13.693762,-15.460000,1.766238,0.005866
17,mobley_7415647,-12.339617,-11.950000,0.389617,0.000285
17,mobley_1728386,-10.026857,-11.000000,0.973143,0.001781
17,mobley_2269032,-10.178634,-10.210000,0.031366,0.000002
17,mobley_2913224,-6.725295,-9.940000,3.214705,0.019433
17,mobley_2659552,-8.770539,-9.760000,0.989461,0.001841
17,mobley_7176290,-8.947186,-9.620000,0.672814,0.000851
17,mobley_2295058,-8.845561,-9.510000,0.664439,0.000830
17,mobley_6055410,-11.390686,-9.400000,1.990686,0.007452
17,mobley_4639255,-9.938448,-9.300000,0.638448,0.000767
17,mobley_1417007,-4.294298,-9.010000,4.715702,0.041817
17,mobley_6115639,-11.605752,-8.700000,2.905752,0.015877
17,mobley_6353617,-7.703351,-8.260000,0.556649,0.000583
17,mobley_2725215,-9.145902,-7.980000,1.165902,0.002556
17,mobley_7039935,-6.769319,-7.670000,0.900681,0.001525
17,mobley_4059279,-6.526358,-7.580000,1.053642,0.002088
17,mobley_951560,-9.045406,-7.400000,1.645406,0.005091
17,mobley_1922649,-10.764668,-7.190000,3.574667,0.024029
17,mobley_8798016,-7.214648,-7.000000,0.214648,0.000087
17,mobley_1858644,-7.420974,-6.790000,0.630974,0.000749
17,mobley_9114381,-5.558288,-6.720000,1.161712,0.002538
17,mobley_5311804,-5.811235,-6.620000,0.808764,0.001230
17,mobley_6743808,-6.350335,-6.500000,0.149665,0.000042
17,mobley_8789864,-5.857747,-6.400000,0.542253,0.000553
17,mobley_7009711,-5.922492,-6.270000,0.347508,0.000227
17,mobley_8789465,-4.956233,-6.200000,1.243767,0.002909
17,mobley_2923700,-6.337227,-6.130000,0.207227,0.000081
17,mobley_4780078,-5.514730,-6.010000,0.495270,0.000461
17,mobley_5467162,-5.458291,-5.910000,0.451709,0.000384
17,mobley_6257907,-5.763472,-5.820000,0.056529,0.000006
17,mobley_7913234,-5.926943,-5.730000,0.196943,0.000073
17,mobley_5518547,-5.879945,-5.570000,0.309945,0.000181
17,mobley_4883284,-5.872506,-5.490000,0.382506,0.000275
17,mobley_5220185,-5.007693,-5.450000,0.442307,0.000368
17,mobley_3359593,-5.597579,-5.260000,0.337578,0.000214
17,mobley_4683624,-6.065391,-5.210000,0.855391,0.001376
17,mobley_1636752,-3.443971,-5.100000,1.656029,0.005157
17,mobley_2310185,-5.071953,-5.000000,0.071953,0.000010
17,mobley_3682850,-3.716178,-4.910000,1.193822,0.002680
17,mobley_1363784,-4.644104,-4.840000,0.195896,0.000072
17,mobley_2837389,-4.877092,-4.780000,0.097092,0.000018
17,mobley_9507933,-4.843508,-4.720000,0.123508,0.000029
17,mobley_296847,-4.887434,-4.690000,0.197433,0.000073
17,mobley_8208692,-2.434507,-4.610000,2.175493,0.008900
17,mobley_4884177,-4.707157,-4.590000,0.117157,0.000026
17,mobley_6714389,-4.082159,-4.550000,0.467841,0.000412
17,mobley_2245668,-4.266455,-4.500000,0.233545,0.000103
17,mobley_5973402,-4.497036,-4.420000,0.077036,0.000011
17,mobley_3546460,-4.037994,-4.400000,0.362006,0.000246
17,mobley_8311303,-3.549493,-4.380000,0.830508,0.001297
17,mobley_9741965,-5.659922,-4.290000,1.369922,0.003529
17,mobley_4603202,-2.897616,-4.230000,1.332384,0.003338
17,mobley_628086,-4.024199,-4.160000,0.135801,0.000035
17,mobley_4620651,-3.707855,-4.100000,0.392145,0.000289
17,mobley_7977115,-4.065351,-4.060000,0.005351,0.000000
17,mobley_2789243,-3.197982,-4.010000,0.812018,0.001240
17,mobley_3968739,-3.339883,-3.920000,0.580117,0.000633
17,mobley_63712,-2.849734,-3.880000,1.030266,0.001996
17,mobley_1046331,-3.459775,-3.820000,0.360224,0.000244
17,mobley_1160109,-2.774919,-3.750000,0.975081,0.001788
17,mobley_4149784,-3.023806,-3.670000,0.646194,0.000785
17,mobley_397645,-3.229284,-3.640000,0.410717,0.000317
17,mobley_4690963,-4.462385,-3.540000,0.922385,0.001600
17,mobley_1967551,-3.045006,-3.500000,0.454994,0.000389
17,mobley_6733657,-5.054095,-3.440000,1.614095,0.004899
17,mobley_9565165,-3.279509,-3.350000,0.070491,0.000009
17,mobley_2487143,-3.117590,-3.280000,0.162410,0.000050
17,mobley_8449031,-2.105319,-3.220000,1.114681,0.002336
17,mobley_172879,-3.171653,-3.150000,0.021653,0.000001
17,mobley_5346580,-1.605395,-3.110000,1.504605,0.004257
17,mobley_3573480,-2.811475,-3.040000,0.228525,0.000098
17,mobley_1075836,-3.145595,-2.930000,0.215595,0.000087
17,mobley_6102880,-4.495869,-2.870000,1.625869,0.004971
17,mobley_1827204,-2.308407,-2.810000,0.501593,0.000473
17,mobley_2146331,-1.370121,-2.750000,1.379879,0.003581
17,mobley_7943327,-2.579435,-2.680000,0.100565,0.000019
17,mobley_5110043,-2.633516,-2.630000,0.003516,0.000000
17,mobley_5616693,-2.014324,-2.530000,0.515676,0.000500
17,mobley_6619554,-2.049790,-2.490000,0.440210,0.000364
17,mobley_6359156,-4.164011,-2.460000,1.704011,0.005460
17,mobley_1781152,-1.617116,-2.400000,0.782884,0.001153
17,mobley_859464,-2.376094,-2.360000,0.016094,0.000000
17,mobley_7150646,-1.477219,-2.300000,0.822781,0.001273
17,mobley_1592519,-2.457160,-2.230000,0.227160,0.000097
17,mobley_5538249,-1.946936,-2.160000,0.213064,0.000085
17,mobley_6911232,-1.366805,-2.100000,0.733195,0.001011
17,mobley_3269565,-0.799898,-2.010000,1.210102,0.002754
17,mobley_2484519,-2.839435,-1.930000,0.909435,0.001555
17,mobley_7690440,-4.572134,-1.830000,2.742133,0.014140
17,mobley_3802803,-1.156900,-1.660000,0.503100,0.000476
17,mobley_1144156,-1.542983,-1.590000,0.047017,0.000004
17,mobley_2481002,-1.449198,-1.450000,0.000802,0.000000
17,mobley_2489709,-1.351189,-1.360000,0.008811,0.000000
17,mobley_5052949,-0.946414,-1.280000,0.333586,0.000209
17,mobley_2492140,-1.956242,-1.230000,0.726242,0.000992
17,mobley_7542832,-1.030128,-1.160000,0.129872,0.000032
17,mobley_7814642,-2.308440,-1.120000,1.188440,0.002656
17,mobley_1563176,-0.861957,-0.990000,0.128043,0.000031
17,mobley_1873346,-0.902044,-0.900000,0.002044,0.000000
17,mobley_3040612,-0.715463,-0.850000,0.134537,0.000034
17,mobley_4483973,-2.385181,-0.800000,1.585181,0.004725
17,mobley_9913368,-1.658906,-0.780000,0.878906,0.001453
17,mobley_1449384,-0.523362,-0.680000,0.156638,0.000046
17,mobley_7708038,-0.550298,-0.560000,0.009702,0.000000
17,mobley_8311321,0.445249,-0.500000,0.945249,0.001680
17,mobley_766666,-0.583050,-0.440000,0.143050,0.000038
17,mobley_5445548,-0.456108,-0.300000,0.156108,0.000046
17,mobley_9029594,-0.987141,-0.220000,0.767141,0.001107
17,mobley_3370989,-2.848585,-0.110000,2.738585,0.014103
17,mobley_627267,-0.241068,-0.030000,0.211068,0.000084
17,mobley_6250025,0.538705,0.080000,0.458705,0.000396
17,mobley_4252724,-0.538747,0.160000,0.698747,0.000918
17,mobley_7157427,0.284416,0.290000,0.005584,0.000000
17,mobley_8885088,-0.956534,0.560000,1.516534,0.004325
17,mobley_8522124,1.227855,0.710000,0.517855,0.000504
17,mobley_4678740,-1.426989,1.070000,2.496989,0.011725
17,mobley_2689721,0.729398,1.230000,0.500602,0.000471
17,mobley_1662128,1.087185,1.380000,0.292815,0.000161
17,mobley_4762983,2.070983,1.660000,0.410983,0.000318
17,mobley_7732703,1.574314,1.790000,0.215686,0.000087
17,mobley_2068538,1.099747,2.000000,0.900253,0.001524
17,mobley_5157661,1.627690,2.300000,0.672310,0.000850
17,mobley_1261349,2.478945,2.510000,0.031055,0.000002
17,mobley_2328633,1.910469,2.550000,0.639531,0.000769
17,mobley_8436428,2.751701,2.830000,0.078299,0.000012
17,mobley_3060426,3.353081,2.930000,0.423081,0.000337
17,mobley_2197088,3.079204,3.160000,0.080796,0.000012
18,mobley_9534740,-23.434479,-25.469999,2.035521,0.007791
18,mobley_6239320,-20.352871,-18.059999,2.292871,0.009886
18,mobley_7794077,-13.698587,-15.460000,1.761413,0.005834
18,mobley_7415647,-12.620288,-11.950000,0.670288,0.000845
18,mobley_1728386,-10.458631,-11.000000,0.541369,0.000551
18,mobley_2269032,-10.959984,-10.210000,0.749984,0.001058
18,mobley_2913224,-7.118603,-9.940000,2.821397,0.014969
18,mobley_2659552,-9.170122,-9.760000,0.589878,0.000654
18,mobley_7176290,-9.258566,-9.620000,0.361434,0.000246
18,mobley_2295058,-9.418035,-9.510000,0.091966,0.000016
18,mobley_6055410,-11.957018,-9.400000,2.557018,0.012295
18,mobley_4639255,-10.121055,-9.300000,0.821054,0.001268
18,mobley_1417007,-3.818649,-9.010000,5.191351,0.050678
18,mobley_6115639,-10.831866,-8.700000,2.131866,0.008546
18,mobley_6353617,-8.185911,-8.260000,0.074089,0.000010
18,mobley_2725215,-8.901124,-7.980000,0.921124,0.001596
18,mobley_7039935,-7.439357,-7.670000,0.230643,0.000100
18,mobley_4059279,-6.624487,-7.580000,0.955513,0.001717
18,mobley_951560,-9.127192,-7.400000,1.727192,0.005610
18,mobley_1922649,-10.229983,-7.190000,3.039983,0.017378
18,mobley_8798016,-7.745971,-7.000000,0.745971,0.001046
18,mobley_1858644,-7.951064,-6.790000,1.161064,0.002535
18,mobley_9114381,-5.655922,-6.720000,1.064078,0.002129
18,mobley_5311804,-6.261832,-6.620000,0.358168,0.000241
18,mobley_6743808,-7.000618,-6.500000,0.500618,0.000471
18,mobley_8789864,-6.002253,-6.400000,0.397747,0.000297
18,mobley_7009711,-6.433669,-6.270000,0.163669,0.000050
18,mobley_8789465,-5.393494,-6.200000,0.806506,0.001223
18,mobley_2923700,-6.845059,-6.130000,0.715059,0.000961
18,mobley_4780078,-6.048320,-6.010000,0.038320,0.000003
18,mobley_5467162,-5.977733,-5.910000,0.067733,0.000009
18,mobley_6257907,-5.905536,-5.820000,0.085536,0.000014
18,mobley_7913234,-6.249553,-5.730000,0.519553,0.000508
18,mobley_5518547,-6.241706,-5.570000,0.671706,0.000848
18,mobley_4883284,-6.177462,-5.490000,0.687462,0.000889
18,mobley_5220185,-5.347723,-5.450000,0.102277,0.000020
18,mobley_3359593,-6.096143,-5.260000,0.836143,0.001315
18,mobley_4683624,-6.559042,-5.210000,1.349042,0.003422
18,mobley_1636752,-3.538380,-5.100000,1.561620,0.004586
18,mobley_2310185,-5.280377,-5.000000,0.280377,0.000148
18,mobley_3682850,-3.970221,-4.910000,0.939779,0.001661
18,mobley_1363784,-5.189236,-4.840000,0.349236,0.000229
18,mobley_2837389,-5.146925,-4.780000,0.366925,0.000253
18,mobley_9507933,-5.465029,-4.720000,0.745029,0.001044
18,mobley_296847,-5.434573,-4.690000,0.744573,0.001043
18,mobley_8208692,-2.529377,-4.610000,2.080623,0.008140
18,mobley_4884177,-5.249775,-4.590000,0.659775,0.000819
18,mobley_6714389,-3.969517,-4.550000,0.580484,0.000634
18,mobley_2245668,-4.488832,-4.500000,0.011168,0.000000
18,mobley_5973402,-4.704909,-4.420000,0.284909,0.000153
18,mobley_3546460,-4.179745,-4.400000,0.220255,0.000091
18,mobley_8311303,-3.514466,-4.380000,0.865535,0.001409
18,mobley_9741965,-5.897981,-4.290000,1.607981,0.004862
18,mobley_4603202,-3.196142,-4.230000,1.033858,0.002010
18,mobley_628086,-3.919965,-4.160000,0.240035,0.000108
18,mobley_4620651,-4.096380,-4.100000,0.003620,0.000000
18,mobley_7977115,-4.325960,-4.060000,0.265960,0.000133
18,mobley_2789243,-3.437938,-4.010000,0.572062,0.000615
18,mobley_3968739,-3.863210,-3.920000,0.056790,0.000006
18,mobley_63712,-2.957731,-3.880000,0.922269,0.001599
18,mobley_1046331,-3.892967,-3.820000,0.072967,0.000010
18,mobley_1160109,-3.140545,-3.750000,0.609455,0.000698
18,mobley_4149784,-3.561780,-3.670000,0.108220,0.000022
18,mobley_397645,-3.846523,-3.640000,0.206523,0.000080
18,mobley_4690963,-4.940130,-3.540000,1.400130,0.003686
18,mobley_1967551,-3.213871,-3.500000,0.286129,0.000154
18,mobley_6733657,-4.530396,-3.440000,1.090396,0.002236
18,mobley_9565165,-4.157100,-3.350000,0.807100,0.001225
18,mobley_2487143,-3.249614,-3.280000,0.030386,0.000002
18,mobley_8449031,-2.308990,-3.220000,0.911010,0.001561
18,mobley_172879,-3.857577,-3.150000,0.707577,0.000941
18,mobley_5346580,-1.936036,-3.110000,1.173964,0.002592
18,mobley_3573480,-2.933166,-3.040000,0.106834,0.000021
18,mobley_1075836,-3.407128,-2.930000,0.477128,0.000428
18,mobley_6102880,-5.250249,-2.870000,2.380249,0.010654
18,mobley_1827204,-2.555923,-2.810000,0.254077,0.000121
18,mobley_2146331,-1.635718,-2.750000,1.114282,0.002335
18,mobley_7943327,-2.933068,-2.680000,0.253068,0.000120
18,mobley_5110043,-3.409350,-2.630000,0.779350,0.001142
18,mobley_5616693,-2.249553,-2.530000,0.280447,0.000148
18,mobley_6619554,-2.374818,-2.490000,0.115182,0.000025
18,mobley_6359156,-4.595447,-2.460000,2.135447,0.008575
18,mobley_1781152,-1.951995,-2.400000,0.448005,0.000377
18,mobley_859464,-2.698601,-2.360000,0.338602,0.000216
18,mobley_7150646,-1.817807,-2.300000,0.482193,0.000437
18,mobley_1592519,-2.757314,-2.230000,0.527314,0.000523
18,mobley_5538249,-2.261636,-2.160000,0.101636,0.000019
18,mobley_6911232,-1.654036,-2.100000,0.445964,0.000374
18,mobley_3269565,-1.103754,-2.010000,0.906246,0.001544
18,mobley_2484519,-3.227503,-1.930000,1.297503,0.003166
18,mobley_7690440,-4.644381,-1.830000,2.814381,0.014895
18,mobley_3802803,-1.360236,-1.660000,0.299764,0.000169
18,mobley_1144156,-1.879726,-1.590000,0.289726,0.000158
18,mobley_2481002,-1.316217,-1.450000,0.133783,0.000034
18,mobley_2489709,-1.526894,-1.360000,0.166894,0.000052
18,mobley_5052949,-1.233440,-1.280000,0.046560,0.000004
18,mobley_2492140,-1.589178,-1.230000,0.359178,0.000243
18,mobley_7542832,-1.263745,-1.160000,0.103745,0.000020
18,mobley_7814642,-2.348413,-1.120000,1.228413,0.002838
18,mobley_1563176,-1.051479,-0.990000,0.061479,0.000007
18,mobley_1873346,-1.349098,-0.900000,0.449098,0.000379
18,mobley_3040612,-1.214448,-0.850000,0.364448,0.000250
18,mobley_4483973,-2.760639,-0.800000,1.960639,0.007229
18,mobley_9913368,-1.720785,-0.780000,0.940785,0.001664
18,mobley_1449384,-0.989049,-0.680000,0.309049,0.000180
18,mobley_7708038,-0.750885,-0.560000,0.190885,0.000069
18,mobley_8311321,0.436798,-0.500000,0.936798,0.001650
18,mobley_766666,-0.670818,-0.440000,0.230818,0.000100
18,mobley_5445548,-0.886533,-0.300000,0.586533,0.000647
18,mobley_9029594,-1.032022,-0.220000,0.812022,0.001240
18,mobley_3370989,-2.994782,-0.110000,2.884782,0.015649
18,mobley_627267,-0.465587,-0.030000,0.435587,0.000357
18,mobley_6250025,0.345776,0.080000,0.265776,0.000133
18,mobley_4252724,-1.000058,0.160000,1.160058,0.002531
18,mobley_7157427,0.222510,0.290000,0.067490,0.000009
18,mobley_8885088,-1.257158,0.560000,1.817158,0.006209
18,mobley_8522124,0.983385,0.710000,0.273385,0.000141
18,mobley_4678740,-1.195158,1.070000,2.265158,0.009648
18,mobley_2689721,0.604392,1.230000,0.625608,0.000736
18,mobley_1662128,0.962908,1.380000,0.417092,0.000327
18,mobley_4762983,1.922277,1.660000,0.262277,0.000129
18,mobley_7732703,1.697311,1.790000,0.092689,0.000016
18,mobley_2068538,1.045049,2.000000,0.954951,0.001715
18,mobley_5157661,1.512544,2.300000,0.787456,0.001166
18,mobley_1261349,2.266373,2.510000,0.243627,0.000112
18,mobley_2328633,1.853611,2.550000,0.696388,0.000912
18,mobley_8436428,2.594783,2.830000,0.235217,0.000104
18,mobley_3060426,3.147529,2.930000,0.217529,0.000089
18,mobley_2197088,3.051641,3.160000,0.108359,0.000022
19,mobley_9534740,-22.925337,-25.469999,2.544662,0.012177
19,mobley_6239320,-20.542439,-18.059999,2.482439,0.011588
19,mobley_7794077,-14.126591,-15.460000,1.333409,0.003343
19,mobley_7415647,-12.645718,-11.950000,0.695718,0.000910
19,mobley_1728386,-10.059433,-11.000000,0.940567,0.001664
19,mobley_2269032,-10.310572,-10.210000,0.100572,0.000019
19,mobley_2913224,-6.670558,-9.940000,3.269441,0.020101
19,mobley_2659552,-9.065633,-9.760000,0.694367,0.000907
19,mobley_7176290,-8.874221,-9.620000,0.745779,0.001046
19,mobley_2295058,-8.852556,-9.510000,0.657444,0.000813
19,mobley_6055410,-11.184182,-9.400000,1.784183,0.005986
19,mobley_4639255,-9.989165,-9.300000,0.689165,0.000893
19,mobley_1417007,-4.406791,-9.010000,4.603209,0.039846
19,mobley_6115639,-11.594889,-8.700000,2.894889,0.015759
19,mobley_6353617,-7.683513,-8.260000,0.576488,0.000625
19,mobley_2725215,-9.492198,-7.980000,1.512198,0.004300
19,mobley_7039935,-6.614615,-7.670000,1.055385,0.002095
19,mobley_4059279,-6.509648,-7.580000,1.070352,0.002154
19,mobley_951560,-8.909006,-7.400000,1.509006,0.004282
19,mobley_1922649,-10.735589,-7.190000,3.545589,0.023640
19,mobley_8798016,-7.149302,-7.000000,0.149302,0.000042
19,mobley_1858644,-7.426633,-6.790000,0.636633,0.000762
19,mobley_9114381,-5.571784,-6.720000,1.148215,0.002479
19,mobley_5311804,-5.783374,-6.620000,0.836626,0.001316
19,mobley_6743808,-6.280887,-6.500000,0.219113,0.000090
19,mobley_8789864,-6.006383,-6.400000,0.393617,0.000291
19,mobley_7009711,-5.962534,-6.270000,0.307466,0.000178
19,mobley_8789465,-4.845810,-6.200000,1.354189,0.003448
19,mobley_2923700,-6.210593,-6.130000,0.080593,0.000012
19,mobley_4780078,-5.492357,-6.010000,0.517643,0.000504
19,mobley_5467162,-5.479825,-5.910000,0.430174,0.000348
19,mobley_6257907,-5.439332,-5.820000,0.380668,0.000272
19,mobley_7913234,-6.063017,-5.730000,0.333017,0.000209
19,mobley_5518547,-5.758822,-5.570000,0.188822,0.000067
19,mobley_4883284,-5.728850,-5.490000,0.238851,0.000107
19,mobley_5220185,-4.870407,-5.450000,0.579593,0.000632
19,mobley_3359593,-5.596306,-5.260000,0.336306,0.000213
19,mobley_4683624,-5.956065,-5.210000,0.746065,0.001047
19,mobley_1636752,-3.471629,-5.100000,1.628371,0.004986
19,mobley_2310185,-5.158205,-5.000000,0.158205,0.000047
19,mobley_3682850,-3.980493,-4.910000,0.929507,0.001625
19,mobley_1363784,-4.811838,-4.840000,0.028162,0.000001
19,mobley_2837389,-4.775878,-4.780000,0.004122,0.000000
19,mobley_9507933,-4.985528,-4.720000,0.265529,0.000133
19,mobley_296847,-4.797900,-4.690000,0.107900,0.000022
19,mobley_8208692,-2.532906,-4.610000,2.077094,0.008113
19,mobley_4884177,-4.673614,-4.590000,0.083614,0.000013
19,mobley_6714389,-3.984488,-4.550000,0.565512,0.000601
19,mobley_2245668,-4.353522,-4.500000,0.146478,0.000040
19,mobley_5973402,-4.674022,-4.420000,0.254022,0.000121
19,mobley_3546460,-4.094476,-4.400000,0.305524,0.000176
19,mobley_8311303,-3.705909,-4.380000,0.674091,0.000854
19,mobley_9741965,-5.807896,-4.290000,1.517896,0.004333
19,mobley_4603202,-2.863534,-4.230000,1.366466,0.003511
19,mobley_628086,-4.618495,-4.160000,0.458495,0.000395
19,mobley_4620651,-3.864971,-4.100000,0.235029,0.000104
19,mobley_7977115,-4.228320,-4.060000,0.168320,0.000053
19,mobley_2789243,-3.091064,-4.010000,0.918936,0.001588
19,mobley_3968739,-3.339552,-3.920000,0.580448,0.000634
19,mobley_63712,-3.159218,-3.880000,0.720782,0.000977
19,mobley_1046331,-3.341111,-3.820000,0.478889,0.000431
19,mobley_1160109,-3.178686,-3.750000,0.571314,0.000614
19,mobley_4149784,-3.134665,-3.670000,0.535335,0.000539
19,mobley_397645,-3.263638,-3.640000,0.376362,0.000266
19,mobley_4690963,-4.637528,-3.540000,1.097528,0.002265
19,mobley_1967551,-3.128275,-3.500000,0.371725,0.000260
19,mobley_6733657,-4.901463,-3.440000,1.461462,0.004016
19,mobley_9565165,-3.345487,-3.350000,0.004513,0.000000
19,mobley_2487143,-3.180346,-3.280000,0.099654,0.000019
19,mobley_8449031,-2.279848,-3.220000,0.940152,0.001662
19,mobley_172879,-3.040208,-3.150000,0.109792,0.000023
19,mobley_5346580,-1.829998,-3.110000,1.280002,0.003081
19,mobley_3573480,-2.867798,-3.040000,0.172202,0.000056
19,mobley_1075836,-3.178775,-2.930000,0.248775,0.000116
19,mobley_6102880,-4.314406,-2.870000,1.444407,0.003923
19,mobley_1827204,-2.509897,-2.810000,0.300103,0.000169
19,mobley_2146331,-1.497473,-2.750000,1.252527,0.002950
19,mobley_7943327,-2.609995,-2.680000,0.070005,0.000009
19,mobley_5110043,-2.580649,-2.630000,0.049351,0.000005
19,mobley_5616693,-2.368717,-2.530000,0.161283,0.000049
19,mobley_6619554,-2.102461,-2.490000,0.387539,0.000282
19,mobley_6359156,-3.995646,-2.460000,1.535646,0.004435
19,mobley_1781152,-1.886923,-2.400000,0.513077,0.000495
19,mobley_859464,-2.501405,-2.360000,0.141405,0.000038
19,mobley_7150646,-1.296626,-2.300000,1.003374,0.001893
19,mobley_1592519,-2.482281,-2.230000,0.252281,0.000120
19,mobley_5538249,-1.835909,-2.160000,0.324092,0.000198
19,mobley_6911232,-1.520318,-2.100000,0.579682,0.000632
19,mobley_3269565,-1.001845,-2.010000,1.008155,0.001911
19,mobley_2484519,-2.702100,-1.930000,0.772100,0.001121
19,mobley_7690440,-4.431644,-1.830000,2.601644,0.012728
19,mobley_3802803,-1.225186,-1.660000,0.434814,0.000356
19,mobley_1144156,-1.613993,-1.590000,0.023993,0.000001
19,mobley_2481002,-1.633223,-1.450000,0.183223,0.000063
19,mobley_2489709,-1.359331,-1.360000,0.000669,0.000000
19,mobley_5052949,-0.917786,-1.280000,0.362214,0.000247
19,mobley_2492140,-1.924896,-1.230000,0.694896,0.000908
19,mobley_7542832,-1.124903,-1.160000,0.035097,0.000002
19,mobley_7814642,-2.205208,-1.120000,1.085208,0.002215
19,mobley_1563176,-0.939912,-0.990000,0.050088,0.000005
19,mobley_1873346,-0.819304,-0.900000,0.080696,0.000012
19,mobley_3040612,-0.648133,-0.850000,0.201867,0.000077
19,mobley_4483973,-2.259601,-0.800000,1.459601,0.004006
19,mobley_9913368,-1.637552,-0.780000,0.857552,0.001383
19,mobley_1449384,-0.514423,-0.680000,0.165577,0.000052
19,mobley_7708038,-0.683872,-0.560000,0.123872,0.000029
19,mobley_8311321,0.072006,-0.500000,0.572006,0.000615
19,mobley_766666,-0.726964,-0.440000,0.286964,0.000155
19,mobley_5445548,-0.408897,-0.300000,0.108897,0.000022
19,mobley_9029594,-1.006229,-0.220000,0.786229,0.001162
19,mobley_3370989,-2.886347,-0.110000,2.776347,0.014495
19,mobley_627267,-0.445008,-0.030000,0.415008,0.000324
19,mobley_6250025,0.434688,0.080000,0.354688,0.000237
19,mobley_4252724,-0.530110,0.160000,0.690110,0.000896
19,mobley_7157427,0.328544,0.290000,0.038544,0.000003
19,mobley_8885088,-1.045943,0.560000,1.605944,0.004850
19,mobley_8522124,1.114727,0.710000,0.404727,0.000308
19,mobley_4678740,-2.132589,1.070000,3.202589,0.019287
19,mobley_2689721,0.637401,1.230000,0.592599,0.000660
19,mobley_1662128,1.098942,1.380000,0.281058,0.000149
19,mobley_4762983,2.070654,1.660000,0.410654,0.000317
19,mobley_7732703,0.882631,1.790000,0.907369,0.001548
19,mobley_2068538,1.155968,2.000000,0.844032,0.001340
19,mobley_5157661,1.596243,2.300000,0.703757,0.000931
19,mobley_1261349,2.304320,2.510000,0.205680,0.000080
19,mobley_2328633,1.886939,2.550000,0.663061,0.000827
19,mobley_8436428,2.693817,2.830000,0.136183,0.000035
19,mobley_3060426,3.207030,2.930000,0.277030,0.000144
19,mobley_2197088,3.139075,3.160000,0.020925,0.000001
20,mobley_9534740,-22.457100,-25.469999,3.012899,0.017070
20,mobley_6239320,-20.532333,-18.059999,2.472334,0.011494
20,mobley_7794077,-14.147604,-15.460000,1.312396,0.003239
20,mobley_7415647,-12.665712,-11.950000,0.715713,0.000963
20,mobley_1728386,-9.944118,-11.000000,1.055882,0.002096
20,mobley_2269032,-9.687201,-10.210000,0.522799,0.000514
20,mobley_2913224,-6.621506,-9.940000,3.318493,0.020708
20,mobley_2659552,-8.769576,-9.760000,0.990424,0.001845
20,mobley_7176290,-8.903816,-9.620000,0.716184,0.000965
20,mobley_2295058,-8.660291,-9.510000,0.849710,0.001358
20,mobley_6055410,-10.901772,-9.400000,1.501772,0.004241
20,mobley_4639255,-9.728028,-9.300000,0.428028,0.000345
20,mobley_1417007,-3.603883,-9.010000,5.406117,0.054958
20,mobley_6115639,-10.310745,-8.700000,1.610745,0.004879
20,mobley_6353617,-7.328327,-8.260000,0.931673,0.001632
20,mobley_2725215,-9.989899,-7.980000,2.009899,0.007596
20,mobley_7039935,-6.340527,-7.670000,1.329473,0.003324
20,mobley_4059279,-6.790184,-7.580000,0.789816,0.001173
20,mobley_951560,-9.016996,-7.400000,1.616996,0.004917
20,mobley_1922649,-9.546306,-7.190000,2.356306,0.010441
20,mobley_8798016,-6.983920,-7.000000,0.016080,0.000000
20,mobley_1858644,-7.174187,-6.790000,0.384187,0.000278
20,mobley_9114381,-5.595852,-6.720000,1.124147,0.002376
20,mobley_5311804,-5.502346,-6.620000,1.117654,0.002349
20,mobley_6743808,-5.992360,-6.500000,0.507640,0.000485
20,mobley_8789864,-5.847113,-6.400000,0.552887,0.000575
20,mobley_7009711,-5.646041,-6.270000,0.623959,0.000732
20,mobley_8789465,-4.681581,-6.200000,1.518419,0.004336
20,mobley_2923700,-5.889096,-6.130000,0.240904,0.000109
20,mobley_4780078,-5.202791,-6.010000,0.807209,0.001225
20,mobley_5467162,-5.054379,-5.910000,0.855621,0.001377
20,mobley_6257907,-5.756032,-5.820000,0.063968,0.000008
20,mobley_7913234,-5.947593,-5.730000,0.217593,0.000089
20,mobley_5518547,-5.683397,-5.570000,0.113397,0.000024
20,mobley_4883284,-5.720653,-5.490000,0.230653,0.000100
20,mobley_5220185,-4.879419,-5.450000,0.570581,0.000612
20,mobley_3359593,-5.356429,-5.260000,0.096428,0.000017
20,mobley_4683624,-5.704733,-5.210000,0.494733,0.000460
20,mobley_1636752,-3.368816,-5.100000,1.731184,0.005636
20,mobley_2310185,-4.930499,-5.000000,0.069501,0.000009
20,mobley_3682850,-3.836631,-4.910000,1.073369,0.002167
20,mobley_1363784,-4.490460,-4.840000,0.349540,0.000230
20,mobley_2837389,-4.630229,-4.780000,0.149771,0.000042
20,mobley_9507933,-4.634504,-4.720000,0.085496,0.000014
20,mobley_296847,-4.539359,-4.690000,0.150641,0.000043
20,mobley_8208692,-2.774029,-4.610000,1.835971,0.006339
20,mobley_4884177,-4.342532,-4.590000,0.247468,0.000115
20,mobley_6714389,-3.845658,-4.550000,0.704342,0.000933
20,mobley_2245668,-4.211716,-4.500000,0.288284,0.000156
20,mobley_5973402,-4.419127,-4.420000,0.000873,0.000000
20,mobley_3546460,-4.010463,-4.400000,0.389537,0.000285
20,mobley_8311303,-3.776251,-4.380000,0.603749,0.000685
20,mobley_9741965,-6.249975,-4.290000,1.959975,0.007224
20,mobley_4603202,-3.269264,-4.230000,0.960736,0.001736
20,mobley_628086,-4.237581,-4.160000,0.077581,0.000011
20,mobley_4620651,-3.794589,-4.100000,0.305411,0.000175
20,mobley_7977115,-3.897929,-4.060000,0.162071,0.000049
20,mobley_2789243,-3.303049,-4.010000,0.706952,0.000940
20,mobley_3968739,-3.380950,-3.920000,0.539050,0.000546
20,mobley_63712,-3.059647,-3.880000,0.820353,0.001266
20,mobley_1046331,-3.411141,-3.820000,0.408859,0.000314
20,mobley_1160109,-2.725904,-3.750000,1.024096,0.001972
20,mobley_4149784,-3.372418,-3.670000,0.297582,0.000167
20,mobley_397645,-3.279768,-3.640000,0.360233,0.000244
20,mobley_4690963,-4.741234,-3.540000,1.201234,0.002713
20,mobley_1967551,-3.071409,-3.500000,0.428591,0.000345
20,mobley_6733657,-3.924871,-3.440000,0.484871,0.000442
20,mobley_9565165,-3.195508,-3.350000,0.154492,0.000045
20,mobley_2487143,-3.126836,-3.280000,0.153164,0.000044
20,mobley_8449031,-2.252261,-3.220000,0.967739,0.001761
20,mobley_172879,-3.089759,-3.150000,0.060241,0.000007
20,mobley_5346580,-1.508205,-3.110000,1.601795,0.004825
20,mobley_3573480,-2.827806,-3.040000,0.212194,0.000085
20,mobley_1075836,-3.249085,-2.930000,0.319085,0.000191
20,mobley_6102880,-4.206283,-2.870000,1.336283,0.003358
20,mobley_1827204,-2.484524,-2.810000,0.325476,0.000199
20,mobley_2146331,-1.382035,-2.750000,1.367965,0.003519
20,mobley_7943327,-2.651495,-2.680000,0.028506,0.000002
20,mobley_5110043,-2.424993,-2.630000,0.205008,0.000079
20,mobley_5616693,-1.953490,-2.530000,0.576509,0.000625
20,mobley_6619554,-2.197971,-2.490000,0.292029,0.000160
20,mobley_6359156,-4.006457,-2.460000,1.546457,0.004497
20,mobley_1781152,-1.680436,-2.400000,0.719564,0.000974
20,mobley_859464,-2.532091,-2.360000,0.172091,0.000056
20,mobley_7150646,-1.251700,-2.300000,1.048300,0.002066
20,mobley_1592519,-2.595238,-2.230000,0.365238,0.000251
20,mobley_5538249,-1.933661,-2.160000,0.226339,0.000096
20,mobley_6911232,-1.502622,-2.100000,0.597378,0.000671
20,mobley_3269565,-0.916111,-2.010000,1.093889,0.002250
20,mobley_2484519,-2.597721,-1.930000,0.667721,0.000838
20,mobley_7690440,-4.505367,-1.830000,2.675367,0.013460
20,mobley_3802803,-1.530158,-1.660000,0.129842,0.000032
20,mobley_1144156,-1.641351,-1.590000,0.051350,0.000005
20,mobley_2481002,-1.570190,-1.450000,0.120190,0.000027
20,mobley_2489709,-1.572712,-1.360000,0.212712,0.000085
20,mobley_5052949,-1.194636,-1.280000,0.085364,0.000014
20,mobley_2492140,-1.315920,-1.230000,0.085920,0.000014
20,mobley_7542832,-1.190462,-1.160000,0.030463,0.000002
20,mobley_7814642,-2.425165,-1.120000,1.305165,0.003203
20,mobley_1563176,-0.926763,-0.990000,0.063237,0.000008
20,mobley_1873346,-0.827109,-0.900000,0.072891,0.000010
20,mobley_3040612,-0.587016,-0.850000,0.262984,0.000130
20,mobley_4483973,-2.286155,-0.800000,1.486155,0.004153
20,mobley_9913368,-1.709075,-0.780000,0.929075,0.001623
20,mobley_1449384,-0.375729,-0.680000,0.304271,0.000174
20,mobley_7708038,-0.607019,-0.560000,0.047019,0.000004
20,mobley_8311321,0.188787,-0.500000,0.688787,0.000892
20,mobley_766666,-0.780396,-0.440000,0.340396,0.000218
20,mobley_5445548,-0.322754,-0.300000,0.022754,0.000001
20,mobley_9029594,-0.877569,-0.220000,0.657569,0.000813
20,mobley_3370989,-3.118016,-0.110000,3.008016,0.017015
20,mobley_627267,-0.262725,-0.030000,0.232725,0.000102
20,mobley_6250025,0.417455,0.080000,0.337455,0.000214
20,mobley_4252724,-0.435559,0.160000,0.595559,0.000667
20,mobley_7157427,0.279517,0.290000,0.010483,0.000000
20,mobley_8885088,-0.924722,0.560000,1.484722,0.004145
20,mobley_8522124,1.114023,0.710000,0.404023,0.000307
20,mobley_4678740,-1.786495,1.070000,2.856495,0.015344
20,mobley_2689721,0.512515,1.230000,0.717485,0.000968
20,mobley_1662128,1.096298,1.380000,0.283702,0.000151
20,mobley_4762983,2.035733,1.660000,0.375733,0.000265
20,mobley_7732703,1.444319,1.790000,0.345681,0.000225
20,mobley_2068538,1.090176,2.000000,0.909824,0.001557
20,mobley_5157661,1.590217,2.300000,0.709783,0.000947
20,mobley_1261349,2.569553,2.510000,0.059553,0.000007
20,mobley_2328633,1.855122,2.550000,0.694878,0.000908
20,mobley_8436428,2.684198,2.830000,0.145802,0.000040
20,mobley_3060426,3.430715,2.930000,0.500715,0.000471
20,mobley_2197088,2.981473,3.160000,0.178527,0.000060
21,mobley_9534740,-23.181437,-25.469999,2.288563,0.009849
21,mobley_6239320,-19.685240,-18.059999,1.625240,0.004967
21,mobley_7794077,-13.261558,-15.460000,2.198442,0.009089
21,mobley_7415647,-12.626142,-11.950000,0.676142,0.000860
21,mobley_1728386,-9.959572,-11.000000,1.040428,0.002036
21,mobley_2269032,-9.789464,-10.210000,0.420536,0.000333
21,mobley_2913224,-6.682683,-9.940000,3.257317,0.019952
21,mobley_2659552,-9.067162,-9.760000,0.692839,0.000903
21,mobley_7176290,-8.897408,-9.620000,0.722592,0.000982
21,mobley_2295058,-8.897202,-9.510000,0.612798,0.000706
21,mobley_6055410,-10.802838,-9.400000,1.402839,0.003701
21,mobley_4639255,-10.029680,-9.300000,0.729680,0.001001
21,mobley_1417007,-4.082369,-9.010000,4.927631,0.045660
21,mobley_6115639,-11.545563,-8.700000,2.845563,0.015226
21,mobley_6353617,-7.628412,-8.260000,0.631588,0.000750
21,mobley_2725215,-8.198996,-7.980000,0.218996,0.000090
21,mobley_7039935,-6.527791,-7.670000,1.142210,0.002453
21,mobley_4059279,-6.821132,-7.580000,0.758868,0.001083
21,mobley_951560,-9.211135,-7.400000,1.811135,0.006168
21,mobley_1922649,-10.803172,-7.190000,3.613172,0.024549
21,mobley_8798016,-7.138240,-7.000000,0.138240,0.000036
21,mobley_1858644,-7.472556,-6.790000,0.682556,0.000876
21,mobley_9114381,-5.654075,-6.720000,1.065925,0.002137
21,mobley_5311804,-5.700832,-6.620000,0.919168,0.001589
21,mobley_6743808,-6.453673,-6.500000,0.046327,0.000004
21,mobley_8789864,-6.006211,-6.400000,0.393789,0.000292
21,mobley_7009711,-6.098738,-6.270000,0.171262,0.000055
21,mobley_8789465,-4.858734,-6.200000,1.341266,0.003383
21,mobley_2923700,-6.299797,-6.130000,0.169796,0.000054
21,mobley_4780078,-5.670690,-6.010000,0.339311,0.000216
21,mobley_5467162,-5.582174,-5.910000,0.327826,0.000202
21,mobley_6257907,-5.562851,-5.820000,0.257149,0.000124
21,mobley_7913234,-6.359462,-5.730000,0.629462,0.000745
21,mobley_5518547,-5.932436,-5.570000,0.362435,0.000247
21,mobley_4883284,-5.864587,-5.490000,0.374587,0.000264
21,mobley_5220185,-4.981064,-5.450000,0.468936,0.000414
21,mobley_3359593,-5.772127,-5.260000,0.512126,0.000493
21,mobley_4683624,-6.126518,-5.210000,0.916518,0.001580
21,mobley_1636752,-3.517082,-5.100000,1.582917,0.004712
21,mobley_2310185,-5.260006,-5.000000,0.260006,0.000127
21,mobley_3682850,-4.066029,-4.910000,0.843971,0.001339
21,mobley_1363784,-4.833054,-4.840000,0.006946,0.000000
21,mobley_2837389,-4.793025,-4.780000,0.013024,0.000000
21,mobley_9507933,-5.083977,-4.720000,0.363977,0.000249
21,mobley_296847,-4.803152,-4.690000,0.113152,0.000024
21,mobley_8208692,-2.849925,-4.610000,1.760076,0.005825
21,mobley_4884177,-4.696740,-4.590000,0.106740,0.000021
21,mobley_6714389,-4.006423,-4.550000,0.543577,0.000556
21,mobley_2245668,-4.502574,-4.500000,0.002574,0.000000
21,mobley_5973402,-4.835300,-4.420000,0.415300,0.000324
21,mobley_3546460,-4.532231,-4.400000,0.132231,0.000033
21,mobley_8311303,-4.109929,-4.380000,0.270071,0.000137
21,mobley_9741965,-5.541568,-4.290000,1.251568,0.002946
21,mobley_4603202,-3.096903,-4.230000,1.133097,0.002414
21,mobley_628086,-4.196598,-4.160000,0.036598,0.000003
21,mobley_4620651,-4.026897,-4.100000,0.073103,0.000010
21,mobley_7977115,-4.511083,-4.060000,0.451083,0.000383
21,mobley_2789243,-3.212146,-4.010000,0.797855,0.001197
21,mobley_3968739,-3.335158,-3.920000,0.584842,0.000643
21,mobley_63712,-3.224996,-3.880000,0.655004,0.000807
21,mobley_1046331,-3.276577,-3.820000,0.543423,0.000555
21,mobley_1160109,-3.343822,-3.750000,0.406178,0.000310
21,mobley_4149784,-3.192045,-3.670000,0.477955,0.000430
21,mobley_397645,-3.321750,-3.640000,0.318250,0.000190
21,mobley_4690963,-4.854704,-3.540000,1.314704,0.003250
21,mobley_1967551,-3.245131,-3.500000,0.254869,0.000122
21,mobley_6733657,-4.542224,-3.440000,1.102224,0.002285
21,mobley_9565165,-3.202405,-3.350000,0.147595,0.000041
21,mobley_2487143,-3.526291,-3.280000,0.246291,0.000114
21,mobley_8449031,-2.439634,-3.220000,0.780366,0.001145
21,mobley_172879,-2.807273,-3.150000,0.342727,0.000221
21,mobley_5346580,-1.968821,-3.110000,1.141179,0.002449
21,mobley_3573480,-3.293438,-3.040000,0.253438,0.000121
21,mobley_1075836,-3.312007,-2.930000,0.382007,0.000274
21,mobley_6102880,-4.175293,-2.870000,1.305293,0.003204
21,mobley_1827204,-2.866860,-2.810000,0.056860,0.000006
21,mobley_2146331,-1.492911,-2.750000,1.257089,0.002972
21,mobley_7943327,-2.745293,-2.680000,0.065293,0.000008
21,mobley_5110043,-2.529318,-2.630000,0.100682,0.000019
21,mobley_5616693,-2.461893,-2.530000,0.068107,0.000009
21,mobley_6619554,-2.367932,-2.490000,0.122068,0.000028
21,mobley_6359156,-4.036282,-2.460000,1.576282,0.004672
21,mobley_1781152,-2.017179,-2.400000,0.382821,0.000276
21,mobley_859464,-2.670705,-2.360000,0.310705,0.000182
21,mobley_7150646,-1.297380,-2.300000,1.002620,0.001890
21,mobley_1592519,-2.839722,-2.230000,0.609722,0.000699
21,mobley_5538249,-2.163110,-2.160000,0.003110,0.000000
21,mobley_6911232,-1.644706,-2.100000,0.455294,0.000390
21,mobley_3269565,-1.144526,-2.010000,0.865474,0.001409
21,mobley_2484519,-2.761413,-1.930000,0.831413,0.001300
21,mobley_7690440,-4.351382,-1.830000,2.521382,0.011955
21,mobley_3802803,-1.385165,-1.660000,0.274835,0.000142
21,mobley_1144156,-1.774776,-1.590000,0.184776,0.000064
21,mobley_2481002,-1.565284,-1.450000,0.115284,0.000025
21,mobley_2489709,-1.471020,-1.360000,0.111020,0.000023
21,mobley_5052949,-1.126841,-1.280000,0.153159,0.000044
21,mobley_2492140,-1.539730,-1.230000,0.309730,0.000180
21,mobley_7542832,-1.402465,-1.160000,0.242465,0.000111
21,mobley_7814642,-2.323634,-1.120000,1.203634,0.002724
21,mobley_1563176,-1.146725,-0.990000,0.156725,0.000046
21,mobley_1873346,-0.869399,-0.900000,0.030601,0.000002
21,mobley_3040612,-0.748847,-0.850000,0.101153,0.000019
21,mobley_4483973,-2.243688,-0.800000,1.443688,0.003919
21,mobley_9913368,-1.678529,-0.780000,0.898529,0.001518
21,mobley_1449384,-0.537342,-0.680000,0.142658,0.000038
21,mobley_7708038,-0.808078,-0.560000,0.248078,0.000116
21,mobley_8311321,0.487165,-0.500000,0.987165,0.001832
21,mobley_766666,-0.645093,-0.440000,0.205093,0.000079
21,mobley_5445548,-0.394563,-0.300000,0.094563,0.000017
21,mobley_9029594,-0.903175,-0.220000,0.683175,0.000878
21,mobley_3370989,-2.807439,-0.110000,2.697439,0.013683
21,mobley_627267,-0.480866,-0.030000,0.450866,0.000382
21,mobley_6250025,0.053998,0.080000,0.026002,0.000001
21,mobley_4252724,-0.554978,0.160000,0.714978,0.000961
21,mobley_7157427,-0.041083,0.290000,0.331083,0.000206
21,mobley_8885088,-1.097069,0.560000,1.657069,0.005163
21,mobley_8522124,0.775338,0.710000,0.065338,0.000008
21,mobley_4678740,-1.054191,1.070000,2.124191,0.008485
21,mobley_2689721,0.533753,1.230000,0.696247,0.000912
21,mobley_1662128,0.959578,1.380000,0.420422,0.000332
21,mobley_4762983,1.729759,1.660000,0.069759,0.000009
21,mobley_7732703,1.353508,1.790000,0.436491,0.000358
21,mobley_2068538,1.029871,2.000000,0.970129,0.001770
21,mobley_5157661,1.475868,2.300000,0.824132,0.001277
21,mobley_1261349,2.296826,2.510000,0.213174,0.000085
21,mobley_2328633,1.576770,2.550000,0.973230,0.001781
21,mobley_8436428,2.536944,2.830000,0.293056,0.000161
21,mobley_3060426,3.082437,2.930000,0.152437,0.000044
21,mobley_2197088,2.660107,3.160000,0.499893,0.000470
22,mobley_9534740,-22.112062,-25.469999,3.357937,0.021204
22,mobley_6239320,-19.722645,-18.059999,1.662645,0.005198
22,mobley_7794077,-13.701987,-15.460000,1.758013,0.005812
22,mobley_7415647,-12.382583,-11.950000,0.432583,0.000352
22,mobley_1728386,-10.065983,-11.000000,0.934017,0.001640
22,mobley_2269032,-9.781446,-10.210000,0.428554,0.000345
22,mobley_2913224,-6.585350,-9.940000,3.354650,0.021162
22,mobley_2659552,-8.984493,-9.760000,0.775507,0.001131
22,mobley_7176290,-8.756232,-9.620000,0.863768,0.001403
22,mobley_2295058,-8.820828,-9.510000,0.689172,0.000893
22,mobley_6055410,-10.876869,-9.400000,1.476870,0.004102
22,mobley_4639255,-9.727697,-9.300000,0.427697,0.000344
22,mobley_1417007,-3.993290,-9.010000,5.016711,0.047326
22,mobley_6115639,-11.144037,-8.700000,2.444037,0.011233
22,mobley_6353617,-7.579970,-8.260000,0.680030,0.000870
22,mobley_2725215,-9.769593,-7.980000,1.789593,0.006022
22,mobley_7039935,-6.675330,-7.670000,0.994670,0.001860
22,mobley_4059279,-6.816848,-7.580000,0.763152,0.001095
22,mobley_951560,-8.988946,-7.400000,1.588946,0.004748
22,mobley_1922649,-9.819814,-7.190000,2.629814,0.013005
22,mobley_8798016,-7.245186,-7.000000,0.245186,0.000113
22,mobley_1858644,-7.406523,-6.790000,0.616523,0.000715
22,mobley_9114381,-5.486340,-6.720000,1.233660,0.002862
22,mobley_5311804,-5.761016,-6.620000,0.858984,0.001387
22,mobley_6743808,-6.294421,-6.500000,0.205579,0.000079
22,mobley_8789864,-5.665051,-6.400000,0.734949,0.001016
22,mobley_7009711,-5.890864,-6.270000,0.379136,0.000270
22,mobley_8789465,-4.836503,-6.200000,1.363497,0.003496
22,mobley_2923700,-6.197391,-6.130000,0.067391,0.000009
22,mobley_4780078,-5.525059,-6.010000,0.484941,0.000442
22,mobley_5467162,-5.465739,-5.910000,0.444261,0.000371
22,mobley_6257907,-5.865790,-5.820000,0.045790,0.000004
22,mobley_7913234,-5.954958,-5.730000,0.224958,0.000095
22,mobley_5518547,-5.852019,-5.570000,0.282019,0.000150
22,mobley_4883284,-5.901749,-5.490000,0.411749,0.000319
22,mobley_5220185,-4.967337,-5.450000,0.482663,0.000438
22,mobley_3359593,-5.397540,-5.260000,0.137539,0.000036
22,mobley_4683624,-5.983120,-5.210000,0.773120,0.001124
22,mobley_1636752,-3.446679,-5.100000,1.653321,0.005140
22,mobley_2310185,-5.035722,-5.000000,0.035722,0.000002
22,mobley_3682850,-3.922374,-4.910000,0.987625,0.001834
22,mobley_1363784,-4.734343,-4.840000,0.105657,0.000021
22,mobley_2837389,-4.785965,-4.780000,0.005965,0.000000
22,mobley_9507933,-4.941156,-4.720000,0.221157,0.000092
22,mobley_296847,-4.916871,-4.690000,0.226871,0.000097
22,mobley_8208692,-2.712306,-4.610000,1.897695,0.006772
22,mobley_4884177,-4.689720,-4.590000,0.099720,0.000019
22,mobley_6714389,-3.939835,-4.550000,0.610166,0.000700
22,mobley_2245668,-4.238655,-4.500000,0.261345,0.000128
22,mobley_5973402,-4.558833,-4.420000,0.138833,0.000036
22,mobley_3546460,-4.255180,-4.400000,0.144820,0.000039
22,mobley_8311303,-3.881028,-4.380000,0.498972,0.000468
22,mobley_9741965,-5.987805,-4.290000,1.697805,0.005420
22,mobley_4603202,-3.156257,-4.230000,1.073743,0.002168
22,mobley_628086,-4.374440,-4.160000,0.214440,0.000086
22,mobley_4620651,-3.891406,-4.100000,0.208594,0.000082
22,mobley_7977115,-4.221503,-4.060000,0.161503,0.000049
22,mobley_2789243,-3.270388,-4.010000,0.739612,0.001029
22,mobley_3968739,-3.434487,-3.920000,0.485513,0.000443
22,mobley_63712,-2.993393,-3.880000,0.886607,0.001478
22,mobley_1046331,-3.424279,-3.820000,0.395721,0.000294
22,mobley_1160109,-3.169877,-3.750000,0.580123,0.000633
22,mobley_4149784,-2.945557,-3.670000,0.724443,0.000987
22,mobley_397645,-3.441049,-3.640000,0.198951,0.000074
22,mobley_4690963,-4.514357,-3.540000,0.974357,0.001785
22,mobley_1967551,-3.124266,-3.500000,0.375734,0.000265
22,mobley_6733657,-4.731777,-3.440000,1.291777,0.003138
22,mobley_9565165,-3.378475,-3.350000,0.028475,0.000002
22,mobley_2487143,-3.232929,-3.280000,0.047071,0.000004
22,mobley_8449031,-2.253389,-3.220000,0.966611,0.001757
22,mobley_172879,-3.041589,-3.150000,0.108411,0.000022
22,mobley_5346580,-1.764644,-3.110000,1.345356,0.003404
22,mobley_3573480,-2.979041,-3.040000,0.060959,0.000007
22,mobley_1075836,-3.049503,-2.930000,0.119503,0.000027
22,mobley_6102880,-4.428321,-2.870000,1.558321,0.004566
22,mobley_1827204,-2.685585,-2.810000,0.124415,0.000029
22,mobley_2146331,-1.447199,-2.750000,1.302801,0.003192
22,mobley_7943327,-2.536444,-2.680000,0.143556,0.000039
22,mobley_5110043,-2.581603,-2.630000,0.048398,0.000004
22,mobley_5616693,-2.260676,-2.530000,0.269324,0.000136
22,mobley_6619554,-2.120103,-2.490000,0.369897,0.000257
22,mobley_6359156,-4.188420,-2.460000,1.728420,0.005618
22,mobley_1781152,-1.736619,-2.400000,0.663381,0.000828
22,mobley_859464,-2.444116,-2.360000,0.084116,0.000013
22,mobley_7150646,-1.256639,-2.300000,1.043360,0.002047
22,mobley_1592519,-2.540328,-2.230000,0.310328,0.000181
22,mobley_5538249,-2.139404,-2.160000,0.020597,0.000001
22,mobley_6911232,-1.409029,-2.100000,0.690971,0.000898
22,mobley_3269565,-0.903889,-2.010000,1.106111,0.002301
22,mobley_2484519,-2.877656,-1.930000,0.947657,0.001689
22,mobley_7690440,-4.688562,-1.830000,2.858562,0.015366
22,mobley_3802803,-1.613379,-1.660000,0.046621,0.000004
22,mobley_1144156,-1.533109,-1.590000,0.056891,0.000006
22,mobley_2481002,-1.681415,-1.450000,0.231415,0.000101
22,mobley_2489709,-1.463734,-1.360000,0.103734,0.000020
22,mobley_5052949,-1.199214,-1.280000,0.080786,0.000012
22,mobley_2492140,-1.665197,-1.230000,0.435197,0.000356
22,mobley_7542832,-1.158116,-1.160000,0.001884,0.000000
22,mobley_7814642,-2.272043,-1.120000,1.152043,0.002496
22,mobley_1563176,-0.999045,-0.990000,0.009045,0.000000
22,mobley_1873346,-0.928364,-0.900000,0.028364,0.000002
22,mobley_3040612,-0.758927,-0.850000,0.091073,0.000016
22,mobley_4483973,-2.325173,-0.800000,1.525173,0.004374
22,mobley_9913368,-1.689347,-0.780000,0.909347,0.001555
22,mobley_1449384,-0.499734,-0.680000,0.180266,0.000061
22,mobley_7708038,-0.765229,-0.560000,0.205229,0.000079
22,mobley_8311321,0.169804,-0.500000,0.669804,0.000844
22,mobley_766666,-0.769963,-0.440000,0.329963,0.000205
22,mobley_5445548,-0.473478,-0.300000,0.173478,0.000057
22,mobley_9029594,-0.894974,-0.220000,0.674974,0.000857
22,mobley_3370989,-2.913580,-0.110000,2.803580,0.014780
22,mobley_627267,-0.374078,-0.030000,0.344078,0.000223
22,mobley_6250025,0.229717,0.080000,0.149717,0.000042
22,mobley_4252724,-0.584214,0.160000,0.744214,0.001041
22,mobley_7157427,0.098182,0.290000,0.191818,0.000069
22,mobley_8885088,-1.010576,0.560000,1.570576,0.004639
22,mobley_8522124,0.917890,0.710000,0.207890,0.000081
22,mobley_4678740,-1.717873,1.070000,2.787873,0.014615
22,mobley_2689721,0.661962,1.230000,0.568038,0.000607
22,mobley_1662128,1.053851,1.380000,0.326149,0.000200
22,mobley_4762983,1.857553,1.660000,0.197553,0.000073
22,mobley_7732703,0.989067,1.790000,0.800933,0.001206
22,mobley_2068538,1.177778,2.000000,0.822222,0.001271
22,mobley_5157661,1.596572,2.300000,0.703428,0.000930
22,mobley_1261349,2.445960,2.510000,0.064040,0.000008
22,mobley_2328633,1.789694,2.550000,0.760306,0.001087
22,mobley_8436428,2.675042,2.830000,0.154958,0.000045
22,mobley_3060426,3.261625,2.930000,0.331625,0.000207
22,mobley_2197088,2.910031,3.160000,0.249969,0.000117
23,mobley_9534740,-22.771261,-25.469999,2.698738,0.013696
23,mobley_6239320,-20.568523,-18.059999,2.508524,0.011833
23,mobley_7794077,-14.202362,-15.460000,1.257638,0.002974
23,mobley_7415647,-12.814531,-11.950000,0.864532,0.001405
23,mobley_1728386,-10.011121,-11.000000,0.988879,0.001839
23,mobley_2269032,-9.509539,-10.210000,0.700461,0.000923
23,mobley_2913224,-6.706359,-9.940000,3.233641,0.019663
23,mobley_2659552,-9.123510,-9.760000,0.636490,0.000762
23,mobley_7176290,-8.965865,-9.620000,0.654135,0.000805
23,mobley_2295058,-8.675578,-9.510000,0.834422,0.001309
23,mobley_6055410,-10.642041,-9.400000,1.242042,0.002901
23,mobley_4639255,-9.750496,-9.300000,0.450496,0.000382
23,mobley_1417007,-4.323516,-9.010000,4.686484,0.041301
23,mobley_6115639,-11.376591,-8.700000,2.676591,0.013472
23,mobley_6353617,-7.494277,-8.260000,0.765724,0.001103
23,mobley_2725215,-8.624888,-7.980000,0.644888,0.000782
23,mobley_7039935,-6.342580,-7.670000,1.327420,0.003313
23,mobley_4059279,-6.858072,-7.580000,0.721928,0.000980
23,mobley_951560,-8.971709,-7.400000,1.571709,0.004645
23,mobley_1922649,-10.574184,-7.190000,3.384184,0.021536
23,mobley_8798016,-7.047809,-7.000000,0.047809,0.000004
23,mobley_1858644,-7.191740,-6.790000,0.401740,0.000303
23,mobley_9114381,-5.616054,-6.720000,1.103946,0.002292
23,mobley_5311804,-5.531580,-6.620000,1.088419,0.002228
23,mobley_6743808,-6.248575,-6.500000,0.251425,0.000119
23,mobley_8789864,-6.031461,-6.400000,0.368539,0.000255
23,mobley_7009711,-5.836584,-6.270000,0.433416,0.000353
23,mobley_8789465,-4.643230,-6.200000,1.556769,0.004557
23,mobley_2923700,-6.021817,-6.130000,0.108183,0.000022
23,mobley_4780078,-5.401161,-6.010000,0.608840,0.000697
23,mobley_5467162,-5.408252,-5.910000,0.501748,0.000473
23,mobley_6257907,-5.736991,-5.820000,0.083009,0.000013
23,mobley_7913234,-6.105720,-5.730000,0.375720,0.000265
23,mobley_5518547,-5.727883,-5.570000,0.157883,0.000047
23,mobley_4883284,-5.721859,-5.490000,0.231860,0.000101
23,mobley_5220185,-5.019600,-5.450000,0.430400,0.000348
23,mobley_3359593,-5.451362,-5.260000,0.191361,0.000069
23,mobley_4683624,-5.802196,-5.210000,0.592196,0.000659
23,mobley_1636752,-3.417351,-5.100000,1.682649,0.005324
23,mobley_2310185,-5.053738,-5.000000,0.053738,0.000005
23,mobley_3682850,-3.975719,-4.910000,0.934281,0.001641
23,mobley_1363784,-4.692441,-4.840000,0.147559,0.000041
23,mobley_2837389,-4.534588,-4.780000,0.245412,0.000113
23,mobley_9507933,-4.848009,-4.720000,0.128009,0.000031
23,mobley_296847,-4.716502,-4.690000,0.026502,0.000001
23,mobley_8208692,-2.909331,-4.610000,1.700669,0.005439
23,mobley_4884177,-4.572918,-4.590000,0.017082,0.000001
23,mobley_6714389,-3.847409,-4.550000,0.702592,0.000928
23,mobley_2245668,-4.274073,-4.500000,0.225927,0.000096
23,mobley_5973402,-4.568910,-4.420000,0.148910,0.000042
23,mobley_3546460,-4.191010,-4.400000,0.208991,0.000082
23,mobley_8311303,-4.192876,-4.380000,0.187124,0.000066
23,mobley_9741965,-5.663894,-4.290000,1.373894,0.003550
23,mobley_4603202,-3.195375,-4.230000,1.034625,0.002013
23,mobley_628086,-4.485302,-4.160000,0.325303,0.000199
23,mobley_4620651,-3.881263,-4.100000,0.218736,0.000090
23,mobley_7977115,-4.210916,-4.060000,0.150916,0.000043
23,mobley_2789243,-3.269453,-4.010000,0.740547,0.001031
23,mobley_3968739,-3.304645,-3.920000,0.615355,0.000712
23,mobley_63712,-3.133822,-3.880000,0.746178,0.001047
23,mobley_1046331,-3.216701,-3.820000,0.603299,0.000684
23,mobley_1160109,-3.309722,-3.750000,0.440278,0.000365
23,mobley_4149784,-3.422009,-3.670000,0.247991,0.000116
23,mobley_397645,-3.436372,-3.640000,0.203629,0.000078
23,mobley_4690963,-4.804708,-3.540000,1.264708,0.003008
23,mobley_1967551,-3.069165,-3.500000,0.430835,0.000349
23,mobley_6733657,-4.690034,-3.440000,1.250034,0.002938
23,mobley_9565165,-3.006293,-3.350000,0.343707,0.000222
23,mobley_2487143,-3.320182,-3.280000,0.040182,0.000003
23,mobley_8449031,-2.360671,-3.220000,0.859329,0.001389
23,mobley_172879,-2.728238,-3.150000,0.421762,0.000335
23,mobley_5346580,-1.983004,-3.110000,1.126996,0.002388
23,mobley_3573480,-3.055787,-3.040000,0.015787,0.000000
23,mobley_1075836,-3.183969,-2.930000,0.253969,0.000121
23,mobley_6102880,-4.050964,-2.870000,1.180964,0.002623
23,mobley_1827204,-2.671480,-2.810000,0.138520,0.000036
23,mobley_2146331,-1.389615,-2.750000,1.360385,0.003480
23,mobley_7943327,-2.756686,-2.680000,0.076686,0.000011
23,mobley_5110043,-2.278829,-2.630000,0.351171,0.000232
23,mobley_5616693,-2.382450,-2.530000,0.147550,0.000041
23,mobley_6619554,-2.333471,-2.490000,0.156529,0.000046
23,mobley_6359156,-4.246377,-2.460000,1.786377,0.006001
23,mobley_1781152,-1.976905,-2.400000,0.423095,0.000337
23,mobley_859464,-2.588147,-2.360000,0.228147,0.000098
23,mobley_7150646,-1.122844,-2.300000,1.177156,0.002606
23,mobley_1592519,-2.717344,-2.230000,0.487344,0.000447
23,mobley_5538249,-2.121904,-2.160000,0.038096,0.000003
23,mobley_6911232,-1.593354,-2.100000,0.506646,0.000483
23,mobley_3269565,-1.091717,-2.010000,0.918283,0.001586
23,mobley_2484519,-2.694954,-1.930000,0.764954,0.001100
23,mobley_7690440,-4.493215,-1.830000,2.663215,0.013338
23,mobley_3802803,-1.351085,-1.660000,0.308915,0.000179
23,mobley_1144156,-1.740454,-1.590000,0.150454,0.000043
23,mobley_2481002,-1.649507,-1.450000,0.199507,0.000075
23,mobley_2489709,-1.555508,-1.360000,0.195508,0.000072
23,mobley_5052949,-1.093828,-1.280000,0.186172,0.000065
23,mobley_2492140,-1.727974,-1.230000,0.497974,0.000466
23,mobley_7542832,-1.290137,-1.160000,0.130137,0.000032
23,mobley_7814642,-2.428264,-1.120000,1.308264,0.003218
23,mobley_1563176,-0.904905,-0.990000,0.085095,0.000014
23,mobley_1873346,-0.741468,-0.900000,0.158532,0.000047
23,mobley_3040612,-0.608569,-0.850000,0.241431,0.000110
23,mobley_4483973,-2.139055,-0.800000,1.339055,0.003372
23,mobley_9913368,-1.672392,-0.780000,0.892392,0.001498
23,mobley_1449384,-0.355039,-0.680000,0.324961,0.000199
23,mobley_7708038,-0.636552,-0.560000,0.076552,0.000011
23,mobley_8311321,0.292905,-0.500000,0.792905,0.001182
23,mobley_766666,-0.691798,-0.440000,0.251798,0.000119
23,mobley_5445548,-0.286991,-0.300000,0.013009,0.000000
23,mobley_9029594,-0.902920,-0.220000,0.682920,0.000877
23,mobley_3370989,-2.920411,-0.110000,2.810411,0.014853
23,mobley_627267,-0.319358,-0.030000,0.289358,0.000157
23,mobley_6250025,0.330432,0.080000,0.250432,0.000118
23,mobley_4252724,-0.454878,0.160000,0.614878,0.000711
23,mobley_7157427,0.147722,0.290000,0.142278,0.000038
23,mobley_8885088,-0.879068,0.560000,1.439068,0.003894
23,mobley_8522124,1.131172,0.710000,0.421172,0.000334
23,mobley_4678740,-1.417802,1.070000,2.487803,0.011638
23,mobley_2689721,0.672004,1.230000,0.557996,0.000585
23,mobley_1662128,1.121524,1.380000,0.258476,0.000126
23,mobley_4762983,1.970261,1.660000,0.310261,0.000181
23,mobley_7732703,1.053234,1.790000,0.736766,0.001021
23,mobley_2068538,1.162866,2.000000,0.837134,0.001318
23,mobley_5157661,1.572654,2.300000,0.727346,0.000995
23,mobley_1261349,2.237115,2.510000,0.272885,0.000140
23,mobley_2328633,1.878553,2.550000,0.671447,0.000848
23,mobley_8436428,2.623100,2.830000,0.206900,0.000080
23,mobley_3060426,3.046068,2.930000,0.116068,0.000025
23,mobley_2197088,2.946514,3.160000,0.213486,0.000086
24,mobley_9534740,-22.741371,-25.469999,2.728628,0.014001
24,mobley_6239320,-20.137810,-18.059999,2.077810,0.008118
24,mobley_7794077,-13.724885,-15.460000,1.735115,0.005661
24,mobley_7415647,-12.631629,-11.950000,0.681629,0.000874
24,mobley_1728386,-10.204679,-11.000000,0.795321,0.001189
24,mobley_2269032,-9.837120,-10.210000,0.372880,0.000261
24,mobley_2913224,-6.615396,-9.940000,3.324604,0.020785
24,mobley_2659552,-9.429078,-9.760000,0.330922,0.000206
24,mobley_7176290,-8.558664,-9.620000,1.061336,0.002118
24,mobley_2295058,-8.782739,-9.510000,0.727262,0.000995
24,mobley_6055410,-10.771415,-9.400000,1.371415,0.003537
24,mobley_4639255,-9.828050,-9.300000,0.528049,0.000524
24,mobley_1417007,-4.057111,-9.010000,4.952889,0.046130
24,mobley_6115639,-11.681306,-8.700000,2.981306,0.016714
24,mobley_6353617,-7.605761,-8.260000,0.654239,0.000805
24,mobley_2725215,-9.674462,-7.980000,1.694462,0.005399
24,mobley_7039935,-6.718472,-7.670000,0.951528,0.001703
24,mobley_4059279,-6.811649,-7.580000,0.768351,0.001110
24,mobley_951560,-8.886188,-7.400000,1.486187,0.004153
24,mobley_1922649,-10.055967,-7.190000,2.865967,0.015446
24,mobley_8798016,-7.199974,-7.000000,0.199974,0.000075
24,mobley_1858644,-7.360986,-6.790000,0.570986,0.000613
24,mobley_9114381,-5.632897,-6.720000,1.087103,0.002222
24,mobley_5311804,-5.775881,-6.620000,0.844119,0.001340
24,mobley_6743808,-6.383180,-6.500000,0.116820,0.000026
24,mobley_8789864,-5.959393,-6.400000,0.440607,0.000365
24,mobley_7009711,-5.974874,-6.270000,0.295126,0.000164
24,mobley_8789465,-4.797884,-6.200000,1.402116,0.003697
24,mobley_2923700,-6.093091,-6.130000,0.036909,0.000003
24,mobley_4780078,-5.631690,-6.010000,0.378310,0.000269
24,mobley_5467162,-5.459066,-5.910000,0.450934,0.000382
24,mobley_6257907,-5.780124,-5.820000,0.039876,0.000003
24,mobley_7913234,-5.879273,-5.730000,0.149273,0.000042
24,mobley_5518547,-5.722471,-5.570000,0.152471,0.000044
24,mobley_4883284,-5.741840,-5.490000,0.251840,0.000119
24,mobley_5220185,-5.008866,-5.450000,0.441134,0.000366
24,mobley_3359593,-5.443889,-5.260000,0.183888,0.000064
24,mobley_4683624,-5.822584,-5.210000,0.612584,0.000706
24,mobley_1636752,-3.517814,-5.100000,1.582186,0.004707
24,mobley_2310185,-5.035050,-5.000000,0.035050,0.000002
24,mobley_3682850,-3.809880,-4.910000,1.100120,0.002276
24,mobley_1363784,-4.826387,-4.840000,0.013613,0.000000
24,mobley_2837389,-4.554614,-4.780000,0.225386,0.000096
24,mobley_9507933,-5.004436,-4.720000,0.284436,0.000152
24,mobley_296847,-4.860418,-4.690000,0.170418,0.000055
24,mobley_8208692,-2.735515,-4.610000,1.874485,0.006607
24,mobley_4884177,-4.641626,-4.590000,0.051626,0.000005
24,mobley_6714389,-3.973090,-4.550000,0.576910,0.000626
24,mobley_2245668,-4.234084,-4.500000,0.265916,0.000133
24,mobley_5973402,-4.464879,-4.420000,0.044879,0.000004
24,mobley_3546460,-4.021715,-4.400000,0.378285,0.000269
24,mobley_8311303,-4.014926,-4.380000,0.365074,0.000251
24,mobley_9741965,-5.540845,-4.290000,1.250845,0.002942
24,mobley_4603202,-3.107484,-4.230000,1.122516,0.002369
24,mobley_628086,-4.193607,-4.160000,0.033607,0.000002
24,mobley_4620651,-3.835041,-4.100000,0.264959,0.000132
24,mobley_7977115,-4.023633,-4.060000,0.036366,0.000002
24,mobley_2789243,-3.243538,-4.010000,0.766463,0.001105
24,mobley_3968739,-3.477313,-3.920000,0.442687,0.000369
24,mobley_63712,-2.904325,-3.880000,0.975675,0.001790
24,mobley_1046331,-3.292159,-3.820000,0.527841,0.000524
24,mobley_1160109,-3.226170,-3.750000,0.523830,0.000516
24,mobley_4149784,-3.174284,-3.670000,0.495716,0.000462
24,mobley_397645,-3.494778,-3.640000,0.145222,0.000040
24,mobley_4690963,-4.475990,-3.540000,0.935990,0.001647
24,mobley_1967551,-3.078566,-3.500000,0.421434,0.000334
24,mobley_6733657,-4.808742,-3.440000,1.368742,0.003523
24,mobley_9565165,-3.407519,-3.350000,0.057519,0.000006
24,mobley_2487143,-3.126845,-3.280000,0.153155,0.000044
24,mobley_8449031,-2.111543,-3.220000,1.108457,0.002310
24,mobley_172879,-2.941769,-3.150000,0.208231,0.000082
24,mobley_5346580,-1.948268,-3.110000,1.161732,0.002538
24,mobley_3573480,-2.830973,-3.040000,0.209027,0.000082
24,mobley_1075836,-3.082294,-2.930000,0.152294,0.000044
24,mobley_6102880,-4.330327,-2.870000,1.460327,0.004010
24,mobley_1827204,-2.511061,-2.810000,0.298939,0.000168
24,mobley_2146331,-1.467806,-2.750000,1.282194,0.003092
24,mobley_7943327,-2.544440,-2.680000,0.135560,0.000035
24,mobley_5110043,-2.679935,-2.630000,0.049935,0.000005
24,mobley_5616693,-2.205999,-2.530000,0.324001,0.000197
24,mobley_6619554,-2.048681,-2.490000,0.441319,0.000366
24,mobley_6359156,-4.340588,-2.460000,1.880588,0.006650
24,mobley_1781152,-1.907045,-2.400000,0.492955,0.000457
24,mobley_859464,-2.431455,-2.360000,0.071455,0.000010
24,mobley_7150646,-1.249013,-2.300000,1.050987,0.002077
24,mobley_1592519,-2.407494,-2.230000,0.177494,0.000059
24,mobley_5538249,-2.210872,-2.160000,0.050872,0.000005
24,mobley_6911232,-1.496407,-2.100000,0.603593,0.000685
24,mobley_3269565,-1.027787,-2.010000,0.982213,0.001814
24,mobley_2484519,-2.875912,-1.930000,0.945912,0.001683
24,mobley_7690440,-4.767647,-1.830000,2.937647,0.016228
24,mobley_3802803,-1.156493,-1.660000,0.503507,0.000477
24,mobley_1144156,-1.511610,-1.590000,0.078390,0.000012
24,mobley_2481002,-1.628526,-1.450000,0.178526,0.000060
24,mobley_2489709,-1.524531,-1.360000,0.164531,0.000051
24,mobley_5052949,-1.068938,-1.280000,0.211062,0.000084
24,mobley_2492140,-1.725903,-1.230000,0.495903,0.000462
24,mobley_7542832,-1.019674,-1.160000,0.140326,0.000037
24,mobley_7814642,-2.379338,-1.120000,1.259338,0.002982
24,mobley_1563176,-0.787916,-0.990000,0.202084,0.000077
24,mobley_1873346,-0.936070,-0.900000,0.036070,0.000002
24,mobley_3040612,-0.759671,-0.850000,0.090329,0.000015
24,mobley_4483973,-2.239069,-0.800000,1.439068,0.003894
24,mobley_9913368,-1.683045,-0.780000,0.903045,0.001533
24,mobley_1449384,-0.490514,-0.680000,0.189486,0.000068
24,mobley_7708038,-0.699584,-0.560000,0.139584,0.000037
24,mobley_8311321,0.301098,-0.500000,0.801098,0.001207
24,mobley_766666,-0.714537,-0.440000,0.274537,0.000142
24,mobley_5445548,-0.439586,-0.300000,0.139586,0.000037
24,mobley_9029594,-0.929005,-0.220000,0.709005,0.000945
24,mobley_3370989,-2.904911,-0.110000,2.794911,0.014689
24,mobley_627267,-0.344805,-0.030000,0.314805,0.000186
24,mobley_6250025,0.455016,0.080000,0.375016,0.000264
24,mobley_4252724,-0.544712,0.160000,0.704712,0.000934
24,mobley_7157427,0.416936,0.290000,0.126936,0.000030
24,mobley_8885088,-0.809581,0.560000,1.369581,0.003527
24,mobley_8522124,1.148493,0.710000,0.438493,0.000362
24,mobley_4678740,-1.248678,1.070000,2.318678,0.010110
24,mobley_2689721,0.818115,1.230000,0.411885,0.000319
24,mobley_1662128,1.143094,1.380000,0.236906,0.000106
24,mobley_4762983,2.071541,1.660000,0.411541,0.000318
24,mobley_7732703,1.236341,1.790000,0.553659,0.000576
24,mobley_2068538,1.270854,2.000000,0.729146,0.001000
24,mobley_5157661,1.651637,2.300000,0.648363,0.000790
24,mobley_1261349,2.336828,2.510000,0.173172,0.000056
24,mobley_2328633,2.164816,2.550000,0.385184,0.000279
24,mobley_8436428,2.769726,2.830000,0.060274,0.000007
24,mobley_3060426,3.244200,2.930000,0.314200,0.000186
24,mobley_2197088,3.265411,3.160000,0.105411,0.000021
25,mobley_9534740,-22.939041,-25.469999,2.530958,0.012046
25,mobley_6239320,-19.772419,-18.059999,1.712420,0.005514
25,mobley_7794077,-13.417692,-15.460000,2.042308,0.007843
25,mobley_7415647,-13.200437,-11.950000,1.250437,0.002940
25,mobley_1728386,-10.248088,-11.000000,0.751912,0.001063
25,mobley_2269032,-9.935872,-10.210000,0.274128,0.000141
25,mobley_2913224,-6.913937,-9.940000,3.026063,0.017219
25,mobley_2659552,-9.455915,-9.760000,0.304085,0.000174
25,mobley_7176290,-9.066612,-9.620000,0.553388,0.000576
25,mobley_2295058,-8.989947,-9.510000,0.520053,0.000509
25,mobley_6055410,-10.966612,-9.400000,1.566612,0.004615
25,mobley_4639255,-9.944886,-9.300000,0.644886,0.000782
25,mobley_1417007,-4.411283,-9.010000,4.598717,0.039768
25,mobley_6115639,-11.679877,-8.700000,2.979877,0.016698
25,mobley_6353617,-7.588518,-8.260000,0.671483,0.000848
25,mobley_2725215,-8.935756,-7.980000,0.955756,0.001718
25,mobley_7039935,-6.761052,-7.670000,0.908948,0.001554
25,mobley_4059279,-6.784201,-7.580000,0.795799,0.001191
25,mobley_951560,-9.104111,-7.400000,1.704111,0.005461
25,mobley_1922649,-10.833813,-7.190000,3.643813,0.024967
25,mobley_8798016,-7.169941,-7.000000,0.169941,0.000054
25,mobley_1858644,-7.365731,-6.790000,0.575731,0.000623
25,mobley_9114381,-5.732996,-6.720000,0.987003,0.001832
25,mobley_5311804,-5.750263,-6.620000,0.869737,0.001422
25,mobley_6743808,-6.285400,-6.500000,0.214600,0.000087
25,mobley_8789864,-6.209746,-6.400000,0.190254,0.000068
25,mobley_7009711,-5.923107,-6.270000,0.346893,0.000226
25,mobley_8789465,-4.827949,-6.200000,1.372051,0.003540
25,mobley_2923700,-6.230648,-6.130000,0.100647,0.000019
25,mobley_4780078,-5.458745,-6.010000,0.551256,0.000571
25,mobley_5467162,-5.585640,-5.910000,0.324359,0.000198
25,mobley_6257907,-5.971994,-5.820000,0.151994,0.000043
25,mobley_7913234,-5.970667,-5.730000,0.240667,0.000109
25,mobley_5518547,-5.863734,-5.570000,0.293734,0.000162
25,mobley_4883284,-5.942332,-5.490000,0.452332,0.000385
25,mobley_5220185,-5.122311,-5.450000,0.327689,0.000202
25,mobley_3359593,-5.579247,-5.260000,0.319247,0.000192
25,mobley_4683624,-5.927536,-5.210000,0.717536,0.000968
25,mobley_1636752,-3.504433,-5.100000,1.595567,0.004787
25,mobley_2310185,-5.086784,-5.000000,0.086784,0.000014
25,mobley_3682850,-3.888244,-4.910000,1.021755,0.001963
25,mobley_1363784,-4.627431,-4.840000,0.212569,0.000085
25,mobley_2837389,-4.521546,-4.780000,0.258454,0.000126
25,mobley_9507933,-4.767385,-4.720000,0.047386,0.000004
25,mobley_296847,-4.823776,-4.690000,0.133776,0.000034
25,mobley_8208692,-3.082061,-4.610000,1.527939,0.004390
25,mobley_4884177,-4.610735,-4.590000,0.020735,0.000001
25,mobley_6714389,-4.001243,-4.550000,0.548757,0.000566
25,mobley_2245668,-4.270856,-4.500000,0.229144,0.000099
25,mobley_5973402,-4.451846,-4.420000,0.031846,0.000002
25,mobley_3546460,-4.007555,-4.400000,0.392445,0.000290
25,mobley_8311303,-4.375508,-4.380000,0.004492,0.000000
25,mobley_9741965,-5.863399,-4.290000,1.573399,0.004655
25,mobley_4603202,-3.163556,-4.230000,1.066444,0.002139
25,mobley_628086,-4.257117,-4.160000,0.097117,0.000018
25,mobley_4620651,-3.896354,-4.100000,0.203646,0.000078
25,mobley_7977115,-4.014458,-4.060000,0.045542,0.000004
25,mobley_2789243,-3.285558,-4.010000,0.724442,0.000987
25,mobley_3968739,-3.570560,-3.920000,0.349440,0.000230
25,mobley_63712,-2.872447,-3.880000,1.007553,0.001909
25,mobley_1046331,-3.384036,-3.820000,0.435964,0.000357
25,mobley_1160109,-3.211012,-3.750000,0.538988,0.000546
25,mobley_4149784,-3.523646,-3.670000,0.146354,0.000040
25,mobley_397645,-3.626802,-3.640000,0.013198,0.000000
25,mobley_4690963,-4.673729,-3.540000,1.133729,0.002417
25,mobley_1967551,-3.151470,-3.500000,0.348530,0.000228
25,mobley_6733657,-5.181769,-3.440000,1.741769,0.005705
25,mobley_9565165,-3.219339,-3.350000,0.130661,0.000032
25,mobley_2487143,-3.106030,-3.280000,0.173970,0.000057
25,mobley_8449031,-2.238699,-3.220000,0.981301,0.001811
25,mobley_172879,-3.109068,-3.150000,0.040932,0.000003
25,mobley_5346580,-1.927966,-3.110000,1.182034,0.002627
25,mobley_3573480,-2.791927,-3.040000,0.248073,0.000116
25,mobley_1075836,-3.173801,-2.930000,0.243801,0.000112
25,mobley_6102880,-4.469603,-2.870000,1.599603,0.004812
25,mobley_1827204,-2.536172,-2.810000,0.273828,0.000141
25,mobley_2146331,-1.434730,-2.750000,1.315270,0.003253
25,mobley_7943327,-2.638611,-2.680000,0.041389,0.000003
25,mobley_5110043,-2.445993,-2.630000,0.184007,0.000064
25,mobley_5616693,-2.231055,-2.530000,0.298945,0.000168
25,mobley_6619554,-2.091265,-2.490000,0.398735,0.000299
25,mobley_6359156,-4.489223,-2.460000,2.029223,0.007743
25,mobley_1781152,-1.923574,-2.400000,0.476426,0.000427
25,mobley_859464,-2.506721,-2.360000,0.146721,0.000040
25,mobley_7150646,-1.227622,-2.300000,1.072378,0.002163
25,mobley_1592519,-2.455307,-2.230000,0.225307,0.000095
25,mobley_5538249,-2.267153,-2.160000,0.107153,0.000022
25,mobley_6911232,-1.586148,-2.100000,0.513852,0.000497
25,mobley_3269565,-1.156449,-2.010000,0.853551,0.001370
25,mobley_2484519,-2.947877,-1.930000,1.017877,0.001948
25,mobley_7690440,-4.485251,-1.830000,2.655251,0.013258
25,mobley_3802803,-1.254669,-1.660000,0.405331,0.000309
25,mobley_1144156,-1.605832,-1.590000,0.015832,0.000000
25,mobley_2481002,-1.511246,-1.450000,0.061246,0.000007
25,mobley_2489709,-1.623813,-1.360000,0.263813,0.000131
25,mobley_5052949,-1.133520,-1.280000,0.146480,0.000040
25,mobley_2492140,-1.882079,-1.230000,0.652079,0.000800
25,mobley_7542832,-1.119754,-1.160000,0.040246,0.000003
25,mobley_7814642,-2.478364,-1.120000,1.358364,0.003470
25,mobley_1563176,-0.739438,-0.990000,0.250562,0.000118
25,mobley_1873346,-0.865912,-0.900000,0.034088,0.000002
25,mobley_3040612,-0.711096,-0.850000,0.138904,0.000036
25,mobley_4483973,-2.281753,-0.800000,1.481753,0.004129
25,mobley_9913368,-1.669259,-0.780000,0.889259,0.001487
25,mobley_1449384,-0.430748,-0.680000,0.249252,0.000117
25,mobley_7708038,-0.603342,-0.560000,0.043342,0.000004
25,mobley_8311321,0.418665,-0.500000,0.918665,0.001587
25,mobley_766666,-0.631981,-0.440000,0.191981,0.000069
25,mobley_5445548,-0.464481,-0.300000,0.164481,0.000051
25,mobley_9029594,-0.927753,-0.220000,0.707753,0.000942
25,mobley_3370989,-3.053203,-0.110000,2.943203,0.016289
25,mobley_627267,-0.253904,-0.030000,0.223904,0.000094
25,mobley_6250025,0.594139,0.080000,0.514139,0.000497
25,mobley_4252724,-0.535013,0.160000,0.695013,0.000908
25,mobley_7157427,0.425968,0.290000,0.135968,0.000035
25,mobley_8885088,-0.779205,0.560000,1.339205,0.003373
25,mobley_8522124,1.343244,0.710000,0.633244,0.000754
25,mobley_4678740,-0.918107,1.070000,1.988107,0.007433
25,mobley_2689721,0.815109,1.230000,0.414891,0.000324
25,mobley_1662128,1.156292,1.380000,0.223708,0.000094
25,mobley_4762983,2.152373,1.660000,0.492373,0.000456
25,mobley_7732703,1.484637,1.790000,0.305363,0.000175
25,mobley_2068538,1.257317,2.000000,0.742683,0.001037
25,mobley_5157661,1.666338,2.300000,0.633662,0.000755
25,mobley_1261349,2.399930,2.510000,0.110070,0.000023
25,mobley_2328633,2.215970,2.550000,0.334030,0.000210
25,mobley_8436428,2.790124,2.830000,0.039876,0.000003
25,mobley_3060426,3.340004,2.930000,0.410004,0.000316
25,mobley_2197088,3.308011,3.160000,0.148011,0.000041
26,mobley_9534740,-22.632164,-25.469999,2.837835,0.015144
26,mobley_6239320,-19.863291,-18.059999,1.803291,0.006115
26,mobley_7794077,-13.318479,-15.460000,2.141521,0.008624
26,mobley_7415647,-12.937788,-11.950000,0.987788,0.001835
26,mobley_1728386,-10.446881,-11.000000,0.553119,0.000575
26,mobley_2269032,-10.442255,-10.210000,0.232255,0.000101
26,mobley_2913224,-7.038938,-9.940000,2.901062,0.015826
26,mobley_2659552,-9.644250,-9.760000,0.115750,0.000025
26,mobley_7176290,-9.022886,-9.620000,0.597114,0.000670
26,mobley_2295058,-9.303952,-9.510000,0.206048,0.000080
26,mobley_6055410,-11.189261,-9.400000,1.789262,0.006020
26,mobley_4639255,-10.010016,-9.300000,0.710016,0.000948
26,mobley_1417007,-4.333875,-9.010000,4.676125,0.041118
26,mobley_6115639,-11.599415,-8.700000,2.899415,0.015808
26,mobley_6353617,-7.933241,-8.260000,0.326759,0.000201
26,mobley_2725215,-9.408400,-7.980000,1.428400,0.003837
26,mobley_7039935,-7.141345,-7.670000,0.528655,0.000526
26,mobley_4059279,-6.781149,-7.580000,0.798851,0.001200
26,mobley_951560,-9.143221,-7.400000,1.743221,0.005714
26,mobley_1922649,-10.233659,-7.190000,3.043659,0.017420
26,mobley_8798016,-7.552926,-7.000000,0.552926,0.000575
26,mobley_1858644,-7.701985,-6.790000,0.911985,0.001564
26,mobley_9114381,-5.708601,-6.720000,1.011399,0.001924
26,mobley_5311804,-6.032889,-6.620000,0.587111,0.000648
26,mobley_6743808,-6.626227,-6.500000,0.126227,0.000030
26,mobley_8789864,-6.046976,-6.400000,0.353024,0.000234
26,mobley_7009711,-6.472154,-6.270000,0.202154,0.000077
26,mobley_8789465,-5.145464,-6.200000,1.054536,0.002091
26,mobley_2923700,-6.575346,-6.130000,0.445346,0.000373
26,mobley_4780078,-5.993423,-6.010000,0.016577,0.000001
26,mobley_5467162,-6.058708,-5.910000,0.148708,0.000042
26,mobley_6257907,-5.894176,-5.820000,0.074175,0.000010
26,mobley_7913234,-6.343753,-5.730000,0.613753,0.000708
26,mobley_5518547,-6.202745,-5.570000,0.632745,0.000753
26,mobley_4883284,-6.171880,-5.490000,0.681880,0.000874
26,mobley_5220185,-5.360700,-5.450000,0.089300,0.000015
26,mobley_3359593,-5.820620,-5.260000,0.560620,0.000591
26,mobley_4683624,-6.353506,-5.210000,1.143506,0.002459
26,mobley_1636752,-3.480072,-5.100000,1.619928,0.004935
26,mobley_2310185,-5.164956,-5.000000,0.164956,0.000051
26,mobley_3682850,-4.304599,-4.910000,0.605401,0.000689
26,mobley_1363784,-5.191685,-4.840000,0.351685,0.000233
26,mobley_2837389,-4.852250,-4.780000,0.072250,0.000010
26,mobley_9507933,-5.401051,-4.720000,0.681051,0.000872
26,mobley_296847,-5.170218,-4.690000,0.480218,0.000434
26,mobley_8208692,-2.634170,-4.610000,1.975830,0.007341
26,mobley_4884177,-4.995542,-4.590000,0.405542,0.000309
26,mobley_6714389,-3.996519,-4.550000,0.553481,0.000576
26,mobley_2245668,-4.518065,-4.500000,0.018065,0.000001
26,mobley_5973402,-4.758223,-4.420000,0.338223,0.000215
26,mobley_3546460,-4.402341,-4.400000,0.002341,0.000000
26,mobley_8311303,-3.698694,-4.380000,0.681306,0.000873
26,mobley_9741965,-5.719164,-4.290000,1.429164,0.003841
26,mobley_4603202,-3.139532,-4.230000,1.090468,0.002236
26,mobley_628086,-4.112459,-4.160000,0.047541,0.000004
26,mobley_4620651,-4.114973,-4.100000,0.014973,0.000000
26,mobley_7977115,-4.436873,-4.060000,0.376873,0.000267
26,mobley_2789243,-3.315467,-4.010000,0.694533,0.000907
26,mobley_3968739,-3.901464,-3.920000,0.018536,0.000001
26,mobley_63712,-3.221694,-3.880000,0.658306,0.000815
26,mobley_1046331,-3.615197,-3.820000,0.204803,0.000079
26,mobley_1160109,-3.831129,-3.750000,0.081129,0.000012
26,mobley_4149784,-3.611785,-3.670000,0.058215,0.000006
26,mobley_397645,-3.956117,-3.640000,0.316117,0.000188
26,mobley_4690963,-4.824806,-3.540000,1.284806,0.003104
26,mobley_1967551,-3.330922,-3.500000,0.169078,0.000054
26,mobley_6733657,-4.741892,-3.440000,1.301892,0.003187
26,mobley_9565165,-3.730606,-3.350000,0.380606,0.000272
26,mobley_2487143,-3.474070,-3.280000,0.194070,0.000071
26,mobley_8449031,-2.436935,-3.220000,0.783065,0.001153
26,mobley_172879,-3.434007,-3.150000,0.284007,0.000152
26,mobley_5346580,-2.329249,-3.110000,0.780751,0.001146
26,mobley_3573480,-3.233289,-3.040000,0.193289,0.000070
26,mobley_1075836,-3.350043,-2.930000,0.420043,0.000332
26,mobley_6102880,-4.880954,-2.870000,2.010954,0.007604
26,mobley_1827204,-2.966124,-2.810000,0.156124,0.000046
26,mobley_2146331,-1.607507,-2.750000,1.142493,0.002455
26,mobley_7943327,-2.852010,-2.680000,0.172010,0.000056
26,mobley_5110043,-3.161713,-2.630000,0.531713,0.000532
26,mobley_5616693,-2.862684,-2.530000,0.332684,0.000208
26,mobley_6619554,-2.412745,-2.490000,0.077255,0.000011
26,mobley_6359156,-4.260249,-2.460000,1.800249,0.006094
26,mobley_1781152,-2.318018,-2.400000,0.081982,0.000013
26,mobley_859464,-2.842102,-2.360000,0.482102,0.000437
26,mobley_7150646,-1.534109,-2.300000,0.765891,0.001103
26,mobley_1592519,-2.834940,-2.230000,0.604940,0.000688
26,mobley_5538249,-2.094173,-2.160000,0.065827,0.000008
26,mobley_6911232,-1.653150,-2.100000,0.446850,0.000375
26,mobley_3269565,-1.319427,-2.010000,0.690573,0.000897
26,mobley_2484519,-3.039766,-1.930000,1.109766,0.002316
26,mobley_7690440,-4.425061,-1.830000,2.595061,0.012664
26,mobley_3802803,-1.491326,-1.660000,0.168674,0.000054
26,mobley_1144156,-1.726157,-1.590000,0.136157,0.000035
26,mobley_2481002,-1.608319,-1.450000,0.158319,0.000047
26,mobley_2489709,-1.490329,-1.360000,0.130329,0.000032
26,mobley_5052949,-1.492432,-1.280000,0.212432,0.000085
26,mobley_2492140,-1.752972,-1.230000,0.522972,0.000514
26,mobley_7542832,-1.502774,-1.160000,0.342774,0.000221
26,mobley_7814642,-2.210664,-1.120000,1.090664,0.002237
26,mobley_1563176,-1.123813,-0.990000,0.133813,0.000034
26,mobley_1873346,-1.279103,-0.900000,0.379103,0.000270
26,mobley_3040612,-1.101624,-0.850000,0.251624,0.000119
26,mobley_4483973,-2.524411,-0.800000,1.724411,0.005592
26,mobley_9913368,-1.679253,-0.780000,0.899253,0.001521
26,mobley_1449384,-1.013167,-0.680000,0.333167,0.000209
26,mobley_7708038,-1.007068,-0.560000,0.447068,0.000376
26,mobley_8311321,0.297322,-0.500000,0.797322,0.001195
26,mobley_766666,-0.695097,-0.440000,0.255097,0.000122
26,mobley_5445548,-0.906434,-0.300000,0.606434,0.000692
26,mobley_9029594,-0.970903,-0.220000,0.750903,0.001060
26,mobley_3370989,-3.115076,-0.110000,3.005076,0.016981
26,mobley_627267,-0.710346,-0.030000,0.680346,0.000870
26,mobley_6250025,0.138692,0.080000,0.058692,0.000006
26,mobley_4252724,-1.002187,0.160000,1.162187,0.002540
26,mobley_7157427,0.076854,0.290000,0.213146,0.000085
26,mobley_8885088,-1.196734,0.560000,1.756734,0.005803
26,mobley_8522124,0.838494,0.710000,0.128494,0.000031
26,mobley_4678740,-1.055404,1.070000,2.125404,0.008495
26,mobley_2689721,0.537697,1.230000,0.692303,0.000901
26,mobley_1662128,0.913887,1.380000,0.466113,0.000409
26,mobley_4762983,1.698166,1.660000,0.038166,0.000003
26,mobley_7732703,1.325240,1.790000,0.464759,0.000406
26,mobley_2068538,1.117083,2.000000,0.882917,0.001466
26,mobley_5157661,1.448427,2.300000,0.851573,0.001364
26,mobley_1261349,2.089277,2.510000,0.420723,0.000333
26,mobley_2328633,1.648783,2.550000,0.901217,0.001527
26,mobley_8436428,2.428581,2.830000,0.401419,0.000303
26,mobley_3060426,2.832844,2.930000,0.097156,0.000018
26,mobley_2197088,2.831511,3.160000,0.328489,0.000203
27,mobley_9534740,-22.949554,-25.469999,2.520445,0.011946
27,mobley_6239320,-20.646976,-18.059999,2.586977,0.012585
27,mobley_7794077,-13.927611,-15.460000,1.532389,0.004416
27,mobley_7415647,-13.160174,-11.950000,1.210175,0.002754
27,mobley_1728386,-10.480904,-11.000000,0.519096,0.000507
27,mobley_2269032,-10.125808,-10.210000,0.084192,0.000013
27,mobley_2913224,-6.934456,-9.940000,3.005544,0.016987
27,mobley_2659552,-9.484631,-9.760000,0.275370,0.000143
27,mobley_7176290,-9.286604,-9.620000,0.333396,0.000209
27,mobley_2295058,-9.077186,-9.510000,0.432815,0.000352
27,mobley_6055410,-10.958422,-9.400000,1.558422,0.004567
27,mobley_4639255,-10.163846,-9.300000,0.863846,0.001403
27,mobley_1417007,-4.452358,-9.010000,4.557642,0.039061
27,mobley_6115639,-11.560090,-8.700000,2.860090,0.015382
27,mobley_6353617,-7.816390,-8.260000,0.443611,0.000370
27,mobley_2725215,-9.244946,-7.980000,1.264946,0.003009
27,mobley_7039935,-7.007855,-7.670000,0.662145,0.000824
27,mobley_4059279,-7.170509,-7.580000,0.409491,0.000315
27,mobley_951560,-9.397195,-7.400000,1.997195,0.007501
27,mobley_1922649,-10.499107,-7.190000,3.309107,0.020591
27,mobley_8798016,-7.457617,-7.000000,0.457617,0.000394
27,mobley_1858644,-7.675355,-6.790000,0.885355,0.001474
27,mobley_9114381,-5.538202,-6.720000,1.181798,0.002626
27,mobley_5311804,-5.958853,-6.620000,0.661147,0.000822
27,mobley_6743808,-6.484127,-6.500000,0.015873,0.000000
27,mobley_8789864,-5.805933,-6.400000,0.594067,0.000664
27,mobley_7009711,-6.299890,-6.270000,0.029890,0.000002
27,mobley_8789465,-5.031663,-6.200000,1.168337,0.002567
27,mobley_2923700,-6.488312,-6.130000,0.358312,0.000241
27,mobley_4780078,-5.812813,-6.010000,0.197187,0.000073
27,mobley_5467162,-5.806810,-5.910000,0.103189,0.000020
27,mobley_6257907,-5.799311,-5.820000,0.020689,0.000001
27,mobley_7913234,-6.384383,-5.730000,0.654383,0.000805
27,mobley_5518547,-5.909564,-5.570000,0.339563,0.000217
27,mobley_4883284,-5.945375,-5.490000,0.455376,0.000390
27,mobley_5220185,-5.327156,-5.450000,0.122844,0.000028
27,mobley_3359593,-5.732856,-5.260000,0.472856,0.000420
27,mobley_4683624,-6.231146,-5.210000,1.021146,0.001961
27,mobley_1636752,-3.530383,-5.100000,1.569617,0.004633
27,mobley_2310185,-5.236718,-5.000000,0.236718,0.000105
27,mobley_3682850,-4.290749,-4.910000,0.619251,0.000721
27,mobley_1363784,-5.039565,-4.840000,0.199564,0.000075
27,mobley_2837389,-4.778058,-4.780000,0.001942,0.000000
27,mobley_9507933,-5.166924,-4.720000,0.446925,0.000376
27,mobley_296847,-5.139877,-4.690000,0.449877,0.000381
27,mobley_8208692,-2.811851,-4.610000,1.798149,0.006080
27,mobley_4884177,-4.974719,-4.590000,0.384718,0.000278
27,mobley_6714389,-4.033141,-4.550000,0.516859,0.000502
27,mobley_2245668,-4.423682,-4.500000,0.076318,0.000011
27,mobley_5973402,-4.679306,-4.420000,0.259305,0.000126
27,mobley_3546460,-4.439012,-4.400000,0.039012,0.000003
27,mobley_8311303,-4.177272,-4.380000,0.202728,0.000077
27,mobley_9741965,-6.065191,-4.290000,1.775191,0.005926
27,mobley_4603202,-3.316420,-4.230000,0.913580,0.001569
27,mobley_628086,-4.345722,-4.160000,0.185722,0.000065
27,mobley_4620651,-3.928348,-4.100000,0.171652,0.000055
27,mobley_7977115,-4.413522,-4.060000,0.353522,0.000235
27,mobley_2789243,-3.387955,-4.010000,0.622045,0.000728
27,mobley_3968739,-3.621786,-3.920000,0.298214,0.000167
27,mobley_63712,-3.448802,-3.880000,0.431199,0.000350
27,mobley_1046331,-3.456625,-3.820000,0.363375,0.000248
27,mobley_1160109,-3.734451,-3.750000,0.015549,0.000000
27,mobley_4149784,-3.800096,-3.670000,0.130096,0.000032
27,mobley_397645,-3.878726,-3.640000,0.238725,0.000107
27,mobley_4690963,-5.006867,-3.540000,1.466867,0.004046
27,mobley_1967551,-3.160951,-3.500000,0.339049,0.000216
27,mobley_6733657,-5.081282,-3.440000,1.641282,0.005066
27,mobley_9565165,-3.535763,-3.350000,0.185763,0.000065
27,mobley_2487143,-3.220643,-3.280000,0.059357,0.000007
27,mobley_8449031,-2.574419,-3.220000,0.645581,0.000784
27,mobley_172879,-3.222874,-3.150000,0.072874,0.000010
27,mobley_5346580,-1.987611,-3.110000,1.122389,0.002369
27,mobley_3573480,-2.985816,-3.040000,0.054184,0.000006
27,mobley_1075836,-3.109557,-2.930000,0.179557,0.000061
27,mobley_6102880,-4.677168,-2.870000,1.807168,0.006141
27,mobley_1827204,-2.922039,-2.810000,0.112039,0.000024
27,mobley_2146331,-1.509555,-2.750000,1.240445,0.002893
27,mobley_7943327,-2.804478,-2.680000,0.124478,0.000029
27,mobley_5110043,-2.855288,-2.630000,0.225288,0.000095
27,mobley_5616693,-2.698835,-2.530000,0.168835,0.000054
27,mobley_6619554,-2.377553,-2.490000,0.112447,0.000024
27,mobley_6359156,-4.671356,-2.460000,2.211356,0.009196
27,mobley_1781152,-1.852830,-2.400000,0.547171,0.000563
27,mobley_859464,-2.554532,-2.360000,0.194532,0.000071
27,mobley_7150646,-1.450490,-2.300000,0.849510,0.001357
27,mobley_1592519,-2.764141,-2.230000,0.534141,0.000537
27,mobley_5538249,-2.381048,-2.160000,0.221048,0.000092
27,mobley_6911232,-1.688390,-2.100000,0.411610,0.000319
27,mobley_3269565,-1.193811,-2.010000,0.816189,0.001253
27,mobley_2484519,-3.131045,-1.930000,1.201045,0.002713
27,mobley_7690440,-4.640716,-1.830000,2.810716,0.014856
27,mobley_3802803,-1.637585,-1.660000,0.022415,0.000001
27,mobley_1144156,-1.837232,-1.590000,0.247232,0.000115
27,mobley_2481002,-1.550467,-1.450000,0.100467,0.000019
27,mobley_2489709,-1.563476,-1.360000,0.203476,0.000078
27,mobley_5052949,-1.360710,-1.280000,0.080710,0.000012
27,mobley_2492140,-1.676044,-1.230000,0.446044,0.000374
27,mobley_7542832,-1.535824,-1.160000,0.375824,0.000266
27,mobley_7814642,-2.343348,-1.120000,1.223348,0.002814
27,mobley_1563176,-1.009853,-0.990000,0.019853,0.000001
27,mobley_1873346,-1.070419,-0.900000,0.170419,0.000055
27,mobley_3040612,-0.938435,-0.850000,0.088435,0.000015
27,mobley_4483973,-2.372829,-0.800000,1.572829,0.004652
27,mobley_9913368,-1.670458,-0.780000,0.890458,0.001491
27,mobley_1449384,-0.726584,-0.680000,0.046584,0.000004
27,mobley_7708038,-0.859666,-0.560000,0.299666,0.000169
27,mobley_8311321,0.179100,-0.500000,0.679100,0.000867
27,mobley_766666,-0.722842,-0.440000,0.282842,0.000150
27,mobley_5445548,-0.668431,-0.300000,0.368431,0.000255
27,mobley_9029594,-0.877495,-0.220000,0.657495,0.000813
27,mobley_3370989,-3.049474,-0.110000,2.939474,0.016248
27,mobley_627267,-0.450618,-0.030000,0.420618,0.000333
27,mobley_6250025,0.245739,0.080000,0.165739,0.000052
27,mobley_4252724,-0.750373,0.160000,0.910373,0.001558
27,mobley_7157427,0.045832,0.290000,0.244168,0.000112
27,mobley_8885088,-1.063577,0.560000,1.623577,0.004957
27,mobley_8522124,0.978736,0.710000,0.268736,0.000136
27,mobley_4678740,-1.225125,1.070000,2.295125,0.009905
27,mobley_2689721,0.638540,1.230000,0.591460,0.000658
27,mobley_1662128,1.073304,1.380000,0.306696,0.000177
27,mobley_4762983,1.869053,1.660000,0.209053,0.000082
27,mobley_7732703,1.176331,1.790000,0.613669,0.000708
27,mobley_2068538,1.227832,2.000000,0.772168,0.001121
27,mobley_5157661,1.678365,2.300000,0.621635,0.000727
27,mobley_1261349,2.396342,2.510000,0.113658,0.000024
27,mobley_2328633,1.765901,2.550000,0.784099,0.001156
27,mobley_8436428,2.713249,2.830000,0.116750,0.000026
27,mobley_3060426,3.134471,2.930000,0.204471,0.000079
27,mobley_2197088,2.929881,3.160000,0.230119,0.000100
28,mobley_9534740,-23.175154,-25.469999,2.294846,0.009903
28,mobley_6239320,-21.428879,-18.059999,3.368879,0.021342
28,mobley_7794077,-14.187657,-15.460000,1.272343,0.003044
28,mobley_7415647,-13.368255,-11.950000,1.418255,0.003782
28,mobley_1728386,-10.961683,-11.000000,0.038317,0.000003
28,mobley_2269032,-10.427136,-10.210000,0.217136,0.000089
28,mobley_2913224,-7.311641,-9.940000,2.628358,0.012991
28,mobley_2659552,-9.805990,-9.760000,0.045990,0.000004
28,mobley_7176290,-9.312076,-9.620000,0.307924,0.000178
28,mobley_2295058,-9.296284,-9.510000,0.213717,0.000086
28,mobley_6055410,-11.412640,-9.400000,2.012640,0.007617
28,mobley_4639255,-10.108759,-9.300000,0.808759,0.001230
28,mobley_1417007,-4.711270,-9.010000,4.298730,0.034749
28,mobley_6115639,-11.995683,-8.700000,3.295683,0.020425
28,mobley_6353617,-8.069242,-8.260000,0.190758,0.000068
28,mobley_2725215,-9.174541,-7.980000,1.194541,0.002683
28,mobley_7039935,-7.123917,-7.670000,0.546083,0.000561
28,mobley_4059279,-6.862916,-7.580000,0.717084,0.000967
28,mobley_951560,-9.329928,-7.400000,1.929928,0.007004
28,mobley_1922649,-10.704508,-7.190000,3.514508,0.023227
28,mobley_8798016,-7.465195,-7.000000,0.465195,0.000407
28,mobley_1858644,-7.665245,-6.790000,0.875245,0.001441
28,mobley_9114381,-5.820049,-6.720000,0.899951,0.001523
28,mobley_5311804,-5.949165,-6.620000,0.670835,0.000846
28,mobley_6743808,-6.451008,-6.500000,0.048992,0.000005
28,mobley_8789864,-6.052575,-6.400000,0.347425,0.000227
28,mobley_7009711,-6.444382,-6.270000,0.174382,0.000057
28,mobley_8789465,-5.100865,-6.200000,1.099135,0.002272
28,mobley_2923700,-6.458450,-6.130000,0.328450,0.000203
28,mobley_4780078,-6.004083,-6.010000,0.005917,0.000000
28,mobley_5467162,-5.875213,-5.910000,0.034787,0.000002
28,mobley_6257907,-5.965344,-5.820000,0.145344,0.000040
28,mobley_7913234,-6.278273,-5.730000,0.548273,0.000565
28,mobley_5518547,-6.157613,-5.570000,0.587613,0.000649
28,mobley_4883284,-6.137376,-5.490000,0.647376,0.000788
28,mobley_5220185,-5.442250,-5.450000,0.007750,0.000000
28,mobley_3359593,-5.855392,-5.260000,0.595392,0.000667
28,mobley_4683624,-6.195589,-5.210000,0.985589,0.001827
28,mobley_1636752,-3.424527,-5.100000,1.675472,0.005279
28,mobley_2310185,-5.139071,-5.000000,0.139071,0.000036
28,mobley_3682850,-4.213631,-4.910000,0.696369,0.000912
28,mobley_1363784,-5.212913,-4.840000,0.372913,0.000262
28,mobley_2837389,-4.708986,-4.780000,0.071014,0.000009
28,mobley_9507933,-5.425554,-4.720000,0.705554,0.000936
28,mobley_296847,-5.222299,-4.690000,0.532299,0.000533
28,mobley_8208692,-2.718253,-4.610000,1.891747,0.006730
28,mobley_4884177,-5.031946,-4.590000,0.441946,0.000367
28,mobley_6714389,-3.810436,-4.550000,0.739565,0.001029
28,mobley_2245668,-4.370669,-4.500000,0.129331,0.000031
28,mobley_5973402,-4.651802,-4.420000,0.231802,0.000101
28,mobley_3546460,-4.322773,-4.400000,0.077227,0.000011
28,mobley_8311303,-4.124873,-4.380000,0.255127,0.000122
28,mobley_9741965,-5.843156,-4.290000,1.553156,0.004536
28,mobley_4603202,-3.128812,-4.230000,1.101188,0.002280
28,mobley_628086,-4.369158,-4.160000,0.209158,0.000082
28,mobley_4620651,-4.074967,-4.100000,0.025033,0.000001
28,mobley_7977115,-4.425682,-4.060000,0.365682,0.000251
28,mobley_2789243,-3.360401,-4.010000,0.649599,0.000794
28,mobley_3968739,-3.858328,-3.920000,0.061672,0.000007
28,mobley_63712,-3.081554,-3.880000,0.798446,0.001199
28,mobley_1046331,-3.612114,-3.820000,0.207886,0.000081
28,mobley_1160109,-3.768466,-3.750000,0.018466,0.000001
28,mobley_4149784,-3.878948,-3.670000,0.208948,0.000082
28,mobley_397645,-3.883001,-3.640000,0.243001,0.000111
28,mobley_4690963,-4.690362,-3.540000,1.150362,0.002488
28,mobley_1967551,-3.297023,-3.500000,0.202977,0.000077
28,mobley_6733657,-5.095266,-3.440000,1.655266,0.005152
28,mobley_9565165,-3.692254,-3.350000,0.342254,0.000220
28,mobley_2487143,-3.445890,-3.280000,0.165890,0.000052
28,mobley_8449031,-2.330431,-3.220000,0.889570,0.001488
28,mobley_172879,-3.386477,-3.150000,0.236477,0.000105
28,mobley_5346580,-2.122188,-3.110000,0.987812,0.001835
28,mobley_3573480,-3.186437,-3.040000,0.146437,0.000040
28,mobley_1075836,-3.338033,-2.930000,0.408033,0.000313
28,mobley_6102880,-4.800578,-2.870000,1.930578,0.007009
28,mobley_1827204,-2.853622,-2.810000,0.043622,0.000004
28,mobley_2146331,-1.359857,-2.750000,1.390143,0.003634
28,mobley_7943327,-2.739770,-2.680000,0.059770,0.000007
28,mobley_5110043,-3.066901,-2.630000,0.436901,0.000359
28,mobley_5616693,-2.764716,-2.530000,0.234716,0.000104
28,mobley_6619554,-2.264657,-2.490000,0.225343,0.000095
28,mobley_6359156,-4.568704,-2.460000,2.108704,0.008362
28,mobley_1781152,-2.088435,-2.400000,0.311565,0.000183
28,mobley_859464,-2.703204,-2.360000,0.343204,0.000221
28,mobley_7150646,-1.407260,-2.300000,0.892740,0.001499
28,mobley_1592519,-2.708408,-2.230000,0.478408,0.000430
28,mobley_5538249,-2.066275,-2.160000,0.093725,0.000017
28,mobley_6911232,-1.547542,-2.100000,0.552458,0.000574
28,mobley_3269565,-1.129204,-2.010000,0.880796,0.001459
28,mobley_2484519,-3.053329,-1.930000,1.123330,0.002373
28,mobley_7690440,-4.339672,-1.830000,2.509672,0.011844
28,mobley_3802803,-1.462962,-1.660000,0.197038,0.000073
28,mobley_1144156,-1.551154,-1.590000,0.038846,0.000003
28,mobley_2481002,-1.607133,-1.450000,0.157133,0.000046
28,mobley_2489709,-1.521631,-1.360000,0.161631,0.000049
28,mobley_5052949,-1.218082,-1.280000,0.061918,0.000007
28,mobley_2492140,-1.901244,-1.230000,0.671244,0.000847
28,mobley_7542832,-1.340120,-1.160000,0.180120,0.000061
28,mobley_7814642,-2.220464,-1.120000,1.100464,0.002277
28,mobley_1563176,-0.900724,-0.990000,0.089276,0.000015
28,mobley_1873346,-1.122371,-0.900000,0.222371,0.000093
28,mobley_3040612,-0.974561,-0.850000,0.124561,0.000029
28,mobley_4483973,-2.395025,-0.800000,1.595025,0.004784
28,mobley_9913368,-1.621911,-0.780000,0.841911,0.001333
28,mobley_1449384,-0.842698,-0.680000,0.162698,0.000050
28,mobley_7708038,-0.716188,-0.560000,0.156188,0.000046
28,mobley_8311321,0.203212,-0.500000,0.703212,0.000930
28,mobley_766666,-0.661317,-0.440000,0.221317,0.000092
28,mobley_5445548,-0.719797,-0.300000,0.419797,0.000331
28,mobley_9029594,-0.866839,-0.220000,0.646839,0.000787
28,mobley_3370989,-3.192797,-0.110000,3.082797,0.017871
28,mobley_627267,-0.399556,-0.030000,0.369556,0.000257
28,mobley_6250025,0.369022,0.080000,0.289022,0.000157
28,mobley_4252724,-0.757985,0.160000,0.917985,0.001585
28,mobley_7157427,0.317631,0.290000,0.027631,0.000001
28,mobley_8885088,-0.842368,0.560000,1.402368,0.003698
28,mobley_8522124,1.076012,0.710000,0.366012,0.000252
28,mobley_4678740,-0.935320,1.070000,2.005320,0.007562
28,mobley_2689721,0.732690,1.230000,0.497310,0.000465
28,mobley_1662128,1.125214,1.380000,0.254786,0.000122
28,mobley_4762983,1.996845,1.660000,0.336845,0.000213
28,mobley_7732703,1.257275,1.790000,0.532725,0.000534
28,mobley_2068538,1.243173,2.000000,0.756827,0.001077
28,mobley_5157661,1.658461,2.300000,0.641539,0.000774
28,mobley_1261349,2.465828,2.510000,0.044172,0.000004
28,mobley_2328633,1.963752,2.550000,0.586248,0.000646
28,mobley_8436428,2.708570,2.830000,0.121430,0.000028
28,mobley_3060426,3.211773,2.930000,0.281773,0.000149
28,mobley_2197088,3.128681,3.160000,0.031319,0.000002
29,mobley_9534740,-23.099197,-25.469999,2.370802,0.010569
29,mobley_6239320,-19.969509,-18.059999,1.909510,0.006857
29,mobley_7794077,-13.841879,-15.460000,1.618121,0.004924
29,mobley_7415647,-12.536613,-11.950000,0.586613,0.000647
29,mobley_1728386,-10.022813,-11.000000,0.977187,0.001796
29,mobley_2269032,-9.481661,-10.210000,0.728339,0.000998
29,mobley_2913224,-6.605193,-9.940000,3.334807,0.020912
29,mobley_2659552,-8.942631,-9.760000,0.817369,0.001256
29,mobley_7176290,-9.009022,-9.620000,0.610978,0.000702
29,mobley_2295058,-8.678326,-9.510000,0.831675,0.001301
29,mobley_6055410,-10.357292,-9.400000,0.957293,0.001723
29,mobley_4639255,-9.883925,-9.300000,0.583925,0.000641
29,mobley_1417007,-4.372947,-9.010000,4.637053,0.040434
29,mobley_6115639,-11.911263,-8.700000,3.211264,0.019392
29,mobley_6353617,-7.663030,-8.260000,0.596971,0.000670
29,mobley_2725215,-9.519173,-7.980000,1.539173,0.004455
29,mobley_7039935,-6.450850,-7.670000,1.219151,0.002795
29,mobley_4059279,-7.454692,-7.580000,0.125308,0.000030
29,mobley_951560,-9.509034,-7.400000,2.109034,0.008364
29,mobley_1922649,-10.586699,-7.190000,3.396699,0.021696
29,mobley_8798016,-7.173515,-7.000000,0.173515,0.000057
29,mobley_1858644,-7.132562,-6.790000,0.342562,0.000221
29,mobley_9114381,-5.492804,-6.720000,1.227196,0.002832
29,mobley_5311804,-5.480392,-6.620000,1.139608,0.002442
29,mobley_6743808,-6.044167,-6.500000,0.455833,0.000391
29,mobley_8789864,-5.899175,-6.400000,0.500825,0.000472
29,mobley_7009711,-5.853041,-6.270000,0.416959,0.000327
29,mobley_8789465,-4.652275,-6.200000,1.547725,0.004505
29,mobley_2923700,-6.000512,-6.130000,0.129488,0.000032
29,mobley_4780078,-5.378365,-6.010000,0.631635,0.000750
29,mobley_5467162,-5.432105,-5.910000,0.477895,0.000429
29,mobley_6257907,-5.620592,-5.820000,0.199409,0.000075
29,mobley_7913234,-6.182935,-5.730000,0.452935,0.000386
29,mobley_5518547,-5.657960,-5.570000,0.087960,0.000015
29,mobley_4883284,-5.734853,-5.490000,0.244853,0.000113
29,mobley_5220185,-5.294159,-5.450000,0.155841,0.000046
29,mobley_3359593,-5.535226,-5.260000,0.275226,0.000142
29,mobley_4683624,-5.732098,-5.210000,0.522098,0.000513
29,mobley_1636752,-3.450153,-5.100000,1.649847,0.005119
29,mobley_2310185,-5.070215,-5.000000,0.070215,0.000009
29,mobley_3682850,-4.116724,-4.910000,0.793275,0.001183
29,mobley_1363784,-4.751067,-4.840000,0.088933,0.000015
29,mobley_2837389,-4.467926,-4.780000,0.312075,0.000183
29,mobley_9507933,-4.897444,-4.720000,0.177444,0.000059
29,mobley_296847,-5.011084,-4.690000,0.321084,0.000194
29,mobley_8208692,-2.780866,-4.610000,1.829134,0.006291
29,mobley_4884177,-4.745475,-4.590000,0.155475,0.000045
29,mobley_6714389,-3.878418,-4.550000,0.671582,0.000848
29,mobley_2245668,-4.448101,-4.500000,0.051899,0.000005
29,mobley_5973402,-4.558824,-4.420000,0.138824,0.000036
29,mobley_3546460,-4.145111,-4.400000,0.254889,0.000122
29,mobley_8311303,-4.320651,-4.380000,0.059349,0.000007
29,mobley_9741965,-6.013258,-4.290000,1.723258,0.005584
29,mobley_4603202,-3.360063,-4.230000,0.869937,0.001423
29,mobley_628086,-4.478597,-4.160000,0.318597,0.000191
29,mobley_4620651,-3.709724,-4.100000,0.390276,0.000286
29,mobley_7977115,-4.151632,-4.060000,0.091632,0.000016
29,mobley_2789243,-3.233340,-4.010000,0.776661,0.001134
29,mobley_3968739,-3.429044,-3.920000,0.490957,0.000453
29,mobley_63712,-3.258888,-3.880000,0.621112,0.000725
29,mobley_1046331,-3.222614,-3.820000,0.597386,0.000671
29,mobley_1160109,-3.285539,-3.750000,0.464461,0.000406
29,mobley_4149784,-3.443033,-3.670000,0.226967,0.000097
29,mobley_397645,-3.643171,-3.640000,0.003171,0.000000
29,mobley_4690963,-5.037287,-3.540000,1.497287,0.004216
29,mobley_1967551,-3.100240,-3.500000,0.399760,0.000301
29,mobley_6733657,-5.236264,-3.440000,1.796264,0.006067
29,mobley_9565165,-2.903275,-3.350000,0.446725,0.000375
29,mobley_2487143,-3.156180,-3.280000,0.123820,0.000029
29,mobley_8449031,-2.511203,-3.220000,0.708797,0.000945
29,mobley_172879,-2.883461,-3.150000,0.266539,0.000134
29,mobley_5346580,-2.045020,-3.110000,1.064980,0.002133
29,mobley_3573480,-2.868373,-3.040000,0.171627,0.000055
29,mobley_1075836,-3.103657,-2.930000,0.173657,0.000057
29,mobley_6102880,-4.212464,-2.870000,1.342464,0.003389
29,mobley_1827204,-2.714934,-2.810000,0.095066,0.000017
29,mobley_2146331,-1.408208,-2.750000,1.341792,0.003386
29,mobley_7943327,-2.734479,-2.680000,0.054479,0.000006
29,mobley_5110043,-2.241759,-2.630000,0.388242,0.000283
29,mobley_5616693,-2.450212,-2.530000,0.079787,0.000012
29,mobley_6619554,-2.239985,-2.490000,0.250015,0.000118
29,mobley_6359156,-4.267522,-2.460000,1.807522,0.006144
29,mobley_1781152,-1.910892,-2.400000,0.489108,0.000450
29,mobley_859464,-2.593960,-2.360000,0.233960,0.000103
29,mobley_7150646,-1.167045,-2.300000,1.132955,0.002414
29,mobley_1592519,-2.584856,-2.230000,0.354856,0.000237
29,mobley_5538249,-2.278996,-2.160000,0.118996,0.000027
29,mobley_6911232,-1.750859,-2.100000,0.349141,0.000229
29,mobley_3269565,-1.336826,-2.010000,0.673174,0.000852
29,mobley_2484519,-2.891778,-1.930000,0.961778,0.001739
29,mobley_7690440,-4.145556,-1.830000,2.315556,0.010083
29,mobley_3802803,-1.547788,-1.660000,0.112212,0.000024
29,mobley_1144156,-1.818718,-1.590000,0.228718,0.000098
29,mobley_2481002,-1.604878,-1.450000,0.154878,0.000045
29,mobley_2489709,-1.517292,-1.360000,0.157292,0.000047
29,mobley_5052949,-1.392201,-1.280000,0.112201,0.000024
29,mobley_2492140,-1.656984,-1.230000,0.426984,0.000343
29,mobley_7542832,-1.463263,-1.160000,0.303263,0.000173
29,mobley_7814642,-2.301220,-1.120000,1.181220,0.002624
29,mobley_1563176,-0.841621,-0.990000,0.148379,0.000041
29,mobley_1873346,-0.820149,-0.900000,0.079851,0.000012
29,mobley_3040612,-0.569914,-0.850000,0.280086,0.000148
29,mobley_4483973,-2.174561,-0.800000,1.374561,0.003553
29,mobley_9913368,-1.685574,-0.780000,0.905574,0.001542
29,mobley_1449384,-0.440632,-0.680000,0.239368,0.000108
29,mobley_7708038,-0.723776,-0.560000,0.163776,0.000050
29,mobley_8311321,0.150964,-0.500000,0.650964,0.000797
29,mobley_766666,-0.757290,-0.440000,0.317290,0.000189
29,mobley_5445548,-0.423528,-0.300000,0.123528,0.000029
29,mobley_9029594,-0.893815,-0.220000,0.673815,0.000854
29,mobley_3370989,-3.120604,-0.110000,3.010604,0.017044
29,mobley_627267,-0.388842,-0.030000,0.358842,0.000242
29,mobley_6250025,0.424179,0.080000,0.344179,0.000223
29,mobley_4252724,-0.497800,0.160000,0.657800,0.000814
29,mobley_7157427,0.338114,0.290000,0.048114,0.000004
29,mobley_8885088,-0.769333,0.560000,1.329333,0.003323
29,mobley_8522124,1.071124,0.710000,0.361124,0.000245
29,mobley_4678740,-1.513753,1.070000,2.583753,0.012553
29,mobley_2689721,0.512655,1.230000,0.717345,0.000968
29,mobley_1662128,1.050882,1.380000,0.329118,0.000204
29,mobley_4762983,1.937953,1.660000,0.277953,0.000145
29,mobley_7732703,1.066189,1.790000,0.723811,0.000985
29,mobley_2068538,1.116438,2.000000,0.883562,0.001468
29,mobley_5157661,1.510877,2.300000,0.789123,0.001171
29,mobley_1261349,2.251729,2.510000,0.258271,0.000125
29,mobley_2328633,1.989264,2.550000,0.560736,0.000591
29,mobley_8436428,2.537404,2.830000,0.292596,0.000161
29,mobley_3060426,3.069970,2.930000,0.139970,0.000037
29,mobley_2197088,3.018972,3.160000,0.141028,0.000037
30,mobley_9534740,-21.830599,-25.469999,3.639400,0.024907
30,mobley_6239320,-19.202463,-18.059999,1.142464,0.002454
30,mobley_7794077,-13.259808,-15.460000,2.200192,0.009103
30,mobley_7415647,-12.737006,-11.950000,0.787006,0.001165
30,mobley_1728386,-9.814051,-11.000000,1.185949,0.002645
30,mobley_2269032,-9.623008,-10.210000,0.586992,0.000648
30,mobley_2913224,-6.495304,-9.940000,3.444696,0.022313
30,mobley_2659552,-9.190877,-9.760000,0.569123,0.000609
30,mobley_7176290,-8.735687,-9.620000,0.884313,0.001471
30,mobley_2295058,-8.725266,-9.510000,0.784734,0.001158
30,mobley_6055410,-10.213139,-9.400000,0.813139,0.001243
30,mobley_4639255,-9.670347,-9.300000,0.370347,0.000258
30,mobley_1417007,-4.098602,-9.010000,4.911398,0.045360
30,mobley_6115639,-11.041787,-8.700000,2.341787,0.010312
30,mobley_6353617,-7.251149,-8.260000,1.008851,0.001914
30,mobley_2725215,-9.282127,-7.980000,1.302127,0.003188
30,mobley_7039935,-6.420464,-7.670000,1.249537,0.002936
30,mobley_4059279,-7.143411,-7.580000,0.436589,0.000358
30,mobley_951560,-9.103468,-7.400000,1.703468,0.005457
30,mobley_1922649,-10.248831,-7.190000,3.058831,0.017594
30,mobley_8798016,-6.760016,-7.000000,0.239984,0.000108
30,mobley_1858644,-7.066024,-6.790000,0.276024,0.000143
30,mobley_9114381,-5.494669,-6.720000,1.225330,0.002823
30,mobley_5311804,-5.407380,-6.620000,1.212620,0.002765
30,mobley_6743808,-6.274437,-6.500000,0.225563,0.000096
30,mobley_8789864,-5.914580,-6.400000,0.485420,0.000443
30,mobley_7009711,-5.937459,-6.270000,0.332541,0.000208
30,mobley_8789465,-4.495334,-6.200000,1.704666,0.005464
30,mobley_2923700,-5.852783,-6.130000,0.277217,0.000145
30,mobley_4780078,-5.418180,-6.010000,0.591820,0.000659
30,mobley_5467162,-5.285778,-5.910000,0.624222,0.000733
30,mobley_6257907,-5.542020,-5.820000,0.277980,0.000145
30,mobley_7913234,-5.974384,-5.730000,0.244384,0.000112
30,mobley_5518547,-5.459511,-5.570000,0.110489,0.000023
30,mobley_4883284,-5.453210,-5.490000,0.036789,0.000003
30,mobley_5220185,-4.612680,-5.450000,0.837320,0.001318
30,mobley_3359593,-5.318354,-5.260000,0.058353,0.000006
30,mobley_4683624,-5.673373,-5.210000,0.463373,0.000404
30,mobley_1636752,-3.509228,-5.100000,1.590771,0.004759
30,mobley_2310185,-4.984641,-5.000000,0.015359,0.000000
30,mobley_3682850,-3.983665,-4.910000,0.926334,0.001614
30,mobley_1363784,-4.531310,-4.840000,0.308691,0.000179
30,mobley_2837389,-4.130543,-4.780000,0.649457,0.000793
30,mobley_9507933,-4.582224,-4.720000,0.137775,0.000036
30,mobley_296847,-4.285868,-4.690000,0.404132,0.000307
30,mobley_8208692,-2.717835,-4.610000,1.892165,0.006733
30,mobley_4884177,-4.113845,-4.590000,0.476155,0.000426
30,mobley_6714389,-3.932651,-4.550000,0.617349,0.000717
30,mobley_2245668,-4.269599,-4.500000,0.230401,0.000100
30,mobley_5973402,-4.492369,-4.420000,0.072369,0.000010
30,mobley_3546460,-4.266129,-4.400000,0.133871,0.000034
30,mobley_8311303,-3.777784,-4.380000,0.602216,0.000682
30,mobley_9741965,-6.077621,-4.290000,1.787621,0.006009
30,mobley_4603202,-3.310460,-4.230000,0.919540,0.001590
30,mobley_628086,-3.967126,-4.160000,0.192874,0.000070
30,mobley_4620651,-3.764561,-4.100000,0.335439,0.000212
30,mobley_7977115,-4.169963,-4.060000,0.109963,0.000023
30,mobley_2789243,-3.064637,-4.010000,0.945363,0.001681
30,mobley_3968739,-3.414316,-3.920000,0.505684,0.000481
30,mobley_63712,-2.991800,-3.880000,0.888200,0.001483
30,mobley_1046331,-3.017165,-3.820000,0.802835,0.001212
30,mobley_1160109,-3.305614,-3.750000,0.444386,0.000371
30,mobley_4149784,-2.927832,-3.670000,0.742168,0.001036
30,mobley_397645,-3.461024,-3.640000,0.178976,0.000060
30,mobley_4690963,-4.716203,-3.540000,1.176203,0.002602
30,mobley_1967551,-3.123309,-3.500000,0.376691,0.000267
30,mobley_6733657,-4.683018,-3.440000,1.243018,0.002905
30,mobley_9565165,-3.004770,-3.350000,0.345230,0.000224
30,mobley_2487143,-3.256818,-3.280000,0.023182,0.000001
30,mobley_8449031,-2.090001,-3.220000,1.129999,0.002401
30,mobley_172879,-2.481291,-3.150000,0.668709,0.000841
30,mobley_5346580,-2.002897,-3.110000,1.107103,0.002305
30,mobley_3573480,-3.032711,-3.040000,0.007289,0.000000
30,mobley_1075836,-3.072899,-2.930000,0.142899,0.000038
30,mobley_6102880,-3.812866,-2.870000,0.942866,0.001672
30,mobley_1827204,-2.837897,-2.810000,0.027897,0.000001
30,mobley_2146331,-1.425056,-2.750000,1.324944,0.003301
30,mobley_7943327,-2.527164,-2.680000,0.152836,0.000044
30,mobley_5110043,-2.468310,-2.630000,0.161690,0.000049
30,mobley_5616693,-2.260093,-2.530000,0.269907,0.000137
30,mobley_6619554,-2.203129,-2.490000,0.286871,0.000155
30,mobley_6359156,-3.929178,-2.460000,1.469178,0.004059
30,mobley_1781152,-1.784199,-2.400000,0.615801,0.000713
30,mobley_859464,-2.426807,-2.360000,0.066807,0.000008
30,mobley_7150646,-1.098648,-2.300000,1.201352,0.002714
30,mobley_1592519,-2.589123,-2.230000,0.359123,0.000243
30,mobley_5538249,-1.895306,-2.160000,0.264694,0.000132
30,mobley_6911232,-1.624597,-2.100000,0.475403,0.000425
30,mobley_3269565,-1.243664,-2.010000,0.766336,0.001104
30,mobley_2484519,-2.519175,-1.930000,0.589175,0.000653
30,mobley_7690440,-4.569206,-1.830000,2.739206,0.014110
30,mobley_3802803,-1.721411,-1.660000,0.061411,0.000007
30,mobley_1144156,-1.564625,-1.590000,0.025375,0.000001
30,mobley_2481002,-1.598653,-1.450000,0.148653,0.000042
30,mobley_2489709,-1.357920,-1.360000,0.002080,0.000000
30,mobley_5052949,-1.283596,-1.280000,0.003596,0.000000
30,mobley_2492140,-1.670682,-1.230000,0.440682,0.000365
30,mobley_7542832,-1.200945,-1.160000,0.040945,0.000003
30,mobley_7814642,-2.167401,-1.120000,1.047401,0.002063
30,mobley_1563176,-0.966968,-0.990000,0.023032,0.000001
30,mobley_1873346,-0.731681,-0.900000,0.168319,0.000053
30,mobley_3040612,-0.492707,-0.850000,0.357293,0.000240
30,mobley_4483973,-1.955322,-0.800000,1.155322,0.002510
30,mobley_9913368,-1.686387,-0.780000,0.906387,0.001545
30,mobley_1449384,-0.323981,-0.680000,0.356019,0.000238
30,mobley_7708038,-0.665550,-0.560000,0.105550,0.000021
30,mobley_8311321,0.131272,-0.500000,0.631272,0.000749
30,mobley_766666,-0.750626,-0.440000,0.310626,0.000181
30,mobley_5445548,-0.203331,-0.300000,0.096669,0.000018
30,mobley_9029594,-0.898189,-0.220000,0.678189,0.000865
30,mobley_3370989,-3.128816,-0.110000,3.018816,0.017137
30,mobley_627267,-0.239054,-0.030000,0.209054,0.000082
30,mobley_6250025,0.224402,0.080000,0.144402,0.000039
30,mobley_4252724,-0.271832,0.160000,0.431832,0.000351
30,mobley_7157427,0.156248,0.290000,0.133752,0.000034
30,mobley_8885088,-0.675149,0.560000,1.235149,0.002869
30,mobley_8522124,0.940938,0.710000,0.230938,0.000100
30,mobley_4678740,-1.330376,1.070000,2.400376,0.010835
30,mobley_2689721,0.632143,1.230000,0.597857,0.000672
30,mobley_1662128,1.148655,1.380000,0.231345,0.000101
30,mobley_4762983,1.847602,1.660000,0.187603,0.000066
30,mobley_7732703,1.238365,1.790000,0.551635,0.000572
30,mobley_2068538,1.260988,2.000000,0.739012,0.001027
30,mobley_5157661,1.686288,2.300000,0.613712,0.000708
30,mobley_1261349,2.483730,2.510000,0.026270,0.000001
30,mobley_2328633,1.969531,2.550000,0.580469,0.000634
30,mobley_8436428,2.716540,2.830000,0.113460,0.000024
30,mobley_3060426,3.380564,2.930000,0.450564,0.000382
30,mobley_2197088,2.985750,3.160000,0.174250,0.000057
31,mobley_9534740,-22.887743,-25.469999,2.582256,0.012539
31,mobley_6239320,-20.753674,-18.059999,2.693674,0.013644
31,mobley_7794077,-14.362776,-15.460000,1.097224,0.002264
31,mobley_7415647,-12.813158,-11.950000,0.863158,0.001401
31,mobley_1728386,-10.428208,-11.000000,0.571792,0.000615
31,mobley_2269032,-9.778614,-10.210000,0.431386,0.000350
31,mobley_2913224,-6.923540,-9.940000,3.016460,0.017110
31,mobley_2659552,-9.182757,-9.760000,0.577243,0.000627
31,mobley_7176290,-8.989699,-9.620000,0.630301,0.000747
31,mobley_2295058,-8.972694,-9.510000,0.537306,0.000543
31,mobley_6055410,-10.684634,-9.400000,1.284635,0.003103
31,mobley_4639255,-10.059826,-9.300000,0.759826,0.001086
31,mobley_1417007,-4.419663,-9.010000,4.590337,0.039623
31,mobley_6115639,-10.536480,-8.700000,1.836480,0.006342
31,mobley_6353617,-7.704204,-8.260000,0.555797,0.000581
31,mobley_2725215,-9.370114,-7.980000,1.390114,0.003634
31,mobley_7039935,-6.583725,-7.670000,1.086275,0.002219
31,mobley_4059279,-6.803564,-7.580000,0.776436,0.001134
31,mobley_951560,-9.303120,-7.400000,1.903120,0.006811
31,mobley_1922649,-10.135872,-7.190000,2.945872,0.016319
31,mobley_8798016,-7.211879,-7.000000,0.211879,0.000084
31,mobley_1858644,-7.386868,-6.790000,0.596868,0.000670
31,mobley_9114381,-5.595189,-6.720000,1.124811,0.002379
31,mobley_5311804,-5.588445,-6.620000,1.031555,0.002001
31,mobley_6743808,-6.297353,-6.500000,0.202647,0.000077
31,mobley_8789864,-6.004597,-6.400000,0.395403,0.000294
31,mobley_7009711,-6.010081,-6.270000,0.259919,0.000127
31,mobley_8789465,-4.683015,-6.200000,1.516984,0.004327
31,mobley_2923700,-6.158747,-6.130000,0.028747,0.000002
31,mobley_4780078,-5.467972,-6.010000,0.542028,0.000552
31,mobley_5467162,-5.648982,-5.910000,0.261018,0.000128
31,mobley_6257907,-5.664530,-5.820000,0.155470,0.000045
31,mobley_7913234,-6.297688,-5.730000,0.567688,0.000606
31,mobley_5518547,-5.776516,-5.570000,0.206516,0.000080
31,mobley_4883284,-5.868185,-5.490000,0.378185,0.000269
31,mobley_5220185,-5.131685,-5.450000,0.318315,0.000191
31,mobley_3359593,-5.573069,-5.260000,0.313069,0.000184
31,mobley_4683624,-5.917042,-5.210000,0.707042,0.000940
31,mobley_1636752,-3.371892,-5.100000,1.728108,0.005616
31,mobley_2310185,-5.137353,-5.000000,0.137353,0.000035
31,mobley_3682850,-4.115562,-4.910000,0.794438,0.001187
31,mobley_1363784,-4.752011,-4.840000,0.087989,0.000015
31,mobley_2837389,-4.507737,-4.780000,0.272263,0.000139
31,mobley_9507933,-5.007569,-4.720000,0.287570,0.000156
31,mobley_296847,-4.896557,-4.690000,0.206557,0.000080
31,mobley_8208692,-2.887863,-4.610000,1.722137,0.005577
31,mobley_4884177,-4.697687,-4.590000,0.107687,0.000022
31,mobley_6714389,-3.808761,-4.550000,0.741239,0.001033
31,mobley_2245668,-4.509652,-4.500000,0.009652,0.000000
31,mobley_5973402,-4.715854,-4.420000,0.295854,0.000165
31,mobley_3546460,-4.347441,-4.400000,0.052559,0.000005
31,mobley_8311303,-4.308664,-4.380000,0.071336,0.000010
31,mobley_9741965,-5.684301,-4.290000,1.394301,0.003656
31,mobley_4603202,-3.363614,-4.230000,0.866386,0.001412
31,mobley_628086,-4.148354,-4.160000,0.011646,0.000000
31,mobley_4620651,-3.907916,-4.100000,0.192084,0.000069
31,mobley_7977115,-4.265904,-4.060000,0.205904,0.000080
31,mobley_2789243,-3.215448,-4.010000,0.794552,0.001187
31,mobley_3968739,-3.545573,-3.920000,0.374427,0.000264
31,mobley_63712,-2.912610,-3.880000,0.967391,0.001760
31,mobley_1046331,-3.214089,-3.820000,0.605911,0.000690
31,mobley_1160109,-3.560607,-3.750000,0.189393,0.000067
31,mobley_4149784,-3.564480,-3.670000,0.105520,0.000021
31,mobley_397645,-3.775598,-3.640000,0.135598,0.000035
31,mobley_4690963,-5.067851,-3.540000,1.527851,0.004390
31,mobley_1967551,-3.221008,-3.500000,0.278992,0.000146
31,mobley_6733657,-4.916706,-3.440000,1.476706,0.004101
31,mobley_9565165,-3.005298,-3.350000,0.344702,0.000223
31,mobley_2487143,-3.311467,-3.280000,0.031467,0.000002
31,mobley_8449031,-2.476573,-3.220000,0.743427,0.001039
31,mobley_172879,-2.868207,-3.150000,0.281793,0.000149
31,mobley_5346580,-2.080795,-3.110000,1.029205,0.001992
31,mobley_3573480,-3.052337,-3.040000,0.012337,0.000000
31,mobley_1075836,-3.137810,-2.930000,0.207809,0.000081
31,mobley_6102880,-4.303206,-2.870000,1.433207,0.003863
31,mobley_1827204,-2.966487,-2.810000,0.156487,0.000046
31,mobley_2146331,-1.443471,-2.750000,1.306529,0.003210
31,mobley_7943327,-2.845910,-2.680000,0.165910,0.000052
31,mobley_5110043,-2.194909,-2.630000,0.435091,0.000356
31,mobley_5616693,-2.592749,-2.530000,0.062749,0.000007
31,mobley_6619554,-2.477831,-2.490000,0.012169,0.000000
31,mobley_6359156,-4.346584,-2.460000,1.886584,0.006693
31,mobley_1781152,-1.954803,-2.400000,0.445197,0.000373
31,mobley_859464,-2.619632,-2.360000,0.259633,0.000127
31,mobley_7150646,-1.252699,-2.300000,1.047301,0.002063
31,mobley_1592519,-2.868151,-2.230000,0.638151,0.000766
31,mobley_5538249,-2.450373,-2.160000,0.290373,0.000159
31,mobley_6911232,-1.581874,-2.100000,0.518126,0.000505
31,mobley_3269565,-1.197694,-2.010000,0.812306,0.001241
31,mobley_2484519,-2.813618,-1.930000,0.883618,0.001468
31,mobley_7690440,-4.176900,-1.830000,2.346900,0.010357
31,mobley_3802803,-1.354703,-1.660000,0.305297,0.000175
31,mobley_1144156,-1.752934,-1.590000,0.162934,0.000050
31,mobley_2481002,-1.448250,-1.450000,0.001750,0.000000
31,mobley_2489709,-1.482614,-1.360000,0.122614,0.000028
31,mobley_5052949,-1.344466,-1.280000,0.064466,0.000008
31,mobley_2492140,-1.583857,-1.230000,0.353857,0.000235
31,mobley_7542832,-1.457371,-1.160000,0.297372,0.000166
31,mobley_7814642,-2.369496,-1.120000,1.249496,0.002936
31,mobley_1563176,-0.862181,-0.990000,0.127819,0.000031
31,mobley_1873346,-0.765445,-0.900000,0.134555,0.000034
31,mobley_3040612,-0.662564,-0.850000,0.187436,0.000066
31,mobley_4483973,-2.190237,-0.800000,1.390237,0.003634
31,mobley_9913368,-1.721313,-0.780000,0.941314,0.001666
31,mobley_1449384,-0.476221,-0.680000,0.203779,0.000078
31,mobley_7708038,-0.679306,-0.560000,0.119306,0.000027
31,mobley_8311321,0.169032,-0.500000,0.669032,0.000842
31,mobley_766666,-0.711722,-0.440000,0.271722,0.000139
31,mobley_5445548,-0.449949,-0.300000,0.149949,0.000042
31,mobley_9029594,-0.737163,-0.220000,0.517163,0.000503
31,mobley_3370989,-3.072217,-0.110000,2.962217,0.016500
31,mobley_627267,-0.327328,-0.030000,0.297328,0.000166
31,mobley_6250025,0.290935,0.080000,0.210935,0.000084
31,mobley_4252724,-0.449145,0.160000,0.609145,0.000698
31,mobley_7157427,0.303074,0.290000,0.013074,0.000000
31,mobley_8885088,-0.730299,0.560000,1.290299,0.003131
31,mobley_8522124,0.999182,0.710000,0.289182,0.000157
31,mobley_4678740,-1.435592,1.070000,2.505592,0.011805
31,mobley_2689721,0.680044,1.230000,0.549956,0.000569
31,mobley_1662128,1.073981,1.380000,0.306019,0.000176
31,mobley_4762983,1.867341,1.660000,0.207341,0.000081
31,mobley_7732703,1.185387,1.790000,0.604613,0.000687
31,mobley_2068538,1.205739,2.000000,0.794261,0.001186
31,mobley_5157661,1.594372,2.300000,0.705628,0.000936
31,mobley_1261349,2.454553,2.510000,0.055447,0.000006
31,mobley_2328633,2.046128,2.550000,0.503872,0.000477
31,mobley_8436428,2.644604,2.830000,0.185396,0.000065
31,mobley_3060426,3.257907,2.930000,0.327907,0.000202
31,mobley_2197088,3.056008,3.160000,0.103992,0.000020
32,mobley_9534740,-22.172260,-25.469999,3.297739,0.020450
32,mobley_6239320,-19.859163,-18.059999,1.799164,0.006087
32,mobley_7794077,-13.887005,-15.460000,1.572995,0.004653
32,mobley_7415647,-13.212372,-11.950000,1.262372,0.002997
32,mobley_1728386,-10.543125,-11.000000,0.456875,0.000393
32,mobley_2269032,-10.357102,-10.210000,0.147102,0.000041
32,mobley_2913224,-7.116656,-9.940000,2.823344,0.014990
32,mobley_2659552,-9.672491,-9.760000,0.087509,0.000014
32,mobley_7176290,-9.119801,-9.620000,0.500199,0.000470
32,mobley_2295058,-9.245467,-9.510000,0.264533,0.000132
32,mobley_6055410,-10.936512,-9.400000,1.536512,0.004440
32,mobley_4639255,-9.820852,-9.300000,0.520852,0.000510
32,mobley_1417007,-4.321022,-9.010000,4.688979,0.041345
32,mobley_6115639,-11.589505,-8.700000,2.889505,0.015700
32,mobley_6353617,-7.925264,-8.260000,0.334736,0.000211
32,mobley_2725215,-9.774464,-7.980000,1.794464,0.006055
32,mobley_7039935,-7.004989,-7.670000,0.665011,0.000832
32,mobley_4059279,-7.083726,-7.580000,0.496274,0.000463
32,mobley_951560,-9.157920,-7.400000,1.757920,0.005811
32,mobley_1922649,-10.944661,-7.190000,3.754661,0.026510
32,mobley_8798016,-7.361387,-7.000000,0.361387,0.000246
32,mobley_1858644,-7.602652,-6.790000,0.812652,0.001242
32,mobley_9114381,-5.717160,-6.720000,1.002840,0.001891
32,mobley_5311804,-5.837295,-6.620000,0.782705,0.001152
32,mobley_6743808,-6.561786,-6.500000,0.061786,0.000007
32,mobley_8789864,-6.213816,-6.400000,0.186184,0.000065
32,mobley_7009711,-6.189346,-6.270000,0.080654,0.000012
32,mobley_8789465,-4.745842,-6.200000,1.454157,0.003976
32,mobley_2923700,-6.380028,-6.130000,0.250028,0.000118
32,mobley_4780078,-5.778494,-6.010000,0.231506,0.000101
32,mobley_5467162,-5.921471,-5.910000,0.011471,0.000000
32,mobley_6257907,-5.859268,-5.820000,0.039268,0.000003
32,mobley_7913234,-6.309565,-5.730000,0.579565,0.000632
32,mobley_5518547,-6.088317,-5.570000,0.518317,0.000505
32,mobley_4883284,-6.131208,-5.490000,0.641209,0.000773
32,mobley_5220185,-5.098562,-5.450000,0.351438,0.000232
32,mobley_3359593,-5.803829,-5.260000,0.543829,0.000556
32,mobley_4683624,-6.202137,-5.210000,0.992136,0.001851
32,mobley_1636752,-3.387539,-5.100000,1.712461,0.005514
32,mobley_2310185,-5.041726,-5.000000,0.041726,0.000003
32,mobley_3682850,-4.313354,-4.910000,0.596645,0.000669
32,mobley_1363784,-4.992804,-4.840000,0.152804,0.000044
32,mobley_2837389,-4.545193,-4.780000,0.234807,0.000104
32,mobley_9507933,-5.228210,-4.720000,0.508211,0.000486
32,mobley_296847,-5.025381,-4.690000,0.335381,0.000212
32,mobley_8208692,-2.734596,-4.610000,1.875404,0.006614
32,mobley_4884177,-4.903824,-4.590000,0.313824,0.000185
32,mobley_6714389,-3.905864,-4.550000,0.644136,0.000780
32,mobley_2245668,-4.493058,-4.500000,0.006942,0.000000
32,mobley_5973402,-4.734293,-4.420000,0.314293,0.000186
32,mobley_3546460,-4.355100,-4.400000,0.044900,0.000004
32,mobley_8311303,-4.037045,-4.380000,0.342955,0.000221
32,mobley_9741965,-5.994000,-4.290000,1.704000,0.005460
32,mobley_4603202,-3.450398,-4.230000,0.779602,0.001143
32,mobley_628086,-4.910687,-4.160000,0.750687,0.001060
32,mobley_4620651,-4.216316,-4.100000,0.116316,0.000025
32,mobley_7977115,-4.406564,-4.060000,0.346564,0.000226
32,mobley_2789243,-3.158651,-4.010000,0.851349,0.001363
32,mobley_3968739,-3.905151,-3.920000,0.014849,0.000000
32,mobley_63712,-3.282204,-3.880000,0.597796,0.000672
32,mobley_1046331,-3.434365,-3.820000,0.385635,0.000280
32,mobley_1160109,-4.050133,-3.750000,0.300133,0.000169
32,mobley_4149784,-3.184335,-3.670000,0.485665,0.000444
32,mobley_397645,-4.020998,-3.640000,0.380998,0.000273
32,mobley_4690963,-5.043161,-3.540000,1.503161,0.004249
32,mobley_1967551,-3.342104,-3.500000,0.157896,0.000047
32,mobley_6733657,-4.719939,-3.440000,1.279939,0.003081
32,mobley_9565165,-3.625702,-3.350000,0.275702,0.000143
32,mobley_2487143,-3.538335,-3.280000,0.258335,0.000125
32,mobley_8449031,-2.532012,-3.220000,0.687989,0.000890
32,mobley_172879,-3.133608,-3.150000,0.016392,0.000001
32,mobley_5346580,-2.359773,-3.110000,0.750227,0.001058
32,mobley_3573480,-3.322535,-3.040000,0.282535,0.000150
32,mobley_1075836,-3.337894,-2.930000,0.407894,0.000313
32,mobley_6102880,-4.698808,-2.870000,1.828808,0.006289
32,mobley_1827204,-3.132619,-2.810000,0.322619,0.000196
32,mobley_2146331,-1.434981,-2.750000,1.315019,0.003252
32,mobley_7943327,-2.914454,-2.680000,0.234454,0.000103
32,mobley_5110043,-2.857460,-2.630000,0.227460,0.000097
32,mobley_5616693,-2.977999,-2.530000,0.447999,0.000377
32,mobley_6619554,-2.550761,-2.490000,0.060761,0.000007
32,mobley_6359156,-4.349113,-2.460000,1.889112,0.006711
32,mobley_1781152,-2.197548,-2.400000,0.202452,0.000077
32,mobley_859464,-2.900371,-2.360000,0.540371,0.000549
32,mobley_7150646,-1.408060,-2.300000,0.891940,0.001496
32,mobley_1592519,-2.963040,-2.230000,0.733040,0.001010
32,mobley_5538249,-2.152006,-2.160000,0.007994,0.000000
32,mobley_6911232,-1.758640,-2.100000,0.341359,0.000219
32,mobley_3269565,-1.398327,-2.010000,0.611673,0.000704
32,mobley_2484519,-3.024250,-1.930000,1.094250,0.002252
32,mobley_7690440,-4.288072,-1.830000,2.458072,0.011362
32,mobley_3802803,-1.714805,-1.660000,0.054805,0.000006
32,mobley_1144156,-1.763344,-1.590000,0.173344,0.000057
32,mobley_2481002,-1.513260,-1.450000,0.063260,0.000008
32,mobley_2489709,-1.427909,-1.360000,0.067909,0.000009
32,mobley_5052949,-1.456851,-1.280000,0.176851,0.000059
32,mobley_2492140,-1.651211,-1.230000,0.421211,0.000334
32,mobley_7542832,-1.485464,-1.160000,0.325464,0.000199
32,mobley_7814642,-2.255213,-1.120000,1.135213,0.002423
32,mobley_1563176,-1.003912,-0.990000,0.013912,0.000000
32,mobley_1873346,-1.095659,-0.900000,0.195659,0.000072
32,mobley_3040612,-1.027500,-0.850000,0.177500,0.000059
32,mobley_4483973,-2.381725,-0.800000,1.581725,0.004705
32,mobley_9913368,-1.685191,-0.780000,0.905191,0.001541
32,mobley_1449384,-0.864510,-0.680000,0.184510,0.000064
32,mobley_7708038,-0.732370,-0.560000,0.172370,0.000056
32,mobley_8311321,0.130695,-0.500000,0.630695,0.000748
32,mobley_766666,-0.718197,-0.440000,0.278197,0.000146
32,mobley_5445548,-0.811477,-0.300000,0.511477,0.000492
32,mobley_9029594,-0.847139,-0.220000,0.627139,0.000740
32,mobley_3370989,-3.309515,-0.110000,3.199515,0.019250
32,mobley_627267,-0.507515,-0.030000,0.477515,0.000429
32,mobley_6250025,0.123260,0.080000,0.043260,0.000004
32,mobley_4252724,-0.928207,0.160000,1.088207,0.002227
32,mobley_7157427,0.065239,0.290000,0.224761,0.000095
32,mobley_8885088,-0.946211,0.560000,1.506211,0.004266
32,mobley_8522124,0.805958,0.710000,0.095958,0.000017
32,mobley_4678740,-1.531118,1.070000,2.601118,0.012723
32,mobley_2689721,0.538110,1.230000,0.691890,0.000900
32,mobley_1662128,0.972555,1.380000,0.407445,0.000312
32,mobley_4762983,1.617968,1.660000,0.042032,0.000003
32,mobley_7732703,0.998664,1.790000,0.791336,0.001178
32,mobley_2068538,1.209880,2.000000,0.790120,0.001174
32,mobley_5157661,1.525475,2.300000,0.774525,0.001128
32,mobley_1261349,2.232027,2.510000,0.277973,0.000145
32,mobley_2328633,1.740515,2.550000,0.809485,0.001232
32,mobley_8436428,2.464910,2.830000,0.365090,0.000251
32,mobley_3060426,2.915770,2.930000,0.014230,0.000000
32,mobley_2197088,2.857463,3.160000,0.302537,0.000172
33,mobley_9534740,-22.325886,-25.469999,3.144114,0.018589
33,mobley_6239320,-19.464025,-18.059999,1.404026,0.003707
33,mobley_7794077,-13.454329,-15.460000,2.005671,0.007565
33,mobley_7415647,-12.303913,-11.950000,0.353913,0.000236
33,mobley_1728386,-9.513049,-11.000000,1.486951,0.004158
33,mobley_2269032,-8.730515,-10.210000,1.479485,0.004116
33,mobley_2913224,-6.429491,-9.940000,3.510509,0.023174
33,mobley_2659552,-8.667477,-9.760000,1.092524,0.002245
33,mobley_7176290,-8.413676,-9.620000,1.206324,0.002736
33,mobley_2295058,-8.413783,-9.510000,1.096217,0.002260
33,mobley_6055410,-10.019371,-9.400000,0.619371,0.000721
33,mobley_4639255,-9.862267,-9.300000,0.562267,0.000594
33,mobley_1417007,-3.818397,-9.010000,5.191603,0.050683
33,mobley_6115639,-10.639140,-8.700000,1.939140,0.007071
33,mobley_6353617,-6.951710,-8.260000,1.308290,0.003219
33,mobley_2725215,-8.215190,-7.980000,0.235190,0.000104
33,mobley_7039935,-5.840583,-7.670000,1.829417,0.006293
33,mobley_4059279,-6.511757,-7.580000,1.068243,0.002146
33,mobley_951560,-8.885383,-7.400000,1.485383,0.004149
33,mobley_1922649,-9.441648,-7.190000,2.251647,0.009534
33,mobley_8798016,-6.643116,-7.000000,0.356884,0.000240
33,mobley_1858644,-6.581422,-6.790000,0.208578,0.000082
33,mobley_9114381,-5.397968,-6.720000,1.322032,0.003287
33,mobley_5311804,-4.934237,-6.620000,1.685762,0.005344
33,mobley_6743808,-5.740867,-6.500000,0.759133,0.001084
33,mobley_8789864,-5.622223,-6.400000,0.777777,0.001138
33,mobley_7009711,-5.535148,-6.270000,0.734852,0.001015
33,mobley_8789465,-4.181493,-6.200000,2.018507,0.007662
33,mobley_2923700,-5.511010,-6.130000,0.618990,0.000720
33,mobley_4780078,-5.008266,-6.010000,1.001734,0.001887
33,mobley_5467162,-4.947419,-5.910000,0.962581,0.001742
33,mobley_6257907,-5.500572,-5.820000,0.319428,0.000192
33,mobley_7913234,-5.630968,-5.730000,0.099032,0.000018
33,mobley_5518547,-5.302505,-5.570000,0.267496,0.000135
33,mobley_4883284,-5.335746,-5.490000,0.154253,0.000045
33,mobley_5220185,-4.748023,-5.450000,0.701977,0.000927
33,mobley_3359593,-5.013046,-5.260000,0.246954,0.000115
33,mobley_4683624,-5.232913,-5.210000,0.022913,0.000001
33,mobley_1636752,-3.290104,-5.100000,1.809896,0.006160
33,mobley_2310185,-4.841641,-5.000000,0.158359,0.000047
33,mobley_3682850,-3.650022,-4.910000,1.259978,0.002985
33,mobley_1363784,-4.281158,-4.840000,0.558842,0.000587
33,mobley_2837389,-4.029513,-4.780000,0.750487,0.001059
33,mobley_9507933,-4.292242,-4.720000,0.427758,0.000344
33,mobley_296847,-4.086367,-4.690000,0.603633,0.000685
33,mobley_8208692,-3.235365,-4.610000,1.374635,0.003553
33,mobley_4884177,-3.845361,-4.590000,0.744639,0.001043
33,mobley_6714389,-3.736738,-4.550000,0.813262,0.001244
33,mobley_2245668,-4.172091,-4.500000,0.327909,0.000202
33,mobley_5973402,-4.230594,-4.420000,0.189406,0.000067
33,mobley_3546460,-3.758447,-4.400000,0.641553,0.000774
33,mobley_8311303,-4.038225,-4.380000,0.341775,0.000220
33,mobley_9741965,-5.784233,-4.290000,1.494233,0.004199
33,mobley_4603202,-3.306199,-4.230000,0.923801,0.001605
33,mobley_628086,-4.091729,-4.160000,0.068271,0.000009
33,mobley_4620651,-3.564660,-4.100000,0.535340,0.000539
33,mobley_7977115,-3.707040,-4.060000,0.352960,0.000234
33,mobley_2789243,-3.092392,-4.010000,0.917608,0.001583
33,mobley_3968739,-3.146838,-3.920000,0.773162,0.001124
33,mobley_63712,-2.479566,-3.880000,1.400434,0.003688
33,mobley_1046331,-2.870270,-3.820000,0.949730,0.001696
33,mobley_1160109,-2.697839,-3.750000,1.052161,0.002082
33,mobley_4149784,-3.378747,-3.670000,0.291253,0.000160
33,mobley_397645,-3.111925,-3.640000,0.528075,0.000524
33,mobley_4690963,-4.330072,-3.540000,0.790072,0.001174
33,mobley_1967551,-3.079992,-3.500000,0.420008,0.000332
33,mobley_6733657,-4.560911,-3.440000,1.120911,0.002363
33,mobley_9565165,-2.237673,-3.350000,1.112327,0.002327
33,mobley_2487143,-2.911987,-3.280000,0.368013,0.000255
33,mobley_8449031,-2.033305,-3.220000,1.186695,0.002648
33,mobley_172879,-2.140959,-3.150000,1.009041,0.001915
33,mobley_5346580,-1.755075,-3.110000,1.354925,0.003452
33,mobley_3573480,-2.607998,-3.040000,0.432002,0.000351
33,mobley_1075836,-3.047787,-2.930000,0.117787,0.000026
33,mobley_6102880,-3.379594,-2.870000,0.509594,0.000488
33,mobley_1827204,-2.435332,-2.810000,0.374668,0.000264
33,mobley_2146331,-1.218871,-2.750000,1.531129,0.004408
33,mobley_7943327,-2.496354,-2.680000,0.183646,0.000063
33,mobley_5110043,-1.717625,-2.630000,0.912375,0.001565
33,mobley_5616693,-1.816351,-2.530000,0.713649,0.000958
33,mobley_6619554,-1.923728,-2.490000,0.566272,0.000603
33,mobley_6359156,-3.868069,-2.460000,1.408069,0.003728
33,mobley_1781152,-1.789235,-2.400000,0.610765,0.000701
33,mobley_859464,-2.355905,-2.360000,0.004095,0.000000
33,mobley_7150646,-0.877470,-2.300000,1.422530,0.003805
33,mobley_1592519,-2.306007,-2.230000,0.076007,0.000011
33,mobley_5538249,-2.245133,-2.160000,0.085133,0.000014
33,mobley_6911232,-1.454430,-2.100000,0.645570,0.000784
33,mobley_3269565,-1.065646,-2.010000,0.944354,0.001677
33,mobley_2484519,-2.337548,-1.930000,0.407548,0.000312
33,mobley_7690440,-3.524869,-1.830000,1.694869,0.005402
33,mobley_3802803,-1.261051,-1.660000,0.398949,0.000299
33,mobley_1144156,-1.327261,-1.590000,0.262739,0.000130
33,mobley_2481002,-1.642136,-1.450000,0.192135,0.000069
33,mobley_2489709,-1.460413,-1.360000,0.100413,0.000019
33,mobley_5052949,-0.959488,-1.280000,0.320512,0.000193
33,mobley_2492140,-1.547561,-1.230000,0.317561,0.000190
33,mobley_7542832,-0.870511,-1.160000,0.289489,0.000158
33,mobley_7814642,-2.342984,-1.120000,1.222984,0.002813
33,mobley_1563176,-0.550246,-0.990000,0.439754,0.000364
33,mobley_1873346,-0.392539,-0.900000,0.507461,0.000484
33,mobley_3040612,-0.137576,-0.850000,0.712424,0.000954
33,mobley_4483973,-1.794685,-0.800000,0.994685,0.001861
33,mobley_9913368,-1.769451,-0.780000,0.989451,0.001841
33,mobley_1449384,-0.000363,-0.680000,0.679637,0.000869
33,mobley_7708038,-0.435518,-0.560000,0.124482,0.000029
33,mobley_8311321,0.008654,-0.500000,0.508654,0.000487
33,mobley_766666,-0.840315,-0.440000,0.400315,0.000301
33,mobley_5445548,0.098170,-0.300000,0.398170,0.000298
33,mobley_9029594,-0.683169,-0.220000,0.463169,0.000403
33,mobley_3370989,-3.121060,-0.110000,3.011060,0.017049
33,mobley_627267,-0.098977,-0.030000,0.068977,0.000009
33,mobley_6250025,0.701452,0.080000,0.621452,0.000726
33,mobley_4252724,0.116910,0.160000,0.043090,0.000003
33,mobley_7157427,0.737902,0.290000,0.447902,0.000377
33,mobley_8885088,-0.374710,0.560000,0.934710,0.001643
33,mobley_8522124,1.374922,0.710000,0.664922,0.000831
33,mobley_4678740,-1.336334,1.070000,2.406334,0.010889
33,mobley_2689721,0.791527,1.230000,0.438473,0.000362
33,mobley_1662128,1.304551,1.380000,0.075449,0.000011
33,mobley_4762983,2.330290,1.660000,0.670290,0.000845
33,mobley_7732703,1.091844,1.790000,0.698156,0.000917
33,mobley_2068538,1.306659,2.000000,0.693341,0.000904
33,mobley_5157661,1.645845,2.300000,0.654155,0.000805
33,mobley_1261349,2.564525,2.510000,0.054525,0.000006
33,mobley_2328633,2.502717,2.550000,0.047283,0.000004
33,mobley_8436428,2.810576,2.830000,0.019424,0.000001
33,mobley_3060426,3.606379,2.930000,0.676379,0.000860
33,mobley_2197088,3.496873,3.160000,0.336873,0.000213
34,mobley_9534740,-22.567364,-25.469999,2.902636,0.015843
34,mobley_6239320,-19.130518,-18.059999,1.070518,0.002155
34,mobley_7794077,-13.088018,-15.460000,2.371982,0.010580
34,mobley_7415647,-12.793983,-11.950000,0.843983,0.001339
34,mobley_1728386,-10.306248,-11.000000,0.693752,0.000905
34,mobley_2269032,-9.734540,-10.210000,0.475460,0.000425
34,mobley_2913224,-6.906784,-9.940000,3.033216,0.017301
34,mobley_2659552,-9.360096,-9.760000,0.399904,0.000301
34,mobley_7176290,-8.802893,-9.620000,0.817107,0.001256
34,mobley_2295058,-8.989095,-9.510000,0.520905,0.000510
34,mobley_6055410,-10.602983,-9.400000,1.202984,0.002721
34,mobley_4639255,-10.057350,-9.300000,0.757350,0.001079
34,mobley_1417007,-4.643611,-9.010000,4.366389,0.035852
34,mobley_6115639,-11.247874,-8.700000,2.547874,0.012207
34,mobley_6353617,-7.572434,-8.260000,0.687566,0.000889
34,mobley_2725215,-9.820828,-7.980000,1.840828,0.006372
34,mobley_7039935,-6.955596,-7.670000,0.714404,0.000960
34,mobley_4059279,-6.839126,-7.580000,0.740874,0.001032
34,mobley_951560,-9.203906,-7.400000,1.803906,0.006119
34,mobley_1922649,-10.649361,-7.190000,3.459361,0.022504
34,mobley_8798016,-7.307901,-7.000000,0.307901,0.000178
34,mobley_1858644,-7.511132,-6.790000,0.721132,0.000978
34,mobley_9114381,-5.612162,-6.720000,1.107838,0.002308
34,mobley_5311804,-5.788590,-6.620000,0.831409,0.001300
34,mobley_6743808,-6.290387,-6.500000,0.209613,0.000083
34,mobley_8789864,-5.936617,-6.400000,0.463383,0.000404
34,mobley_7009711,-5.990805,-6.270000,0.279195,0.000147
34,mobley_8789465,-4.674898,-6.200000,1.525102,0.004374
34,mobley_2923700,-6.229673,-6.130000,0.099673,0.000019
34,mobley_4780078,-5.449377,-6.010000,0.560624,0.000591
34,mobley_5467162,-5.722481,-5.910000,0.187519,0.000066
34,mobley_6257907,-5.641952,-5.820000,0.178049,0.000060
34,mobley_7913234,-6.135985,-5.730000,0.405985,0.000310
34,mobley_5518547,-5.881971,-5.570000,0.311971,0.000183
34,mobley_4883284,-6.052052,-5.490000,0.562052,0.000594
34,mobley_5220185,-4.896401,-5.450000,0.553598,0.000576
34,mobley_3359593,-5.669898,-5.260000,0.409897,0.000316
34,mobley_4683624,-5.987609,-5.210000,0.777609,0.001137
34,mobley_1636752,-3.472753,-5.100000,1.627247,0.004979
34,mobley_2310185,-5.110402,-5.000000,0.110402,0.000023
34,mobley_3682850,-4.153299,-4.910000,0.756701,0.001077
34,mobley_1363784,-4.572085,-4.840000,0.267915,0.000135
34,mobley_2837389,-4.439650,-4.780000,0.340350,0.000218
34,mobley_9507933,-4.660092,-4.720000,0.059907,0.000007
34,mobley_296847,-4.910237,-4.690000,0.220237,0.000091
34,mobley_8208692,-2.617968,-4.610000,1.992032,0.007462
34,mobley_4884177,-4.616944,-4.590000,0.026944,0.000001
34,mobley_6714389,-3.847924,-4.550000,0.702076,0.000927
34,mobley_2245668,-4.343091,-4.500000,0.156909,0.000046
34,mobley_5973402,-4.554342,-4.420000,0.134342,0.000034
34,mobley_3546460,-4.301702,-4.400000,0.098298,0.000018
34,mobley_8311303,-4.022394,-4.380000,0.357606,0.000240
34,mobley_9741965,-5.885695,-4.290000,1.595695,0.004788
34,mobley_4603202,-3.217830,-4.230000,1.012170,0.001927
34,mobley_628086,-3.991300,-4.160000,0.168700,0.000054
34,mobley_4620651,-3.879555,-4.100000,0.220445,0.000091
34,mobley_7977115,-4.228076,-4.060000,0.168076,0.000053
34,mobley_2789243,-3.083097,-4.010000,0.926903,0.001616
34,mobley_3968739,-3.707414,-3.920000,0.212586,0.000085
34,mobley_63712,-3.093498,-3.880000,0.786502,0.001163
34,mobley_1046331,-3.337407,-3.820000,0.482593,0.000438
34,mobley_1160109,-3.503349,-3.750000,0.246651,0.000114
34,mobley_4149784,-3.228121,-3.670000,0.441879,0.000367
34,mobley_397645,-4.000318,-3.640000,0.360317,0.000244
34,mobley_4690963,-5.024359,-3.540000,1.484359,0.004143
34,mobley_1967551,-3.054356,-3.500000,0.445644,0.000373
34,mobley_6733657,-5.164758,-3.440000,1.724758,0.005594
34,mobley_9565165,-3.489737,-3.350000,0.139737,0.000037
34,mobley_2487143,-3.086301,-3.280000,0.193699,0.000071
34,mobley_8449031,-2.543616,-3.220000,0.676384,0.000860
34,mobley_172879,-2.951216,-3.150000,0.198784,0.000074
34,mobley_5346580,-2.027781,-3.110000,1.082219,0.002202
34,mobley_3573480,-2.837793,-3.040000,0.202207,0.000077
34,mobley_1075836,-3.033365,-2.930000,0.103365,0.000020
34,mobley_6102880,-4.552210,-2.870000,1.682210,0.005321
34,mobley_1827204,-2.844727,-2.810000,0.034727,0.000002
34,mobley_2146331,-1.408745,-2.750000,1.341255,0.003383
34,mobley_7943327,-2.798085,-2.680000,0.118085,0.000026
34,mobley_5110043,-2.496080,-2.630000,0.133920,0.000034
34,mobley_5616693,-2.442379,-2.530000,0.087621,0.000014
34,mobley_6619554,-2.401509,-2.490000,0.088491,0.000015
34,mobley_6359156,-4.376339,-2.460000,1.916339,0.006906
34,mobley_1781152,-1.922193,-2.400000,0.477807,0.000429
34,mobley_859464,-2.434693,-2.360000,0.074693,0.000010
34,mobley_7150646,-1.231776,-2.300000,1.068224,0.002146
34,mobley_1592519,-2.770286,-2.230000,0.540286,0.000549
34,mobley_5538249,-2.378659,-2.160000,0.218659,0.000090
34,mobley_6911232,-1.796128,-2.100000,0.303872,0.000174
34,mobley_3269565,-1.380480,-2.010000,0.629520,0.000745
34,mobley_2484519,-2.899024,-1.930000,0.969025,0.001766
34,mobley_7690440,-4.481525,-1.830000,2.651525,0.013221
34,mobley_3802803,-1.608144,-1.660000,0.051856,0.000005
34,mobley_1144156,-1.853009,-1.590000,0.263009,0.000130
34,mobley_2481002,-1.565345,-1.450000,0.115345,0.000025
34,mobley_2489709,-1.306346,-1.360000,0.053654,0.000005
34,mobley_5052949,-1.308731,-1.280000,0.028731,0.000002
34,mobley_2492140,-1.655092,-1.230000,0.425092,0.000340
34,mobley_7542832,-1.393335,-1.160000,0.233335,0.000102
34,mobley_7814642,-2.132764,-1.120000,1.012764,0.001929
34,mobley_1563176,-0.782655,-0.990000,0.207345,0.000081
34,mobley_1873346,-0.924259,-0.900000,0.024259,0.000001
34,mobley_3040612,-0.810781,-0.850000,0.039219,0.000003
34,mobley_4483973,-2.202358,-0.800000,1.402358,0.003698
34,mobley_9913368,-1.597407,-0.780000,0.817407,0.001256
34,mobley_1449384,-0.503660,-0.680000,0.176340,0.000058
34,mobley_7708038,-0.692882,-0.560000,0.132882,0.000033
34,mobley_8311321,0.179162,-0.500000,0.679162,0.000867
34,mobley_766666,-0.711375,-0.440000,0.271375,0.000138
34,mobley_5445548,-0.582917,-0.300000,0.282917,0.000151
34,mobley_9029594,-0.839304,-0.220000,0.619304,0.000721
34,mobley_3370989,-3.182127,-0.110000,3.072127,0.017748
34,mobley_627267,-0.248001,-0.030000,0.218001,0.000089
34,mobley_6250025,0.324212,0.080000,0.244212,0.000112
34,mobley_4252724,-0.654904,0.160000,0.814904,0.001249
34,mobley_7157427,0.349012,0.290000,0.059013,0.000007
34,mobley_8885088,-0.772737,0.560000,1.332737,0.003340
34,mobley_8522124,1.042619,0.710000,0.332619,0.000208
34,mobley_4678740,-1.273162,1.070000,2.343162,0.010324
34,mobley_2689721,0.644063,1.230000,0.585937,0.000646
34,mobley_1662128,1.117377,1.380000,0.262623,0.000130
34,mobley_4762983,1.863804,1.660000,0.203804,0.000078
34,mobley_7732703,1.262916,1.790000,0.527084,0.000522
34,mobley_2068538,1.282827,2.000000,0.717173,0.000967
34,mobley_5157661,1.666184,2.300000,0.633816,0.000755
34,mobley_1261349,2.355875,2.510000,0.154125,0.000045
34,mobley_2328633,2.052395,2.550000,0.497605,0.000466
34,mobley_8436428,2.681174,2.830000,0.148826,0.000042
34,mobley_3060426,3.294974,2.930000,0.364974,0.000250
34,mobley_2197088,3.056917,3.160000,0.103083,0.000020
35,mobley_9534740,-22.588524,-25.469999,2.881475,0.015613
35,mobley_6239320,-20.021105,-18.059999,1.961105,0.007232
35,mobley_7794077,-13.809572,-15.460000,1.650428,0.005122
35,mobley_7415647,-12.808549,-11.950000,0.858549,0.001386
35,mobley_1728386,-10.511354,-11.000000,0.488646,0.000449
35,mobley_2269032,-10.336180,-10.210000,0.126180,0.000030
35,mobley_2913224,-7.087520,-9.940000,2.852479,0.015301
35,mobley_2659552,-9.548460,-9.760000,0.211540,0.000084
35,mobley_7176290,-8.975204,-9.620000,0.644795,0.000782
35,mobley_2295058,-9.215280,-9.510000,0.294721,0.000163
35,mobley_6055410,-11.133197,-9.400000,1.733197,0.005649
35,mobley_4639255,-10.218069,-9.300000,0.918069,0.001585
35,mobley_1417007,-4.095531,-9.010000,4.914469,0.045417
35,mobley_6115639,-10.966816,-8.700000,2.266816,0.009663
35,mobley_6353617,-7.616825,-8.260000,0.643175,0.000778
35,mobley_2725215,-8.707924,-7.980000,0.727924,0.000996
35,mobley_7039935,-7.184118,-7.670000,0.485882,0.000444
35,mobley_4059279,-6.683561,-7.580000,0.896439,0.001511
35,mobley_951560,-9.033895,-7.400000,1.633895,0.005020
35,mobley_1922649,-9.940139,-7.190000,2.750139,0.014222
35,mobley_8798016,-7.398653,-7.000000,0.398653,0.000299
35,mobley_1858644,-7.725217,-6.790000,0.935217,0.001645
35,mobley_9114381,-5.551215,-6.720000,1.168785,0.002569
35,mobley_5311804,-6.025259,-6.620000,0.594741,0.000665
35,mobley_6743808,-6.516537,-6.500000,0.016537,0.000001
35,mobley_8789864,-5.619115,-6.400000,0.780885,0.001147
35,mobley_7009711,-6.373969,-6.270000,0.103969,0.000020
35,mobley_8789465,-5.078843,-6.200000,1.121157,0.002364
35,mobley_2923700,-6.318161,-6.130000,0.188161,0.000067
35,mobley_4780078,-5.859213,-6.010000,0.150787,0.000043
35,mobley_5467162,-5.888906,-5.910000,0.021094,0.000001
35,mobley_6257907,-5.859948,-5.820000,0.039948,0.000003
35,mobley_7913234,-6.186633,-5.730000,0.456633,0.000392
35,mobley_5518547,-6.133354,-5.570000,0.563354,0.000597
35,mobley_4883284,-6.192357,-5.490000,0.702357,0.000928
35,mobley_5220185,-4.953959,-5.450000,0.496041,0.000463
35,mobley_3359593,-5.917076,-5.260000,0.657075,0.000812
35,mobley_4683624,-6.182125,-5.210000,0.972125,0.001777
35,mobley_1636752,-3.579252,-5.100000,1.520748,0.004349
35,mobley_2310185,-5.091299,-5.000000,0.091299,0.000016
35,mobley_3682850,-4.265921,-4.910000,0.644079,0.000780
35,mobley_1363784,-4.809104,-4.840000,0.030896,0.000002
35,mobley_2837389,-4.811389,-4.780000,0.031389,0.000002
35,mobley_9507933,-4.897603,-4.720000,0.177603,0.000059
35,mobley_296847,-4.616825,-4.690000,0.073175,0.000010
35,mobley_8208692,-2.871136,-4.610000,1.738864,0.005686
35,mobley_4884177,-4.386405,-4.590000,0.203596,0.000078
35,mobley_6714389,-3.903305,-4.550000,0.646695,0.000786
35,mobley_2245668,-4.470830,-4.500000,0.029170,0.000002
35,mobley_5973402,-4.747585,-4.420000,0.327585,0.000202
35,mobley_3546460,-4.495986,-4.400000,0.095985,0.000017
35,mobley_8311303,-4.042753,-4.380000,0.337247,0.000214
35,mobley_9741965,-5.347603,-4.290000,1.057603,0.002103
35,mobley_4603202,-3.206911,-4.230000,1.023089,0.001968
35,mobley_628086,-4.325078,-4.160000,0.165079,0.000051
35,mobley_4620651,-3.833413,-4.100000,0.266587,0.000134
35,mobley_7977115,-4.290261,-4.060000,0.230261,0.000100
35,mobley_2789243,-3.170027,-4.010000,0.839973,0.001327
35,mobley_3968739,-3.876658,-3.920000,0.043342,0.000004
35,mobley_63712,-3.039383,-3.880000,0.840617,0.001329
35,mobley_1046331,-3.532774,-3.820000,0.287226,0.000155
35,mobley_1160109,-3.845473,-3.750000,0.095473,0.000017
35,mobley_4149784,-3.507812,-3.670000,0.162188,0.000049
35,mobley_397645,-3.873565,-3.640000,0.233565,0.000103
35,mobley_4690963,-4.614945,-3.540000,1.074945,0.002173
35,mobley_1967551,-3.306468,-3.500000,0.193532,0.000070
35,mobley_6733657,-4.678380,-3.440000,1.238380,0.002884
35,mobley_9565165,-3.930259,-3.350000,0.580259,0.000633
35,mobley_2487143,-3.398413,-3.280000,0.118413,0.000026
35,mobley_8449031,-2.295794,-3.220000,0.924206,0.001606
35,mobley_172879,-3.283546,-3.150000,0.133546,0.000034
35,mobley_5346580,-2.192000,-3.110000,0.918000,0.001585
35,mobley_3573480,-3.175221,-3.040000,0.135221,0.000034
35,mobley_1075836,-3.058034,-2.930000,0.128034,0.000031
35,mobley_6102880,-4.689375,-2.870000,1.819375,0.006225
35,mobley_1827204,-3.076360,-2.810000,0.266360,0.000133
35,mobley_2146331,-1.702677,-2.750000,1.047323,0.002063
35,mobley_7943327,-2.549530,-2.680000,0.130471,0.000032
35,mobley_5110043,-3.062385,-2.630000,0.432385,0.000352
35,mobley_5616693,-2.705562,-2.530000,0.175562,0.000058
35,mobley_6619554,-2.269810,-2.490000,0.220190,0.000091
35,mobley_6359156,-4.320531,-2.460000,1.860531,0.006509
35,mobley_1781152,-2.035593,-2.400000,0.364407,0.000250
35,mobley_859464,-2.545587,-2.360000,0.185587,0.000065
35,mobley_7150646,-1.575207,-2.300000,0.724793,0.000988
35,mobley_1592519,-2.739276,-2.230000,0.509276,0.000488
35,mobley_5538249,-2.000400,-2.160000,0.159600,0.000048
35,mobley_6911232,-1.598820,-2.100000,0.501180,0.000472
35,mobley_3269565,-1.164676,-2.010000,0.845324,0.001344
35,mobley_2484519,-2.881198,-1.930000,0.951198,0.001701
35,mobley_7690440,-4.249239,-1.830000,2.419239,0.011006
35,mobley_3802803,-1.385672,-1.660000,0.274328,0.000142
35,mobley_1144156,-1.508756,-1.590000,0.081244,0.000012
35,mobley_2481002,-1.517116,-1.450000,0.067116,0.000008
35,mobley_2489709,-1.490464,-1.360000,0.130464,0.000032
35,mobley_5052949,-1.198690,-1.280000,0.081310,0.000012
35,mobley_2492140,-1.707031,-1.230000,0.477031,0.000428
35,mobley_7542832,-1.205804,-1.160000,0.045804,0.000004
35,mobley_7814642,-2.278232,-1.120000,1.158232,0.002523
35,mobley_1563176,-0.922855,-0.990000,0.067145,0.000008
35,mobley_1873346,-1.148142,-0.900000,0.248142,0.000116
35,mobley_3040612,-0.930851,-0.850000,0.080851,0.000012
35,mobley_4483973,-2.313893,-0.800000,1.513893,0.004310
35,mobley_9913368,-1.710917,-0.780000,0.930918,0.001630
35,mobley_1449384,-0.826375,-0.680000,0.146375,0.000040
35,mobley_7708038,-1.100385,-0.560000,0.540385,0.000549
35,mobley_8311321,0.071390,-0.500000,0.571390,0.000614
35,mobley_766666,-0.749531,-0.440000,0.309531,0.000180
35,mobley_5445548,-0.715591,-0.300000,0.415591,0.000325
35,mobley_9029594,-0.871306,-0.220000,0.651306,0.000798
35,mobley_3370989,-3.047940,-0.110000,2.937940,0.016231
35,mobley_627267,-0.697794,-0.030000,0.667794,0.000839
35,mobley_6250025,-0.103703,0.080000,0.183703,0.000063
35,mobley_4252724,-0.796323,0.160000,0.956323,0.001720
35,mobley_7157427,0.239957,0.290000,0.050043,0.000005
35,mobley_8885088,-0.917624,0.560000,1.477624,0.004106
35,mobley_8522124,0.454455,0.710000,0.255545,0.000123
35,mobley_4678740,-1.284087,1.070000,2.354087,0.010421
35,mobley_2689721,0.616220,1.230000,0.613780,0.000708
35,mobley_1662128,1.052123,1.380000,0.327877,0.000202
35,mobley_4762983,1.722342,1.660000,0.062342,0.000007
35,mobley_7732703,1.040179,1.790000,0.749821,0.001057
35,mobley_2068538,1.234966,2.000000,0.765034,0.001101
35,mobley_5157661,1.636177,2.300000,0.663823,0.000829
35,mobley_1261349,2.349658,2.510000,0.160342,0.000048
35,mobley_2328633,1.905291,2.550000,0.644709,0.000782
35,mobley_8436428,2.644515,2.830000,0.185485,0.000065
35,mobley_3060426,3.234248,2.930000,0.304248,0.000174
35,mobley_2197088,2.921568,3.160000,0.238432,0.000107
36,mobley_9534740,-22.556171,-25.469999,2.913828,0.015966
36,mobley_6239320,-20.493031,-18.059999,2.433031,0.011132
36,mobley_7794077,-14.261397,-15.460000,1.198603,0.002702
36,mobley_7415647,-12.900321,-11.950000,0.950321,0.001698
36,mobley_1728386,-10.411510,-11.000000,0.588490,0.000651
36,mobley_2269032,-9.391485,-10.210000,0.818515,0.001260
36,mobley_2913224,-6.733215,-9.940000,3.206784,0.019338
36,mobley_2659552,-9.422474,-9.760000,0.337526,0.000214
36,mobley_7176290,-8.875957,-9.620000,0.744042,0.001041
36,mobley_2295058,-8.828145,-9.510000,0.681855,0.000874
36,mobley_6055410,-10.331924,-9.400000,0.931925,0.001633
36,mobley_4639255,-10.022439,-9.300000,0.722439,0.000981
36,mobley_1417007,-4.521365,-9.010000,4.488636,0.037887
36,mobley_6115639,-11.144221,-8.700000,2.444221,0.011234
36,mobley_6353617,-7.529777,-8.260000,0.730224,0.001003
36,mobley_2725215,-8.410777,-7.980000,0.430777,0.000349
36,mobley_7039935,-6.566373,-7.670000,1.103627,0.002290
36,mobley_4059279,-6.999874,-7.580000,0.580126,0.000633
36,mobley_951560,-9.205712,-7.400000,1.805712,0.006131
36,mobley_1922649,-10.010085,-7.190000,2.820085,0.014955
36,mobley_8798016,-7.143230,-7.000000,0.143230,0.000039
36,mobley_1858644,-7.313972,-6.790000,0.523973,0.000516
36,mobley_9114381,-5.494122,-6.720000,1.225878,0.002826
36,mobley_5311804,-5.648704,-6.620000,0.971296,0.001774
36,mobley_6743808,-6.164676,-6.500000,0.335324,0.000211
36,mobley_8789864,-5.874538,-6.400000,0.525462,0.000519
36,mobley_7009711,-5.923462,-6.270000,0.346538,0.000226
36,mobley_8789465,-4.565099,-6.200000,1.634901,0.005026
36,mobley_2923700,-5.968901,-6.130000,0.161099,0.000049
36,mobley_4780078,-5.403566,-6.010000,0.606434,0.000692
36,mobley_5467162,-5.468087,-5.910000,0.441913,0.000367
36,mobley_6257907,-5.672871,-5.820000,0.147129,0.000041
36,mobley_7913234,-5.970235,-5.730000,0.240235,0.000109
36,mobley_5518547,-5.600043,-5.570000,0.030043,0.000002
36,mobley_4883284,-5.758402,-5.490000,0.268402,0.000135
36,mobley_5220185,-4.958095,-5.450000,0.491905,0.000455
36,mobley_3359593,-5.461054,-5.260000,0.201054,0.000076
36,mobley_4683624,-5.723381,-5.210000,0.513381,0.000496
36,mobley_1636752,-3.574900,-5.100000,1.525100,0.004374
36,mobley_2310185,-5.033832,-5.000000,0.033832,0.000002
36,mobley_3682850,-4.120923,-4.910000,0.789077,0.001171
36,mobley_1363784,-4.668733,-4.840000,0.171267,0.000055
36,mobley_2837389,-4.576038,-4.780000,0.203962,0.000078
36,mobley_9507933,-4.758763,-4.720000,0.038764,0.000003
36,mobley_296847,-4.785425,-4.690000,0.095425,0.000017
36,mobley_8208692,-2.864672,-4.610000,1.745328,0.005728
36,mobley_4884177,-4.455563,-4.590000,0.134438,0.000034
36,mobley_6714389,-3.820934,-4.550000,0.729066,0.001000
36,mobley_2245668,-4.405033,-4.500000,0.094967,0.000017
36,mobley_5973402,-4.589430,-4.420000,0.169430,0.000054
36,mobley_3546460,-4.274310,-4.400000,0.125690,0.000030
36,mobley_8311303,-4.275752,-4.380000,0.104249,0.000020
36,mobley_9741965,-5.704405,-4.290000,1.414405,0.003762
36,mobley_4603202,-3.158023,-4.230000,1.071977,0.002161
36,mobley_628086,-4.377452,-4.160000,0.217453,0.000089
36,mobley_4620651,-3.818549,-4.100000,0.281451,0.000149
36,mobley_7977115,-4.198527,-4.060000,0.138527,0.000036
36,mobley_2789243,-3.136487,-4.010000,0.873513,0.001435
36,mobley_3968739,-3.584486,-3.920000,0.335515,0.000212
36,mobley_63712,-3.024699,-3.880000,0.855301,0.001376
36,mobley_1046331,-3.195024,-3.820000,0.624975,0.000734
36,mobley_1160109,-3.675083,-3.750000,0.074917,0.000011
36,mobley_4149784,-3.153441,-3.670000,0.516559,0.000502
36,mobley_397645,-3.614601,-3.640000,0.025399,0.000001
36,mobley_4690963,-4.553039,-3.540000,1.013039,0.001930
36,mobley_1967551,-3.109951,-3.500000,0.390049,0.000286
36,mobley_6733657,-4.915542,-3.440000,1.475542,0.004094
36,mobley_9565165,-3.043782,-3.350000,0.306218,0.000176
36,mobley_2487143,-3.063837,-3.280000,0.216163,0.000088
36,mobley_8449031,-2.330307,-3.220000,0.889693,0.001488
36,mobley_172879,-2.825136,-3.150000,0.324864,0.000198
36,mobley_5346580,-2.086598,-3.110000,1.023401,0.001969
36,mobley_3573480,-2.798805,-3.040000,0.241195,0.000109
36,mobley_1075836,-2.937077,-2.930000,0.007077,0.000000
36,mobley_6102880,-4.144603,-2.870000,1.274603,0.003055
36,mobley_1827204,-2.841148,-2.810000,0.031148,0.000002
36,mobley_2146331,-1.451445,-2.750000,1.298555,0.003171
36,mobley_7943327,-2.409748,-2.680000,0.270252,0.000137
36,mobley_5110043,-2.192979,-2.630000,0.437021,0.000359
36,mobley_5616693,-2.562704,-2.530000,0.032704,0.000002
36,mobley_6619554,-2.009391,-2.490000,0.480609,0.000434
36,mobley_6359156,-4.283617,-2.460000,1.823617,0.006254
36,mobley_1781152,-1.926130,-2.400000,0.473870,0.000422
36,mobley_859464,-2.437957,-2.360000,0.077957,0.000011
36,mobley_7150646,-1.114574,-2.300000,1.185426,0.002642
36,mobley_1592519,-2.384369,-2.230000,0.154369,0.000045
36,mobley_5538249,-2.163215,-2.160000,0.003215,0.000000
36,mobley_6911232,-1.521239,-2.100000,0.578761,0.000630
36,mobley_3269565,-1.177848,-2.010000,0.832152,0.001302
36,mobley_2484519,-2.625323,-1.930000,0.695323,0.000909
36,mobley_7690440,-3.807636,-1.830000,1.977636,0.007355
36,mobley_3802803,-1.434824,-1.660000,0.225176,0.000095
36,mobley_1144156,-1.406073,-1.590000,0.183927,0.000064
36,mobley_2481002,-1.536205,-1.450000,0.086205,0.000014
36,mobley_2489709,-1.434394,-1.360000,0.074394,0.000010
36,mobley_5052949,-1.066725,-1.280000,0.213275,0.000086
36,mobley_2492140,-1.564702,-1.230000,0.334702,0.000211
36,mobley_7542832,-1.147856,-1.160000,0.012144,0.000000
36,mobley_7814642,-2.244078,-1.120000,1.124078,0.002376
36,mobley_1563176,-0.688989,-0.990000,0.301011,0.000170
36,mobley_1873346,-0.807996,-0.900000,0.092004,0.000016
36,mobley_3040612,-0.600969,-0.850000,0.249031,0.000117
36,mobley_4483973,-2.086773,-0.800000,1.286773,0.003114
36,mobley_9913368,-1.670969,-0.780000,0.890969,0.001493
36,mobley_1449384,-0.378682,-0.680000,0.301318,0.000171
36,mobley_7708038,-0.655157,-0.560000,0.095157,0.000017
36,mobley_8311321,0.023545,-0.500000,0.523545,0.000515
36,mobley_766666,-0.747653,-0.440000,0.307653,0.000178
36,mobley_5445548,-0.390935,-0.300000,0.090935,0.000016
36,mobley_9029594,-0.812650,-0.220000,0.592650,0.000660
36,mobley_3370989,-3.119918,-0.110000,3.009918,0.017036
36,mobley_627267,-0.269371,-0.030000,0.239371,0.000108
36,mobley_6250025,0.408577,0.080000,0.328577,0.000203
36,mobley_4252724,-0.378652,0.160000,0.538652,0.000546
36,mobley_7157427,0.444159,0.290000,0.154159,0.000045
36,mobley_8885088,-0.736758,0.560000,1.296758,0.003162
36,mobley_8522124,1.057436,0.710000,0.347436,0.000227
36,mobley_4678740,-1.660913,1.070000,2.730913,0.014024
36,mobley_2689721,0.770337,1.230000,0.459663,0.000397
36,mobley_1662128,1.205804,1.380000,0.174196,0.000057
36,mobley_4762983,1.979409,1.660000,0.319409,0.000192
36,mobley_7732703,1.010821,1.790000,0.779179,0.001142
36,mobley_2068538,1.420239,2.000000,0.579761,0.000632
36,mobley_5157661,1.783098,2.300000,0.516902,0.000502
36,mobley_1261349,2.483747,2.510000,0.026253,0.000001
36,mobley_2328633,2.115562,2.550000,0.434438,0.000355
36,mobley_8436428,2.781053,2.830000,0.048947,0.000005
36,mobley_3060426,3.315276,2.930000,0.385276,0.000279
36,mobley_2197088,3.202220,3.160000,0.042220,0.000003
37,mobley_9534740,-21.987116,-25.469999,3.482883,0.022811
37,mobley_6239320,-19.372572,-18.059999,1.312572,0.003240
37,mobley_7794077,-13.348546,-15.460000,2.111454,0.008384
37,mobley_7415647,-12.600347,-11.950000,0.650347,0.000795
37,mobley_1728386,-10.061723,-11.000000,0.938277,0.001655
37,mobley_2269032,-9.181638,-10.210000,1.028362,0.001989
37,mobley_2913224,-6.642689,-9.940000,3.297311,0.020445
37,mobley_2659552,-9.286402,-9.760000,0.473598,0.000422
37,mobley_7176290,-8.603957,-9.620000,1.016043,0.001941
37,mobley_2295058,-8.684322,-9.510000,0.825678,0.001282
37,mobley_6055410,-10.121984,-9.400000,0.721984,0.000980
37,mobley_4639255,-9.591655,-9.300000,0.291655,0.000160
37,mobley_1417007,-4.212608,-9.010000,4.797392,0.043279
37,mobley_6115639,-10.470151,-8.700000,1.770151,0.005892
37,mobley_6353617,-7.302157,-8.260000,0.957843,0.001725
37,mobley_2725215,-9.542467,-7.980000,1.562467,0.004591
37,mobley_7039935,-6.266595,-7.670000,1.403405,0.003704
37,mobley_4059279,-6.755383,-7.580000,0.824617,0.001279
37,mobley_951560,-9.067288,-7.400000,1.667288,0.005227
37,mobley_1922649,-10.163503,-7.190000,2.973503,0.016626
37,mobley_8798016,-6.893397,-7.000000,0.106603,0.000021
37,mobley_1858644,-6.891017,-6.790000,0.101017,0.000019
37,mobley_9114381,-5.418207,-6.720000,1.301793,0.003187
37,mobley_5311804,-5.329553,-6.620000,1.290447,0.003131
37,mobley_6743808,-5.701004,-6.500000,0.798996,0.001200
37,mobley_8789864,-5.647925,-6.400000,0.752075,0.001064
37,mobley_7009711,-5.653223,-6.270000,0.616777,0.000715
37,mobley_8789465,-4.396157,-6.200000,1.803843,0.006119
37,mobley_2923700,-5.719897,-6.130000,0.410103,0.000316
37,mobley_4780078,-5.135214,-6.010000,0.874786,0.001439
37,mobley_5467162,-5.130547,-5.910000,0.779453,0.001142
37,mobley_6257907,-5.628874,-5.820000,0.191126,0.000069
37,mobley_7913234,-5.621655,-5.730000,0.108346,0.000022
37,mobley_5518547,-5.753056,-5.570000,0.183055,0.000063
37,mobley_4883284,-5.887734,-5.490000,0.397734,0.000297
37,mobley_5220185,-4.786043,-5.450000,0.663957,0.000829
37,mobley_3359593,-5.194956,-5.260000,0.065044,0.000008
37,mobley_4683624,-5.452590,-5.210000,0.242590,0.000111
37,mobley_1636752,-3.294935,-5.100000,1.805065,0.006127
37,mobley_2310185,-4.721051,-5.000000,0.278949,0.000146
37,mobley_3682850,-3.736028,-4.910000,1.173972,0.002592
37,mobley_1363784,-4.532157,-4.840000,0.307843,0.000178
37,mobley_2837389,-4.303802,-4.780000,0.476199,0.000426
37,mobley_9507933,-4.674004,-4.720000,0.045996,0.000004
37,mobley_296847,-4.571341,-4.690000,0.118659,0.000026
37,mobley_8208692,-2.945526,-4.610000,1.664474,0.005210
37,mobley_4884177,-4.230084,-4.590000,0.359916,0.000244
37,mobley_6714389,-3.722604,-4.550000,0.827397,0.001287
37,mobley_2245668,-4.190149,-4.500000,0.309851,0.000181
37,mobley_5973402,-4.221372,-4.420000,0.198628,0.000074
37,mobley_3546460,-3.951531,-4.400000,0.448469,0.000378
37,mobley_8311303,-4.054075,-4.380000,0.325925,0.000200
37,mobley_9741965,-5.508832,-4.290000,1.218832,0.002794
37,mobley_4603202,-3.186173,-4.230000,1.043827,0.002049
37,mobley_628086,-4.648498,-4.160000,0.488498,0.000449
37,mobley_4620651,-3.518069,-4.100000,0.581931,0.000637
37,mobley_7977115,-3.815413,-4.060000,0.244587,0.000112
37,mobley_2789243,-3.021607,-4.010000,0.988393,0.001837
37,mobley_3968739,-3.551947,-3.920000,0.368053,0.000255
37,mobley_63712,-2.733503,-3.880000,1.146497,0.002472
37,mobley_1046331,-3.076087,-3.820000,0.743913,0.001041
37,mobley_1160109,-2.892657,-3.750000,0.857343,0.001382
37,mobley_4149784,-2.993360,-3.670000,0.676640,0.000861
37,mobley_397645,-3.500529,-3.640000,0.139471,0.000037
37,mobley_4690963,-4.314090,-3.540000,0.774090,0.001127
37,mobley_1967551,-2.963637,-3.500000,0.536363,0.000541
37,mobley_6733657,-4.939755,-3.440000,1.499755,0.004230
37,mobley_9565165,-2.550826,-3.350000,0.799174,0.001201
37,mobley_2487143,-2.908943,-3.280000,0.371057,0.000259
37,mobley_8449031,-2.017997,-3.220000,1.202003,0.002717
37,mobley_172879,-2.628957,-3.150000,0.521043,0.000511
37,mobley_5346580,-1.769251,-3.110000,1.340749,0.003380
37,mobley_3573480,-2.629536,-3.040000,0.410464,0.000317
37,mobley_1075836,-2.960032,-2.930000,0.030032,0.000002
37,mobley_6102880,-4.008589,-2.870000,1.138589,0.002438
37,mobley_1827204,-2.502295,-2.810000,0.307704,0.000178
37,mobley_2146331,-1.236452,-2.750000,1.513548,0.004308
37,mobley_7943327,-2.343771,-2.680000,0.336230,0.000213
37,mobley_5110043,-1.901183,-2.630000,0.728817,0.000999
37,mobley_5616693,-2.007697,-2.530000,0.522303,0.000513
37,mobley_6619554,-1.861110,-2.490000,0.628890,0.000744
37,mobley_6359156,-3.813182,-2.460000,1.353182,0.003443
37,mobley_1781152,-1.848150,-2.400000,0.551850,0.000573
37,mobley_859464,-2.243259,-2.360000,0.116741,0.000026
37,mobley_7150646,-1.049515,-2.300000,1.250485,0.002940
37,mobley_1592519,-2.222398,-2.230000,0.007602,0.000000
37,mobley_5538249,-2.346701,-2.160000,0.186701,0.000066
37,mobley_6911232,-1.421607,-2.100000,0.678393,0.000865
37,mobley_3269565,-1.026308,-2.010000,0.983692,0.001820
37,mobley_2484519,-2.632364,-1.930000,0.702364,0.000928
37,mobley_7690440,-4.002482,-1.830000,2.172482,0.008875
37,mobley_3802803,-1.167902,-1.660000,0.492098,0.000455
37,mobley_1144156,-1.296112,-1.590000,0.293888,0.000162
37,mobley_2481002,-1.556808,-1.450000,0.106808,0.000021
37,mobley_2489709,-1.366413,-1.360000,0.006413,0.000000
37,mobley_5052949,-0.888078,-1.280000,0.391922,0.000289
37,mobley_2492140,-1.491003,-1.230000,0.261003,0.000128
37,mobley_7542832,-0.901440,-1.160000,0.258560,0.000126
37,mobley_7814642,-2.167352,-1.120000,1.047352,0.002063
37,mobley_1563176,-0.576671,-0.990000,0.413329,0.000321
37,mobley_1873346,-0.693715,-0.900000,0.206285,0.000080
37,mobley_3040612,-0.327814,-0.850000,0.522186,0.000513
37,mobley_4483973,-2.048954,-0.800000,1.248954,0.002933
37,mobley_9913368,-1.783854,-0.780000,1.003854,0.001895
37,mobley_1449384,-0.220345,-0.680000,0.459655,0.000397
37,mobley_7708038,-0.585341,-0.560000,0.025341,0.000001
37,mobley_8311321,-0.006017,-0.500000,0.493983,0.000459
37,mobley_766666,-0.805069,-0.440000,0.365069,0.000251
37,mobley_5445548,-0.218097,-0.300000,0.081903,0.000013
37,mobley_9029594,-0.796755,-0.220000,0.576755,0.000626
37,mobley_3370989,-3.164615,-0.110000,3.054615,0.017546
37,mobley_627267,-0.105918,-0.030000,0.075918,0.000011
37,mobley_6250025,0.566670,0.080000,0.486670,0.000445
37,mobley_4252724,-0.185665,0.160000,0.345665,0.000225
37,mobley_7157427,0.615233,0.290000,0.325233,0.000199
37,mobley_8885088,-0.502789,0.560000,1.062789,0.002124
37,mobley_8522124,1.289601,0.710000,0.579601,0.000632
37,mobley_4678740,-1.861854,1.070000,2.931854,0.016164
37,mobley_2689721,0.763708,1.230000,0.466292,0.000409
37,mobley_1662128,1.278777,1.380000,0.101223,0.000019
37,mobley_4762983,2.206185,1.660000,0.546185,0.000561
37,mobley_7732703,1.051103,1.790000,0.738897,0.001027
37,mobley_2068538,1.333758,2.000000,0.666242,0.000835
37,mobley_5157661,1.788558,2.300000,0.511442,0.000492
37,mobley_1261349,2.650356,2.510000,0.140356,0.000037
37,mobley_2328633,2.338892,2.550000,0.211108,0.000084
37,mobley_8436428,2.876777,2.830000,0.046777,0.000004
37,mobley_3060426,3.644582,2.930000,0.714582,0.000960
37,mobley_2197088,3.302465,3.160000,0.142465,0.000038
38,mobley_9534740,-22.639978,-25.469999,2.830021,0.015061
38,mobley_6239320,-18.869328,-18.059999,0.809328,0.001232
38,mobley_7794077,-12.981738,-15.460000,2.478262,0.011549
38,mobley_7415647,-13.084724,-11.950000,1.134725,0.002421
38,mobley_1728386,-10.148209,-11.000000,0.851791,0.001364
38,mobley_2269032,-10.225592,-10.210000,0.015592,0.000000
38,mobley_2913224,-7.180771,-9.940000,2.759228,0.014317
38,mobley_2659552,-9.983130,-9.760000,0.223130,0.000094
38,mobley_7176290,-8.838123,-9.620000,0.781877,0.001150
38,mobley_2295058,-9.138091,-9.510000,0.371909,0.000260
38,mobley_6055410,-10.684660,-9.400000,1.284660,0.003103
38,mobley_4639255,-9.878950,-9.300000,0.578950,0.000630
38,mobley_1417007,-4.616232,-9.010000,4.393768,0.036303
38,mobley_6115639,-11.594016,-8.700000,2.894016,0.015749
38,mobley_6353617,-7.701015,-8.260000,0.558985,0.000588
38,mobley_2725215,-9.852707,-7.980000,1.872707,0.006595
38,mobley_7039935,-6.928603,-7.670000,0.741397,0.001034
38,mobley_4059279,-6.616652,-7.580000,0.963348,0.001745
38,mobley_951560,-8.772299,-7.400000,1.372299,0.003541
38,mobley_1922649,-10.662051,-7.190000,3.472051,0.022669
38,mobley_8798016,-7.186940,-7.000000,0.186940,0.000066
38,mobley_1858644,-7.429059,-6.790000,0.639059,0.000768
38,mobley_9114381,-5.712946,-6.720000,1.007053,0.001907
38,mobley_5311804,-5.891610,-6.620000,0.728390,0.000998
38,mobley_6743808,-6.582596,-6.500000,0.082596,0.000013
38,mobley_8789864,-6.339620,-6.400000,0.060380,0.000007
38,mobley_7009711,-6.351107,-6.270000,0.081107,0.000012
38,mobley_8789465,-4.812630,-6.200000,1.387370,0.003619
38,mobley_2923700,-6.230847,-6.130000,0.100847,0.000019
38,mobley_4780078,-5.989691,-6.010000,0.020309,0.000001
38,mobley_5467162,-5.812324,-5.910000,0.097676,0.000018
38,mobley_6257907,-5.774239,-5.820000,0.045761,0.000004
38,mobley_7913234,-6.133647,-5.730000,0.403647,0.000306
38,mobley_5518547,-6.143346,-5.570000,0.573346,0.000618
38,mobley_4883284,-6.067803,-5.490000,0.577804,0.000628
38,mobley_5220185,-5.076316,-5.450000,0.373683,0.000263
38,mobley_3359593,-6.006887,-5.260000,0.746887,0.001049
38,mobley_4683624,-6.001627,-5.210000,0.791627,0.001178
38,mobley_1636752,-3.605879,-5.100000,1.494121,0.004198
38,mobley_2310185,-4.931299,-5.000000,0.068701,0.000009
38,mobley_3682850,-4.033086,-4.910000,0.876914,0.001446
38,mobley_1363784,-4.997885,-4.840000,0.157885,0.000047
38,mobley_2837389,-4.455923,-4.780000,0.324078,0.000197
38,mobley_9507933,-5.253098,-4.720000,0.533098,0.000534
38,mobley_296847,-4.567648,-4.690000,0.122352,0.000028
38,mobley_8208692,-2.880605,-4.610000,1.729395,0.005624
38,mobley_4884177,-4.466527,-4.590000,0.123474,0.000029
38,mobley_6714389,-3.954130,-4.550000,0.595870,0.000668
38,mobley_2245668,-4.289401,-4.500000,0.210599,0.000083
38,mobley_5973402,-4.486291,-4.420000,0.066291,0.000008
38,mobley_3546460,-4.161587,-4.400000,0.238413,0.000107
38,mobley_8311303,-4.277031,-4.380000,0.102969,0.000020
38,mobley_9741965,-5.165505,-4.290000,0.875505,0.001441
38,mobley_4603202,-3.140032,-4.230000,1.089968,0.002234
38,mobley_628086,-3.923053,-4.160000,0.236947,0.000106
38,mobley_4620651,-3.921298,-4.100000,0.178702,0.000060
38,mobley_7977115,-4.197346,-4.060000,0.137346,0.000035
38,mobley_2789243,-3.075415,-4.010000,0.934585,0.001642
38,mobley_3968739,-3.875644,-3.920000,0.044356,0.000004
38,mobley_63712,-2.903386,-3.880000,0.976614,0.001794
38,mobley_1046331,-3.298531,-3.820000,0.521469,0.000511
38,mobley_1160109,-3.771653,-3.750000,0.021653,0.000001
38,mobley_4149784,-3.184447,-3.670000,0.485554,0.000443
38,mobley_397645,-3.895031,-3.640000,0.255031,0.000122
38,mobley_4690963,-4.686510,-3.540000,1.146510,0.002472
38,mobley_1967551,-3.312271,-3.500000,0.187729,0.000066
38,mobley_6733657,-5.016657,-3.440000,1.576657,0.004675
38,mobley_9565165,-3.683622,-3.350000,0.333622,0.000209
38,mobley_2487143,-3.401361,-3.280000,0.121361,0.000028
38,mobley_8449031,-2.162601,-3.220000,1.057399,0.002103
38,mobley_172879,-3.068817,-3.150000,0.081183,0.000012
38,mobley_5346580,-2.385432,-3.110000,0.724568,0.000987
38,mobley_3573480,-3.144156,-3.040000,0.104156,0.000020
38,mobley_1075836,-3.236272,-2.930000,0.306272,0.000176
38,mobley_6102880,-4.399808,-2.870000,1.529808,0.004401
38,mobley_1827204,-2.798301,-2.810000,0.011699,0.000000
38,mobley_2146331,-1.685378,-2.750000,1.064622,0.002131
38,mobley_7943327,-2.638156,-2.680000,0.041844,0.000003
38,mobley_5110043,-3.070054,-2.630000,0.440054,0.000364
38,mobley_5616693,-2.537486,-2.530000,0.007486,0.000000
38,mobley_6619554,-2.243460,-2.490000,0.246540,0.000114
38,mobley_6359156,-4.476149,-2.460000,2.016149,0.007644
38,mobley_1781152,-2.228879,-2.400000,0.171121,0.000055
38,mobley_859464,-2.709019,-2.360000,0.349020,0.000229
38,mobley_7150646,-1.367096,-2.300000,0.932904,0.001637
38,mobley_1592519,-2.596890,-2.230000,0.366890,0.000253
38,mobley_5538249,-2.125813,-2.160000,0.034187,0.000002
38,mobley_6911232,-1.772594,-2.100000,0.327406,0.000202
38,mobley_3269565,-1.426371,-2.010000,0.583629,0.000641
38,mobley_2484519,-2.768409,-1.930000,0.838410,0.001322
38,mobley_7690440,-3.761213,-1.830000,1.931213,0.007013
38,mobley_3802803,-1.116366,-1.660000,0.543634,0.000556
38,mobley_1144156,-1.607019,-1.590000,0.017019,0.000001
38,mobley_2481002,-1.417770,-1.450000,0.032230,0.000002
38,mobley_2489709,-1.370884,-1.360000,0.010884,0.000000
38,mobley_5052949,-1.217575,-1.280000,0.062425,0.000007
38,mobley_2492140,-1.602363,-1.230000,0.372363,0.000261
38,mobley_7542832,-1.271774,-1.160000,0.111774,0.000023
38,mobley_7814642,-2.216975,-1.120000,1.096975,0.002263
38,mobley_1563176,-0.758156,-0.990000,0.231844,0.000101
38,mobley_1873346,-1.109641,-0.900000,0.209641,0.000083
38,mobley_3040612,-0.928979,-0.850000,0.078979,0.000012
38,mobley_4483973,-2.168114,-0.800000,1.368114,0.003520
38,mobley_9913368,-1.679540,-0.780000,0.899540,0.001522
38,mobley_1449384,-0.849271,-0.680000,0.169271,0.000054
38,mobley_7708038,-0.943521,-0.560000,0.383521,0.000277
38,mobley_8311321,0.197744,-0.500000,0.697744,0.000915
38,mobley_766666,-0.696904,-0.440000,0.256904,0.000124
38,mobley_5445548,-0.631790,-0.300000,0.331790,0.000207
38,mobley_9029594,-1.019558,-0.220000,0.799558,0.001202
38,mobley_3370989,-3.007555,-0.110000,2.897555,0.015788
38,mobley_627267,-0.475348,-0.030000,0.445348,0.000373
38,mobley_6250025,0.161048,0.080000,0.081048,0.000012
38,mobley_4252724,-0.707951,0.160000,0.867951,0.001417
38,mobley_7157427,0.442373,0.290000,0.152373,0.000044
38,mobley_8885088,-0.761810,0.560000,1.321810,0.003285
38,mobley_8522124,0.765483,0.710000,0.055483,0.000006
38,mobley_4678740,-1.173863,1.070000,2.243863,0.009468
38,mobley_2689721,0.768270,1.230000,0.461730,0.000401
38,mobley_1662128,1.129524,1.380000,0.250476,0.000118
38,mobley_4762983,1.918249,1.660000,0.258249,0.000125
38,mobley_7732703,1.469840,1.790000,0.320160,0.000193
38,mobley_2068538,1.310993,2.000000,0.689007,0.000893
38,mobley_5157661,1.719989,2.300000,0.580011,0.000633
38,mobley_1261349,2.332217,2.510000,0.177783,0.000059
38,mobley_2328633,2.144601,2.550000,0.405399,0.000309
38,mobley_8436428,2.765337,2.830000,0.064663,0.000008
38,mobley_3060426,3.291103,2.930000,0.361103,0.000245
38,mobley_2197088,3.200212,3.160000,0.040212,0.000003
39,mobley_9534740,-21.604168,-25.469999,3.865831,0.028103
39,mobley_6239320,-20.648424,-18.059999,2.588425,0.012599
39,mobley_7794077,-13.800799,-15.460000,1.659201,0.005177
39,mobley_7415647,-13.337723,-11.950000,1.387723,0.003621
39,mobley_1728386,-10.729208,-11.000000,0.270792,0.000138
39,mobley_2269032,-9.920937,-10.210000,0.289063,0.000157
39,mobley_2913224,-7.090313,-9.940000,2.849686,0.015271
39,mobley_2659552,-10.024701,-9.760000,0.264701,0.000132
39,mobley_7176290,-9.040266,-9.620000,0.579734,0.000632
39,mobley_2295058,-9.313412,-9.510000,0.196589,0.000073
39,mobley_6055410,-10.841490,-9.400000,1.441490,0.003907
39,mobley_4639255,-10.062798,-9.300000,0.762797,0.001094
39,mobley_1417007,-4.116392,-9.010000,4.893609,0.045032
39,mobley_6115639,-10.407397,-8.700000,1.707397,0.005482
39,mobley_6353617,-7.732360,-8.260000,0.527640,0.000524
39,mobley_2725215,-8.682577,-7.980000,0.702577,0.000928
39,mobley_7039935,-7.010487,-7.670000,0.659513,0.000818
39,mobley_4059279,-7.050655,-7.580000,0.529345,0.000527
39,mobley_951560,-8.853322,-7.400000,1.453322,0.003972
39,mobley_1922649,-9.673626,-7.190000,2.483626,0.011599
39,mobley_8798016,-7.549332,-7.000000,0.549332,0.000567
39,mobley_1858644,-7.633840,-6.790000,0.843840,0.001339
39,mobley_9114381,-5.508113,-6.720000,1.211886,0.002762
39,mobley_5311804,-5.893086,-6.620000,0.726913,0.000994
39,mobley_6743808,-6.313231,-6.500000,0.186769,0.000066
39,mobley_8789864,-5.595185,-6.400000,0.804815,0.001218
39,mobley_7009711,-6.102844,-6.270000,0.167156,0.000053
39,mobley_8789465,-4.938512,-6.200000,1.261488,0.002992
39,mobley_2923700,-6.318325,-6.130000,0.188325,0.000067
39,mobley_4780078,-5.659290,-6.010000,0.350710,0.000231
39,mobley_5467162,-5.840675,-5.910000,0.069325,0.000009
39,mobley_6257907,-5.784923,-5.820000,0.035078,0.000002
39,mobley_7913234,-6.356949,-5.730000,0.626949,0.000739
39,mobley_5518547,-6.045096,-5.570000,0.475096,0.000424
39,mobley_4883284,-6.135109,-5.490000,0.645110,0.000783
39,mobley_5220185,-5.304243,-5.450000,0.145757,0.000040
39,mobley_3359593,-5.569058,-5.260000,0.309058,0.000180
39,mobley_4683624,-6.149253,-5.210000,0.939253,0.001659
39,mobley_1636752,-3.569505,-5.100000,1.530495,0.004405
39,mobley_2310185,-5.061960,-5.000000,0.061960,0.000007
39,mobley_3682850,-4.296043,-4.910000,0.613957,0.000709
39,mobley_1363784,-4.805636,-4.840000,0.034364,0.000002
39,mobley_2837389,-4.657641,-4.780000,0.122359,0.000028
39,mobley_9507933,-5.097577,-4.720000,0.377577,0.000268
39,mobley_296847,-5.015007,-4.690000,0.325006,0.000199
39,mobley_8208692,-2.664328,-4.610000,1.945673,0.007119
39,mobley_4884177,-4.644494,-4.590000,0.054493,0.000006
39,mobley_6714389,-3.945151,-4.550000,0.604850,0.000688
39,mobley_2245668,-4.562519,-4.500000,0.062519,0.000007
39,mobley_5973402,-4.737338,-4.420000,0.317338,0.000189
39,mobley_3546460,-4.552840,-4.400000,0.152840,0.000044
39,mobley_8311303,-3.572518,-4.380000,0.807482,0.001226
39,mobley_9741965,-5.515419,-4.290000,1.225419,0.002824
39,mobley_4603202,-3.284313,-4.230000,0.945687,0.001682
39,mobley_628086,-3.521844,-4.160000,0.638156,0.000766
39,mobley_4620651,-3.937313,-4.100000,0.162687,0.000050
39,mobley_7977115,-4.333160,-4.060000,0.273160,0.000140
39,mobley_2789243,-3.151958,-4.010000,0.858042,0.001384
39,mobley_3968739,-4.026202,-3.920000,0.106202,0.000021
39,mobley_63712,-3.244904,-3.880000,0.635096,0.000758
39,mobley_1046331,-3.609500,-3.820000,0.210500,0.000083
39,mobley_1160109,-3.719020,-3.750000,0.030980,0.000002
39,mobley_4149784,-3.323126,-3.670000,0.346874,0.000226
39,mobley_397645,-4.118360,-3.640000,0.478360,0.000430
39,mobley_4690963,-4.837027,-3.540000,1.297027,0.003163
39,mobley_1967551,-3.313019,-3.500000,0.186981,0.000066
39,mobley_6733657,-4.214179,-3.440000,0.774179,0.001127
39,mobley_9565165,-3.667956,-3.350000,0.317956,0.000190
39,mobley_2487143,-3.459224,-3.280000,0.179224,0.000060
39,mobley_8449031,-2.398127,-3.220000,0.821873,0.001270
39,mobley_172879,-3.216078,-3.150000,0.066078,0.000008
39,mobley_5346580,-2.145286,-3.110000,0.964714,0.001750
39,mobley_3573480,-3.258905,-3.040000,0.218905,0.000090
39,mobley_1075836,-3.109789,-2.930000,0.179789,0.000061
39,mobley_6102880,-4.622589,-2.870000,1.752589,0.005776
39,mobley_1827204,-3.013657,-2.810000,0.203657,0.000078
39,mobley_2146331,-1.526417,-2.750000,1.223583,0.002815
39,mobley_7943327,-2.660540,-2.680000,0.019460,0.000001
39,mobley_5110043,-2.767948,-2.630000,0.137948,0.000036
39,mobley_5616693,-2.664083,-2.530000,0.134083,0.000034
39,mobley_6619554,-2.447239,-2.490000,0.042761,0.000003
39,mobley_6359156,-4.100797,-2.460000,1.640797,0.005063
39,mobley_1781152,-2.186716,-2.400000,0.213284,0.000086
39,mobley_859464,-2.705219,-2.360000,0.345219,0.000224
39,mobley_7150646,-1.311346,-2.300000,0.988654,0.001838
39,mobley_1592519,-2.819017,-2.230000,0.589017,0.000652
39,mobley_5538249,-2.013293,-2.160000,0.146707,0.000040
39,mobley_6911232,-1.641952,-2.100000,0.458048,0.000395
39,mobley_3269565,-1.177400,-2.010000,0.832600,0.001304
39,mobley_2484519,-2.701250,-1.930000,0.771250,0.001119
39,mobley_7690440,-3.675907,-1.830000,1.845907,0.006407
39,mobley_3802803,-1.423187,-1.660000,0.236813,0.000105
39,mobley_1144156,-1.650035,-1.590000,0.060035,0.000007
39,mobley_2481002,-1.202874,-1.450000,0.247126,0.000115
39,mobley_2489709,-1.308777,-1.360000,0.051223,0.000005
39,mobley_5052949,-1.250575,-1.280000,0.029425,0.000002
39,mobley_2492140,-1.440179,-1.230000,0.210179,0.000083
39,mobley_7542832,-1.406722,-1.160000,0.246722,0.000114
39,mobley_7814642,-1.947809,-1.120000,0.827809,0.001289
39,mobley_1563176,-0.872977,-0.990000,0.117023,0.000026
39,mobley_1873346,-1.079261,-0.900000,0.179261,0.000060
39,mobley_3040612,-0.829700,-0.850000,0.020300,0.000001
39,mobley_4483973,-2.303527,-0.800000,1.503527,0.004251
39,mobley_9913368,-1.635828,-0.780000,0.855828,0.001377
39,mobley_1449384,-0.751243,-0.680000,0.071243,0.000010
39,mobley_7708038,-0.856481,-0.560000,0.296481,0.000165
39,mobley_8311321,0.300471,-0.500000,0.800471,0.001205
39,mobley_766666,-0.645508,-0.440000,0.205508,0.000079
39,mobley_5445548,-0.710913,-0.300000,0.410913,0.000318
39,mobley_9029594,-0.847436,-0.220000,0.627436,0.000740
39,mobley_3370989,-2.992487,-0.110000,2.882487,0.015624
39,mobley_627267,-0.416295,-0.030000,0.386295,0.000281
39,mobley_6250025,0.009523,0.080000,0.070477,0.000009
39,mobley_4252724,-0.793828,0.160000,0.953828,0.001711
39,mobley_7157427,0.254158,0.290000,0.035841,0.000002
39,mobley_8885088,-0.892990,0.560000,1.452990,0.003970
39,mobley_8522124,0.639794,0.710000,0.070206,0.000009
39,mobley_4678740,-0.829051,1.070000,1.899051,0.006782
39,mobley_2689721,0.576970,1.230000,0.653030,0.000802
39,mobley_1662128,1.089482,1.380000,0.290518,0.000159
39,mobley_4762983,1.718131,1.660000,0.058131,0.000006
39,mobley_7732703,1.659902,1.790000,0.130098,0.000032
39,mobley_2068538,1.261797,2.000000,0.738203,0.001025
39,mobley_5157661,1.643697,2.300000,0.656303,0.000810
39,mobley_1261349,2.298283,2.510000,0.211717,0.000084
39,mobley_2328633,1.765982,2.550000,0.784018,0.001156
39,mobley_8436428,2.629802,2.830000,0.200198,0.000075
39,mobley_3060426,3.112096,2.930000,0.182096,0.000062
39,mobley_2197088,2.865544,3.160000,0.294456,0.000163
40,mobley_9534740,-24.534035,-25.469999,0.935965,0.001647
40,mobley_6239320,-20.216084,-18.059999,2.156084,0.008742
40,mobley_7794077,-13.501904,-15.460000,1.958096,0.007210
40,mobley_7415647,-13.002423,-11.950000,1.052423,0.002083
40,mobley_1728386,-10.634708,-11.000000,0.365292,0.000251
40,mobley_2269032,-10.262939,-10.210000,0.052939,0.000005
40,mobley_2913224,-7.348533,-9.940000,2.591466,0.012629
40,mobley_2659552,-9.738546,-9.760000,0.021454,0.000001
40,mobley_7176290,-9.287117,-9.620000,0.332883,0.000208
40,mobley_2295058,-9.358299,-9.510000,0.151701,0.000043
40,mobley_6055410,-10.889681,-9.400000,1.489681,0.004173
40,mobley_4639255,-10.645499,-9.300000,1.345499,0.003404
40,mobley_1417007,-4.632955,-9.010000,4.377046,0.036027
40,mobley_6115639,-11.476595,-8.700000,2.776595,0.014497
40,mobley_6353617,-7.954719,-8.260000,0.305281,0.000175
40,mobley_2725215,-8.726007,-7.980000,0.746006,0.001047
40,mobley_7039935,-6.973566,-7.670000,0.696434,0.000912
40,mobley_4059279,-6.922166,-7.580000,0.657834,0.000814
40,mobley_951560,-9.454883,-7.400000,2.054883,0.007940
40,mobley_1922649,-10.049828,-7.190000,2.859828,0.015380
40,mobley_8798016,-7.533764,-7.000000,0.533764,0.000536
40,mobley_1858644,-7.572814,-6.790000,0.782815,0.001152
40,mobley_9114381,-5.806471,-6.720000,0.913528,0.001569
40,mobley_5311804,-5.923820,-6.620000,0.696180,0.000911
40,mobley_6743808,-6.549205,-6.500000,0.049205,0.000005
40,mobley_8789864,-6.166040,-6.400000,0.233960,0.000103
40,mobley_7009711,-6.443974,-6.270000,0.173974,0.000057
40,mobley_8789465,-4.877756,-6.200000,1.322244,0.003288
40,mobley_2923700,-6.368284,-6.130000,0.238284,0.000107
40,mobley_4780078,-6.036455,-6.010000,0.026455,0.000001
40,mobley_5467162,-6.110028,-5.910000,0.200028,0.000075
40,mobley_6257907,-5.623670,-5.820000,0.196330,0.000072
40,mobley_7913234,-6.843212,-5.730000,1.113212,0.002330
40,mobley_5518547,-6.055169,-5.570000,0.485169,0.000443
40,mobley_4883284,-5.997284,-5.490000,0.507284,0.000484
40,mobley_5220185,-5.456018,-5.450000,0.006018,0.000000
40,mobley_3359593,-6.112051,-5.260000,0.852051,0.001365
40,mobley_4683624,-6.199834,-5.210000,0.989834,0.001842
40,mobley_1636752,-3.623476,-5.100000,1.476524,0.004100
40,mobley_2310185,-5.203956,-5.000000,0.203956,0.000078
40,mobley_3682850,-4.318357,-4.910000,0.591642,0.000658
40,mobley_1363784,-5.281174,-4.840000,0.441174,0.000366
40,mobley_2837389,-4.718998,-4.780000,0.061002,0.000007
40,mobley_9507933,-5.427658,-4.720000,0.707658,0.000942
40,mobley_296847,-5.021326,-4.690000,0.331326,0.000206
40,mobley_8208692,-2.929866,-4.610000,1.680135,0.005308
40,mobley_4884177,-4.833567,-4.590000,0.243567,0.000112
40,mobley_6714389,-3.889403,-4.550000,0.660598,0.000821
40,mobley_2245668,-4.853959,-4.500000,0.353959,0.000236
40,mobley_5973402,-5.000331,-4.420000,0.580331,0.000633
40,mobley_3546460,-4.772400,-4.400000,0.372400,0.000261
40,mobley_8311303,-4.070892,-4.380000,0.309108,0.000180
40,mobley_9741965,-5.898598,-4.290000,1.608598,0.004866
40,mobley_4603202,-3.606109,-4.230000,0.623891,0.000732
40,mobley_628086,-4.133345,-4.160000,0.026655,0.000001
40,mobley_4620651,-4.129958,-4.100000,0.029958,0.000002
40,mobley_7977115,-4.755915,-4.060000,0.695915,0.000911
40,mobley_2789243,-3.402340,-4.010000,0.607660,0.000694
40,mobley_3968739,-4.087306,-3.920000,0.167305,0.000053
40,mobley_63712,-2.944154,-3.880000,0.935846,0.001647
40,mobley_1046331,-3.439475,-3.820000,0.380525,0.000272
40,mobley_1160109,-4.074039,-3.750000,0.324039,0.000197
40,mobley_4149784,-3.576506,-3.670000,0.093494,0.000016
40,mobley_397645,-4.207309,-3.640000,0.567309,0.000605
40,mobley_4690963,-5.114704,-3.540000,1.574704,0.004663
40,mobley_1967551,-3.411521,-3.500000,0.088479,0.000015
40,mobley_6733657,-4.601387,-3.440000,1.161387,0.002536
40,mobley_9565165,-3.458690,-3.350000,0.108690,0.000022
40,mobley_2487143,-3.737444,-3.280000,0.457444,0.000393
40,mobley_8449031,-2.487375,-3.220000,0.732625,0.001009
40,mobley_172879,-3.204908,-3.150000,0.054908,0.000006
40,mobley_5346580,-2.641366,-3.110000,0.468634,0.000413
40,mobley_3573480,-3.528801,-3.040000,0.488801,0.000449
40,mobley_1075836,-3.452432,-2.930000,0.522432,0.000513
40,mobley_6102880,-4.545072,-2.870000,1.675072,0.005276
40,mobley_1827204,-3.127865,-2.810000,0.317865,0.000190
40,mobley_2146331,-1.578161,-2.750000,1.171839,0.002582
40,mobley_7943327,-3.051113,-2.680000,0.371113,0.000259
40,mobley_5110043,-3.028755,-2.630000,0.398755,0.000299
40,mobley_5616693,-3.076963,-2.530000,0.546963,0.000563
40,mobley_6619554,-2.805259,-2.490000,0.315259,0.000187
40,mobley_6359156,-4.183601,-2.460000,1.723601,0.005586
40,mobley_1781152,-2.715205,-2.400000,0.315205,0.000187
40,mobley_859464,-3.172625,-2.360000,0.812625,0.001242
40,mobley_7150646,-1.299728,-2.300000,1.000272,0.001881
40,mobley_1592519,-3.195642,-2.230000,0.965642,0.001753
40,mobley_5538249,-2.546329,-2.160000,0.386329,0.000281
40,mobley_6911232,-1.823489,-2.100000,0.276511,0.000144
40,mobley_3269565,-1.554273,-2.010000,0.455727,0.000391
40,mobley_2484519,-2.914390,-1.930000,0.984390,0.001822
40,mobley_7690440,-4.031922,-1.830000,2.201922,0.009117
40,mobley_3802803,-1.736393,-1.660000,0.076393,0.000011
40,mobley_1144156,-1.854617,-1.590000,0.264617,0.000132
40,mobley_2481002,-1.445113,-1.450000,0.004887,0.000000
40,mobley_2489709,-1.647179,-1.360000,0.287179,0.000155
40,mobley_5052949,-1.649579,-1.280000,0.369579,0.000257
40,mobley_2492140,-1.667560,-1.230000,0.437560,0.000360
40,mobley_7542832,-1.652105,-1.160000,0.492105,0.000455
40,mobley_7814642,-2.318530,-1.120000,1.198530,0.002701
40,mobley_1563176,-1.102199,-0.990000,0.112199,0.000024
40,mobley_1873346,-1.154417,-0.900000,0.254417,0.000122
40,mobley_3040612,-0.945511,-0.850000,0.095511,0.000017
40,mobley_4483973,-2.344355,-0.800000,1.544355,0.004485
40,mobley_9913368,-1.846821,-0.780000,1.066821,0.002140
40,mobley_1449384,-1.047633,-0.680000,0.367633,0.000254
40,mobley_7708038,-1.063285,-0.560000,0.503285,0.000476
40,mobley_8311321,0.241877,-0.500000,0.741877,0.001035
40,mobley_766666,-0.753997,-0.440000,0.313997,0.000185
40,mobley_5445548,-0.823864,-0.300000,0.523864,0.000516
40,mobley_9029594,-0.925480,-0.220000,0.705480,0.000936
40,mobley_3370989,-3.122843,-0.110000,3.012843,0.017069
40,mobley_627267,-0.740319,-0.030000,0.710319,0.000949
40,mobley_6250025,-0.101865,0.080000,0.181865,0.000062
40,mobley_4252724,-0.910098,0.160000,1.070098,0.002153
40,mobley_7157427,0.017788,0.290000,0.272212,0.000139
40,mobley_8885088,-0.936996,0.560000,1.496996,0.004214
40,mobley_8522124,0.540907,0.710000,0.169093,0.000054
40,mobley_4678740,-0.733934,1.070000,1.803934,0.006119
40,mobley_2689721,0.457411,1.230000,0.772589,0.001122
40,mobley_1662128,0.896830,1.380000,0.483170,0.000439
40,mobley_4762983,1.505605,1.660000,0.154395,0.000045
40,mobley_7732703,1.535392,1.790000,0.254608,0.000122
40,mobley_2068538,1.125055,2.000000,0.874945,0.001440
40,mobley_5157661,1.339520,2.300000,0.960480,0.001735
40,mobley_1261349,1.851347,2.510000,0.658653,0.000816
40,mobley_2328633,1.654314,2.550000,0.895686,0.001509
40,mobley_8436428,2.226176,2.830000,0.603824,0.000686
40,mobley_3060426,2.555848,2.930000,0.374152,0.000263
40,mobley_2197088,2.633504,3.160000,0.526496,0.000521
41,mobley_9534740,-22.092575,-25.469999,3.377424,0.021450
41,mobley_6239320,-19.797283,-18.059999,1.737284,0.005675
41,mobley_7794077,-13.895401,-15.460000,1.564599,0.004603
41,mobley_7415647,-13.203850,-11.950000,1.253850,0.002956
41,mobley_1728386,-10.439494,-11.000000,0.560506,0.000591
41,mobley_2269032,-9.731558,-10.210000,0.478442,0.000430
41,mobley_2913224,-6.880459,-9.940000,3.059541,0.017603
41,mobley_2659552,-9.694661,-9.760000,0.065339,0.000008
41,mobley_7176290,-9.020333,-9.620000,0.599667,0.000676
41,mobley_2295058,-9.081714,-9.510000,0.428287,0.000345
41,mobley_6055410,-10.505640,-9.400000,1.105640,0.002299
41,mobley_4639255,-9.942451,-9.300000,0.642450,0.000776
41,mobley_1417007,-4.325767,-9.010000,4.684234,0.041261
41,mobley_6115639,-10.814029,-8.700000,2.114029,0.008404
41,mobley_6353617,-7.635624,-8.260000,0.624376,0.000733
41,mobley_2725215,-9.279261,-7.980000,1.299261,0.003174
41,mobley_7039935,-6.624183,-7.670000,1.045817,0.002057
41,mobley_4059279,-7.308466,-7.580000,0.271533,0.000139
41,mobley_951560,-9.233689,-7.400000,1.833689,0.006323
41,mobley_1922649,-9.981250,-7.190000,2.791250,0.014651
41,mobley_8798016,-7.199574,-7.000000,0.199574,0.000075
41,mobley_1858644,-7.191151,-6.790000,0.401151,0.000303
41,mobley_9114381,-5.642571,-6.720000,1.077428,0.002183
41,mobley_5311804,-5.565712,-6.620000,1.054288,0.002090
41,mobley_6743808,-6.161184,-6.500000,0.338816,0.000216
41,mobley_8789864,-5.920131,-6.400000,0.479869,0.000433
41,mobley_7009711,-6.005574,-6.270000,0.264426,0.000131
41,mobley_8789465,-4.721871,-6.200000,1.478129,0.004109
41,mobley_2923700,-6.124077,-6.130000,0.005923,0.000000
41,mobley_4780078,-5.632928,-6.010000,0.377072,0.000267
41,mobley_5467162,-5.653512,-5.910000,0.256488,0.000124
41,mobley_6257907,-5.888089,-5.820000,0.068089,0.000009
41,mobley_7913234,-6.073279,-5.730000,0.343279,0.000222
41,mobley_5518547,-5.923403,-5.570000,0.353403,0.000235
41,mobley_4883284,-5.951352,-5.490000,0.461352,0.000400
41,mobley_5220185,-5.009062,-5.450000,0.440938,0.000366
41,mobley_3359593,-5.587396,-5.260000,0.327395,0.000202
41,mobley_4683624,-5.896600,-5.210000,0.686600,0.000886
41,mobley_1636752,-3.494535,-5.100000,1.605464,0.004847
41,mobley_2310185,-5.008693,-5.000000,0.008693,0.000000
41,mobley_3682850,-4.108852,-4.910000,0.801147,0.001207
41,mobley_1363784,-4.839878,-4.840000,0.000122,0.000000
41,mobley_2837389,-4.478839,-4.780000,0.301161,0.000171
41,mobley_9507933,-4.959469,-4.720000,0.239470,0.000108
41,mobley_296847,-4.756973,-4.690000,0.066973,0.000008
41,mobley_8208692,-3.017236,-4.610000,1.592765,0.004771
41,mobley_4884177,-4.518691,-4.590000,0.071309,0.000010
41,mobley_6714389,-3.722601,-4.550000,0.827399,0.001287
41,mobley_2245668,-4.579971,-4.500000,0.079971,0.000012
41,mobley_5973402,-4.623406,-4.420000,0.203406,0.000078
41,mobley_3546460,-4.298588,-4.400000,0.101412,0.000019
41,mobley_8311303,-4.299995,-4.380000,0.080005,0.000012
41,mobley_9741965,-5.801702,-4.290000,1.511702,0.004297
41,mobley_4603202,-3.431328,-4.230000,0.798672,0.001199
41,mobley_628086,-4.153962,-4.160000,0.006038,0.000000
41,mobley_4620651,-3.811548,-4.100000,0.288452,0.000156
41,mobley_7977115,-4.294874,-4.060000,0.234874,0.000104
41,mobley_2789243,-3.133969,-4.010000,0.876031,0.001443
41,mobley_3968739,-3.743747,-3.920000,0.176254,0.000058
41,mobley_63712,-3.041828,-3.880000,0.838172,0.001321
41,mobley_1046331,-3.255851,-3.820000,0.564149,0.000598
41,mobley_1160109,-3.785751,-3.750000,0.035751,0.000002
41,mobley_4149784,-3.369403,-3.670000,0.300597,0.000170
41,mobley_397645,-3.818172,-3.640000,0.178172,0.000060
41,mobley_4690963,-4.730427,-3.540000,1.190427,0.002665
41,mobley_1967551,-3.362549,-3.500000,0.137451,0.000036
41,mobley_6733657,-5.179854,-3.440000,1.739854,0.005692
41,mobley_9565165,-3.114606,-3.350000,0.235394,0.000104
41,mobley_2487143,-3.339664,-3.280000,0.059664,0.000007
41,mobley_8449031,-2.559861,-3.220000,0.660139,0.000819
41,mobley_172879,-2.683971,-3.150000,0.466029,0.000408
41,mobley_5346580,-2.193479,-3.110000,0.916521,0.001580
41,mobley_3573480,-3.080176,-3.040000,0.040176,0.000003
41,mobley_1075836,-3.056997,-2.930000,0.126997,0.000030
41,mobley_6102880,-4.169514,-2.870000,1.299514,0.003176
41,mobley_1827204,-2.794564,-2.810000,0.015436,0.000000
41,mobley_2146331,-1.475977,-2.750000,1.274023,0.003052
41,mobley_7943327,-2.590966,-2.680000,0.089034,0.000015
41,mobley_5110043,-2.474048,-2.630000,0.155952,0.000046
41,mobley_5616693,-2.800924,-2.530000,0.270924,0.000138
41,mobley_6619554,-2.237751,-2.490000,0.252249,0.000120
41,mobley_6359156,-4.242406,-2.460000,1.782406,0.005974
41,mobley_1781152,-2.124399,-2.400000,0.275601,0.000143
41,mobley_859464,-2.612363,-2.360000,0.252363,0.000120
41,mobley_7150646,-1.058667,-2.300000,1.241333,0.002898
41,mobley_1592519,-2.569646,-2.230000,0.339646,0.000217
41,mobley_5538249,-2.249954,-2.160000,0.089954,0.000015
41,mobley_6911232,-1.621822,-2.100000,0.478178,0.000430
41,mobley_3269565,-1.222783,-2.010000,0.787217,0.001165
41,mobley_2484519,-2.819412,-1.930000,0.889412,0.001488
41,mobley_7690440,-3.960256,-1.830000,2.130256,0.008533
41,mobley_3802803,-1.448793,-1.660000,0.211207,0.000084
41,mobley_1144156,-1.554475,-1.590000,0.035525,0.000002
41,mobley_2481002,-1.252394,-1.450000,0.197606,0.000073
41,mobley_2489709,-1.519172,-1.360000,0.159172,0.000048
41,mobley_5052949,-1.329164,-1.280000,0.049164,0.000005
41,mobley_2492140,-1.374580,-1.230000,0.144580,0.000039
41,mobley_7542832,-1.178583,-1.160000,0.018583,0.000001
41,mobley_7814642,-2.174769,-1.120000,1.054769,0.002092
41,mobley_1563176,-0.822440,-0.990000,0.167560,0.000053
41,mobley_1873346,-0.797122,-0.900000,0.102878,0.000020
41,mobley_3040612,-0.678856,-0.850000,0.171144,0.000055
41,mobley_4483973,-2.062467,-0.800000,1.262467,0.002997
41,mobley_9913368,-1.689830,-0.780000,0.909830,0.001557
41,mobley_1449384,-0.611412,-0.680000,0.068588,0.000009
41,mobley_7708038,-0.849636,-0.560000,0.289636,0.000158
41,mobley_8311321,0.250542,-0.500000,0.750542,0.001059
41,mobley_766666,-0.719874,-0.440000,0.279874,0.000147
41,mobley_5445548,-0.484144,-0.300000,0.184144,0.000064
41,mobley_9029594,-0.817075,-0.220000,0.597075,0.000670
41,mobley_3370989,-3.031012,-0.110000,2.921012,0.016045
41,mobley_627267,-0.525774,-0.030000,0.495774,0.000462
41,mobley_6250025,0.223093,0.080000,0.143093,0.000039
41,mobley_4252724,-0.523228,0.160000,0.683228,0.000878
41,mobley_7157427,0.409278,0.290000,0.119278,0.000027
41,mobley_8885088,-0.731889,0.560000,1.291889,0.003138
41,mobley_8522124,0.811018,0.710000,0.101018,0.000019
41,mobley_4678740,-0.923059,1.070000,1.993059,0.007470
41,mobley_2689721,0.654730,1.230000,0.575270,0.000622
41,mobley_1662128,1.074198,1.380000,0.305802,0.000176
41,mobley_4762983,1.832636,1.660000,0.172636,0.000056
41,mobley_7732703,1.700855,1.790000,0.089145,0.000015
41,mobley_2068538,1.303075,2.000000,0.696925,0.000913
41,mobley_5157661,1.663047,2.300000,0.636953,0.000763
41,mobley_1261349,2.385056,2.510000,0.124944,0.000029
41,mobley_2328633,2.034216,2.550000,0.515784,0.000500
41,mobley_8436428,2.640286,2.830000,0.189714,0.000068
41,mobley_3060426,3.107898,2.930000,0.177898,0.000060
41,mobley_2197088,3.068917,3.160000,0.091083,0.000016
42,mobley_9534740,-22.853310,-25.469999,2.616690,0.012876
42,mobley_6239320,-21.539450,-18.059999,3.479450,0.022766
42,mobley_7794077,-14.819745,-15.460000,0.640255,0.000771
42,mobley_7415647,-12.666400,-11.950000,0.716400,0.000965
42,mobley_1728386,-10.154587,-11.000000,0.845413,0.001344
42,mobley_2269032,-8.827755,-10.210000,1.382245,0.003593
42,mobley_2913224,-6.524790,-9.940000,3.415210,0.021933
42,mobley_2659552,-8.969377,-9.760000,0.790624,0.001175
42,mobley_7176290,-8.924275,-9.620000,0.695724,0.000910
42,mobley_2295058,-8.660922,-9.510000,0.849078,0.001356
42,mobley_6055410,-9.773588,-9.400000,0.373589,0.000262
42,mobley_4639255,-10.123242,-9.300000,0.823242,0.001274
42,mobley_1417007,-4.251701,-9.010000,4.758299,0.042576
42,mobley_6115639,-11.141034,-8.700000,2.441034,0.011205
42,mobley_6353617,-7.129441,-8.260000,1.130559,0.002404
42,mobley_2725215,-9.736314,-7.980000,1.756314,0.005801
42,mobley_7039935,-6.103288,-7.670000,1.566712,0.004616
42,mobley_4059279,-7.033135,-7.580000,0.546865,0.000562
42,mobley_951560,-9.171721,-7.400000,1.771721,0.005903
42,mobley_1922649,-9.771346,-7.190000,2.581346,0.012530
42,mobley_8798016,-6.690221,-7.000000,0.309779,0.000180
42,mobley_1858644,-6.842280,-6.790000,0.052280,0.000005
42,mobley_9114381,-5.490230,-6.720000,1.229770,0.002844
42,mobley_5311804,-5.199212,-6.620000,1.420788,0.003796
42,mobley_6743808,-5.719778,-6.500000,0.780222,0.001145
42,mobley_8789864,-5.895105,-6.400000,0.504895,0.000479
42,mobley_7009711,-5.388197,-6.270000,0.881803,0.001462
42,mobley_8789465,-4.322038,-6.200000,1.877962,0.006632
42,mobley_2923700,-5.704300,-6.130000,0.425700,0.000341
42,mobley_4780078,-5.062919,-6.010000,0.947082,0.001687
42,mobley_5467162,-5.098796,-5.910000,0.811203,0.001237
42,mobley_6257907,-5.411650,-5.820000,0.408350,0.000314
42,mobley_7913234,-6.004208,-5.730000,0.274208,0.000141
42,mobley_5518547,-5.434734,-5.570000,0.135266,0.000034
42,mobley_4883284,-5.581627,-5.490000,0.091628,0.000016
42,mobley_5220185,-4.832179,-5.450000,0.617821,0.000718
42,mobley_3359593,-5.204574,-5.260000,0.055426,0.000006
42,mobley_4683624,-5.441892,-5.210000,0.231892,0.000101
42,mobley_1636752,-3.529211,-5.100000,1.570789,0.004640
42,mobley_2310185,-4.940181,-5.000000,0.059819,0.000007
42,mobley_3682850,-3.913846,-4.910000,0.996154,0.001866
42,mobley_1363784,-4.071581,-4.840000,0.768419,0.001110
42,mobley_2837389,-4.149242,-4.780000,0.630758,0.000748
42,mobley_9507933,-4.329663,-4.720000,0.390337,0.000287
42,mobley_296847,-4.378214,-4.690000,0.311786,0.000183
42,mobley_8208692,-2.989422,-4.610000,1.620578,0.004939
42,mobley_4884177,-3.963903,-4.590000,0.626097,0.000737
42,mobley_6714389,-3.757596,-4.550000,0.792405,0.001181
42,mobley_2245668,-4.324103,-4.500000,0.175897,0.000058
42,mobley_5973402,-4.396677,-4.420000,0.023324,0.000001
42,mobley_3546460,-4.126714,-4.400000,0.273286,0.000140
42,mobley_8311303,-4.059496,-4.380000,0.320504,0.000193
42,mobley_9741965,-5.917242,-4.290000,1.627242,0.004979
42,mobley_4603202,-3.567008,-4.230000,0.662992,0.000827
42,mobley_628086,-4.600622,-4.160000,0.440622,0.000365
42,mobley_4620651,-3.638416,-4.100000,0.461584,0.000401
42,mobley_7977115,-3.929556,-4.060000,0.130444,0.000032
42,mobley_2789243,-3.117772,-4.010000,0.892228,0.001497
42,mobley_3968739,-3.415905,-3.920000,0.504095,0.000478
42,mobley_63712,-2.773922,-3.880000,1.106078,0.002301
42,mobley_1046331,-2.966689,-3.820000,0.853311,0.001369
42,mobley_1160109,-3.170236,-3.750000,0.579764,0.000632
42,mobley_4149784,-3.301100,-3.670000,0.368900,0.000256
42,mobley_397645,-3.551461,-3.640000,0.088540,0.000015
42,mobley_4690963,-4.638187,-3.540000,1.098187,0.002268
42,mobley_1967551,-3.130149,-3.500000,0.369851,0.000257
42,mobley_6733657,-4.874047,-3.440000,1.434047,0.003867
42,mobley_9565165,-2.462309,-3.350000,0.887691,0.001482
42,mobley_2487143,-3.130575,-3.280000,0.149425,0.000042
42,mobley_8449031,-2.180498,-3.220000,1.039502,0.002032
42,mobley_172879,-2.328710,-3.150000,0.821290,0.001268
42,mobley_5346580,-1.903708,-3.110000,1.206292,0.002736
42,mobley_3573480,-2.862496,-3.040000,0.177504,0.000059
42,mobley_1075836,-2.950438,-2.930000,0.020438,0.000001
42,mobley_6102880,-3.688375,-2.870000,0.818375,0.001259
42,mobley_1827204,-2.518031,-2.810000,0.291969,0.000160
42,mobley_2146331,-1.340227,-2.750000,1.409773,0.003737
42,mobley_7943327,-2.535200,-2.680000,0.144800,0.000039
42,mobley_5110043,-1.555526,-2.630000,1.074474,0.002171
42,mobley_5616693,-2.171453,-2.530000,0.358547,0.000242
42,mobley_6619554,-2.178288,-2.490000,0.311712,0.000183
42,mobley_6359156,-4.004589,-2.460000,1.544589,0.004486
42,mobley_1781152,-1.888555,-2.400000,0.511445,0.000492
42,mobley_859464,-2.394288,-2.360000,0.034288,0.000002
42,mobley_7150646,-0.887645,-2.300000,1.412355,0.003751
42,mobley_1592519,-2.425249,-2.230000,0.195249,0.000072
42,mobley_5538249,-1.913069,-2.160000,0.246931,0.000115
42,mobley_6911232,-1.575832,-2.100000,0.524167,0.000517
42,mobley_3269565,-1.152786,-2.010000,0.857214,0.001382
42,mobley_2484519,-2.489629,-1.930000,0.559629,0.000589
42,mobley_7690440,-4.400292,-1.830000,2.570292,0.012423
42,mobley_3802803,-1.476678,-1.660000,0.183322,0.000063
42,mobley_1144156,-1.551516,-1.590000,0.038484,0.000003
42,mobley_2481002,-1.679288,-1.450000,0.229288,0.000099
42,mobley_2489709,-1.473924,-1.360000,0.113924,0.000024
42,mobley_5052949,-1.164016,-1.280000,0.115984,0.000025
42,mobley_2492140,-1.774016,-1.230000,0.544016,0.000557
42,mobley_7542832,-1.052920,-1.160000,0.107080,0.000022
42,mobley_7814642,-2.329781,-1.120000,1.209781,0.002752
42,mobley_1563176,-0.663974,-0.990000,0.326026,0.000200
42,mobley_1873346,-0.460870,-0.900000,0.439130,0.000363
42,mobley_3040612,-0.146269,-0.850000,0.703731,0.000931
42,mobley_4483973,-1.890268,-0.800000,1.090268,0.002235
42,mobley_9913368,-1.755718,-0.780000,0.975718,0.001790
42,mobley_1449384,0.017193,-0.680000,0.697193,0.000914
42,mobley_7708038,-0.594816,-0.560000,0.034816,0.000002
42,mobley_8311321,-0.181786,-0.500000,0.318214,0.000190
42,mobley_766666,-0.838805,-0.440000,0.398805,0.000299
42,mobley_5445548,-0.010249,-0.300000,0.289751,0.000158
42,mobley_9029594,-0.786619,-0.220000,0.566619,0.000604
42,mobley_3370989,-3.048598,-0.110000,2.938598,0.016238
42,mobley_627267,-0.194887,-0.030000,0.164887,0.000051
42,mobley_6250025,0.526664,0.080000,0.446664,0.000375
42,mobley_4252724,-0.027424,0.160000,0.187424,0.000066
42,mobley_7157427,0.499110,0.290000,0.209110,0.000082
42,mobley_8885088,-0.451335,0.560000,1.011335,0.001923
42,mobley_8522124,1.138898,0.710000,0.428898,0.000346
42,mobley_4678740,-1.409293,1.070000,2.479293,0.011559
42,mobley_2689721,0.819744,1.230000,0.410256,0.000316
42,mobley_1662128,1.302118,1.380000,0.077882,0.000011
42,mobley_4762983,2.144386,1.660000,0.484386,0.000441
42,mobley_7732703,0.758540,1.790000,1.031460,0.002001
42,mobley_2068538,1.420715,2.000000,0.579285,0.000631
42,mobley_5157661,1.837160,2.300000,0.462840,0.000403
42,mobley_1261349,2.603812,2.510000,0.093812,0.000017
42,mobley_2328633,2.347897,2.550000,0.202103,0.000077
42,mobley_8436428,2.874926,2.830000,0.044926,0.000004
42,mobley_3060426,3.469296,2.930000,0.539295,0.000547
42,mobley_2197088,3.324702,3.160000,0.164702,0.000051
43,mobley_9534740,-22.189453,-25.469999,3.280546,0.020237
43,mobley_6239320,-19.260902,-18.059999,1.200903,0.002712
43,mobley_7794077,-12.833099,-15.460000,2.626901,0.012976
43,mobley_7415647,-12.519779,-11.950000,0.569779,0.000610
43,mobley_1728386,-10.629183,-11.000000,0.370817,0.000259
43,mobley_2269032,-10.043952,-10.210000,0.166048,0.000052
43,mobley_2913224,-7.153409,-9.940000,2.786591,0.014602
43,mobley_2659552,-9.611100,-9.760000,0.148900,0.000042
43,mobley_7176290,-8.879500,-9.620000,0.740499,0.001031
43,mobley_2295058,-9.469496,-9.510000,0.040504,0.000003
43,mobley_6055410,-10.788383,-9.400000,1.388384,0.003625
43,mobley_4639255,-9.959139,-9.300000,0.659139,0.000817
43,mobley_1417007,-4.419515,-9.010000,4.590486,0.039626
43,mobley_6115639,-10.938186,-8.700000,2.238186,0.009420
43,mobley_6353617,-8.096814,-8.260000,0.163186,0.000050
43,mobley_2725215,-8.045244,-7.980000,0.065244,0.000008
43,mobley_7039935,-7.474076,-7.670000,0.195924,0.000072
43,mobley_4059279,-6.963257,-7.580000,0.616743,0.000715
43,mobley_951560,-8.934190,-7.400000,1.534190,0.004426
43,mobley_1922649,-9.711082,-7.190000,2.521081,0.011952
43,mobley_8798016,-7.918385,-7.000000,0.918385,0.001586
43,mobley_1858644,-7.749047,-6.790000,0.959047,0.001730
43,mobley_9114381,-5.624475,-6.720000,1.095525,0.002257
43,mobley_5311804,-5.978978,-6.620000,0.641022,0.000773
43,mobley_6743808,-6.480341,-6.500000,0.019659,0.000001
43,mobley_8789864,-5.846422,-6.400000,0.553578,0.000576
43,mobley_7009711,-6.216447,-6.270000,0.053553,0.000005
43,mobley_8789465,-5.234470,-6.200000,0.965530,0.001753
43,mobley_2923700,-6.587147,-6.130000,0.457147,0.000393
43,mobley_4780078,-5.951088,-6.010000,0.058912,0.000007
43,mobley_5467162,-6.004940,-5.910000,0.094940,0.000017
43,mobley_6257907,-5.987638,-5.820000,0.167638,0.000053
43,mobley_7913234,-6.369634,-5.730000,0.639634,0.000769
43,mobley_5518547,-6.242846,-5.570000,0.672846,0.000851
43,mobley_4883284,-6.333542,-5.490000,0.843543,0.001338
43,mobley_5220185,-5.241101,-5.450000,0.208899,0.000082
43,mobley_3359593,-5.926053,-5.260000,0.666052,0.000834
43,mobley_4683624,-6.406497,-5.210000,1.196497,0.002692
43,mobley_1636752,-3.514394,-5.100000,1.585606,0.004728
43,mobley_2310185,-5.101367,-5.000000,0.101367,0.000019
43,mobley_3682850,-4.296396,-4.910000,0.613604,0.000708
43,mobley_1363784,-5.004982,-4.840000,0.164982,0.000051
43,mobley_2837389,-4.919871,-4.780000,0.139871,0.000037
43,mobley_9507933,-5.413024,-4.720000,0.693025,0.000903
43,mobley_296847,-5.491377,-4.690000,0.801377,0.001208
43,mobley_8208692,-2.571363,-4.610000,2.038637,0.007815
43,mobley_4884177,-5.117391,-4.590000,0.527390,0.000523
43,mobley_6714389,-3.905490,-4.550000,0.644510,0.000781
43,mobley_2245668,-4.537334,-4.500000,0.037334,0.000003
43,mobley_5973402,-4.760022,-4.420000,0.340022,0.000217
43,mobley_3546460,-4.593969,-4.400000,0.193969,0.000071
43,mobley_8311303,-3.761452,-4.380000,0.618548,0.000719
43,mobley_9741965,-5.558634,-4.290000,1.268634,0.003026
43,mobley_4603202,-3.431288,-4.230000,0.798712,0.001200
43,mobley_628086,-3.675789,-4.160000,0.484210,0.000441
43,mobley_4620651,-3.915639,-4.100000,0.184361,0.000064
43,mobley_7977115,-4.432825,-4.060000,0.372825,0.000261
43,mobley_2789243,-3.197774,-4.010000,0.812226,0.001241
43,mobley_3968739,-4.179862,-3.920000,0.259862,0.000127
43,mobley_63712,-3.240874,-3.880000,0.639126,0.000768
43,mobley_1046331,-3.559176,-3.820000,0.260824,0.000128
43,mobley_1160109,-3.942068,-3.750000,0.192068,0.000069
43,mobley_4149784,-2.927095,-3.670000,0.742905,0.001038
43,mobley_397645,-4.430892,-3.640000,0.790891,0.001176
43,mobley_4690963,-5.043597,-3.540000,1.503597,0.004251
43,mobley_1967551,-3.456841,-3.500000,0.043159,0.000004
43,mobley_6733657,-4.954395,-3.440000,1.514395,0.004313
43,mobley_9565165,-4.104951,-3.350000,0.754951,0.001072
43,mobley_2487143,-3.617471,-3.280000,0.337471,0.000214
43,mobley_8449031,-2.605631,-3.220000,0.614369,0.000710
43,mobley_172879,-3.189924,-3.150000,0.039924,0.000003
43,mobley_5346580,-2.205615,-3.110000,0.904385,0.001538
43,mobley_3573480,-3.417774,-3.040000,0.377774,0.000268
43,mobley_1075836,-3.200836,-2.930000,0.270836,0.000138
43,mobley_6102880,-4.824440,-2.870000,1.954440,0.007183
43,mobley_1827204,-3.080569,-2.810000,0.270569,0.000138
43,mobley_2146331,-1.693307,-2.750000,1.056693,0.002100
43,mobley_7943327,-2.917007,-2.680000,0.237007,0.000106
43,mobley_5110043,-3.172343,-2.630000,0.542343,0.000553
43,mobley_5616693,-2.840005,-2.530000,0.310005,0.000181
43,mobley_6619554,-2.642050,-2.490000,0.152050,0.000043
43,mobley_6359156,-4.451185,-2.460000,1.991185,0.007456
43,mobley_1781152,-2.159543,-2.400000,0.240458,0.000109
43,mobley_859464,-2.794446,-2.360000,0.434446,0.000355
43,mobley_7150646,-1.485627,-2.300000,0.814373,0.001247
43,mobley_1592519,-2.950468,-2.230000,0.720468,0.000976
43,mobley_5538249,-2.211911,-2.160000,0.051911,0.000005
43,mobley_6911232,-1.788718,-2.100000,0.311282,0.000182
43,mobley_3269565,-1.393031,-2.010000,0.616969,0.000716
43,mobley_2484519,-2.983008,-1.930000,1.053008,0.002085
43,mobley_7690440,-3.820362,-1.830000,1.990362,0.007449
43,mobley_3802803,-1.686426,-1.660000,0.026426,0.000001
43,mobley_1144156,-1.865597,-1.590000,0.275597,0.000143
43,mobley_2481002,-1.437610,-1.450000,0.012390,0.000000
43,mobley_2489709,-1.349514,-1.360000,0.010486,0.000000
43,mobley_5052949,-1.493557,-1.280000,0.213557,0.000086
43,mobley_2492140,-1.378765,-1.230000,0.148765,0.000042
43,mobley_7542832,-1.536477,-1.160000,0.376477,0.000267
43,mobley_7814642,-1.988895,-1.120000,0.868895,0.001420
43,mobley_1563176,-0.999063,-0.990000,0.009063,0.000000
43,mobley_1873346,-1.220632,-0.900000,0.320632,0.000193
43,mobley_3040612,-1.106612,-0.850000,0.256612,0.000124
43,mobley_4483973,-2.372923,-0.800000,1.572923,0.004652
43,mobley_9913368,-1.695498,-0.780000,0.915498,0.001576
43,mobley_1449384,-0.960515,-0.680000,0.280515,0.000148
43,mobley_7708038,-1.102273,-0.560000,0.542273,0.000553
43,mobley_8311321,0.305993,-0.500000,0.805993,0.001222
43,mobley_766666,-0.753899,-0.440000,0.313899,0.000185
43,mobley_5445548,-0.928022,-0.300000,0.628022,0.000742
43,mobley_9029594,-0.871556,-0.220000,0.651556,0.000798
43,mobley_3370989,-3.084131,-0.110000,2.974131,0.016633
43,mobley_627267,-0.609887,-0.030000,0.579887,0.000632
43,mobley_6250025,-0.156053,0.080000,0.236053,0.000105
43,mobley_4252724,-1.044109,0.160000,1.204109,0.002726
43,mobley_7157427,0.123558,0.290000,0.166442,0.000052
43,mobley_8885088,-1.019865,0.560000,1.579865,0.004694
43,mobley_8522124,0.301998,0.710000,0.408002,0.000313
43,mobley_4678740,-0.477080,1.070000,1.547080,0.004501
43,mobley_2689721,0.438018,1.230000,0.791982,0.001179
43,mobley_1662128,0.875109,1.380000,0.504891,0.000479
43,mobley_4762983,1.463323,1.660000,0.196677,0.000073
43,mobley_7732703,2.093586,1.790000,0.303586,0.000173
43,mobley_2068538,1.159685,2.000000,0.840315,0.001328
43,mobley_5157661,1.534272,2.300000,0.765728,0.001103
43,mobley_1261349,2.257346,2.510000,0.252654,0.000120
43,mobley_2328633,1.667299,2.550000,0.882701,0.001465
43,mobley_8436428,2.437654,2.830000,0.392346,0.000289
43,mobley_3060426,2.970278,2.930000,0.040278,0.000003
43,mobley_2197088,2.640747,3.160000,0.519253,0.000507
44,mobley_9534740,-24.116587,-25.469999,1.353413,0.003444
44,mobley_6239320,-20.882423,-18.059999,2.822424,0.014980
44,mobley_7794077,-14.400316,-15.460000,1.059684,0.002112
44,mobley_7415647,-12.204672,-11.950000,0.254672,0.000122
44,mobley_1728386,-10.379821,-11.000000,0.620179,0.000723
44,mobley_2269032,-9.892277,-10.210000,0.317723,0.000190
44,mobley_2913224,-7.131780,-9.940000,2.808219,0.014829
44,mobley_2659552,-8.801313,-9.760000,0.958687,0.001728
44,mobley_7176290,-9.668847,-9.620000,0.048847,0.000004
44,mobley_2295058,-9.211006,-9.510000,0.298994,0.000168
44,mobley_6055410,-10.737887,-9.400000,1.337888,0.003366
44,mobley_4639255,-10.444644,-9.300000,1.144644,0.002464
44,mobley_1417007,-4.113976,-9.010000,4.896025,0.045076
44,mobley_6115639,-10.287825,-8.700000,1.587825,0.004741
44,mobley_6353617,-7.828712,-8.260000,0.431288,0.000350
44,mobley_2725215,-9.900036,-7.980000,1.920036,0.006932
44,mobley_7039935,-6.933889,-7.670000,0.736111,0.001019
44,mobley_4059279,-6.874944,-7.580000,0.705056,0.000935
44,mobley_951560,-9.321305,-7.400000,1.921305,0.006942
44,mobley_1922649,-9.091356,-7.190000,1.901356,0.006798
44,mobley_8798016,-7.531540,-7.000000,0.531540,0.000531
44,mobley_1858644,-7.551726,-6.790000,0.761726,0.001091
44,mobley_9114381,-5.762265,-6.720000,0.957735,0.001725
44,mobley_5311804,-5.748795,-6.620000,0.871205,0.001427
44,mobley_6743808,-6.488936,-6.500000,0.011064,0.000000
44,mobley_8789864,-5.825104,-6.400000,0.574896,0.000622
44,mobley_7009711,-6.374086,-6.270000,0.104086,0.000020
44,mobley_8789465,-5.102565,-6.200000,1.097435,0.002265
44,mobley_2923700,-6.399629,-6.130000,0.269629,0.000137
44,mobley_4780078,-6.055677,-6.010000,0.045677,0.000004
44,mobley_5467162,-6.020636,-5.910000,0.110636,0.000023
44,mobley_6257907,-5.827918,-5.820000,0.007917,0.000000
44,mobley_7913234,-6.272860,-5.730000,0.542860,0.000554
44,mobley_5518547,-6.078622,-5.570000,0.508622,0.000486
44,mobley_4883284,-6.045797,-5.490000,0.555798,0.000581
44,mobley_5220185,-5.017104,-5.450000,0.432896,0.000352
44,mobley_3359593,-5.775991,-5.260000,0.515991,0.000501
44,mobley_4683624,-6.185275,-5.210000,0.975275,0.001789
44,mobley_1636752,-3.673604,-5.100000,1.426396,0.003826
44,mobley_2310185,-5.095837,-5.000000,0.095837,0.000017
44,mobley_3682850,-4.085847,-4.910000,0.824153,0.001277
44,mobley_1363784,-4.772917,-4.840000,0.067083,0.000008
44,mobley_2837389,-4.798404,-4.780000,0.018404,0.000001
44,mobley_9507933,-5.253722,-4.720000,0.533722,0.000536
44,mobley_296847,-5.007075,-4.690000,0.317075,0.000189
44,mobley_8208692,-2.803216,-4.610000,1.806784,0.006139
44,mobley_4884177,-4.644650,-4.590000,0.054650,0.000006
44,mobley_6714389,-3.848069,-4.550000,0.701931,0.000927
44,mobley_2245668,-4.859612,-4.500000,0.359612,0.000243
44,mobley_5973402,-4.966423,-4.420000,0.546423,0.000561
44,mobley_3546460,-4.637739,-4.400000,0.237739,0.000106
44,mobley_8311303,-4.128397,-4.380000,0.251603,0.000119
44,mobley_9741965,-5.585902,-4.290000,1.295902,0.003158
44,mobley_4603202,-3.284296,-4.230000,0.945704,0.001682
44,mobley_628086,-4.127475,-4.160000,0.032525,0.000002
44,mobley_4620651,-3.693717,-4.100000,0.406283,0.000310
44,mobley_7977115,-4.416424,-4.060000,0.356424,0.000239
44,mobley_2789243,-3.120016,-4.010000,0.889984,0.001489
44,mobley_3968739,-3.764010,-3.920000,0.155990,0.000046
44,mobley_63712,-2.936129,-3.880000,0.943871,0.001675
44,mobley_1046331,-3.283154,-3.820000,0.536845,0.000542
44,mobley_1160109,-3.927060,-3.750000,0.177060,0.000059
44,mobley_4149784,-3.625662,-3.670000,0.044338,0.000004
44,mobley_397645,-3.615090,-3.640000,0.024910,0.000001
44,mobley_4690963,-4.441790,-3.540000,0.901790,0.001529
44,mobley_1967551,-3.678271,-3.500000,0.178271,0.000060
44,mobley_6733657,-4.358960,-3.440000,0.918960,0.001588
44,mobley_9565165,-3.427520,-3.350000,0.077520,0.000011
44,mobley_2487143,-3.669379,-3.280000,0.389379,0.000285
44,mobley_8449031,-2.402707,-3.220000,0.817293,0.001256
44,mobley_172879,-2.956927,-3.150000,0.193073,0.000070
44,mobley_5346580,-2.396947,-3.110000,0.713053,0.000956
44,mobley_3573480,-3.467419,-3.040000,0.427419,0.000344
44,mobley_1075836,-3.082178,-2.930000,0.152178,0.000044
44,mobley_6102880,-4.331976,-2.870000,1.461977,0.004019
44,mobley_1827204,-3.018778,-2.810000,0.208778,0.000082
44,mobley_2146331,-1.579080,-2.750000,1.170920,0.002578
44,mobley_7943327,-2.388574,-2.680000,0.291426,0.000160
44,mobley_5110043,-2.738045,-2.630000,0.108045,0.000022
44,mobley_5616693,-2.983407,-2.530000,0.453407,0.000387
44,mobley_6619554,-2.140442,-2.490000,0.349558,0.000230
44,mobley_6359156,-4.186696,-2.460000,1.726696,0.005607
44,mobley_1781152,-2.278469,-2.400000,0.121531,0.000028
44,mobley_859464,-2.793284,-2.360000,0.433284,0.000353
44,mobley_7150646,-1.214857,-2.300000,1.085143,0.002214
44,mobley_1592519,-2.600085,-2.230000,0.370085,0.000258
44,mobley_5538249,-1.974933,-2.160000,0.185067,0.000064
44,mobley_6911232,-1.466215,-2.100000,0.633785,0.000755
44,mobley_3269565,-1.230665,-2.010000,0.779335,0.001142
44,mobley_2484519,-2.768561,-1.930000,0.838561,0.001322
44,mobley_7690440,-3.615496,-1.830000,1.785496,0.005995
44,mobley_3802803,-1.593078,-1.660000,0.066922,0.000008
44,mobley_1144156,-1.302825,-1.590000,0.287175,0.000155
44,mobley_2481002,-1.153771,-1.450000,0.296229,0.000165
44,mobley_2489709,-1.564691,-1.360000,0.204691,0.000079
44,mobley_5052949,-1.415668,-1.280000,0.135668,0.000035
44,mobley_2492140,-1.441127,-1.230000,0.211127,0.000084
44,mobley_7542832,-1.094161,-1.160000,0.065839,0.000008
44,mobley_7814642,-2.167504,-1.120000,1.047504,0.002063
44,mobley_1563176,-0.937063,-0.990000,0.052937,0.000005
44,mobley_1873346,-0.978698,-0.900000,0.078699,0.000012
44,mobley_3040612,-0.806424,-0.850000,0.043576,0.000004
44,mobley_4483973,-2.159473,-0.800000,1.359473,0.003475
44,mobley_9913368,-1.694132,-0.780000,0.914132,0.001571
44,mobley_1449384,-0.865393,-0.680000,0.185393,0.000065
44,mobley_7708038,-0.973581,-0.560000,0.413581,0.000322
44,mobley_8311321,0.272676,-0.500000,0.772676,0.001123
44,mobley_766666,-0.699997,-0.440000,0.259997,0.000127
44,mobley_5445548,-0.680747,-0.300000,0.380747,0.000273
44,mobley_9029594,-0.852666,-0.220000,0.632666,0.000753
44,mobley_3370989,-2.843422,-0.110000,2.733422,0.014050
44,mobley_627267,-0.702165,-0.030000,0.672165,0.000850
44,mobley_6250025,-0.055179,0.080000,0.135179,0.000034
44,mobley_4252724,-0.712297,0.160000,0.872297,0.001431
44,mobley_7157427,0.324293,0.290000,0.034293,0.000002
44,mobley_8885088,-0.674302,0.560000,1.234302,0.002865
44,mobley_8522124,0.454970,0.710000,0.255030,0.000122
44,mobley_4678740,-0.482484,1.070000,1.552484,0.004532
44,mobley_2689721,0.644705,1.230000,0.585295,0.000644
44,mobley_1662128,0.997104,1.380000,0.382896,0.000276
44,mobley_4762983,1.633679,1.660000,0.026321,0.000001
44,mobley_7732703,1.274349,1.790000,0.515651,0.000500
44,mobley_2068538,1.198183,2.000000,0.801817,0.001209
44,mobley_5157661,1.523327,2.300000,0.776673,0.001134
44,mobley_1261349,2.145794,2.510000,0.364206,0.000249
44,mobley_2328633,1.873941,2.550000,0.676059,0.000859
44,mobley_8436428,2.435162,2.830000,0.394838,0.000293
44,mobley_3060426,2.824600,2.930000,0.105400,0.000021
44,mobley_2197088,2.771179,3.160000,0.388821,0.000284
45,mobley_9534740,-22.478308,-25.469999,2.991692,0.016830
45,mobley_6239320,-21.530132,-18.059999,3.470133,0.022644
45,mobley_7794077,-14.692864,-15.460000,0.767136,0.001107
45,mobley_7415647,-12.616936,-11.950000,0.666936,0.000836
45,mobley_1728386,-10.712479,-11.000000,0.287521,0.000155
45,mobley_2269032,-9.576724,-10.210000,0.633276,0.000754
45,mobley_2913224,-6.914404,-9.940000,3.025595,0.017214
45,mobley_2659552,-9.223743,-9.760000,0.536257,0.000541
45,mobley_7176290,-9.376106,-9.620000,0.243894,0.000112
45,mobley_2295058,-9.201936,-9.510000,0.308064,0.000178
45,mobley_6055410,-10.385751,-9.400000,0.985751,0.001827
45,mobley_4639255,-9.984015,-9.300000,0.684014,0.000880
45,mobley_1417007,-4.518277,-9.010000,4.491724,0.037939
45,mobley_6115639,-11.066735,-8.700000,2.366735,0.010533
45,mobley_6353617,-7.670868,-8.260000,0.589132,0.000653
45,mobley_2725215,-8.570420,-7.980000,0.590420,0.000656
45,mobley_7039935,-7.047180,-7.670000,0.622820,0.000729
45,mobley_4059279,-6.795615,-7.580000,0.784385,0.001157
45,mobley_951560,-8.940027,-7.400000,1.540027,0.004460
45,mobley_1922649,-10.054181,-7.190000,2.864181,0.015426
45,mobley_8798016,-7.507876,-7.000000,0.507876,0.000485
45,mobley_1858644,-7.532297,-6.790000,0.742297,0.001036
45,mobley_9114381,-5.539495,-6.720000,1.180505,0.002621
45,mobley_5311804,-5.773250,-6.620000,0.846750,0.001348
45,mobley_6743808,-6.444470,-6.500000,0.055530,0.000006
45,mobley_8789864,-5.658719,-6.400000,0.741281,0.001033
45,mobley_7009711,-6.152053,-6.270000,0.117947,0.000026
45,mobley_8789465,-4.902528,-6.200000,1.297472,0.003166
45,mobley_2923700,-6.389706,-6.130000,0.259706,0.000127
45,mobley_4780078,-5.771306,-6.010000,0.238694,0.000107
45,mobley_5467162,-5.847925,-5.910000,0.062075,0.000007
45,mobley_6257907,-5.673338,-5.820000,0.146662,0.000040
45,mobley_7913234,-6.072925,-5.730000,0.342925,0.000221
45,mobley_5518547,-5.768447,-5.570000,0.198447,0.000074
45,mobley_4883284,-5.914375,-5.490000,0.424375,0.000339
45,mobley_5220185,-4.995884,-5.450000,0.454116,0.000388
45,mobley_3359593,-5.498206,-5.260000,0.238205,0.000107
45,mobley_4683624,-6.142247,-5.210000,0.932247,0.001634
45,mobley_1636752,-3.598009,-5.100000,1.501991,0.004242
45,mobley_2310185,-5.076118,-5.000000,0.076118,0.000011
45,mobley_3682850,-4.165904,-4.910000,0.744096,0.001041
45,mobley_1363784,-4.635946,-4.840000,0.204054,0.000078
45,mobley_2837389,-4.691593,-4.780000,0.088407,0.000015
45,mobley_9507933,-4.984208,-4.720000,0.264208,0.000131
45,mobley_296847,-5.249101,-4.690000,0.559101,0.000588
45,mobley_8208692,-2.943823,-4.610000,1.666178,0.005220
45,mobley_4884177,-4.749373,-4.590000,0.159373,0.000048
45,mobley_6714389,-3.730986,-4.550000,0.819014,0.001261
45,mobley_2245668,-4.657363,-4.500000,0.157363,0.000047
45,mobley_5973402,-4.680154,-4.420000,0.260154,0.000127
45,mobley_3546460,-4.367914,-4.400000,0.032086,0.000002
45,mobley_8311303,-4.250700,-4.380000,0.129300,0.000031
45,mobley_9741965,-5.725070,-4.290000,1.435070,0.003873
45,mobley_4603202,-3.226822,-4.230000,1.003178,0.001892
45,mobley_628086,-4.716937,-4.160000,0.556937,0.000583
45,mobley_4620651,-3.719421,-4.100000,0.380579,0.000272
45,mobley_7977115,-4.276754,-4.060000,0.216754,0.000088
45,mobley_2789243,-3.118334,-4.010000,0.891666,0.001495
45,mobley_3968739,-3.952182,-3.920000,0.032182,0.000002
45,mobley_63712,-2.894928,-3.880000,0.985073,0.001825
45,mobley_1046331,-3.436993,-3.820000,0.383007,0.000276
45,mobley_1160109,-3.655958,-3.750000,0.094042,0.000017
45,mobley_4149784,-3.638815,-3.670000,0.031185,0.000002
45,mobley_397645,-4.016719,-3.640000,0.376719,0.000267
45,mobley_4690963,-4.559819,-3.540000,1.019819,0.001956
45,mobley_1967551,-3.408914,-3.500000,0.091086,0.000016
45,mobley_6733657,-4.862908,-3.440000,1.422908,0.003807
45,mobley_9565165,-3.498567,-3.350000,0.148567,0.000042
45,mobley_2487143,-3.277955,-3.280000,0.002045,0.000000
45,mobley_8449031,-2.420982,-3.220000,0.799018,0.001201
45,mobley_172879,-3.085511,-3.150000,0.064489,0.000008
45,mobley_5346580,-2.092851,-3.110000,1.017148,0.001946
45,mobley_3573480,-3.031417,-3.040000,0.008583,0.000000
45,mobley_1075836,-3.055082,-2.930000,0.125082,0.000029
45,mobley_6102880,-4.630853,-2.870000,1.760853,0.005831
45,mobley_1827204,-2.876650,-2.810000,0.066650,0.000008
45,mobley_2146331,-1.395597,-2.750000,1.354403,0.003450
45,mobley_7943327,-2.598060,-2.680000,0.081940,0.000013
45,mobley_5110043,-2.612958,-2.630000,0.017042,0.000001
45,mobley_5616693,-2.686807,-2.530000,0.156807,0.000046
45,mobley_6619554,-2.316248,-2.490000,0.173752,0.000057
45,mobley_6359156,-4.255389,-2.460000,1.795389,0.006061
45,mobley_1781152,-2.054916,-2.400000,0.345084,0.000224
45,mobley_859464,-2.606022,-2.360000,0.246022,0.000114
45,mobley_7150646,-1.193263,-2.300000,1.106737,0.002303
45,mobley_1592519,-2.570247,-2.230000,0.340247,0.000218
45,mobley_5538249,-2.358407,-2.160000,0.198407,0.000074
45,mobley_6911232,-1.496819,-2.100000,0.603181,0.000684
45,mobley_3269565,-1.213982,-2.010000,0.796018,0.001192
45,mobley_2484519,-2.928411,-1.930000,0.998411,0.001874
45,mobley_7690440,-3.848384,-1.830000,2.018384,0.007661
45,mobley_3802803,-1.660036,-1.660000,0.000036,0.000000
45,mobley_1144156,-1.481406,-1.590000,0.108594,0.000022
45,mobley_2481002,-1.444874,-1.450000,0.005126,0.000000
45,mobley_2489709,-1.671893,-1.360000,0.311893,0.000183
45,mobley_5052949,-1.312422,-1.280000,0.032422,0.000002
45,mobley_2492140,-1.663712,-1.230000,0.433712,0.000354
45,mobley_7542832,-1.237407,-1.160000,0.077407,0.000011
45,mobley_7814642,-2.156925,-1.120000,1.036925,0.002022
45,mobley_1563176,-0.748324,-0.990000,0.241676,0.000110
45,mobley_1873346,-1.096107,-0.900000,0.196107,0.000072
45,mobley_3040612,-0.928815,-0.850000,0.078815,0.000012
45,mobley_4483973,-2.310993,-0.800000,1.510993,0.004293
45,mobley_9913368,-1.670690,-0.780000,0.890690,0.001492
45,mobley_1449384,-0.776915,-0.680000,0.096915,0.000018
45,mobley_7708038,-0.731150,-0.560000,0.171150,0.000055
45,mobley_8311321,0.110368,-0.500000,0.610368,0.000701
45,mobley_766666,-0.867307,-0.440000,0.427307,0.000343
45,mobley_5445548,-0.785049,-0.300000,0.485049,0.000442
45,mobley_9029594,-0.735645,-0.220000,0.515645,0.000500
45,mobley_3370989,-2.965835,-0.110000,2.855835,0.015337
45,mobley_627267,-0.314445,-0.030000,0.284445,0.000152
45,mobley_6250025,0.276868,0.080000,0.196868,0.000073
45,mobley_4252724,-0.725611,0.160000,0.885611,0.001475
45,mobley_7157427,0.478153,0.290000,0.188153,0.000067
45,mobley_8885088,-0.752449,0.560000,1.312449,0.003239
45,mobley_8522124,0.779379,0.710000,0.069379,0.000009
45,mobley_4678740,-1.097538,1.070000,2.167538,0.008835
45,mobley_2689721,0.648476,1.230000,0.581524,0.000636
45,mobley_1662128,1.123073,1.380000,0.256927,0.000124
45,mobley_4762983,1.872625,1.660000,0.212625,0.000085
45,mobley_7732703,1.498569,1.790000,0.291431,0.000160
45,mobley_2068538,1.314165,2.000000,0.685835,0.000885
45,mobley_5157661,1.703441,2.300000,0.596559,0.000669
45,mobley_1261349,2.441084,2.510000,0.068916,0.000009
45,mobley_2328633,1.993233,2.550000,0.556767,0.000583
45,mobley_8436428,2.632969,2.830000,0.197031,0.000073
45,mobley_3060426,3.113211,2.930000,0.183211,0.000063
45,mobley_2197088,2.966434,3.160000,0.193566,0.000070
46,mobley_9534740,-23.651960,-25.469999,1.818039,0.006215
46,mobley_6239320,-20.056129,-18.059999,1.996130,0.007493
46,mobley_7794077,-13.961401,-15.460000,1.498599,0.004223
46,mobley_7415647,-12.879587,-11.950000,0.929587,0.001625
46,mobley_1728386,-10.261368,-11.000000,0.738632,0.001026
46,mobley_2269032,-9.641440,-10.210000,0.568560,0.000608
46,mobley_2913224,-6.906994,-9.940000,3.033005,0.017299
46,mobley_2659552,-9.315113,-9.760000,0.444887,0.000372
46,mobley_7176290,-9.322309,-9.620000,0.297690,0.000167
46,mobley_2295058,-8.832321,-9.510000,0.677679,0.000864
46,mobley_6055410,-10.126113,-9.400000,0.726113,0.000991
46,mobley_4639255,-10.185641,-9.300000,0.885641,0.001475
46,mobley_1417007,-3.900897,-9.010000,5.109103,0.049085
46,mobley_6115639,-10.225398,-8.700000,1.525398,0.004376
46,mobley_6353617,-7.588681,-8.260000,0.671319,0.000847
46,mobley_2725215,-10.757653,-7.980000,2.777653,0.014508
46,mobley_7039935,-6.646603,-7.670000,1.023397,0.001969
46,mobley_4059279,-7.195872,-7.580000,0.384128,0.000277
46,mobley_951560,-9.351046,-7.400000,1.951046,0.007158
46,mobley_1922649,-9.545007,-7.190000,2.355007,0.010429
46,mobley_8798016,-7.233023,-7.000000,0.233023,0.000102
46,mobley_1858644,-7.434004,-6.790000,0.644004,0.000780
46,mobley_9114381,-5.748213,-6.720000,0.971787,0.001776
46,mobley_5311804,-5.721888,-6.620000,0.898112,0.001517
46,mobley_6743808,-5.946536,-6.500000,0.553464,0.000576
46,mobley_8789864,-6.041076,-6.400000,0.358924,0.000242
46,mobley_7009711,-5.831780,-6.270000,0.438220,0.000361
46,mobley_8789465,-4.764795,-6.200000,1.435205,0.003873
46,mobley_2923700,-6.034309,-6.130000,0.095691,0.000017
46,mobley_4780078,-5.516647,-6.010000,0.493353,0.000458
46,mobley_5467162,-5.514643,-5.910000,0.395357,0.000294
46,mobley_6257907,-5.726379,-5.820000,0.093621,0.000016
46,mobley_7913234,-6.356827,-5.730000,0.626827,0.000739
46,mobley_5518547,-5.709265,-5.570000,0.139265,0.000036
46,mobley_4883284,-5.811441,-5.490000,0.321441,0.000194
46,mobley_5220185,-5.028069,-5.450000,0.421930,0.000335
46,mobley_3359593,-5.467460,-5.260000,0.207460,0.000081
46,mobley_4683624,-5.830352,-5.210000,0.620352,0.000724
46,mobley_1636752,-3.633581,-5.100000,1.466419,0.004044
46,mobley_2310185,-4.921970,-5.000000,0.078030,0.000011
46,mobley_3682850,-3.999165,-4.910000,0.910835,0.001560
46,mobley_1363784,-4.675897,-4.840000,0.164103,0.000051
46,mobley_2837389,-4.358428,-4.780000,0.421572,0.000334
46,mobley_9507933,-4.915743,-4.720000,0.195744,0.000072
46,mobley_296847,-4.965943,-4.690000,0.275943,0.000143
46,mobley_8208692,-2.964603,-4.610000,1.645397,0.005091
46,mobley_4884177,-4.589603,-4.590000,0.000397,0.000000
46,mobley_6714389,-4.001612,-4.550000,0.548388,0.000566
46,mobley_2245668,-4.481122,-4.500000,0.018878,0.000001
46,mobley_5973402,-4.683771,-4.420000,0.263771,0.000131
46,mobley_3546460,-4.435667,-4.400000,0.035666,0.000002
46,mobley_8311303,-4.147094,-4.380000,0.232906,0.000102
46,mobley_9741965,-5.988012,-4.290000,1.698012,0.005422
46,mobley_4603202,-3.854627,-4.230000,0.375373,0.000265
46,mobley_628086,-3.289196,-4.160000,0.870804,0.001426
46,mobley_4620651,-3.761281,-4.100000,0.338719,0.000216
46,mobley_7977115,-4.391215,-4.060000,0.331215,0.000206
46,mobley_2789243,-3.074546,-4.010000,0.935454,0.001646
46,mobley_3968739,-3.787291,-3.920000,0.132709,0.000033
46,mobley_63712,-3.128293,-3.880000,0.751707,0.001063
46,mobley_1046331,-3.200167,-3.820000,0.619833,0.000722
46,mobley_1160109,-3.686047,-3.750000,0.063953,0.000008
46,mobley_4149784,-3.310158,-3.670000,0.359842,0.000243
46,mobley_397645,-3.813122,-3.640000,0.173122,0.000056
46,mobley_4690963,-4.786666,-3.540000,1.246666,0.002923
46,mobley_1967551,-3.373804,-3.500000,0.126196,0.000030
46,mobley_6733657,-5.029458,-3.440000,1.589458,0.004751
46,mobley_9565165,-3.334388,-3.350000,0.015612,0.000000
46,mobley_2487143,-3.315163,-3.280000,0.035163,0.000002
46,mobley_8449031,-2.467564,-3.220000,0.752436,0.001065
46,mobley_172879,-2.930225,-3.150000,0.219775,0.000091
46,mobley_5346580,-1.949042,-3.110000,1.160958,0.002535
46,mobley_3573480,-3.088161,-3.040000,0.048161,0.000004
46,mobley_1075836,-3.070574,-2.930000,0.140574,0.000037
46,mobley_6102880,-4.348349,-2.870000,1.478349,0.004110
46,mobley_1827204,-2.877910,-2.810000,0.067910,0.000009
46,mobley_2146331,-1.265862,-2.750000,1.484138,0.004142
46,mobley_7943327,-2.617616,-2.680000,0.062384,0.000007
46,mobley_5110043,-2.506621,-2.630000,0.123379,0.000029
46,mobley_5616693,-2.778459,-2.530000,0.248459,0.000116
46,mobley_6619554,-2.380744,-2.490000,0.109257,0.000022
46,mobley_6359156,-4.351551,-2.460000,1.891551,0.006728
46,mobley_1781152,-2.051400,-2.400000,0.348600,0.000229
46,mobley_859464,-2.676486,-2.360000,0.316486,0.000188
46,mobley_7150646,-1.046282,-2.300000,1.253718,0.002956
46,mobley_1592519,-2.699580,-2.230000,0.469580,0.000415
46,mobley_5538249,-2.438904,-2.160000,0.278904,0.000146
46,mobley_6911232,-1.538547,-2.100000,0.561453,0.000593
46,mobley_3269565,-1.203309,-2.010000,0.806691,0.001224
46,mobley_2484519,-3.001209,-1.930000,1.071209,0.002158
46,mobley_7690440,-4.796685,-1.830000,2.966685,0.016550
46,mobley_3802803,-1.838621,-1.660000,0.178621,0.000060
46,mobley_1144156,-1.568996,-1.590000,0.021004,0.000001
46,mobley_2481002,-0.207928,-1.450000,1.242072,0.002901
46,mobley_2489709,-1.484090,-1.360000,0.124090,0.000029
46,mobley_5052949,-1.581730,-1.280000,0.301730,0.000171
46,mobley_2492140,-1.213088,-1.230000,0.016912,0.000001
46,mobley_7542832,-1.329491,-1.160000,0.169491,0.000054
46,mobley_7814642,-2.215905,-1.120000,1.095905,0.002258
46,mobley_1563176,-0.938104,-0.990000,0.051896,0.000005
46,mobley_1873346,-0.886864,-0.900000,0.013136,0.000000
46,mobley_3040612,-0.731642,-0.850000,0.118358,0.000026
46,mobley_4483973,-2.090248,-0.800000,1.290248,0.003130
46,mobley_9913368,-1.767110,-0.780000,0.987110,0.001832
46,mobley_1449384,-0.662960,-0.680000,0.017040,0.000001
46,mobley_7708038,-0.815777,-0.560000,0.255777,0.000123
46,mobley_8311321,0.081804,-0.500000,0.581804,0.000637
46,mobley_766666,-0.706603,-0.440000,0.266603,0.000134
46,mobley_5445548,-0.618450,-0.300000,0.318450,0.000191
46,mobley_9029594,-0.732141,-0.220000,0.512141,0.000493
46,mobley_3370989,-2.943240,-0.110000,2.833240,0.015095
46,mobley_627267,-0.513565,-0.030000,0.483565,0.000440
46,mobley_6250025,0.256339,0.080000,0.176339,0.000058
46,mobley_4252724,-0.633929,0.160000,0.793929,0.001185
46,mobley_7157427,0.207611,0.290000,0.082389,0.000013
46,mobley_8885088,-0.426463,0.560000,0.986463,0.001830
46,mobley_8522124,0.893695,0.710000,0.183695,0.000063
46,mobley_4678740,-0.907300,1.070000,1.977300,0.007352
46,mobley_2689721,0.749317,1.230000,0.480683,0.000434
46,mobley_1662128,1.124625,1.380000,0.255375,0.000123
46,mobley_4762983,1.806382,1.660000,0.146382,0.000040
46,mobley_7732703,1.127397,1.790000,0.662603,0.000826
46,mobley_2068538,1.284080,2.000000,0.715920,0.000964
46,mobley_5157661,1.721330,2.300000,0.578670,0.000630
46,mobley_1261349,2.498916,2.510000,0.011084,0.000000
46,mobley_2328633,1.999196,2.550000,0.550804,0.000571
46,mobley_8436428,2.668235,2.830000,0.161765,0.000049
46,mobley_3060426,3.200060,2.930000,0.270060,0.000137
46,mobley_2197088,2.919826,3.160000,0.240175,0.000108
47,mobley_9534740,-21.622200,-25.469999,3.847799,0.027841
47,mobley_6239320,-20.620621,-18.059999,2.560621,0.012330
47,mobley_7794077,-14.335559,-15.460000,1.124441,0.002378
47,mobley_7415647,-12.809331,-11.950000,0.859331,0.001389
47,mobley_1728386,-10.782720,-11.000000,0.217280,0.000089
47,mobley_2269032,-10.107042,-10.210000,0.102958,0.000020
47,mobley_2913224,-7.200377,-9.940000,2.739622,0.014114
47,mobley_2659552,-9.488543,-9.760000,0.271458,0.000139
47,mobley_7176290,-9.261375,-9.620000,0.358624,0.000242
47,mobley_2295058,-9.399349,-9.510000,0.110651,0.000023
47,mobley_6055410,-10.743041,-9.400000,1.343041,0.003392
47,mobley_4639255,-9.867511,-9.300000,0.567511,0.000606
47,mobley_1417007,-4.716006,-9.010000,4.293994,0.034673
47,mobley_6115639,-11.039665,-8.700000,2.339665,0.010294
47,mobley_6353617,-7.974629,-8.260000,0.285371,0.000153
47,mobley_2725215,-8.245448,-7.980000,0.265448,0.000133
47,mobley_7039935,-7.395652,-7.670000,0.274348,0.000142
47,mobley_4059279,-6.770065,-7.580000,0.809935,0.001234
47,mobley_951560,-9.130392,-7.400000,1.730392,0.005631
47,mobley_1922649,-10.149490,-7.190000,2.959490,0.016470
47,mobley_8798016,-7.748832,-7.000000,0.748832,0.001054
47,mobley_1858644,-7.752094,-6.790000,0.962094,0.001741
47,mobley_9114381,-5.781211,-6.720000,0.938788,0.001657
47,mobley_5311804,-6.103572,-6.620000,0.516428,0.000502
47,mobley_6743808,-6.329948,-6.500000,0.170052,0.000054
47,mobley_8789864,-5.807832,-6.400000,0.592168,0.000659
47,mobley_7009711,-6.098106,-6.270000,0.171894,0.000056
47,mobley_8789465,-5.098428,-6.200000,1.101572,0.002282
47,mobley_2923700,-6.448362,-6.130000,0.318362,0.000191
47,mobley_4780078,-5.825236,-6.010000,0.184764,0.000064
47,mobley_5467162,-5.863620,-5.910000,0.046380,0.000004
47,mobley_6257907,-5.938066,-5.820000,0.118065,0.000026
47,mobley_7913234,-6.210376,-5.730000,0.480376,0.000434
47,mobley_5518547,-6.230515,-5.570000,0.660515,0.000820
47,mobley_4883284,-6.414813,-5.490000,0.924813,0.001608
47,mobley_5220185,-5.476214,-5.450000,0.026214,0.000001
47,mobley_3359593,-5.954403,-5.260000,0.694403,0.000907
47,mobley_4683624,-6.268312,-5.210000,1.058312,0.002106
47,mobley_1636752,-3.731977,-5.100000,1.368023,0.003519
47,mobley_2310185,-5.015460,-5.000000,0.015460,0.000000
47,mobley_3682850,-4.418498,-4.910000,0.491502,0.000454
47,mobley_1363784,-4.752127,-4.840000,0.087873,0.000015
47,mobley_2837389,-4.592873,-4.780000,0.187128,0.000066
47,mobley_9507933,-5.037107,-4.720000,0.317107,0.000189
47,mobley_296847,-5.300931,-4.690000,0.610931,0.000702
47,mobley_8208692,-2.985856,-4.610000,1.624144,0.004960
47,mobley_4884177,-4.890094,-4.590000,0.300094,0.000169
47,mobley_6714389,-4.050791,-4.550000,0.499209,0.000469
47,mobley_2245668,-4.442984,-4.500000,0.057016,0.000006
47,mobley_5973402,-4.682713,-4.420000,0.262713,0.000130
47,mobley_3546460,-4.432168,-4.400000,0.032168,0.000002
47,mobley_8311303,-4.334006,-4.380000,0.045994,0.000004
47,mobley_9741965,-5.721929,-4.290000,1.431929,0.003856
47,mobley_4603202,-3.396806,-4.230000,0.833194,0.001305
47,mobley_628086,-4.144280,-4.160000,0.015720,0.000000
47,mobley_4620651,-4.027645,-4.100000,0.072355,0.000010
47,mobley_7977115,-4.456092,-4.060000,0.396092,0.000295
47,mobley_2789243,-2.972142,-4.010000,1.037858,0.002026
47,mobley_3968739,-4.138422,-3.920000,0.218421,0.000090
47,mobley_63712,-3.176711,-3.880000,0.703290,0.000930
47,mobley_1046331,-3.494146,-3.820000,0.325854,0.000200
47,mobley_1160109,-4.070389,-3.750000,0.320389,0.000193
47,mobley_4149784,-3.701139,-3.670000,0.031139,0.000002
47,mobley_397645,-4.204253,-3.640000,0.564253,0.000599
47,mobley_4690963,-4.767633,-3.540000,1.227633,0.002834
47,mobley_1967551,-3.423382,-3.500000,0.076618,0.000011
47,mobley_6733657,-5.132551,-3.440000,1.692551,0.005387
47,mobley_9565165,-3.860227,-3.350000,0.510227,0.000490
47,mobley_2487143,-3.304396,-3.280000,0.024396,0.000001
47,mobley_8449031,-2.290742,-3.220000,0.929258,0.001624
47,mobley_172879,-3.570492,-3.150000,0.420492,0.000332
47,mobley_5346580,-2.029003,-3.110000,1.080997,0.002197
47,mobley_3573480,-3.053873,-3.040000,0.013873,0.000000
47,mobley_1075836,-3.099506,-2.930000,0.169506,0.000054
47,mobley_6102880,-4.909182,-2.870000,2.039182,0.007819
47,mobley_1827204,-3.057728,-2.810000,0.247728,0.000115
47,mobley_2146331,-1.487843,-2.750000,1.262157,0.002996
47,mobley_7943327,-2.623412,-2.680000,0.056588,0.000006
47,mobley_5110043,-2.845852,-2.630000,0.215852,0.000088
47,mobley_5616693,-3.048137,-2.530000,0.518137,0.000505
47,mobley_6619554,-2.371341,-2.490000,0.118659,0.000026
47,mobley_6359156,-4.486912,-2.460000,2.026912,0.007726
47,mobley_1781152,-2.051566,-2.400000,0.348434,0.000228
47,mobley_859464,-2.644929,-2.360000,0.284929,0.000153
47,mobley_7150646,-1.283548,-2.300000,1.016452,0.001943
47,mobley_1592519,-2.604102,-2.230000,0.374102,0.000263
47,mobley_5538249,-2.657988,-2.160000,0.497988,0.000466
47,mobley_6911232,-1.665993,-2.100000,0.434007,0.000354
47,mobley_3269565,-1.316762,-2.010000,0.693238,0.000904
47,mobley_2484519,-3.150444,-1.930000,1.220444,0.002801
47,mobley_7690440,-3.101042,-1.830000,1.271042,0.003038
47,mobley_3802803,-1.799575,-1.660000,0.139575,0.000037
47,mobley_1144156,-1.607248,-1.590000,0.017248,0.000001
47,mobley_2481002,-1.291849,-1.450000,0.158151,0.000047
47,mobley_2489709,-1.405989,-1.360000,0.045989,0.000004
47,mobley_5052949,-1.424768,-1.280000,0.144768,0.000039
47,mobley_2492140,-1.216923,-1.230000,0.013077,0.000000
47,mobley_7542832,-1.459719,-1.160000,0.299719,0.000169
47,mobley_7814642,-2.048802,-1.120000,0.928802,0.001622
47,mobley_1563176,-0.884907,-0.990000,0.105093,0.000021
47,mobley_1873346,-1.068973,-0.900000,0.168973,0.000054
47,mobley_3040612,-0.916544,-0.850000,0.066544,0.000008
47,mobley_4483973,-2.407970,-0.800000,1.607970,0.004862
47,mobley_9913368,-1.642118,-0.780000,0.862118,0.001398
47,mobley_1449384,-0.710607,-0.680000,0.030607,0.000002
47,mobley_7708038,-0.878661,-0.560000,0.318661,0.000191
47,mobley_8311321,0.026266,-0.500000,0.526266,0.000521
47,mobley_766666,-0.802068,-0.440000,0.362068,0.000247
47,mobley_5445548,-0.749928,-0.300000,0.449928,0.000381
47,mobley_9029594,-0.816384,-0.220000,0.596384,0.000669
47,mobley_3370989,-3.047099,-0.110000,2.937099,0.016222
47,mobley_627267,-0.458435,-0.030000,0.428435,0.000345
47,mobley_6250025,0.243944,0.080000,0.163944,0.000051
47,mobley_4252724,-0.840571,0.160000,1.000571,0.001883
47,mobley_7157427,0.244529,0.290000,0.045471,0.000004
47,mobley_8885088,-0.801244,0.560000,1.361244,0.003484
47,mobley_8522124,0.839876,0.710000,0.129876,0.000032
47,mobley_4678740,-1.131188,1.070000,2.201188,0.009111
47,mobley_2689721,0.699044,1.230000,0.530956,0.000530
47,mobley_1662128,1.150544,1.380000,0.229456,0.000099
47,mobley_4762983,1.831414,1.660000,0.171414,0.000055
47,mobley_7732703,0.951453,1.790000,0.838547,0.001322
47,mobley_2068538,1.393261,2.000000,0.606739,0.000692
47,mobley_5157661,1.812738,2.300000,0.487262,0.000446
47,mobley_1261349,2.517153,2.510000,0.007153,0.000000
47,mobley_2328633,1.769838,2.550000,0.780162,0.001145
47,mobley_8436428,2.727300,2.830000,0.102700,0.000020
47,mobley_3060426,3.178835,2.930000,0.248835,0.000116
47,mobley_2197088,2.998239,3.160000,0.161761,0.000049
48,mobley_9534740,-24.234943,-25.469999,1.235056,0.002868
48,mobley_6239320,-23.031244,-18.059999,4.971245,0.046472
48,mobley_7794077,-15.720979,-15.460000,0.260979,0.000128
48,mobley_7415647,-13.303298,-11.950000,1.353298,0.003444
48,mobley_1728386,-10.756735,-11.000000,0.243265,0.000111
48,mobley_2269032,-9.681179,-10.210000,0.528821,0.000526
48,mobley_2913224,-7.025223,-9.940000,2.914776,0.015976
48,mobley_2659552,-9.457560,-9.760000,0.302441,0.000172
48,mobley_7176290,-9.889178,-9.620000,0.269178,0.000136
48,mobley_2295058,-9.377769,-9.510000,0.132231,0.000033
48,mobley_6055410,-10.583534,-9.400000,1.183535,0.002634
48,mobley_4639255,-10.546339,-9.300000,1.246339,0.002921
48,mobley_1417007,-4.261816,-9.010000,4.748185,0.042395
48,mobley_6115639,-10.283247,-8.700000,1.583247,0.004714
48,mobley_6353617,-7.503355,-8.260000,0.756645,0.001077
48,mobley_2725215,-9.539983,-7.980000,1.559983,0.004576
48,mobley_7039935,-7.060390,-7.670000,0.609610,0.000699
48,mobley_4059279,-6.924781,-7.580000,0.655219,0.000807
48,mobley_951560,-9.581773,-7.400000,2.181773,0.008951
48,mobley_1922649,-9.490121,-7.190000,2.300121,0.009949
48,mobley_8798016,-7.205839,-7.000000,0.205839,0.000080
48,mobley_1858644,-7.571414,-6.790000,0.781414,0.001148
48,mobley_9114381,-5.747865,-6.720000,0.972135,0.001777
48,mobley_5311804,-5.929270,-6.620000,0.690730,0.000897
48,mobley_6743808,-6.452471,-6.500000,0.047529,0.000004
48,mobley_8789864,-6.057195,-6.400000,0.342805,0.000221
48,mobley_7009711,-6.198949,-6.270000,0.071051,0.000009
48,mobley_8789465,-4.952704,-6.200000,1.247295,0.002926
48,mobley_2923700,-6.366437,-6.130000,0.236437,0.000105
48,mobley_4780078,-5.781149,-6.010000,0.228851,0.000098
48,mobley_5467162,-5.892733,-5.910000,0.017267,0.000001
48,mobley_6257907,-6.143138,-5.820000,0.323138,0.000196
48,mobley_7913234,-6.383364,-5.730000,0.653364,0.000803
48,mobley_5518547,-6.112527,-5.570000,0.542527,0.000553
48,mobley_4883284,-6.217767,-5.490000,0.727767,0.000996
48,mobley_5220185,-5.138381,-5.450000,0.311618,0.000183
48,mobley_3359593,-5.913498,-5.260000,0.653498,0.000803
48,mobley_4683624,-6.163132,-5.210000,0.953132,0.001708
48,mobley_1636752,-3.958242,-5.100000,1.141758,0.002451
48,mobley_2310185,-5.177861,-5.000000,0.177861,0.000059
48,mobley_3682850,-3.976512,-4.910000,0.933488,0.001639
48,mobley_1363784,-4.594187,-4.840000,0.245813,0.000114
48,mobley_2837389,-4.411207,-4.780000,0.368793,0.000256
48,mobley_9507933,-4.732535,-4.720000,0.012536,0.000000
48,mobley_296847,-4.888297,-4.690000,0.198297,0.000074
48,mobley_8208692,-3.300355,-4.610000,1.309645,0.003225
48,mobley_4884177,-4.493179,-4.590000,0.096821,0.000018
48,mobley_6714389,-4.045019,-4.550000,0.504982,0.000480
48,mobley_2245668,-4.746254,-4.500000,0.246254,0.000114
48,mobley_5973402,-4.915670,-4.420000,0.495670,0.000462
48,mobley_3546460,-4.612069,-4.400000,0.212069,0.000085
48,mobley_8311303,-4.584817,-4.380000,0.204817,0.000079
48,mobley_9741965,-5.369843,-4.290000,1.079843,0.002193
48,mobley_4603202,-3.607831,-4.230000,0.622169,0.000728
48,mobley_628086,-4.868580,-4.160000,0.708580,0.000944
48,mobley_4620651,-3.800580,-4.100000,0.299420,0.000169
48,mobley_7977115,-4.461332,-4.060000,0.401332,0.000303
48,mobley_2789243,-3.070722,-4.010000,0.939279,0.001659
48,mobley_3968739,-3.902331,-3.920000,0.017669,0.000001
48,mobley_63712,-2.803858,-3.880000,1.076142,0.002178
48,mobley_1046331,-3.331764,-3.820000,0.488236,0.000448
48,mobley_1160109,-3.481629,-3.750000,0.268371,0.000135
48,mobley_4149784,-3.821880,-3.670000,0.151880,0.000043
48,mobley_397645,-3.802824,-3.640000,0.162824,0.000050
48,mobley_4690963,-4.693307,-3.540000,1.153307,0.002501
48,mobley_1967551,-3.202979,-3.500000,0.297021,0.000166
48,mobley_6733657,-4.621983,-3.440000,1.181983,0.002627
48,mobley_9565165,-3.001881,-3.350000,0.348119,0.000228
48,mobley_2487143,-3.078956,-3.280000,0.201044,0.000076
48,mobley_8449031,-2.225766,-3.220000,0.994234,0.001859
48,mobley_172879,-3.066480,-3.150000,0.083520,0.000013
48,mobley_5346580,-1.988275,-3.110000,1.121725,0.002366
48,mobley_3573480,-2.847505,-3.040000,0.192495,0.000070
48,mobley_1075836,-3.129236,-2.930000,0.199236,0.000075
48,mobley_6102880,-4.335763,-2.870000,1.465763,0.004040
48,mobley_1827204,-2.772392,-2.810000,0.037608,0.000003
48,mobley_2146331,-1.218807,-2.750000,1.531193,0.004409
48,mobley_7943327,-2.525805,-2.680000,0.154195,0.000045
48,mobley_5110043,-2.380017,-2.630000,0.249983,0.000118
48,mobley_5616693,-2.660754,-2.530000,0.130754,0.000032
48,mobley_6619554,-2.254782,-2.490000,0.235218,0.000104
48,mobley_6359156,-4.416050,-2.460000,1.956050,0.007195
48,mobley_1781152,-2.159726,-2.400000,0.240274,0.000109
48,mobley_859464,-2.665501,-2.360000,0.305501,0.000176
48,mobley_7150646,-1.044302,-2.300000,1.255698,0.002965
48,mobley_1592519,-2.530810,-2.230000,0.300810,0.000170
48,mobley_5538249,-2.357577,-2.160000,0.197577,0.000073
48,mobley_6911232,-1.539163,-2.100000,0.560837,0.000591
48,mobley_3269565,-1.201081,-2.010000,0.808919,0.001230
48,mobley_2484519,-2.986795,-1.930000,1.056795,0.002100
48,mobley_7690440,-3.691913,-1.830000,1.861913,0.006519
48,mobley_3802803,-1.500984,-1.660000,0.159016,0.000048
48,mobley_1144156,-1.402198,-1.590000,0.187802,0.000066
48,mobley_2481002,-1.368283,-1.450000,0.081717,0.000013
48,mobley_2489709,-1.637720,-1.360000,0.277720,0.000145
48,mobley_5052949,-1.400670,-1.280000,0.120670,0.000027
48,mobley_2492140,-1.350286,-1.230000,0.120286,0.000027
48,mobley_7542832,-1.133166,-1.160000,0.026834,0.000001
48,mobley_7814642,-2.322069,-1.120000,1.202069,0.002717
48,mobley_1563176,-0.836727,-0.990000,0.153273,0.000044
48,mobley_1873346,-0.844589,-0.900000,0.055411,0.000006
48,mobley_3040612,-0.558768,-0.850000,0.291232,0.000159
48,mobley_4483973,-2.172028,-0.800000,1.372028,0.003540
48,mobley_9913368,-1.673656,-0.780000,0.893656,0.001502
48,mobley_1449384,-0.472864,-0.680000,0.207136,0.000081
48,mobley_7708038,-0.643506,-0.560000,0.083506,0.000013
48,mobley_8311321,-0.526605,-0.500000,0.026605,0.000001
48,mobley_766666,-0.918877,-0.440000,0.478877,0.000431
48,mobley_5445548,-0.462962,-0.300000,0.162962,0.000050
48,mobley_9029594,-0.672646,-0.220000,0.452646,0.000385
48,mobley_3370989,-3.236136,-0.110000,3.126136,0.018377
48,mobley_627267,-0.339370,-0.030000,0.309370,0.000180
48,mobley_6250025,0.391094,0.080000,0.311094,0.000182
48,mobley_4252724,-0.449154,0.160000,0.609154,0.000698
48,mobley_7157427,0.372960,0.290000,0.082960,0.000013
48,mobley_8885088,-0.324437,0.560000,0.884437,0.001471
48,mobley_8522124,1.022723,0.710000,0.312723,0.000184
48,mobley_4678740,-1.415393,1.070000,2.485393,0.011616
48,mobley_2689721,0.801805,1.230000,0.428195,0.000345
48,mobley_1662128,1.313781,1.380000,0.066218,0.000008
48,mobley_4762983,2.026670,1.660000,0.366670,0.000253
48,mobley_7732703,0.444163,1.790000,1.345837,0.003406
48,mobley_2068538,1.377500,2.000000,0.622500,0.000729
48,mobley_5157661,1.774594,2.300000,0.525406,0.000519
48,mobley_1261349,2.441822,2.510000,0.068178,0.000009
48,mobley_2328633,2.124246,2.550000,0.425754,0.000341
48,mobley_8436428,2.702835,2.830000,0.127165,0.000030
48,mobley_3060426,3.164185,2.930000,0.234185,0.000103
48,mobley_2197088,3.045627,3.160000,0.114373,0.000025
49,mobley_9534740,-20.445145,-25.469999,5.024855,0.047480
49,mobley_6239320,-18.697369,-18.059999,0.637369,0.000764
49,mobley_7794077,-13.738780,-15.460000,1.721220,0.005571
49,mobley_7415647,-13.059790,-11.950000,1.109790,0.002316
49,mobley_1728386,-9.750063,-11.000000,1.249937,0.002938
49,mobley_2269032,-9.226084,-10.210000,0.983916,0.001820
49,mobley_2913224,-6.824366,-9.940000,3.115634,0.018254
49,mobley_2659552,-9.397805,-9.760000,0.362195,0.000247
49,mobley_7176290,-9.153769,-9.620000,0.466231,0.000409
49,mobley_2295058,-8.836742,-9.510000,0.673258,0.000852
49,mobley_6055410,-9.885472,-9.400000,0.485473,0.000443
49,mobley_4639255,-8.825791,-9.300000,0.474209,0.000423
49,mobley_1417007,-4.840637,-9.010000,4.169363,0.032689
49,mobley_6115639,-11.238038,-8.700000,2.538038,0.012113
49,mobley_6353617,-7.311343,-8.260000,0.948658,0.001692
49,mobley_2725215,-10.905207,-7.980000,2.925207,0.016091
49,mobley_7039935,-6.788803,-7.670000,0.881197,0.001460
49,mobley_4059279,-6.687667,-7.580000,0.892333,0.001497
49,mobley_951560,-8.498782,-7.400000,1.098782,0.002270
49,mobley_1922649,-11.208854,-7.190000,4.018854,0.030372
49,mobley_8798016,-6.945967,-7.000000,0.054033,0.000005
49,mobley_1858644,-7.024543,-6.790000,0.234543,0.000103
49,mobley_9114381,-5.659537,-6.720000,1.060462,0.002115
49,mobley_5311804,-5.571107,-6.620000,1.048893,0.002069
49,mobley_6743808,-6.192100,-6.500000,0.307900,0.000178
49,mobley_8789864,-6.148382,-6.400000,0.251618,0.000119
49,mobley_7009711,-5.933640,-6.270000,0.336360,0.000213
49,mobley_8789465,-4.596335,-6.200000,1.603664,0.004836
49,mobley_2923700,-5.973768,-6.130000,0.156232,0.000046
49,mobley_4780078,-5.690918,-6.010000,0.319082,0.000191
49,mobley_5467162,-5.593760,-5.910000,0.316240,0.000188
49,mobley_6257907,-5.520745,-5.820000,0.299255,0.000168
49,mobley_7913234,-5.627920,-5.730000,0.102080,0.000020
49,mobley_5518547,-5.961081,-5.570000,0.391081,0.000288
49,mobley_4883284,-5.937390,-5.490000,0.447390,0.000376
49,mobley_5220185,-4.944019,-5.450000,0.505981,0.000481
49,mobley_3359593,-5.647642,-5.260000,0.387641,0.000283
49,mobley_4683624,-5.813914,-5.210000,0.603914,0.000686
49,mobley_1636752,-3.395059,-5.100000,1.704941,0.005466
49,mobley_2310185,-4.549139,-5.000000,0.450861,0.000382
49,mobley_3682850,-4.152121,-4.910000,0.757879,0.001080
49,mobley_1363784,-4.545836,-4.840000,0.294164,0.000163
49,mobley_2837389,-4.159702,-4.780000,0.620298,0.000724
49,mobley_9507933,-4.776750,-4.720000,0.056750,0.000006
49,mobley_296847,-4.506764,-4.690000,0.183236,0.000063
49,mobley_8208692,-3.433577,-4.610000,1.176423,0.002602
49,mobley_4884177,-4.303746,-4.590000,0.286254,0.000154
49,mobley_6714389,-3.725202,-4.550000,0.824799,0.001279
49,mobley_2245668,-4.076840,-4.500000,0.423160,0.000337
49,mobley_5973402,-4.301963,-4.420000,0.118037,0.000026
49,mobley_3546460,-3.965204,-4.400000,0.434796,0.000355
49,mobley_8311303,-4.857998,-4.380000,0.477998,0.000430
49,mobley_9741965,-6.103810,-4.290000,1.813810,0.006187
49,mobley_4603202,-3.543075,-4.230000,0.686925,0.000887
49,mobley_628086,-4.521262,-4.160000,0.361262,0.000245
49,mobley_4620651,-3.567437,-4.100000,0.532563,0.000533
49,mobley_7977115,-3.921608,-4.060000,0.138391,0.000036
49,mobley_2789243,-2.945091,-4.010000,1.064909,0.002132
49,mobley_3968739,-3.944596,-3.920000,0.024596,0.000001
49,mobley_63712,-2.865577,-3.880000,1.014423,0.001935
49,mobley_1046331,-3.306735,-3.820000,0.513265,0.000495
49,mobley_1160109,-3.892826,-3.750000,0.142826,0.000038
49,mobley_4149784,-3.187551,-3.670000,0.482450,0.000438
49,mobley_397645,-3.936123,-3.640000,0.296123,0.000165
49,mobley_4690963,-4.483518,-3.540000,0.943518,0.001674
49,mobley_1967551,-3.087886,-3.500000,0.412114,0.000319
49,mobley_6733657,-5.955623,-3.440000,2.515623,0.011900
49,mobley_9565165,-3.599868,-3.350000,0.249868,0.000117
49,mobley_2487143,-3.313628,-3.280000,0.033628,0.000002
49,mobley_8449031,-2.214421,-3.220000,1.005579,0.001901
49,mobley_172879,-3.016352,-3.150000,0.133648,0.000034
49,mobley_5346580,-2.246232,-3.110000,0.863768,0.001403
49,mobley_3573480,-3.088166,-3.040000,0.048167,0.000004
49,mobley_1075836,-3.077296,-2.930000,0.147295,0.000041
49,mobley_6102880,-4.325347,-2.870000,1.455348,0.003983
49,mobley_1827204,-2.703372,-2.810000,0.106628,0.000021
49,mobley_2146331,-1.505902,-2.750000,1.244098,0.002911
49,mobley_7943327,-2.544882,-2.680000,0.135118,0.000034
49,mobley_5110043,-2.960237,-2.630000,0.330237,0.000205
49,mobley_5616693,-2.849927,-2.530000,0.319927,0.000192
49,mobley_6619554,-2.258378,-2.490000,0.231622,0.000101
49,mobley_6359156,-4.466878,-2.460000,2.006878,0.007574
49,mobley_1781152,-2.168259,-2.400000,0.231741,0.000101
49,mobley_859464,-2.649750,-2.360000,0.289751,0.000158
49,mobley_7150646,-1.232977,-2.300000,1.067023,0.002141
49,mobley_1592519,-2.470534,-2.230000,0.240534,0.000109
49,mobley_5538249,-2.577430,-2.160000,0.417430,0.000328
49,mobley_6911232,-1.548300,-2.100000,0.551700,0.000572
49,mobley_3269565,-1.272457,-2.010000,0.737543,0.001023
49,mobley_2484519,-2.868794,-1.930000,0.938794,0.001657
49,mobley_7690440,-3.723682,-1.830000,1.893682,0.006743
49,mobley_3802803,-1.892857,-1.660000,0.232857,0.000102
49,mobley_1144156,-1.420514,-1.590000,0.169486,0.000054
49,mobley_2481002,-1.553371,-1.450000,0.103371,0.000020
49,mobley_2489709,-1.575343,-1.360000,0.215343,0.000087
49,mobley_5052949,-1.477524,-1.280000,0.197524,0.000073
49,mobley_2492140,-1.608447,-1.230000,0.378447,0.000269
49,mobley_7542832,-1.103948,-1.160000,0.056052,0.000006
49,mobley_7814642,-2.455703,-1.120000,1.335703,0.003355
49,mobley_1563176,-0.852323,-0.990000,0.137677,0.000036
49,mobley_1873346,-1.162434,-0.900000,0.262434,0.000130
49,mobley_3040612,-0.979905,-0.850000,0.129905,0.000032
49,mobley_4483973,-2.208364,-0.800000,1.408364,0.003730
49,mobley_9913368,-1.771163,-0.780000,0.991163,0.001847
49,mobley_1449384,-0.892334,-0.680000,0.212334,0.000085
49,mobley_7708038,-0.900513,-0.560000,0.340513,0.000218
49,mobley_8311321,-0.293157,-0.500000,0.206843,0.000080
49,mobley_766666,-0.963077,-0.440000,0.523077,0.000515
49,mobley_5445548,-0.740791,-0.300000,0.440791,0.000365
49,mobley_9029594,-0.826405,-0.220000,0.606405,0.000691
49,mobley_3370989,-3.174672,-0.110000,3.064672,0.017662
49,mobley_627267,-0.425500,-0.030000,0.395500,0.000294
49,mobley_6250025,0.110898,0.080000,0.030898,0.000002
49,mobley_4252724,-0.853399,0.160000,1.013399,0.001931
49,mobley_7157427,0.150959,0.290000,0.139041,0.000036
49,mobley_8885088,-0.832149,0.560000,1.392149,0.003644
49,mobley_8522124,0.577536,0.710000,0.132464,0.000033
49,mobley_4678740,-1.541763,1.070000,2.611763,0.012827
49,mobley_2689721,0.583828,1.230000,0.646172,0.000785
49,mobley_1662128,1.020171,1.380000,0.359829,0.000243
49,mobley_4762983,1.630978,1.660000,0.029022,0.000002
49,mobley_7732703,1.105574,1.790000,0.684426,0.000881
49,mobley_2068538,1.249996,2.000000,0.750004,0.001058
49,mobley_5157661,1.571966,2.300000,0.728034,0.000997
49,mobley_1261349,2.044004,2.510000,0.465996,0.000408
49,mobley_2328633,1.697179,2.550000,0.852821,0.001368
49,mobley_8436428,2.365599,2.830000,0.464401,0.000406
49,mobley_3060426,2.644473,2.930000,0.285527,0.000153
49,mobley_2197088,2.738724,3.160000,0.421276,0.000334
50,mobley_9534740,-24.175917,-25.469999,1.294083,0.003149
50,mobley_6239320,-19.305126,-18.059999,1.245127,0.002915
50,mobley_7794077,-13.310925,-15.460000,2.149075,0.008685
50,mobley_7415647,-13.068667,-11.950000,1.118668,0.002353
50,mobley_1728386,-10.265650,-11.000000,0.734350,0.001014
50,mobley_2269032,-9.612928,-10.210000,0.597072,0.000670
50,mobley_2913224,-7.381579,-9.940000,2.558420,0.012309
50,mobley_2659552,-9.670377,-9.760000,0.089623,0.000015
50,mobley_7176290,-9.323396,-9.620000,0.296604,0.000165
50,mobley_2295058,-9.206303,-9.510000,0.303698,0.000173
50,mobley_6055410,-10.727198,-9.400000,1.327198,0.003312
50,mobley_4639255,-10.400233,-9.300000,1.100233,0.002276
50,mobley_1417007,-4.192544,-9.010000,4.817456,0.043641
50,mobley_6115639,-10.337041,-8.700000,1.637041,0.005039
50,mobley_6353617,-7.612681,-8.260000,0.647319,0.000788
50,mobley_2725215,-8.465818,-7.980000,0.485818,0.000444
50,mobley_7039935,-7.012424,-7.670000,0.657577,0.000813
50,mobley_4059279,-7.327505,-7.580000,0.252495,0.000120
50,mobley_951560,-10.048246,-7.400000,2.648246,0.013188
50,mobley_1922649,-9.758327,-7.190000,2.568327,0.012404
50,mobley_8798016,-7.255085,-7.000000,0.255085,0.000122
50,mobley_1858644,-7.612979,-6.790000,0.822979,0.001274
50,mobley_9114381,-5.604872,-6.720000,1.115128,0.002338
50,mobley_5311804,-5.994752,-6.620000,0.625247,0.000735
50,mobley_6743808,-6.143906,-6.500000,0.356094,0.000238
50,mobley_8789864,-6.157650,-6.400000,0.242350,0.000110
50,mobley_7009711,-6.114044,-6.270000,0.155956,0.000046
50,mobley_8789465,-5.058334,-6.200000,1.141665,0.002451
50,mobley_2923700,-6.229650,-6.130000,0.099649,0.000019
50,mobley_4780078,-5.794365,-6.010000,0.215635,0.000087
50,mobley_5467162,-5.692667,-5.910000,0.217333,0.000089
50,mobley_6257907,-5.764781,-5.820000,0.055219,0.000006
50,mobley_7913234,-6.358319,-5.730000,0.628319,0.000742
50,mobley_5518547,-6.033211,-5.570000,0.463211,0.000403
50,mobley_4883284,-6.138164,-5.490000,0.648164,0.000790
50,mobley_5220185,-5.195643,-5.450000,0.254356,0.000122
50,mobley_3359593,-5.530462,-5.260000,0.270462,0.000138
50,mobley_4683624,-5.992239,-5.210000,0.782239,0.001151
50,mobley_1636752,-3.925346,-5.100000,1.174654,0.002595
50,mobley_2310185,-5.027767,-5.000000,0.027767,0.000001
50,mobley_3682850,-4.313287,-4.910000,0.596713,0.000670
50,mobley_1363784,-4.725439,-4.840000,0.114562,0.000025
50,mobley_2837389,-4.467309,-4.780000,0.312692,0.000184
50,mobley_9507933,-4.950349,-4.720000,0.230350,0.000100
50,mobley_296847,-4.880267,-4.690000,0.190267,0.000068
50,mobley_8208692,-3.605466,-4.610000,1.004534,0.001898
50,mobley_4884177,-4.476188,-4.590000,0.113812,0.000024
50,mobley_6714389,-4.165719,-4.550000,0.384282,0.000278
50,mobley_2245668,-4.555119,-4.500000,0.055119,0.000006
50,mobley_5973402,-4.825790,-4.420000,0.405790,0.000310
50,mobley_3546460,-4.551155,-4.400000,0.151155,0.000043
50,mobley_8311303,-4.412114,-4.380000,0.032114,0.000002
50,mobley_9741965,-5.791689,-4.290000,1.501689,0.004241
50,mobley_4603202,-3.670869,-4.230000,0.559131,0.000588
50,mobley_628086,-4.293681,-4.160000,0.133681,0.000034
50,mobley_4620651,-3.839790,-4.100000,0.260210,0.000127
50,mobley_7977115,-4.349072,-4.060000,0.289072,0.000157
50,mobley_2789243,-3.078781,-4.010000,0.931219,0.001631
50,mobley_3968739,-4.060633,-3.920000,0.140633,0.000037
50,mobley_63712,-3.388403,-3.880000,0.491597,0.000454
50,mobley_1046331,-3.853860,-3.820000,0.033860,0.000002
50,mobley_1160109,-3.773982,-3.750000,0.023982,0.000001
50,mobley_4149784,-3.685416,-3.670000,0.015416,0.000000
50,mobley_397645,-4.049371,-3.640000,0.409371,0.000315
50,mobley_4690963,-4.910351,-3.540000,1.370351,0.003531
50,mobley_1967551,-3.429191,-3.500000,0.070809,0.000009
50,mobley_6733657,-4.575721,-3.440000,1.135721,0.002426
50,mobley_9565165,-3.486818,-3.350000,0.136818,0.000035
50,mobley_2487143,-3.253464,-3.280000,0.026536,0.000001
50,mobley_8449031,-2.505856,-3.220000,0.714144,0.000959
50,mobley_172879,-3.134846,-3.150000,0.015154,0.000000
50,mobley_5346580,-2.110732,-3.110000,0.999268,0.001878
50,mobley_3573480,-3.047171,-3.040000,0.007171,0.000000
50,mobley_1075836,-3.117198,-2.930000,0.187197,0.000066
50,mobley_6102880,-4.614859,-2.870000,1.744859,0.005725
50,mobley_1827204,-2.888920,-2.810000,0.078920,0.000012
50,mobley_2146331,-1.405940,-2.750000,1.344060,0.003397
50,mobley_7943327,-2.621230,-2.680000,0.058770,0.000006
50,mobley_5110043,-2.615478,-2.630000,0.014522,0.000000
50,mobley_5616693,-2.955656,-2.530000,0.425656,0.000341
50,mobley_6619554,-2.369294,-2.490000,0.120706,0.000027
50,mobley_6359156,-4.456836,-2.460000,1.996836,0.007498
50,mobley_1781152,-2.204993,-2.400000,0.195008,0.000072
50,mobley_859464,-2.749198,-2.360000,0.389198,0.000285
50,mobley_7150646,-1.198629,-2.300000,1.101371,0.002281
50,mobley_1592519,-2.646273,-2.230000,0.416273,0.000326
50,mobley_5538249,-2.444894,-2.160000,0.284894,0.000153
50,mobley_6911232,-1.612019,-2.100000,0.487981,0.000448
50,mobley_3269565,-1.300594,-2.010000,0.709406,0.000946
50,mobley_2484519,-2.858184,-1.930000,0.928184,0.001620
50,mobley_7690440,-3.357381,-1.830000,1.527381,0.004387
50,mobley_3802803,-1.705110,-1.660000,0.045110,0.000004
50,mobley_1144156,-1.552967,-1.590000,0.037033,0.000003
50,mobley_2481002,-1.439460,-1.450000,0.010540,0.000000
50,mobley_2489709,-1.575917,-1.360000,0.215917,0.000088
50,mobley_5052949,-1.348859,-1.280000,0.068859,0.000009
50,mobley_2492140,-1.365355,-1.230000,0.135355,0.000034
50,mobley_7542832,-1.285692,-1.160000,0.125692,0.000030
50,mobley_7814642,-2.131803,-1.120000,1.011803,0.001925
50,mobley_1563176,-0.894504,-0.990000,0.095496,0.000017
50,mobley_1873346,-1.065276,-0.900000,0.165276,0.000051
50,mobley_3040612,-0.733013,-0.850000,0.116987,0.000026
50,mobley_4483973,-2.315635,-0.800000,1.515635,0.004320
50,mobley_9913368,-1.681656,-0.780000,0.901656,0.001529
50,mobley_1449384,-0.684799,-0.680000,0.004799,0.000000
50,mobley_7708038,-0.751295,-0.560000,0.191295,0.000069
50,mobley_8311321,-0.121207,-0.500000,0.378793,0.000270
50,mobley_766666,-0.865618,-0.440000,0.425618,0.000341
50,mobley_5445548,-0.672707,-0.300000,0.372707,0.000261
50,mobley_9029594,-0.805979,-0.220000,0.585979,0.000646
50,mobley_3370989,-3.158133,-0.110000,3.048133,0.017472
50,mobley_627267,-0.493339,-0.030000,0.463339,0.000404
50,mobley_6250025,0.213275,0.080000,0.133275,0.000033
50,mobley_4252724,-0.713469,0.160000,0.873469,0.001435
50,mobley_7157427,0.235136,0.290000,0.054864,0.000006
50,mobley_8885088,-0.641713,0.560000,1.201713,0.002716
50,mobley_8522124,0.841456,0.710000,0.131456,0.000032
50,mobley_4678740,-0.785776,1.070000,1.855776,0.006476
50,mobley_2689721,0.606638,1.230000,0.623362,0.000731
50,mobley_1662128,1.183072,1.380000,0.196928,0.000073
50,mobley_4762983,1.847407,1.660000,0.187407,0.000066
50,mobley_7732703,1.657535,1.790000,0.132465,0.000033
50,mobley_2068538,1.367010,2.000000,0.632990,0.000753
50,mobley_5157661,1.727199,2.300000,0.572801,0.000617
50,mobley_1261349,2.345706,2.510000,0.164294,0.000051
50,mobley_2328633,1.884903,2.550000,0.665097,0.000832
50,mobley_8436428,2.619553,2.830000,0.210447,0.000083
50,mobley_3060426,3.083100,2.930000,0.153100,0.000044
50,mobley_2197088,2.967793,3.160000,0.192207,0.000069
51,mobley_9534740,-23.216528,-25.469999,2.253471,0.009549
51,mobley_6239320,-19.776289,-18.059999,1.716290,0.005539
51,mobley_7794077,-13.742687,-15.460000,1.717313,0.005546
51,mobley_7415647,-12.405892,-11.950000,0.455893,0.000391
51,mobley_1728386,-10.161149,-11.000000,0.838851,0.001323
51,mobley_2269032,-9.230865,-10.210000,0.979136,0.001803
51,mobley_2913224,-6.801792,-9.940000,3.138207,0.018519
51,mobley_2659552,-9.059155,-9.760000,0.700846,0.000924
51,mobley_7176290,-9.005622,-9.620000,0.614378,0.000710
51,mobley_2295058,-8.864388,-9.510000,0.645612,0.000784
51,mobley_6055410,-10.019142,-9.400000,0.619143,0.000721
51,mobley_4639255,-9.833858,-9.300000,0.533857,0.000536
51,mobley_1417007,-3.997838,-9.010000,5.012162,0.047240
51,mobley_6115639,-10.535243,-8.700000,1.835243,0.006334
51,mobley_6353617,-7.405970,-8.260000,0.854030,0.001372
51,mobley_2725215,-8.371413,-7.980000,0.391413,0.000288
51,mobley_7039935,-6.691152,-7.670000,0.978848,0.001802
51,mobley_4059279,-6.525629,-7.580000,1.054371,0.002090
51,mobley_951560,-8.891024,-7.400000,1.491024,0.004181
51,mobley_1922649,-9.851419,-7.190000,2.661419,0.013320
51,mobley_8798016,-7.074338,-7.000000,0.074338,0.000010
51,mobley_1858644,-7.150874,-6.790000,0.360874,0.000245
51,mobley_9114381,-5.502032,-6.720000,1.217968,0.002790
51,mobley_5311804,-5.595948,-6.620000,1.024052,0.001972
51,mobley_6743808,-5.941535,-6.500000,0.558465,0.000586
51,mobley_8789864,-5.818857,-6.400000,0.581143,0.000635
51,mobley_7009711,-5.849045,-6.270000,0.420955,0.000333
51,mobley_8789465,-4.861301,-6.200000,1.338699,0.003370
51,mobley_2923700,-5.988430,-6.130000,0.141571,0.000038
51,mobley_4780078,-5.568264,-6.010000,0.441736,0.000367
51,mobley_5467162,-5.375640,-5.910000,0.534360,0.000537
51,mobley_6257907,-5.618900,-5.820000,0.201100,0.000076
51,mobley_7913234,-5.766793,-5.730000,0.036793,0.000003
51,mobley_5518547,-5.780657,-5.570000,0.210657,0.000083
51,mobley_4883284,-5.881563,-5.490000,0.391563,0.000288
51,mobley_5220185,-4.847453,-5.450000,0.602547,0.000683
51,mobley_3359593,-5.419369,-5.260000,0.159369,0.000048
51,mobley_4683624,-5.733563,-5.210000,0.523563,0.000515
51,mobley_1636752,-3.626486,-5.100000,1.473514,0.004083
51,mobley_2310185,-4.805421,-5.000000,0.194579,0.000071
51,mobley_3682850,-4.072176,-4.910000,0.837824,0.001320
51,mobley_1363784,-4.487861,-4.840000,0.352139,0.000233
51,mobley_2837389,-4.258237,-4.780000,0.521763,0.000512
51,mobley_9507933,-4.722363,-4.720000,0.002363,0.000000
51,mobley_296847,-4.700733,-4.690000,0.010733,0.000000
51,mobley_8208692,-3.033885,-4.610000,1.576116,0.004671
51,mobley_4884177,-4.310767,-4.590000,0.279233,0.000147
51,mobley_6714389,-3.707667,-4.550000,0.842334,0.001334
51,mobley_2245668,-4.210934,-4.500000,0.289066,0.000157
51,mobley_5973402,-4.441402,-4.420000,0.021402,0.000001
51,mobley_3546460,-4.169119,-4.400000,0.230881,0.000100
51,mobley_8311303,-4.168795,-4.380000,0.211205,0.000084
51,mobley_9741965,-5.248404,-4.290000,0.958404,0.001727
51,mobley_4603202,-3.271770,-4.230000,0.958230,0.001727
51,mobley_628086,-4.282243,-4.160000,0.122243,0.000028
51,mobley_4620651,-3.624793,-4.100000,0.475207,0.000425
51,mobley_7977115,-3.968362,-4.060000,0.091638,0.000016
51,mobley_2789243,-2.874719,-4.010000,1.135281,0.002424
51,mobley_3968739,-3.764029,-3.920000,0.155971,0.000046
51,mobley_63712,-2.751603,-3.880000,1.128397,0.002394
51,mobley_1046331,-3.287455,-3.820000,0.532545,0.000533
51,mobley_1160109,-3.508766,-3.750000,0.241234,0.000109
51,mobley_4149784,-2.878010,-3.670000,0.791991,0.001180
51,mobley_397645,-3.718511,-3.640000,0.078511,0.000012
51,mobley_4690963,-4.315166,-3.540000,0.775167,0.001130
51,mobley_1967551,-3.350124,-3.500000,0.149876,0.000042
51,mobley_6733657,-4.373571,-3.440000,0.933571,0.001639
51,mobley_9565165,-3.165452,-3.350000,0.184548,0.000064
51,mobley_2487143,-3.196508,-3.280000,0.083492,0.000013
51,mobley_8449031,-1.983607,-3.220000,1.236393,0.002875
51,mobley_172879,-2.765889,-3.150000,0.384111,0.000277
51,mobley_5346580,-1.887241,-3.110000,1.222759,0.002812
51,mobley_3573480,-2.962251,-3.040000,0.077749,0.000011
51,mobley_1075836,-2.965482,-2.930000,0.035482,0.000002
51,mobley_6102880,-4.185863,-2.870000,1.315863,0.003256
51,mobley_1827204,-2.753724,-2.810000,0.056276,0.000006
51,mobley_2146331,-1.482825,-2.750000,1.267175,0.003020
51,mobley_7943327,-2.413162,-2.680000,0.266838,0.000134
51,mobley_5110043,-2.320370,-2.630000,0.309630,0.000180
51,mobley_5616693,-2.593732,-2.530000,0.063732,0.000008
51,mobley_6619554,-2.120502,-2.490000,0.369498,0.000257
51,mobley_6359156,-4.258991,-2.460000,1.798991,0.006086
51,mobley_1781152,-1.912658,-2.400000,0.487342,0.000447
51,mobley_859464,-2.362295,-2.360000,0.002295,0.000000
51,mobley_7150646,-1.090275,-2.300000,1.209725,0.002752
51,mobley_1592519,-2.355351,-2.230000,0.125351,0.000030
51,mobley_5538249,-1.961559,-2.160000,0.198441,0.000074
51,mobley_6911232,-1.473987,-2.100000,0.626013,0.000737
51,mobley_3269565,-1.103753,-2.010000,0.906247,0.001544
51,mobley_2484519,-2.592369,-1.930000,0.662369,0.000825
51,mobley_7690440,-3.048584,-1.830000,1.218583,0.002792
51,mobley_3802803,-1.389384,-1.660000,0.270616,0.000138
51,mobley_1144156,-1.288008,-1.590000,0.301992,0.000171
51,mobley_2481002,-1.397588,-1.450000,0.052412,0.000005
51,mobley_2489709,-1.396404,-1.360000,0.036404,0.000002
51,mobley_5052949,-1.113339,-1.280000,0.166661,0.000052
51,mobley_2492140,-1.476369,-1.230000,0.246369,0.000114
51,mobley_7542832,-0.892051,-1.160000,0.267949,0.000135
51,mobley_7814642,-2.001050,-1.120000,0.881050,0.001460
51,mobley_1563176,-0.719051,-0.990000,0.270949,0.000138
51,mobley_1873346,-0.858828,-0.900000,0.041172,0.000003
51,mobley_3040612,-0.544258,-0.850000,0.305742,0.000176
51,mobley_4483973,-2.094758,-0.800000,1.294758,0.003152
51,mobley_9913368,-1.657321,-0.780000,0.877321,0.001447
51,mobley_1449384,-0.441179,-0.680000,0.238821,0.000107
51,mobley_7708038,-0.728372,-0.560000,0.168372,0.000053
51,mobley_8311321,-0.101642,-0.500000,0.398358,0.000298
51,mobley_766666,-0.864366,-0.440000,0.424366,0.000339
51,mobley_5445548,-0.427456,-0.300000,0.127456,0.000031
51,mobley_9029594,-0.794233,-0.220000,0.574233,0.000620
51,mobley_3370989,-2.911420,-0.110000,2.801420,0.014758
51,mobley_627267,-0.296975,-0.030000,0.266975,0.000134
51,mobley_6250025,0.256160,0.080000,0.176160,0.000058
51,mobley_4252724,-0.427207,0.160000,0.587207,0.000648
51,mobley_7157427,0.543781,0.290000,0.253781,0.000121
51,mobley_8885088,-0.560982,0.560000,1.120982,0.002363
51,mobley_8522124,0.818430,0.710000,0.108430,0.000022
51,mobley_4678740,-1.040566,1.070000,2.110566,0.008376
51,mobley_2689721,0.713767,1.230000,0.516233,0.000501
51,mobley_1662128,1.186813,1.380000,0.193187,0.000070
51,mobley_4762983,1.892674,1.660000,0.232674,0.000102
51,mobley_7732703,1.183482,1.790000,0.606518,0.000692
51,mobley_2068538,1.390568,2.000000,0.609432,0.000698
51,mobley_5157661,1.820620,2.300000,0.479380,0.000432
51,mobley_1261349,2.493819,2.510000,0.016181,0.000000
51,mobley_2328633,2.081944,2.550000,0.468056,0.000412
51,mobley_8436428,2.765984,2.830000,0.064016,0.000008
51,mobley_3060426,3.342850,2.930000,0.412850,0.000321
51,mobley_2197088,3.111656,3.160000,0.048344,0.000004
52,mobley_9534740,-22.610510,-25.469999,2.859489,0.015376
52,mobley_6239320,-20.454876,-18.059999,2.394876,0.010785
52,mobley_7794077,-14.158228,-15.460000,1.301772,0.003187
52,mobley_7415647,-12.621316,-11.950000,0.671316,0.000847
52,mobley_1728386,-10.590583,-11.000000,0.409417,0.000315
52,mobley_2269032,-9.586670,-10.210000,0.623330,0.000731
52,mobley_2913224,-6.880898,-9.940000,3.059102,0.017597
52,mobley_2659552,-9.453720,-9.760000,0.306280,0.000176
52,mobley_7176290,-8.936858,-9.620000,0.683142,0.000878
52,mobley_2295058,-8.990009,-9.510000,0.519991,0.000508
52,mobley_6055410,-10.279156,-9.400000,0.879156,0.001453
52,mobley_4639255,-9.856409,-9.300000,0.556409,0.000582
52,mobley_1417007,-4.182280,-9.010000,4.827720,0.043828
52,mobley_6115639,-10.480522,-8.700000,1.780522,0.005962
52,mobley_6353617,-7.606311,-8.260000,0.653689,0.000804
52,mobley_2725215,-8.668396,-7.980000,0.688396,0.000891
52,mobley_7039935,-7.008024,-7.670000,0.661976,0.000824
52,mobley_4059279,-6.729558,-7.580000,0.850442,0.001360
52,mobley_951560,-9.088262,-7.400000,1.688262,0.005360
52,mobley_1922649,-9.581100,-7.190000,2.391100,0.010751
52,mobley_8798016,-7.378221,-7.000000,0.378221,0.000269
52,mobley_1858644,-7.422177,-6.790000,0.632177,0.000752
52,mobley_9114381,-5.532331,-6.720000,1.187668,0.002652
52,mobley_5311804,-5.843032,-6.620000,0.776968,0.001135
52,mobley_6743808,-6.115033,-6.500000,0.384967,0.000279
52,mobley_8789864,-5.658212,-6.400000,0.741788,0.001035
52,mobley_7009711,-5.995042,-6.270000,0.274958,0.000142
52,mobley_8789465,-4.971851,-6.200000,1.228148,0.002836
52,mobley_2923700,-6.121992,-6.130000,0.008008,0.000000
52,mobley_4780078,-5.728717,-6.010000,0.281283,0.000149
52,mobley_5467162,-5.575963,-5.910000,0.334036,0.000210
52,mobley_6257907,-5.685781,-5.820000,0.134219,0.000034
52,mobley_7913234,-5.929498,-5.730000,0.199498,0.000075
52,mobley_5518547,-5.893783,-5.570000,0.323783,0.000197
52,mobley_4883284,-6.015845,-5.490000,0.525845,0.000520
52,mobley_5220185,-5.032872,-5.450000,0.417128,0.000327
52,mobley_3359593,-5.493175,-5.260000,0.233174,0.000102
52,mobley_4683624,-5.885003,-5.210000,0.675003,0.000857
52,mobley_1636752,-3.652204,-5.100000,1.447796,0.003942
52,mobley_2310185,-4.904784,-5.000000,0.095216,0.000017
52,mobley_3682850,-4.223640,-4.910000,0.686359,0.000886
52,mobley_1363784,-4.687555,-4.840000,0.152445,0.000044
52,mobley_2837389,-4.393226,-4.780000,0.386774,0.000281
52,mobley_9507933,-4.913522,-4.720000,0.193522,0.000070
52,mobley_296847,-4.959481,-4.690000,0.269481,0.000137
52,mobley_8208692,-3.074822,-4.610000,1.535178,0.004432
52,mobley_4884177,-4.531675,-4.590000,0.058325,0.000006
52,mobley_6714389,-3.839204,-4.550000,0.710796,0.000950
52,mobley_2245668,-4.352229,-4.500000,0.147771,0.000041
52,mobley_5973402,-4.594276,-4.420000,0.174276,0.000057
52,mobley_3546460,-4.309669,-4.400000,0.090331,0.000015
52,mobley_8311303,-4.225531,-4.380000,0.154469,0.000045
52,mobley_9741965,-5.246078,-4.290000,0.956079,0.001719
52,mobley_4603202,-3.268596,-4.230000,0.961404,0.001738
52,mobley_628086,-4.203616,-4.160000,0.043616,0.000004
52,mobley_4620651,-3.715576,-4.100000,0.384424,0.000278
52,mobley_7977115,-4.176808,-4.060000,0.116808,0.000026
52,mobley_2789243,-2.943764,-4.010000,1.066236,0.002138
52,mobley_3968739,-3.892212,-3.920000,0.027788,0.000001
52,mobley_63712,-3.089733,-3.880000,0.790267,0.001174
52,mobley_1046331,-3.374426,-3.820000,0.445574,0.000373
52,mobley_1160109,-3.883583,-3.750000,0.133583,0.000034
52,mobley_4149784,-3.109730,-3.670000,0.560270,0.000590
52,mobley_397645,-3.887432,-3.640000,0.247432,0.000115
52,mobley_4690963,-4.498020,-3.540000,0.958020,0.001726
52,mobley_1967551,-3.380652,-3.500000,0.119348,0.000027
52,mobley_6733657,-4.497036,-3.440000,1.057036,0.002101
52,mobley_9565165,-3.583351,-3.350000,0.233351,0.000102
52,mobley_2487143,-3.200956,-3.280000,0.079044,0.000012
52,mobley_8449031,-2.241429,-3.220000,0.978571,0.001801
52,mobley_172879,-2.970997,-3.150000,0.179003,0.000060
52,mobley_5346580,-2.023667,-3.110000,1.086333,0.002219
52,mobley_3573480,-2.964076,-3.040000,0.075924,0.000011
52,mobley_1075836,-2.940158,-2.930000,0.010158,0.000000
52,mobley_6102880,-4.435007,-2.870000,1.565007,0.004606
52,mobley_1827204,-2.853880,-2.810000,0.043880,0.000004
52,mobley_2146331,-1.489051,-2.750000,1.260949,0.002990
52,mobley_7943327,-2.451059,-2.680000,0.228941,0.000099
52,mobley_5110043,-2.673584,-2.630000,0.043584,0.000004
52,mobley_5616693,-2.939617,-2.530000,0.409617,0.000316
52,mobley_6619554,-2.177667,-2.490000,0.312333,0.000183
52,mobley_6359156,-4.328370,-2.460000,1.868370,0.006564
52,mobley_1781152,-1.978537,-2.400000,0.421463,0.000334
52,mobley_859464,-2.449641,-2.360000,0.089641,0.000015
52,mobley_7150646,-1.171448,-2.300000,1.128552,0.002395
52,mobley_1592519,-2.397068,-2.230000,0.167068,0.000052
52,mobley_5538249,-2.074648,-2.160000,0.085352,0.000014
52,mobley_6911232,-1.493465,-2.100000,0.606534,0.000692
52,mobley_3269565,-1.165180,-2.010000,0.844820,0.001342
52,mobley_2484519,-2.799988,-1.930000,0.869988,0.001423
52,mobley_7690440,-3.074731,-1.830000,1.244731,0.002913
52,mobley_3802803,-1.406541,-1.660000,0.253459,0.000121
52,mobley_1144156,-1.389969,-1.590000,0.200031,0.000075
52,mobley_2481002,-1.413229,-1.450000,0.036771,0.000003
52,mobley_2489709,-1.400741,-1.360000,0.040741,0.000003
52,mobley_5052949,-1.246375,-1.280000,0.033625,0.000002
52,mobley_2492140,-1.465861,-1.230000,0.235861,0.000105
52,mobley_7542832,-1.090674,-1.160000,0.069326,0.000009
52,mobley_7814642,-1.988011,-1.120000,0.868011,0.001417
52,mobley_1563176,-0.789174,-0.990000,0.200826,0.000076
52,mobley_1873346,-0.991985,-0.900000,0.091985,0.000016
52,mobley_3040612,-0.773061,-0.850000,0.076939,0.000011
52,mobley_4483973,-2.188490,-0.800000,1.388490,0.003625
52,mobley_9913368,-1.651426,-0.780000,0.871426,0.001428
52,mobley_1449384,-0.653952,-0.680000,0.026048,0.000001
52,mobley_7708038,-0.798192,-0.560000,0.238192,0.000107
52,mobley_8311321,-0.014061,-0.500000,0.485939,0.000444
52,mobley_766666,-0.818637,-0.440000,0.378637,0.000270
52,mobley_5445548,-0.632219,-0.300000,0.332219,0.000208
52,mobley_9029594,-0.734133,-0.220000,0.514133,0.000497
52,mobley_3370989,-2.829749,-0.110000,2.719749,0.013910
52,mobley_627267,-0.414469,-0.030000,0.384469,0.000278
52,mobley_6250025,0.232305,0.080000,0.152305,0.000044
52,mobley_4252724,-0.646254,0.160000,0.806254,0.001222
52,mobley_7157427,0.462785,0.290000,0.172785,0.000056
52,mobley_8885088,-0.602099,0.560000,1.162099,0.002540
52,mobley_8522124,0.781709,0.710000,0.071709,0.000010
52,mobley_4678740,-0.844613,1.070000,1.914613,0.006893
52,mobley_2689721,0.751505,1.230000,0.478495,0.000431
52,mobley_1662128,1.187193,1.380000,0.192807,0.000070
52,mobley_4762983,1.868521,1.660000,0.208521,0.000082
52,mobley_7732703,1.368256,1.790000,0.421744,0.000334
52,mobley_2068538,1.437148,2.000000,0.562852,0.000596
52,mobley_5157661,1.841443,2.300000,0.458557,0.000395
52,mobley_1261349,2.479001,2.510000,0.030999,0.000002
52,mobley_2328633,1.983065,2.550000,0.566935,0.000604
52,mobley_8436428,2.749737,2.830000,0.080263,0.000012
52,mobley_3060426,3.203476,2.930000,0.273476,0.000141
52,mobley_2197088,3.114852,3.160000,0.045148,0.000004
53,mobley_9534740,-22.739182,-25.469999,2.730818,0.014023
53,mobley_6239320,-20.297615,-18.059999,2.237616,0.009415
53,mobley_7794077,-14.248701,-15.460000,1.211299,0.002759
53,mobley_7415647,-12.899298,-11.950000,0.949298,0.001695
53,mobley_1728386,-10.535349,-11.000000,0.464651,0.000406
53,mobley_2269032,-9.664295,-10.210000,0.545705,0.000560
53,mobley_2913224,-7.036156,-9.940000,2.903843,0.015857
53,mobley_2659552,-9.594288,-9.760000,0.165712,0.000052
53,mobley_7176290,-9.075808,-9.620000,0.544192,0.000557
53,mobley_2295058,-9.096495,-9.510000,0.413506,0.000322
53,mobley_6055410,-10.348625,-9.400000,0.948626,0.001692
53,mobley_4639255,-9.895321,-9.300000,0.595321,0.000666
53,mobley_1417007,-4.291303,-9.010000,4.718697,0.041870
53,mobley_6115639,-10.797680,-8.700000,2.097680,0.008274
53,mobley_6353617,-7.635175,-8.260000,0.624825,0.000734
53,mobley_2725215,-9.024050,-7.980000,1.044050,0.002050
53,mobley_7039935,-6.971807,-7.670000,0.698193,0.000917
53,mobley_4059279,-6.807605,-7.580000,0.772395,0.001122
53,mobley_951560,-9.126445,-7.400000,1.726445,0.005605
53,mobley_1922649,-9.917133,-7.190000,2.727133,0.013985
53,mobley_8798016,-7.326130,-7.000000,0.326130,0.000200
53,mobley_1858644,-7.394677,-6.790000,0.604677,0.000688
53,mobley_9114381,-5.653590,-6.720000,1.066410,0.002139
53,mobley_5311804,-5.821632,-6.620000,0.798368,0.001199
53,mobley_6743808,-6.146136,-6.500000,0.353864,0.000235
53,mobley_8789864,-5.851701,-6.400000,0.548299,0.000565
53,mobley_7009711,-5.995489,-6.270000,0.274511,0.000142
53,mobley_8789465,-4.899846,-6.200000,1.300154,0.003179
53,mobley_2923700,-6.135270,-6.130000,0.005270,0.000000
53,mobley_4780078,-5.707308,-6.010000,0.302692,0.000172
53,mobley_5467162,-5.589996,-5.910000,0.320004,0.000193
53,mobley_6257907,-5.718553,-5.820000,0.101447,0.000019
53,mobley_7913234,-5.976585,-5.730000,0.246585,0.000114
53,mobley_5518547,-5.840193,-5.570000,0.270193,0.000137
53,mobley_4883284,-5.970415,-5.490000,0.480415,0.000434
53,mobley_5220185,-5.072677,-5.450000,0.377323,0.000268
53,mobley_3359593,-5.566600,-5.260000,0.306600,0.000177
53,mobley_4683624,-5.878771,-5.210000,0.668771,0.000841
53,mobley_1636752,-3.707432,-5.100000,1.392568,0.003647
53,mobley_2310185,-4.949350,-5.000000,0.050650,0.000005
53,mobley_3682850,-4.197611,-4.910000,0.712389,0.000954
53,mobley_1363784,-4.612183,-4.840000,0.227817,0.000098
53,mobley_2837389,-4.314129,-4.780000,0.465871,0.000408
53,mobley_9507933,-4.823561,-4.720000,0.103561,0.000020
53,mobley_296847,-4.897453,-4.690000,0.207453,0.000081
53,mobley_8208692,-3.071349,-4.610000,1.538651,0.004452
53,mobley_4884177,-4.472023,-4.590000,0.117977,0.000026
53,mobley_6714389,-3.822926,-4.550000,0.727074,0.000994
53,mobley_2245668,-4.382492,-4.500000,0.117508,0.000026
53,mobley_5973402,-4.578694,-4.420000,0.158694,0.000047
53,mobley_3546460,-4.297942,-4.400000,0.102058,0.000020
53,mobley_8311303,-4.307740,-4.380000,0.072260,0.000010
53,mobley_9741965,-5.378020,-4.290000,1.088020,0.002226
53,mobley_4603202,-3.436283,-4.230000,0.793717,0.001185
53,mobley_628086,-4.316895,-4.160000,0.156895,0.000046
53,mobley_4620651,-3.805505,-4.100000,0.294495,0.000163
53,mobley_7977115,-4.156776,-4.060000,0.096776,0.000018
53,mobley_2789243,-2.975199,-4.010000,1.034801,0.002014
53,mobley_3968739,-3.955444,-3.920000,0.035444,0.000002
53,mobley_63712,-3.010087,-3.880000,0.869913,0.001423
53,mobley_1046331,-3.353760,-3.820000,0.466239,0.000409
53,mobley_1160109,-3.817749,-3.750000,0.067749,0.000009
53,mobley_4149784,-3.221545,-3.670000,0.448455,0.000378
53,mobley_397645,-3.971213,-3.640000,0.331213,0.000206
53,mobley_4690963,-4.623430,-3.540000,1.083430,0.002207
53,mobley_1967551,-3.393088,-3.500000,0.106912,0.000021
53,mobley_6733657,-4.772224,-3.440000,1.332224,0.003337
53,mobley_9565165,-3.436943,-3.350000,0.086943,0.000014
53,mobley_2487143,-3.204948,-3.280000,0.075052,0.000011
53,mobley_8449031,-2.261671,-3.220000,0.958329,0.001727
53,mobley_172879,-3.002664,-3.150000,0.147336,0.000041
53,mobley_5346580,-2.057858,-3.110000,1.052141,0.002082
53,mobley_3573480,-2.966777,-3.040000,0.073223,0.000010
53,mobley_1075836,-3.058049,-2.930000,0.128049,0.000031
53,mobley_6102880,-4.440401,-2.870000,1.570401,0.004637
53,mobley_1827204,-2.817858,-2.810000,0.007858,0.000000
53,mobley_2146331,-1.441856,-2.750000,1.308144,0.003218
53,mobley_7943327,-2.598994,-2.680000,0.081006,0.000012
53,mobley_5110043,-2.541049,-2.630000,0.088951,0.000015
53,mobley_5616693,-2.868402,-2.530000,0.338402,0.000215
53,mobley_6619554,-2.292368,-2.490000,0.197632,0.000073
53,mobley_6359156,-4.357413,-2.460000,1.897413,0.006770
53,mobley_1781152,-2.049094,-2.400000,0.350906,0.000232
53,mobley_859464,-2.551862,-2.360000,0.191862,0.000069
53,mobley_7150646,-1.155507,-2.300000,1.144493,0.002463
53,mobley_1592519,-2.507195,-2.230000,0.277195,0.000144
53,mobley_5538249,-2.173958,-2.160000,0.013958,0.000000
53,mobley_6911232,-1.571229,-2.100000,0.528771,0.000526
53,mobley_3269565,-1.250273,-2.010000,0.759727,0.001085
53,mobley_2484519,-2.863610,-1.930000,0.933610,0.001639
53,mobley_7690440,-3.283820,-1.830000,1.453820,0.003975
53,mobley_3802803,-1.457028,-1.660000,0.202972,0.000077
53,mobley_1144156,-1.465449,-1.590000,0.124551,0.000029
53,mobley_2481002,-1.434794,-1.450000,0.015206,0.000000
53,mobley_2489709,-1.435265,-1.360000,0.075265,0.000011
53,mobley_5052949,-1.289182,-1.280000,0.009182,0.000000
53,mobley_2492140,-1.497547,-1.230000,0.267547,0.000135
53,mobley_7542832,-1.112203,-1.160000,0.047797,0.000004
53,mobley_7814642,-2.052817,-1.120000,0.932817,0.001636
53,mobley_1563176,-0.778430,-0.990000,0.211570,0.000084
53,mobley_1873346,-0.951053,-0.900000,0.051053,0.000005
53,mobley_3040612,-0.726187,-0.850000,0.123813,0.000029
53,mobley_4483973,-2.202630,-0.800000,1.402630,0.003700
53,mobley_9913368,-1.688670,-0.780000,0.908670,0.001553
53,mobley_1449384,-0.591874,-0.680000,0.088126,0.000015
53,mobley_7708038,-0.759847,-0.560000,0.199847,0.000075
53,mobley_8311321,-0.065253,-0.500000,0.434747,0.000355
53,mobley_766666,-0.834303,-0.440000,0.394303,0.000292
53,mobley_5445548,-0.585134,-0.300000,0.285134,0.000153
53,mobley_9029594,-0.751624,-0.220000,0.531624,0.000531
53,mobley_3370989,-2.897299,-0.110000,2.787299,0.014609
53,mobley_627267,-0.369431,-0.030000,0.339431,0.000217
53,mobley_6250025,0.296843,0.080000,0.216843,0.000088
53,mobley_4252724,-0.578993,0.160000,0.738993,0.001027
53,mobley_7157427,0.450817,0.290000,0.160817,0.000049
53,mobley_8885088,-0.548878,0.560000,1.108878,0.002312
53,mobley_8522124,0.871915,0.710000,0.161915,0.000049
53,mobley_4678740,-0.958318,1.070000,2.028318,0.007736
53,mobley_2689721,0.785260,1.230000,0.444740,0.000372
53,mobley_1662128,1.217625,1.380000,0.162375,0.000050
53,mobley_4762983,1.912925,1.660000,0.252925,0.000120
53,mobley_7732703,1.288527,1.790000,0.501473,0.000473
53,mobley_2068538,1.452321,2.000000,0.547679,0.000564
53,mobley_5157661,1.855890,2.300000,0.444110,0.000371
53,mobley_1261349,2.506811,2.510000,0.003189,0.000000
53,mobley_2328633,2.080776,2.550000,0.469224,0.000414
53,mobley_8436428,2.777879,2.830000,0.052121,0.000005
53,mobley_3060426,3.280301,2.930000,0.350301,0.000231
53,mobley_2197088,3.166981,3.160000,0.006981,0.000000
54,mobley_9534740,-22.704756,-25.469999,2.765244,0.014379
54,mobley_6239320,-20.305159,-18.059999,2.245159,0.009479
54,mobley_7794077,-14.275378,-15.460000,1.184622,0.002639
54,mobley_7415647,-12.801277,-11.950000,0.851277,0.001363
54,mobley_1728386,-10.454342,-11.000000,0.545658,0.000560
54,mobley_2269032,-9.482612,-10.210000,0.727388,0.000995
54,mobley_2913224,-6.901987,-9.940000,3.038013,0.017356
54,mobley_2659552,-9.447126,-9.760000,0.312874,0.000184
54,mobley_7176290,-9.048352,-9.620000,0.571648,0.000614
54,mobley_2295058,-8.986314,-9.510000,0.523686,0.000516
54,mobley_6055410,-10.214133,-9.400000,0.814134,0.001246
54,mobley_4639255,-9.899937,-9.300000,0.599936,0.000677
54,mobley_1417007,-4.206594,-9.010000,4.803406,0.043387
54,mobley_6115639,-10.663884,-8.700000,1.963884,0.007253
54,mobley_6353617,-7.531103,-8.260000,0.728897,0.000999
54,mobley_2725215,-8.845166,-7.980000,0.865166,0.001408
54,mobley_7039935,-6.816590,-7.670000,0.853410,0.001370
54,mobley_4059279,-6.701877,-7.580000,0.878123,0.001450
54,mobley_951560,-9.055168,-7.400000,1.655168,0.005152
54,mobley_1922649,-9.715972,-7.190000,2.525972,0.011998
54,mobley_8798016,-7.259658,-7.000000,0.259658,0.000127
54,mobley_1858644,-7.263361,-6.790000,0.473361,0.000421
54,mobley_9114381,-5.575253,-6.720000,1.144746,0.002464
54,mobley_5311804,-5.703145,-6.620000,0.916855,0.001581
54,mobley_6743808,-6.061683,-6.500000,0.438317,0.000361
54,mobley_8789864,-5.756587,-6.400000,0.643414,0.000778
54,mobley_7009711,-5.886864,-6.270000,0.383136,0.000276
54,mobley_8789465,-4.801628,-6.200000,1.398372,0.003677
54,mobley_2923700,-6.046489,-6.130000,0.083511,0.000013
54,mobley_4780078,-5.618458,-6.010000,0.391542,0.000288
54,mobley_5467162,-5.499830,-5.910000,0.410170,0.000316
54,mobley_6257907,-5.708423,-5.820000,0.111578,0.000023
54,mobley_7913234,-5.904459,-5.730000,0.174459,0.000057
54,mobley_5518547,-5.803291,-5.570000,0.233291,0.000102
54,mobley_4883284,-5.924023,-5.490000,0.434023,0.000354
54,mobley_5220185,-5.029504,-5.450000,0.420496,0.000332
54,mobley_3359593,-5.460430,-5.260000,0.200429,0.000076
54,mobley_4683624,-5.786002,-5.210000,0.576002,0.000624
54,mobley_1636752,-3.682881,-5.100000,1.417119,0.003776
54,mobley_2310185,-4.923954,-5.000000,0.076046,0.000011
54,mobley_3682850,-4.137362,-4.910000,0.772638,0.001123
54,mobley_1363784,-4.529867,-4.840000,0.310133,0.000181
54,mobley_2837389,-4.262655,-4.780000,0.517345,0.000503
54,mobley_9507933,-4.735260,-4.720000,0.015260,0.000000
54,mobley_296847,-4.827906,-4.690000,0.137906,0.000036
54,mobley_8208692,-3.047679,-4.610000,1.562321,0.004590
54,mobley_4884177,-4.392964,-4.590000,0.197036,0.000073
54,mobley_6714389,-3.829179,-4.550000,0.720821,0.000977
54,mobley_2245668,-4.374202,-4.500000,0.125798,0.000030
54,mobley_5973402,-4.548875,-4.420000,0.128875,0.000031
54,mobley_3546460,-4.278972,-4.400000,0.121028,0.000028
54,mobley_8311303,-4.219888,-4.380000,0.160112,0.000048
54,mobley_9741965,-5.304397,-4.290000,1.014397,0.001935
54,mobley_4603202,-3.341488,-4.230000,0.888512,0.001485
54,mobley_628086,-4.301588,-4.160000,0.141588,0.000038
54,mobley_4620651,-3.723526,-4.100000,0.376473,0.000267
54,mobley_7977115,-4.113113,-4.060000,0.053113,0.000005
54,mobley_2789243,-2.923094,-4.010000,1.086906,0.002222
54,mobley_3968739,-3.819093,-3.920000,0.100907,0.000019
54,mobley_63712,-2.914234,-3.880000,0.965766,0.001754
54,mobley_1046331,-3.242895,-3.820000,0.577105,0.000626
54,mobley_1160109,-3.732197,-3.750000,0.017803,0.000001
54,mobley_4149784,-3.178731,-3.670000,0.491269,0.000454
54,mobley_397645,-3.801992,-3.640000,0.161992,0.000049
54,mobley_4690963,-4.499685,-3.540000,0.959685,0.001732
54,mobley_1967551,-3.356030,-3.500000,0.143970,0.000039
54,mobley_6733657,-4.698552,-3.440000,1.258552,0.002979
54,mobley_9565165,-3.217068,-3.350000,0.132932,0.000033
54,mobley_2487143,-3.144335,-3.280000,0.135665,0.000035
54,mobley_8449031,-2.171992,-3.220000,1.048008,0.002065
54,mobley_172879,-2.833303,-3.150000,0.316697,0.000189
54,mobley_5346580,-2.015170,-3.110000,1.094830,0.002254
54,mobley_3573480,-2.907976,-3.040000,0.132024,0.000033
54,mobley_1075836,-2.978812,-2.930000,0.048812,0.000004
54,mobley_6102880,-4.228360,-2.870000,1.358360,0.003470
54,mobley_1827204,-2.773524,-2.810000,0.036476,0.000003
54,mobley_2146331,-1.398981,-2.750000,1.351019,0.003432
54,mobley_7943327,-2.473086,-2.680000,0.206914,0.000081
54,mobley_5110043,-2.363504,-2.630000,0.266496,0.000134
54,mobley_5616693,-2.794792,-2.530000,0.264792,0.000132
54,mobley_6619554,-2.160595,-2.490000,0.329405,0.000204
54,mobley_6359156,-4.210600,-2.460000,1.750600,0.005763
54,mobley_1781152,-1.992250,-2.400000,0.407750,0.000313
54,mobley_859464,-2.448457,-2.360000,0.088457,0.000015
54,mobley_7150646,-1.060796,-2.300000,1.239204,0.002888
54,mobley_1592519,-2.394219,-2.230000,0.164219,0.000051
54,mobley_5538249,-2.095499,-2.160000,0.064501,0.000008
54,mobley_6911232,-1.508634,-2.100000,0.591365,0.000658
54,mobley_3269565,-1.197424,-2.010000,0.812576,0.001242
54,mobley_2484519,-2.762654,-1.930000,0.832654,0.001304
54,mobley_7690440,-3.197401,-1.830000,1.367401,0.003516
54,mobley_3802803,-1.423620,-1.660000,0.236380,0.000105
54,mobley_1144156,-1.380690,-1.590000,0.209310,0.000082
54,mobley_2481002,-1.409424,-1.450000,0.040576,0.000003
54,mobley_2489709,-1.382364,-1.360000,0.022364,0.000001
54,mobley_5052949,-1.217576,-1.280000,0.062424,0.000007
54,mobley_2492140,-1.484736,-1.230000,0.254736,0.000122
54,mobley_7542832,-1.025007,-1.160000,0.134993,0.000034
54,mobley_7814642,-2.000409,-1.120000,0.880409,0.001458
54,mobley_1563176,-0.735386,-0.990000,0.254614,0.000122
54,mobley_1873346,-0.833229,-0.900000,0.066771,0.000008
54,mobley_3040612,-0.610695,-0.850000,0.239305,0.000108
54,mobley_4483973,-2.096164,-0.800000,1.296164,0.003159
54,mobley_9913368,-1.664164,-0.780000,0.884164,0.001470
54,mobley_1449384,-0.477920,-0.680000,0.202080,0.000077
54,mobley_7708038,-0.726736,-0.560000,0.166736,0.000052
54,mobley_8311321,-0.053021,-0.500000,0.446979,0.000376
54,mobley_766666,-0.808188,-0.440000,0.368188,0.000255
54,mobley_5445548,-0.462035,-0.300000,0.162035,0.000049
54,mobley_9029594,-0.725278,-0.220000,0.505278,0.000480
54,mobley_3370989,-2.853810,-0.110000,2.743810,0.014157
54,mobley_627267,-0.332926,-0.030000,0.302926,0.000173
54,mobley_6250025,0.330397,0.080000,0.250397,0.000118
54,mobley_4252724,-0.445350,0.160000,0.605350,0.000689
54,mobley_7157427,0.508368,0.290000,0.218368,0.000090
54,mobley_8885088,-0.484641,0.560000,1.044641,0.002052
54,mobley_8522124,0.917335,0.710000,0.207335,0.000081
54,mobley_4678740,-0.922046,1.070000,1.992046,0.007462
54,mobley_2689721,0.809209,1.230000,0.420791,0.000333
54,mobley_1662128,1.251022,1.380000,0.128978,0.000031
54,mobley_4762983,1.950810,1.660000,0.290810,0.000159
54,mobley_7732703,1.276291,1.790000,0.513709,0.000496
54,mobley_2068538,1.469269,2.000000,0.530731,0.000530
54,mobley_5157661,1.874101,2.300000,0.425899,0.000341
54,mobley_1261349,2.536698,2.510000,0.026698,0.000001
54,mobley_2328633,2.119428,2.550000,0.430572,0.000349
54,mobley_8436428,2.808212,2.830000,0.021788,0.000001
54,mobley_3060426,3.328808,2.930000,0.398808,0.000299
54,mobley_2197088,3.199827,3.160000,0.039827,0.000003
55,mobley_9534740,-22.710457,-25.469999,2.759542,0.014320
55,mobley_6239320,-20.255661,-18.059999,2.195662,0.009066
55,mobley_7794077,-14.282746,-15.460000,1.177254,0.002606
55,mobley_7415647,-13.076118,-11.950000,1.126118,0.002385
55,mobley_1728386,-10.578179,-11.000000,0.421821,0.000335
55,mobley_2269032,-9.804302,-10.210000,0.405698,0.000310
55,mobley_2913224,-7.116268,-9.940000,2.823731,0.014994
55,mobley_2659552,-9.787318,-9.760000,0.027318,0.000001
55,mobley_7176290,-9.121680,-9.620000,0.498320,0.000467
55,mobley_2295058,-9.185132,-9.510000,0.324868,0.000198
55,mobley_6055410,-10.433167,-9.400000,1.033167,0.002007
55,mobley_4639255,-9.931534,-9.300000,0.631534,0.000750
55,mobley_1417007,-4.366280,-9.010000,4.643720,0.040550
55,mobley_6115639,-10.955124,-8.700000,2.255124,0.009563
55,mobley_6353617,-7.699237,-8.260000,0.560763,0.000591
55,mobley_2725215,-9.092477,-7.980000,1.112477,0.002327
55,mobley_7039935,-7.087949,-7.670000,0.582051,0.000637
55,mobley_4059279,-6.921295,-7.580000,0.658705,0.000816
55,mobley_951560,-9.144438,-7.400000,1.744438,0.005722
55,mobley_1922649,-10.063612,-7.190000,2.873612,0.015528
55,mobley_8798016,-7.429297,-7.000000,0.429297,0.000347
55,mobley_1858644,-7.467501,-6.790000,0.677501,0.000863
55,mobley_9114381,-5.676326,-6.720000,1.043674,0.002048
55,mobley_5311804,-5.881175,-6.620000,0.738825,0.001026
55,mobley_6743808,-6.321172,-6.500000,0.178828,0.000060
55,mobley_8789864,-5.983956,-6.400000,0.416044,0.000325
55,mobley_7009711,-6.088686,-6.270000,0.181314,0.000062
55,mobley_8789465,-4.921902,-6.200000,1.278098,0.003072
55,mobley_2923700,-6.223837,-6.130000,0.093837,0.000017
55,mobley_4780078,-5.807486,-6.010000,0.202514,0.000077
55,mobley_5467162,-5.715508,-5.910000,0.194492,0.000071
55,mobley_6257907,-5.779275,-5.820000,0.040725,0.000003
55,mobley_7913234,-6.072528,-5.730000,0.342528,0.000221
55,mobley_5518547,-5.945209,-5.570000,0.375208,0.000265
55,mobley_4883284,-6.031310,-5.490000,0.541310,0.000551
55,mobley_5220185,-5.152542,-5.450000,0.297458,0.000166
55,mobley_3359593,-5.686542,-5.260000,0.426541,0.000342
55,mobley_4683624,-5.989429,-5.210000,0.779429,0.001142
55,mobley_1636752,-3.753349,-5.100000,1.346651,0.003410
55,mobley_2310185,-4.974439,-5.000000,0.025561,0.000001
55,mobley_3682850,-4.264012,-4.910000,0.645988,0.000785
55,mobley_1363784,-4.714170,-4.840000,0.125831,0.000030
55,mobley_2837389,-4.370052,-4.780000,0.409948,0.000316
55,mobley_9507933,-4.960137,-4.720000,0.240138,0.000108
55,mobley_296847,-4.997370,-4.690000,0.307370,0.000178
55,mobley_8208692,-3.090076,-4.610000,1.519924,0.004344
55,mobley_4884177,-4.587105,-4.590000,0.002895,0.000000
55,mobley_6714389,-3.882847,-4.550000,0.667153,0.000837
55,mobley_2245668,-4.454535,-4.500000,0.045465,0.000004
55,mobley_5973402,-4.632403,-4.420000,0.212403,0.000085
55,mobley_3546460,-4.367040,-4.400000,0.032960,0.000002
55,mobley_8311303,-4.278738,-4.380000,0.101262,0.000019
55,mobley_9741965,-5.466703,-4.290000,1.176703,0.002604
55,mobley_4603202,-3.465851,-4.230000,0.764149,0.001098
55,mobley_628086,-4.297812,-4.160000,0.137812,0.000036
55,mobley_4620651,-3.869716,-4.100000,0.230284,0.000100
55,mobley_7977115,-4.231349,-4.060000,0.171349,0.000055
55,mobley_2789243,-3.009277,-4.010000,1.000723,0.001883
55,mobley_3968739,-4.022717,-3.920000,0.102716,0.000020
55,mobley_63712,-3.112484,-3.880000,0.767516,0.001108
55,mobley_1046331,-3.390413,-3.820000,0.429587,0.000347
55,mobley_1160109,-4.004861,-3.750000,0.254861,0.000122
55,mobley_4149784,-3.340155,-3.670000,0.329845,0.000205
55,mobley_397645,-4.045618,-3.640000,0.405617,0.000309
55,mobley_4690963,-4.687110,-3.540000,1.147110,0.002474
55,mobley_1967551,-3.403618,-3.500000,0.096382,0.000017
55,mobley_6733657,-4.919918,-3.440000,1.479918,0.004118
55,mobley_9565165,-3.624180,-3.350000,0.274180,0.000141
55,mobley_2487143,-3.267981,-3.280000,0.012019,0.000000
55,mobley_8449031,-2.295926,-3.220000,0.924074,0.001606
55,mobley_172879,-3.057657,-3.150000,0.092343,0.000016
55,mobley_5346580,-2.171521,-3.110000,0.938478,0.001656
55,mobley_3573480,-3.041914,-3.040000,0.001914,0.000000
55,mobley_1075836,-3.092684,-2.930000,0.162684,0.000050
55,mobley_6102880,-4.478797,-2.870000,1.608798,0.004867
55,mobley_1827204,-2.865067,-2.810000,0.055067,0.000006
55,mobley_2146331,-1.510787,-2.750000,1.239213,0.002888
55,mobley_7943327,-2.625118,-2.680000,0.054882,0.000006
55,mobley_5110043,-2.750979,-2.630000,0.120979,0.000028
55,mobley_5616693,-2.973628,-2.530000,0.443628,0.000370
55,mobley_6619554,-2.335585,-2.490000,0.154415,0.000045
55,mobley_6359156,-4.431427,-2.460000,1.971427,0.007308
55,mobley_1781152,-2.152822,-2.400000,0.247179,0.000115
55,mobley_859464,-2.639054,-2.360000,0.279054,0.000146
55,mobley_7150646,-1.220302,-2.300000,1.079698,0.002192
55,mobley_1592519,-2.561664,-2.230000,0.331664,0.000207
55,mobley_5538249,-2.330452,-2.160000,0.170452,0.000055
55,mobley_6911232,-1.647168,-2.100000,0.452832,0.000386
55,mobley_3269565,-1.360019,-2.010000,0.649981,0.000794
55,mobley_2484519,-2.973434,-1.930000,1.043434,0.002047
55,mobley_7690440,-3.424253,-1.830000,1.594253,0.004779
55,mobley_3802803,-1.577639,-1.660000,0.082361,0.000013
55,mobley_1144156,-1.522799,-1.590000,0.067201,0.000008
55,mobley_2481002,-1.421016,-1.450000,0.028985,0.000002
55,mobley_2489709,-1.415431,-1.360000,0.055431,0.000006
55,mobley_5052949,-1.386840,-1.280000,0.106840,0.000021
55,mobley_2492140,-1.488534,-1.230000,0.258534,0.000126
55,mobley_7542832,-1.195303,-1.160000,0.035303,0.000002
55,mobley_7814642,-2.064070,-1.120000,0.944070,0.001676
55,mobley_1563176,-0.846151,-0.990000,0.143849,0.000039
55,mobley_1873346,-1.020205,-0.900000,0.120205,0.000027
55,mobley_3040612,-0.843612,-0.850000,0.006388,0.000000
55,mobley_4483973,-2.219804,-0.800000,1.419804,0.003791
55,mobley_9913368,-1.701814,-0.780000,0.921814,0.001598
55,mobley_1449384,-0.712031,-0.680000,0.032031,0.000002
55,mobley_7708038,-0.833344,-0.560000,0.273344,0.000141
55,mobley_8311321,-0.046683,-0.500000,0.453317,0.000386
55,mobley_766666,-0.804890,-0.440000,0.364890,0.000250
55,mobley_5445548,-0.660415,-0.300000,0.360415,0.000244
55,mobley_9029594,-0.784475,-0.220000,0.564475,0.000599
55,mobley_3370989,-2.882222,-0.110000,2.772222,0.014452
55,mobley_627267,-0.447977,-0.030000,0.417977,0.000329
55,mobley_6250025,0.208206,0.080000,0.128206,0.000031
55,mobley_4252724,-0.687713,0.160000,0.847713,0.001351
55,mobley_7157427,0.367651,0.290000,0.077651,0.000011
55,mobley_8885088,-0.616570,0.560000,1.176570,0.002603
55,mobley_8522124,0.756473,0.710000,0.046473,0.000004
55,mobley_4678740,-0.902014,1.070000,1.972014,0.007313
55,mobley_2689721,0.753174,1.230000,0.476826,0.000428
55,mobley_1662128,1.178134,1.380000,0.201866,0.000077
55,mobley_4762983,1.815772,1.660000,0.155772,0.000046
55,mobley_7732703,1.321354,1.790000,0.468646,0.000413
55,mobley_2068538,1.449012,2.000000,0.550988,0.000571
55,mobley_5157661,1.826980,2.300000,0.473020,0.000421
55,mobley_1261349,2.435412,2.510000,0.074588,0.000010
55,mobley_2328633,1.972273,2.550000,0.577727,0.000628
55,mobley_8436428,2.722503,2.830000,0.107497,0.000022
55,mobley_3060426,3.159353,2.930000,0.229353,0.000099
55,mobley_2197088,3.093367,3.160000,0.066633,0.000008
56,mobley_9534740,-22.457478,-25.469999,3.012522,0.017066
56,mobley_6239320,-19.825048,-18.059999,1.765049,0.005858
56,mobley_7794077,-14.023441,-15.460000,1.436559,0.003881
56,mobley_7415647,-12.815746,-11.950000,0.865746,0.001409
56,mobley_1728386,-10.422272,-11.000000,0.577728,0.000628
56,mobley_2269032,-9.569442,-10.210000,0.640558,0.000772
56,mobley_2913224,-6.942714,-9.940000,2.997286,0.016893
56,mobley_2659552,-9.491759,-9.760000,0.268241,0.000135
56,mobley_7176290,-9.047601,-9.620000,0.572399,0.000616
56,mobley_2295058,-9.019835,-9.510000,0.490165,0.000452
56,mobley_6055410,-10.239491,-9.400000,0.839492,0.001325
56,mobley_4639255,-9.857907,-9.300000,0.557907,0.000585
56,mobley_1417007,-4.175072,-9.010000,4.834929,0.043958
56,mobley_6115639,-10.566674,-8.700000,1.866674,0.006552
56,mobley_6353617,-7.556766,-8.260000,0.703234,0.000930
56,mobley_2725215,-8.706553,-7.980000,0.726553,0.000993
56,mobley_7039935,-6.944098,-7.670000,0.725902,0.000991
56,mobley_4059279,-6.704837,-7.580000,0.875163,0.001440
56,mobley_951560,-8.999175,-7.400000,1.599175,0.004809
56,mobley_1922649,-9.618873,-7.190000,2.428873,0.011094
56,mobley_8798016,-7.294260,-7.000000,0.294260,0.000163
56,mobley_1858644,-7.309695,-6.790000,0.519695,0.000508
56,mobley_9114381,-5.537388,-6.720000,1.182612,0.002630
56,mobley_5311804,-5.723882,-6.620000,0.896118,0.001510
56,mobley_6743808,-6.125965,-6.500000,0.374035,0.000263
56,mobley_8789864,-5.710813,-6.400000,0.689188,0.000893
56,mobley_7009711,-5.940863,-6.270000,0.329137,0.000204
56,mobley_8789465,-4.800294,-6.200000,1.399706,0.003684
56,mobley_2923700,-6.078673,-6.130000,0.051327,0.000005
56,mobley_4780078,-5.665398,-6.010000,0.344603,0.000223
56,mobley_5467162,-5.535262,-5.910000,0.374738,0.000264
56,mobley_6257907,-5.654880,-5.820000,0.165120,0.000051
56,mobley_7913234,-5.922668,-5.730000,0.192667,0.000070
56,mobley_5518547,-5.811883,-5.570000,0.241883,0.000110
56,mobley_4883284,-5.902484,-5.490000,0.412484,0.000320
56,mobley_5220185,-4.999685,-5.450000,0.450315,0.000381
56,mobley_3359593,-5.452193,-5.260000,0.192193,0.000069
56,mobley_4683624,-5.843507,-5.210000,0.633507,0.000755
56,mobley_1636752,-3.634550,-5.100000,1.465450,0.004038
56,mobley_2310185,-4.884199,-5.000000,0.115801,0.000025
56,mobley_3682850,-4.165869,-4.910000,0.744131,0.001041
56,mobley_1363784,-4.554475,-4.840000,0.285525,0.000153
56,mobley_2837389,-4.258204,-4.780000,0.521796,0.000512
56,mobley_9507933,-4.816158,-4.720000,0.096158,0.000017
56,mobley_296847,-4.872162,-4.690000,0.182162,0.000062
56,mobley_8208692,-3.056326,-4.610000,1.553674,0.004539
56,mobley_4884177,-4.416633,-4.590000,0.173367,0.000057
56,mobley_6714389,-3.768306,-4.550000,0.781694,0.001149
56,mobley_2245668,-4.365076,-4.500000,0.134924,0.000034
56,mobley_5973402,-4.519879,-4.420000,0.099879,0.000019
56,mobley_3546460,-4.265718,-4.400000,0.134283,0.000034
56,mobley_8311303,-4.152660,-4.380000,0.227340,0.000097
56,mobley_9741965,-5.352086,-4.290000,1.062086,0.002121
56,mobley_4603202,-3.335279,-4.230000,0.894721,0.001505
56,mobley_628086,-4.196574,-4.160000,0.036574,0.000003
56,mobley_4620651,-3.723032,-4.100000,0.376968,0.000267
56,mobley_7977115,-4.125925,-4.060000,0.065925,0.000008
56,mobley_2789243,-2.921505,-4.010000,1.088495,0.002228
56,mobley_3968739,-3.892189,-3.920000,0.027811,0.000001
56,mobley_63712,-2.927567,-3.880000,0.952433,0.001706
56,mobley_1046331,-3.260724,-3.820000,0.559276,0.000588
56,mobley_1160109,-3.816146,-3.750000,0.066146,0.000008
56,mobley_4149784,-3.166053,-3.670000,0.503947,0.000478
56,mobley_397645,-3.883391,-3.640000,0.243391,0.000111
56,mobley_4690963,-4.451309,-3.540000,0.911309,0.001562
56,mobley_1967551,-3.363280,-3.500000,0.136720,0.000035
56,mobley_6733657,-4.688582,-3.440000,1.248582,0.002932
56,mobley_9565165,-3.485764,-3.350000,0.135764,0.000035
56,mobley_2487143,-3.199698,-3.280000,0.080302,0.000012
56,mobley_8449031,-2.116495,-3.220000,1.103505,0.002290
56,mobley_172879,-2.880040,-3.150000,0.269960,0.000137
56,mobley_5346580,-2.018557,-3.110000,1.091443,0.002240
56,mobley_3573480,-2.969628,-3.040000,0.070372,0.000009
56,mobley_1075836,-3.001127,-2.930000,0.071126,0.000010
56,mobley_6102880,-4.316838,-2.870000,1.446838,0.003936
56,mobley_1827204,-2.781434,-2.810000,0.028566,0.000002
56,mobley_2146331,-1.397259,-2.750000,1.352741,0.003441
56,mobley_7943327,-2.511278,-2.680000,0.168722,0.000054
56,mobley_5110043,-2.615831,-2.630000,0.014169,0.000000
56,mobley_5616693,-2.862084,-2.530000,0.332084,0.000207
56,mobley_6619554,-2.204011,-2.490000,0.285989,0.000154
56,mobley_6359156,-4.226899,-2.460000,1.766899,0.005871
56,mobley_1781152,-1.997928,-2.400000,0.402072,0.000304
56,mobley_859464,-2.501688,-2.360000,0.141688,0.000038
56,mobley_7150646,-1.126865,-2.300000,1.173135,0.002588
56,mobley_1592519,-2.444051,-2.230000,0.214051,0.000086
56,mobley_5538249,-2.180890,-2.160000,0.020890,0.000001
56,mobley_6911232,-1.496901,-2.100000,0.603099,0.000684
56,mobley_3269565,-1.186260,-2.010000,0.823740,0.001276
56,mobley_2484519,-2.862243,-1.930000,0.932243,0.001634
56,mobley_7690440,-3.213343,-1.830000,1.383343,0.003599
56,mobley_3802803,-1.509308,-1.660000,0.150692,0.000043
56,mobley_1144156,-1.374948,-1.590000,0.215052,0.000087
56,mobley_2481002,-1.416708,-1.450000,0.033292,0.000002
56,mobley_2489709,-1.352864,-1.360000,0.007136,0.000000
56,mobley_5052949,-1.277349,-1.280000,0.002651,0.000000
56,mobley_2492140,-1.469898,-1.230000,0.239898,0.000108
56,mobley_7542832,-1.042620,-1.160000,0.117380,0.000026
56,mobley_7814642,-1.985900,-1.120000,0.865900,0.001410
56,mobley_1563176,-0.783173,-0.990000,0.206827,0.000080
56,mobley_1873346,-0.922886,-0.900000,0.022886,0.000001
56,mobley_3040612,-0.720957,-0.850000,0.129043,0.000031
56,mobley_4483973,-2.133451,-0.800000,1.333451,0.003344
56,mobley_9913368,-1.682176,-0.780000,0.902176,0.001531
56,mobley_1449384,-0.574661,-0.680000,0.105339,0.000021
56,mobley_7708038,-0.760912,-0.560000,0.200912,0.000076
56,mobley_8311321,-0.033162,-0.500000,0.466838,0.000410
56,mobley_766666,-0.782163,-0.440000,0.342163,0.000220
56,mobley_5445548,-0.531300,-0.300000,0.231300,0.000101
56,mobley_9029594,-0.710610,-0.220000,0.490610,0.000453
56,mobley_3370989,-2.838015,-0.110000,2.728015,0.013994
56,mobley_627267,-0.394120,-0.030000,0.364120,0.000249
56,mobley_6250025,0.286586,0.080000,0.206586,0.000080
56,mobley_4252724,-0.557565,0.160000,0.717565,0.000968
56,mobley_7157427,0.459986,0.290000,0.169986,0.000054
56,mobley_8885088,-0.503051,0.560000,1.063051,0.002125
56,mobley_8522124,0.845000,0.710000,0.135000,0.000034
56,mobley_4678740,-0.860226,1.070000,1.930226,0.007006
56,mobley_2689721,0.829149,1.230000,0.400851,0.000302
56,mobley_1662128,1.258597,1.380000,0.121403,0.000028
56,mobley_4762983,1.935383,1.660000,0.275383,0.000143
56,mobley_7732703,1.313485,1.790000,0.476515,0.000427
56,mobley_2068538,1.482323,2.000000,0.517677,0.000504
56,mobley_5157661,1.879936,2.300000,0.420064,0.000332
56,mobley_1261349,2.527420,2.510000,0.017420,0.000001
56,mobley_2328633,2.079501,2.550000,0.470499,0.000416
56,mobley_8436428,2.809281,2.830000,0.020719,0.000001
56,mobley_3060426,3.302634,2.930000,0.372633,0.000261
56,mobley_2197088,3.200923,3.160000,0.040923,0.000003
57,mobley_9534740,-22.783264,-25.469999,2.686735,0.013574
57,mobley_6239320,-20.008821,-18.059999,1.948822,0.007142
57,mobley_7794077,-14.143381,-15.460000,1.316619,0.003260
57,mobley_7415647,-13.018803,-11.950000,1.068803,0.002148
57,mobley_1728386,-10.585969,-11.000000,0.414031,0.000322
57,mobley_2269032,-9.742904,-10.210000,0.467096,0.000410
57,mobley_2913224,-7.085028,-9.940000,2.854971,0.015327
57,mobley_2659552,-9.707596,-9.760000,0.052404,0.000005
57,mobley_7176290,-9.149342,-9.620000,0.470658,0.000417
57,mobley_2295058,-9.164455,-9.510000,0.345545,0.000225
57,mobley_6055410,-10.454653,-9.400000,1.054653,0.002092
57,mobley_4639255,-10.010250,-9.300000,0.710250,0.000949
57,mobley_1417007,-4.282213,-9.010000,4.727787,0.042032
57,mobley_6115639,-10.770510,-8.700000,2.070510,0.008062
57,mobley_6353617,-7.691121,-8.260000,0.568880,0.000609
57,mobley_2725215,-8.948222,-7.980000,0.968222,0.001763
57,mobley_7039935,-7.085036,-7.670000,0.584964,0.000643
57,mobley_4059279,-6.821777,-7.580000,0.758223,0.001081
57,mobley_951560,-9.099413,-7.400000,1.699413,0.005431
57,mobley_1922649,-9.797894,-7.190000,2.607894,0.012789
57,mobley_8798016,-7.455988,-7.000000,0.455988,0.000391
57,mobley_1858644,-7.402379,-6.790000,0.612379,0.000705
57,mobley_9114381,-5.619771,-6.720000,1.100228,0.002276
57,mobley_5311804,-5.809657,-6.620000,0.810343,0.001235
57,mobley_6743808,-6.263237,-6.500000,0.236763,0.000105
57,mobley_8789864,-5.892359,-6.400000,0.507641,0.000485
57,mobley_7009711,-6.032668,-6.270000,0.237332,0.000106
57,mobley_8789465,-4.921549,-6.200000,1.278450,0.003073
57,mobley_2923700,-6.202503,-6.130000,0.072503,0.000010
57,mobley_4780078,-5.784973,-6.010000,0.225028,0.000095
57,mobley_5467162,-5.688417,-5.910000,0.221583,0.000092
57,mobley_6257907,-5.779556,-5.820000,0.040444,0.000003
57,mobley_7913234,-6.052652,-5.730000,0.322652,0.000196
57,mobley_5518547,-5.942802,-5.570000,0.372802,0.000261
57,mobley_4883284,-6.032699,-5.490000,0.542699,0.000554
57,mobley_5220185,-5.122519,-5.450000,0.327481,0.000202
57,mobley_3359593,-5.675015,-5.260000,0.415015,0.000324
57,mobley_4683624,-5.970057,-5.210000,0.760056,0.001086
57,mobley_1636752,-3.734387,-5.100000,1.365613,0.003507
57,mobley_2310185,-4.958736,-5.000000,0.041264,0.000003
57,mobley_3682850,-4.252477,-4.910000,0.657523,0.000813
57,mobley_1363784,-4.640364,-4.840000,0.199636,0.000075
57,mobley_2837389,-4.372663,-4.780000,0.407337,0.000312
57,mobley_9507933,-4.893807,-4.720000,0.173807,0.000057
57,mobley_296847,-4.993481,-4.690000,0.303481,0.000173
57,mobley_8208692,-3.072231,-4.610000,1.537769,0.004447
57,mobley_4884177,-4.549103,-4.590000,0.040897,0.000003
57,mobley_6714389,-3.849672,-4.550000,0.700328,0.000922
57,mobley_2245668,-4.439646,-4.500000,0.060354,0.000007
57,mobley_5973402,-4.615140,-4.420000,0.195140,0.000072
57,mobley_3546460,-4.371536,-4.400000,0.028464,0.000002
57,mobley_8311303,-4.259884,-4.380000,0.120116,0.000027
57,mobley_9741965,-5.336099,-4.290000,1.046099,0.002058
57,mobley_4603202,-3.359931,-4.230000,0.870069,0.001424
57,mobley_628086,-4.226216,-4.160000,0.066216,0.000008
57,mobley_4620651,-3.799116,-4.100000,0.300884,0.000170
57,mobley_7977115,-4.233259,-4.060000,0.173259,0.000056
57,mobley_2789243,-2.985695,-4.010000,1.024305,0.001973
57,mobley_3968739,-3.981239,-3.920000,0.061239,0.000007
57,mobley_63712,-3.035416,-3.880000,0.844584,0.001341
57,mobley_1046331,-3.340959,-3.820000,0.479041,0.000432
57,mobley_1160109,-3.938235,-3.750000,0.188235,0.000067
57,mobley_4149784,-3.373807,-3.670000,0.296193,0.000165
57,mobley_397645,-3.990397,-3.640000,0.350397,0.000231
57,mobley_4690963,-4.539403,-3.540000,0.999403,0.001878
57,mobley_1967551,-3.394546,-3.500000,0.105454,0.000021
57,mobley_6733657,-4.791345,-3.440000,1.351345,0.003434
57,mobley_9565165,-3.571141,-3.350000,0.221141,0.000092
57,mobley_2487143,-3.245350,-3.280000,0.034650,0.000002
57,mobley_8449031,-2.202497,-3.220000,1.017503,0.001947
57,mobley_172879,-3.065418,-3.150000,0.084583,0.000013
57,mobley_5346580,-2.111217,-3.110000,0.998783,0.001876
57,mobley_3573480,-3.021255,-3.040000,0.018745,0.000001
57,mobley_1075836,-3.035301,-2.930000,0.105301,0.000021
57,mobley_6102880,-4.454563,-2.870000,1.584563,0.004722
57,mobley_1827204,-2.842617,-2.810000,0.032617,0.000002
57,mobley_2146331,-1.481592,-2.750000,1.268408,0.003025
57,mobley_7943327,-2.552923,-2.680000,0.127077,0.000030
57,mobley_5110043,-2.695410,-2.630000,0.065410,0.000008
57,mobley_5616693,-2.952389,-2.530000,0.422389,0.000335
57,mobley_6619554,-2.267602,-2.490000,0.222398,0.000093
57,mobley_6359156,-4.388507,-2.460000,1.928507,0.006994
57,mobley_1781152,-2.092065,-2.400000,0.307935,0.000178
57,mobley_859464,-2.546730,-2.360000,0.186730,0.000066
57,mobley_7150646,-1.190313,-2.300000,1.109687,0.002316
57,mobley_1592519,-2.511646,-2.230000,0.281646,0.000149
57,mobley_5538249,-2.323338,-2.160000,0.163337,0.000050
57,mobley_6911232,-1.597909,-2.100000,0.502091,0.000474
57,mobley_3269565,-1.320669,-2.010000,0.689331,0.000894
57,mobley_2484519,-2.931755,-1.930000,1.001755,0.001887
57,mobley_7690440,-3.321588,-1.830000,1.491588,0.004184
57,mobley_3802803,-1.517055,-1.660000,0.142945,0.000038
57,mobley_1144156,-1.448510,-1.590000,0.141490,0.000038
57,mobley_2481002,-1.394767,-1.450000,0.055233,0.000006
57,mobley_2489709,-1.390687,-1.360000,0.030687,0.000002
57,mobley_5052949,-1.351637,-1.280000,0.071637,0.000010
57,mobley_2492140,-1.459407,-1.230000,0.229407,0.000099
57,mobley_7542832,-1.129323,-1.160000,0.030677,0.000002
57,mobley_7814642,-2.055331,-1.120000,0.935331,0.001645
57,mobley_1563176,-0.844649,-0.990000,0.145351,0.000040
57,mobley_1873346,-0.971441,-0.900000,0.071441,0.000010
57,mobley_3040612,-0.787141,-0.850000,0.062859,0.000007
57,mobley_4483973,-2.205414,-0.800000,1.405414,0.003714
57,mobley_9913368,-1.692788,-0.780000,0.912789,0.001567
57,mobley_1449384,-0.651490,-0.680000,0.028510,0.000002
57,mobley_7708038,-0.793995,-0.560000,0.233995,0.000103
57,mobley_8311321,-0.042574,-0.500000,0.457426,0.000393
57,mobley_766666,-0.781860,-0.440000,0.341860,0.000220
57,mobley_5445548,-0.599793,-0.300000,0.299793,0.000169
57,mobley_9029594,-0.758241,-0.220000,0.538241,0.000545
57,mobley_3370989,-2.837473,-0.110000,2.727473,0.013989
57,mobley_627267,-0.426154,-0.030000,0.396154,0.000295
57,mobley_6250025,0.226489,0.080000,0.146489,0.000040
57,mobley_4252724,-0.629113,0.160000,0.789113,0.001171
57,mobley_7157427,0.413492,0.290000,0.123492,0.000029
57,mobley_8885088,-0.576985,0.560000,1.136985,0.002431
57,mobley_8522124,0.771891,0.710000,0.061891,0.000007
57,mobley_4678740,-0.860692,1.070000,1.930692,0.007010
57,mobley_2689721,0.768515,1.230000,0.461485,0.000400
57,mobley_1662128,1.191377,1.380000,0.188623,0.000067
57,mobley_4762983,1.828336,1.660000,0.168336,0.000053
57,mobley_7732703,1.298905,1.790000,0.491095,0.000454
57,mobley_2068538,1.466746,2.000000,0.533254,0.000535
57,mobley_5157661,1.841466,2.300000,0.458534,0.000395
57,mobley_1261349,2.453392,2.510000,0.056608,0.000006
57,mobley_2328633,2.017653,2.550000,0.532347,0.000533
57,mobley_8436428,2.750945,2.830000,0.079055,0.000012
57,mobley_3060426,3.212871,2.930000,0.282871,0.000150
57,mobley_2197088,3.135918,3.160000,0.024082,0.000001
58,mobley_9534740,-22.588396,-25.469999,2.881603,0.015615
58,mobley_6239320,-19.984842,-18.059999,1.924843,0.006967
58,mobley_7794077,-14.105706,-15.460000,1.354294,0.003449
58,mobley_7415647,-12.900283,-11.950000,0.950283,0.001698
58,mobley_1728386,-10.488583,-11.000000,0.511417,0.000492
58,mobley_2269032,-9.531614,-10.210000,0.678386,0.000865
58,mobley_2913224,-6.945591,-9.940000,2.994409,0.016861
58,mobley_2659552,-9.562439,-9.760000,0.197561,0.000073
58,mobley_7176290,-9.065060,-9.620000,0.554940,0.000579
58,mobley_2295058,-9.034606,-9.510000,0.475394,0.000425
58,mobley_6055410,-10.197304,-9.400000,0.797304,0.001195
58,mobley_4639255,-9.965966,-9.300000,0.665966,0.000834
58,mobley_1417007,-4.178979,-9.010000,4.831021,0.043887
58,mobley_6115639,-10.682137,-8.700000,1.982138,0.007388
58,mobley_6353617,-7.601415,-8.260000,0.658586,0.000816
58,mobley_2725215,-8.807769,-7.980000,0.827769,0.001288
58,mobley_7039935,-6.886165,-7.670000,0.783835,0.001155
58,mobley_4059279,-6.763653,-7.580000,0.816347,0.001253
58,mobley_951560,-9.134447,-7.400000,1.734447,0.005657
58,mobley_1922649,-9.681078,-7.190000,2.491078,0.011669
58,mobley_8798016,-7.339895,-7.000000,0.339895,0.000217
58,mobley_1858644,-7.243949,-6.790000,0.453949,0.000388
58,mobley_9114381,-5.569229,-6.720000,1.150771,0.002490
58,mobley_5311804,-5.686823,-6.620000,0.933177,0.001638
58,mobley_6743808,-6.122600,-6.500000,0.377400,0.000268
58,mobley_8789864,-5.774047,-6.400000,0.625953,0.000737
58,mobley_7009711,-5.931856,-6.270000,0.338144,0.000215
58,mobley_8789465,-4.759378,-6.200000,1.440622,0.003903
58,mobley_2923700,-6.072519,-6.130000,0.057481,0.000006
58,mobley_4780078,-5.678941,-6.010000,0.331059,0.000206
58,mobley_5467162,-5.540381,-5.910000,0.369619,0.000257
58,mobley_6257907,-5.611100,-5.820000,0.208900,0.000082
58,mobley_7913234,-5.988948,-5.730000,0.258948,0.000126
58,mobley_5518547,-5.792089,-5.570000,0.222089,0.000093
58,mobley_4883284,-5.867535,-5.490000,0.377535,0.000268
58,mobley_5220185,-5.019307,-5.450000,0.430693,0.000349
58,mobley_3359593,-5.519155,-5.260000,0.259154,0.000126
58,mobley_4683624,-5.831939,-5.210000,0.621939,0.000727
58,mobley_1636752,-3.683857,-5.100000,1.416143,0.003771
58,mobley_2310185,-4.899718,-5.000000,0.100282,0.000019
58,mobley_3682850,-4.238493,-4.910000,0.671506,0.000848
58,mobley_1363784,-4.589759,-4.840000,0.250241,0.000118
58,mobley_2837389,-4.269547,-4.780000,0.510453,0.000490
58,mobley_9507933,-4.822132,-4.720000,0.102132,0.000020
58,mobley_296847,-4.894911,-4.690000,0.204911,0.000079
58,mobley_8208692,-2.963112,-4.610000,1.646888,0.005100
58,mobley_4884177,-4.454490,-4.590000,0.135510,0.000035
58,mobley_6714389,-3.776586,-4.550000,0.773414,0.001125
58,mobley_2245668,-4.408898,-4.500000,0.091102,0.000016
58,mobley_5973402,-4.550407,-4.420000,0.130407,0.000032
58,mobley_3546460,-4.315642,-4.400000,0.084358,0.000013
58,mobley_8311303,-4.061265,-4.380000,0.318735,0.000191
58,mobley_9741965,-5.366427,-4.290000,1.076427,0.002179
58,mobley_4603202,-3.336006,-4.230000,0.893994,0.001503
58,mobley_628086,-4.183028,-4.160000,0.023028,0.000001
58,mobley_4620651,-3.772884,-4.100000,0.327116,0.000201
58,mobley_7977115,-4.178268,-4.060000,0.118268,0.000026
58,mobley_2789243,-2.887364,-4.010000,1.122636,0.002370
58,mobley_3968739,-3.874487,-3.920000,0.045513,0.000004
58,mobley_63712,-3.029486,-3.880000,0.850514,0.001360
58,mobley_1046331,-3.201108,-3.820000,0.618892,0.000720
58,mobley_1160109,-3.900014,-3.750000,0.150014,0.000042
58,mobley_4149784,-3.138665,-3.670000,0.531335,0.000531
58,mobley_397645,-3.872533,-3.640000,0.232533,0.000102
58,mobley_4690963,-4.522361,-3.540000,0.982361,0.001815
58,mobley_1967551,-3.372468,-3.500000,0.127532,0.000031
58,mobley_6733657,-4.706233,-3.440000,1.266233,0.003015
58,mobley_9565165,-3.338065,-3.350000,0.011935,0.000000
58,mobley_2487143,-3.206675,-3.280000,0.073325,0.000010
58,mobley_8449031,-2.176375,-3.220000,1.043625,0.002048
58,mobley_172879,-2.832495,-3.150000,0.317505,0.000190
58,mobley_5346580,-2.044369,-3.110000,1.065631,0.002135
58,mobley_3573480,-2.974535,-3.040000,0.065465,0.000008
58,mobley_1075836,-3.034949,-2.930000,0.104949,0.000021
58,mobley_6102880,-4.226590,-2.870000,1.356590,0.003461
58,mobley_1827204,-2.822363,-2.810000,0.012363,0.000000
58,mobley_2146331,-1.409251,-2.750000,1.340749,0.003380
58,mobley_7943327,-2.539224,-2.680000,0.140776,0.000037
58,mobley_5110043,-2.525634,-2.630000,0.104366,0.000020
58,mobley_5616693,-2.944785,-2.530000,0.414785,0.000324
58,mobley_6619554,-2.232862,-2.490000,0.257138,0.000124
58,mobley_6359156,-4.124969,-2.460000,1.664969,0.005213
58,mobley_1781152,-2.056761,-2.400000,0.343239,0.000222
58,mobley_859464,-2.523097,-2.360000,0.163097,0.000050
58,mobley_7150646,-1.063555,-2.300000,1.236445,0.002875
58,mobley_1592519,-2.470793,-2.230000,0.240793,0.000109
58,mobley_5538249,-2.122411,-2.160000,0.037589,0.000003
58,mobley_6911232,-1.575379,-2.100000,0.524621,0.000518
58,mobley_3269565,-1.277854,-2.010000,0.732146,0.001008
58,mobley_2484519,-2.820000,-1.930000,0.890000,0.001490
58,mobley_7690440,-3.282469,-1.830000,1.452469,0.003967
58,mobley_3802803,-1.529027,-1.660000,0.130973,0.000032
58,mobley_1144156,-1.429416,-1.590000,0.160584,0.000048
58,mobley_2481002,-1.389176,-1.450000,0.060824,0.000007
58,mobley_2489709,-1.297158,-1.360000,0.062842,0.000007
58,mobley_5052949,-1.324777,-1.280000,0.044777,0.000004
58,mobley_2492140,-1.449780,-1.230000,0.219780,0.000091
58,mobley_7542832,-1.130706,-1.160000,0.029294,0.000002
58,mobley_7814642,-1.945356,-1.120000,0.825356,0.001281
58,mobley_1563176,-0.803361,-0.990000,0.186639,0.000066
58,mobley_1873346,-0.867856,-0.900000,0.032144,0.000002
58,mobley_3040612,-0.685779,-0.850000,0.164221,0.000051
58,mobley_4483973,-2.090647,-0.800000,1.290647,0.003132
58,mobley_9913368,-1.675027,-0.780000,0.895027,0.001506
58,mobley_1449384,-0.546990,-0.680000,0.133010,0.000033
58,mobley_7708038,-0.742863,-0.560000,0.182863,0.000063
58,mobley_8311321,-0.055890,-0.500000,0.444110,0.000371
58,mobley_766666,-0.772619,-0.440000,0.332619,0.000208
58,mobley_5445548,-0.480534,-0.300000,0.180534,0.000061
58,mobley_9029594,-0.736575,-0.220000,0.516575,0.000502
58,mobley_3370989,-2.829077,-0.110000,2.719077,0.013903
58,mobley_627267,-0.379582,-0.030000,0.349582,0.000230
58,mobley_6250025,0.305676,0.080000,0.225676,0.000096
58,mobley_4252724,-0.504586,0.160000,0.664586,0.000831
58,mobley_7157427,0.451931,0.290000,0.161931,0.000049
58,mobley_8885088,-0.529673,0.560000,1.089673,0.002233
58,mobley_8522124,0.866492,0.710000,0.156492,0.000046
58,mobley_4678740,-0.846781,1.070000,1.916781,0.006909
58,mobley_2689721,0.793855,1.230000,0.436145,0.000358
58,mobley_1662128,1.235268,1.380000,0.144732,0.000039
58,mobley_4762983,1.910292,1.660000,0.250292,0.000118
58,mobley_7732703,1.276304,1.790000,0.513696,0.000496
58,mobley_2068538,1.481249,2.000000,0.518751,0.000506
58,mobley_5157661,1.869486,2.300000,0.430514,0.000349
58,mobley_1261349,2.503344,2.510000,0.006656,0.000000
58,mobley_2328633,2.044318,2.550000,0.505682,0.000481
58,mobley_8436428,2.785353,2.830000,0.044647,0.000004
58,mobley_3060426,3.277047,2.930000,0.347047,0.000226
58,mobley_2197088,3.187713,3.160000,0.027713,0.000001
59,mobley_9534740,-22.918045,-25.469999,2.551954,0.012246
59,mobley_6239320,-20.236898,-18.059999,2.176899,0.008911
59,mobley_7794077,-14.295187,-15.460000,1.164813,0.002551
59,mobley_7415647,-13.035831,-11.950000,1.085832,0.002217
59,mobley_1728386,-10.625998,-11.000000,0.374002,0.000263
59,mobley_2269032,-9.664819,-10.210000,0.545181,0.000559
59,mobley_2913224,-7.057450,-9.940000,2.882550,0.015625
59,mobley_2659552,-9.687574,-9.760000,0.072426,0.000010
59,mobley_7176290,-9.152294,-9.620000,0.467706,0.000411
59,mobley_2295058,-9.101292,-9.510000,0.408709,0.000314
59,mobley_6055410,-10.307092,-9.400000,0.907092,0.001547
59,mobley_4639255,-10.085137,-9.300000,0.785137,0.001159
59,mobley_1417007,-4.316761,-9.010000,4.693239,0.041420
59,mobley_6115639,-10.788282,-8.700000,2.088283,0.008201
59,mobley_6353617,-7.653005,-8.260000,0.606995,0.000693
59,mobley_2725215,-9.060014,-7.980000,1.080014,0.002193
59,mobley_7039935,-6.982316,-7.670000,0.687685,0.000889
59,mobley_4059279,-6.898637,-7.580000,0.681363,0.000873
59,mobley_951560,-9.271638,-7.400000,1.871638,0.006587
59,mobley_1922649,-9.789396,-7.190000,2.599396,0.012706
59,mobley_8798016,-7.390777,-7.000000,0.390777,0.000287
59,mobley_1858644,-7.381310,-6.790000,0.591310,0.000657
59,mobley_9114381,-5.642032,-6.720000,1.077968,0.002185
59,mobley_5311804,-5.809622,-6.620000,0.810378,0.001235
59,mobley_6743808,-6.201567,-6.500000,0.298433,0.000167
59,mobley_8789864,-5.863276,-6.400000,0.536724,0.000542
59,mobley_7009711,-6.009241,-6.270000,0.260759,0.000128
59,mobley_8789465,-4.894531,-6.200000,1.305469,0.003205
59,mobley_2923700,-6.150003,-6.130000,0.020003,0.000001
59,mobley_4780078,-5.773665,-6.010000,0.236335,0.000105
59,mobley_5467162,-5.637215,-5.910000,0.272785,0.000140
59,mobley_6257907,-5.720881,-5.820000,0.099119,0.000018
59,mobley_7913234,-6.150897,-5.730000,0.420897,0.000333
59,mobley_5518547,-5.884689,-5.570000,0.314689,0.000186
59,mobley_4883284,-5.968343,-5.490000,0.478343,0.000430
59,mobley_5220185,-5.056302,-5.450000,0.393698,0.000291
59,mobley_3359593,-5.624030,-5.260000,0.364029,0.000249
59,mobley_4683624,-5.932549,-5.210000,0.722549,0.000982
59,mobley_1636752,-3.744136,-5.100000,1.355864,0.003457
59,mobley_2310185,-4.961697,-5.000000,0.038303,0.000003
59,mobley_3682850,-4.290199,-4.910000,0.619801,0.000722
59,mobley_1363784,-4.637796,-4.840000,0.202204,0.000077
59,mobley_2837389,-4.341033,-4.780000,0.438967,0.000362
59,mobley_9507933,-4.880276,-4.720000,0.160276,0.000048
59,mobley_296847,-4.925821,-4.690000,0.235821,0.000105
59,mobley_8208692,-3.039821,-4.610000,1.570179,0.004636
59,mobley_4884177,-4.489880,-4.590000,0.100120,0.000019
59,mobley_6714389,-3.844783,-4.550000,0.705217,0.000935
59,mobley_2245668,-4.497642,-4.500000,0.002358,0.000000
59,mobley_5973402,-4.667078,-4.420000,0.247078,0.000115
59,mobley_3546460,-4.453415,-4.400000,0.053415,0.000005
59,mobley_8311303,-4.202759,-4.380000,0.177241,0.000059
59,mobley_9741965,-5.401748,-4.290000,1.111748,0.002324
59,mobley_4603202,-3.413842,-4.230000,0.816158,0.001253
59,mobley_628086,-4.268950,-4.160000,0.108951,0.000022
59,mobley_4620651,-3.847980,-4.100000,0.252020,0.000119
59,mobley_7977115,-4.347724,-4.060000,0.287724,0.000156
59,mobley_2789243,-2.951117,-4.010000,1.058884,0.002108
59,mobley_3968739,-3.938829,-3.920000,0.018829,0.000001
59,mobley_63712,-3.150473,-3.880000,0.729527,0.001001
59,mobley_1046331,-3.277421,-3.820000,0.542579,0.000554
59,mobley_1160109,-4.088271,-3.750000,0.338271,0.000215
59,mobley_4149784,-3.252714,-3.670000,0.417286,0.000327
59,mobley_397645,-3.956711,-3.640000,0.316711,0.000189
59,mobley_4690963,-4.618356,-3.540000,1.078356,0.002187
59,mobley_1967551,-3.425542,-3.500000,0.074458,0.000010
59,mobley_6733657,-4.879775,-3.440000,1.439775,0.003898
59,mobley_9565165,-3.498017,-3.350000,0.148017,0.000041
59,mobley_2487143,-3.283990,-3.280000,0.003990,0.000000
59,mobley_8449031,-2.261657,-3.220000,0.958344,0.001727
59,mobley_172879,-2.898555,-3.150000,0.251445,0.000119
59,mobley_5346580,-2.119708,-3.110000,0.990292,0.001844
59,mobley_3573480,-3.066033,-3.040000,0.026033,0.000001
59,mobley_1075836,-3.065274,-2.930000,0.135274,0.000034
59,mobley_6102880,-4.312500,-2.870000,1.442500,0.003913
59,mobley_1827204,-2.925672,-2.810000,0.115672,0.000025
59,mobley_2146331,-1.515034,-2.750000,1.234966,0.002868
59,mobley_7943327,-2.585383,-2.680000,0.094617,0.000017
59,mobley_5110043,-2.619847,-2.630000,0.010153,0.000000
59,mobley_5616693,-3.103133,-2.530000,0.573133,0.000618
59,mobley_6619554,-2.319411,-2.490000,0.170589,0.000055
59,mobley_6359156,-4.323724,-2.460000,1.863724,0.006532
59,mobley_1781152,-2.113206,-2.400000,0.286794,0.000155
59,mobley_859464,-2.608562,-2.360000,0.248562,0.000116
59,mobley_7150646,-1.191332,-2.300000,1.108668,0.002311
59,mobley_1592519,-2.567637,-2.230000,0.337637,0.000214
59,mobley_5538249,-2.237396,-2.160000,0.077396,0.000011
59,mobley_6911232,-1.619962,-2.100000,0.480038,0.000433
59,mobley_3269565,-1.333409,-2.010000,0.676591,0.000861
59,mobley_2484519,-2.928143,-1.930000,0.998143,0.001873
59,mobley_7690440,-3.348510,-1.830000,1.518510,0.004336
59,mobley_3802803,-1.588848,-1.660000,0.071152,0.000010
59,mobley_1144156,-1.480958,-1.590000,0.109042,0.000022
59,mobley_2481002,-1.380315,-1.450000,0.069685,0.000009
59,mobley_2489709,-1.330023,-1.360000,0.029977,0.000002
59,mobley_5052949,-1.439555,-1.280000,0.159555,0.000048
59,mobley_2492140,-1.458320,-1.230000,0.228320,0.000098
59,mobley_7542832,-1.229241,-1.160000,0.069241,0.000009
59,mobley_7814642,-2.007087,-1.120000,0.887087,0.001480
59,mobley_1563176,-0.917470,-0.990000,0.072530,0.000010
59,mobley_1873346,-0.929089,-0.900000,0.029089,0.000002
59,mobley_3040612,-0.756964,-0.850000,0.093036,0.000016
59,mobley_4483973,-2.124127,-0.800000,1.324127,0.003297
59,mobley_9913368,-1.685277,-0.780000,0.905277,0.001541
59,mobley_1449384,-0.621481,-0.680000,0.058519,0.000006
59,mobley_7708038,-0.866336,-0.560000,0.306336,0.000176
59,mobley_8311321,-0.091570,-0.500000,0.408430,0.000314
59,mobley_766666,-0.776128,-0.440000,0.336128,0.000212
59,mobley_5445548,-0.559243,-0.300000,0.259243,0.000126
59,mobley_9029594,-0.750241,-0.220000,0.530241,0.000529
59,mobley_3370989,-2.845111,-0.110000,2.735111,0.014067
59,mobley_627267,-0.525996,-0.030000,0.495996,0.000463
59,mobley_6250025,0.157388,0.080000,0.077388,0.000011
59,mobley_4252724,-0.610745,0.160000,0.770745,0.001117
59,mobley_7157427,0.322249,0.290000,0.032249,0.000002
59,mobley_8885088,-0.574147,0.560000,1.134147,0.002419
59,mobley_8522124,0.711255,0.710000,0.001255,0.000000
59,mobley_4678740,-0.912113,1.070000,1.982113,0.007388
59,mobley_2689721,0.797412,1.230000,0.432588,0.000352
59,mobley_1662128,1.181367,1.380000,0.198633,0.000074
59,mobley_4762983,1.791427,1.660000,0.131427,0.000032
59,mobley_7732703,1.201767,1.790000,0.588233,0.000651
59,mobley_2068538,1.471253,2.000000,0.528747,0.000526
59,mobley_5157661,1.854823,2.300000,0.445176,0.000373
59,mobley_1261349,2.461440,2.510000,0.048560,0.000004
59,mobley_2328633,1.953019,2.550000,0.596981,0.000670
59,mobley_8436428,2.739433,2.830000,0.090567,0.000015
59,mobley_3060426,3.169639,2.930000,0.239639,0.000108
59,mobley_2197088,3.097398,3.160000,0.062602,0.000007
60,mobley_9534740,-22.499300,-25.469999,2.970699,0.016595
60,mobley_6239320,-19.933939,-18.059999,1.873940,0.006603
60,mobley_7794077,-14.090001,-15.460000,1.369999,0.003529
60,mobley_7415647,-12.979655,-11.950000,1.029655,0.001994
60,mobley_1728386,-10.578658,-11.000000,0.421342,0.000334
60,mobley_2269032,-9.482923,-10.210000,0.727077,0.000994
60,mobley_2913224,-6.967680,-9.940000,2.972320,0.016613
60,mobley_2659552,-9.583941,-9.760000,0.176060,0.000058
60,mobley_7176290,-9.102211,-9.620000,0.517789,0.000504
60,mobley_2295058,-9.039971,-9.510000,0.470029,0.000415
60,mobley_6055410,-10.165581,-9.400000,0.765581,0.001102
60,mobley_4639255,-9.928144,-9.300000,0.628144,0.000742
60,mobley_1417007,-4.237677,-9.010000,4.772323,0.042827
60,mobley_6115639,-10.805304,-8.700000,2.105304,0.008335
60,mobley_6353617,-7.544360,-8.260000,0.715641,0.000963
60,mobley_2725215,-8.890739,-7.980000,0.910739,0.001560
60,mobley_7039935,-6.909154,-7.670000,0.760846,0.001089
60,mobley_4059279,-6.825238,-7.580000,0.754762,0.001071
60,mobley_951560,-9.148562,-7.400000,1.748562,0.005749
60,mobley_1922649,-9.816549,-7.190000,2.626549,0.012973
60,mobley_8798016,-7.273164,-7.000000,0.273164,0.000140
60,mobley_1858644,-7.276288,-6.790000,0.486288,0.000445
60,mobley_9114381,-5.586937,-6.720000,1.133063,0.002414
60,mobley_5311804,-5.717796,-6.620000,0.902204,0.001531
60,mobley_6743808,-6.039650,-6.500000,0.460350,0.000399
60,mobley_8789864,-5.896277,-6.400000,0.503723,0.000477
60,mobley_7009711,-5.842476,-6.270000,0.427524,0.000344
60,mobley_8789465,-4.771544,-6.200000,1.428455,0.003837
60,mobley_2923700,-6.063514,-6.130000,0.066486,0.000008
60,mobley_4780078,-5.594079,-6.010000,0.415922,0.000325
60,mobley_5467162,-5.517294,-5.910000,0.392706,0.000290
60,mobley_6257907,-5.716215,-5.820000,0.103785,0.000020
60,mobley_7913234,-5.963243,-5.730000,0.233243,0.000102
60,mobley_5518547,-5.821685,-5.570000,0.251685,0.000119
60,mobley_4883284,-5.957599,-5.490000,0.467599,0.000411
60,mobley_5220185,-4.945752,-5.450000,0.504248,0.000478
60,mobley_3359593,-5.509100,-5.260000,0.249100,0.000117
60,mobley_4683624,-5.829011,-5.210000,0.619011,0.000721
60,mobley_1636752,-3.664818,-5.100000,1.435182,0.003873
60,mobley_2310185,-4.875465,-5.000000,0.124535,0.000029
60,mobley_3682850,-4.225984,-4.910000,0.684016,0.000880
60,mobley_1363784,-4.457133,-4.840000,0.382867,0.000276
60,mobley_2837389,-4.207257,-4.780000,0.572743,0.000617
60,mobley_9507933,-4.673171,-4.720000,0.046829,0.000004
60,mobley_296847,-4.852220,-4.690000,0.162220,0.000049
60,mobley_8208692,-3.053630,-4.610000,1.556370,0.004555
60,mobley_4884177,-4.382200,-4.590000,0.207800,0.000081
60,mobley_6714389,-3.801339,-4.550000,0.748661,0.001054
60,mobley_2245668,-4.385849,-4.500000,0.114151,0.000025
60,mobley_5973402,-4.525653,-4.420000,0.105653,0.000021
60,mobley_3546460,-4.278245,-4.400000,0.121755,0.000028
60,mobley_8311303,-4.204350,-4.380000,0.175650,0.000058
60,mobley_9741965,-5.397546,-4.290000,1.107546,0.002307
60,mobley_4603202,-3.389157,-4.230000,0.840843,0.001330
60,mobley_628086,-4.177469,-4.160000,0.017469,0.000001
60,mobley_4620651,-3.745202,-4.100000,0.354798,0.000237
60,mobley_7977115,-4.139051,-4.060000,0.079051,0.000012
60,mobley_2789243,-2.950164,-4.010000,1.059836,0.002112
60,mobley_3968739,-3.936837,-3.920000,0.016837,0.000001
60,mobley_63712,-3.072534,-3.880000,0.807466,0.001226
60,mobley_1046331,-3.253897,-3.820000,0.566103,0.000603
60,mobley_1160109,-3.869325,-3.750000,0.119325,0.000027
60,mobley_4149784,-3.311878,-3.670000,0.358122,0.000241
60,mobley_397645,-3.955881,-3.640000,0.315881,0.000188
60,mobley_4690963,-4.549913,-3.540000,1.009913,0.001918
60,mobley_1967551,-3.347066,-3.500000,0.152934,0.000044
60,mobley_6733657,-4.894612,-3.440000,1.454612,0.003979
60,mobley_9565165,-3.371863,-3.350000,0.021863,0.000001
60,mobley_2487143,-3.178764,-3.280000,0.101236,0.000019
60,mobley_8449031,-2.198613,-3.220000,1.021387,0.001962
60,mobley_172879,-2.918444,-3.150000,0.231556,0.000101
60,mobley_5346580,-2.001198,-3.110000,1.108802,0.002312
60,mobley_3573480,-2.952612,-3.040000,0.087388,0.000014
60,mobley_1075836,-3.037148,-2.930000,0.107148,0.000022
60,mobley_6102880,-4.325541,-2.870000,1.455541,0.003984
60,mobley_1827204,-2.785738,-2.810000,0.024262,0.000001
60,mobley_2146331,-1.400712,-2.750000,1.349288,0.003424
60,mobley_7943327,-2.545207,-2.680000,0.134793,0.000034
60,mobley_5110043,-2.444586,-2.630000,0.185415,0.000065
60,mobley_5616693,-2.927931,-2.530000,0.397931,0.000298
60,mobley_6619554,-2.236449,-2.490000,0.253551,0.000121
60,mobley_6359156,-4.313548,-2.460000,1.853548,0.006461
60,mobley_1781152,-2.044785,-2.400000,0.355215,0.000237
60,mobley_859464,-2.524414,-2.360000,0.164414,0.000051
60,mobley_7150646,-1.101010,-2.300000,1.198990,0.002703
60,mobley_1592519,-2.468548,-2.230000,0.238548,0.000107
60,mobley_5538249,-2.268157,-2.160000,0.108156,0.000022
60,mobley_6911232,-1.600075,-2.100000,0.499925,0.000470
60,mobley_3269565,-1.314450,-2.010000,0.695550,0.000910
60,mobley_2484519,-2.898538,-1.930000,0.968538,0.001764
60,mobley_7690440,-3.321065,-1.830000,1.491065,0.004181
60,mobley_3802803,-1.551428,-1.660000,0.108572,0.000022
60,mobley_1144156,-1.448827,-1.590000,0.141173,0.000037
60,mobley_2481002,-1.404711,-1.450000,0.045289,0.000004
60,mobley_2489709,-1.372329,-1.360000,0.012329,0.000000
60,mobley_5052949,-1.357172,-1.280000,0.077172,0.000011
60,mobley_2492140,-1.448123,-1.230000,0.218123,0.000089
60,mobley_7542832,-1.145108,-1.160000,0.014892,0.000000
60,mobley_7814642,-2.050220,-1.120000,0.930220,0.001627
60,mobley_1563176,-0.810182,-0.990000,0.179818,0.000061
60,mobley_1873346,-0.890803,-0.900000,0.009197,0.000000
60,mobley_3040612,-0.676108,-0.850000,0.173892,0.000057
60,mobley_4483973,-2.131890,-0.800000,1.331890,0.003336
60,mobley_9913368,-1.699419,-0.780000,0.919419,0.001590
60,mobley_1449384,-0.514818,-0.680000,0.165182,0.000051
60,mobley_7708038,-0.720358,-0.560000,0.160358,0.000048
60,mobley_8311321,-0.096056,-0.500000,0.403944,0.000307
60,mobley_766666,-0.790895,-0.440000,0.350895,0.000232
60,mobley_5445548,-0.517556,-0.300000,0.217556,0.000089
60,mobley_9029594,-0.739382,-0.220000,0.519382,0.000507
60,mobley_3370989,-2.828647,-0.110000,2.718647,0.013899
60,mobley_627267,-0.365839,-0.030000,0.335839,0.000212
60,mobley_6250025,0.333758,0.080000,0.253758,0.000121
60,mobley_4252724,-0.552924,0.160000,0.712924,0.000956
60,mobley_7157427,0.439199,0.290000,0.149199,0.000042
60,mobley_8885088,-0.482303,0.560000,1.042303,0.002043
60,mobley_8522124,0.879749,0.710000,0.169749,0.000054
60,mobley_4678740,-0.883790,1.070000,1.953791,0.007178
60,mobley_2689721,0.810001,1.230000,0.419999,0.000332
60,mobley_1662128,1.254656,1.380000,0.125344,0.000030
60,mobley_4762983,1.928541,1.660000,0.268541,0.000136
60,mobley_7732703,1.239880,1.790000,0.550120,0.000569
60,mobley_2068538,1.486794,2.000000,0.513206,0.000495
60,mobley_5157661,1.880856,2.300000,0.419144,0.000330
60,mobley_1261349,2.522877,2.510000,0.012877,0.000000
60,mobley_2328633,2.080660,2.550000,0.469340,0.000414
60,mobley_8436428,2.797727,2.830000,0.032273,0.000002
60,mobley_3060426,3.292292,2.930000,0.362292,0.000247
60,mobley_2197088,3.199803,3.160000,0.039803,0.000003
61,mobley_9534740,-22.745892,-25.469999,2.724108,0.013954
61,mobley_6239320,-19.918453,-18.059999,1.858454,0.006495
61,mobley_7794077,-14.057513,-15.460000,1.402487,0.003699
61,mobley_7415647,-12.937071,-11.950000,0.987071,0.001832
61,mobley_1728386,-10.577908,-11.000000,0.422092,0.000335
61,mobley_2269032,-9.499769,-10.210000,0.710231,0.000949
61,mobley_2913224,-6.966979,-9.940000,2.973021,0.016621
61,mobley_2659552,-9.537553,-9.760000,0.222447,0.000093
61,mobley_7176290,-9.147708,-9.620000,0.472292,0.000419
61,mobley_2295058,-9.059081,-9.510000,0.450919,0.000382
61,mobley_6055410,-10.222903,-9.400000,0.822904,0.001273
61,mobley_4639255,-10.013421,-9.300000,0.713421,0.000957
61,mobley_1417007,-4.192590,-9.010000,4.817410,0.043641
61,mobley_6115639,-10.620009,-8.700000,1.920010,0.006932
61,mobley_6353617,-7.570174,-8.260000,0.689826,0.000895
61,mobley_2725215,-8.801296,-7.980000,0.821296,0.001268
61,mobley_7039935,-6.978073,-7.670000,0.691927,0.000900
61,mobley_4059279,-6.631809,-7.580000,0.948191,0.001691
61,mobley_951560,-9.175361,-7.400000,1.775361,0.005927
61,mobley_1922649,-9.607972,-7.190000,2.417972,0.010994
61,mobley_8798016,-7.359882,-7.000000,0.359882,0.000244
61,mobley_1858644,-7.310416,-6.790000,0.520416,0.000509
61,mobley_9114381,-5.555691,-6.720000,1.164309,0.002549
61,mobley_5311804,-5.767332,-6.620000,0.852668,0.001367
61,mobley_6743808,-6.036194,-6.500000,0.463806,0.000405
61,mobley_8789864,-5.664228,-6.400000,0.735772,0.001018
61,mobley_7009711,-5.905802,-6.270000,0.364198,0.000249
61,mobley_8789465,-4.860631,-6.200000,1.339369,0.003373
61,mobley_2923700,-6.123856,-6.130000,0.006144,0.000000
61,mobley_4780078,-5.647657,-6.010000,0.362343,0.000247
61,mobley_5467162,-5.535449,-5.910000,0.374551,0.000264
61,mobley_6257907,-5.710887,-5.820000,0.109113,0.000022
61,mobley_7913234,-5.935488,-5.730000,0.205488,0.000079
61,mobley_5518547,-5.819361,-5.570000,0.249361,0.000117
61,mobley_4883284,-5.941397,-5.490000,0.451397,0.000383
61,mobley_5220185,-4.986056,-5.450000,0.463944,0.000405
61,mobley_3359593,-5.455849,-5.260000,0.195848,0.000072
61,mobley_4683624,-5.889740,-5.210000,0.679740,0.000869
61,mobley_1636752,-3.651144,-5.100000,1.448856,0.003947
61,mobley_2310185,-4.873902,-5.000000,0.126098,0.000030
61,mobley_3682850,-4.162724,-4.910000,0.747276,0.001050
61,mobley_1363784,-4.512049,-4.840000,0.327951,0.000202
61,mobley_2837389,-4.277142,-4.780000,0.502859,0.000476
61,mobley_9507933,-4.740939,-4.720000,0.020939,0.000001
61,mobley_296847,-4.891871,-4.690000,0.201871,0.000077
61,mobley_8208692,-2.980268,-4.610000,1.629733,0.004995
61,mobley_4884177,-4.409566,-4.590000,0.180434,0.000061
61,mobley_6714389,-3.764125,-4.550000,0.785875,0.001161
61,mobley_2245668,-4.421524,-4.500000,0.078476,0.000012
61,mobley_5973402,-4.552090,-4.420000,0.132090,0.000033
61,mobley_3546460,-4.361762,-4.400000,0.038238,0.000003
61,mobley_8311303,-4.158849,-4.380000,0.221151,0.000092
61,mobley_9741965,-5.274793,-4.290000,0.984793,0.001824
61,mobley_4603202,-3.275855,-4.230000,0.954145,0.001712
61,mobley_628086,-4.162638,-4.160000,0.002638,0.000000
61,mobley_4620651,-3.698439,-4.100000,0.401561,0.000303
61,mobley_7977115,-4.194114,-4.060000,0.134114,0.000034
61,mobley_2789243,-2.888694,-4.010000,1.121306,0.002364
61,mobley_3968739,-3.878919,-3.920000,0.041081,0.000003
61,mobley_63712,-2.934213,-3.880000,0.945787,0.001682
61,mobley_1046331,-3.234154,-3.820000,0.585845,0.000645
61,mobley_1160109,-3.824272,-3.750000,0.074272,0.000010
61,mobley_4149784,-3.262479,-3.670000,0.407521,0.000312
61,mobley_397645,-3.867743,-3.640000,0.227743,0.000098
61,mobley_4690963,-4.396183,-3.540000,0.856184,0.001378
61,mobley_1967551,-3.381088,-3.500000,0.118912,0.000027
61,mobley_6733657,-4.816523,-3.440000,1.376523,0.003563
61,mobley_9565165,-3.413714,-3.350000,0.063715,0.000008
61,mobley_2487143,-3.154575,-3.280000,0.125425,0.000030
61,mobley_8449031,-2.108947,-3.220000,1.111053,0.002321
61,mobley_172879,-2.862604,-3.150000,0.287396,0.000155
61,mobley_5346580,-1.879444,-3.110000,1.230556,0.002848
61,mobley_3573480,-2.948491,-3.040000,0.091509,0.000016
61,mobley_1075836,-2.959858,-2.930000,0.029858,0.000002
61,mobley_6102880,-4.281661,-2.870000,1.411661,0.003747
61,mobley_1827204,-2.818622,-2.810000,0.008622,0.000000
61,mobley_2146331,-1.397804,-2.750000,1.352196,0.003438
61,mobley_7943327,-2.453545,-2.680000,0.226455,0.000096
61,mobley_5110043,-2.498795,-2.630000,0.131205,0.000032
61,mobley_5616693,-2.933034,-2.530000,0.403034,0.000305
61,mobley_6619554,-2.167921,-2.490000,0.322079,0.000195
61,mobley_6359156,-4.227180,-2.460000,1.767180,0.005873
61,mobley_1781152,-1.938718,-2.400000,0.461282,0.000400
61,mobley_859464,-2.451389,-2.360000,0.091389,0.000016
61,mobley_7150646,-1.104925,-2.300000,1.195075,0.002686
61,mobley_1592519,-2.434264,-2.230000,0.204264,0.000078
61,mobley_5538249,-2.231416,-2.160000,0.071416,0.000010
61,mobley_6911232,-1.445777,-2.100000,0.654223,0.000805
61,mobley_3269565,-1.124361,-2.010000,0.885639,0.001475
61,mobley_2484519,-2.921559,-1.930000,0.991559,0.001849
61,mobley_7690440,-3.180534,-1.830000,1.350534,0.003430
61,mobley_3802803,-1.531188,-1.660000,0.128812,0.000031
61,mobley_1144156,-1.320315,-1.590000,0.269685,0.000137
61,mobley_2481002,-1.342004,-1.450000,0.107996,0.000022
61,mobley_2489709,-1.297818,-1.360000,0.062182,0.000007
61,mobley_5052949,-1.304232,-1.280000,0.024232,0.000001
61,mobley_2492140,-1.412986,-1.230000,0.182986,0.000063
61,mobley_7542832,-1.061039,-1.160000,0.098961,0.000018
61,mobley_7814642,-1.956883,-1.120000,0.836883,0.001317
61,mobley_1563176,-0.816342,-0.990000,0.173658,0.000057
61,mobley_1873346,-0.864551,-0.900000,0.035449,0.000002
61,mobley_3040612,-0.665485,-0.850000,0.184515,0.000064
61,mobley_4483973,-2.082934,-0.800000,1.282934,0.003095
61,mobley_9913368,-1.658729,-0.780000,0.878729,0.001452
61,mobley_1449384,-0.518320,-0.680000,0.161680,0.000049
61,mobley_7708038,-0.787835,-0.560000,0.227835,0.000098
61,mobley_8311321,-0.078145,-0.500000,0.421855,0.000335
61,mobley_766666,-0.773209,-0.440000,0.333209,0.000209
61,mobley_5445548,-0.502794,-0.300000,0.202794,0.000077
61,mobley_9029594,-0.665774,-0.220000,0.445774,0.000374
61,mobley_3370989,-2.778605,-0.110000,2.668605,0.013392
61,mobley_627267,-0.429318,-0.030000,0.399318,0.000300
61,mobley_6250025,0.209499,0.080000,0.129499,0.000032
61,mobley_4252724,-0.506164,0.160000,0.666164,0.000834
61,mobley_7157427,0.427845,0.290000,0.137845,0.000036
61,mobley_8885088,-0.427715,0.560000,0.987715,0.001835
61,mobley_8522124,0.796238,0.710000,0.086238,0.000014
61,mobley_4678740,-0.827901,1.070000,1.897901,0.006773
61,mobley_2689721,0.877474,1.230000,0.352526,0.000234
61,mobley_1662128,1.271784,1.380000,0.108216,0.000022
61,mobley_4762983,1.911107,1.660000,0.251107,0.000119
61,mobley_7732703,1.194778,1.790000,0.595222,0.000666
61,mobley_2068538,1.487599,2.000000,0.512401,0.000494
61,mobley_5157661,1.901958,2.300000,0.398041,0.000298
61,mobley_1261349,2.628960,2.510000,0.118960,0.000027
61,mobley_2328633,2.090641,2.550000,0.459359,0.000397
61,mobley_8436428,2.860068,2.830000,0.030068,0.000002
61,mobley_3060426,3.422766,2.930000,0.492766,0.000457
61,mobley_2197088,3.183481,3.160000,0.023481,0.000001
62,mobley_9534740,-22.367851,-25.469999,3.102148,0.018096
62,mobley_6239320,-20.071289,-18.059999,2.011290,0.007607
62,mobley_7794077,-14.204711,-15.460000,1.255289,0.002963
62,mobley_7415647,-13.076564,-11.950000,1.126564,0.002387
62,mobley_1728386,-10.545131,-11.000000,0.454869,0.000389
62,mobley_2269032,-9.515119,-10.210000,0.694881,0.000908
62,mobley_2913224,-6.985105,-9.940000,2.954895,0.016419
62,mobley_2659552,-9.666370,-9.760000,0.093630,0.000016
62,mobley_7176290,-9.128916,-9.620000,0.491084,0.000453
62,mobley_2295058,-9.052049,-9.510000,0.457952,0.000394
62,mobley_6055410,-10.168444,-9.400000,0.768444,0.001110
62,mobley_4639255,-9.870001,-9.300000,0.570001,0.000611
62,mobley_1417007,-4.216708,-9.010000,4.793292,0.043205
62,mobley_6115639,-10.708881,-8.700000,2.008882,0.007589
62,mobley_6353617,-7.539371,-8.260000,0.720630,0.000977
62,mobley_2725215,-8.894879,-7.980000,0.914879,0.001574
62,mobley_7039935,-6.927873,-7.670000,0.742127,0.001036
62,mobley_4059279,-6.685035,-7.580000,0.894965,0.001506
62,mobley_951560,-9.076045,-7.400000,1.676045,0.005282
62,mobley_1922649,-9.722992,-7.190000,2.532992,0.012065
62,mobley_8798016,-7.270976,-7.000000,0.270976,0.000138
62,mobley_1858644,-7.247210,-6.790000,0.457210,0.000393
62,mobley_9114381,-5.558579,-6.720000,1.161421,0.002537
62,mobley_5311804,-5.696157,-6.620000,0.923843,0.001605
62,mobley_6743808,-6.051533,-6.500000,0.448467,0.000378
62,mobley_8789864,-5.765742,-6.400000,0.634258,0.000756
62,mobley_7009711,-5.887481,-6.270000,0.382519,0.000275
62,mobley_8789465,-4.776053,-6.200000,1.423947,0.003813
62,mobley_2923700,-6.084149,-6.130000,0.045851,0.000004
62,mobley_4780078,-5.642351,-6.010000,0.367650,0.000254
62,mobley_5467162,-5.521111,-5.910000,0.388889,0.000284
62,mobley_6257907,-5.629529,-5.820000,0.190471,0.000068
62,mobley_7913234,-5.920170,-5.730000,0.190170,0.000068
62,mobley_5518547,-5.771216,-5.570000,0.201216,0.000076
62,mobley_4883284,-5.870364,-5.490000,0.380364,0.000272
62,mobley_5220185,-4.955451,-5.450000,0.494548,0.000460
62,mobley_3359593,-5.482105,-5.260000,0.222105,0.000093
62,mobley_4683624,-5.864084,-5.210000,0.654084,0.000805
62,mobley_1636752,-3.630831,-5.100000,1.469169,0.004059
62,mobley_2310185,-4.855700,-5.000000,0.144300,0.000039
62,mobley_3682850,-4.216873,-4.910000,0.693127,0.000903
62,mobley_1363784,-4.501160,-4.840000,0.338840,0.000216
62,mobley_2837389,-4.173987,-4.780000,0.606013,0.000691
62,mobley_9507933,-4.706154,-4.720000,0.013846,0.000000
62,mobley_296847,-4.809568,-4.690000,0.119568,0.000027
62,mobley_8208692,-2.980932,-4.610000,1.629068,0.004990
62,mobley_4884177,-4.371944,-4.590000,0.218056,0.000089
62,mobley_6714389,-3.738450,-4.550000,0.811550,0.001238
62,mobley_2245668,-4.387342,-4.500000,0.112658,0.000024
62,mobley_5973402,-4.525507,-4.420000,0.105507,0.000021
62,mobley_3546460,-4.331433,-4.400000,0.068567,0.000009
62,mobley_8311303,-4.120218,-4.380000,0.259782,0.000127
62,mobley_9741965,-5.372426,-4.290000,1.082426,0.002203
62,mobley_4603202,-3.294763,-4.230000,0.935237,0.001645
62,mobley_628086,-4.242270,-4.160000,0.082271,0.000013
62,mobley_4620651,-3.769105,-4.100000,0.330894,0.000206
62,mobley_7977115,-4.191118,-4.060000,0.131118,0.000032
62,mobley_2789243,-2.853201,-4.010000,1.156799,0.002516
62,mobley_3968739,-3.905567,-3.920000,0.014433,0.000000
62,mobley_63712,-3.051922,-3.880000,0.828078,0.001289
62,mobley_1046331,-3.216523,-3.820000,0.603477,0.000685
62,mobley_1160109,-3.914044,-3.750000,0.164044,0.000051
62,mobley_4149784,-3.256061,-3.670000,0.413939,0.000322
62,mobley_397645,-3.927272,-3.640000,0.287271,0.000155
62,mobley_4690963,-4.483817,-3.540000,0.943817,0.001675
62,mobley_1967551,-3.360925,-3.500000,0.139075,0.000036
62,mobley_6733657,-4.799884,-3.440000,1.359884,0.003477
62,mobley_9565165,-3.382537,-3.350000,0.032537,0.000002
62,mobley_2487143,-3.191975,-3.280000,0.088025,0.000015
62,mobley_8449031,-2.162694,-3.220000,1.057306,0.002102
62,mobley_172879,-2.868705,-3.150000,0.281295,0.000149
62,mobley_5346580,-1.951161,-3.110000,1.158839,0.002525
62,mobley_3573480,-2.990130,-3.040000,0.049870,0.000005
62,mobley_1075836,-3.019656,-2.930000,0.089656,0.000015
62,mobley_6102880,-4.259651,-2.870000,1.389651,0.003631
62,mobley_1827204,-2.834985,-2.810000,0.024985,0.000001
62,mobley_2146331,-1.371834,-2.750000,1.378166,0.003572
62,mobley_7943327,-2.527929,-2.680000,0.152071,0.000043
62,mobley_5110043,-2.527376,-2.630000,0.102624,0.000020
62,mobley_5616693,-3.005053,-2.530000,0.475053,0.000424
62,mobley_6619554,-2.240442,-2.490000,0.249558,0.000117
62,mobley_6359156,-4.145957,-2.460000,1.685957,0.005345
62,mobley_1781152,-2.021534,-2.400000,0.378466,0.000269
62,mobley_859464,-2.521622,-2.360000,0.161622,0.000049
62,mobley_7150646,-1.055174,-2.300000,1.244825,0.002914
62,mobley_1592519,-2.496458,-2.230000,0.266458,0.000134
62,mobley_5538249,-2.159933,-2.160000,0.000067,0.000000
62,mobley_6911232,-1.556767,-2.100000,0.543232,0.000555
62,mobley_3269565,-1.276357,-2.010000,0.733643,0.001012
62,mobley_2484519,-2.834770,-1.930000,0.904770,0.001539
62,mobley_7690440,-3.249297,-1.830000,1.419297,0.003788
62,mobley_3802803,-1.604673,-1.660000,0.055327,0.000006
62,mobley_1144156,-1.405431,-1.590000,0.184569,0.000064
62,mobley_2481002,-1.351213,-1.450000,0.098787,0.000018
62,mobley_2489709,-1.270824,-1.360000,0.089176,0.000015
62,mobley_5052949,-1.348754,-1.280000,0.068754,0.000009
62,mobley_2492140,-1.440270,-1.230000,0.210270,0.000083
62,mobley_7542832,-1.127954,-1.160000,0.032046,0.000002
62,mobley_7814642,-1.933769,-1.120000,0.813769,0.001245
62,mobley_1563176,-0.839412,-0.990000,0.150588,0.000043
62,mobley_1873346,-0.868949,-0.900000,0.031051,0.000002
62,mobley_3040612,-0.695903,-0.850000,0.154097,0.000045
62,mobley_4483973,-2.072383,-0.800000,1.272383,0.003044
62,mobley_9913368,-1.660496,-0.780000,0.880496,0.001458
62,mobley_1449384,-0.553140,-0.680000,0.126860,0.000030
62,mobley_7708038,-0.726330,-0.560000,0.166330,0.000052
62,mobley_8311321,-0.091226,-0.500000,0.408774,0.000314
62,mobley_766666,-0.762742,-0.440000,0.322742,0.000196
62,mobley_5445548,-0.510540,-0.300000,0.210540,0.000083
62,mobley_9029594,-0.716883,-0.220000,0.496883,0.000464
62,mobley_3370989,-2.813916,-0.110000,2.703916,0.013748
62,mobley_627267,-0.382889,-0.030000,0.352889,0.000234
62,mobley_6250025,0.235414,0.080000,0.155414,0.000045
62,mobley_4252724,-0.541995,0.160000,0.701995,0.000927
62,mobley_7157427,0.403696,0.290000,0.113696,0.000024
62,mobley_8885088,-0.433431,0.560000,0.993431,0.001856
62,mobley_8522124,0.803669,0.710000,0.093669,0.000016
62,mobley_4678740,-0.920107,1.070000,1.990107,0.007448
62,mobley_2689721,0.815745,1.230000,0.414255,0.000323
62,mobley_1662128,1.269187,1.380000,0.110813,0.000023
62,mobley_4762983,1.890084,1.660000,0.230084,0.000100
62,mobley_7732703,1.125512,1.790000,0.664488,0.000830
62,mobley_2068538,1.491815,2.000000,0.508185,0.000486
62,mobley_5157661,1.891460,2.300000,0.408540,0.000314
62,mobley_1261349,2.579245,2.510000,0.069245,0.000009
62,mobley_2328633,2.023070,2.550000,0.526930,0.000522
62,mobley_8436428,2.799264,2.830000,0.030735,0.000002
62,mobley_3060426,3.328401,2.930000,0.398401,0.000298
62,mobley_2197088,3.125271,3.160000,0.034729,0.000002
63,mobley_9534740,-22.812803,-25.469999,2.657196,0.013277
63,mobley_6239320,-20.089567,-18.059999,2.029568,0.007746
63,mobley_7794077,-14.180060,-15.460000,1.279940,0.003081
63,mobley_7415647,-13.227514,-11.950000,1.277514,0.003069
63,mobley_1728386,-10.733670,-11.000000,0.266330,0.000133
63,mobley_2269032,-9.747263,-10.210000,0.462737,0.000403
63,mobley_2913224,-7.105803,-9.940000,2.834197,0.015105
63,mobley_2659552,-9.812968,-9.760000,0.052968,0.000005
63,mobley_7176290,-9.253380,-9.620000,0.366620,0.000253
63,mobley_2295058,-9.126846,-9.510000,0.383154,0.000276
63,mobley_6055410,-10.383597,-9.400000,0.983598,0.001819
63,mobley_4639255,-10.097773,-9.300000,0.797772,0.001197
63,mobley_1417007,-4.353274,-9.010000,4.656726,0.040778
63,mobley_6115639,-10.778235,-8.700000,2.078236,0.008122
63,mobley_6353617,-7.699259,-8.260000,0.560741,0.000591
63,mobley_2725215,-9.030429,-7.980000,1.050429,0.002075
63,mobley_7039935,-7.123147,-7.670000,0.546853,0.000562
63,mobley_4059279,-6.795475,-7.580000,0.784525,0.001157
63,mobley_951560,-9.329576,-7.400000,1.929576,0.007001
63,mobley_1922649,-9.809776,-7.190000,2.619776,0.012906
63,mobley_8798016,-7.480437,-7.000000,0.480437,0.000434
63,mobley_1858644,-7.441887,-6.790000,0.651887,0.000799
63,mobley_9114381,-5.596886,-6.720000,1.123114,0.002372
63,mobley_5311804,-5.897811,-6.620000,0.722188,0.000981
63,mobley_6743808,-6.171234,-6.500000,0.328766,0.000203
63,mobley_8789864,-5.864265,-6.400000,0.535735,0.000540
63,mobley_7009711,-5.965698,-6.270000,0.304302,0.000174
63,mobley_8789465,-4.928571,-6.200000,1.271429,0.003040
63,mobley_2923700,-6.185116,-6.130000,0.055116,0.000006
63,mobley_4780078,-5.752269,-6.010000,0.257731,0.000125
63,mobley_5467162,-5.620445,-5.910000,0.289555,0.000158
63,mobley_6257907,-5.753020,-5.820000,0.066980,0.000008
63,mobley_7913234,-6.084463,-5.730000,0.354463,0.000236
63,mobley_5518547,-5.881323,-5.570000,0.311323,0.000182
63,mobley_4883284,-5.997118,-5.490000,0.507118,0.000484
63,mobley_5220185,-5.113008,-5.450000,0.336991,0.000214
63,mobley_3359593,-5.596714,-5.260000,0.336714,0.000213
63,mobley_4683624,-5.981115,-5.210000,0.771115,0.001118
63,mobley_1636752,-3.699306,-5.100000,1.400694,0.003689
63,mobley_2310185,-4.934222,-5.000000,0.065778,0.000008
63,mobley_3682850,-4.323904,-4.910000,0.586096,0.000646
63,mobley_1363784,-4.628406,-4.840000,0.211595,0.000084
63,mobley_2837389,-4.384753,-4.780000,0.395247,0.000294
63,mobley_9507933,-4.837266,-4.720000,0.117266,0.000026
63,mobley_296847,-4.980078,-4.690000,0.290078,0.000158
63,mobley_8208692,-3.061935,-4.610000,1.548065,0.004507
63,mobley_4884177,-4.536069,-4.590000,0.053931,0.000005
63,mobley_6714389,-3.821973,-4.550000,0.728027,0.000997
63,mobley_2245668,-4.464220,-4.500000,0.035780,0.000002
63,mobley_5973402,-4.650547,-4.420000,0.230546,0.000100
63,mobley_3546460,-4.472716,-4.400000,0.072716,0.000010
63,mobley_8311303,-4.292273,-4.380000,0.087727,0.000014
63,mobley_9741965,-5.424917,-4.290000,1.134917,0.002422
63,mobley_4603202,-3.375730,-4.230000,0.854270,0.001372
63,mobley_628086,-4.148353,-4.160000,0.011647,0.000000
63,mobley_4620651,-3.839504,-4.100000,0.260496,0.000128
63,mobley_7977115,-4.362700,-4.060000,0.302700,0.000172
63,mobley_2789243,-2.965582,-4.010000,1.044418,0.002051
63,mobley_3968739,-3.998249,-3.920000,0.078249,0.000012
63,mobley_63712,-3.116968,-3.880000,0.763032,0.001095
63,mobley_1046331,-3.330556,-3.820000,0.489444,0.000450
63,mobley_1160109,-4.130317,-3.750000,0.380317,0.000272
63,mobley_4149784,-3.358184,-3.670000,0.311816,0.000183
63,mobley_397645,-4.036196,-3.640000,0.396196,0.000295
63,mobley_4690963,-4.559391,-3.540000,1.019392,0.001954
63,mobley_1967551,-3.422942,-3.500000,0.077058,0.000011
63,mobley_6733657,-4.947028,-3.440000,1.507028,0.004271
63,mobley_9565165,-3.657041,-3.350000,0.307041,0.000177
63,mobley_2487143,-3.233882,-3.280000,0.046118,0.000004
63,mobley_8449031,-2.253589,-3.220000,0.966411,0.001756
63,mobley_172879,-2.993013,-3.150000,0.156987,0.000046
63,mobley_5346580,-2.028655,-3.110000,1.081345,0.002199
63,mobley_3573480,-3.037236,-3.040000,0.002764,0.000000
63,mobley_1075836,-3.019953,-2.930000,0.089953,0.000015
63,mobley_6102880,-4.410385,-2.870000,1.540385,0.004462
63,mobley_1827204,-2.946757,-2.810000,0.136757,0.000035
63,mobley_2146331,-1.483440,-2.750000,1.266560,0.003017
63,mobley_7943327,-2.555285,-2.680000,0.124715,0.000029
63,mobley_5110043,-2.720388,-2.630000,0.090388,0.000015
63,mobley_5616693,-3.176212,-2.530000,0.646212,0.000785
63,mobley_6619554,-2.285626,-2.490000,0.204374,0.000079
63,mobley_6359156,-4.384812,-2.460000,1.924812,0.006967
63,mobley_1781152,-2.033202,-2.400000,0.366798,0.000253
63,mobley_859464,-2.577165,-2.360000,0.217165,0.000089
63,mobley_7150646,-1.172752,-2.300000,1.127248,0.002389
63,mobley_1592519,-2.558990,-2.230000,0.328990,0.000204
63,mobley_5538249,-2.327578,-2.160000,0.167578,0.000053
63,mobley_6911232,-1.562758,-2.100000,0.537242,0.000543
63,mobley_3269565,-1.285679,-2.010000,0.724321,0.000987
63,mobley_2484519,-2.998317,-1.930000,1.068317,0.002146
63,mobley_7690440,-3.352663,-1.830000,1.522663,0.004360
63,mobley_3802803,-1.663986,-1.660000,0.003986,0.000000
63,mobley_1144156,-1.436041,-1.590000,0.153959,0.000045
63,mobley_2481002,-1.345150,-1.450000,0.104850,0.000021
63,mobley_2489709,-1.363858,-1.360000,0.003858,0.000000
63,mobley_5052949,-1.446631,-1.280000,0.166631,0.000052
63,mobley_2492140,-1.439127,-1.230000,0.209127,0.000082
63,mobley_7542832,-1.208939,-1.160000,0.048939,0.000005
63,mobley_7814642,-2.042945,-1.120000,0.922945,0.001602
63,mobley_1563176,-0.931426,-0.990000,0.058574,0.000006
63,mobley_1873346,-0.968271,-0.900000,0.068271,0.000009
63,mobley_3040612,-0.815261,-0.850000,0.034739,0.000002
63,mobley_4483973,-2.152368,-0.800000,1.352368,0.003439
63,mobley_9913368,-1.693511,-0.780000,0.913512,0.001569
63,mobley_1449384,-0.661237,-0.680000,0.018763,0.000001
63,mobley_7708038,-0.821503,-0.560000,0.261503,0.000129
63,mobley_8311321,-0.095881,-0.500000,0.404119,0.000307
63,mobley_766666,-0.772575,-0.440000,0.332575,0.000208
63,mobley_5445548,-0.629529,-0.300000,0.329529,0.000204
63,mobley_9029594,-0.697771,-0.220000,0.477771,0.000429
63,mobley_3370989,-2.802164,-0.110000,2.692164,0.013629
63,mobley_627267,-0.485151,-0.030000,0.455151,0.000390
63,mobley_6250025,0.135067,0.080000,0.055067,0.000006
63,mobley_4252724,-0.682324,0.160000,0.842324,0.001334
63,mobley_7157427,0.295287,0.290000,0.005287,0.000000
63,mobley_8885088,-0.552741,0.560000,1.112741,0.002328
63,mobley_8522124,0.671789,0.710000,0.038211,0.000003
63,mobley_4678740,-0.841321,1.070000,1.911321,0.006870
63,mobley_2689721,0.794825,1.230000,0.435175,0.000356
63,mobley_1662128,1.206639,1.380000,0.173361,0.000057
63,mobley_4762983,1.782521,1.660000,0.122522,0.000028
63,mobley_7732703,1.219251,1.790000,0.570749,0.000613
63,mobley_2068538,1.494123,2.000000,0.505877,0.000481
63,mobley_5157661,1.874897,2.300000,0.425103,0.000340
63,mobley_1261349,2.541640,2.510000,0.031640,0.000002
63,mobley_2328633,1.912136,2.550000,0.637864,0.000765
63,mobley_8436428,2.752943,2.830000,0.077057,0.000011
63,mobley_3060426,3.226745,2.930000,0.296745,0.000166
63,mobley_2197088,3.068090,3.160000,0.091910,0.000016
64,mobley_9534740,-22.918751,-25.469999,2.551249,0.012240
64,mobley_6239320,-20.071388,-18.059999,2.011389,0.007608
64,mobley_7794077,-14.263286,-15.460000,1.196714,0.002693
64,mobley_7415647,-13.336533,-11.950000,1.386533,0.003615
64,mobley_1728386,-10.777694,-11.000000,0.222306,0.000093
64,mobley_2269032,-9.796272,-10.210000,0.413728,0.000322
64,mobley_2913224,-7.192906,-9.940000,2.747093,0.014191
64,mobley_2659552,-9.914103,-9.760000,0.154102,0.000045
64,mobley_7176290,-9.320248,-9.620000,0.299752,0.000169
64,mobley_2295058,-9.224318,-9.510000,0.285683,0.000153
64,mobley_6055410,-10.456396,-9.400000,1.056396,0.002099
64,mobley_4639255,-10.071416,-9.300000,0.771416,0.001119
64,mobley_1417007,-4.328991,-9.010000,4.681009,0.041204
64,mobley_6115639,-10.811646,-8.700000,2.111646,0.008385
64,mobley_6353617,-7.777989,-8.260000,0.482011,0.000437
64,mobley_2725215,-8.998860,-7.980000,1.018860,0.001952
64,mobley_7039935,-7.156698,-7.670000,0.513302,0.000495
64,mobley_4059279,-6.726873,-7.580000,0.853127,0.001369
64,mobley_951560,-9.203695,-7.400000,1.803695,0.006118
64,mobley_1922649,-9.973261,-7.190000,2.783261,0.014567
64,mobley_8798016,-7.572307,-7.000000,0.572307,0.000616
64,mobley_1858644,-7.417948,-6.790000,0.627948,0.000741
64,mobley_9114381,-5.626977,-6.720000,1.093023,0.002247
64,mobley_5311804,-5.904426,-6.620000,0.715574,0.000963
64,mobley_6743808,-6.234841,-6.500000,0.265159,0.000132
64,mobley_8789864,-5.884732,-6.400000,0.515268,0.000499
64,mobley_7009711,-6.068879,-6.270000,0.201121,0.000076
64,mobley_8789465,-4.968240,-6.200000,1.231760,0.002853
64,mobley_2923700,-6.220728,-6.130000,0.090728,0.000015
64,mobley_4780078,-5.807781,-6.010000,0.202219,0.000077
64,mobley_5467162,-5.712366,-5.910000,0.197634,0.000073
64,mobley_6257907,-5.757201,-5.820000,0.062799,0.000007
64,mobley_7913234,-5.969205,-5.730000,0.239205,0.000108
64,mobley_5518547,-5.918142,-5.570000,0.348142,0.000228
64,mobley_4883284,-6.022082,-5.490000,0.532082,0.000532
64,mobley_5220185,-5.106378,-5.450000,0.343622,0.000222
64,mobley_3359593,-5.625520,-5.260000,0.365520,0.000251
64,mobley_4683624,-5.978876,-5.210000,0.768876,0.001112
64,mobley_1636752,-3.711575,-5.100000,1.388425,0.003625
64,mobley_2310185,-4.912202,-5.000000,0.087798,0.000014
64,mobley_3682850,-4.265159,-4.910000,0.644841,0.000782
64,mobley_1363784,-4.721828,-4.840000,0.118173,0.000026
64,mobley_2837389,-4.412615,-4.780000,0.367385,0.000254
64,mobley_9507933,-4.912035,-4.720000,0.192036,0.000069
64,mobley_296847,-5.044887,-4.690000,0.354887,0.000237
64,mobley_8208692,-3.016692,-4.610000,1.593308,0.004774
64,mobley_4884177,-4.566928,-4.590000,0.023072,0.000001
64,mobley_6714389,-3.793252,-4.550000,0.756748,0.001077
64,mobley_2245668,-4.465655,-4.500000,0.034345,0.000002
64,mobley_5973402,-4.570981,-4.420000,0.150981,0.000043
64,mobley_3546460,-4.286647,-4.400000,0.113353,0.000024
64,mobley_8311303,-4.293415,-4.380000,0.086585,0.000014
64,mobley_9741965,-5.375524,-4.290000,1.085524,0.002216
64,mobley_4603202,-3.343962,-4.230000,0.886038,0.001476
64,mobley_628086,-4.218855,-4.160000,0.058856,0.000007
64,mobley_4620651,-3.800069,-4.100000,0.299931,0.000169
64,mobley_7977115,-4.160089,-4.060000,0.100090,0.000019
64,mobley_2789243,-2.975732,-4.010000,1.034268,0.002012
64,mobley_3968739,-4.056692,-3.920000,0.136692,0.000035
64,mobley_63712,-3.007487,-3.880000,0.872513,0.001432
64,mobley_1046331,-3.362395,-3.820000,0.457605,0.000394
64,mobley_1160109,-4.019789,-3.750000,0.269789,0.000137
64,mobley_4149784,-3.378055,-3.670000,0.291945,0.000160
64,mobley_397645,-4.053137,-3.640000,0.413137,0.000321
64,mobley_4690963,-4.485209,-3.540000,0.945210,0.001680
64,mobley_1967551,-3.437442,-3.500000,0.062558,0.000007
64,mobley_6733657,-4.981928,-3.440000,1.541928,0.004471
64,mobley_9565165,-3.618378,-3.350000,0.268378,0.000135
64,mobley_2487143,-3.173155,-3.280000,0.106845,0.000021
64,mobley_8449031,-2.142273,-3.220000,1.077727,0.002184
64,mobley_172879,-3.036102,-3.150000,0.113898,0.000024
64,mobley_5346580,-2.094903,-3.110000,1.015097,0.001938
64,mobley_3573480,-2.947866,-3.040000,0.092134,0.000016
64,mobley_1075836,-3.025322,-2.930000,0.095322,0.000017
64,mobley_6102880,-4.459203,-2.870000,1.589203,0.004749
64,mobley_1827204,-2.819834,-2.810000,0.009834,0.000000
64,mobley_2146331,-1.539517,-2.750000,1.210483,0.002755
64,mobley_7943327,-2.513963,-2.680000,0.166037,0.000052
64,mobley_5110043,-2.748149,-2.630000,0.118149,0.000026
64,mobley_5616693,-3.044767,-2.530000,0.514767,0.000498
64,mobley_6619554,-2.170692,-2.490000,0.319308,0.000192
64,mobley_6359156,-4.411833,-2.460000,1.951833,0.007164
64,mobley_1781152,-2.112019,-2.400000,0.287981,0.000156
64,mobley_859464,-2.552074,-2.360000,0.192074,0.000069
64,mobley_7150646,-1.214599,-2.300000,1.085401,0.002215
64,mobley_1592519,-2.420321,-2.230000,0.190320,0.000068
64,mobley_5538249,-2.354822,-2.160000,0.194822,0.000071
64,mobley_6911232,-1.575046,-2.100000,0.524954,0.000518
64,mobley_3269565,-1.316685,-2.010000,0.693315,0.000904
64,mobley_2484519,-3.042670,-1.930000,1.112670,0.002328
64,mobley_7690440,-3.328848,-1.830000,1.498848,0.004225
64,mobley_3802803,-1.512176,-1.660000,0.147824,0.000041
64,mobley_1144156,-1.393926,-1.590000,0.196074,0.000072
64,mobley_2481002,-1.339816,-1.450000,0.110184,0.000023
64,mobley_2489709,-1.346246,-1.360000,0.013754,0.000000
64,mobley_5052949,-1.346656,-1.280000,0.066656,0.000008
64,mobley_2492140,-1.424061,-1.230000,0.194061,0.000071
64,mobley_7542832,-1.086866,-1.160000,0.073134,0.000010
64,mobley_7814642,-2.039761,-1.120000,0.919761,0.001591
64,mobley_1563176,-0.815876,-0.990000,0.174124,0.000057
64,mobley_1873346,-1.000586,-0.900000,0.100586,0.000019
64,mobley_3040612,-0.788633,-0.850000,0.061368,0.000007
64,mobley_4483973,-2.184797,-0.800000,1.384797,0.003606
64,mobley_9913368,-1.698826,-0.780000,0.918826,0.001588
64,mobley_1449384,-0.678808,-0.680000,0.001192,0.000000
64,mobley_7708038,-0.796816,-0.560000,0.236816,0.000105
64,mobley_8311321,-0.128745,-0.500000,0.371255,0.000259
64,mobley_766666,-0.775971,-0.440000,0.335971,0.000212
64,mobley_5445548,-0.631216,-0.300000,0.331216,0.000206
64,mobley_9029594,-0.740171,-0.220000,0.520171,0.000509
64,mobley_3370989,-2.788837,-0.110000,2.678837,0.013494
64,mobley_627267,-0.465517,-0.030000,0.435517,0.000357
64,mobley_6250025,0.282606,0.080000,0.202606,0.000077
64,mobley_4252724,-0.664723,0.160000,0.824723,0.001279
64,mobley_7157427,0.489130,0.290000,0.199130,0.000075
64,mobley_8885088,-0.527277,0.560000,1.087277,0.002223
64,mobley_8522124,0.784539,0.710000,0.074539,0.000010
64,mobley_4678740,-0.911765,1.070000,1.981765,0.007385
64,mobley_2689721,0.857232,1.230000,0.372768,0.000261
64,mobley_1662128,1.239822,1.380000,0.140178,0.000037
64,mobley_4762983,1.926213,1.660000,0.266213,0.000133
64,mobley_7732703,1.125010,1.790000,0.664990,0.000832
64,mobley_2068538,1.512856,2.000000,0.487144,0.000446
64,mobley_5157661,1.872326,2.300000,0.427674,0.000344
64,mobley_1261349,2.464887,2.510000,0.045113,0.000004
64,mobley_2328633,2.106160,2.550000,0.443840,0.000370
64,mobley_8436428,2.793396,2.830000,0.036604,0.000003
64,mobley_3060426,3.252090,2.930000,0.322090,0.000195
64,mobley_2197088,3.279820,3.160000,0.119820,0.000027
65,mobley_9534740,-22.523069,-25.469999,2.946930,0.016331
65,mobley_6239320,-19.990585,-18.059999,1.930586,0.007009
65,mobley_7794077,-14.099221,-15.460000,1.360779,0.003482
65,mobley_7415647,-13.102915,-11.950000,1.152915,0.002500
65,mobley_1728386,-10.692943,-11.000000,0.307057,0.000177
65,mobley_2269032,-9.538421,-10.210000,0.671579,0.000848
65,mobley_2913224,-7.002451,-9.940000,2.937549,0.016227
65,mobley_2659552,-9.805317,-9.760000,0.045317,0.000004
65,mobley_7176290,-9.143725,-9.620000,0.476274,0.000427
65,mobley_2295058,-9.117242,-9.510000,0.392758,0.000290
65,mobley_6055410,-10.131398,-9.400000,0.731399,0.001006
65,mobley_4639255,-9.999447,-9.300000,0.699447,0.000920
65,mobley_1417007,-4.249677,-9.010000,4.760323,0.042612
65,mobley_6115639,-10.766867,-8.700000,2.066867,0.008033
65,mobley_6353617,-7.603859,-8.260000,0.656141,0.000810
65,mobley_2725215,-8.912226,-7.980000,0.932226,0.001634
65,mobley_7039935,-7.019205,-7.670000,0.650795,0.000796
65,mobley_4059279,-6.723691,-7.580000,0.856309,0.001379
65,mobley_951560,-9.164861,-7.400000,1.764861,0.005857
65,mobley_1922649,-9.794334,-7.190000,2.604334,0.012754
65,mobley_8798016,-7.382168,-7.000000,0.382168,0.000275
65,mobley_1858644,-7.312365,-6.790000,0.522365,0.000513
65,mobley_9114381,-5.583455,-6.720000,1.136545,0.002429
65,mobley_5311804,-5.792326,-6.620000,0.827673,0.001288
65,mobley_6743808,-6.227191,-6.500000,0.272809,0.000140
65,mobley_8789864,-5.831460,-6.400000,0.568540,0.000608
65,mobley_7009711,-6.056264,-6.270000,0.213736,0.000086
65,mobley_8789465,-4.881959,-6.200000,1.318040,0.003267
65,mobley_2923700,-6.174211,-6.130000,0.044210,0.000004
65,mobley_4780078,-5.794082,-6.010000,0.215919,0.000088
65,mobley_5467162,-5.700018,-5.910000,0.209981,0.000083
65,mobley_6257907,-5.714450,-5.820000,0.105550,0.000021
65,mobley_7913234,-6.002182,-5.730000,0.272182,0.000139
65,mobley_5518547,-5.920483,-5.570000,0.350483,0.000231
65,mobley_4883284,-5.991127,-5.490000,0.501127,0.000472
65,mobley_5220185,-5.001255,-5.450000,0.448745,0.000379
65,mobley_3359593,-5.571663,-5.260000,0.311663,0.000183
65,mobley_4683624,-5.955714,-5.210000,0.745714,0.001046
65,mobley_1636752,-3.721603,-5.100000,1.378397,0.003573
65,mobley_2310185,-4.922375,-5.000000,0.077625,0.000011
65,mobley_3682850,-4.284274,-4.910000,0.625726,0.000736
65,mobley_1363784,-4.643084,-4.840000,0.196916,0.000073
65,mobley_2837389,-4.305631,-4.780000,0.474370,0.000423
65,mobley_9507933,-4.837035,-4.720000,0.117035,0.000026
65,mobley_296847,-4.874165,-4.690000,0.184165,0.000064
65,mobley_8208692,-2.927468,-4.610000,1.682532,0.005323
65,mobley_4884177,-4.424016,-4.590000,0.165984,0.000052
65,mobley_6714389,-3.850773,-4.550000,0.699227,0.000919
65,mobley_2245668,-4.500978,-4.500000,0.000978,0.000000
65,mobley_5973402,-4.601723,-4.420000,0.181723,0.000062
65,mobley_3546460,-4.346201,-4.400000,0.053799,0.000005
65,mobley_8311303,-4.148156,-4.380000,0.231844,0.000101
65,mobley_9741965,-5.326817,-4.290000,1.036817,0.002021
65,mobley_4603202,-3.319247,-4.230000,0.910753,0.001560
65,mobley_628086,-4.164613,-4.160000,0.004613,0.000000
65,mobley_4620651,-3.744412,-4.100000,0.355588,0.000238
65,mobley_7977115,-4.224131,-4.060000,0.164131,0.000051
65,mobley_2789243,-2.891697,-4.010000,1.118304,0.002352
65,mobley_3968739,-3.959226,-3.920000,0.039226,0.000003
65,mobley_63712,-3.053777,-3.880000,0.826224,0.001284
65,mobley_1046331,-3.259102,-3.820000,0.560898,0.000592
65,mobley_1160109,-3.997985,-3.750000,0.247985,0.000116
65,mobley_4149784,-3.119383,-3.670000,0.550617,0.000570
65,mobley_397645,-3.968062,-3.640000,0.328062,0.000202
65,mobley_4690963,-4.487723,-3.540000,0.947723,0.001689
65,mobley_1967551,-3.430630,-3.500000,0.069370,0.000009
65,mobley_6733657,-4.892151,-3.440000,1.452151,0.003965
65,mobley_9565165,-3.473445,-3.350000,0.123445,0.000029
65,mobley_2487143,-3.234123,-3.280000,0.045877,0.000004
65,mobley_8449031,-2.178560,-3.220000,1.041440,0.002040
65,mobley_172879,-2.878108,-3.150000,0.271892,0.000139
65,mobley_5346580,-2.158614,-3.110000,0.951386,0.001702
65,mobley_3573480,-3.026051,-3.040000,0.013949,0.000000
65,mobley_1075836,-3.019281,-2.930000,0.089281,0.000015
65,mobley_6102880,-4.289036,-2.870000,1.419036,0.003787
65,mobley_1827204,-2.842501,-2.810000,0.032501,0.000002
65,mobley_2146331,-1.524208,-2.750000,1.225792,0.002826
65,mobley_7943327,-2.500189,-2.680000,0.179811,0.000061
65,mobley_5110043,-2.701552,-2.630000,0.071552,0.000010
65,mobley_5616693,-3.063650,-2.530000,0.533650,0.000536
65,mobley_6619554,-2.185872,-2.490000,0.304128,0.000174
65,mobley_6359156,-4.256905,-2.460000,1.796905,0.006072
65,mobley_1781152,-2.162296,-2.400000,0.237704,0.000106
65,mobley_859464,-2.573808,-2.360000,0.213808,0.000086
65,mobley_7150646,-1.131460,-2.300000,1.168540,0.002568
65,mobley_1592519,-2.436560,-2.230000,0.206560,0.000080
65,mobley_5538249,-2.177418,-2.160000,0.017418,0.000001
65,mobley_6911232,-1.617740,-2.100000,0.482260,0.000437
65,mobley_3269565,-1.395918,-2.010000,0.614082,0.000709
65,mobley_2484519,-2.952410,-1.930000,1.022410,0.001966
65,mobley_7690440,-3.311130,-1.830000,1.481130,0.004125
65,mobley_3802803,-1.572101,-1.660000,0.087899,0.000015
65,mobley_1144156,-1.458296,-1.590000,0.131704,0.000033
65,mobley_2481002,-1.309292,-1.450000,0.140708,0.000037
65,mobley_2489709,-1.292699,-1.360000,0.067301,0.000009
65,mobley_5052949,-1.435310,-1.280000,0.155310,0.000045
65,mobley_2492140,-1.409634,-1.230000,0.179634,0.000061
65,mobley_7542832,-1.186524,-1.160000,0.026524,0.000001
65,mobley_7814642,-1.987391,-1.120000,0.867391,0.001415
65,mobley_1563176,-0.882107,-0.990000,0.107893,0.000022
65,mobley_1873346,-0.988018,-0.900000,0.088018,0.000015
65,mobley_3040612,-0.767484,-0.850000,0.082516,0.000013
65,mobley_4483973,-2.116421,-0.800000,1.316420,0.003259
65,mobley_9913368,-1.689978,-0.780000,0.909979,0.001557
65,mobley_1449384,-0.692629,-0.680000,0.012629,0.000000
65,mobley_7708038,-0.830169,-0.560000,0.270169,0.000137
65,mobley_8311321,-0.092426,-0.500000,0.407574,0.000312
65,mobley_766666,-0.760800,-0.440000,0.320800,0.000194
65,mobley_5445548,-0.607062,-0.300000,0.307062,0.000177
65,mobley_9029594,-0.765174,-0.220000,0.545174,0.000559
65,mobley_3370989,-2.768005,-0.110000,2.658005,0.013285
65,mobley_627267,-0.510198,-0.030000,0.480198,0.000434
65,mobley_6250025,0.184354,0.080000,0.104354,0.000020
65,mobley_4252724,-0.654872,0.160000,0.814872,0.001249
65,mobley_7157427,0.400068,0.290000,0.110068,0.000023
65,mobley_8885088,-0.554312,0.560000,1.114312,0.002335
65,mobley_8522124,0.716019,0.710000,0.006019,0.000000
65,mobley_4678740,-0.848828,1.070000,1.918828,0.006924
65,mobley_2689721,0.772928,1.230000,0.457072,0.000393
65,mobley_1662128,1.198883,1.380000,0.181117,0.000062
65,mobley_4762983,1.845060,1.660000,0.185060,0.000064
65,mobley_7732703,1.147420,1.790000,0.642580,0.000776
65,mobley_2068538,1.451713,2.000000,0.548287,0.000565
65,mobley_5157661,1.792118,2.300000,0.507882,0.000485
65,mobley_1261349,2.365864,2.510000,0.144136,0.000039
65,mobley_2328633,1.984835,2.550000,0.565165,0.000601
65,mobley_8436428,2.679192,2.830000,0.150808,0.000043
65,mobley_3060426,3.121542,2.930000,0.191541,0.000069
65,mobley_2197088,3.128963,3.160000,0.031037,0.000002
66,mobley_9534740,-22.789392,-25.469999,2.680607,0.013512
66,mobley_6239320,-20.188675,-18.059999,2.128675,0.008521
66,mobley_7794077,-14.202143,-15.460000,1.257857,0.002975
66,mobley_7415647,-13.168045,-11.950000,1.218045,0.002790
66,mobley_1728386,-10.775949,-11.000000,0.224051,0.000094
66,mobley_2269032,-9.735823,-10.210000,0.474177,0.000423
66,mobley_2913224,-7.141123,-9.940000,2.798876,0.014731
66,mobley_2659552,-9.818499,-9.760000,0.058498,0.000006
66,mobley_7176290,-9.188506,-9.620000,0.431494,0.000350
66,mobley_2295058,-9.144571,-9.510000,0.365429,0.000251
66,mobley_6055410,-10.334571,-9.400000,0.934571,0.001642
66,mobley_4639255,-10.098745,-9.300000,0.798745,0.001200
66,mobley_1417007,-4.324391,-9.010000,4.685609,0.041285
66,mobley_6115639,-10.802263,-8.700000,2.102263,0.008311
66,mobley_6353617,-7.678655,-8.260000,0.581345,0.000636
66,mobley_2725215,-8.982026,-7.980000,1.002026,0.001888
66,mobley_7039935,-7.153012,-7.670000,0.516988,0.000503
66,mobley_4059279,-6.698973,-7.580000,0.881027,0.001460
66,mobley_951560,-9.207270,-7.400000,1.807270,0.006142
66,mobley_1922649,-9.826936,-7.190000,2.636936,0.013076
66,mobley_8798016,-7.445340,-7.000000,0.445340,0.000373
66,mobley_1858644,-7.421491,-6.790000,0.631491,0.000750
66,mobley_9114381,-5.640567,-6.720000,1.079432,0.002191
66,mobley_5311804,-5.910764,-6.620000,0.709236,0.000946
66,mobley_6743808,-6.123866,-6.500000,0.376134,0.000266
66,mobley_8789864,-5.922200,-6.400000,0.477800,0.000429
66,mobley_7009711,-5.943564,-6.270000,0.326436,0.000200
66,mobley_8789465,-4.919954,-6.200000,1.280046,0.003081
66,mobley_2923700,-6.154817,-6.130000,0.024817,0.000001
66,mobley_4780078,-5.731104,-6.010000,0.278896,0.000146
66,mobley_5467162,-5.614437,-5.910000,0.295563,0.000164
66,mobley_6257907,-5.731473,-5.820000,0.088527,0.000015
66,mobley_7913234,-6.054199,-5.730000,0.324199,0.000198
66,mobley_5518547,-5.888496,-5.570000,0.318496,0.000191
66,mobley_4883284,-6.018058,-5.490000,0.528059,0.000524
66,mobley_5220185,-5.035041,-5.450000,0.414958,0.000324
66,mobley_3359593,-5.625704,-5.260000,0.365704,0.000251
66,mobley_4683624,-5.950037,-5.210000,0.740037,0.001030
66,mobley_1636752,-3.703208,-5.100000,1.396791,0.003669
66,mobley_2310185,-4.905817,-5.000000,0.094183,0.000017
66,mobley_3682850,-4.289127,-4.910000,0.620873,0.000725
66,mobley_1363784,-4.576254,-4.840000,0.263746,0.000131
66,mobley_2837389,-4.308669,-4.780000,0.471331,0.000418
66,mobley_9507933,-4.804123,-4.720000,0.084124,0.000013
66,mobley_296847,-4.939590,-4.690000,0.249590,0.000117
66,mobley_8208692,-2.910769,-4.610000,1.699232,0.005430
66,mobley_4884177,-4.465454,-4.590000,0.124547,0.000029
66,mobley_6714389,-3.789296,-4.550000,0.760704,0.001088
66,mobley_2245668,-4.437621,-4.500000,0.062379,0.000007
66,mobley_5973402,-4.591225,-4.420000,0.171225,0.000055
66,mobley_3546460,-4.393306,-4.400000,0.006694,0.000000
66,mobley_8311303,-4.094952,-4.380000,0.285048,0.000153
66,mobley_9741965,-5.312766,-4.290000,1.022766,0.001967
66,mobley_4603202,-3.369750,-4.230000,0.860250,0.001392
66,mobley_628086,-4.136851,-4.160000,0.023149,0.000001
66,mobley_4620651,-3.802385,-4.100000,0.297615,0.000167
66,mobley_7977115,-4.254521,-4.060000,0.194521,0.000071
66,mobley_2789243,-2.916683,-4.010000,1.093317,0.002248
66,mobley_3968739,-4.063921,-3.920000,0.143921,0.000039
66,mobley_63712,-3.077704,-3.880000,0.802296,0.001210
66,mobley_1046331,-3.329505,-3.820000,0.490495,0.000452
66,mobley_1160109,-4.021298,-3.750000,0.271298,0.000138
66,mobley_4149784,-3.275743,-3.670000,0.394258,0.000292
66,mobley_397645,-4.078167,-3.640000,0.438167,0.000361
66,mobley_4690963,-4.551748,-3.540000,1.011748,0.001925
66,mobley_1967551,-3.424663,-3.500000,0.075337,0.000011
66,mobley_6733657,-4.889393,-3.440000,1.449393,0.003950
66,mobley_9565165,-3.655719,-3.350000,0.305719,0.000176
66,mobley_2487143,-3.232409,-3.280000,0.047591,0.000004
66,mobley_8449031,-2.168221,-3.220000,1.051779,0.002080
66,mobley_172879,-3.020588,-3.150000,0.129412,0.000031
66,mobley_5346580,-2.027002,-3.110000,1.082998,0.002206
66,mobley_3573480,-3.033504,-3.040000,0.006495,0.000000
66,mobley_1075836,-3.059729,-2.930000,0.129729,0.000032
66,mobley_6102880,-4.433290,-2.870000,1.563290,0.004596
66,mobley_1827204,-2.874240,-2.810000,0.064240,0.000008
66,mobley_2146331,-1.496180,-2.750000,1.253820,0.002956
66,mobley_7943327,-2.550727,-2.680000,0.129273,0.000031
66,mobley_5110043,-2.736692,-2.630000,0.106692,0.000021
66,mobley_5616693,-3.098799,-2.530000,0.568799,0.000608
66,mobley_6619554,-2.249624,-2.490000,0.240376,0.000109
66,mobley_6359156,-4.323259,-2.460000,1.863259,0.006528
66,mobley_1781152,-2.074778,-2.400000,0.325222,0.000199
66,mobley_859464,-2.594301,-2.360000,0.234301,0.000103
66,mobley_7150646,-1.119557,-2.300000,1.180443,0.002620
66,mobley_1592519,-2.509856,-2.230000,0.279856,0.000147
66,mobley_5538249,-2.219809,-2.160000,0.059809,0.000007
66,mobley_6911232,-1.620076,-2.100000,0.479924,0.000433
66,mobley_3269565,-1.352212,-2.010000,0.657788,0.000814
66,mobley_2484519,-3.024631,-1.930000,1.094631,0.002253
66,mobley_7690440,-3.293578,-1.830000,1.463578,0.004028
66,mobley_3802803,-1.584124,-1.660000,0.075876,0.000011
66,mobley_1144156,-1.458513,-1.590000,0.131487,0.000033
66,mobley_2481002,-1.293203,-1.450000,0.156797,0.000046
66,mobley_2489709,-1.263043,-1.360000,0.096957,0.000018
66,mobley_5052949,-1.435845,-1.280000,0.155845,0.000046
66,mobley_2492140,-1.424651,-1.230000,0.194651,0.000071
66,mobley_7542832,-1.211014,-1.160000,0.051014,0.000005
66,mobley_7814642,-1.941917,-1.120000,0.821917,0.001270
66,mobley_1563176,-0.903638,-0.990000,0.086362,0.000014
66,mobley_1873346,-1.002786,-0.900000,0.102786,0.000020
66,mobley_3040612,-0.785030,-0.850000,0.064970,0.000008
66,mobley_4483973,-2.169884,-0.800000,1.369884,0.003529
66,mobley_9913368,-1.675403,-0.780000,0.895403,0.001508
66,mobley_1449384,-0.653048,-0.680000,0.026952,0.000001
66,mobley_7708038,-0.785675,-0.560000,0.225675,0.000096
66,mobley_8311321,-0.109210,-0.500000,0.390790,0.000287
66,mobley_766666,-0.743799,-0.440000,0.303799,0.000174
66,mobley_5445548,-0.638994,-0.300000,0.338994,0.000216
66,mobley_9029594,-0.747928,-0.220000,0.527928,0.000524
66,mobley_3370989,-2.802344,-0.110000,2.692344,0.013631
66,mobley_627267,-0.464914,-0.030000,0.434914,0.000356
66,mobley_6250025,0.198302,0.080000,0.118302,0.000026
66,mobley_4252724,-0.702010,0.160000,0.862010,0.001397
66,mobley_7157427,0.370120,0.290000,0.080120,0.000012
66,mobley_8885088,-0.526951,0.560000,1.086951,0.002222
66,mobley_8522124,0.739645,0.710000,0.029645,0.000002
66,mobley_4678740,-0.825743,1.070000,1.895743,0.006758
66,mobley_2689721,0.815429,1.230000,0.414571,0.000323
66,mobley_1662128,1.243381,1.380000,0.136619,0.000035
66,mobley_4762983,1.845011,1.660000,0.185011,0.000064
66,mobley_7732703,1.183823,1.790000,0.606177,0.000691
66,mobley_2068538,1.505387,2.000000,0.494613,0.000460
66,mobley_5157661,1.887575,2.300000,0.412425,0.000320
66,mobley_1261349,2.500043,2.510000,0.009957,0.000000
66,mobley_2328633,1.991037,2.550000,0.558963,0.000588
66,mobley_8436428,2.780354,2.830000,0.049646,0.000005
66,mobley_3060426,3.258013,2.930000,0.328012,0.000202
66,mobley_2197088,3.152326,3.160000,0.007674,0.000000
67,mobley_9534740,-22.568048,-25.469999,2.901951,0.015836
67,mobley_6239320,-20.033560,-18.059999,1.973560,0.007324
67,mobley_7794077,-14.150936,-15.460000,1.309064,0.003222
67,mobley_7415647,-13.095448,-11.950000,1.145449,0.002467
67,mobley_1728386,-10.670392,-11.000000,0.329608,0.000204
67,mobley_2269032,-9.599350,-10.210000,0.610650,0.000701
67,mobley_2913224,-7.070302,-9.940000,2.869697,0.015486
67,mobley_2659552,-9.677073,-9.760000,0.082927,0.000013
67,mobley_7176290,-9.180676,-9.620000,0.439324,0.000363
67,mobley_2295058,-9.062856,-9.510000,0.447145,0.000376
67,mobley_6055410,-10.209343,-9.400000,0.809343,0.001232
67,mobley_4639255,-10.018618,-9.300000,0.718617,0.000971
67,mobley_1417007,-4.317482,-9.010000,4.692518,0.041407
67,mobley_6115639,-10.807386,-8.700000,2.107387,0.008351
67,mobley_6353617,-7.657045,-8.260000,0.602955,0.000684
67,mobley_2725215,-9.016607,-7.980000,1.036607,0.002021
67,mobley_7039935,-6.981907,-7.670000,0.688093,0.000890
67,mobley_4059279,-6.709139,-7.580000,0.870861,0.001426
67,mobley_951560,-9.187652,-7.400000,1.787652,0.006009
67,mobley_1922649,-9.849568,-7.190000,2.659568,0.013301
67,mobley_8798016,-7.399448,-7.000000,0.399448,0.000300
67,mobley_1858644,-7.335052,-6.790000,0.545052,0.000559
67,mobley_9114381,-5.580704,-6.720000,1.139296,0.002441
67,mobley_5311804,-5.799447,-6.620000,0.820553,0.001266
67,mobley_6743808,-6.068440,-6.500000,0.431560,0.000350
67,mobley_8789864,-5.859633,-6.400000,0.540367,0.000549
67,mobley_7009711,-5.907969,-6.270000,0.362031,0.000246
67,mobley_8789465,-4.864525,-6.200000,1.335475,0.003354
67,mobley_2923700,-6.108410,-6.130000,0.021590,0.000001
67,mobley_4780078,-5.679668,-6.010000,0.330332,0.000205
67,mobley_5467162,-5.600163,-5.910000,0.309836,0.000181
67,mobley_6257907,-5.722325,-5.820000,0.097675,0.000018
67,mobley_7913234,-6.051044,-5.730000,0.321044,0.000194
67,mobley_5518547,-5.810093,-5.570000,0.240093,0.000108
67,mobley_4883284,-5.923740,-5.490000,0.433740,0.000354
67,mobley_5220185,-5.058925,-5.450000,0.391075,0.000288
67,mobley_3359593,-5.556927,-5.260000,0.296926,0.000166
67,mobley_4683624,-5.899089,-5.210000,0.689089,0.000893
67,mobley_1636752,-3.681130,-5.100000,1.418870,0.003786
67,mobley_2310185,-4.902212,-5.000000,0.097788,0.000018
67,mobley_3682850,-4.304322,-4.910000,0.605678,0.000690
67,mobley_1363784,-4.580978,-4.840000,0.259022,0.000126
67,mobley_2837389,-4.316653,-4.780000,0.463347,0.000404
67,mobley_9507933,-4.803138,-4.720000,0.083138,0.000013
67,mobley_296847,-4.906260,-4.690000,0.216259,0.000088
67,mobley_8208692,-3.098314,-4.610000,1.511686,0.004297
67,mobley_4884177,-4.454278,-4.590000,0.135723,0.000035
67,mobley_6714389,-3.766921,-4.550000,0.783079,0.001153
67,mobley_2245668,-4.465060,-4.500000,0.034940,0.000002
67,mobley_5973402,-4.603198,-4.420000,0.183198,0.000063
67,mobley_3546460,-4.393898,-4.400000,0.006102,0.000000
67,mobley_8311303,-4.347437,-4.380000,0.032563,0.000002
67,mobley_9741965,-5.449405,-4.290000,1.159405,0.002528
67,mobley_4603202,-3.416273,-4.230000,0.813727,0.001245
67,mobley_628086,-4.144244,-4.160000,0.015756,0.000000
67,mobley_4620651,-3.782365,-4.100000,0.317635,0.000190
67,mobley_7977115,-4.263437,-4.060000,0.203437,0.000078
67,mobley_2789243,-2.949375,-4.010000,1.060626,0.002115
67,mobley_3968739,-3.973724,-3.920000,0.053724,0.000005
67,mobley_63712,-3.095221,-3.880000,0.784779,0.001158
67,mobley_1046331,-3.292084,-3.820000,0.527916,0.000524
67,mobley_1160109,-4.078500,-3.750000,0.328500,0.000203
67,mobley_4149784,-3.415558,-3.670000,0.254442,0.000122
67,mobley_397645,-4.012662,-3.640000,0.372662,0.000261
67,mobley_4690963,-4.583491,-3.540000,1.043491,0.002048
67,mobley_1967551,-3.455236,-3.500000,0.044764,0.000004
67,mobley_6733657,-5.061059,-3.440000,1.621059,0.004942
67,mobley_9565165,-3.485250,-3.350000,0.135250,0.000034
67,mobley_2487143,-3.244690,-3.280000,0.035310,0.000002
67,mobley_8449031,-2.227174,-3.220000,0.992826,0.001854
67,mobley_172879,-2.910322,-3.150000,0.239678,0.000108
67,mobley_5346580,-2.081496,-3.110000,1.028504,0.001989
67,mobley_3573480,-3.048629,-3.040000,0.008629,0.000000
67,mobley_1075836,-3.068272,-2.930000,0.138272,0.000036
67,mobley_6102880,-4.311398,-2.870000,1.441398,0.003907
67,mobley_1827204,-2.906050,-2.810000,0.096051,0.000017
67,mobley_2146331,-1.521126,-2.750000,1.228874,0.002840
67,mobley_7943327,-2.584816,-2.680000,0.095184,0.000017
67,mobley_5110043,-2.595438,-2.630000,0.034562,0.000002
67,mobley_5616693,-3.156942,-2.530000,0.626942,0.000739
67,mobley_6619554,-2.280758,-2.490000,0.209242,0.000082
67,mobley_6359156,-4.370017,-2.460000,1.910017,0.006860
67,mobley_1781152,-2.110913,-2.400000,0.289087,0.000157
67,mobley_859464,-2.605370,-2.360000,0.245370,0.000113
67,mobley_7150646,-1.103563,-2.300000,1.196437,0.002692
67,mobley_1592519,-2.547432,-2.230000,0.317432,0.000189
67,mobley_5538249,-2.328373,-2.160000,0.168373,0.000053
67,mobley_6911232,-1.616009,-2.100000,0.483991,0.000440
67,mobley_3269565,-1.363279,-2.010000,0.646721,0.000786
67,mobley_2484519,-2.978002,-1.930000,1.048002,0.002065
67,mobley_7690440,-3.301626,-1.830000,1.471626,0.004072
67,mobley_3802803,-1.690049,-1.660000,0.030049,0.000002
67,mobley_1144156,-1.486507,-1.590000,0.103493,0.000020
67,mobley_2481002,-1.291152,-1.450000,0.158848,0.000047
67,mobley_2489709,-1.363769,-1.360000,0.003769,0.000000
67,mobley_5052949,-1.492783,-1.280000,0.212783,0.000085
67,mobley_2492140,-1.405767,-1.230000,0.175767,0.000058
67,mobley_7542832,-1.253152,-1.160000,0.093152,0.000016
67,mobley_7814642,-2.078068,-1.120000,0.958068,0.001726
67,mobley_1563176,-0.936024,-0.990000,0.053976,0.000005
67,mobley_1873346,-0.933150,-0.900000,0.033150,0.000002
67,mobley_3040612,-0.734949,-0.850000,0.115051,0.000025
67,mobley_4483973,-2.106257,-0.800000,1.306257,0.003209
67,mobley_9913368,-1.695247,-0.780000,0.915247,0.001575
67,mobley_1449384,-0.629739,-0.680000,0.050261,0.000005
67,mobley_7708038,-0.840977,-0.560000,0.280977,0.000148
67,mobley_8311321,-0.121619,-0.500000,0.378381,0.000269
67,mobley_766666,-0.766641,-0.440000,0.326641,0.000201
67,mobley_5445548,-0.595598,-0.300000,0.295598,0.000164
67,mobley_9029594,-0.721161,-0.220000,0.501161,0.000472
67,mobley_3370989,-2.792791,-0.110000,2.682791,0.013534
67,mobley_627267,-0.527634,-0.030000,0.497634,0.000466
67,mobley_6250025,0.144717,0.080000,0.064717,0.000008
67,mobley_4252724,-0.653525,0.160000,0.813525,0.001245
67,mobley_7157427,0.316622,0.290000,0.026622,0.000001
67,mobley_8885088,-0.507557,0.560000,1.067557,0.002143
67,mobley_8522124,0.680007,0.710000,0.029993,0.000002
67,mobley_4678740,-0.873563,1.070000,1.943564,0.007103
67,mobley_2689721,0.811078,1.230000,0.418922,0.000330
67,mobley_1662128,1.224625,1.380000,0.155375,0.000045
67,mobley_4762983,1.829616,1.660000,0.169616,0.000054
67,mobley_7732703,1.166349,1.790000,0.623651,0.000731
67,mobley_2068538,1.483385,2.000000,0.516615,0.000502
67,mobley_5157661,1.850482,2.300000,0.449517,0.000380
67,mobley_1261349,2.451253,2.510000,0.058747,0.000006
67,mobley_2328633,1.966452,2.550000,0.583548,0.000640
67,mobley_8436428,2.738115,2.830000,0.091885,0.000016
67,mobley_3060426,3.177618,2.930000,0.247618,0.000115
67,mobley_2197088,3.114159,3.160000,0.045841,0.000004
68,mobley_9534740,-22.534676,-25.469999,2.935324,0.016202
68,mobley_6239320,-19.903780,-18.059999,1.843781,0.006393
68,mobley_7794077,-14.028213,-15.460000,1.431787,0.003855
68,mobley_7415647,-12.971519,-11.950000,1.021520,0.001962
68,mobley_1728386,-10.508994,-11.000000,0.491006,0.000453
68,mobley_2269032,-9.230301,-10.210000,0.979699,0.001805
68,mobley_2913224,-6.847844,-9.940000,3.092156,0.017980
68,mobley_2659552,-9.476152,-9.760000,0.283848,0.000152
68,mobley_7176290,-9.119807,-9.620000,0.500193,0.000470
68,mobley_2295058,-8.907435,-9.510000,0.602565,0.000683
68,mobley_6055410,-9.957562,-9.400000,0.557563,0.000585
68,mobley_4639255,-9.956996,-9.300000,0.656996,0.000812
68,mobley_1417007,-4.160511,-9.010000,4.849490,0.044224
68,mobley_6115639,-10.745745,-8.700000,2.045745,0.007870
68,mobley_6353617,-7.503859,-8.260000,0.756141,0.001075
68,mobley_2725215,-8.842953,-7.980000,0.862953,0.001400
68,mobley_7039935,-6.766212,-7.670000,0.903789,0.001536
68,mobley_4059279,-6.536549,-7.580000,1.043451,0.002047
68,mobley_951560,-9.126686,-7.400000,1.726686,0.005606
68,mobley_1922649,-9.748059,-7.190000,2.558059,0.012305
68,mobley_8798016,-7.245212,-7.000000,0.245212,0.000113
68,mobley_1858644,-7.098028,-6.790000,0.308028,0.000178
68,mobley_9114381,-5.529168,-6.720000,1.190832,0.002667
68,mobley_5311804,-5.620581,-6.620000,0.999419,0.001878
68,mobley_6743808,-5.829276,-6.500000,0.670724,0.000846
68,mobley_8789864,-5.756631,-6.400000,0.643369,0.000778
68,mobley_7009711,-5.657320,-6.270000,0.612679,0.000706
68,mobley_8789465,-4.712319,-6.200000,1.487681,0.004162
68,mobley_2923700,-5.909654,-6.130000,0.220346,0.000091
68,mobley_4780078,-5.476950,-6.010000,0.533051,0.000534
68,mobley_5467162,-5.332450,-5.910000,0.577550,0.000627
68,mobley_6257907,-5.684528,-5.820000,0.135472,0.000035
68,mobley_7913234,-5.824368,-5.730000,0.094368,0.000017
68,mobley_5518547,-5.701573,-5.570000,0.131573,0.000033
68,mobley_4883284,-5.849239,-5.490000,0.359240,0.000243
68,mobley_5220185,-4.901092,-5.450000,0.548908,0.000567
68,mobley_3359593,-5.329412,-5.260000,0.069412,0.000009
68,mobley_4683624,-5.698658,-5.210000,0.488658,0.000449
68,mobley_1636752,-3.638024,-5.100000,1.461976,0.004019
68,mobley_2310185,-4.797203,-5.000000,0.202797,0.000077
68,mobley_3682850,-4.095576,-4.910000,0.814424,0.001247
68,mobley_1363784,-4.351158,-4.840000,0.488842,0.000449
68,mobley_2837389,-4.183187,-4.780000,0.596813,0.000670
68,mobley_9507933,-4.567663,-4.720000,0.152337,0.000044
68,mobley_296847,-4.744809,-4.690000,0.054809,0.000006
68,mobley_8208692,-3.023857,-4.610000,1.586143,0.004731
68,mobley_4884177,-4.238977,-4.590000,0.351023,0.000232
68,mobley_6714389,-3.730108,-4.550000,0.819892,0.001264
68,mobley_2245668,-4.324492,-4.500000,0.175508,0.000058
68,mobley_5973402,-4.450605,-4.420000,0.030605,0.000002
68,mobley_3546460,-4.293452,-4.400000,0.106548,0.000021
68,mobley_8311303,-4.292389,-4.380000,0.087611,0.000014
68,mobley_9741965,-5.304894,-4.290000,1.014894,0.001937
68,mobley_4603202,-3.274442,-4.230000,0.955558,0.001717
68,mobley_628086,-4.194616,-4.160000,0.034616,0.000002
68,mobley_4620651,-3.637177,-4.100000,0.462823,0.000403
68,mobley_7977115,-4.103144,-4.060000,0.043144,0.000004
68,mobley_2789243,-2.856654,-4.010000,1.153346,0.002501
68,mobley_3968739,-3.807358,-3.920000,0.112642,0.000024
68,mobley_63712,-2.879567,-3.880000,1.000433,0.001882
68,mobley_1046331,-3.099691,-3.820000,0.720309,0.000976
68,mobley_1160109,-3.722951,-3.750000,0.027049,0.000001
68,mobley_4149784,-3.147465,-3.670000,0.522535,0.000513
68,mobley_397645,-3.759136,-3.640000,0.119136,0.000027
68,mobley_4690963,-4.314483,-3.540000,0.774483,0.001128
68,mobley_1967551,-3.371714,-3.500000,0.128286,0.000031
68,mobley_6733657,-4.901642,-3.440000,1.461642,0.004017
68,mobley_9565165,-3.129020,-3.350000,0.220979,0.000092
68,mobley_2487143,-3.091954,-3.280000,0.188046,0.000066
68,mobley_8449031,-1.987069,-3.220000,1.232931,0.002859
68,mobley_172879,-2.693980,-3.150000,0.456020,0.000391
68,mobley_5346580,-1.865732,-3.110000,1.244268,0.002911
68,mobley_3573480,-2.895010,-3.040000,0.144990,0.000040
68,mobley_1075836,-2.949130,-2.930000,0.019130,0.000001
68,mobley_6102880,-4.053171,-2.870000,1.183171,0.002632
68,mobley_1827204,-2.775471,-2.810000,0.034529,0.000002
68,mobley_2146331,-1.438764,-2.750000,1.311236,0.003233
68,mobley_7943327,-2.364187,-2.680000,0.315813,0.000188
68,mobley_5110043,-2.228271,-2.630000,0.401729,0.000303
68,mobley_5616693,-2.851104,-2.530000,0.321104,0.000194
68,mobley_6619554,-2.053047,-2.490000,0.436953,0.000359
68,mobley_6359156,-4.174544,-2.460000,1.714544,0.005528
68,mobley_1781152,-1.920774,-2.400000,0.479227,0.000432
68,mobley_859464,-2.386724,-2.360000,0.026724,0.000001
68,mobley_7150646,-0.926723,-2.300000,1.373277,0.003546
68,mobley_1592519,-2.323145,-2.230000,0.093145,0.000016
68,mobley_5538249,-2.122876,-2.160000,0.037124,0.000003
68,mobley_6911232,-1.489911,-2.100000,0.610088,0.000700
68,mobley_3269565,-1.190767,-2.010000,0.819233,0.001262
68,mobley_2484519,-2.794890,-1.930000,0.864890,0.001407
68,mobley_7690440,-3.285543,-1.830000,1.455543,0.003984
68,mobley_3802803,-1.577889,-1.660000,0.082111,0.000013
68,mobley_1144156,-1.288969,-1.590000,0.301031,0.000170
68,mobley_2481002,-1.296396,-1.450000,0.153604,0.000044
68,mobley_2489709,-1.236801,-1.360000,0.123199,0.000029
68,mobley_5052949,-1.294100,-1.280000,0.014100,0.000000
68,mobley_2492140,-1.432942,-1.230000,0.202942,0.000077
68,mobley_7542832,-1.020840,-1.160000,0.139160,0.000036
68,mobley_7814642,-2.007749,-1.120000,0.887749,0.001482
68,mobley_1563176,-0.836186,-0.990000,0.153814,0.000044
68,mobley_1873346,-0.740501,-0.900000,0.159499,0.000048
68,mobley_3040612,-0.464832,-0.850000,0.385168,0.000279
68,mobley_4483973,-1.979573,-0.800000,1.179573,0.002616
68,mobley_9913368,-1.666823,-0.780000,0.886823,0.001479
68,mobley_1449384,-0.329710,-0.680000,0.350290,0.000231
68,mobley_7708038,-0.666167,-0.560000,0.106167,0.000021
68,mobley_8311321,-0.163277,-0.500000,0.336723,0.000213
68,mobley_766666,-0.761093,-0.440000,0.321093,0.000194
68,mobley_5445548,-0.343414,-0.300000,0.043414,0.000004
68,mobley_9029594,-0.699835,-0.220000,0.479835,0.000433
68,mobley_3370989,-2.768859,-0.110000,2.658859,0.013294
68,mobley_627267,-0.345980,-0.030000,0.315980,0.000188
68,mobley_6250025,0.282286,0.080000,0.202286,0.000077
68,mobley_4252724,-0.377707,0.160000,0.537707,0.000544
68,mobley_7157427,0.456524,0.290000,0.166524,0.000052
68,mobley_8885088,-0.304377,0.560000,0.864377,0.001405
68,mobley_8522124,0.839201,0.710000,0.129201,0.000031
68,mobley_4678740,-0.868287,1.070000,1.938287,0.007065
68,mobley_2689721,0.929464,1.230000,0.300536,0.000170
68,mobley_1662128,1.323345,1.380000,0.056655,0.000006
68,mobley_4762983,1.935714,1.660000,0.275714,0.000143
68,mobley_7732703,1.038316,1.790000,0.751683,0.001063
68,mobley_2068538,1.544902,2.000000,0.455098,0.000389
68,mobley_5157661,1.950338,2.300000,0.349662,0.000230
68,mobley_1261349,2.610866,2.510000,0.100866,0.000019
68,mobley_2328633,2.177531,2.550000,0.372469,0.000261
68,mobley_8436428,2.912349,2.830000,0.082349,0.000013
68,mobley_3060426,3.462054,2.930000,0.532054,0.000532
68,mobley_2197088,3.249254,3.160000,0.089254,0.000015
69,mobley_9534740,-22.554432,-25.469999,2.915567,0.015985
69,mobley_6239320,-20.136497,-18.059999,2.076498,0.008108
69,mobley_7794077,-14.189741,-15.460000,1.270259,0.003034
69,mobley_7415647,-12.999978,-11.950000,1.049978,0.002073
69,mobley_1728386,-10.574496,-11.000000,0.425504,0.000340
69,mobley_2269032,-9.360671,-10.210000,0.849329,0.001356
69,mobley_2913224,-6.962903,-9.940000,2.977097,0.016667
69,mobley_2659552,-9.623142,-9.760000,0.136858,0.000035
69,mobley_7176290,-9.096150,-9.620000,0.523849,0.000516
69,mobley_2295058,-9.030028,-9.510000,0.479972,0.000433
69,mobley_6055410,-10.049677,-9.400000,0.649677,0.000794
69,mobley_4639255,-9.978542,-9.300000,0.678542,0.000866
69,mobley_1417007,-4.286634,-9.010000,4.723366,0.041953
69,mobley_6115639,-10.752914,-8.700000,2.052915,0.007925
69,mobley_6353617,-7.480498,-8.260000,0.779502,0.001143
69,mobley_2725215,-8.842607,-7.980000,0.862607,0.001399
69,mobley_7039935,-6.959888,-7.670000,0.710112,0.000948
69,mobley_4059279,-6.545514,-7.580000,1.034486,0.002012
69,mobley_951560,-9.047611,-7.400000,1.647611,0.005105
69,mobley_1922649,-9.733855,-7.190000,2.543855,0.012169
69,mobley_8798016,-7.318126,-7.000000,0.318126,0.000190
69,mobley_1858644,-7.228355,-6.790000,0.438355,0.000361
69,mobley_9114381,-5.535542,-6.720000,1.184457,0.002638
69,mobley_5311804,-5.703773,-6.620000,0.916226,0.001579
69,mobley_6743808,-5.983521,-6.500000,0.516479,0.000502
69,mobley_8789864,-5.797374,-6.400000,0.602626,0.000683
69,mobley_7009711,-5.867938,-6.270000,0.402062,0.000304
69,mobley_8789465,-4.780196,-6.200000,1.419804,0.003791
69,mobley_2923700,-6.061532,-6.130000,0.068468,0.000009
69,mobley_4780078,-5.596739,-6.010000,0.413261,0.000321
69,mobley_5467162,-5.541059,-5.910000,0.368941,0.000256
69,mobley_6257907,-5.629368,-5.820000,0.190632,0.000068
69,mobley_7913234,-5.931380,-5.730000,0.201380,0.000076
69,mobley_5518547,-5.739426,-5.570000,0.169425,0.000054
69,mobley_4883284,-5.851585,-5.490000,0.361585,0.000246
69,mobley_5220185,-4.962761,-5.450000,0.487239,0.000446
69,mobley_3359593,-5.436353,-5.260000,0.176353,0.000058
69,mobley_4683624,-5.845160,-5.210000,0.635160,0.000759
69,mobley_1636752,-3.591528,-5.100000,1.508472,0.004279
69,mobley_2310185,-4.830736,-5.000000,0.169264,0.000054
69,mobley_3682850,-4.147756,-4.910000,0.762244,0.001093
69,mobley_1363784,-4.466428,-4.840000,0.373572,0.000262
69,mobley_2837389,-4.270937,-4.780000,0.509063,0.000487
69,mobley_9507933,-4.681272,-4.720000,0.038728,0.000003
69,mobley_296847,-4.798964,-4.690000,0.108964,0.000022
69,mobley_8208692,-2.995107,-4.610000,1.614893,0.004904
69,mobley_4884177,-4.317700,-4.590000,0.272300,0.000139
69,mobley_6714389,-3.592323,-4.550000,0.957678,0.001725
69,mobley_2245668,-4.418386,-4.500000,0.081614,0.000013
69,mobley_5973402,-4.496670,-4.420000,0.076670,0.000011
69,mobley_3546460,-4.271209,-4.400000,0.128791,0.000031
69,mobley_8311303,-4.261947,-4.380000,0.118053,0.000026
69,mobley_9741965,-5.207774,-4.290000,0.917774,0.001584
69,mobley_4603202,-3.258659,-4.230000,0.971341,0.001774
69,mobley_628086,-4.263213,-4.160000,0.103213,0.000020
69,mobley_4620651,-3.664000,-4.100000,0.436000,0.000357
69,mobley_7977115,-4.118707,-4.060000,0.058707,0.000006
69,mobley_2789243,-2.867351,-4.010000,1.142649,0.002455
69,mobley_3968739,-3.889607,-3.920000,0.030393,0.000002
69,mobley_63712,-2.974931,-3.880000,0.905069,0.001540
69,mobley_1046331,-3.196538,-3.820000,0.623462,0.000731
69,mobley_1160109,-3.871962,-3.750000,0.121962,0.000028
69,mobley_4149784,-3.339473,-3.670000,0.330528,0.000205
69,mobley_397645,-3.891469,-3.640000,0.251469,0.000119
69,mobley_4690963,-4.416622,-3.540000,0.876622,0.001445
69,mobley_1967551,-3.382499,-3.500000,0.117501,0.000026
69,mobley_6733657,-5.063585,-3.440000,1.623585,0.004957
69,mobley_9565165,-3.407193,-3.350000,0.057193,0.000006
69,mobley_2487143,-3.160964,-3.280000,0.119036,0.000027
69,mobley_8449031,-2.076398,-3.220000,1.143602,0.002459
69,mobley_172879,-2.833671,-3.150000,0.316329,0.000188
69,mobley_5346580,-1.961680,-3.110000,1.148320,0.002480
69,mobley_3573480,-2.949396,-3.040000,0.090604,0.000015
69,mobley_1075836,-3.029275,-2.930000,0.099275,0.000019
69,mobley_6102880,-4.163339,-2.870000,1.293339,0.003145
69,mobley_1827204,-2.802912,-2.810000,0.007087,0.000000
69,mobley_2146331,-1.482927,-2.750000,1.267073,0.003019
69,mobley_7943327,-2.495229,-2.680000,0.184771,0.000064
69,mobley_5110043,-2.497760,-2.630000,0.132240,0.000033
69,mobley_5616693,-2.948754,-2.530000,0.418754,0.000330
69,mobley_6619554,-2.170090,-2.490000,0.319910,0.000192
69,mobley_6359156,-4.267813,-2.460000,1.807813,0.006146
69,mobley_1781152,-2.097980,-2.400000,0.302020,0.000172
69,mobley_859464,-2.476738,-2.360000,0.116739,0.000026
69,mobley_7150646,-0.965321,-2.300000,1.334679,0.003350
69,mobley_1592519,-2.417593,-2.230000,0.187593,0.000066
69,mobley_5538249,-2.269171,-2.160000,0.109171,0.000022
69,mobley_6911232,-1.546394,-2.100000,0.553606,0.000576
69,mobley_3269565,-1.288595,-2.010000,0.721405,0.000979
69,mobley_2484519,-2.878516,-1.930000,0.948516,0.001692
69,mobley_7690440,-3.194232,-1.830000,1.364232,0.003500
69,mobley_3802803,-1.499172,-1.660000,0.160828,0.000049
69,mobley_1144156,-1.386963,-1.590000,0.203037,0.000078
69,mobley_2481002,-1.259953,-1.450000,0.190047,0.000068
69,mobley_2489709,-1.254443,-1.360000,0.105557,0.000021
69,mobley_5052949,-1.287392,-1.280000,0.007392,0.000000
69,mobley_2492140,-1.411047,-1.230000,0.181047,0.000062
69,mobley_7542832,-1.140746,-1.160000,0.019254,0.000001
69,mobley_7814642,-1.983426,-1.120000,0.863426,0.001402
69,mobley_1563176,-0.813151,-0.990000,0.176849,0.000059
69,mobley_1873346,-0.850945,-0.900000,0.049055,0.000005
69,mobley_3040612,-0.624408,-0.850000,0.225592,0.000096
69,mobley_4483973,-2.013012,-0.800000,1.213012,0.002767
69,mobley_9913368,-1.656371,-0.780000,0.876371,0.001444
69,mobley_1449384,-0.510415,-0.680000,0.169585,0.000054
69,mobley_7708038,-0.729694,-0.560000,0.169694,0.000054
69,mobley_8311321,-0.169235,-0.500000,0.330765,0.000206
69,mobley_766666,-0.760978,-0.440000,0.320978,0.000194
69,mobley_5445548,-0.481255,-0.300000,0.181255,0.000062
69,mobley_9029594,-0.715059,-0.220000,0.495059,0.000461
69,mobley_3370989,-2.772332,-0.110000,2.662332,0.013329
69,mobley_627267,-0.389823,-0.030000,0.359823,0.000243
69,mobley_6250025,0.258743,0.080000,0.178743,0.000060
69,mobley_4252724,-0.522325,0.160000,0.682325,0.000875
69,mobley_7157427,0.480490,0.290000,0.190490,0.000068
69,mobley_8885088,-0.372573,0.560000,0.932573,0.001635
69,mobley_8522124,0.800779,0.710000,0.090779,0.000015
69,mobley_4678740,-0.946136,1.070000,2.016136,0.007644
69,mobley_2689721,0.897474,1.230000,0.332526,0.000208
69,mobley_1662128,1.289966,1.380000,0.090034,0.000015
69,mobley_4762983,1.951026,1.660000,0.291026,0.000159
69,mobley_7732703,1.016910,1.790000,0.773090,0.001124
69,mobley_2068538,1.493551,2.000000,0.506449,0.000482
69,mobley_5157661,1.874232,2.300000,0.425768,0.000341
69,mobley_1261349,2.465558,2.510000,0.044442,0.000004
69,mobley_2328633,2.127516,2.550000,0.422484,0.000336
69,mobley_8436428,2.821033,2.830000,0.008966,0.000000
69,mobley_3060426,3.333247,2.930000,0.403247,0.000306
69,mobley_2197088,3.241121,3.160000,0.081121,0.000012
70,mobley_9534740,-22.616982,-25.469999,2.853018,0.015306
70,mobley_6239320,-20.117689,-18.059999,2.057690,0.007962
70,mobley_7794077,-14.219469,-15.460000,1.240531,0.002894
70,mobley_7415647,-13.200106,-11.950000,1.250106,0.002939
70,mobley_1728386,-10.691915,-11.000000,0.308085,0.000178
70,mobley_2269032,-9.469222,-10.210000,0.740778,0.001032
70,mobley_2913224,-7.077277,-9.940000,2.862723,0.015411
70,mobley_2659552,-9.752241,-9.760000,0.007759,0.000000
70,mobley_7176290,-9.191523,-9.620000,0.428477,0.000345
70,mobley_2295058,-9.046150,-9.510000,0.463850,0.000405
70,mobley_6055410,-10.203036,-9.400000,0.803037,0.001213
70,mobley_4639255,-9.948794,-9.300000,0.648794,0.000792
70,mobley_1417007,-4.318721,-9.010000,4.691279,0.041385
70,mobley_6115639,-10.764647,-8.700000,2.064647,0.008016
70,mobley_6353617,-7.504981,-8.260000,0.755019,0.001072
70,mobley_2725215,-8.991997,-7.980000,1.011997,0.001926
70,mobley_7039935,-6.968258,-7.670000,0.701742,0.000926
70,mobley_4059279,-6.666019,-7.580000,0.913981,0.001571
70,mobley_951560,-9.153978,-7.400000,1.753978,0.005785
70,mobley_1922649,-9.834924,-7.190000,2.644924,0.013155
70,mobley_8798016,-7.292994,-7.000000,0.292994,0.000161
70,mobley_1858644,-7.188449,-6.790000,0.398449,0.000299
70,mobley_9114381,-5.591555,-6.720000,1.128445,0.002395
70,mobley_5311804,-5.744591,-6.620000,0.875409,0.001441
70,mobley_6743808,-5.985707,-6.500000,0.514293,0.000497
70,mobley_8789864,-5.861042,-6.400000,0.538959,0.000546
70,mobley_7009711,-5.786687,-6.270000,0.483313,0.000439
70,mobley_8789465,-4.798123,-6.200000,1.401876,0.003696
70,mobley_2923700,-6.016463,-6.130000,0.113537,0.000024
70,mobley_4780078,-5.615828,-6.010000,0.394172,0.000292
70,mobley_5467162,-5.507440,-5.910000,0.402560,0.000305
70,mobley_6257907,-5.754896,-5.820000,0.065104,0.000008
70,mobley_7913234,-5.881671,-5.730000,0.151671,0.000043
70,mobley_5518547,-5.847618,-5.570000,0.277617,0.000145
70,mobley_4883284,-5.979599,-5.490000,0.489600,0.000451
70,mobley_5220185,-4.950555,-5.450000,0.499444,0.000469
70,mobley_3359593,-5.479865,-5.260000,0.219865,0.000091
70,mobley_4683624,-5.791795,-5.210000,0.581795,0.000637
70,mobley_1636752,-3.628712,-5.100000,1.471288,0.004071
70,mobley_2310185,-4.769162,-5.000000,0.230838,0.000100
70,mobley_3682850,-4.184187,-4.910000,0.725813,0.000991
70,mobley_1363784,-4.407800,-4.840000,0.432200,0.000351
70,mobley_2837389,-4.198849,-4.780000,0.581151,0.000635
70,mobley_9507933,-4.611905,-4.720000,0.108095,0.000022
70,mobley_296847,-4.761774,-4.690000,0.071774,0.000010
70,mobley_8208692,-2.969464,-4.610000,1.640536,0.005061
70,mobley_4884177,-4.274432,-4.590000,0.315568,0.000187
70,mobley_6714389,-3.722055,-4.550000,0.827945,0.001289
70,mobley_2245668,-4.325170,-4.500000,0.174830,0.000057
70,mobley_5973402,-4.417909,-4.420000,0.002091,0.000000
70,mobley_3546460,-4.182687,-4.400000,0.217313,0.000089
70,mobley_8311303,-4.287282,-4.380000,0.092719,0.000016
70,mobley_9741965,-5.378621,-4.290000,1.088621,0.002229
70,mobley_4603202,-3.364496,-4.230000,0.865504,0.001409
70,mobley_628086,-4.261114,-4.160000,0.101114,0.000019
70,mobley_4620651,-3.700334,-4.100000,0.399666,0.000300
70,mobley_7977115,-4.017117,-4.060000,0.042883,0.000003
70,mobley_2789243,-2.884693,-4.010000,1.125307,0.002381
70,mobley_3968739,-3.969596,-3.920000,0.049596,0.000005
70,mobley_63712,-3.022737,-3.880000,0.857263,0.001382
70,mobley_1046331,-3.233119,-3.820000,0.586881,0.000648
70,mobley_1160109,-3.929067,-3.750000,0.179067,0.000060
70,mobley_4149784,-3.375989,-3.670000,0.294011,0.000163
70,mobley_397645,-3.978099,-3.640000,0.338099,0.000215
70,mobley_4690963,-4.447490,-3.540000,0.907490,0.001549
70,mobley_1967551,-3.332905,-3.500000,0.167095,0.000053
70,mobley_6733657,-5.015761,-3.440000,1.575761,0.004669
70,mobley_9565165,-3.419777,-3.350000,0.069777,0.000009
70,mobley_2487143,-3.093642,-3.280000,0.186357,0.000065
70,mobley_8449031,-2.082390,-3.220000,1.137610,0.002434
70,mobley_172879,-2.960895,-3.150000,0.189105,0.000067
70,mobley_5346580,-2.003259,-3.110000,1.106741,0.002303
70,mobley_3573480,-2.880608,-3.040000,0.159392,0.000048
70,mobley_1075836,-3.038231,-2.930000,0.108231,0.000022
70,mobley_6102880,-4.273493,-2.870000,1.403493,0.003704
70,mobley_1827204,-2.727473,-2.810000,0.082527,0.000013
70,mobley_2146331,-1.469853,-2.750000,1.280147,0.003082
70,mobley_7943327,-2.520148,-2.680000,0.159853,0.000048
70,mobley_5110043,-2.468920,-2.630000,0.161081,0.000049
70,mobley_5616693,-2.964612,-2.530000,0.434612,0.000355
70,mobley_6619554,-2.180403,-2.490000,0.309597,0.000180
70,mobley_6359156,-4.274359,-2.460000,1.814359,0.006190
70,mobley_1781152,-2.066706,-2.400000,0.333294,0.000209
70,mobley_859464,-2.524899,-2.360000,0.164899,0.000051
70,mobley_7150646,-0.982742,-2.300000,1.317258,0.003263
70,mobley_1592519,-2.398939,-2.230000,0.168939,0.000054
70,mobley_5538249,-2.268399,-2.160000,0.108398,0.000022
70,mobley_6911232,-1.576944,-2.100000,0.523055,0.000514
70,mobley_3269565,-1.304354,-2.010000,0.705646,0.000936
70,mobley_2484519,-2.959477,-1.930000,1.029477,0.001993
70,mobley_7690440,-3.354057,-1.830000,1.524057,0.004368
70,mobley_3802803,-1.538258,-1.660000,0.121742,0.000028
70,mobley_1144156,-1.395643,-1.590000,0.194358,0.000071
70,mobley_2481002,-1.273922,-1.450000,0.176078,0.000058
70,mobley_2489709,-1.268895,-1.360000,0.091105,0.000016
70,mobley_5052949,-1.311364,-1.280000,0.031364,0.000002
70,mobley_2492140,-1.406193,-1.230000,0.176193,0.000058
70,mobley_7542832,-1.107319,-1.160000,0.052680,0.000005
70,mobley_7814642,-1.991602,-1.120000,0.871602,0.001429
70,mobley_1563176,-0.772041,-0.990000,0.217959,0.000089
70,mobley_1873346,-0.869456,-0.900000,0.030544,0.000002
70,mobley_3040612,-0.634958,-0.850000,0.215042,0.000087
70,mobley_4483973,-2.078237,-0.800000,1.278237,0.003072
70,mobley_9913368,-1.679151,-0.780000,0.899151,0.001520
70,mobley_1449384,-0.505066,-0.680000,0.174934,0.000058
70,mobley_7708038,-0.727818,-0.560000,0.167818,0.000053
70,mobley_8311321,-0.169695,-0.500000,0.330305,0.000205
70,mobley_766666,-0.762876,-0.440000,0.322876,0.000196
70,mobley_5445548,-0.489639,-0.300000,0.189639,0.000068
70,mobley_9029594,-0.723928,-0.220000,0.503928,0.000478
70,mobley_3370989,-2.813981,-0.110000,2.703981,0.013749
70,mobley_627267,-0.396791,-0.030000,0.366791,0.000253
70,mobley_6250025,0.347082,0.080000,0.267082,0.000134
70,mobley_4252724,-0.540928,0.160000,0.700928,0.000924
70,mobley_7157427,0.488668,0.290000,0.198668,0.000074
70,mobley_8885088,-0.391118,0.560000,0.951118,0.001701
70,mobley_8522124,0.905761,0.710000,0.195761,0.000072
70,mobley_4678740,-1.006657,1.070000,2.076657,0.008109
70,mobley_2689721,0.915579,1.230000,0.314421,0.000186
70,mobley_1662128,1.322722,1.380000,0.057278,0.000006
70,mobley_4762983,1.989156,1.660000,0.329156,0.000204
70,mobley_7732703,1.072408,1.790000,0.717592,0.000968
70,mobley_2068538,1.544449,2.000000,0.455551,0.000390
70,mobley_5157661,1.920225,2.300000,0.379775,0.000271
70,mobley_1261349,2.483078,2.510000,0.026922,0.000001
70,mobley_2328633,2.140734,2.550000,0.409266,0.000315
70,mobley_8436428,2.844229,2.830000,0.014230,0.000000
70,mobley_3060426,3.292689,2.930000,0.362689,0.000247
70,mobley_2197088,3.301651,3.160000,0.141651,0.000038
71,mobley_9534740,-22.435091,-25.469999,3.034908,0.017320
71,mobley_6239320,-19.469687,-18.059999,1.409687,0.003737
71,mobley_7794077,-13.837646,-15.460000,1.622355,0.004949
71,mobley_7415647,-13.050876,-11.950000,1.100876,0.002279
71,mobley_1728386,-10.600206,-11.000000,0.399794,0.000301
71,mobley_2269032,-9.311640,-10.210000,0.898360,0.001518
71,mobley_2913224,-7.054826,-9.940000,2.885173,0.015653
71,mobley_2659552,-9.609177,-9.760000,0.150824,0.000043
71,mobley_7176290,-9.105001,-9.620000,0.514998,0.000499
71,mobley_2295058,-9.046754,-9.510000,0.463246,0.000404
71,mobley_6055410,-10.141418,-9.400000,0.741418,0.001034
71,mobley_4639255,-9.839132,-9.300000,0.539132,0.000547
71,mobley_1417007,-4.215577,-9.010000,4.794424,0.043225
71,mobley_6115639,-10.627488,-8.700000,1.927488,0.006986
71,mobley_6353617,-7.458054,-8.260000,0.801946,0.001209
71,mobley_2725215,-8.782900,-7.980000,0.802900,0.001212
71,mobley_7039935,-6.905684,-7.670000,0.764316,0.001099
71,mobley_4059279,-6.289150,-7.580000,1.290850,0.003133
71,mobley_951560,-8.944486,-7.400000,1.544486,0.004486
71,mobley_1922649,-9.613285,-7.190000,2.423285,0.011043
71,mobley_8798016,-7.253886,-7.000000,0.253886,0.000121
71,mobley_1858644,-7.061626,-6.790000,0.271626,0.000139
71,mobley_9114381,-5.489497,-6.720000,1.230503,0.002847
71,mobley_5311804,-5.636408,-6.620000,0.983592,0.001819
71,mobley_6743808,-5.831374,-6.500000,0.668626,0.000841
71,mobley_8789864,-5.739977,-6.400000,0.660023,0.000819
71,mobley_7009711,-5.705739,-6.270000,0.564261,0.000599
71,mobley_8789465,-4.729817,-6.200000,1.470183,0.004064
71,mobley_2923700,-5.983766,-6.130000,0.146235,0.000040
71,mobley_4780078,-5.527919,-6.010000,0.482081,0.000437
71,mobley_5467162,-5.415943,-5.910000,0.494057,0.000459
71,mobley_6257907,-5.725385,-5.820000,0.094615,0.000017
71,mobley_7913234,-5.779542,-5.730000,0.049542,0.000005
71,mobley_5518547,-5.800811,-5.570000,0.230811,0.000100
71,mobley_4883284,-5.969934,-5.490000,0.479934,0.000433
71,mobley_5220185,-4.874793,-5.450000,0.575207,0.000622
71,mobley_3359593,-5.407164,-5.260000,0.147164,0.000041
71,mobley_4683624,-5.753241,-5.210000,0.543241,0.000555
71,mobley_1636752,-3.550671,-5.100000,1.549329,0.004514
71,mobley_2310185,-4.748499,-5.000000,0.251501,0.000119
71,mobley_3682850,-4.105438,-4.910000,0.804562,0.001217
71,mobley_1363784,-4.328290,-4.840000,0.511710,0.000492
71,mobley_2837389,-4.089616,-4.780000,0.690384,0.000896
71,mobley_9507933,-4.510345,-4.720000,0.209655,0.000083
71,mobley_296847,-4.691791,-4.690000,0.001791,0.000000
71,mobley_8208692,-2.938251,-4.610000,1.671749,0.005255
71,mobley_4884177,-4.211458,-4.590000,0.378542,0.000269
71,mobley_6714389,-3.661076,-4.550000,0.888925,0.001486
71,mobley_2245668,-4.281629,-4.500000,0.218371,0.000090
71,mobley_5973402,-4.367547,-4.420000,0.052453,0.000005
71,mobley_3546460,-4.174545,-4.400000,0.225455,0.000096
71,mobley_8311303,-4.212499,-4.380000,0.167501,0.000053
71,mobley_9741965,-5.270957,-4.290000,0.980957,0.001810
71,mobley_4603202,-3.176871,-4.230000,1.053129,0.002086
71,mobley_628086,-4.013358,-4.160000,0.146642,0.000040
71,mobley_4620651,-3.669290,-4.100000,0.430710,0.000349
71,mobley_7977115,-4.059214,-4.060000,0.000786,0.000000
71,mobley_2789243,-2.823177,-4.010000,1.186823,0.002649
71,mobley_3968739,-3.934511,-3.920000,0.014511,0.000000
71,mobley_63712,-2.739652,-3.880000,1.140348,0.002445
71,mobley_1046331,-3.194015,-3.820000,0.625985,0.000737
71,mobley_1160109,-3.723061,-3.750000,0.026939,0.000001
71,mobley_4149784,-3.370285,-3.670000,0.299715,0.000169
71,mobley_397645,-3.898597,-3.640000,0.258597,0.000126
71,mobley_4690963,-4.226563,-3.540000,0.686563,0.000886
71,mobley_1967551,-3.359233,-3.500000,0.140767,0.000037
71,mobley_6733657,-4.897584,-3.440000,1.457584,0.003995
71,mobley_9565165,-3.155040,-3.350000,0.194960,0.000071
71,mobley_2487143,-3.109228,-3.280000,0.170772,0.000055
71,mobley_8449031,-1.902123,-3.220000,1.317877,0.003266
71,mobley_172879,-2.910601,-3.150000,0.239399,0.000108
71,mobley_5346580,-1.909975,-3.110000,1.200025,0.002708
71,mobley_3573480,-2.899760,-3.040000,0.140240,0.000037
71,mobley_1075836,-3.032525,-2.930000,0.102525,0.000020
71,mobley_6102880,-4.191442,-2.870000,1.321443,0.003284
71,mobley_1827204,-2.724827,-2.810000,0.085173,0.000014
71,mobley_2146331,-1.407457,-2.750000,1.342543,0.003389
71,mobley_7943327,-2.480381,-2.680000,0.199619,0.000075
71,mobley_5110043,-2.270284,-2.630000,0.359716,0.000243
71,mobley_5616693,-2.859616,-2.530000,0.329616,0.000204
71,mobley_6619554,-2.112635,-2.490000,0.377365,0.000268
71,mobley_6359156,-4.149178,-2.460000,1.689178,0.005366
71,mobley_1781152,-1.993852,-2.400000,0.406149,0.000310
71,mobley_859464,-2.443626,-2.360000,0.083626,0.000013
71,mobley_7150646,-0.932079,-2.300000,1.367921,0.003519
71,mobley_1592519,-2.367104,-2.230000,0.137104,0.000035
71,mobley_5538249,-2.157086,-2.160000,0.002914,0.000000
71,mobley_6911232,-1.456951,-2.100000,0.643049,0.000778
71,mobley_3269565,-1.205543,-2.010000,0.804457,0.001217
71,mobley_2484519,-2.804026,-1.930000,0.874026,0.001437
71,mobley_7690440,-3.170943,-1.830000,1.340943,0.003381
71,mobley_3802803,-1.515753,-1.660000,0.144247,0.000039
71,mobley_1144156,-1.289575,-1.590000,0.300425,0.000170
71,mobley_2481002,-1.243007,-1.450000,0.206993,0.000081
71,mobley_2489709,-1.240897,-1.360000,0.119103,0.000027
71,mobley_5052949,-1.248411,-1.280000,0.031589,0.000002
71,mobley_2492140,-1.381471,-1.230000,0.151471,0.000043
71,mobley_7542832,-1.039851,-1.160000,0.120149,0.000027
71,mobley_7814642,-1.970183,-1.120000,0.850183,0.001359
71,mobley_1563176,-0.750169,-0.990000,0.239831,0.000108
71,mobley_1873346,-0.788753,-0.900000,0.111247,0.000023
71,mobley_3040612,-0.522509,-0.850000,0.327491,0.000202
71,mobley_4483973,-2.047992,-0.800000,1.247992,0.002929
71,mobley_9913368,-1.660089,-0.780000,0.880089,0.001457
71,mobley_1449384,-0.399636,-0.680000,0.280364,0.000148
71,mobley_7708038,-0.618472,-0.560000,0.058472,0.000006
71,mobley_8311321,-0.137891,-0.500000,0.362109,0.000247
71,mobley_766666,-0.739523,-0.440000,0.299523,0.000169
71,mobley_5445548,-0.424082,-0.300000,0.124082,0.000029
71,mobley_9029594,-0.680898,-0.220000,0.460898,0.000399
71,mobley_3370989,-2.742568,-0.110000,2.632568,0.013032
71,mobley_627267,-0.288586,-0.030000,0.258586,0.000126
71,mobley_6250025,0.389475,0.080000,0.309475,0.000180
71,mobley_4252724,-0.420528,0.160000,0.580528,0.000634
71,mobley_7157427,0.564516,0.290000,0.274516,0.000142
71,mobley_8885088,-0.279925,0.560000,0.839925,0.001327
71,mobley_8522124,0.947348,0.710000,0.237348,0.000106
71,mobley_4678740,-0.870139,1.070000,1.940139,0.007078
71,mobley_2689721,0.925711,1.230000,0.304289,0.000174
71,mobley_1662128,1.313137,1.380000,0.066863,0.000008
71,mobley_4762983,1.987205,1.660000,0.327205,0.000201
71,mobley_7732703,1.147350,1.790000,0.642650,0.000777
71,mobley_2068538,1.516944,2.000000,0.483056,0.000439
71,mobley_5157661,1.899079,2.300000,0.400921,0.000302
71,mobley_1261349,2.573973,2.510000,0.063973,0.000008
71,mobley_2328633,2.191942,2.550000,0.358057,0.000241
71,mobley_8436428,2.858515,2.830000,0.028515,0.000002
71,mobley_3060426,3.440470,2.930000,0.510469,0.000490
71,mobley_2197088,3.285528,3.160000,0.125528,0.000030
72,mobley_9534740,-23.021189,-25.469999,2.448811,0.011276
72,mobley_6239320,-20.004944,-18.059999,1.944944,0.007113
72,mobley_7794077,-14.131719,-15.460000,1.328281,0.003318
72,mobley_7415647,-13.352910,-11.950000,1.402910,0.003701
72,mobley_1728386,-10.862067,-11.000000,0.137933,0.000036
72,mobley_2269032,-9.749116,-10.210000,0.460884,0.000399
72,mobley_2913224,-7.214197,-9.940000,2.725803,0.013972
72,mobley_2659552,-9.922264,-9.760000,0.162264,0.000050
72,mobley_7176290,-9.397778,-9.620000,0.222222,0.000093
72,mobley_2295058,-9.239522,-9.510000,0.270478,0.000138
72,mobley_6055410,-10.344979,-9.400000,0.944980,0.001679
72,mobley_4639255,-10.155510,-9.300000,0.855510,0.001376
72,mobley_1417007,-4.356621,-9.010000,4.653379,0.040719
72,mobley_6115639,-10.785938,-8.700000,2.085938,0.008182
72,mobley_6353617,-7.811810,-8.260000,0.448190,0.000378
72,mobley_2725215,-9.017325,-7.980000,1.037325,0.002023
72,mobley_7039935,-7.312472,-7.670000,0.357528,0.000240
72,mobley_4059279,-6.657900,-7.580000,0.922100,0.001599
72,mobley_951560,-9.290887,-7.400000,1.890887,0.006723
72,mobley_1922649,-9.858103,-7.190000,2.668103,0.013387
72,mobley_8798016,-7.648044,-7.000000,0.648044,0.000790
72,mobley_1858644,-7.440643,-6.790000,0.650643,0.000796
72,mobley_9114381,-5.624975,-6.720000,1.095025,0.002255
72,mobley_5311804,-5.976733,-6.620000,0.643267,0.000778
72,mobley_6743808,-6.170628,-6.500000,0.329372,0.000204
72,mobley_8789864,-5.930174,-6.400000,0.469826,0.000415
72,mobley_7009711,-6.043660,-6.270000,0.226340,0.000096
72,mobley_8789465,-4.981701,-6.200000,1.218298,0.002791
72,mobley_2923700,-6.215612,-6.130000,0.085612,0.000014
72,mobley_4780078,-5.848969,-6.010000,0.161031,0.000049
72,mobley_5467162,-5.688986,-5.910000,0.221014,0.000092
72,mobley_6257907,-5.723423,-5.820000,0.096577,0.000018
72,mobley_7913234,-5.945125,-5.730000,0.215125,0.000087
72,mobley_5518547,-5.908020,-5.570000,0.338020,0.000215
72,mobley_4883284,-6.035121,-5.490000,0.545121,0.000559
72,mobley_5220185,-5.263781,-5.450000,0.186219,0.000065
72,mobley_3359593,-5.630748,-5.260000,0.370748,0.000258
72,mobley_4683624,-5.982674,-5.210000,0.772674,0.001123
72,mobley_1636752,-3.727438,-5.100000,1.372561,0.003543
72,mobley_2310185,-4.846546,-5.000000,0.153454,0.000044
72,mobley_3682850,-4.236579,-4.910000,0.673420,0.000853
72,mobley_1363784,-4.739529,-4.840000,0.100471,0.000019
72,mobley_2837389,-4.367398,-4.780000,0.412602,0.000320
72,mobley_9507933,-4.941043,-4.720000,0.221044,0.000092
72,mobley_296847,-5.155617,-4.690000,0.465617,0.000408
72,mobley_8208692,-3.030990,-4.610000,1.579010,0.004688
72,mobley_4884177,-4.620503,-4.590000,0.030503,0.000002
72,mobley_6714389,-3.730624,-4.550000,0.819376,0.001262
72,mobley_2245668,-4.442843,-4.500000,0.057157,0.000006
72,mobley_5973402,-4.510898,-4.420000,0.090898,0.000016
72,mobley_3546460,-4.261094,-4.400000,0.138906,0.000036
72,mobley_8311303,-4.368225,-4.380000,0.011775,0.000000
72,mobley_9741965,-5.391944,-4.290000,1.101944,0.002283
72,mobley_4603202,-3.363006,-4.230000,0.866994,0.001413
72,mobley_628086,-4.226244,-4.160000,0.066245,0.000008
72,mobley_4620651,-3.790829,-4.100000,0.309171,0.000180
72,mobley_7977115,-4.104821,-4.060000,0.044821,0.000004
72,mobley_2789243,-2.963621,-4.010000,1.046379,0.002059
72,mobley_3968739,-4.124947,-3.920000,0.204947,0.000079
72,mobley_63712,-2.966254,-3.880000,0.913746,0.001570
72,mobley_1046331,-3.360519,-3.820000,0.459481,0.000397
72,mobley_1160109,-4.014938,-3.750000,0.264938,0.000132
72,mobley_4149784,-3.385671,-3.670000,0.284329,0.000152
72,mobley_397645,-4.071702,-3.640000,0.431702,0.000350
72,mobley_4690963,-4.397560,-3.540000,0.857560,0.001383
72,mobley_1967551,-3.430248,-3.500000,0.069752,0.000009
72,mobley_6733657,-5.065409,-3.440000,1.625409,0.004968
72,mobley_9565165,-3.817621,-3.350000,0.467621,0.000411
72,mobley_2487143,-3.133931,-3.280000,0.146069,0.000040
72,mobley_8449031,-2.029329,-3.220000,1.190671,0.002666
72,mobley_172879,-3.093952,-3.150000,0.056048,0.000006
72,mobley_5346580,-2.057478,-3.110000,1.052522,0.002083
72,mobley_3573480,-2.921953,-3.040000,0.118047,0.000026
72,mobley_1075836,-3.044042,-2.930000,0.114042,0.000024
72,mobley_6102880,-4.472548,-2.870000,1.602549,0.004829
72,mobley_1827204,-2.787664,-2.810000,0.022336,0.000001
72,mobley_2146331,-1.573106,-2.750000,1.176894,0.002605
72,mobley_7943327,-2.451663,-2.680000,0.228337,0.000098
72,mobley_5110043,-2.820333,-2.630000,0.190333,0.000068
72,mobley_5616693,-3.025747,-2.530000,0.495747,0.000462
72,mobley_6619554,-2.076655,-2.490000,0.413345,0.000321
72,mobley_6359156,-4.436501,-2.460000,1.976501,0.007346
72,mobley_1781152,-2.122582,-2.400000,0.277418,0.000145
72,mobley_859464,-2.476515,-2.360000,0.116515,0.000026
72,mobley_7150646,-1.124863,-2.300000,1.175137,0.002597
72,mobley_1592519,-2.340005,-2.230000,0.110005,0.000023
72,mobley_5538249,-2.440361,-2.160000,0.280361,0.000148
72,mobley_6911232,-1.571074,-2.100000,0.528926,0.000526
72,mobley_3269565,-1.322433,-2.010000,0.687567,0.000889
72,mobley_2484519,-3.153100,-1.930000,1.223101,0.002813
72,mobley_7690440,-3.338492,-1.830000,1.508492,0.004279
72,mobley_3802803,-1.531211,-1.660000,0.128789,0.000031
72,mobley_1144156,-1.342478,-1.590000,0.247522,0.000115
72,mobley_2481002,-1.229578,-1.450000,0.220422,0.000091
72,mobley_2489709,-1.324266,-1.360000,0.035734,0.000002
72,mobley_5052949,-1.334975,-1.280000,0.054975,0.000006
72,mobley_2492140,-1.413057,-1.230000,0.183057,0.000063
72,mobley_7542832,-1.065028,-1.160000,0.094972,0.000017
72,mobley_7814642,-1.998425,-1.120000,0.878425,0.001451
72,mobley_1563176,-0.801088,-0.990000,0.188912,0.000067
72,mobley_1873346,-1.037134,-0.900000,0.137134,0.000035
72,mobley_3040612,-0.793733,-0.850000,0.056267,0.000006
72,mobley_4483973,-2.170178,-0.800000,1.370178,0.003530
72,mobley_9913368,-1.696188,-0.780000,0.916188,0.001578
72,mobley_1449384,-0.657514,-0.680000,0.022486,0.000001
72,mobley_7708038,-0.752268,-0.560000,0.192268,0.000070
72,mobley_8311321,-0.151607,-0.500000,0.348393,0.000228
72,mobley_766666,-0.747995,-0.440000,0.307995,0.000178
72,mobley_5445548,-0.636555,-0.300000,0.336555,0.000213
72,mobley_9029594,-0.732555,-0.220000,0.512555,0.000494
72,mobley_3370989,-2.760657,-0.110000,2.650657,0.013212
72,mobley_627267,-0.433617,-0.030000,0.403617,0.000306
72,mobley_6250025,0.306004,0.080000,0.226004,0.000096
72,mobley_4252724,-0.688949,0.160000,0.848949,0.001355
72,mobley_7157427,0.519453,0.290000,0.229453,0.000099
72,mobley_8885088,-0.431970,0.560000,0.991970,0.001850
72,mobley_8522124,0.822555,0.710000,0.112555,0.000024
72,mobley_4678740,-0.958397,1.070000,2.028397,0.007737
72,mobley_2689721,0.929031,1.230000,0.300969,0.000170
72,mobley_1662128,1.277530,1.380000,0.102470,0.000020
72,mobley_4762983,1.935376,1.660000,0.275376,0.000143
72,mobley_7732703,1.083645,1.790000,0.706355,0.000938
72,mobley_2068538,1.559388,2.000000,0.440612,0.000365
72,mobley_5157661,1.920649,2.300000,0.379351,0.000271
72,mobley_1261349,2.490015,2.510000,0.019985,0.000001
72,mobley_2328633,2.178019,2.550000,0.371981,0.000260
72,mobley_8436428,2.857744,2.830000,0.027744,0.000001
72,mobley_3060426,3.361935,2.930000,0.431935,0.000351
72,mobley_2197088,3.363128,3.160000,0.203128,0.000078
73,mobley_9534740,-22.716686,-25.469999,2.753313,0.014255
73,mobley_6239320,-19.986044,-18.059999,1.926044,0.006976
73,mobley_7794077,-14.026915,-15.460000,1.433085,0.003862
73,mobley_7415647,-13.173327,-11.950000,1.223328,0.002814
73,mobley_1728386,-10.718948,-11.000000,0.281052,0.000149
73,mobley_2269032,-9.570067,-10.210000,0.639933,0.000770
73,mobley_2913224,-7.125068,-9.940000,2.814932,0.014900
73,mobley_2659552,-9.833933,-9.760000,0.073933,0.000010
73,mobley_7176290,-9.147964,-9.620000,0.472035,0.000419
73,mobley_2295058,-9.116362,-9.510000,0.393639,0.000291
73,mobley_6055410,-10.203008,-9.400000,0.803008,0.001213
73,mobley_4639255,-10.075367,-9.300000,0.775367,0.001131
73,mobley_1417007,-4.316307,-9.010000,4.693693,0.041428
73,mobley_6115639,-10.732780,-8.700000,2.032780,0.007770
73,mobley_6353617,-7.631330,-8.260000,0.628670,0.000743
73,mobley_2725215,-8.955130,-7.980000,0.975130,0.001788
73,mobley_7039935,-7.085076,-7.670000,0.584924,0.000643
73,mobley_4059279,-6.703943,-7.580000,0.876057,0.001443
73,mobley_951560,-9.306540,-7.400000,1.906539,0.006835
73,mobley_1922649,-9.702210,-7.190000,2.512210,0.011868
73,mobley_8798016,-7.407311,-7.000000,0.407311,0.000312
73,mobley_1858644,-7.321727,-6.790000,0.531727,0.000532
73,mobley_9114381,-5.621653,-6.720000,1.098347,0.002269
73,mobley_5311804,-5.855163,-6.620000,0.764837,0.001100
73,mobley_6743808,-6.047642,-6.500000,0.452358,0.000385
73,mobley_8789864,-5.898258,-6.400000,0.501742,0.000473
73,mobley_7009711,-5.877028,-6.270000,0.392972,0.000290
73,mobley_8789465,-4.888932,-6.200000,1.311068,0.003232
73,mobley_2923700,-6.100042,-6.130000,0.029958,0.000002
73,mobley_4780078,-5.732584,-6.010000,0.277416,0.000145
73,mobley_5467162,-5.575341,-5.910000,0.334659,0.000211
73,mobley_6257907,-5.745079,-5.820000,0.074922,0.000011
73,mobley_7913234,-6.045976,-5.730000,0.315976,0.000188
73,mobley_5518547,-5.886014,-5.570000,0.316014,0.000188
73,mobley_4883284,-5.999552,-5.490000,0.509552,0.000488
73,mobley_5220185,-5.105668,-5.450000,0.344332,0.000223
73,mobley_3359593,-5.602623,-5.260000,0.342622,0.000221
73,mobley_4683624,-5.904815,-5.210000,0.694815,0.000908
73,mobley_1636752,-3.709899,-5.100000,1.390101,0.003634
73,mobley_2310185,-4.861299,-5.000000,0.138701,0.000036
73,mobley_3682850,-4.323472,-4.910000,0.586528,0.000647
73,mobley_1363784,-4.539930,-4.840000,0.300070,0.000169
73,mobley_2837389,-4.206667,-4.780000,0.573333,0.000618
73,mobley_9507933,-4.725679,-4.720000,0.005679,0.000000
73,mobley_296847,-4.842706,-4.690000,0.152706,0.000044
73,mobley_8208692,-2.980597,-4.610000,1.629404,0.004993
73,mobley_4884177,-4.394931,-4.590000,0.195069,0.000072
73,mobley_6714389,-3.791620,-4.550000,0.758380,0.001082
73,mobley_2245668,-4.456751,-4.500000,0.043249,0.000004
73,mobley_5973402,-4.572439,-4.420000,0.152439,0.000044
73,mobley_3546460,-4.388653,-4.400000,0.011347,0.000000
73,mobley_8311303,-4.235134,-4.380000,0.144866,0.000039
73,mobley_9741965,-5.305054,-4.290000,1.015054,0.001937
73,mobley_4603202,-3.387893,-4.230000,0.842107,0.001334
73,mobley_628086,-4.116586,-4.160000,0.043414,0.000004
73,mobley_4620651,-3.795611,-4.100000,0.304389,0.000174
73,mobley_7977115,-4.253635,-4.060000,0.193635,0.000071
73,mobley_2789243,-2.859759,-4.010000,1.150241,0.002488
73,mobley_3968739,-4.029053,-3.920000,0.109053,0.000022
73,mobley_63712,-3.099028,-3.880000,0.780972,0.001147
73,mobley_1046331,-3.255377,-3.820000,0.564623,0.000599
73,mobley_1160109,-4.126963,-3.750000,0.376963,0.000267
73,mobley_4149784,-3.329551,-3.670000,0.340450,0.000218
73,mobley_397645,-4.037674,-3.640000,0.397674,0.000297
73,mobley_4690963,-4.527631,-3.540000,0.987631,0.001834
73,mobley_1967551,-3.427227,-3.500000,0.072773,0.000010
73,mobley_6733657,-4.997646,-3.440000,1.557646,0.004562
73,mobley_9565165,-3.580138,-3.350000,0.230138,0.000100
73,mobley_2487143,-3.259261,-3.280000,0.020739,0.000001
73,mobley_8449031,-2.147059,-3.220000,1.072941,0.002165
73,mobley_172879,-2.988757,-3.150000,0.161243,0.000049
73,mobley_5346580,-2.114408,-3.110000,0.995592,0.001864
73,mobley_3573480,-3.074271,-3.040000,0.034271,0.000002
73,mobley_1075836,-3.086288,-2.930000,0.156288,0.000046
73,mobley_6102880,-4.283830,-2.870000,1.413830,0.003759
73,mobley_1827204,-2.887492,-2.810000,0.077492,0.000011
73,mobley_2146331,-1.542097,-2.750000,1.207903,0.002744
73,mobley_7943327,-2.569297,-2.680000,0.110703,0.000023
73,mobley_5110043,-2.622801,-2.630000,0.007199,0.000000
73,mobley_5616693,-3.182658,-2.530000,0.652658,0.000801
73,mobley_6619554,-2.254677,-2.490000,0.235323,0.000104
73,mobley_6359156,-4.227017,-2.460000,1.767017,0.005871
73,mobley_1781152,-2.136473,-2.400000,0.263527,0.000131
73,mobley_859464,-2.581935,-2.360000,0.221936,0.000093
73,mobley_7150646,-1.025809,-2.300000,1.274191,0.003053
73,mobley_1592519,-2.521198,-2.230000,0.291198,0.000159
73,mobley_5538249,-2.234859,-2.160000,0.074858,0.000011
73,mobley_6911232,-1.624801,-2.100000,0.475199,0.000425
73,mobley_3269565,-1.373838,-2.010000,0.636162,0.000761
73,mobley_2484519,-2.965978,-1.930000,1.035978,0.002018
73,mobley_7690440,-3.366954,-1.830000,1.536954,0.004442
73,mobley_3802803,-1.616233,-1.660000,0.043767,0.000004
73,mobley_1144156,-1.458687,-1.590000,0.131313,0.000032
73,mobley_2481002,-1.225045,-1.450000,0.224955,0.000095
73,mobley_2489709,-1.245195,-1.360000,0.114805,0.000025
73,mobley_5052949,-1.483860,-1.280000,0.203860,0.000078
73,mobley_2492140,-1.388017,-1.230000,0.158017,0.000047
73,mobley_7542832,-1.240200,-1.160000,0.080200,0.000012
73,mobley_7814642,-1.938385,-1.120000,0.818385,0.001259
73,mobley_1563176,-0.917089,-0.990000,0.072911,0.000010
73,mobley_1873346,-0.928071,-0.900000,0.028071,0.000001
73,mobley_3040612,-0.710577,-0.850000,0.139423,0.000037
73,mobley_4483973,-2.076900,-0.800000,1.276900,0.003066
73,mobley_9913368,-1.673447,-0.780000,0.893447,0.001501
73,mobley_1449384,-0.597496,-0.680000,0.082504,0.000013
73,mobley_7708038,-0.787911,-0.560000,0.227911,0.000098
73,mobley_8311321,-0.145973,-0.500000,0.354027,0.000236
73,mobley_766666,-0.742183,-0.440000,0.302183,0.000172
73,mobley_5445548,-0.558621,-0.300000,0.258621,0.000126
73,mobley_9029594,-0.724761,-0.220000,0.504761,0.000479
73,mobley_3370989,-2.791144,-0.110000,2.681144,0.013518
73,mobley_627267,-0.484597,-0.030000,0.454597,0.000389
73,mobley_6250025,0.165258,0.080000,0.085258,0.000014
73,mobley_4252724,-0.646202,0.160000,0.806202,0.001222
73,mobley_7157427,0.338922,0.290000,0.048922,0.000005
73,mobley_8885088,-0.451518,0.560000,1.011518,0.001924
73,mobley_8522124,0.708014,0.710000,0.001986,0.000000
73,mobley_4678740,-0.907690,1.070000,1.977690,0.007355
73,mobley_2689721,0.835329,1.230000,0.394671,0.000293
73,mobley_1662128,1.248038,1.380000,0.131962,0.000033
73,mobley_4762983,1.816962,1.660000,0.156962,0.000046
73,mobley_7732703,1.098020,1.790000,0.691980,0.000900
73,mobley_2068538,1.517398,2.000000,0.482602,0.000438
73,mobley_5157661,1.876135,2.300000,0.423865,0.000338
73,mobley_1261349,2.449449,2.510000,0.060551,0.000007
73,mobley_2328633,1.967887,2.550000,0.582113,0.000637
73,mobley_8436428,2.752808,2.830000,0.077192,0.000011
73,mobley_3060426,3.204193,2.930000,0.274193,0.000141
73,mobley_2197088,3.139534,3.160000,0.020467,0.000001
74,mobley_9534740,-22.694462,-25.469999,2.775537,0.014486
74,mobley_6239320,-20.056341,-18.059999,1.996342,0.007494
74,mobley_7794077,-14.116179,-15.460000,1.343822,0.003396
74,mobley_7415647,-13.248826,-11.950000,1.298826,0.003172
74,mobley_1728386,-10.748000,-11.000000,0.252000,0.000119
74,mobley_2269032,-9.554630,-10.210000,0.655370,0.000808
74,mobley_2913224,-7.106968,-9.940000,2.833031,0.015093
74,mobley_2659552,-9.806684,-9.760000,0.046683,0.000004
74,mobley_7176290,-9.229769,-9.620000,0.390231,0.000286
74,mobley_2295058,-9.090429,-9.510000,0.419571,0.000331
74,mobley_6055410,-10.177793,-9.400000,0.777793,0.001138
74,mobley_4639255,-10.066982,-9.300000,0.766982,0.001106
74,mobley_1417007,-4.337539,-9.010000,4.672461,0.041054
74,mobley_6115639,-10.824084,-8.700000,2.124084,0.008484
74,mobley_6353617,-7.643012,-8.260000,0.616989,0.000716
74,mobley_2725215,-9.035975,-7.980000,1.055974,0.002097
74,mobley_7039935,-7.070156,-7.670000,0.599844,0.000677
74,mobley_4059279,-6.724143,-7.580000,0.855857,0.001377
74,mobley_951560,-9.346816,-7.400000,1.946816,0.007127
74,mobley_1922649,-9.850285,-7.190000,2.660285,0.013308
74,mobley_8798016,-7.417200,-7.000000,0.417200,0.000327
74,mobley_1858644,-7.312318,-6.790000,0.522318,0.000513
74,mobley_9114381,-5.629266,-6.720000,1.090734,0.002237
74,mobley_5311804,-5.855332,-6.620000,0.764668,0.001100
74,mobley_6743808,-6.033659,-6.500000,0.466341,0.000409
74,mobley_8789864,-5.921576,-6.400000,0.478424,0.000430
74,mobley_7009711,-5.856682,-6.270000,0.413318,0.000321
74,mobley_8789465,-4.886206,-6.200000,1.313794,0.003246
74,mobley_2923700,-6.083277,-6.130000,0.046723,0.000004
74,mobley_4780078,-5.704076,-6.010000,0.305924,0.000176
74,mobley_5467162,-5.568626,-5.910000,0.341374,0.000219
74,mobley_6257907,-5.740286,-5.820000,0.079714,0.000012
74,mobley_7913234,-5.991453,-5.730000,0.261453,0.000129
74,mobley_5518547,-5.846582,-5.570000,0.276582,0.000144
74,mobley_4883284,-5.982337,-5.490000,0.492337,0.000456
74,mobley_5220185,-5.085747,-5.450000,0.364253,0.000249
74,mobley_3359593,-5.556747,-5.260000,0.296747,0.000166
74,mobley_4683624,-5.879046,-5.210000,0.669046,0.000842
74,mobley_1636752,-3.710166,-5.100000,1.389834,0.003632
74,mobley_2310185,-4.851670,-5.000000,0.148330,0.000041
74,mobley_3682850,-4.264574,-4.910000,0.645426,0.000783
74,mobley_1363784,-4.547245,-4.840000,0.292755,0.000161
74,mobley_2837389,-4.247305,-4.780000,0.532695,0.000534
74,mobley_9507933,-4.734878,-4.720000,0.014878,0.000000
74,mobley_296847,-4.893558,-4.690000,0.203558,0.000078
74,mobley_8208692,-3.015748,-4.610000,1.594253,0.004779
74,mobley_4884177,-4.418209,-4.590000,0.171791,0.000055
74,mobley_6714389,-3.789359,-4.550000,0.760641,0.001088
74,mobley_2245668,-4.454613,-4.500000,0.045387,0.000004
74,mobley_5973402,-4.571219,-4.420000,0.151219,0.000043
74,mobley_3546460,-4.363500,-4.400000,0.036500,0.000003
74,mobley_8311303,-4.277026,-4.380000,0.102974,0.000020
74,mobley_9741965,-5.383494,-4.290000,1.093494,0.002249
74,mobley_4603202,-3.383902,-4.230000,0.846098,0.001346
74,mobley_628086,-4.193400,-4.160000,0.033400,0.000002
74,mobley_4620651,-3.785482,-4.100000,0.314518,0.000186
74,mobley_7977115,-4.244180,-4.060000,0.184180,0.000064
74,mobley_2789243,-2.875661,-4.010000,1.134340,0.002420
74,mobley_3968739,-4.013736,-3.920000,0.093736,0.000017
74,mobley_63712,-3.082981,-3.880000,0.797019,0.001195
74,mobley_1046331,-3.240803,-3.820000,0.579197,0.000631
74,mobley_1160109,-4.100095,-3.750000,0.350095,0.000230
74,mobley_4149784,-3.342182,-3.670000,0.327818,0.000202
74,mobley_397645,-4.005071,-3.640000,0.365071,0.000251
74,mobley_4690963,-4.483901,-3.540000,0.943901,0.001675
74,mobley_1967551,-3.429613,-3.500000,0.070387,0.000009
74,mobley_6733657,-5.089534,-3.440000,1.649534,0.005117
74,mobley_9565165,-3.557458,-3.350000,0.207458,0.000081
74,mobley_2487143,-3.193734,-3.280000,0.086266,0.000014
74,mobley_8449031,-2.150229,-3.220000,1.069771,0.002152
74,mobley_172879,-2.967067,-3.150000,0.182933,0.000063
74,mobley_5346580,-2.097759,-3.110000,1.012241,0.001927
74,mobley_3573480,-3.003520,-3.040000,0.036480,0.000003
74,mobley_1075836,-3.062605,-2.930000,0.132605,0.000033
74,mobley_6102880,-4.284383,-2.870000,1.414383,0.003762
74,mobley_1827204,-2.859177,-2.810000,0.049177,0.000005
74,mobley_2146331,-1.552596,-2.750000,1.197404,0.002696
74,mobley_7943327,-2.525794,-2.680000,0.154206,0.000045
74,mobley_5110043,-2.571959,-2.630000,0.058041,0.000006
74,mobley_5616693,-3.163255,-2.530000,0.633255,0.000754
74,mobley_6619554,-2.200923,-2.490000,0.289077,0.000157
74,mobley_6359156,-4.265809,-2.460000,1.805809,0.006132
74,mobley_1781152,-2.124081,-2.400000,0.275919,0.000143
74,mobley_859464,-2.580700,-2.360000,0.220700,0.000092
74,mobley_7150646,-1.034798,-2.300000,1.265202,0.003010
74,mobley_1592519,-2.463544,-2.230000,0.233544,0.000103
74,mobley_5538249,-2.277788,-2.160000,0.117788,0.000026
74,mobley_6911232,-1.598308,-2.100000,0.501692,0.000473
74,mobley_3269565,-1.354572,-2.010000,0.655428,0.000808
74,mobley_2484519,-3.003052,-1.930000,1.073052,0.002165
74,mobley_7690440,-3.420042,-1.830000,1.590042,0.004754
74,mobley_3802803,-1.635571,-1.660000,0.024428,0.000001
74,mobley_1144156,-1.411608,-1.590000,0.178392,0.000060
74,mobley_2481002,-1.231725,-1.450000,0.218275,0.000090
74,mobley_2489709,-1.256767,-1.360000,0.103233,0.000020
74,mobley_5052949,-1.473329,-1.280000,0.193329,0.000070
74,mobley_2492140,-1.397204,-1.230000,0.167204,0.000053
74,mobley_7542832,-1.186173,-1.160000,0.026173,0.000001
74,mobley_7814642,-1.959318,-1.120000,0.839318,0.001325
74,mobley_1563176,-0.912122,-0.990000,0.077878,0.000011
74,mobley_1873346,-0.910370,-0.900000,0.010370,0.000000
74,mobley_3040612,-0.692148,-0.850000,0.157852,0.000047
74,mobley_4483973,-2.074199,-0.800000,1.274199,0.003053
74,mobley_9913368,-1.675098,-0.780000,0.895098,0.001507
74,mobley_1449384,-0.567779,-0.680000,0.112221,0.000024
74,mobley_7708038,-0.797144,-0.560000,0.237144,0.000106
74,mobley_8311321,-0.185629,-0.500000,0.314371,0.000186
74,mobley_766666,-0.746555,-0.440000,0.306555,0.000177
74,mobley_5445548,-0.554262,-0.300000,0.254262,0.000122
74,mobley_9029594,-0.726420,-0.220000,0.506420,0.000482
74,mobley_3370989,-2.803272,-0.110000,2.693272,0.013640
74,mobley_627267,-0.512842,-0.030000,0.482842,0.000438
74,mobley_6250025,0.181770,0.080000,0.101770,0.000019
74,mobley_4252724,-0.632512,0.160000,0.792512,0.001181
74,mobley_7157427,0.362181,0.290000,0.072181,0.000010
74,mobley_8885088,-0.409586,0.560000,0.969586,0.001768
74,mobley_8522124,0.721191,0.710000,0.011191,0.000000
74,mobley_4678740,-0.945524,1.070000,2.015524,0.007639
74,mobley_2689721,0.887637,1.230000,0.342363,0.000220
74,mobley_1662128,1.266126,1.380000,0.113874,0.000024
74,mobley_4762983,1.842805,1.660000,0.182805,0.000063
74,mobley_7732703,1.031245,1.790000,0.758755,0.001083
74,mobley_2068538,1.541608,2.000000,0.458392,0.000395
74,mobley_5157661,1.896056,2.300000,0.403944,0.000307
74,mobley_1261349,2.464983,2.510000,0.045017,0.000004
74,mobley_2328633,2.031210,2.550000,0.518790,0.000506
74,mobley_8436428,2.774804,2.830000,0.055196,0.000006
74,mobley_3060426,3.217459,2.930000,0.287459,0.000155
74,mobley_2197088,3.193268,3.160000,0.033268,0.000002
75,mobley_9534740,-22.634897,-25.469999,2.835102,0.015115
75,mobley_6239320,-19.968613,-18.059999,1.908613,0.006850
75,mobley_7794077,-14.021099,-15.460000,1.438901,0.003893
75,mobley_7415647,-13.166279,-11.950000,1.216279,0.002782
75,mobley_1728386,-10.712213,-11.000000,0.287787,0.000156
75,mobley_2269032,-9.510531,-10.210000,0.699469,0.000920
75,mobley_2913224,-7.088467,-9.940000,2.851532,0.015290
75,mobley_2659552,-9.749173,-9.760000,0.010827,0.000000
75,mobley_7176290,-9.199316,-9.620000,0.420684,0.000333
75,mobley_2295058,-9.094374,-9.510000,0.415627,0.000325
75,mobley_6055410,-10.129996,-9.400000,0.729997,0.001002
75,mobley_4639255,-10.087484,-9.300000,0.787484,0.001166
75,mobley_1417007,-4.284410,-9.010000,4.725591,0.041993
75,mobley_6115639,-10.783180,-8.700000,2.083180,0.008160
75,mobley_6353617,-7.630877,-8.260000,0.629123,0.000744
75,mobley_2725215,-8.862677,-7.980000,0.882677,0.001465
75,mobley_7039935,-7.067437,-7.670000,0.602563,0.000683
75,mobley_4059279,-6.658693,-7.580000,0.921307,0.001596
75,mobley_951560,-9.309248,-7.400000,1.909248,0.006855
75,mobley_1922649,-9.758615,-7.190000,2.568615,0.012407
75,mobley_8798016,-7.408954,-7.000000,0.408954,0.000314
75,mobley_1858644,-7.317825,-6.790000,0.527825,0.000524
75,mobley_9114381,-5.595520,-6.720000,1.124480,0.002378
75,mobley_5311804,-5.841515,-6.620000,0.778485,0.001140
75,mobley_6743808,-6.031886,-6.500000,0.468114,0.000412
75,mobley_8789864,-5.866497,-6.400000,0.533503,0.000535
75,mobley_7009711,-5.877887,-6.270000,0.392113,0.000289
75,mobley_8789465,-4.865607,-6.200000,1.334393,0.003348
75,mobley_2923700,-6.096026,-6.130000,0.033974,0.000002
75,mobley_4780078,-5.689249,-6.010000,0.320751,0.000193
75,mobley_5467162,-5.551057,-5.910000,0.358943,0.000242
75,mobley_6257907,-5.707496,-5.820000,0.112504,0.000024
75,mobley_7913234,-5.977635,-5.730000,0.247635,0.000115
75,mobley_5518547,-5.832260,-5.570000,0.262259,0.000129
75,mobley_4883284,-5.965230,-5.490000,0.475230,0.000425
75,mobley_5220185,-5.061707,-5.450000,0.388292,0.000284
75,mobley_3359593,-5.523529,-5.260000,0.263529,0.000131
75,mobley_4683624,-5.888380,-5.210000,0.678380,0.000865
75,mobley_1636752,-3.712276,-5.100000,1.387724,0.003621
75,mobley_2310185,-4.865760,-5.000000,0.134240,0.000034
75,mobley_3682850,-4.256411,-4.910000,0.653589,0.000803
75,mobley_1363784,-4.542161,-4.840000,0.297839,0.000167
75,mobley_2837389,-4.250333,-4.780000,0.529667,0.000528
75,mobley_9507933,-4.737809,-4.720000,0.017809,0.000001
75,mobley_296847,-4.890002,-4.690000,0.200002,0.000075
75,mobley_8208692,-2.978446,-4.610000,1.631554,0.005006
75,mobley_4884177,-4.407485,-4.590000,0.182515,0.000063
75,mobley_6714389,-3.774410,-4.550000,0.775590,0.001131
75,mobley_2245668,-4.466295,-4.500000,0.033705,0.000002
75,mobley_5973402,-4.563642,-4.420000,0.143642,0.000039
75,mobley_3546460,-4.365769,-4.400000,0.034231,0.000002
75,mobley_8311303,-4.223522,-4.380000,0.156478,0.000046
75,mobley_9741965,-5.328392,-4.290000,1.038392,0.002028
75,mobley_4603202,-3.355391,-4.230000,0.874609,0.001438
75,mobley_628086,-4.117941,-4.160000,0.042059,0.000003
75,mobley_4620651,-3.768607,-4.100000,0.331393,0.000207
75,mobley_7977115,-4.216155,-4.060000,0.156155,0.000046
75,mobley_2789243,-2.863743,-4.010000,1.146257,0.002471
75,mobley_3968739,-4.005586,-3.920000,0.085586,0.000014
75,mobley_63712,-3.068769,-3.880000,0.811231,0.001238
75,mobley_1046331,-3.230587,-3.820000,0.589413,0.000653
75,mobley_1160109,-4.042657,-3.750000,0.292657,0.000161
75,mobley_4149784,-3.304353,-3.670000,0.365648,0.000251
75,mobley_397645,-3.997492,-3.640000,0.357492,0.000240
75,mobley_4690963,-4.482116,-3.540000,0.942116,0.001669
75,mobley_1967551,-3.445384,-3.500000,0.054616,0.000006
75,mobley_6733657,-5.037346,-3.440000,1.597346,0.004798
75,mobley_9565165,-3.533792,-3.350000,0.183793,0.000064
75,mobley_2487143,-3.183100,-3.280000,0.096900,0.000018
75,mobley_8449031,-2.125774,-3.220000,1.094226,0.002252
75,mobley_172879,-2.952835,-3.150000,0.197165,0.000073
75,mobley_5346580,-2.034750,-3.110000,1.075250,0.002174
75,mobley_3573480,-2.993929,-3.040000,0.046071,0.000004
75,mobley_1075836,-3.065598,-2.930000,0.135598,0.000035
75,mobley_6102880,-4.269126,-2.870000,1.399126,0.003681
75,mobley_1827204,-2.860920,-2.810000,0.050920,0.000005
75,mobley_2146331,-1.542573,-2.750000,1.207427,0.002741
75,mobley_7943327,-2.534446,-2.680000,0.145554,0.000040
75,mobley_5110043,-2.562522,-2.630000,0.067478,0.000009
75,mobley_5616693,-3.118172,-2.530000,0.588172,0.000651
75,mobley_6619554,-2.203512,-2.490000,0.286488,0.000154
75,mobley_6359156,-4.223574,-2.460000,1.763574,0.005849
75,mobley_1781152,-2.092353,-2.400000,0.307647,0.000178
75,mobley_859464,-2.577227,-2.360000,0.217227,0.000089
75,mobley_7150646,-1.035208,-2.300000,1.264791,0.003008
75,mobley_1592519,-2.462267,-2.230000,0.232267,0.000101
75,mobley_5538249,-2.239790,-2.160000,0.079790,0.000012
75,mobley_6911232,-1.591452,-2.100000,0.508548,0.000486
75,mobley_3269565,-1.332443,-2.010000,0.677557,0.000863
75,mobley_2484519,-2.984760,-1.930000,1.054760,0.002092
75,mobley_7690440,-3.349822,-1.830000,1.519822,0.004344
75,mobley_3802803,-1.616046,-1.660000,0.043954,0.000004
75,mobley_1144156,-1.416598,-1.590000,0.173402,0.000057
75,mobley_2481002,-1.212933,-1.450000,0.237067,0.000106
75,mobley_2489709,-1.236568,-1.360000,0.123432,0.000029
75,mobley_5052949,-1.452260,-1.280000,0.172260,0.000056
75,mobley_2492140,-1.381881,-1.230000,0.151881,0.000043
75,mobley_7542832,-1.188528,-1.160000,0.028528,0.000002
75,mobley_7814642,-1.936997,-1.120000,0.816997,0.001255
75,mobley_1563176,-0.902224,-0.990000,0.087776,0.000014
75,mobley_1873346,-0.905200,-0.900000,0.005200,0.000000
75,mobley_3040612,-0.679825,-0.850000,0.170175,0.000054
75,mobley_4483973,-2.070094,-0.800000,1.270094,0.003033
75,mobley_9913368,-1.675951,-0.780000,0.895951,0.001509
75,mobley_1449384,-0.556232,-0.680000,0.123768,0.000029
75,mobley_7708038,-0.794469,-0.560000,0.234469,0.000103
75,mobley_8311321,-0.158257,-0.500000,0.341743,0.000220
75,mobley_766666,-0.733733,-0.440000,0.293733,0.000162
75,mobley_5445548,-0.541328,-0.300000,0.241328,0.000110
75,mobley_9029594,-0.729214,-0.220000,0.509214,0.000488
75,mobley_3370989,-2.778889,-0.110000,2.668889,0.013394
75,mobley_627267,-0.501623,-0.030000,0.471623,0.000418
75,mobley_6250025,0.188393,0.080000,0.108393,0.000022
75,mobley_4252724,-0.605670,0.160000,0.765670,0.001102
75,mobley_7157427,0.384719,0.290000,0.094719,0.000017
75,mobley_8885088,-0.390281,0.560000,0.950281,0.001698
75,mobley_8522124,0.734161,0.710000,0.024161,0.000001
75,mobley_4678740,-0.862183,1.070000,1.932183,0.007020
75,mobley_2689721,0.883943,1.230000,0.346057,0.000225
75,mobley_1662128,1.279183,1.380000,0.100817,0.000019
75,mobley_4762983,1.867168,1.660000,0.207168,0.000081
75,mobley_7732703,1.090928,1.790000,0.699072,0.000919
75,mobley_2068538,1.534823,2.000000,0.465177,0.000407
75,mobley_5157661,1.903571,2.300000,0.396429,0.000296
75,mobley_1261349,2.508518,2.510000,0.001482,0.000000
75,mobley_2328633,2.045937,2.550000,0.504063,0.000478
75,mobley_8436428,2.804790,2.830000,0.025210,0.000001
75,mobley_3060426,3.293571,2.930000,0.363570,0.000249
75,mobley_2197088,3.200411,3.160000,0.040411,0.000003
76,mobley_9534740,-22.758076,-25.469999,2.711924,0.013830
76,mobley_6239320,-20.071983,-18.059999,2.011984,0.007612
76,mobley_7794077,-14.127367,-15.460000,1.332633,0.003340
76,mobley_7415647,-13.181331,-11.950000,1.231331,0.002851
76,mobley_1728386,-10.760630,-11.000000,0.239370,0.000108
76,mobley_2269032,-9.515900,-10.210000,0.694100,0.000906
76,mobley_2913224,-7.107041,-9.940000,2.832959,0.015092
76,mobley_2659552,-9.755602,-9.760000,0.004398,0.000000
76,mobley_7176290,-9.240214,-9.620000,0.379786,0.000271
76,mobley_2295058,-9.130130,-9.510000,0.379870,0.000271
76,mobley_6055410,-10.180707,-9.400000,0.780707,0.001146
76,mobley_4639255,-10.118893,-9.300000,0.818892,0.001261
76,mobley_1417007,-4.340889,-9.010000,4.669111,0.040995
76,mobley_6115639,-10.751245,-8.700000,2.051245,0.007912
76,mobley_6353617,-7.655209,-8.260000,0.604791,0.000688
76,mobley_2725215,-8.944074,-7.980000,0.964074,0.001748
76,mobley_7039935,-7.101723,-7.670000,0.568277,0.000607
76,mobley_4059279,-6.657648,-7.580000,0.922352,0.001600
76,mobley_951560,-9.352329,-7.400000,1.952329,0.007168
76,mobley_1922649,-9.715621,-7.190000,2.525621,0.011995
76,mobley_8798016,-7.462192,-7.000000,0.462192,0.000402
76,mobley_1858644,-7.354352,-6.790000,0.564353,0.000599
76,mobley_9114381,-5.587667,-6.720000,1.132332,0.002411
76,mobley_5311804,-5.880572,-6.620000,0.739428,0.001028
76,mobley_6743808,-6.045850,-6.500000,0.454150,0.000388
76,mobley_8789864,-5.843017,-6.400000,0.556983,0.000583
76,mobley_7009711,-5.892313,-6.270000,0.377687,0.000268
76,mobley_8789465,-4.913713,-6.200000,1.286287,0.003111
76,mobley_2923700,-6.139904,-6.130000,0.009903,0.000000
76,mobley_4780078,-5.708251,-6.010000,0.301749,0.000171
76,mobley_5467162,-5.592990,-5.910000,0.317010,0.000189
76,mobley_6257907,-5.719213,-5.820000,0.100787,0.000019
76,mobley_7913234,-6.010736,-5.730000,0.280736,0.000148
76,mobley_5518547,-5.831973,-5.570000,0.261973,0.000129
76,mobley_4883284,-5.978848,-5.490000,0.488849,0.000449
76,mobley_5220185,-5.117645,-5.450000,0.332355,0.000208
76,mobley_3359593,-5.551442,-5.260000,0.291441,0.000160
76,mobley_4683624,-5.941709,-5.210000,0.731709,0.001007
76,mobley_1636752,-3.702327,-5.100000,1.397673,0.003673
76,mobley_2310185,-4.864462,-5.000000,0.135538,0.000035
76,mobley_3682850,-4.287193,-4.910000,0.622807,0.000729
76,mobley_1363784,-4.558105,-4.840000,0.281895,0.000149
76,mobley_2837389,-4.326612,-4.780000,0.453388,0.000387
76,mobley_9507933,-4.750448,-4.720000,0.030448,0.000002
76,mobley_296847,-4.931376,-4.690000,0.241376,0.000110
76,mobley_8208692,-3.051532,-4.610000,1.558469,0.004567
76,mobley_4884177,-4.444846,-4.590000,0.145154,0.000040
76,mobley_6714389,-3.752410,-4.550000,0.797590,0.001196
76,mobley_2245668,-4.479597,-4.500000,0.020403,0.000001
76,mobley_5973402,-4.599952,-4.420000,0.179952,0.000061
76,mobley_3546460,-4.424227,-4.400000,0.024227,0.000001
76,mobley_8311303,-4.320709,-4.380000,0.059291,0.000007
76,mobley_9741965,-5.351630,-4.290000,1.061630,0.002119
76,mobley_4603202,-3.356595,-4.230000,0.873405,0.001434
76,mobley_628086,-4.198249,-4.160000,0.038249,0.000003
76,mobley_4620651,-3.778269,-4.100000,0.321731,0.000195
76,mobley_7977115,-4.281673,-4.060000,0.221673,0.000092
76,mobley_2789243,-2.902704,-4.010000,1.107297,0.002306
76,mobley_3968739,-4.032574,-3.920000,0.112574,0.000024
76,mobley_63712,-3.085665,-3.880000,0.794335,0.001187
76,mobley_1046331,-3.270455,-3.820000,0.549545,0.000568
76,mobley_1160109,-4.089378,-3.750000,0.339378,0.000217
76,mobley_4149784,-3.347432,-3.670000,0.322568,0.000196
76,mobley_397645,-4.017686,-3.640000,0.377686,0.000268
76,mobley_4690963,-4.456391,-3.540000,0.916391,0.001579
76,mobley_1967551,-3.443258,-3.500000,0.056742,0.000006
76,mobley_6733657,-5.107311,-3.440000,1.667311,0.005228
76,mobley_9565165,-3.565302,-3.350000,0.215302,0.000087
76,mobley_2487143,-3.193702,-3.280000,0.086298,0.000014
76,mobley_8449031,-2.138292,-3.220000,1.081708,0.002200
76,mobley_172879,-2.990949,-3.150000,0.159051,0.000048
76,mobley_5346580,-2.027051,-3.110000,1.082948,0.002205
76,mobley_3573480,-3.013619,-3.040000,0.026381,0.000001
76,mobley_1075836,-3.059843,-2.930000,0.129843,0.000032
76,mobley_6102880,-4.318820,-2.870000,1.448820,0.003947
76,mobley_1827204,-2.907637,-2.810000,0.097637,0.000018
76,mobley_2146331,-1.568835,-2.750000,1.181165,0.002624
76,mobley_7943327,-2.528157,-2.680000,0.151843,0.000043
76,mobley_5110043,-2.561678,-2.630000,0.068322,0.000009
76,mobley_5616693,-3.168110,-2.530000,0.638110,0.000766
76,mobley_6619554,-2.221087,-2.490000,0.268913,0.000136
76,mobley_6359156,-4.294759,-2.460000,1.834759,0.006330
76,mobley_1781152,-2.088825,-2.400000,0.311175,0.000182
76,mobley_859464,-2.570139,-2.360000,0.210139,0.000083
76,mobley_7150646,-1.077657,-2.300000,1.222342,0.002810
76,mobley_1592519,-2.486009,-2.230000,0.256009,0.000123
76,mobley_5538249,-2.297742,-2.160000,0.137742,0.000036
76,mobley_6911232,-1.559228,-2.100000,0.540772,0.000550
76,mobley_3269565,-1.294038,-2.010000,0.715962,0.000964
76,mobley_2484519,-3.024439,-1.930000,1.094439,0.002252
76,mobley_7690440,-3.375957,-1.830000,1.545957,0.004494
76,mobley_3802803,-1.661327,-1.660000,0.001327,0.000000
76,mobley_1144156,-1.390759,-1.590000,0.199241,0.000075
76,mobley_2481002,-1.208553,-1.450000,0.241447,0.000110
76,mobley_2489709,-1.267427,-1.360000,0.092573,0.000016
76,mobley_5052949,-1.480750,-1.280000,0.200750,0.000076
76,mobley_2492140,-1.382483,-1.230000,0.152483,0.000044
76,mobley_7542832,-1.200720,-1.160000,0.040720,0.000003
76,mobley_7814642,-1.975569,-1.120000,0.855569,0.001376
76,mobley_1563176,-0.948428,-0.990000,0.041572,0.000003
76,mobley_1873346,-0.926861,-0.900000,0.026861,0.000001
76,mobley_3040612,-0.697698,-0.850000,0.152302,0.000044
76,mobley_4483973,-2.104805,-0.800000,1.304805,0.003201
76,mobley_9913368,-1.683426,-0.780000,0.903426,0.001535
76,mobley_1449384,-0.573839,-0.680000,0.106161,0.000021
76,mobley_7708038,-0.821130,-0.560000,0.261130,0.000128
76,mobley_8311321,-0.194059,-0.500000,0.305941,0.000176
76,mobley_766666,-0.738220,-0.440000,0.298220,0.000167
76,mobley_5445548,-0.569530,-0.300000,0.269530,0.000137
76,mobley_9029594,-0.703988,-0.220000,0.483988,0.000440
76,mobley_3370989,-2.790156,-0.110000,2.680156,0.013508
76,mobley_627267,-0.531635,-0.030000,0.501635,0.000473
76,mobley_6250025,0.125882,0.080000,0.045882,0.000004
76,mobley_4252724,-0.637636,0.160000,0.797636,0.001196
76,mobley_7157427,0.331958,0.290000,0.041958,0.000003
76,mobley_8885088,-0.429344,0.560000,0.989344,0.001841
76,mobley_8522124,0.660953,0.710000,0.049047,0.000005
76,mobley_4678740,-0.941442,1.070000,2.011442,0.007608
76,mobley_2689721,0.857590,1.230000,0.372410,0.000261
76,mobley_1662128,1.261888,1.380000,0.118112,0.000026
76,mobley_4762983,1.816651,1.660000,0.156651,0.000046
76,mobley_7732703,1.024669,1.790000,0.765331,0.001101
76,mobley_2068538,1.527800,2.000000,0.472200,0.000419
76,mobley_5157661,1.895096,2.300000,0.404904,0.000308
76,mobley_1261349,2.494124,2.510000,0.015876,0.000000
76,mobley_2328633,1.980512,2.550000,0.569488,0.000610
76,mobley_8436428,2.782784,2.830000,0.047216,0.000004
76,mobley_3060426,3.256949,2.930000,0.326949,0.000201
76,mobley_2197088,3.139908,3.160000,0.020092,0.000001
77,mobley_9534740,-22.721989,-25.469999,2.748011,0.014200
77,mobley_6239320,-20.019867,-18.059999,1.959867,0.007223
77,mobley_7794077,-14.077098,-15.460000,1.382902,0.003596
77,mobley_7415647,-13.165348,-11.950000,1.215348,0.002778
77,mobley_1728386,-10.679329,-11.000000,0.320671,0.000193
77,mobley_2269032,-9.391343,-10.210000,0.818657,0.001260
77,mobley_2913224,-7.037652,-9.940000,2.902348,0.015840
77,mobley_2659552,-9.685492,-9.760000,0.074509,0.000010
77,mobley_7176290,-9.207963,-9.620000,0.412037,0.000319
77,mobley_2295058,-9.029078,-9.510000,0.480922,0.000435
77,mobley_6055410,-10.050195,-9.400000,0.650195,0.000795
77,mobley_4639255,-10.074212,-9.300000,0.774212,0.001127
77,mobley_1417007,-4.274156,-9.010000,4.735844,0.042175
77,mobley_6115639,-10.756780,-8.700000,2.056780,0.007955
77,mobley_6353617,-7.523013,-8.260000,0.736988,0.001021
77,mobley_2725215,-8.854023,-7.980000,0.874023,0.001437
77,mobley_7039935,-6.953109,-7.670000,0.716891,0.000966
77,mobley_4059279,-6.659744,-7.580000,0.920256,0.001593
77,mobley_951560,-9.282843,-7.400000,1.882843,0.006666
77,mobley_1922649,-9.726662,-7.190000,2.536662,0.012100
77,mobley_8798016,-7.283976,-7.000000,0.283976,0.000152
77,mobley_1858644,-7.217165,-6.790000,0.427165,0.000343
77,mobley_9114381,-5.577796,-6.720000,1.142204,0.002453
77,mobley_5311804,-5.770152,-6.620000,0.849848,0.001358
77,mobley_6743808,-5.959447,-6.500000,0.540553,0.000549
77,mobley_8789864,-5.860228,-6.400000,0.539772,0.000548
77,mobley_7009711,-5.806241,-6.270000,0.463759,0.000404
77,mobley_8789465,-4.800776,-6.200000,1.399224,0.003682
77,mobley_2923700,-6.024975,-6.130000,0.105025,0.000021
77,mobley_4780078,-5.623193,-6.010000,0.386807,0.000281
77,mobley_5467162,-5.489227,-5.910000,0.420773,0.000333
77,mobley_6257907,-5.687260,-5.820000,0.132740,0.000033
77,mobley_7913234,-5.915404,-5.730000,0.185404,0.000065
77,mobley_5518547,-5.776676,-5.570000,0.206676,0.000080
77,mobley_4883284,-5.912036,-5.490000,0.422036,0.000335
77,mobley_5220185,-4.995559,-5.450000,0.454441,0.000388
77,mobley_3359593,-5.454929,-5.260000,0.194929,0.000071
77,mobley_4683624,-5.809542,-5.210000,0.599542,0.000676
77,mobley_1636752,-3.699122,-5.100000,1.400878,0.003690
77,mobley_2310185,-4.820484,-5.000000,0.179516,0.000061
77,mobley_3682850,-4.200095,-4.910000,0.709905,0.000948
77,mobley_1363784,-4.464503,-4.840000,0.375497,0.000265
77,mobley_2837389,-4.164229,-4.780000,0.615771,0.000713
77,mobley_9507933,-4.640438,-4.720000,0.079562,0.000012
77,mobley_296847,-4.771399,-4.690000,0.081399,0.000012
77,mobley_8208692,-3.009578,-4.610000,1.600422,0.004817
77,mobley_4884177,-4.302964,-4.590000,0.287036,0.000155
77,mobley_6714389,-3.736299,-4.550000,0.813701,0.001245
77,mobley_2245668,-4.421501,-4.500000,0.078499,0.000012
77,mobley_5973402,-4.514284,-4.420000,0.094284,0.000017
77,mobley_3546460,-4.309642,-4.400000,0.090358,0.000015
77,mobley_8311303,-4.259135,-4.380000,0.120865,0.000027
77,mobley_9741965,-5.315446,-4.290000,1.025446,0.001977
77,mobley_4603202,-3.329748,-4.230000,0.900252,0.001524
77,mobley_628086,-4.181497,-4.160000,0.021497,0.000001
77,mobley_4620651,-3.713259,-4.100000,0.386741,0.000281
77,mobley_7977115,-4.161213,-4.060000,0.101213,0.000019
77,mobley_2789243,-2.830570,-4.010000,1.179430,0.002616
77,mobley_3968739,-3.937006,-3.920000,0.017005,0.000001
77,mobley_63712,-3.050491,-3.880000,0.829509,0.001294
77,mobley_1046331,-3.155367,-3.820000,0.664633,0.000831
77,mobley_1160109,-3.973317,-3.750000,0.223317,0.000094
77,mobley_4149784,-3.272177,-3.670000,0.397823,0.000298
77,mobley_397645,-3.909809,-3.640000,0.269809,0.000137
77,mobley_4690963,-4.419396,-3.540000,0.879396,0.001454
77,mobley_1967551,-3.377299,-3.500000,0.122701,0.000028
77,mobley_6733657,-5.075535,-3.440000,1.635535,0.005030
77,mobley_9565165,-3.372950,-3.350000,0.022950,0.000001
77,mobley_2487143,-3.105563,-3.280000,0.174437,0.000057
77,mobley_8449031,-2.096994,-3.220000,1.123006,0.002372
77,mobley_172879,-2.856356,-3.150000,0.293644,0.000162
77,mobley_5346580,-1.997012,-3.110000,1.112988,0.002329
77,mobley_3573480,-2.910822,-3.040000,0.129178,0.000031
77,mobley_1075836,-3.040798,-2.930000,0.110798,0.000023
77,mobley_6102880,-4.147003,-2.870000,1.277003,0.003067
77,mobley_1827204,-2.786369,-2.810000,0.023631,0.000001
77,mobley_2146331,-1.490373,-2.750000,1.259627,0.002984
77,mobley_7943327,-2.490535,-2.680000,0.189465,0.000068
77,mobley_5110043,-2.427085,-2.630000,0.202915,0.000077
77,mobley_5616693,-3.054412,-2.530000,0.524412,0.000517
77,mobley_6619554,-2.149226,-2.490000,0.340774,0.000218
77,mobley_6359156,-4.146133,-2.460000,1.686133,0.005346
77,mobley_1781152,-2.074685,-2.400000,0.325315,0.000199
77,mobley_859464,-2.532968,-2.360000,0.172968,0.000056
77,mobley_7150646,-0.954748,-2.300000,1.345252,0.003403
77,mobley_1592519,-2.395515,-2.230000,0.165515,0.000052
77,mobley_5538249,-2.180012,-2.160000,0.020012,0.000001
77,mobley_6911232,-1.562558,-2.100000,0.537442,0.000543
77,mobley_3269565,-1.314023,-2.010000,0.695977,0.000911
77,mobley_2484519,-2.912143,-1.930000,0.982143,0.001814
77,mobley_7690440,-3.369418,-1.830000,1.539418,0.004456
77,mobley_3802803,-1.576884,-1.660000,0.083116,0.000013
77,mobley_1144156,-1.364996,-1.590000,0.225004,0.000095
77,mobley_2481002,-1.211292,-1.450000,0.238708,0.000107
77,mobley_2489709,-1.214843,-1.360000,0.145157,0.000040
77,mobley_5052949,-1.375754,-1.280000,0.095754,0.000017
77,mobley_2492140,-1.375902,-1.230000,0.145902,0.000040
77,mobley_7542832,-1.127328,-1.160000,0.032672,0.000002
77,mobley_7814642,-1.930636,-1.120000,0.810636,0.001236
77,mobley_1563176,-0.837731,-0.990000,0.152269,0.000044
77,mobley_1873346,-0.823372,-0.900000,0.076628,0.000011
77,mobley_3040612,-0.599771,-0.850000,0.250229,0.000118
77,mobley_4483973,-2.004450,-0.800000,1.204450,0.002728
77,mobley_9913368,-1.664022,-0.780000,0.884022,0.001470
77,mobley_1449384,-0.476908,-0.680000,0.203092,0.000078
77,mobley_7708038,-0.719877,-0.560000,0.159877,0.000048
77,mobley_8311321,-0.192563,-0.500000,0.307437,0.000178
77,mobley_766666,-0.736185,-0.440000,0.296185,0.000165
77,mobley_5445548,-0.458786,-0.300000,0.158786,0.000047
77,mobley_9029594,-0.711334,-0.220000,0.491334,0.000454
77,mobley_3370989,-2.789898,-0.110000,2.679898,0.013505
77,mobley_627267,-0.432906,-0.030000,0.402906,0.000305
77,mobley_6250025,0.284106,0.080000,0.204106,0.000078
77,mobley_4252724,-0.518194,0.160000,0.678194,0.000865
77,mobley_7157427,0.443295,0.290000,0.153295,0.000044
77,mobley_8885088,-0.313142,0.560000,0.873142,0.001434
77,mobley_8522124,0.819537,0.710000,0.109537,0.000023
77,mobley_4678740,-0.902152,1.070000,1.972152,0.007314
77,mobley_2689721,0.921769,1.230000,0.308231,0.000179
77,mobley_1662128,1.342698,1.380000,0.037302,0.000003
77,mobley_4762983,1.951286,1.660000,0.291286,0.000160
77,mobley_7732703,1.025316,1.790000,0.764684,0.001100
77,mobley_2068538,1.569095,2.000000,0.430905,0.000349
77,mobley_5157661,1.939809,2.300000,0.360191,0.000244
77,mobley_1261349,2.529344,2.510000,0.019344,0.000001
77,mobley_2328633,2.112106,2.550000,0.437894,0.000361
77,mobley_8436428,2.845614,2.830000,0.015614,0.000000
77,mobley_3060426,3.330653,2.930000,0.400653,0.000302
77,mobley_2197088,3.261934,3.160000,0.101933,0.000020
78,mobley_9534740,-22.627447,-25.469999,2.842552,0.015194
78,mobley_6239320,-20.060028,-18.059999,2.000029,0.007522
78,mobley_7794077,-14.101526,-15.460000,1.358474,0.003470
78,mobley_7415647,-13.209249,-11.950000,1.259249,0.002982
78,mobley_1728386,-10.755725,-11.000000,0.244275,0.000112
78,mobley_2269032,-9.541319,-10.210000,0.668681,0.000841
78,mobley_2913224,-7.123853,-9.940000,2.816146,0.014913
78,mobley_2659552,-9.798736,-9.760000,0.038735,0.000003
78,mobley_7176290,-9.220160,-9.620000,0.399840,0.000301
78,mobley_2295058,-9.110466,-9.510000,0.399534,0.000300
78,mobley_6055410,-10.160565,-9.400000,0.760566,0.001088
78,mobley_4639255,-10.058990,-9.300000,0.758989,0.001083
78,mobley_1417007,-4.324099,-9.010000,4.685901,0.041290
78,mobley_6115639,-10.758738,-8.700000,2.058738,0.007970
78,mobley_6353617,-7.624197,-8.260000,0.635803,0.000760
78,mobley_2725215,-8.936738,-7.980000,0.956738,0.001721
78,mobley_7039935,-7.071569,-7.670000,0.598431,0.000673
78,mobley_4059279,-6.707340,-7.580000,0.872660,0.001432
78,mobley_951560,-9.338533,-7.400000,1.938533,0.007067
78,mobley_1922649,-9.708319,-7.190000,2.518319,0.011926
78,mobley_8798016,-7.386442,-7.000000,0.386442,0.000281
78,mobley_1858644,-7.310035,-6.790000,0.520035,0.000509
78,mobley_9114381,-5.594018,-6.720000,1.125981,0.002384
78,mobley_5311804,-5.855406,-6.620000,0.764594,0.001099
78,mobley_6743808,-6.050268,-6.500000,0.449732,0.000380
78,mobley_8789864,-5.884597,-6.400000,0.515403,0.000500
78,mobley_7009711,-5.888023,-6.270000,0.381977,0.000274
78,mobley_8789465,-4.886074,-6.200000,1.313926,0.003246
78,mobley_2923700,-6.116793,-6.130000,0.013207,0.000000
78,mobley_4780078,-5.723202,-6.010000,0.286798,0.000155
78,mobley_5467162,-5.601607,-5.910000,0.308393,0.000179
78,mobley_6257907,-5.729316,-5.820000,0.090684,0.000015
78,mobley_7913234,-5.974350,-5.730000,0.244350,0.000112
78,mobley_5518547,-5.853447,-5.570000,0.283447,0.000151
78,mobley_4883284,-5.985546,-5.490000,0.495546,0.000462
78,mobley_5220185,-5.080951,-5.450000,0.369049,0.000256
78,mobley_3359593,-5.546975,-5.260000,0.286974,0.000155
78,mobley_4683624,-5.909871,-5.210000,0.699871,0.000921
78,mobley_1636752,-3.692875,-5.100000,1.407125,0.003723
78,mobley_2310185,-4.835470,-5.000000,0.164530,0.000051
78,mobley_3682850,-4.291604,-4.910000,0.618396,0.000719
78,mobley_1363784,-4.582997,-4.840000,0.257003,0.000124
78,mobley_2837389,-4.235012,-4.780000,0.544988,0.000559
78,mobley_9507933,-4.746278,-4.720000,0.026278,0.000001
78,mobley_296847,-4.871487,-4.690000,0.181487,0.000062
78,mobley_8208692,-3.002112,-4.610000,1.607888,0.004862
78,mobley_4884177,-4.417951,-4.590000,0.172049,0.000056
78,mobley_6714389,-3.742439,-4.550000,0.807561,0.001226
78,mobley_2245668,-4.465277,-4.500000,0.034723,0.000002
78,mobley_5973402,-4.562561,-4.420000,0.142560,0.000038
78,mobley_3546460,-4.358203,-4.400000,0.041797,0.000003
78,mobley_8311303,-4.251873,-4.380000,0.128128,0.000031
78,mobley_9741965,-5.326516,-4.290000,1.036516,0.002020
78,mobley_4603202,-3.335351,-4.230000,0.894649,0.001505
78,mobley_628086,-4.183821,-4.160000,0.023821,0.000001
78,mobley_4620651,-3.775642,-4.100000,0.324358,0.000198
78,mobley_7977115,-4.260596,-4.060000,0.200596,0.000076
78,mobley_2789243,-2.870252,-4.010000,1.139749,0.002443
78,mobley_3968739,-4.032446,-3.920000,0.112446,0.000024
78,mobley_63712,-3.133015,-3.880000,0.746985,0.001049
78,mobley_1046331,-3.250269,-3.820000,0.569731,0.000610
78,mobley_1160109,-4.144989,-3.750000,0.394989,0.000293
78,mobley_4149784,-3.371255,-3.670000,0.298745,0.000168
78,mobley_397645,-4.015972,-3.640000,0.375972,0.000266
78,mobley_4690963,-4.473935,-3.540000,0.933935,0.001640
78,mobley_1967551,-3.420781,-3.500000,0.079219,0.000012
78,mobley_6733657,-5.079858,-3.440000,1.639858,0.005057
78,mobley_9565165,-3.543842,-3.350000,0.193842,0.000071
78,mobley_2487143,-3.163533,-3.280000,0.116467,0.000026
78,mobley_8449031,-2.166636,-3.220000,1.053364,0.002087
78,mobley_172879,-2.985899,-3.150000,0.164101,0.000051
78,mobley_5346580,-2.087182,-3.110000,1.022818,0.001967
78,mobley_3573480,-2.972962,-3.040000,0.067038,0.000008
78,mobley_1075836,-3.081961,-2.930000,0.151961,0.000043
78,mobley_6102880,-4.304315,-2.870000,1.434315,0.003869
78,mobley_1827204,-2.860469,-2.810000,0.050469,0.000005
78,mobley_2146331,-1.539987,-2.750000,1.210013,0.002753
78,mobley_7943327,-2.544279,-2.680000,0.135721,0.000035
78,mobley_5110043,-2.584113,-2.630000,0.045887,0.000004
78,mobley_5616693,-3.214234,-2.530000,0.684234,0.000880
78,mobley_6619554,-2.209203,-2.490000,0.280797,0.000148
78,mobley_6359156,-4.245554,-2.460000,1.785554,0.005995
78,mobley_1781152,-2.143508,-2.400000,0.256492,0.000124
78,mobley_859464,-2.609561,-2.360000,0.249561,0.000117
78,mobley_7150646,-1.043697,-2.300000,1.256303,0.002968
78,mobley_1592519,-2.464696,-2.230000,0.234696,0.000104
78,mobley_5538249,-2.263376,-2.160000,0.103376,0.000020
78,mobley_6911232,-1.592967,-2.100000,0.507033,0.000483
78,mobley_3269565,-1.360919,-2.010000,0.649081,0.000792
78,mobley_2484519,-2.999285,-1.930000,1.069285,0.002150
78,mobley_7690440,-3.392776,-1.830000,1.562776,0.004593
78,mobley_3802803,-1.610627,-1.660000,0.049373,0.000005
78,mobley_1144156,-1.407707,-1.590000,0.182293,0.000062
78,mobley_2481002,-1.198656,-1.450000,0.251344,0.000119
78,mobley_2489709,-1.243173,-1.360000,0.116827,0.000026
78,mobley_5052949,-1.471915,-1.280000,0.191915,0.000069
78,mobley_2492140,-1.365628,-1.230000,0.135628,0.000035
78,mobley_7542832,-1.208283,-1.160000,0.048283,0.000004
78,mobley_7814642,-1.940061,-1.120000,0.820061,0.001265
78,mobley_1563176,-0.902700,-0.990000,0.087300,0.000014
78,mobley_1873346,-0.923501,-0.900000,0.023501,0.000001
78,mobley_3040612,-0.722896,-0.850000,0.127104,0.000030
78,mobley_4483973,-2.086092,-0.800000,1.286092,0.003110
78,mobley_9913368,-1.669757,-0.780000,0.889757,0.001489
78,mobley_1449384,-0.608947,-0.680000,0.071053,0.000009
78,mobley_7708038,-0.778962,-0.560000,0.218962,0.000090
78,mobley_8311321,-0.203182,-0.500000,0.296818,0.000166
78,mobley_766666,-0.737927,-0.440000,0.297927,0.000167
78,mobley_5445548,-0.582452,-0.300000,0.282452,0.000150
78,mobley_9029594,-0.723367,-0.220000,0.503367,0.000476
78,mobley_3370989,-2.813070,-0.110000,2.703070,0.013740
78,mobley_627267,-0.506352,-0.030000,0.476352,0.000427
78,mobley_6250025,0.208134,0.080000,0.128134,0.000031
78,mobley_4252724,-0.650957,0.160000,0.810957,0.001237
78,mobley_7157427,0.380182,0.290000,0.090182,0.000015
78,mobley_8885088,-0.385210,0.560000,0.945210,0.001680
78,mobley_8522124,0.740875,0.710000,0.030876,0.000002
78,mobley_4678740,-0.936318,1.070000,2.006318,0.007569
78,mobley_2689721,0.872110,1.230000,0.357890,0.000241
78,mobley_1662128,1.294871,1.380000,0.085129,0.000014
78,mobley_4762983,1.883541,1.660000,0.223541,0.000094
78,mobley_7732703,1.002373,1.790000,0.787627,0.001167
78,mobley_2068538,1.551111,2.000000,0.448889,0.000379
78,mobley_5157661,1.907602,2.300000,0.392398,0.000290
78,mobley_1261349,2.479163,2.510000,0.030837,0.000002
78,mobley_2328633,2.000874,2.550000,0.549126,0.000567
78,mobley_8436428,2.775119,2.830000,0.054881,0.000006
78,mobley_3060426,3.221657,2.930000,0.291657,0.000160
78,mobley_2197088,3.185339,3.160000,0.025339,0.000001
79,mobley_9534740,-22.604923,-25.469999,2.865076,0.015436
79,mobley_6239320,-19.868433,-18.059999,1.808434,0.006150
79,mobley_7794077,-13.992367,-15.460000,1.467633,0.004050
79,mobley_7415647,-13.209992,-11.950000,1.259993,0.002985
79,mobley_1728386,-10.737600,-11.000000,0.262400,0.000129
79,mobley_2269032,-9.550573,-10.210000,0.659427,0.000818
79,mobley_2913224,-7.137200,-9.940000,2.802800,0.014772
79,mobley_2659552,-9.798492,-9.760000,0.038492,0.000003
79,mobley_7176290,-9.227118,-9.620000,0.392881,0.000290
79,mobley_2295058,-9.141818,-9.510000,0.368182,0.000255
79,mobley_6055410,-10.158545,-9.400000,0.758545,0.001082
79,mobley_4639255,-10.086185,-9.300000,0.786185,0.001162
79,mobley_1417007,-4.287406,-9.010000,4.722594,0.041940
79,mobley_6115639,-10.790407,-8.700000,2.090407,0.008217
79,mobley_6353617,-7.636683,-8.260000,0.623317,0.000731
79,mobley_2725215,-8.942246,-7.980000,0.962246,0.001741
79,mobley_7039935,-7.074252,-7.670000,0.595748,0.000667
79,mobley_4059279,-6.692932,-7.580000,0.887068,0.001480
79,mobley_951560,-9.321057,-7.400000,1.921057,0.006940
79,mobley_1922649,-9.771396,-7.190000,2.581396,0.012531
79,mobley_8798016,-7.444927,-7.000000,0.444927,0.000372
79,mobley_1858644,-7.306170,-6.790000,0.516170,0.000501
79,mobley_9114381,-5.596971,-6.720000,1.123029,0.002372
79,mobley_5311804,-5.856049,-6.620000,0.763951,0.001097
79,mobley_6743808,-6.071641,-6.500000,0.428359,0.000345
79,mobley_8789864,-5.895360,-6.400000,0.504640,0.000479
79,mobley_7009711,-5.921280,-6.270000,0.348720,0.000229
79,mobley_8789465,-4.919166,-6.200000,1.280834,0.003085
79,mobley_2923700,-6.118567,-6.130000,0.011434,0.000000
79,mobley_4780078,-5.760141,-6.010000,0.249859,0.000117
79,mobley_5467162,-5.591958,-5.910000,0.318042,0.000190
79,mobley_6257907,-5.687925,-5.820000,0.132075,0.000033
79,mobley_7913234,-5.971390,-5.730000,0.241390,0.000110
79,mobley_5518547,-5.833042,-5.570000,0.263042,0.000130
79,mobley_4883284,-5.945438,-5.490000,0.455439,0.000390
79,mobley_5220185,-5.071830,-5.450000,0.378170,0.000269
79,mobley_3359593,-5.574097,-5.260000,0.314096,0.000186
79,mobley_4683624,-5.909911,-5.210000,0.699911,0.000921
79,mobley_1636752,-3.729611,-5.100000,1.370389,0.003531
79,mobley_2310185,-4.854824,-5.000000,0.145176,0.000040
79,mobley_3682850,-4.252501,-4.910000,0.657498,0.000813
79,mobley_1363784,-4.608737,-4.840000,0.231264,0.000101
79,mobley_2837389,-4.279890,-4.780000,0.500111,0.000470
79,mobley_9507933,-4.776959,-4.720000,0.056960,0.000006
79,mobley_296847,-4.856482,-4.690000,0.166481,0.000052
79,mobley_8208692,-3.008148,-4.610000,1.601852,0.004825
79,mobley_4884177,-4.395005,-4.590000,0.194995,0.000072
79,mobley_6714389,-3.783635,-4.550000,0.766366,0.001104
79,mobley_2245668,-4.464570,-4.500000,0.035430,0.000002
79,mobley_5973402,-4.550585,-4.420000,0.130585,0.000032
79,mobley_3546460,-4.351416,-4.400000,0.048584,0.000004
79,mobley_8311303,-4.259654,-4.380000,0.120347,0.000027
79,mobley_9741965,-5.349908,-4.290000,1.059908,0.002113
79,mobley_4603202,-3.340417,-4.230000,0.889583,0.001488
79,mobley_628086,-4.139971,-4.160000,0.020029,0.000001
79,mobley_4620651,-3.796021,-4.100000,0.303979,0.000174
79,mobley_7977115,-4.222528,-4.060000,0.162528,0.000050
79,mobley_2789243,-2.865827,-4.010000,1.144173,0.002462
79,mobley_3968739,-4.048123,-3.920000,0.128123,0.000031
79,mobley_63712,-3.084423,-3.880000,0.795577,0.001190
79,mobley_1046331,-3.250427,-3.820000,0.569572,0.000610
79,mobley_1160109,-4.110272,-3.750000,0.360272,0.000244
79,mobley_4149784,-3.293669,-3.670000,0.376331,0.000266
79,mobley_397645,-4.034710,-3.640000,0.394710,0.000293
79,mobley_4690963,-4.496250,-3.540000,0.956250,0.001720
79,mobley_1967551,-3.467430,-3.500000,0.032570,0.000002
79,mobley_6733657,-5.092113,-3.440000,1.652113,0.005133
79,mobley_9565165,-3.577641,-3.350000,0.227642,0.000097
79,mobley_2487143,-3.184541,-3.280000,0.095459,0.000017
79,mobley_8449031,-2.135808,-3.220000,1.084192,0.002210
79,mobley_172879,-2.961025,-3.150000,0.188975,0.000067
79,mobley_5346580,-2.092770,-3.110000,1.017230,0.001946
79,mobley_3573480,-2.995947,-3.040000,0.044053,0.000004
79,mobley_1075836,-3.096729,-2.930000,0.166729,0.000052
79,mobley_6102880,-4.278665,-2.870000,1.408665,0.003731
79,mobley_1827204,-2.866052,-2.810000,0.056052,0.000006
79,mobley_2146331,-1.625394,-2.750000,1.124606,0.002378
79,mobley_7943327,-2.570328,-2.680000,0.109672,0.000023
79,mobley_5110043,-2.633224,-2.630000,0.003224,0.000000
79,mobley_5616693,-3.137581,-2.530000,0.607581,0.000694
79,mobley_6619554,-2.232537,-2.490000,0.257463,0.000125
79,mobley_6359156,-4.237369,-2.460000,1.777369,0.005940
79,mobley_1781152,-2.148770,-2.400000,0.251230,0.000119
79,mobley_859464,-2.606246,-2.360000,0.246247,0.000114
79,mobley_7150646,-1.092366,-2.300000,1.207634,0.002742
79,mobley_1592519,-2.479987,-2.230000,0.249987,0.000118
79,mobley_5538249,-2.230187,-2.160000,0.070187,0.000009
79,mobley_6911232,-1.622097,-2.100000,0.477902,0.000429
79,mobley_3269565,-1.375122,-2.010000,0.634878,0.000758
79,mobley_2484519,-2.982797,-1.930000,1.052797,0.002084
79,mobley_7690440,-3.393178,-1.830000,1.563178,0.004595
79,mobley_3802803,-1.621933,-1.660000,0.038067,0.000003
79,mobley_1144156,-1.437744,-1.590000,0.152256,0.000044
79,mobley_2481002,-1.179927,-1.450000,0.270073,0.000137
79,mobley_2489709,-1.222685,-1.360000,0.137315,0.000035
79,mobley_5052949,-1.456644,-1.280000,0.176644,0.000059
79,mobley_2492140,-1.358003,-1.230000,0.128003,0.000031
79,mobley_7542832,-1.198361,-1.160000,0.038361,0.000003
79,mobley_7814642,-1.943335,-1.120000,0.823335,0.001275
79,mobley_1563176,-0.911505,-0.990000,0.078495,0.000012
79,mobley_1873346,-0.932511,-0.900000,0.032511,0.000002
79,mobley_3040612,-0.702436,-0.850000,0.147564,0.000041
79,mobley_4483973,-2.080145,-0.800000,1.280145,0.003082
79,mobley_9913368,-1.677667,-0.780000,0.897667,0.001515
79,mobley_1449384,-0.612853,-0.680000,0.067147,0.000008
79,mobley_7708038,-0.816324,-0.560000,0.256324,0.000124
79,mobley_8311321,-0.181417,-0.500000,0.318583,0.000191
79,mobley_766666,-0.726646,-0.440000,0.286646,0.000155
79,mobley_5445548,-0.559208,-0.300000,0.259208,0.000126
79,mobley_9029594,-0.748396,-0.220000,0.528396,0.000525
79,mobley_3370989,-2.787014,-0.110000,2.677014,0.013476
79,mobley_627267,-0.532687,-0.030000,0.502687,0.000475
79,mobley_6250025,0.170779,0.080000,0.090779,0.000015
79,mobley_4252724,-0.627186,0.160000,0.787186,0.001165
79,mobley_7157427,0.397868,0.290000,0.107868,0.000022
79,mobley_8885088,-0.385979,0.560000,0.945979,0.001683
79,mobley_8522124,0.693439,0.710000,0.016560,0.000001
79,mobley_4678740,-0.892351,1.070000,1.962351,0.007241
79,mobley_2689721,0.901236,1.230000,0.328764,0.000203
79,mobley_1662128,1.257587,1.380000,0.122413,0.000028
79,mobley_4762983,1.841726,1.660000,0.181726,0.000062
79,mobley_7732703,1.047253,1.790000,0.742747,0.001037
79,mobley_2068538,1.544253,2.000000,0.455747,0.000391
79,mobley_5157661,1.899773,2.300000,0.400227,0.000301
79,mobley_1261349,2.461950,2.510000,0.048050,0.000004
79,mobley_2328633,2.063261,2.550000,0.486739,0.000446
79,mobley_8436428,2.796976,2.830000,0.033024,0.000002
79,mobley_3060426,3.272651,2.930000,0.342651,0.000221
79,mobley_2197088,3.223358,3.160000,0.063358,0.000008
80,mobley_9534740,-22.712185,-25.469999,2.757814,0.014302
80,mobley_6239320,-20.111000,-18.059999,2.051001,0.007910
80,mobley_7794077,-14.134005,-15.460000,1.325995,0.003306
80,mobley_7415647,-13.237120,-11.950000,1.287120,0.003115
80,mobley_1728386,-10.752842,-11.000000,0.247158,0.000115
80,mobley_2269032,-9.481009,-10.210000,0.728992,0.000999
80,mobley_2913224,-7.105444,-9.940000,2.834556,0.015109
80,mobley_2659552,-9.812149,-9.760000,0.052149,0.000005
80,mobley_7176290,-9.218177,-9.620000,0.401823,0.000304
80,mobley_2295058,-9.112349,-9.510000,0.397652,0.000297
80,mobley_6055410,-10.129080,-9.400000,0.729080,0.001000
80,mobley_4639255,-10.090181,-9.300000,0.790181,0.001174
80,mobley_1417007,-4.341416,-9.010000,4.668584,0.040986
80,mobley_6115639,-10.827917,-8.700000,2.127917,0.008515
80,mobley_6353617,-7.578781,-8.260000,0.681220,0.000873
80,mobley_2725215,-9.002959,-7.980000,1.022959,0.001968
80,mobley_7039935,-7.036493,-7.670000,0.633507,0.000755
80,mobley_4059279,-6.747587,-7.580000,0.832413,0.001303
80,mobley_951560,-9.381564,-7.400000,1.981564,0.007384
80,mobley_1922649,-9.803600,-7.190000,2.613600,0.012845
80,mobley_8798016,-7.351737,-7.000000,0.351737,0.000233
80,mobley_1858644,-7.289620,-6.790000,0.499620,0.000469
80,mobley_9114381,-5.606112,-6.720000,1.113888,0.002333
80,mobley_5311804,-5.849356,-6.620000,0.770644,0.001117
80,mobley_6743808,-6.055527,-6.500000,0.444473,0.000371
80,mobley_8789864,-5.916259,-6.400000,0.483741,0.000440
80,mobley_7009711,-5.885114,-6.270000,0.384886,0.000279
80,mobley_8789465,-4.876104,-6.200000,1.323895,0.003296
80,mobley_2923700,-6.095154,-6.130000,0.034846,0.000002
80,mobley_4780078,-5.717774,-6.010000,0.292226,0.000161
80,mobley_5467162,-5.573043,-5.910000,0.336957,0.000214
80,mobley_6257907,-5.704772,-5.820000,0.115228,0.000025
80,mobley_7913234,-5.958845,-5.730000,0.228845,0.000098
80,mobley_5518547,-5.822512,-5.570000,0.252512,0.000120
80,mobley_4883284,-5.945912,-5.490000,0.455913,0.000391
80,mobley_5220185,-5.023018,-5.450000,0.426981,0.000343
80,mobley_3359593,-5.529243,-5.260000,0.269243,0.000136
80,mobley_4683624,-5.884775,-5.210000,0.674775,0.000856
80,mobley_1636752,-3.732980,-5.100000,1.367019,0.003514
80,mobley_2310185,-4.835667,-5.000000,0.164333,0.000051
80,mobley_3682850,-4.267771,-4.910000,0.642229,0.000776
80,mobley_1363784,-4.558042,-4.840000,0.281959,0.000149
80,mobley_2837389,-4.210760,-4.780000,0.569240,0.000609
80,mobley_9507933,-4.712116,-4.720000,0.007884,0.000000
80,mobley_296847,-4.797431,-4.690000,0.107430,0.000022
80,mobley_8208692,-3.031205,-4.610000,1.578795,0.004687
80,mobley_4884177,-4.340690,-4.590000,0.249310,0.000117
80,mobley_6714389,-3.797441,-4.550000,0.752559,0.001065
80,mobley_2245668,-4.455287,-4.500000,0.044713,0.000004
80,mobley_5973402,-4.537645,-4.420000,0.117645,0.000026
80,mobley_3546460,-4.338988,-4.400000,0.061012,0.000007
80,mobley_8311303,-4.277957,-4.380000,0.102043,0.000020
80,mobley_9741965,-5.371388,-4.290000,1.081388,0.002199
80,mobley_4603202,-3.362005,-4.230000,0.867995,0.001417
80,mobley_628086,-4.222051,-4.160000,0.062051,0.000007
80,mobley_4620651,-3.769313,-4.100000,0.330687,0.000206
80,mobley_7977115,-4.208032,-4.060000,0.148032,0.000041
80,mobley_2789243,-2.855243,-4.010000,1.154757,0.002508
80,mobley_3968739,-4.019675,-3.920000,0.099675,0.000019
80,mobley_63712,-3.148664,-3.880000,0.731337,0.001006
80,mobley_1046331,-3.211962,-3.820000,0.608037,0.000695
80,mobley_1160109,-4.115469,-3.750000,0.365469,0.000251
80,mobley_4149784,-3.292015,-3.670000,0.377985,0.000269
80,mobley_397645,-4.006684,-3.640000,0.366684,0.000253
80,mobley_4690963,-4.487565,-3.540000,0.947565,0.001688
80,mobley_1967551,-3.400992,-3.500000,0.099008,0.000018
80,mobley_6733657,-5.155780,-3.440000,1.715780,0.005536
80,mobley_9565165,-3.519289,-3.350000,0.169289,0.000054
80,mobley_2487143,-3.126787,-3.280000,0.153213,0.000044
80,mobley_8449031,-2.161029,-3.220000,1.058971,0.002109
80,mobley_172879,-2.916687,-3.150000,0.233313,0.000102
80,mobley_5346580,-2.065932,-3.110000,1.044068,0.002050
80,mobley_3573480,-2.936242,-3.040000,0.103758,0.000020
80,mobley_1075836,-3.064000,-2.930000,0.134000,0.000034
80,mobley_6102880,-4.243980,-2.870000,1.373981,0.003550
80,mobley_1827204,-2.822644,-2.810000,0.012644,0.000000
80,mobley_2146331,-1.554900,-2.750000,1.195100,0.002686
80,mobley_7943327,-2.529415,-2.680000,0.150585,0.000043
80,mobley_5110043,-2.560475,-2.630000,0.069525,0.000009
80,mobley_5616693,-3.148223,-2.530000,0.618223,0.000719
80,mobley_6619554,-2.190553,-2.490000,0.299447,0.000169
80,mobley_6359156,-4.214664,-2.460000,1.754664,0.005790
80,mobley_1781152,-2.124959,-2.400000,0.275041,0.000142
80,mobley_859464,-2.561819,-2.360000,0.201819,0.000077
80,mobley_7150646,-1.026216,-2.300000,1.273784,0.003051
80,mobley_1592519,-2.427935,-2.230000,0.197935,0.000074
80,mobley_5538249,-2.218974,-2.160000,0.058974,0.000007
80,mobley_6911232,-1.605779,-2.100000,0.494220,0.000459
80,mobley_3269565,-1.363608,-2.010000,0.646392,0.000786
80,mobley_2484519,-2.975954,-1.930000,1.045954,0.002057
80,mobley_7690440,-3.455818,-1.830000,1.625818,0.004971
80,mobley_3802803,-1.615358,-1.660000,0.044642,0.000004
80,mobley_1144156,-1.416577,-1.590000,0.173423,0.000057
80,mobley_2481002,-1.193936,-1.450000,0.256064,0.000123
80,mobley_2489709,-1.223278,-1.360000,0.136722,0.000035
80,mobley_5052949,-1.459042,-1.280000,0.179042,0.000060
80,mobley_2492140,-1.372330,-1.230000,0.142330,0.000038
80,mobley_7542832,-1.189209,-1.160000,0.029209,0.000002
80,mobley_7814642,-1.940672,-1.120000,0.820672,0.001266
80,mobley_1563176,-0.888918,-0.990000,0.101082,0.000019
80,mobley_1873346,-0.903859,-0.900000,0.003859,0.000000
80,mobley_3040612,-0.682996,-0.850000,0.167004,0.000052
80,mobley_4483973,-2.052803,-0.800000,1.252803,0.002951
80,mobley_9913368,-1.670892,-0.780000,0.890892,0.001492
80,mobley_1449384,-0.579488,-0.680000,0.100512,0.000019
80,mobley_7708038,-0.772290,-0.560000,0.212290,0.000085
80,mobley_8311321,-0.209341,-0.500000,0.290659,0.000159
80,mobley_766666,-0.732015,-0.440000,0.292015,0.000160
80,mobley_5445548,-0.536832,-0.300000,0.236832,0.000105
80,mobley_9029594,-0.726674,-0.220000,0.506674,0.000483
80,mobley_3370989,-2.814680,-0.110000,2.704680,0.013756
80,mobley_627267,-0.490191,-0.030000,0.460191,0.000398
80,mobley_6250025,0.234693,0.080000,0.154693,0.000045
80,mobley_4252724,-0.607465,0.160000,0.767465,0.001108
80,mobley_7157427,0.392256,0.290000,0.102256,0.000020
80,mobley_8885088,-0.358521,0.560000,0.918521,0.001587
80,mobley_8522124,0.770795,0.710000,0.060795,0.000007
80,mobley_4678740,-0.928165,1.070000,1.998165,0.007508
80,mobley_2689721,0.902317,1.230000,0.327683,0.000202
80,mobley_1662128,1.312542,1.380000,0.067458,0.000009
80,mobley_4762983,1.902715,1.660000,0.242715,0.000111
80,mobley_7732703,1.005859,1.790000,0.784141,0.001156
80,mobley_2068538,1.576947,2.000000,0.423053,0.000337
80,mobley_5157661,1.933447,2.300000,0.366553,0.000253
80,mobley_1261349,2.492769,2.510000,0.017231,0.000001
80,mobley_2328633,2.058473,2.550000,0.491527,0.000454
80,mobley_8436428,2.819811,2.830000,0.010189,0.000000
80,mobley_3060426,3.276874,2.930000,0.346874,0.000226
80,mobley_2197088,3.242624,3.160000,0.082624,0.000013
81,mobley_9534740,-22.697105,-25.469999,2.772894,0.014459
81,mobley_6239320,-19.957151,-18.059999,1.897152,0.006768
81,mobley_7794077,-14.060806,-15.460000,1.399194,0.003681
81,mobley_7415647,-13.189846,-11.950000,1.239846,0.002891
81,mobley_1728386,-10.727605,-11.000000,0.272395,0.000140
81,mobley_2269032,-9.478553,-10.210000,0.731447,0.001006
81,mobley_2913224,-7.108459,-9.940000,2.831540,0.015077
81,mobley_2659552,-9.742598,-9.760000,0.017403,0.000001
81,mobley_7176290,-9.244523,-9.620000,0.375477,0.000265
81,mobley_2295058,-9.095078,-9.510000,0.414922,0.000324
81,mobley_6055410,-10.098377,-9.400000,0.698378,0.000917
81,mobley_4639255,-10.123168,-9.300000,0.823168,0.001274
81,mobley_1417007,-4.338951,-9.010000,4.671049,0.041029
81,mobley_6115639,-10.755909,-8.700000,2.055909,0.007948
81,mobley_6353617,-7.598714,-8.260000,0.661286,0.000822
81,mobley_2725215,-9.005624,-7.980000,1.025624,0.001978
81,mobley_7039935,-7.048790,-7.670000,0.621210,0.000726
81,mobley_4059279,-6.701060,-7.580000,0.878940,0.001453
81,mobley_951560,-9.415293,-7.400000,2.015293,0.007637
81,mobley_1922649,-9.762178,-7.190000,2.572178,0.012441
81,mobley_8798016,-7.350126,-7.000000,0.350126,0.000231
81,mobley_1858644,-7.321212,-6.790000,0.531212,0.000531
81,mobley_9114381,-5.585950,-6.720000,1.134049,0.002418
81,mobley_5311804,-5.853995,-6.620000,0.766005,0.001103
81,mobley_6743808,-6.027757,-6.500000,0.472243,0.000419
81,mobley_8789864,-5.862160,-6.400000,0.537840,0.000544
81,mobley_7009711,-5.888257,-6.270000,0.381743,0.000274
81,mobley_8789465,-4.858401,-6.200000,1.341599,0.003385
81,mobley_2923700,-6.098172,-6.130000,0.031828,0.000002
81,mobley_4780078,-5.701555,-6.010000,0.308445,0.000179
81,mobley_5467162,-5.557427,-5.910000,0.352573,0.000234
81,mobley_6257907,-5.693585,-5.820000,0.126415,0.000030
81,mobley_7913234,-5.995047,-5.730000,0.265047,0.000132
81,mobley_5518547,-5.790903,-5.570000,0.220902,0.000092
81,mobley_4883284,-5.922223,-5.490000,0.432223,0.000351
81,mobley_5220185,-5.019142,-5.450000,0.430858,0.000349
81,mobley_3359593,-5.527859,-5.260000,0.267859,0.000135
81,mobley_4683624,-5.896955,-5.210000,0.686954,0.000887
81,mobley_1636752,-3.720860,-5.100000,1.379140,0.003577
81,mobley_2310185,-4.857103,-5.000000,0.142897,0.000038
81,mobley_3682850,-4.313731,-4.910000,0.596269,0.000669
81,mobley_1363784,-4.557022,-4.840000,0.282979,0.000151
81,mobley_2837389,-4.212016,-4.780000,0.567984,0.000607
81,mobley_9507933,-4.714616,-4.720000,0.005384,0.000000
81,mobley_296847,-4.816562,-4.690000,0.126562,0.000030
81,mobley_8208692,-3.085584,-4.610000,1.524416,0.004370
81,mobley_4884177,-4.363520,-4.590000,0.226480,0.000096
81,mobley_6714389,-3.768918,-4.550000,0.781082,0.001147
81,mobley_2245668,-4.489105,-4.500000,0.010895,0.000000
81,mobley_5973402,-4.580006,-4.420000,0.160006,0.000048
81,mobley_3546460,-4.408458,-4.400000,0.008458,0.000000
81,mobley_8311303,-4.346900,-4.380000,0.033100,0.000002
81,mobley_9741965,-5.363932,-4.290000,1.073932,0.002169
81,mobley_4603202,-3.357392,-4.230000,0.872608,0.001432
81,mobley_628086,-4.203974,-4.160000,0.043974,0.000004
81,mobley_4620651,-3.776721,-4.100000,0.323279,0.000197
81,mobley_7977115,-4.288940,-4.060000,0.228940,0.000099
81,mobley_2789243,-2.864998,-4.010000,1.145003,0.002465
81,mobley_3968739,-4.017940,-3.920000,0.097940,0.000018
81,mobley_63712,-3.166010,-3.880000,0.713990,0.000959
81,mobley_1046331,-3.200522,-3.820000,0.619478,0.000722
81,mobley_1160109,-4.147251,-3.750000,0.397251,0.000297
81,mobley_4149784,-3.294021,-3.670000,0.375979,0.000266
81,mobley_397645,-4.014550,-3.640000,0.374550,0.000264
81,mobley_4690963,-4.508587,-3.540000,0.968587,0.001764
81,mobley_1967551,-3.423196,-3.500000,0.076804,0.000011
81,mobley_6733657,-5.180346,-3.440000,1.740345,0.005696
81,mobley_9565165,-3.531224,-3.350000,0.181224,0.000062
81,mobley_2487143,-3.173485,-3.280000,0.106515,0.000021
81,mobley_8449031,-2.175108,-3.220000,1.044892,0.002053
81,mobley_172879,-2.887218,-3.150000,0.262782,0.000130
81,mobley_5346580,-2.046547,-3.110000,1.063453,0.002127
81,mobley_3573480,-2.991263,-3.040000,0.048737,0.000004
81,mobley_1075836,-3.078129,-2.930000,0.148129,0.000041
81,mobley_6102880,-4.239936,-2.870000,1.369936,0.003529
81,mobley_1827204,-2.879039,-2.810000,0.069039,0.000009
81,mobley_2146331,-1.541166,-2.750000,1.208834,0.002748
81,mobley_7943327,-2.562900,-2.680000,0.117100,0.000026
81,mobley_5110043,-2.561993,-2.630000,0.068007,0.000009
81,mobley_5616693,-3.214765,-2.530000,0.684765,0.000882
81,mobley_6619554,-2.236139,-2.490000,0.253861,0.000121
81,mobley_6359156,-4.265606,-2.460000,1.805606,0.006131
81,mobley_1781152,-2.101579,-2.400000,0.298421,0.000167
81,mobley_859464,-2.581913,-2.360000,0.221913,0.000093
81,mobley_7150646,-1.037934,-2.300000,1.262066,0.002995
81,mobley_1592519,-2.488011,-2.230000,0.258011,0.000125
81,mobley_5538249,-2.262941,-2.160000,0.102941,0.000020
81,mobley_6911232,-1.602817,-2.100000,0.497182,0.000465
81,mobley_3269565,-1.353416,-2.010000,0.656584,0.000811
81,mobley_2484519,-2.988613,-1.930000,1.058613,0.002107
81,mobley_7690440,-3.410100,-1.830000,1.580100,0.004695
81,mobley_3802803,-1.644578,-1.660000,0.015422,0.000000
81,mobley_1144156,-1.430634,-1.590000,0.159366,0.000048
81,mobley_2481002,-1.185191,-1.450000,0.264809,0.000132
81,mobley_2489709,-1.250549,-1.360000,0.109451,0.000023
81,mobley_5052949,-1.488486,-1.280000,0.208486,0.000082
81,mobley_2492140,-1.370795,-1.230000,0.140795,0.000037
81,mobley_7542832,-1.238753,-1.160000,0.078753,0.000012
81,mobley_7814642,-1.965839,-1.120000,0.845839,0.001345
81,mobley_1563176,-0.929241,-0.990000,0.060759,0.000007
81,mobley_1873346,-0.903577,-0.900000,0.003577,0.000000
81,mobley_3040612,-0.688697,-0.850000,0.161303,0.000049
81,mobley_4483973,-2.048899,-0.800000,1.248899,0.002933
81,mobley_9913368,-1.673560,-0.780000,0.893560,0.001501
81,mobley_1449384,-0.577114,-0.680000,0.102886,0.000020
81,mobley_7708038,-0.779565,-0.560000,0.219565,0.000091
81,mobley_8311321,-0.213951,-0.500000,0.286049,0.000154
81,mobley_766666,-0.735395,-0.440000,0.295395,0.000164
81,mobley_5445548,-0.545017,-0.300000,0.245017,0.000113
81,mobley_9029594,-0.718911,-0.220000,0.498911,0.000468
81,mobley_3370989,-2.820824,-0.110000,2.710824,0.013819
81,mobley_627267,-0.499228,-0.030000,0.469228,0.000414
81,mobley_6250025,0.178769,0.080000,0.098769,0.000018
81,mobley_4252724,-0.620007,0.160000,0.780007,0.001144
81,mobley_7157427,0.339352,0.290000,0.049352,0.000005
81,mobley_8885088,-0.380345,0.560000,0.940345,0.001663
81,mobley_8522124,0.726197,0.710000,0.016197,0.000000
81,mobley_4678740,-0.939232,1.070000,2.009232,0.007591
81,mobley_2689721,0.867031,1.230000,0.362969,0.000248
81,mobley_1662128,1.295539,1.380000,0.084461,0.000013
81,mobley_4762983,1.855991,1.660000,0.195991,0.000072
81,mobley_7732703,0.996575,1.790000,0.793425,0.001184
81,mobley_2068538,1.565490,2.000000,0.434510,0.000355
81,mobley_5157661,1.928230,2.300000,0.371770,0.000260
81,mobley_1261349,2.502535,2.510000,0.007465,0.000000
81,mobley_2328633,1.987120,2.550000,0.562880,0.000596
81,mobley_8436428,2.804432,2.830000,0.025568,0.000001
81,mobley_3060426,3.277885,2.930000,0.347885,0.000228
81,mobley_2197088,3.177033,3.160000,0.017033,0.000001
82,mobley_9534740,-22.698334,-25.469999,2.771666,0.014446
82,mobley_6239320,-19.952412,-18.059999,1.892412,0.006734
82,mobley_7794077,-14.027502,-15.460000,1.432498,0.003859
82,mobley_7415647,-13.106292,-11.950000,1.156292,0.002514
82,mobley_1728386,-10.745370,-11.000000,0.254630,0.000122
82,mobley_2269032,-9.412851,-10.210000,0.797149,0.001195
82,mobley_2913224,-7.073419,-9.940000,2.866581,0.015452
82,mobley_2659552,-9.665970,-9.760000,0.094030,0.000017
82,mobley_7176290,-9.226329,-9.620000,0.393671,0.000291
82,mobley_2295058,-9.085324,-9.510000,0.424676,0.000339
82,mobley_6055410,-10.079011,-9.400000,0.679011,0.000867
82,mobley_4639255,-10.098961,-9.300000,0.798961,0.001200
82,mobley_1417007,-4.293155,-9.010000,4.716846,0.041838
82,mobley_6115639,-10.686909,-8.700000,1.986909,0.007424
82,mobley_6353617,-7.588462,-8.260000,0.671538,0.000848
82,mobley_2725215,-8.924140,-7.980000,0.944140,0.001676
82,mobley_7039935,-7.031433,-7.670000,0.638567,0.000767
82,mobley_4059279,-6.591125,-7.580000,0.988875,0.001839
82,mobley_951560,-9.327327,-7.400000,1.927327,0.006985
82,mobley_1922649,-9.630310,-7.190000,2.440310,0.011198
82,mobley_8798016,-7.360314,-7.000000,0.360314,0.000244
82,mobley_1858644,-7.272445,-6.790000,0.482445,0.000438
82,mobley_9114381,-5.560966,-6.720000,1.159033,0.002526
82,mobley_5311804,-5.825936,-6.620000,0.794064,0.001186
82,mobley_6743808,-5.992026,-6.500000,0.507974,0.000485
82,mobley_8789864,-5.817741,-6.400000,0.582259,0.000638
82,mobley_7009711,-5.845263,-6.270000,0.424737,0.000339
82,mobley_8789465,-4.874596,-6.200000,1.325404,0.003303
82,mobley_2923700,-6.073704,-6.130000,0.056296,0.000006
82,mobley_4780078,-5.679145,-6.010000,0.330855,0.000206
82,mobley_5467162,-5.523361,-5.910000,0.386639,0.000281
82,mobley_6257907,-5.724761,-5.820000,0.095240,0.000017
82,mobley_7913234,-5.905091,-5.730000,0.175091,0.000058
82,mobley_5518547,-5.812421,-5.570000,0.242421,0.000111
82,mobley_4883284,-5.965828,-5.490000,0.475828,0.000426
82,mobley_5220185,-4.967637,-5.450000,0.482363,0.000438
82,mobley_3359593,-5.469567,-5.260000,0.209567,0.000083
82,mobley_4683624,-5.857022,-5.210000,0.647022,0.000787
82,mobley_1636752,-3.695440,-5.100000,1.404560,0.003710
82,mobley_2310185,-4.822195,-5.000000,0.177805,0.000059
82,mobley_3682850,-4.246877,-4.910000,0.663123,0.000827
82,mobley_1363784,-4.537696,-4.840000,0.302304,0.000172
82,mobley_2837389,-4.208845,-4.780000,0.571156,0.000613
82,mobley_9507933,-4.687809,-4.720000,0.032191,0.000002
82,mobley_296847,-4.823213,-4.690000,0.133213,0.000033
82,mobley_8208692,-3.006593,-4.610000,1.603407,0.004834
82,mobley_4884177,-4.346773,-4.590000,0.243227,0.000111
82,mobley_6714389,-3.744696,-4.550000,0.805305,0.001220
82,mobley_2245668,-4.442022,-4.500000,0.057978,0.000006
82,mobley_5973402,-4.516754,-4.420000,0.096754,0.000018
82,mobley_3546460,-4.341565,-4.400000,0.058435,0.000006
82,mobley_8311303,-4.255730,-4.380000,0.124270,0.000029
82,mobley_9741965,-5.315654,-4.290000,1.025654,0.001978
82,mobley_4603202,-3.292404,-4.230000,0.937596,0.001653
82,mobley_628086,-4.163823,-4.160000,0.003823,0.000000
82,mobley_4620651,-3.709388,-4.100000,0.390611,0.000287
82,mobley_7977115,-4.201921,-4.060000,0.141921,0.000038
82,mobley_2789243,-2.846723,-4.010000,1.163278,0.002545
82,mobley_3968739,-3.992857,-3.920000,0.072857,0.000010
82,mobley_63712,-3.064513,-3.880000,0.815487,0.001251
82,mobley_1046331,-3.190712,-3.820000,0.629287,0.000745
82,mobley_1160109,-4.039300,-3.750000,0.289300,0.000157
82,mobley_4149784,-3.250913,-3.670000,0.419087,0.000330
82,mobley_397645,-3.956609,-3.640000,0.316609,0.000188
82,mobley_4690963,-4.394831,-3.540000,0.854831,0.001374
82,mobley_1967551,-3.393007,-3.500000,0.106993,0.000022
82,mobley_6733657,-5.125712,-3.440000,1.685712,0.005344
82,mobley_9565165,-3.468492,-3.350000,0.118492,0.000026
82,mobley_2487143,-3.088522,-3.280000,0.191478,0.000069
82,mobley_8449031,-2.083742,-3.220000,1.136258,0.002428
82,mobley_172879,-2.886483,-3.150000,0.263517,0.000131
82,mobley_5346580,-1.992546,-3.110000,1.117454,0.002348
82,mobley_3573480,-2.898445,-3.040000,0.141555,0.000038
82,mobley_1075836,-3.022028,-2.930000,0.092028,0.000016
82,mobley_6102880,-4.223097,-2.870000,1.353097,0.003443
82,mobley_1827204,-2.810578,-2.810000,0.000578,0.000000
82,mobley_2146331,-1.554568,-2.750000,1.195432,0.002687
82,mobley_7943327,-2.472406,-2.680000,0.207594,0.000081
82,mobley_5110043,-2.486913,-2.630000,0.143087,0.000039
82,mobley_5616693,-3.100026,-2.530000,0.570026,0.000611
82,mobley_6619554,-2.127385,-2.490000,0.362615,0.000247
82,mobley_6359156,-4.202016,-2.460000,1.742016,0.005706
82,mobley_1781152,-2.052392,-2.400000,0.347608,0.000227
82,mobley_859464,-2.499336,-2.360000,0.139336,0.000037
82,mobley_7150646,-1.014946,-2.300000,1.285054,0.003105
82,mobley_1592519,-2.378139,-2.230000,0.148139,0.000041
82,mobley_5538249,-2.209916,-2.160000,0.049916,0.000005
82,mobley_6911232,-1.535001,-2.100000,0.564999,0.000600
82,mobley_3269565,-1.279108,-2.010000,0.730892,0.001005
82,mobley_2484519,-2.961648,-1.930000,1.031648,0.002001
82,mobley_7690440,-3.382425,-1.830000,1.552425,0.004532
82,mobley_3802803,-1.592201,-1.660000,0.067799,0.000009
82,mobley_1144156,-1.350621,-1.590000,0.239379,0.000108
82,mobley_2481002,-1.174208,-1.450000,0.275792,0.000143
82,mobley_2489709,-1.208952,-1.360000,0.151048,0.000043
82,mobley_5052949,-1.409608,-1.280000,0.129608,0.000032
82,mobley_2492140,-1.359262,-1.230000,0.129262,0.000031
82,mobley_7542832,-1.139276,-1.160000,0.020724,0.000001
82,mobley_7814642,-1.923683,-1.120000,0.803683,0.001215
82,mobley_1563176,-0.875990,-0.990000,0.114010,0.000024
82,mobley_1873346,-0.862832,-0.900000,0.037168,0.000003
82,mobley_3040612,-0.633164,-0.850000,0.216836,0.000088
82,mobley_4483973,-2.041362,-0.800000,1.241362,0.002898
82,mobley_9913368,-1.664652,-0.780000,0.884652,0.001472
82,mobley_1449384,-0.505660,-0.680000,0.174340,0.000057
82,mobley_7708038,-0.759807,-0.560000,0.199807,0.000075
82,mobley_8311321,-0.196740,-0.500000,0.303260,0.000173
82,mobley_766666,-0.723352,-0.440000,0.283352,0.000151
82,mobley_5445548,-0.493802,-0.300000,0.193802,0.000071
82,mobley_9029594,-0.697733,-0.220000,0.477733,0.000429
82,mobley_3370989,-2.788727,-0.110000,2.678727,0.013493
82,mobley_627267,-0.464869,-0.030000,0.434869,0.000356
82,mobley_6250025,0.235041,0.080000,0.155041,0.000045
82,mobley_4252724,-0.545259,0.160000,0.705259,0.000935
82,mobley_7157427,0.428238,0.290000,0.138238,0.000036
82,mobley_8885088,-0.320911,0.560000,0.880911,0.001459
82,mobley_8522124,0.764163,0.710000,0.054163,0.000006
82,mobley_4678740,-0.900035,1.070000,1.970035,0.007298
82,mobley_2689721,0.922082,1.230000,0.307918,0.000178
82,mobley_1662128,1.334197,1.380000,0.045803,0.000004
82,mobley_4762983,1.927073,1.660000,0.267073,0.000134
82,mobley_7732703,1.023517,1.790000,0.766483,0.001105
82,mobley_2068538,1.588461,2.000000,0.411539,0.000318
82,mobley_5157661,1.969614,2.300000,0.330386,0.000205
82,mobley_1261349,2.551358,2.510000,0.041358,0.000003
82,mobley_2328633,2.092118,2.550000,0.457882,0.000394
82,mobley_8436428,2.883437,2.830000,0.053437,0.000005
82,mobley_3060426,3.371485,2.930000,0.441485,0.000367
82,mobley_2197088,3.269008,3.160000,0.109008,0.000022
83,mobley_9534740,-22.680696,-25.469999,2.789303,0.014630
83,mobley_6239320,-19.906635,-18.059999,1.846636,0.006412
83,mobley_7794077,-13.977741,-15.460000,1.482259,0.004132
83,mobley_7415647,-13.157682,-11.950000,1.207683,0.002743
83,mobley_1728386,-10.759129,-11.000000,0.240871,0.000109
83,mobley_2269032,-9.383106,-10.210000,0.826894,0.001286
83,mobley_2913224,-7.069285,-9.940000,2.870714,0.015497
83,mobley_2659552,-9.712739,-9.760000,0.047261,0.000004
83,mobley_7176290,-9.232116,-9.620000,0.387884,0.000283
83,mobley_2295058,-9.092424,-9.510000,0.417576,0.000328
83,mobley_6055410,-10.084826,-9.400000,0.684826,0.000882
83,mobley_4639255,-10.101900,-9.300000,0.801900,0.001209
83,mobley_1417007,-4.281403,-9.010000,4.728598,0.042046
83,mobley_6115639,-10.704396,-8.700000,2.004396,0.007555
83,mobley_6353617,-7.599645,-8.260000,0.660355,0.000820
83,mobley_2725215,-8.830129,-7.980000,0.850129,0.001359
83,mobley_7039935,-7.024693,-7.670000,0.645308,0.000783
83,mobley_4059279,-6.634860,-7.580000,0.945140,0.001680
83,mobley_951560,-9.361260,-7.400000,1.961260,0.007233
83,mobley_1922649,-9.628675,-7.190000,2.438674,0.011183
83,mobley_8798016,-7.396428,-7.000000,0.396428,0.000296
83,mobley_1858644,-7.256883,-6.790000,0.466883,0.000410
83,mobley_9114381,-5.577361,-6.720000,1.142639,0.002455
83,mobley_5311804,-5.832798,-6.620000,0.787202,0.001165
83,mobley_6743808,-5.958168,-6.500000,0.541832,0.000552
83,mobley_8789864,-5.838276,-6.400000,0.561724,0.000593
83,mobley_7009711,-5.830240,-6.270000,0.439760,0.000364
83,mobley_8789465,-4.881814,-6.200000,1.318186,0.003268
83,mobley_2923700,-6.061639,-6.130000,0.068361,0.000009
83,mobley_4780078,-5.665707,-6.010000,0.344293,0.000223
83,mobley_5467162,-5.510477,-5.910000,0.399523,0.000300
83,mobley_6257907,-5.728483,-5.820000,0.091517,0.000016
83,mobley_7913234,-5.881413,-5.730000,0.151413,0.000043
83,mobley_5518547,-5.797973,-5.570000,0.227973,0.000098
83,mobley_4883284,-5.957519,-5.490000,0.467519,0.000411
83,mobley_5220185,-4.974823,-5.450000,0.475177,0.000425
83,mobley_3359593,-5.459366,-5.260000,0.199366,0.000075
83,mobley_4683624,-5.842081,-5.210000,0.632081,0.000751
83,mobley_1636752,-3.704350,-5.100000,1.395650,0.003663
83,mobley_2310185,-4.809176,-5.000000,0.190824,0.000068
83,mobley_3682850,-4.202741,-4.910000,0.707259,0.000941
83,mobley_1363784,-4.556952,-4.840000,0.283049,0.000151
83,mobley_2837389,-4.226532,-4.780000,0.553468,0.000576
83,mobley_9507933,-4.693127,-4.720000,0.026873,0.000001
83,mobley_296847,-4.849825,-4.690000,0.159825,0.000048
83,mobley_8208692,-3.037220,-4.610000,1.572780,0.004652
83,mobley_4884177,-4.354640,-4.590000,0.235360,0.000104
83,mobley_6714389,-3.758358,-4.550000,0.791642,0.001178
83,mobley_2245668,-4.428328,-4.500000,0.071672,0.000010
83,mobley_5973402,-4.497133,-4.420000,0.077133,0.000011
83,mobley_3546460,-4.318758,-4.400000,0.081242,0.000012
83,mobley_8311303,-4.280165,-4.380000,0.099835,0.000019
83,mobley_9741965,-5.294844,-4.290000,1.004844,0.001899
83,mobley_4603202,-3.290605,-4.230000,0.939395,0.001659
83,mobley_628086,-4.118732,-4.160000,0.041268,0.000003
83,mobley_4620651,-3.708342,-4.100000,0.391658,0.000288
83,mobley_7977115,-4.156697,-4.060000,0.096697,0.000018
83,mobley_2789243,-2.848220,-4.010000,1.161780,0.002538
83,mobley_3968739,-4.009434,-3.920000,0.089434,0.000015
83,mobley_63712,-3.058514,-3.880000,0.821486,0.001269
83,mobley_1046331,-3.192542,-3.820000,0.627458,0.000740
83,mobley_1160109,-3.982256,-3.750000,0.232256,0.000101
83,mobley_4149784,-3.303433,-3.670000,0.366567,0.000253
83,mobley_397645,-3.959478,-3.640000,0.319478,0.000192
83,mobley_4690963,-4.391266,-3.540000,0.851266,0.001363
83,mobley_1967551,-3.397862,-3.500000,0.102138,0.000020
83,mobley_6733657,-5.130909,-3.440000,1.690909,0.005377
83,mobley_9565165,-3.465297,-3.350000,0.115297,0.000025
83,mobley_2487143,-3.082426,-3.280000,0.197574,0.000073
83,mobley_8449031,-2.077828,-3.220000,1.142172,0.002453
83,mobley_172879,-2.891242,-3.150000,0.258758,0.000126
83,mobley_5346580,-1.993905,-3.110000,1.116094,0.002342
83,mobley_3573480,-2.893187,-3.040000,0.146813,0.000041
83,mobley_1075836,-3.028251,-2.930000,0.098251,0.000018
83,mobley_6102880,-4.226022,-2.870000,1.356022,0.003458
83,mobley_1827204,-2.794103,-2.810000,0.015897,0.000000
83,mobley_2146331,-1.579475,-2.750000,1.170525,0.002576
83,mobley_7943327,-2.470176,-2.680000,0.209824,0.000083
83,mobley_5110043,-2.476221,-2.630000,0.153779,0.000044
83,mobley_5616693,-3.047241,-2.530000,0.517241,0.000503
83,mobley_6619554,-2.118459,-2.490000,0.371541,0.000260
83,mobley_6359156,-4.209707,-2.460000,1.749707,0.005757
83,mobley_1781152,-2.080473,-2.400000,0.319527,0.000192
83,mobley_859464,-2.497573,-2.360000,0.137573,0.000036
83,mobley_7150646,-1.018214,-2.300000,1.281786,0.003090
83,mobley_1592519,-2.366238,-2.230000,0.136238,0.000035
83,mobley_5538249,-2.239721,-2.160000,0.079721,0.000012
83,mobley_6911232,-1.541509,-2.100000,0.558491,0.000587
83,mobley_3269565,-1.292050,-2.010000,0.717950,0.000969
83,mobley_2484519,-2.985332,-1.930000,1.055332,0.002094
83,mobley_7690440,-3.401396,-1.830000,1.571396,0.004643
83,mobley_3802803,-1.574558,-1.660000,0.085442,0.000014
83,mobley_1144156,-1.345170,-1.590000,0.244830,0.000113
83,mobley_2481002,-1.150139,-1.450000,0.299861,0.000169
83,mobley_2489709,-1.208337,-1.360000,0.151663,0.000043
83,mobley_5052949,-1.396617,-1.280000,0.116617,0.000026
83,mobley_2492140,-1.354990,-1.230000,0.124990,0.000029
83,mobley_7542832,-1.114982,-1.160000,0.045018,0.000004
83,mobley_7814642,-1.924898,-1.120000,0.804898,0.001218
83,mobley_1563176,-0.869036,-0.990000,0.120964,0.000028
83,mobley_1873346,-0.862910,-0.900000,0.037090,0.000003
83,mobley_3040612,-0.610308,-0.850000,0.239692,0.000108
83,mobley_4483973,-2.044997,-0.800000,1.244997,0.002915
83,mobley_9913368,-1.660704,-0.780000,0.880704,0.001459
83,mobley_1449384,-0.487907,-0.680000,0.192093,0.000069
83,mobley_7708038,-0.751571,-0.560000,0.191571,0.000069
83,mobley_8311321,-0.181253,-0.500000,0.318747,0.000191
83,mobley_766666,-0.713862,-0.440000,0.273862,0.000141
83,mobley_5445548,-0.481563,-0.300000,0.181563,0.000062
83,mobley_9029594,-0.705822,-0.220000,0.485822,0.000444
83,mobley_3370989,-2.775409,-0.110000,2.665409,0.013359
83,mobley_627267,-0.465126,-0.030000,0.435126,0.000356
83,mobley_6250025,0.241444,0.080000,0.161444,0.000049
83,mobley_4252724,-0.539061,0.160000,0.699061,0.000919
83,mobley_7157427,0.452224,0.290000,0.162224,0.000049
83,mobley_8885088,-0.283472,0.560000,0.843472,0.001338
83,mobley_8522124,0.756676,0.710000,0.046676,0.000004
83,mobley_4678740,-0.827203,1.070000,1.897203,0.006768
83,mobley_2689721,0.946559,1.230000,0.283441,0.000151
83,mobley_1662128,1.339065,1.380000,0.040935,0.000003
83,mobley_4762983,1.936007,1.660000,0.276007,0.000143
83,mobley_7732703,1.064417,1.790000,0.725583,0.000990
83,mobley_2068538,1.588709,2.000000,0.411291,0.000318
83,mobley_5157661,1.963672,2.300000,0.336328,0.000213
83,mobley_1261349,2.531276,2.510000,0.021276,0.000001
83,mobley_2328633,2.145117,2.550000,0.404883,0.000308
83,mobley_8436428,2.894811,2.830000,0.064811,0.000008
83,mobley_3060426,3.395828,2.930000,0.465828,0.000408
83,mobley_2197088,3.294458,3.160000,0.134458,0.000034
84,mobley_9534740,-22.851696,-25.469999,2.618303,0.012891
84,mobley_6239320,-19.988323,-18.059999,1.928324,0.006992
84,mobley_7794077,-14.098536,-15.460000,1.361464,0.003486
84,mobley_7415647,-13.326363,-11.950000,1.376363,0.003562
84,mobley_1728386,-10.861993,-11.000000,0.138007,0.000036
84,mobley_2269032,-9.699874,-10.210000,0.510126,0.000489
84,mobley_2913224,-7.253664,-9.940000,2.686335,0.013570
84,mobley_2659552,-9.904565,-9.760000,0.144565,0.000039
84,mobley_7176290,-9.346188,-9.620000,0.273812,0.000141
84,mobley_2295058,-9.213119,-9.510000,0.296882,0.000166
84,mobley_6055410,-10.296851,-9.400000,0.896852,0.001513
84,mobley_4639255,-10.196989,-9.300000,0.896989,0.001513
84,mobley_1417007,-4.407515,-9.010000,4.602486,0.039833
84,mobley_6115639,-10.898164,-8.700000,2.198164,0.009086
84,mobley_6353617,-7.799495,-8.260000,0.460505,0.000399
84,mobley_2725215,-9.043726,-7.980000,1.063726,0.002128
84,mobley_7039935,-7.189489,-7.670000,0.480511,0.000434
84,mobley_4059279,-6.814174,-7.580000,0.765826,0.001103
84,mobley_951560,-9.532857,-7.400000,2.132857,0.008554
84,mobley_1922649,-9.867060,-7.190000,2.677060,0.013477
84,mobley_8798016,-7.533248,-7.000000,0.533248,0.000535
84,mobley_1858644,-7.425936,-6.790000,0.635936,0.000760
84,mobley_9114381,-5.663225,-6.720000,1.056775,0.002100
84,mobley_5311804,-5.981099,-6.620000,0.638901,0.000768
84,mobley_6743808,-6.115212,-6.500000,0.384788,0.000278
84,mobley_8789864,-6.028452,-6.400000,0.371548,0.000260
84,mobley_7009711,-6.008798,-6.270000,0.261202,0.000128
84,mobley_8789465,-4.995828,-6.200000,1.204172,0.002727
84,mobley_2923700,-6.173857,-6.130000,0.043857,0.000004
84,mobley_4780078,-5.858754,-6.010000,0.151247,0.000043
84,mobley_5467162,-5.691260,-5.910000,0.218740,0.000090
84,mobley_6257907,-5.801037,-5.820000,0.018963,0.000001
84,mobley_7913234,-6.054471,-5.730000,0.324471,0.000198
84,mobley_5518547,-5.943091,-5.570000,0.373091,0.000262
84,mobley_4883284,-6.064239,-5.490000,0.574239,0.000620
84,mobley_5220185,-5.149193,-5.450000,0.300807,0.000170
84,mobley_3359593,-5.664301,-5.260000,0.404301,0.000307
84,mobley_4683624,-5.965613,-5.210000,0.755613,0.001074
84,mobley_1636752,-3.757893,-5.100000,1.342107,0.003387
84,mobley_2310185,-4.876463,-5.000000,0.123537,0.000029
84,mobley_3682850,-4.364299,-4.910000,0.545701,0.000560
84,mobley_1363784,-4.762792,-4.840000,0.077208,0.000011
84,mobley_2837389,-4.336209,-4.780000,0.443791,0.000370
84,mobley_9507933,-4.909609,-4.720000,0.189610,0.000068
84,mobley_296847,-4.971025,-4.690000,0.281025,0.000149
84,mobley_8208692,-3.065234,-4.610000,1.544766,0.004487
84,mobley_4884177,-4.520483,-4.590000,0.069518,0.000009
84,mobley_6714389,-3.806751,-4.550000,0.743250,0.001039
84,mobley_2245668,-4.540624,-4.500000,0.040624,0.000003
84,mobley_5973402,-4.625904,-4.420000,0.205904,0.000080
84,mobley_3546460,-4.419065,-4.400000,0.019064,0.000001
84,mobley_8311303,-4.330118,-4.380000,0.049882,0.000005
84,mobley_9741965,-5.388548,-4.290000,1.098548,0.002269
84,mobley_4603202,-3.389216,-4.230000,0.840784,0.001329
84,mobley_628086,-4.259793,-4.160000,0.099793,0.000019
84,mobley_4620651,-3.857507,-4.100000,0.242493,0.000111
84,mobley_7977115,-4.304693,-4.060000,0.244693,0.000113
84,mobley_2789243,-2.915334,-4.010000,1.094666,0.002253
84,mobley_3968739,-4.154816,-3.920000,0.234816,0.000104
84,mobley_63712,-3.231328,-3.880000,0.648673,0.000791
84,mobley_1046331,-3.300241,-3.820000,0.519758,0.000508
84,mobley_1160109,-4.296626,-3.750000,0.546626,0.000562
84,mobley_4149784,-3.457592,-3.670000,0.212408,0.000085
84,mobley_397645,-4.125207,-3.640000,0.485207,0.000443
84,mobley_4690963,-4.560362,-3.540000,1.020362,0.001958
84,mobley_1967551,-3.498629,-3.500000,0.001371,0.000000
84,mobley_6733657,-5.240808,-3.440000,1.800808,0.006098
84,mobley_9565165,-3.728418,-3.350000,0.378418,0.000269
84,mobley_2487143,-3.236972,-3.280000,0.043028,0.000003
84,mobley_8449031,-2.229720,-3.220000,0.990280,0.001844
84,mobley_172879,-3.073929,-3.150000,0.076071,0.000011
84,mobley_5346580,-2.193031,-3.110000,0.916969,0.001581
84,mobley_3573480,-3.053284,-3.040000,0.013284,0.000000
84,mobley_1075836,-3.141804,-2.930000,0.211804,0.000084
84,mobley_6102880,-4.417545,-2.870000,1.547545,0.004503
84,mobley_1827204,-2.905769,-2.810000,0.095769,0.000017
84,mobley_2146331,-1.643045,-2.750000,1.106955,0.002304
84,mobley_7943327,-2.596554,-2.680000,0.083446,0.000013
84,mobley_5110043,-2.759412,-2.630000,0.129412,0.000031
84,mobley_5616693,-3.328539,-2.530000,0.798539,0.001199
84,mobley_6619554,-2.257469,-2.490000,0.232531,0.000102
84,mobley_6359156,-4.360944,-2.460000,1.900944,0.006795
84,mobley_1781152,-2.265605,-2.400000,0.134395,0.000034
84,mobley_859464,-2.679144,-2.360000,0.319144,0.000192
84,mobley_7150646,-1.115996,-2.300000,1.184004,0.002636
84,mobley_1592519,-2.515320,-2.230000,0.285320,0.000153
84,mobley_5538249,-2.360498,-2.160000,0.200498,0.000076
84,mobley_6911232,-1.651191,-2.100000,0.448809,0.000379
84,mobley_3269565,-1.440277,-2.010000,0.569723,0.000610
84,mobley_2484519,-3.112704,-1.930000,1.182704,0.002630
84,mobley_7690440,-3.486857,-1.830000,1.656857,0.005162
84,mobley_3802803,-1.649083,-1.660000,0.010917,0.000000
84,mobley_1144156,-1.458894,-1.590000,0.131106,0.000032
84,mobley_2481002,-1.167206,-1.450000,0.282794,0.000150
84,mobley_2489709,-1.257763,-1.360000,0.102237,0.000020
84,mobley_5052949,-1.555939,-1.280000,0.275939,0.000143
84,mobley_2492140,-1.363908,-1.230000,0.133908,0.000034
84,mobley_7542832,-1.262784,-1.160000,0.102784,0.000020
84,mobley_7814642,-1.962924,-1.120000,0.842924,0.001336
84,mobley_1563176,-0.963645,-0.990000,0.026356,0.000001
84,mobley_1873346,-1.001413,-0.900000,0.101413,0.000019
84,mobley_3040612,-0.793114,-0.850000,0.056886,0.000006
84,mobley_4483973,-2.139860,-0.800000,1.339860,0.003376
84,mobley_9913368,-1.682789,-0.780000,0.902789,0.001533
84,mobley_1449384,-0.713517,-0.680000,0.033517,0.000002
84,mobley_7708038,-0.841004,-0.560000,0.281004,0.000148
84,mobley_8311321,-0.228350,-0.500000,0.271650,0.000139
84,mobley_766666,-0.730403,-0.440000,0.290403,0.000159
84,mobley_5445548,-0.656163,-0.300000,0.356163,0.000239
84,mobley_9029594,-0.767919,-0.220000,0.547919,0.000565
84,mobley_3370989,-2.850060,-0.110000,2.740060,0.014118
84,mobley_627267,-0.588899,-0.030000,0.558899,0.000587
84,mobley_6250025,0.143396,0.080000,0.063396,0.000008
84,mobley_4252724,-0.735730,0.160000,0.895730,0.001509
84,mobley_7157427,0.341484,0.290000,0.051484,0.000005
84,mobley_8885088,-0.405883,0.560000,0.965883,0.001754
84,mobley_8522124,0.651506,0.710000,0.058494,0.000006
84,mobley_4678740,-0.956588,1.070000,2.026588,0.007723
84,mobley_2689721,0.866571,1.230000,0.363429,0.000248
84,mobley_1662128,1.252358,1.380000,0.127642,0.000031
84,mobley_4762983,1.818614,1.660000,0.158614,0.000047
84,mobley_7732703,0.963050,1.790000,0.826950,0.001286
84,mobley_2068538,1.548002,2.000000,0.451998,0.000384
84,mobley_5157661,1.895200,2.300000,0.404800,0.000308
84,mobley_1261349,2.415573,2.510000,0.094427,0.000017
84,mobley_2328633,1.985930,2.550000,0.564070,0.000598
84,mobley_8436428,2.771302,2.830000,0.058698,0.000006
84,mobley_3060426,3.203482,2.930000,0.273482,0.000141
84,mobley_2197088,3.195172,3.160000,0.035172,0.000002
85,mobley_9534740,-22.744139,-25.469999,2.725861,0.013972
85,mobley_6239320,-19.876617,-18.059999,1.816618,0.006206
85,mobley_7794077,-13.925022,-15.460000,1.534978,0.004431
85,mobley_7415647,-13.201589,-11.950000,1.251589,0.002946
85,mobley_1728386,-10.788602,-11.000000,0.211398,0.000084
85,mobley_2269032,-9.509392,-10.210000,0.700608,0.000923
85,mobley_2913224,-7.140569,-9.940000,2.799431,0.014737
85,mobley_2659552,-9.784374,-9.760000,0.024374,0.000001
85,mobley_7176290,-9.256668,-9.620000,0.363332,0.000248
85,mobley_2295058,-9.162440,-9.510000,0.347560,0.000227
85,mobley_6055410,-10.135382,-9.400000,0.735382,0.001017
85,mobley_4639255,-10.143064,-9.300000,0.843064,0.001337
85,mobley_1417007,-4.330632,-9.010000,4.679368,0.041175
85,mobley_6115639,-10.770978,-8.700000,2.070978,0.008065
85,mobley_6353617,-7.694138,-8.260000,0.565862,0.000602
85,mobley_2725215,-8.962634,-7.980000,0.982634,0.001816
85,mobley_7039935,-7.092745,-7.670000,0.577255,0.000627
85,mobley_4059279,-6.760924,-7.580000,0.819076,0.001262
85,mobley_951560,-9.468241,-7.400000,2.068241,0.008044
85,mobley_1922649,-9.681376,-7.190000,2.491375,0.011672
85,mobley_8798016,-7.438628,-7.000000,0.438628,0.000362
85,mobley_1858644,-7.342668,-6.790000,0.552668,0.000574
85,mobley_9114381,-5.627157,-6.720000,1.092843,0.002246
85,mobley_5311804,-5.895504,-6.620000,0.724496,0.000987
85,mobley_6743808,-6.019444,-6.500000,0.480556,0.000434
85,mobley_8789864,-5.946027,-6.400000,0.453973,0.000388
85,mobley_7009711,-5.922237,-6.270000,0.347763,0.000227
85,mobley_8789465,-4.928782,-6.200000,1.271218,0.003039
85,mobley_2923700,-6.125139,-6.130000,0.004861,0.000000
85,mobley_4780078,-5.726732,-6.010000,0.283268,0.000151
85,mobley_5467162,-5.616756,-5.910000,0.293243,0.000162
85,mobley_6257907,-5.720737,-5.820000,0.099263,0.000019
85,mobley_7913234,-6.014364,-5.730000,0.284364,0.000152
85,mobley_5518547,-5.823441,-5.570000,0.253441,0.000121
85,mobley_4883284,-5.970862,-5.490000,0.480862,0.000435
85,mobley_5220185,-5.059567,-5.450000,0.390432,0.000287
85,mobley_3359593,-5.569758,-5.260000,0.309758,0.000180
85,mobley_4683624,-5.927709,-5.210000,0.717709,0.000969
85,mobley_1636752,-3.733499,-5.100000,1.366501,0.003511
85,mobley_2310185,-4.830321,-5.000000,0.169679,0.000054
85,mobley_3682850,-4.324583,-4.910000,0.585417,0.000644
85,mobley_1363784,-4.654493,-4.840000,0.185507,0.000065
85,mobley_2837389,-4.259498,-4.780000,0.520502,0.000509
85,mobley_9507933,-4.767448,-4.720000,0.047448,0.000004
85,mobley_296847,-4.887147,-4.690000,0.197147,0.000073
85,mobley_8208692,-2.999274,-4.610000,1.610726,0.004879
85,mobley_4884177,-4.430298,-4.590000,0.159702,0.000048
85,mobley_6714389,-3.776582,-4.550000,0.773418,0.001125
85,mobley_2245668,-4.508048,-4.500000,0.008048,0.000000
85,mobley_5973402,-4.593461,-4.420000,0.173461,0.000057
85,mobley_3546460,-4.421909,-4.400000,0.021909,0.000001
85,mobley_8311303,-4.251443,-4.380000,0.128557,0.000031
85,mobley_9741965,-5.350492,-4.290000,1.060492,0.002115
85,mobley_4603202,-3.321337,-4.230000,0.908663,0.001553
85,mobley_628086,-4.098817,-4.160000,0.061183,0.000007
85,mobley_4620651,-3.815383,-4.100000,0.284617,0.000152
85,mobley_7977115,-4.283748,-4.060000,0.223748,0.000094
85,mobley_2789243,-2.860356,-4.010000,1.149644,0.002485
85,mobley_3968739,-4.096392,-3.920000,0.176392,0.000059
85,mobley_63712,-3.199455,-3.880000,0.680545,0.000871
85,mobley_1046331,-3.238141,-3.820000,0.581859,0.000637
85,mobley_1160109,-4.222687,-3.750000,0.472687,0.000420
85,mobley_4149784,-3.344034,-3.670000,0.325966,0.000200
85,mobley_397645,-4.060506,-3.640000,0.420506,0.000333
85,mobley_4690963,-4.509297,-3.540000,0.969297,0.001767
85,mobley_1967551,-3.452940,-3.500000,0.047060,0.000004
85,mobley_6733657,-5.122609,-3.440000,1.682609,0.005324
85,mobley_9565165,-3.587761,-3.350000,0.237761,0.000106
85,mobley_2487143,-3.220835,-3.280000,0.059165,0.000007
85,mobley_8449031,-2.180913,-3.220000,1.039087,0.002030
85,mobley_172879,-2.968056,-3.150000,0.181944,0.000062
85,mobley_5346580,-2.113831,-3.110000,0.996169,0.001866
85,mobley_3573480,-3.045570,-3.040000,0.005570,0.000000
85,mobley_1075836,-3.103494,-2.930000,0.173494,0.000057
85,mobley_6102880,-4.321972,-2.870000,1.451972,0.003964
85,mobley_1827204,-2.907418,-2.810000,0.097418,0.000018
85,mobley_2146331,-1.617127,-2.750000,1.132873,0.002413
85,mobley_7943327,-2.562574,-2.680000,0.117426,0.000026
85,mobley_5110043,-2.594956,-2.630000,0.035044,0.000002
85,mobley_5616693,-3.277419,-2.530000,0.747419,0.001050
85,mobley_6619554,-2.250137,-2.490000,0.239863,0.000108
85,mobley_6359156,-4.241817,-2.460000,1.781817,0.005970
85,mobley_1781152,-2.197652,-2.400000,0.202348,0.000077
85,mobley_859464,-2.629750,-2.360000,0.269750,0.000137
85,mobley_7150646,-1.040038,-2.300000,1.259962,0.002985
85,mobley_1592519,-2.505078,-2.230000,0.275078,0.000142
85,mobley_5538249,-2.246773,-2.160000,0.086773,0.000014
85,mobley_6911232,-1.615264,-2.100000,0.484735,0.000442
85,mobley_3269565,-1.392973,-2.010000,0.617027,0.000716
85,mobley_2484519,-3.019876,-1.930000,1.089876,0.002234
85,mobley_7690440,-3.419774,-1.830000,1.589774,0.004753
85,mobley_3802803,-1.669698,-1.660000,0.009698,0.000000
85,mobley_1144156,-1.421356,-1.590000,0.168644,0.000053
85,mobley_2481002,-1.134074,-1.450000,0.315926,0.000188
85,mobley_2489709,-1.213660,-1.360000,0.146340,0.000040
85,mobley_5052949,-1.500538,-1.280000,0.220538,0.000091
85,mobley_2492140,-1.346401,-1.230000,0.116401,0.000025
85,mobley_7542832,-1.247136,-1.160000,0.087136,0.000014
85,mobley_7814642,-1.910665,-1.120000,0.790665,0.001176
85,mobley_1563176,-0.958523,-0.990000,0.031477,0.000002
85,mobley_1873346,-0.930916,-0.900000,0.030916,0.000002
85,mobley_3040612,-0.698317,-0.850000,0.151683,0.000043
85,mobley_4483973,-2.087639,-0.800000,1.287639,0.003118
85,mobley_9913368,-1.666985,-0.780000,0.886985,0.001479
85,mobley_1449384,-0.609235,-0.680000,0.070765,0.000009
85,mobley_7708038,-0.792994,-0.560000,0.232994,0.000102
85,mobley_8311321,-0.179213,-0.500000,0.320787,0.000194
85,mobley_766666,-0.712132,-0.440000,0.272132,0.000139
85,mobley_5445548,-0.583649,-0.300000,0.283649,0.000151
85,mobley_9029594,-0.744525,-0.220000,0.524525,0.000517
85,mobley_3370989,-2.808550,-0.110000,2.698550,0.013694
85,mobley_627267,-0.535013,-0.030000,0.505013,0.000480
85,mobley_6250025,0.139453,0.080000,0.059453,0.000007
85,mobley_4252724,-0.671030,0.160000,0.831030,0.001299
85,mobley_7157427,0.342599,0.290000,0.052599,0.000005
85,mobley_8885088,-0.352954,0.560000,0.912954,0.001567
85,mobley_8522124,0.646814,0.710000,0.063186,0.000008
85,mobley_4678740,-0.838254,1.070000,1.908254,0.006848
85,mobley_2689721,0.870325,1.230000,0.359675,0.000243
85,mobley_1662128,1.254347,1.380000,0.125653,0.000030
85,mobley_4762983,1.785199,1.660000,0.125199,0.000029
85,mobley_7732703,1.085924,1.790000,0.704076,0.000932
85,mobley_2068538,1.551508,2.000000,0.448492,0.000378
85,mobley_5157661,1.904863,2.300000,0.395137,0.000294
85,mobley_1261349,2.434725,2.510000,0.075275,0.000011
85,mobley_2328633,1.976103,2.550000,0.573897,0.000619
85,mobley_8436428,2.777886,2.830000,0.052114,0.000005
85,mobley_3060426,3.222683,2.930000,0.292683,0.000161
85,mobley_2197088,3.149486,3.160000,0.010514,0.000000
86,mobley_9534740,-22.830446,-25.469999,2.639553,0.013102
86,mobley_6239320,-20.167585,-18.059999,2.107586,0.008353
86,mobley_7794077,-14.173345,-15.460000,1.286655,0.003113
86,mobley_7415647,-13.247763,-11.950000,1.297763,0.003167
86,mobley_1728386,-10.900337,-11.000000,0.099663,0.000019
86,mobley_2269032,-9.561787,-10.210000,0.648213,0.000790
86,mobley_2913224,-7.208428,-9.940000,2.731572,0.014031
86,mobley_2659552,-9.800036,-9.760000,0.040036,0.000003
86,mobley_7176290,-9.322826,-9.620000,0.297174,0.000166
86,mobley_2295058,-9.207407,-9.510000,0.302593,0.000172
86,mobley_6055410,-10.241594,-9.400000,0.841595,0.001332
86,mobley_4639255,-10.130573,-9.300000,0.830573,0.001297
86,mobley_1417007,-4.459152,-9.010000,4.550848,0.038945
86,mobley_6115639,-10.787763,-8.700000,2.087763,0.008196
86,mobley_6353617,-7.753541,-8.260000,0.506460,0.000482
86,mobley_2725215,-9.084986,-7.980000,1.104986,0.002296
86,mobley_7039935,-7.187598,-7.670000,0.482402,0.000438
86,mobley_4059279,-6.696792,-7.580000,0.883208,0.001467
86,mobley_951560,-9.402487,-7.400000,2.002487,0.007541
86,mobley_1922649,-9.775516,-7.190000,2.585515,0.012571
86,mobley_8798016,-7.494825,-7.000000,0.494825,0.000460
86,mobley_1858644,-7.367122,-6.790000,0.577122,0.000626
86,mobley_9114381,-5.631090,-6.720000,1.088910,0.002230
86,mobley_5311804,-5.933022,-6.620000,0.686978,0.000887
86,mobley_6743808,-6.067575,-6.500000,0.432425,0.000352
86,mobley_8789864,-5.940234,-6.400000,0.459766,0.000397
86,mobley_7009711,-5.959843,-6.270000,0.310157,0.000181
86,mobley_8789465,-4.967272,-6.200000,1.232728,0.002858
86,mobley_2923700,-6.157184,-6.130000,0.027184,0.000001
86,mobley_4780078,-5.766517,-6.010000,0.243483,0.000111
86,mobley_5467162,-5.626960,-5.910000,0.283040,0.000151
86,mobley_6257907,-5.761956,-5.820000,0.058044,0.000006
86,mobley_7913234,-5.949055,-5.730000,0.219055,0.000090
86,mobley_5518547,-5.855699,-5.570000,0.285699,0.000153
86,mobley_4883284,-6.017962,-5.490000,0.527963,0.000524
86,mobley_5220185,-5.072557,-5.450000,0.377442,0.000268
86,mobley_3359593,-5.553672,-5.260000,0.293672,0.000162
86,mobley_4683624,-5.942402,-5.210000,0.732402,0.001009
86,mobley_1636752,-3.711249,-5.100000,1.388751,0.003627
86,mobley_2310185,-4.810724,-5.000000,0.189276,0.000067
86,mobley_3682850,-4.274781,-4.910000,0.635219,0.000759
86,mobley_1363784,-4.690516,-4.840000,0.149484,0.000042
86,mobley_2837389,-4.257239,-4.780000,0.522761,0.000514
86,mobley_9507933,-4.786963,-4.720000,0.066963,0.000008
86,mobley_296847,-4.942294,-4.690000,0.252294,0.000120
86,mobley_8208692,-3.167162,-4.610000,1.442838,0.003915
86,mobley_4884177,-4.460938,-4.590000,0.129062,0.000031
86,mobley_6714389,-3.732057,-4.550000,0.817944,0.001258
86,mobley_2245668,-4.477134,-4.500000,0.022866,0.000001
86,mobley_5973402,-4.533068,-4.420000,0.113068,0.000024
86,mobley_3546460,-4.330921,-4.400000,0.069079,0.000009
86,mobley_8311303,-4.461073,-4.380000,0.081073,0.000012
86,mobley_9741965,-5.367971,-4.290000,1.077971,0.002185
86,mobley_4603202,-3.318636,-4.230000,0.911364,0.001562
86,mobley_628086,-4.174909,-4.160000,0.014909,0.000000
86,mobley_4620651,-3.766945,-4.100000,0.333055,0.000209
86,mobley_7977115,-4.196422,-4.060000,0.136422,0.000035
86,mobley_2789243,-2.888305,-4.010000,1.121696,0.002366
86,mobley_3968739,-4.117777,-3.920000,0.197777,0.000074
86,mobley_63712,-3.123658,-3.880000,0.756342,0.001076
86,mobley_1046331,-3.256470,-3.820000,0.563529,0.000597
86,mobley_1160109,-4.145146,-3.750000,0.395146,0.000294
86,mobley_4149784,-3.440105,-3.670000,0.229895,0.000099
86,mobley_397645,-4.073006,-3.640000,0.433006,0.000353
86,mobley_4690963,-4.464556,-3.540000,0.924556,0.001607
86,mobley_1967551,-3.440037,-3.500000,0.059963,0.000007
86,mobley_6733657,-5.334434,-3.440000,1.894433,0.006749
86,mobley_9565165,-3.641464,-3.350000,0.291464,0.000160
86,mobley_2487143,-3.145910,-3.280000,0.134090,0.000034
86,mobley_8449031,-2.118654,-3.220000,1.101346,0.002281
86,mobley_172879,-3.044788,-3.150000,0.105212,0.000021
86,mobley_5346580,-2.065886,-3.110000,1.044114,0.002050
86,mobley_3573480,-2.956635,-3.040000,0.083365,0.000013
86,mobley_1075836,-3.079115,-2.930000,0.149115,0.000042
86,mobley_6102880,-4.394024,-2.870000,1.524024,0.004368
86,mobley_1827204,-2.835785,-2.810000,0.025785,0.000001
86,mobley_2146331,-1.580904,-2.750000,1.169096,0.002570
86,mobley_7943327,-2.522089,-2.680000,0.157911,0.000047
86,mobley_5110043,-2.640872,-2.630000,0.010872,0.000000
86,mobley_5616693,-3.196705,-2.530000,0.666705,0.000836
86,mobley_6619554,-2.168438,-2.490000,0.321562,0.000194
86,mobley_6359156,-4.357547,-2.460000,1.897547,0.006771
86,mobley_1781152,-2.136633,-2.400000,0.263367,0.000130
86,mobley_859464,-2.578879,-2.360000,0.218879,0.000090
86,mobley_7150646,-1.046266,-2.300000,1.253734,0.002956
86,mobley_1592519,-2.411252,-2.230000,0.181252,0.000062
86,mobley_5538249,-2.354876,-2.160000,0.194876,0.000071
86,mobley_6911232,-1.568691,-2.100000,0.531309,0.000531
86,mobley_3269565,-1.342315,-2.010000,0.667685,0.000838
86,mobley_2484519,-3.081274,-1.930000,1.151274,0.002492
86,mobley_7690440,-3.409374,-1.830000,1.579374,0.004691
86,mobley_3802803,-1.608322,-1.660000,0.051678,0.000005
86,mobley_1144156,-1.376749,-1.590000,0.213251,0.000086
86,mobley_2481002,-1.158368,-1.450000,0.291632,0.000160
86,mobley_2489709,-1.235589,-1.360000,0.124411,0.000029
86,mobley_5052949,-1.412710,-1.280000,0.132710,0.000033
86,mobley_2492140,-1.377963,-1.230000,0.147963,0.000041
86,mobley_7542832,-1.178885,-1.160000,0.018885,0.000001
86,mobley_7814642,-1.979656,-1.120000,0.859656,0.001390
86,mobley_1563176,-0.876995,-0.990000,0.113005,0.000024
86,mobley_1873346,-0.946876,-0.900000,0.046876,0.000004
86,mobley_3040612,-0.710396,-0.850000,0.139604,0.000037
86,mobley_4483973,-2.114264,-0.800000,1.314264,0.003248
86,mobley_9913368,-1.668584,-0.780000,0.888584,0.001485
86,mobley_1449384,-0.599756,-0.680000,0.080244,0.000012
86,mobley_7708038,-0.758840,-0.560000,0.198840,0.000074
86,mobley_8311321,-0.205454,-0.500000,0.294546,0.000163
86,mobley_766666,-0.719923,-0.440000,0.279923,0.000147
86,mobley_5445548,-0.586561,-0.300000,0.286561,0.000154
86,mobley_9029594,-0.715422,-0.220000,0.495422,0.000462
86,mobley_3370989,-2.809954,-0.110000,2.699954,0.013708
86,mobley_627267,-0.492697,-0.030000,0.462697,0.000403
86,mobley_6250025,0.241202,0.080000,0.161202,0.000049
86,mobley_4252724,-0.653911,0.160000,0.813911,0.001246
86,mobley_7157427,0.431104,0.290000,0.141104,0.000037
86,mobley_8885088,-0.296498,0.560000,0.856498,0.001379
86,mobley_8522124,0.737938,0.710000,0.027938,0.000001
86,mobley_4678740,-0.905745,1.070000,1.975745,0.007340
86,mobley_2689721,0.938459,1.230000,0.291541,0.000160
86,mobley_1662128,1.324104,1.380000,0.055896,0.000006
86,mobley_4762983,1.915143,1.660000,0.255144,0.000122
86,mobley_7732703,0.977146,1.790000,0.812854,0.001242
86,mobley_2068538,1.591784,2.000000,0.408216,0.000313
86,mobley_5157661,1.959004,2.300000,0.340996,0.000219
86,mobley_1261349,2.518642,2.510000,0.008642,0.000000
86,mobley_2328633,2.094647,2.550000,0.455353,0.000390
86,mobley_8436428,2.857575,2.830000,0.027575,0.000001
86,mobley_3060426,3.333416,2.930000,0.403416,0.000306
86,mobley_2197088,3.280196,3.160000,0.120196,0.000027
