mol_id,atom_idx,P_seed42,P_seed123,P_seed7,P_seed2024,P_seed999
mobley_1017962,0,1.010063,1.022352,1.029505,1.015006,1.024595
mobley_1017962,1,0.817963,0.831605,0.834030,0.838558,0.841279
mobley_1017962,2,0.716291,0.726144,0.722765,0.725768,0.736166
mobley_1017962,3,0.852916,0.866657,0.874839,0.873187,0.884901
mobley_1017962,4,-0.011082,-0.009784,0.007905,-0.001268,0.005726
mobley_1017962,5,0.433255,0.433021,0.362186,0.406316,0.358905
mobley_1017962,6,-1.843945,-1.844356,-1.844608,-1.844579,-1.844500
mobley_1017962,7,-1.904671,-1.903188,-1.906744,-1.904014,-1.906190
mobley_1017962,8,0.717221,0.709307,0.715532,0.697054,0.703184
mobley_1017962,9,-0.148035,-0.147530,-0.149021,-0.147293,-0.147764
mobley_1017962,10,-0.148035,-0.147530,-0.149021,-0.147294,-0.147764
mobley_1017962,11,-0.154073,-0.153576,-0.155148,-0.153362,-0.153835
mobley_1017962,12,-0.383559,-0.381319,-0.393684,-0.386701,-0.390291
mobley_1017962,13,-0.383558,-0.381319,-0.393684,-0.386700,-0.390291
mobley_1017962,14,-0.461736,-0.459272,-0.472776,-0.465195,-0.468643
mobley_1017962,15,-0.461736,-0.459272,-0.472776,-0.465195,-0.468643
mobley_1017962,16,-0.439957,-0.437063,-0.451003,-0.442849,-0.447013
mobley_1017962,17,-0.439957,-0.437063,-0.451003,-0.442849,-0.447013
mobley_1017962,18,-0.319423,-0.317478,-0.327185,-0.321165,-0.323961
mobley_1017962,19,-0.319423,-0.317479,-0.327186,-0.321165,-0.323961
mobley_1017962,20,-0.117031,-0.116871,-0.116747,-0.116380,-0.116410
mobley_1017962,21,-0.118465,-0.118381,-0.118413,-0.117984,-0.118046
mobley_1017962,22,-0.117031,-0.116871,-0.116747,-0.116380,-0.116410
mobley_1019269,0,0.858166,0.869933,0.873028,0.859322,0.868856
mobley_1019269,1,0.561682,0.573549,0.565412,0.570985,0.568461
mobley_1019269,2,0.518846,0.522743,0.530426,0.527581,0.533169
mobley_1019269,3,0.001823,0.003302,0.000606,-0.000807,-0.002095
mobley_1019269,4,-1.800647,-1.800181,-1.799998,-1.799711,-1.800503
mobley_1019269,5,-0.152427,-0.151936,-0.153468,-0.151716,-0.152186
mobley_1019269,6,-0.146736,-0.146241,-0.147716,-0.146010,-0.146485
mobley_1019269,7,-0.146917,-0.146424,-0.147902,-0.146194,-0.146669
mobley_1019269,8,-0.365780,-0.363586,-0.375307,-0.368735,-0.372042
mobley_1019269,9,-0.367427,-0.365239,-0.376986,-0.370396,-0.373698
mobley_1019269,10,-0.460744,-0.457313,-0.474582,-0.466547,-0.470858
mobley_1019269,11,-0.474909,-0.471579,-0.489353,-0.481186,-0.485487
mobley_1019269,12,-0.222780,-0.221362,-0.226828,-0.224116,-0.225140
mobley_1019269,13,-0.216364,-0.214970,-0.220076,-0.217550,-0.218479
mobley_1019269,14,-0.115436,-0.115565,-0.114853,-0.114582,-0.115033
mobley_1034539,0,-0.033205,-0.025003,-0.039783,-0.037267,-0.040779
mobley_1034539,1,-0.030390,-0.027742,-0.027172,-0.031230,-0.028217
mobley_1034539,2,-0.399920,-0.402221,-0.399984,-0.401286,-0.399158
mobley_1034539,3,-0.380099,-0.382817,-0.380886,-0.381779,-0.380663
mobley_1034539,4,-0.044468,-0.039202,-0.058797,-0.055475,-0.060771
mobley_1034539,5,-0.379140,-0.384735,-0.370802,-0.377945,-0.369559
mobley_1034539,6,-0.311182,-0.318827,-0.300819,-0.309889,-0.299330
mobley_1034539,7,0.155983,0.166890,0.149788,0.149811,0.145201
mobley_1034539,8,-0.305854,-0.307344,-0.304129,-0.305833,-0.304804
mobley_1034539,9,-0.388329,-0.390859,-0.387735,-0.391051,-0.388348
mobley_1034539,10,-0.376290,-0.379220,-0.375025,-0.378552,-0.376145
mobley_1034539,11,-0.391925,-0.391467,-0.401744,-0.398302,-0.402262
mobley_1034539,12,-0.073999,-0.073508,-0.073844,-0.073715,-0.074301
mobley_1034539,13,-0.071827,-0.071565,-0.071433,-0.071559,-0.071721
mobley_1034539,14,-0.071840,-0.071540,-0.071430,-0.071540,-0.071720
mobley_1034539,15,-0.059629,-0.059181,-0.058775,-0.059039,-0.059131
mobley_1034539,16,-0.062257,-0.061857,-0.061504,-0.061741,-0.061865
mobley_1034539,17,-0.063565,-0.063148,-0.062796,-0.063006,-0.063139
mobley_1034539,18,-0.116552,-0.116974,-0.116561,-0.116218,-0.116387
mobley_1034539,19,-0.113383,-0.113761,-0.113243,-0.113119,-0.113212
mobley_1034539,20,-0.117261,-0.117593,-0.117167,-0.116916,-0.117068
mobley_1034539,21,-0.116981,-0.117311,-0.116873,-0.116637,-0.116786
mobley_1036761,0,0.959465,0.973411,0.995620,0.981056,0.993394
mobley_1036761,1,1.053116,1.064606,1.085323,1.072752,1.079603
mobley_1036761,2,0.640482,0.650411,0.665428,0.650448,0.670639
mobley_1036761,3,0.142497,0.137358,0.145208,0.140185,0.143012
mobley_1036761,4,0.709646,0.718497,0.737685,0.721337,0.736927
mobley_1036761,5,1.130473,1.140633,1.159381,1.148110,1.147851
mobley_1036761,6,-2.277800,-2.299773,-2.327585,-2.316303,-2.320328
mobley_1036761,7,-0.460238,-0.457270,-0.466934,-0.461027,-0.462347
mobley_1036761,8,-0.433141,-0.431657,-0.440940,-0.435442,-0.436676
mobley_1036761,9,-0.461304,-0.459438,-0.469881,-0.463653,-0.465208
mobley_1036761,10,-0.483712,-0.480687,-0.491100,-0.484741,-0.486146
mobley_1036761,11,-0.497768,-0.495614,-0.506045,-0.499863,-0.500806
mobley_1036761,12,-0.552300,-0.548600,-0.560339,-0.553426,-0.554364
mobley_1036761,13,-0.746063,-0.742920,-0.763881,-0.753859,-0.757085
mobley_1036761,14,-0.645015,-0.640655,-0.656452,-0.648183,-0.649961
mobley_1036761,15,-0.600820,-0.598151,-0.613102,-0.605347,-0.607146
mobley_1036761,16,-0.499547,-0.496641,-0.507055,-0.500666,-0.501897
mobley_1036761,17,-0.477496,-0.475726,-0.486257,-0.479933,-0.481363
mobley_1036761,18,-0.112536,-0.112546,-0.112472,-0.112162,-0.112639
mobley_1036761,19,-0.113790,-0.113681,-0.114130,-0.113511,-0.114199
mobley_1046331,0,-0.172207,-0.169600,-0.165484,-0.170101,-0.164470
mobley_1046331,1,-0.204697,-0.203316,-0.204867,-0.205580,-0.204420
mobley_1046331,2,-0.474374,-0.476980,-0.473189,-0.475820,-0.473105
mobley_1046331,3,-0.418580,-0.419570,-0.414136,-0.417690,-0.414955
mobley_1046331,4,-0.485060,-0.487720,-0.483546,-0.486264,-0.483659
mobley_1046331,5,-0.158397,-0.156278,-0.157908,-0.159001,-0.157806
mobley_1046331,6,-1.880803,-1.881400,-1.880916,-1.880246,-1.880624
mobley_1046331,7,0.569651,0.559123,0.569815,0.540227,0.563455
mobley_1046331,8,-1.825045,-1.825299,-1.823643,-1.824357,-1.823955
mobley_1046331,9,-0.111952,-0.112386,-0.111947,-0.111740,-0.111872
mobley_1046331,10,-0.113003,-0.113442,-0.113017,-0.112785,-0.112922
mobley_1046331,11,-0.122600,-0.123130,-0.123026,-0.122414,-0.122702
mobley_1046331,12,-0.123137,-0.123636,-0.123592,-0.122962,-0.123288
mobley_1046331,13,-0.113631,-0.114112,-0.113746,-0.113436,-0.113598
mobley_1046331,14,-0.124461,-0.124551,-0.123898,-0.123870,-0.124075
mobley_1075836,0,0.589037,0.584519,0.605359,0.583809,0.600690
mobley_1075836,1,0.052907,0.040063,0.069096,0.055824,0.068675
mobley_1075836,2,0.388840,0.392231,0.380605,0.377509,0.383957
mobley_1075836,3,-1.833819,-1.834240,-1.833868,-1.833959,-1.833891
mobley_1075836,4,-1.890014,-1.888747,-1.891140,-1.888981,-1.890714
mobley_1075836,5,0.719313,0.711768,0.718838,0.699363,0.706223
mobley_1075836,6,-0.131287,-0.130904,-0.131949,-0.130633,-0.131121
mobley_1075836,7,-0.131287,-0.130904,-0.131949,-0.130633,-0.131121
mobley_1075836,8,-0.131307,-0.130975,-0.131905,-0.130636,-0.131039
mobley_1075836,9,-0.221104,-0.219859,-0.226343,-0.222203,-0.224345
mobley_1075836,10,-0.221104,-0.219859,-0.226343,-0.222203,-0.224345
mobley_1075836,11,-0.118350,-0.118270,-0.118299,-0.117872,-0.117932
mobley_1075836,12,-0.116768,-0.116620,-0.116484,-0.116123,-0.116150
mobley_1075836,13,-0.116768,-0.116620,-0.116484,-0.116123,-0.116150
mobley_1079207,0,-0.046172,-0.042209,-0.040746,-0.044526,-0.041383
mobley_1079207,1,-0.081552,-0.080261,-0.079487,-0.083968,-0.080206
mobley_1079207,2,-0.313266,-0.314759,-0.311498,-0.312519,-0.311311
mobley_1079207,3,-0.086919,-0.087659,-0.088370,-0.093926,-0.089946
mobley_1079207,4,-0.313265,-0.314761,-0.311498,-0.312520,-0.311312
mobley_1079207,5,-0.081553,-0.080261,-0.079486,-0.083968,-0.080204
mobley_1079207,6,-0.052527,-0.051917,-0.051169,-0.051581,-0.051580
mobley_1079207,7,-0.052527,-0.051917,-0.051169,-0.051581,-0.051580
mobley_1079207,8,-0.112069,-0.112515,-0.112075,-0.111843,-0.111986
mobley_1079207,9,-0.112105,-0.112443,-0.111854,-0.111857,-0.111901
mobley_1079207,10,-0.114175,-0.114472,-0.113885,-0.113956,-0.113981
mobley_1079207,11,-0.112105,-0.112443,-0.111854,-0.111857,-0.111901
mobley_1107178,0,0.409123,0.401419,0.413808,0.398084,0.408285
mobley_1107178,1,-0.279796,-0.275544,-0.269234,-0.280594,-0.278524
mobley_1107178,2,-1.395824,-1.396147,-1.395802,-1.395796,-1.395907
mobley_1107178,3,-0.104611,-0.104777,-0.104328,-0.104159,-0.104180
mobley_1107178,4,-0.107360,-0.107542,-0.107170,-0.106964,-0.107003
mobley_1107178,5,-0.107360,-0.107542,-0.107170,-0.106964,-0.107003
mobley_1107178,6,-0.107463,-0.107617,-0.106906,-0.107204,-0.107228
mobley_1107178,7,-0.107463,-0.107617,-0.106906,-0.107204,-0.107228
mobley_1139153,0,1.956819,1.990933,1.997840,1.978821,1.992777
mobley_1139153,1,0.618686,0.605808,0.659544,0.634942,0.663402
mobley_1139153,2,2.098084,2.134523,2.147716,2.128442,2.139443
mobley_1139153,3,0.282914,0.295891,0.238835,0.266174,0.243579
mobley_1139153,4,0.551432,0.525505,0.635035,0.572279,0.647563
mobley_1139153,5,1.116118,1.174047,1.109408,1.110122,1.110994
mobley_1139153,6,1.301031,1.361083,1.297417,1.288741,1.304317
mobley_1139153,7,1.250327,1.311355,1.240637,1.245826,1.249711
mobley_1139153,8,-0.225824,-0.224691,-0.227501,-0.224737,-0.224763
mobley_1139153,9,-0.225990,-0.224959,-0.227530,-0.224909,-0.224846
mobley_1139153,10,-0.220072,-0.219026,-0.221666,-0.219161,-0.219098
mobley_1139153,11,-0.823254,-0.818782,-0.841164,-0.830605,-0.834362
mobley_1139153,12,-0.227855,-0.226094,-0.227633,-0.225269,-0.224515
mobley_1139153,13,-0.205870,-0.204500,-0.206238,-0.204106,-0.203730
mobley_1139153,14,-0.231317,-0.229593,-0.231332,-0.228892,-0.228190
mobley_1139153,15,-0.682395,-0.679644,-0.688219,-0.683111,-0.681420
mobley_1139153,16,-0.702080,-0.699836,-0.708949,-0.704157,-0.701956
mobley_1139153,17,-0.288299,-0.286531,-0.288685,-0.286592,-0.285161
mobley_1139153,18,-0.296461,-0.295060,-0.296698,-0.295082,-0.292912
mobley_1139153,19,-0.307690,-0.305297,-0.307088,-0.304750,-0.302883
mobley_1139153,20,-0.306713,-0.305463,-0.307846,-0.305777,-0.304058
mobley_1139153,21,-0.297542,-0.296033,-0.298998,-0.296572,-0.295433
mobley_1139153,22,-0.310653,-0.308640,-0.311444,-0.308702,-0.307385
mobley_1139153,23,-0.307413,-0.306206,-0.310107,-0.307402,-0.306540
mobley_1139153,24,-0.310446,-0.309030,-0.313256,-0.310446,-0.309630
mobley_1139153,25,-0.307468,-0.306033,-0.310262,-0.307449,-0.306673
mobley_1144156,0,0.766954,0.767708,0.808195,0.777967,0.795468
mobley_1144156,1,0.541699,0.544815,0.528836,0.530179,0.522866
mobley_1144156,2,-2.077758,-2.069468,-2.090139,-2.079461,-2.088897
mobley_1144156,3,0.541698,0.544814,0.528835,0.530179,0.522865
mobley_1144156,4,0.766953,0.767706,0.808195,0.777967,0.795467
mobley_1144156,5,-0.131586,-0.131209,-0.132163,-0.130952,-0.131290
mobley_1144156,6,-0.136236,-0.135654,-0.137040,-0.135521,-0.136096
mobley_1144156,7,-0.136236,-0.135654,-0.137040,-0.135521,-0.136096
mobley_1144156,8,-0.246296,-0.243774,-0.251154,-0.247317,-0.248977
mobley_1144156,9,-0.246296,-0.243774,-0.251154,-0.247317,-0.248977
mobley_1144156,10,-0.246295,-0.243774,-0.251154,-0.247317,-0.248978
mobley_1144156,11,-0.246295,-0.243774,-0.251154,-0.247317,-0.248977
mobley_1144156,12,-0.131586,-0.131209,-0.132164,-0.130952,-0.131290
mobley_1144156,13,-0.136236,-0.135654,-0.137040,-0.135521,-0.136096
mobley_1144156,14,-0.136236,-0.135654,-0.137040,-0.135521,-0.136096
mobley_1160109,0,0.961889,0.973503,0.955904,0.948308,0.957025
mobley_1160109,1,0.000331,-0.006571,0.017370,0.001904,0.022504
mobley_1160109,2,0.719175,0.728958,0.730245,0.721981,0.737687
mobley_1160109,3,1.097724,1.106084,1.101560,1.092766,1.107679
mobley_1160109,4,-0.213512,-0.224853,-0.208877,-0.221448,-0.202063
mobley_1160109,5,0.472622,0.468228,0.473538,0.456932,0.482859
mobley_1160109,6,0.343936,0.339832,0.321796,0.312461,0.334896
mobley_1160109,7,-1.873801,-1.873131,-1.877653,-1.875295,-1.877019
mobley_1160109,8,-0.262296,-0.262413,-0.241876,-0.250626,-0.238833
mobley_1160109,9,-0.042275,-0.000843,-0.058480,-0.036685,-0.068469
mobley_1160109,10,0.571132,0.579413,0.568282,0.559643,0.554805
mobley_1160109,11,-0.186661,-0.185921,-0.188169,-0.185767,-0.186260
mobley_1160109,12,-0.182784,-0.181930,-0.184362,-0.181921,-0.182561
mobley_1160109,13,-0.187281,-0.186530,-0.188923,-0.186473,-0.187052
mobley_1160109,14,-0.656803,-0.656032,-0.674626,-0.666066,-0.669441
mobley_1160109,15,-0.569379,-0.566620,-0.578243,-0.570983,-0.572161
mobley_1160109,16,-0.541047,-0.539221,-0.550640,-0.543610,-0.545073
mobley_1160109,17,-0.575017,-0.572559,-0.581319,-0.574917,-0.574684
mobley_1160109,18,-0.536420,-0.534320,-0.543309,-0.536600,-0.537360
mobley_1160109,19,-0.734607,-0.733858,-0.748690,-0.739193,-0.741738
mobley_1160109,20,-0.373401,-0.371678,-0.375666,-0.371287,-0.370799
mobley_1160109,21,-0.359520,-0.358196,-0.362909,-0.358428,-0.358498
mobley_1160109,22,-0.109724,-0.110037,-0.109315,-0.109440,-0.109379
mobley_1160109,23,-0.109928,-0.110179,-0.109541,-0.109622,-0.109580
mobley_1160109,24,-0.130879,-0.130380,-0.130181,-0.129124,-0.129064
mobley_1160109,25,-0.127280,-0.127121,-0.127004,-0.126273,-0.126237
mobley_1160109,26,-0.127485,-0.127318,-0.127208,-0.126473,-0.126449
mobley_1178614,0,-0.196949,-0.196335,-0.196449,-0.198358,-0.195738
mobley_1178614,1,-0.128054,-0.124315,-0.122408,-0.126307,-0.122071
mobley_1178614,2,-0.253870,-0.255055,-0.259474,-0.260477,-0.259046
mobley_1178614,3,-0.451867,-0.455864,-0.449045,-0.450710,-0.448311
mobley_1178614,4,-0.374436,-0.376525,-0.373300,-0.373989,-0.372684
mobley_1178614,5,-0.422532,-0.423535,-0.421166,-0.423374,-0.420659
mobley_1178614,6,-1.863687,-1.864065,-1.863123,-1.863486,-1.863358
mobley_1178614,7,-0.031817,-0.030748,-0.029186,-0.029766,-0.029810
mobley_1178614,8,-0.112973,-0.113409,-0.112990,-0.112765,-0.112903
mobley_1178614,9,-0.112657,-0.113107,-0.112710,-0.112450,-0.112608
mobley_1178614,10,-0.113938,-0.114309,-0.113810,-0.113682,-0.113773
mobley_1178614,11,-0.118684,-0.119194,-0.119000,-0.118515,-0.118758
mobley_1178614,12,-0.156575,-0.156735,-0.156716,-0.156143,-0.156650
mobley_1189457,0,-0.408869,-0.415045,-0.416032,-0.421330,-0.420800
mobley_1189457,1,-0.330164,-0.329795,-0.328600,-0.328540,-0.328953
mobley_1189457,2,-0.529602,-0.531954,-0.530759,-0.531311,-0.531123
mobley_1189457,3,-0.126146,-0.126089,-0.127868,-0.132229,-0.129433
mobley_1189457,4,-0.078230,-0.074239,-0.073045,-0.075788,-0.073554
mobley_1189457,5,-0.106362,-0.102753,-0.101482,-0.104241,-0.101620
mobley_1189457,6,-0.032234,-0.027554,-0.025879,-0.029311,-0.026836
mobley_1189457,7,-0.153530,-0.154013,-0.158503,-0.161083,-0.160125
mobley_1189457,8,-0.115164,-0.115473,-0.114959,-0.115146,-0.115221
mobley_1189457,9,-0.116294,-0.116583,-0.116056,-0.116183,-0.116286
mobley_1189457,10,-0.117153,-0.117433,-0.116952,-0.117081,-0.117196
mobley_1189457,11,-0.113054,-0.113345,-0.112776,-0.112802,-0.112849
mobley_1189457,12,-0.110955,-0.111366,-0.110842,-0.110703,-0.110799
mobley_1189457,13,-0.110324,-0.110722,-0.110160,-0.110078,-0.110148
mobley_1189457,14,-0.111468,-0.111910,-0.111436,-0.111228,-0.111350
mobley_1189457,15,-0.111729,-0.112025,-0.111460,-0.111458,-0.111522
mobley_1199854,0,0.627187,0.626793,0.636144,0.619378,0.630193
mobley_1199854,1,0.732890,0.728477,0.751054,0.739553,0.752014
mobley_1199854,2,-0.230066,-0.220254,-0.222958,-0.230877,-0.231211
mobley_1199854,3,-1.398382,-1.398646,-1.398355,-1.398331,-1.398530
mobley_1199854,4,-0.126307,-0.126134,-0.126735,-0.125515,-0.125797
mobley_1199854,5,-0.126441,-0.126282,-0.126938,-0.125775,-0.126064
mobley_1199854,6,-0.123654,-0.123506,-0.124043,-0.122915,-0.123185
mobley_1199854,7,-0.167423,-0.166925,-0.170676,-0.167549,-0.169046
mobley_1199854,8,-0.173787,-0.173303,-0.177247,-0.174045,-0.175566
mobley_1199854,9,-0.104426,-0.104629,-0.103965,-0.104213,-0.104243
mobley_1199854,10,-0.104567,-0.104780,-0.104123,-0.104344,-0.104366
mobley_1231151,0,0.451984,0.450197,0.450518,0.438874,0.445792
mobley_1231151,1,0.367301,0.368785,0.385819,0.385047,0.387219
mobley_1231151,2,0.451983,0.450196,0.450517,0.438872,0.445793
mobley_1231151,3,0.053913,0.054096,0.056426,0.056415,0.056237
mobley_1231151,4,-0.128091,-0.127777,-0.128357,-0.127304,-0.127544
mobley_1231151,5,-0.125271,-0.125025,-0.125541,-0.124547,-0.124778
mobley_1231151,6,-0.125348,-0.125058,-0.125562,-0.124542,-0.124772
mobley_1231151,7,-0.144786,-0.144222,-0.147038,-0.145463,-0.146101
mobley_1231151,8,-0.128091,-0.127776,-0.128357,-0.127304,-0.127544
mobley_1231151,9,-0.125348,-0.125058,-0.125562,-0.124542,-0.124772
mobley_1231151,10,-0.125271,-0.125025,-0.125541,-0.124547,-0.124778
mobley_1235151,0,1.007547,1.019766,1.026275,1.011941,1.021243
mobley_1235151,1,0.833345,0.846569,0.850550,0.855083,0.857316
mobley_1235151,2,0.625760,0.629848,0.630630,0.628143,0.641811
mobley_1235151,3,0.872879,0.900085,0.896914,0.904144,0.903053
mobley_1235151,4,1.089456,1.082860,1.117183,1.098696,1.113270
mobley_1235151,5,-1.168157,-1.202066,-1.230254,-1.248155,-1.222438
mobley_1235151,6,-1.763161,-1.763345,-1.761600,-1.762394,-1.762211
mobley_1235151,7,-1.763161,-1.763345,-1.761600,-1.762394,-1.762211
mobley_1235151,8,-0.154014,-0.153518,-0.155089,-0.153303,-0.153776
mobley_1235151,9,-0.147957,-0.147455,-0.148943,-0.147217,-0.147688
mobley_1235151,10,-0.147957,-0.147454,-0.148943,-0.147217,-0.147688
mobley_1235151,11,-0.381830,-0.379574,-0.391962,-0.384979,-0.388594
mobley_1235151,12,-0.381830,-0.379574,-0.391962,-0.384979,-0.388594
mobley_1235151,13,-0.447932,-0.445525,-0.458266,-0.451017,-0.454231
mobley_1235151,14,-0.447931,-0.445524,-0.458265,-0.451016,-0.454231
mobley_1235151,15,-0.396618,-0.394145,-0.404949,-0.398353,-0.400959
mobley_1235151,16,-0.396618,-0.394145,-0.404949,-0.398353,-0.400959
mobley_1235151,17,-0.254810,-0.252722,-0.260666,-0.256039,-0.257741
mobley_1235151,18,-0.254810,-0.252722,-0.260666,-0.256039,-0.257741
mobley_1244778,0,0.412997,0.416432,0.422779,0.416543,0.432224
mobley_1244778,1,0.593633,0.604000,0.602723,0.601441,0.608453
mobley_1244778,2,0.762290,0.773942,0.768838,0.772466,0.767476
mobley_1244778,3,0.285206,0.287780,0.288801,0.286733,0.292421
mobley_1244778,4,-0.192983,-0.195109,-0.194234,-0.194119,-0.194745
mobley_1244778,5,0.448418,0.449968,0.460199,0.456667,0.453922
mobley_1244778,6,0.634789,0.642872,0.647229,0.646209,0.656386
mobley_1244778,7,-1.927556,-1.924109,-1.933691,-1.929440,-1.933701
mobley_1244778,8,-0.412211,-0.408490,-0.415508,-0.410187,-0.410858
mobley_1244778,9,-0.385808,-0.383982,-0.389640,-0.385447,-0.385632
mobley_1244778,10,-0.459100,-0.456548,-0.465161,-0.459363,-0.459978
mobley_1244778,11,-0.472332,-0.468513,-0.477964,-0.471599,-0.472509
mobley_1244778,12,-0.509945,-0.505954,-0.516157,-0.509225,-0.510042
mobley_1244778,13,-0.501425,-0.498284,-0.508175,-0.501514,-0.502345
mobley_1244778,14,-0.526760,-0.521605,-0.532669,-0.526259,-0.526995
mobley_1244778,15,-0.508617,-0.505967,-0.515819,-0.510692,-0.510785
mobley_1244778,16,-0.582669,-0.579238,-0.593984,-0.589257,-0.589930
mobley_1244778,17,-0.487866,-0.483637,-0.494670,-0.488140,-0.488988
mobley_1244778,18,-0.489633,-0.485518,-0.496150,-0.489657,-0.490386
mobley_1244778,19,-0.399996,-0.397607,-0.405807,-0.400282,-0.401541
mobley_1244778,20,-0.461010,-0.457083,-0.466394,-0.459965,-0.461151
mobley_1244778,21,-0.128285,-0.128125,-0.128055,-0.127302,-0.128264
mobley_1261349,0,0.602175,0.643403,0.611641,0.613636,0.607462
mobley_1261349,1,0.754198,0.739478,0.825531,0.782841,0.831897
mobley_1261349,2,0.602174,0.643402,0.611639,0.613637,0.607462
mobley_1261349,3,0.602173,0.643401,0.611638,0.613635,0.607461
mobley_1261349,4,0.602171,0.643401,0.611637,0.613633,0.607462
mobley_1261349,5,-0.242476,-0.241603,-0.243954,-0.242010,-0.241268
mobley_1261349,6,-0.242477,-0.241603,-0.243954,-0.242010,-0.241268
mobley_1261349,7,-0.242476,-0.241603,-0.243954,-0.242010,-0.241268
mobley_1261349,8,-0.242476,-0.241603,-0.243953,-0.242010,-0.241268
mobley_1261349,9,-0.242476,-0.241603,-0.243953,-0.242010,-0.241268
mobley_1261349,10,-0.242476,-0.241603,-0.243953,-0.242010,-0.241268
mobley_1261349,11,-0.242476,-0.241603,-0.243953,-0.242009,-0.241268
mobley_1261349,12,-0.242476,-0.241603,-0.243953,-0.242009,-0.241268
mobley_1261349,13,-0.242476,-0.241603,-0.243953,-0.242009,-0.241268
mobley_1261349,14,-0.242476,-0.241603,-0.243953,-0.242010,-0.241268
mobley_1261349,15,-0.242476,-0.241603,-0.243953,-0.242010,-0.241268
mobley_1261349,16,-0.242476,-0.241603,-0.243953,-0.242010,-0.241268
mobley_1278715,0,-0.610797,-0.614801,-0.612955,-0.613154,-0.613680
mobley_1278715,1,-0.610796,-0.614801,-0.612956,-0.613155,-0.613680
mobley_1278715,2,-0.091232,-0.091232,-0.091371,-0.091196,-0.091550
mobley_1278715,3,-0.091232,-0.091232,-0.091371,-0.091196,-0.091550
mobley_1278715,4,-0.091232,-0.091232,-0.091372,-0.091196,-0.091550
mobley_1278715,5,-0.091232,-0.091232,-0.091371,-0.091196,-0.091550
mobley_1278715,6,-0.091232,-0.091232,-0.091371,-0.091196,-0.091550
mobley_1278715,7,-0.091232,-0.091232,-0.091371,-0.091196,-0.091550
mobley_129464,0,0.804935,0.811223,0.825577,0.806202,0.819371
mobley_129464,1,0.239952,0.240137,0.257610,0.250625,0.262448
mobley_129464,2,0.191869,0.190861,0.207210,0.201520,0.203325
mobley_129464,3,0.710030,0.710730,0.675977,0.695195,0.668610
mobley_129464,4,-2.258347,-2.248764,-2.272654,-2.261766,-2.268038
mobley_129464,5,0.610995,0.625361,0.618111,0.602306,0.606647
mobley_129464,6,0.157888,0.162954,0.165361,0.167170,0.163825
mobley_129464,7,0.621244,0.632062,0.642052,0.642195,0.646052
mobley_129464,8,0.685399,0.691995,0.699118,0.681352,0.694084
mobley_129464,9,-0.148187,-0.147507,-0.148813,-0.147237,-0.147649
mobley_129464,10,-0.151899,-0.150957,-0.152128,-0.150408,-0.150694
mobley_129464,11,-0.145307,-0.144666,-0.145576,-0.144150,-0.144338
mobley_129464,12,-0.341807,-0.339784,-0.350094,-0.344178,-0.347094
mobley_129464,13,-0.337451,-0.334814,-0.344297,-0.338756,-0.341302
mobley_129464,14,-0.383982,-0.381670,-0.392186,-0.386678,-0.388552
mobley_129464,15,-0.406710,-0.403746,-0.416003,-0.409430,-0.412103
mobley_129464,16,-0.310567,-0.307059,-0.314028,-0.310265,-0.310882
mobley_129464,17,-0.349513,-0.345385,-0.353600,-0.349361,-0.349903
mobley_129464,18,-0.355232,-0.351433,-0.359751,-0.355327,-0.355929
mobley_129464,19,-0.341253,-0.337292,-0.345611,-0.340976,-0.342054
mobley_129464,20,-0.403389,-0.400496,-0.412780,-0.406107,-0.408894
mobley_129464,21,-0.424940,-0.421910,-0.434686,-0.427860,-0.430586
mobley_129464,22,-0.334456,-0.332242,-0.342628,-0.336694,-0.339622
mobley_129464,23,-0.339582,-0.337488,-0.347697,-0.341987,-0.344694
mobley_129464,24,-0.147527,-0.146727,-0.147731,-0.146181,-0.146403
mobley_129464,25,-0.141292,-0.140717,-0.141667,-0.140315,-0.140593
mobley_129464,26,-0.141096,-0.140645,-0.141396,-0.140148,-0.140246
mobley_1323538,0,0.572265,0.572850,0.598645,0.575515,0.590522
mobley_1323538,1,0.292888,0.287845,0.297832,0.290116,0.289486
mobley_1323538,2,-1.848217,-1.848579,-1.846848,-1.846585,-1.845847
mobley_1323538,3,0.535597,0.534665,0.535167,0.535305,0.535351
mobley_1323538,4,-1.871578,-1.872563,-1.871857,-1.872255,-1.871943
mobley_1323538,5,-1.848216,-1.848579,-1.846848,-1.846585,-1.845847
mobley_1323538,6,0.292892,0.287850,0.297836,0.290118,0.289487
mobley_1323538,7,0.572253,0.572837,0.598633,0.575502,0.590510
mobley_1323538,8,-1.848216,-1.848578,-1.846847,-1.846584,-1.845846
mobley_1323538,9,0.292894,0.287850,0.297836,0.290121,0.289492
mobley_1323538,10,0.572270,0.572855,0.598653,0.575518,0.590528
mobley_1323538,11,-0.125861,-0.125601,-0.126313,-0.125225,-0.125516
mobley_1323538,12,-0.126130,-0.125804,-0.126628,-0.125436,-0.125783
mobley_1323538,13,-0.127219,-0.126880,-0.127730,-0.126516,-0.126863
mobley_1323538,14,-0.167448,-0.166418,-0.168083,-0.166289,-0.166119
mobley_1323538,15,-0.176229,-0.175157,-0.177082,-0.175078,-0.174877
mobley_1323538,16,-0.167446,-0.166417,-0.168081,-0.166287,-0.166117
mobley_1323538,17,-0.176228,-0.175157,-0.177081,-0.175077,-0.174877
mobley_1323538,18,-0.127219,-0.126881,-0.127731,-0.126516,-0.126863
mobley_1323538,19,-0.125861,-0.125601,-0.126313,-0.125225,-0.125516
mobley_1323538,20,-0.126129,-0.125803,-0.126627,-0.125436,-0.125783
mobley_1323538,21,-0.167448,-0.166419,-0.168083,-0.166289,-0.166119
mobley_1323538,22,-0.176227,-0.175155,-0.177080,-0.175076,-0.174875
mobley_1323538,23,-0.127219,-0.126880,-0.127731,-0.126516,-0.126863
mobley_1323538,24,-0.125862,-0.125602,-0.126314,-0.125225,-0.125516
mobley_1323538,25,-0.126130,-0.125804,-0.126628,-0.125436,-0.125783
mobley_1328465,0,0.070863,0.062771,0.070998,0.062250,0.066860
mobley_1328465,1,-0.229435,-0.235653,-0.228363,-0.231900,-0.230343
mobley_1328465,2,-0.061318,-0.061365,-0.061080,-0.060843,-0.061283
mobley_1328465,3,-0.058626,-0.058651,-0.058261,-0.058026,-0.058421
mobley_1328465,4,-0.033498,-0.033527,-0.032860,-0.032757,-0.033084
mobley_1328465,5,-0.107011,-0.107403,-0.106730,-0.106879,-0.106838
mobley_1328465,6,-0.104769,-0.105158,-0.104455,-0.104607,-0.104564
mobley_1328465,7,-0.107357,-0.107766,-0.107063,-0.107190,-0.107270
mobley_1328936,0,0.746776,0.743293,0.752834,0.729790,0.738011
mobley_1328936,1,-1.890164,-1.889565,-1.890646,-1.888983,-1.890045
mobley_1328936,2,0.859408,0.854715,0.810059,0.832855,0.800080
mobley_1328936,3,-1.843665,-1.844270,-1.843045,-1.843373,-1.843061
mobley_1328936,4,-0.375172,-0.372584,-0.332261,-0.358678,-0.333799
mobley_1328936,5,-0.312607,-0.310426,-0.310556,-0.313204,-0.308800
mobley_1328936,6,-0.042038,-0.030443,-0.033102,-0.032317,-0.034900
mobley_1328936,7,-0.228551,-0.233348,-0.217396,-0.222619,-0.215627
mobley_1328936,8,0.031522,0.043708,0.041368,0.041511,0.039233
mobley_1328936,9,-0.146855,-0.145934,-0.152314,-0.150807,-0.150404
mobley_1328936,10,-0.901096,-0.917858,-0.918810,-0.941595,-0.928202
mobley_1328936,11,-1.777744,-1.778073,-1.776286,-1.777190,-1.776835
mobley_1328936,12,-1.777675,-1.778002,-1.776213,-1.777118,-1.776764
mobley_1328936,13,-0.118141,-0.118011,-0.117885,-0.117498,-0.117530
mobley_1328936,14,-0.118141,-0.118010,-0.117885,-0.117498,-0.117529
mobley_1328936,15,-0.118768,-0.118695,-0.118716,-0.118281,-0.118343
mobley_1328936,16,-0.143377,-0.143968,-0.144537,-0.143259,-0.143920
mobley_1328936,17,-0.122241,-0.122843,-0.122765,-0.122069,-0.122353
mobley_1328936,18,-0.121883,-0.122467,-0.122371,-0.121700,-0.121978
mobley_1328936,19,-0.124655,-0.125150,-0.125149,-0.124376,-0.124752
mobley_1352110,0,0.981803,0.991424,0.999972,0.982899,0.993490
mobley_1352110,1,0.930809,0.939881,0.962169,0.952779,0.965072
mobley_1352110,2,0.402220,0.415383,0.430018,0.421725,0.430978
mobley_1352110,3,-0.112075,-0.114988,-0.104350,-0.110531,-0.106518
mobley_1352110,4,-2.991722,-2.990339,-3.006934,-2.996587,-3.004772
mobley_1352110,5,0.256574,0.244553,0.238887,0.237772,0.236328
mobley_1352110,6,1.041877,1.049159,1.082850,1.049053,1.063508
mobley_1352110,7,-0.610611,-0.613743,-0.617092,-0.617978,-0.618483
mobley_1352110,8,-1.839177,-1.839620,-1.838138,-1.838977,-1.838483
mobley_1352110,9,-0.273461,-0.273550,-0.271753,-0.271335,-0.272442
mobley_1352110,10,-0.194898,-0.196209,-0.196184,-0.201212,-0.197678
mobley_1352110,11,0.740967,0.738198,0.761993,0.750330,0.763090
mobley_1352110,12,0.561405,0.563489,0.570624,0.553978,0.565093
mobley_1352110,13,-0.155801,-0.155278,-0.156912,-0.155073,-0.155556
mobley_1352110,14,-0.149666,-0.149136,-0.150679,-0.148899,-0.149391
mobley_1352110,15,-0.149575,-0.149042,-0.150554,-0.148784,-0.149267
mobley_1352110,16,-0.384199,-0.381178,-0.392465,-0.385601,-0.388533
mobley_1352110,17,-0.385277,-0.382703,-0.392476,-0.386537,-0.388471
mobley_1352110,18,-0.404096,-0.401141,-0.408706,-0.402863,-0.403654
mobley_1352110,19,-0.405590,-0.402506,-0.411394,-0.405010,-0.406342
mobley_1352110,20,-0.315691,-0.312930,-0.316944,-0.312008,-0.312473
mobley_1352110,21,-0.344812,-0.341979,-0.346968,-0.341918,-0.341914
mobley_1352110,22,-0.334878,-0.331248,-0.338840,-0.332701,-0.334263
mobley_1352110,23,-0.337510,-0.333343,-0.341232,-0.334864,-0.336288
mobley_1352110,24,-0.139278,-0.138634,-0.138927,-0.137660,-0.137630
mobley_1352110,25,-0.141990,-0.141388,-0.141924,-0.140616,-0.140731
mobley_1352110,26,-0.141046,-0.140471,-0.140981,-0.139665,-0.139753
mobley_1352110,27,-0.106175,-0.106392,-0.105833,-0.105811,-0.105762
mobley_1352110,28,-0.105263,-0.105485,-0.104935,-0.104896,-0.104855
mobley_1352110,29,-0.212785,-0.211403,-0.216914,-0.212964,-0.214974
mobley_1352110,30,-0.208906,-0.207456,-0.212716,-0.208829,-0.210791
mobley_1352110,31,-0.124147,-0.123915,-0.124313,-0.123325,-0.123521
mobley_1352110,32,-0.125807,-0.125547,-0.125941,-0.124918,-0.125107
mobley_1352110,33,-0.125972,-0.125750,-0.126274,-0.125248,-0.125471
mobley_1363784,0,0.239622,0.238556,0.232106,0.225463,0.226402
mobley_1363784,1,-0.094629,-0.095744,-0.070392,-0.079989,-0.064634
mobley_1363784,2,-0.230140,-0.213756,-0.237426,-0.227786,-0.238496
mobley_1363784,3,-0.094631,-0.095745,-0.070394,-0.079990,-0.064634
mobley_1363784,4,-0.355024,-0.352965,-0.373811,-0.370263,-0.373271
mobley_1363784,5,-2.596389,-2.597590,-2.597404,-2.596194,-2.597437
mobley_1363784,6,-0.355023,-0.352963,-0.373810,-0.370260,-0.373270
mobley_1363784,7,0.239625,0.238559,0.232107,0.225463,0.226402
mobley_1363784,8,-0.118933,-0.119010,-0.119005,-0.118163,-0.118373
mobley_1363784,9,-0.120792,-0.120853,-0.121044,-0.120141,-0.120405
mobley_1363784,10,-0.118696,-0.118789,-0.118785,-0.117946,-0.118157
mobley_1363784,11,-0.125088,-0.125978,-0.126013,-0.125005,-0.125288
mobley_1363784,12,-0.118751,-0.119070,-0.118629,-0.118491,-0.118611
mobley_1363784,13,-0.118751,-0.119070,-0.118629,-0.118491,-0.118611
mobley_1363784,14,-0.120792,-0.120853,-0.121043,-0.120141,-0.120404
mobley_1363784,15,-0.118696,-0.118789,-0.118784,-0.117946,-0.118157
mobley_1363784,16,-0.118933,-0.119010,-0.119005,-0.118163,-0.118373
mobley_1396156,0,0.488281,0.486003,0.509883,0.496850,0.506597
mobley_1396156,1,-0.232177,-0.227292,-0.228290,-0.229914,-0.231351
mobley_1396156,2,-0.360167,-0.363075,-0.358627,-0.362714,-0.359812
mobley_1396156,3,-0.325706,-0.327993,-0.322228,-0.327639,-0.323567
mobley_1396156,4,-0.360164,-0.363072,-0.358623,-0.362712,-0.359809
mobley_1396156,5,-0.232175,-0.227292,-0.228290,-0.229913,-0.231350
mobley_1396156,6,-0.066160,-0.065641,-0.065564,-0.065679,-0.065997
mobley_1396156,7,-0.070079,-0.069770,-0.069645,-0.069773,-0.069946
mobley_1396156,8,-0.070290,-0.069987,-0.069832,-0.069958,-0.070114
mobley_1396156,9,-0.070080,-0.069770,-0.069645,-0.069773,-0.069946
mobley_1396156,10,-0.066160,-0.065642,-0.065565,-0.065679,-0.065997
mobley_1396156,11,-1.001322,-1.017558,-1.017330,-1.049593,-1.028883
mobley_1396156,12,-1.769444,-1.769576,-1.768023,-1.768799,-1.768568
mobley_1396156,13,-1.769444,-1.769576,-1.768023,-1.768798,-1.768568
mobley_1417007,0,0.471264,0.477833,0.465797,0.457514,0.458326
mobley_1417007,1,0.003846,0.011617,0.022242,0.008296,0.027469
mobley_1417007,2,0.007565,0.015428,0.026216,0.012162,0.031370
mobley_1417007,3,0.434816,0.440548,0.429286,0.421226,0.423263
mobley_1417007,4,-0.130280,-0.138249,-0.123458,-0.130628,-0.118694
mobley_1417007,5,-0.106722,-0.115473,-0.099007,-0.107338,-0.094135
mobley_1417007,6,-0.105427,-0.112490,-0.149757,-0.140786,-0.144861
mobley_1417007,7,-1.840898,-1.840948,-1.840687,-1.840573,-1.840822
mobley_1417007,8,-2.646792,-2.649872,-2.650861,-2.648545,-2.649248
mobley_1417007,9,-0.163058,-0.170250,-0.203213,-0.195076,-0.197432
mobley_1417007,10,-1.841155,-1.841204,-1.840862,-1.840790,-1.841009
mobley_1417007,11,-0.370469,-0.370574,-0.369927,-0.370074,-0.370126
mobley_1417007,12,-0.750714,-0.753183,-0.753566,-0.753289,-0.754372
mobley_1417007,13,-0.101795,-0.101873,-0.102134,-0.101908,-0.102304
mobley_1417007,14,-0.102207,-0.102286,-0.102524,-0.102306,-0.102681
mobley_1417007,15,-0.098833,-0.098888,-0.098910,-0.098798,-0.099031
mobley_1417007,16,-0.286021,-0.285600,-0.289707,-0.285512,-0.286357
mobley_1417007,17,-0.281732,-0.281099,-0.284910,-0.280780,-0.281604
mobley_1417007,18,-0.129287,-0.129853,-0.130287,-0.129359,-0.129639
mobley_1417007,19,-0.129303,-0.129866,-0.130302,-0.129371,-0.129654
mobley_1417007,20,-0.279696,-0.279052,-0.282797,-0.278700,-0.279503
mobley_1417007,21,-0.283936,-0.283517,-0.287601,-0.283429,-0.284279
mobley_1417007,22,-0.935812,-0.935628,-0.961080,-0.945721,-0.952112
mobley_1417007,23,-0.952698,-0.952458,-0.978874,-0.962871,-0.969685
mobley_1424265,0,0.324194,0.323927,0.320264,0.311494,0.313745
mobley_1424265,1,-0.194824,-0.196790,-0.175921,-0.185783,-0.172149
mobley_1424265,2,-0.258543,-0.251922,-0.263347,-0.262160,-0.260636
mobley_1424265,3,-0.184557,-0.181413,-0.187844,-0.186175,-0.187142
mobley_1424265,4,-0.258543,-0.251922,-0.263347,-0.262161,-0.260635
mobley_1424265,5,-0.194824,-0.196790,-0.175921,-0.185784,-0.172150
mobley_1424265,6,-0.185383,-0.174381,-0.208902,-0.196342,-0.209111
mobley_1424265,7,0.324193,0.323927,0.320263,0.311496,0.313745
mobley_1424265,8,-0.121394,-0.121425,-0.121660,-0.120744,-0.121024
mobley_1424265,9,-0.119329,-0.119390,-0.119417,-0.118571,-0.118792
mobley_1424265,10,-0.119134,-0.119206,-0.119226,-0.118385,-0.118604
mobley_1424265,11,-0.118843,-0.119485,-0.119427,-0.118708,-0.119016
mobley_1424265,12,-0.117363,-0.117960,-0.117757,-0.117201,-0.117466
mobley_1424265,13,-0.118843,-0.119485,-0.119427,-0.118707,-0.119016
mobley_1424265,14,-0.127760,-0.128599,-0.128723,-0.127583,-0.127945
mobley_1424265,15,-0.119134,-0.119206,-0.119226,-0.118385,-0.118604
mobley_1424265,16,-0.119329,-0.119390,-0.119417,-0.118571,-0.118792
mobley_1424265,17,-0.121394,-0.121425,-0.121660,-0.120744,-0.121024
mobley_1449384,0,0.308076,0.305856,0.300879,0.293737,0.294159
mobley_1449384,1,-0.236400,-0.237075,-0.217366,-0.227088,-0.213102
mobley_1449384,2,-0.272768,-0.267340,-0.280233,-0.276613,-0.278753
mobley_1449384,3,-0.062450,-0.058298,-0.083948,-0.074463,-0.080325
mobley_1449384,4,-0.455738,-0.459657,-0.455863,-0.457600,-0.452186
mobley_1449384,5,-0.094075,-0.091498,-0.126608,-0.113431,-0.126915
mobley_1449384,6,-0.263946,-0.259775,-0.272462,-0.269265,-0.270832
mobley_1449384,7,0.271753,0.260176,0.308442,0.289268,0.311614
mobley_1449384,8,0.837932,0.860976,0.845155,0.833014,0.841372
mobley_1449384,9,0.836778,0.859790,0.843960,0.831845,0.840255
mobley_1449384,10,-0.118785,-0.118848,-0.118869,-0.118037,-0.118260
mobley_1449384,11,-0.120917,-0.120948,-0.121170,-0.120272,-0.120550
mobley_1449384,12,-0.118822,-0.118885,-0.118906,-0.118075,-0.118299
mobley_1449384,13,-0.122354,-0.123092,-0.123062,-0.122213,-0.122520
mobley_1449384,14,-0.138254,-0.139063,-0.139421,-0.137910,-0.138334
mobley_1449384,15,-0.130024,-0.130521,-0.130553,-0.129542,-0.129900
mobley_1449384,16,-0.125177,-0.126003,-0.126080,-0.125077,-0.125426
mobley_1449384,17,-0.583607,-0.582259,-0.602455,-0.591361,-0.597902
mobley_1449384,18,-0.158743,-0.158330,-0.158981,-0.157568,-0.157474
mobley_1449384,19,-0.156200,-0.155654,-0.156282,-0.154748,-0.154708
mobley_1449384,20,-0.158469,-0.157996,-0.158814,-0.157275,-0.157336
mobley_1449384,21,-0.158950,-0.158536,-0.159202,-0.157781,-0.157695
mobley_1449384,22,-0.156460,-0.155914,-0.156559,-0.155016,-0.154984
mobley_1449384,23,-0.158587,-0.158114,-0.158945,-0.157399,-0.157467
mobley_1469079,0,-0.216265,-0.215893,-0.209587,-0.214663,-0.207889
mobley_1469079,1,-0.216272,-0.215898,-0.209593,-0.214668,-0.207895
mobley_1469079,2,-0.240213,-0.232426,-0.230274,-0.235176,-0.230905
mobley_1469079,3,1.015170,1.006519,1.045158,1.009977,1.028876
mobley_1469079,4,1.015167,1.006514,1.045153,1.009977,1.028875
mobley_1469079,5,-0.240206,-0.232419,-0.230267,-0.235168,-0.230898
mobley_1469079,6,-2.151692,-2.151923,-2.163892,-2.153703,-2.161018
mobley_1469079,7,1.208248,1.206790,1.249447,1.208567,1.228974
mobley_1469079,8,-0.185136,-0.176065,-0.182083,-0.185755,-0.184784
mobley_1469079,9,-0.461755,-0.466519,-0.464421,-0.465747,-0.463068
mobley_1469079,10,-0.461757,-0.466520,-0.464422,-0.465748,-0.463069
mobley_1469079,11,-0.185140,-0.176070,-0.182088,-0.185760,-0.184788
mobley_1469079,12,1.208242,1.206781,1.249440,1.208564,1.228968
mobley_1469079,13,-2.151691,-2.151922,-2.163891,-2.153702,-2.161017
mobley_1469079,14,-0.063419,-0.063062,-0.062739,-0.062959,-0.063087
mobley_1469079,15,-0.063419,-0.063062,-0.062739,-0.062959,-0.063087
mobley_1469079,16,-0.114562,-0.115005,-0.114647,-0.114353,-0.114526
mobley_1469079,17,-0.114562,-0.115005,-0.114647,-0.114353,-0.114526
mobley_1469079,18,-0.136031,-0.136604,-0.136884,-0.135829,-0.136369
mobley_1469079,19,-0.136031,-0.136604,-0.136884,-0.135829,-0.136369
mobley_1469079,20,-0.134134,-0.134551,-0.134650,-0.133737,-0.134225
mobley_1469079,21,-0.134134,-0.134551,-0.134650,-0.133737,-0.134226
mobley_1502181,0,0.839288,0.849862,0.854036,0.838124,0.848497
mobley_1502181,1,0.627656,0.643603,0.637463,0.644899,0.645714
mobley_1502181,2,0.475033,0.484747,0.474623,0.483453,0.486848
mobley_1502181,3,1.214122,1.225738,1.228808,1.224613,1.246282
mobley_1502181,4,0.943238,0.959961,0.963176,0.966586,0.982784
mobley_1502181,5,1.091658,1.109042,1.113681,1.116804,1.129194
mobley_1502181,6,0.437416,0.431410,0.434795,0.427653,0.440840
mobley_1502181,7,-0.041811,-0.035543,-0.046930,-0.036236,-0.038774
mobley_1502181,8,-1.845707,-1.845323,-1.848006,-1.846622,-1.847713
mobley_1502181,9,0.267193,0.262693,0.268016,0.256518,0.262436
mobley_1502181,10,-0.149282,-0.148446,-0.149489,-0.147895,-0.148131
mobley_1502181,11,-0.141167,-0.140740,-0.141438,-0.140218,-0.140279
mobley_1502181,12,-0.139334,-0.138869,-0.139632,-0.138398,-0.138582
mobley_1502181,13,-0.358325,-0.356338,-0.367043,-0.360877,-0.363839
mobley_1502181,14,-0.375632,-0.373566,-0.384761,-0.378496,-0.381455
mobley_1502181,15,-0.463080,-0.460555,-0.472906,-0.465830,-0.468591
mobley_1502181,16,-0.456444,-0.454153,-0.466365,-0.459382,-0.462113
mobley_1502181,17,-0.473904,-0.470972,-0.482137,-0.474946,-0.477358
mobley_1502181,18,-0.491681,-0.488926,-0.500073,-0.493140,-0.495005
mobley_1502181,19,-0.521235,-0.518399,-0.533915,-0.524982,-0.529205
mobley_1502181,20,-0.521658,-0.518808,-0.534435,-0.525475,-0.529724
mobley_1502181,21,-0.466277,-0.463605,-0.478042,-0.469482,-0.473839
mobley_1502181,22,-0.466915,-0.464246,-0.478675,-0.470117,-0.474462
mobley_1502181,23,-0.287823,-0.286650,-0.293897,-0.288928,-0.291094
mobley_1502181,24,-0.287775,-0.286602,-0.293853,-0.288884,-0.291052
mobley_1502181,25,-0.115429,-0.115425,-0.115507,-0.114880,-0.115051
mobley_1502181,26,-0.115431,-0.115426,-0.115508,-0.114881,-0.115052
mobley_1502181,27,-0.116986,-0.117023,-0.117077,-0.116442,-0.116607
mobley_1520842,0,0.240104,0.237081,0.231630,0.224762,0.225131
mobley_1520842,1,-0.105741,-0.103562,-0.081484,-0.089148,-0.075256
mobley_1520842,2,-0.337129,-0.336081,-0.340716,-0.339436,-0.340050
mobley_1520842,3,-0.212456,-0.213742,-0.225204,-0.224928,-0.228270
mobley_1520842,4,-2.582555,-2.583819,-2.582708,-2.582064,-2.582708
mobley_1520842,5,-0.212458,-0.213744,-0.225205,-0.224929,-0.228271
mobley_1520842,6,-0.337127,-0.336079,-0.340714,-0.339435,-0.340049
mobley_1520842,7,-0.117593,-0.117668,-0.117633,-0.116849,-0.117047
mobley_1520842,8,-0.117593,-0.117668,-0.117633,-0.116849,-0.117047
mobley_1520842,9,-0.119733,-0.119785,-0.119940,-0.119095,-0.119341
mobley_1520842,10,-0.116979,-0.117631,-0.117570,-0.116890,-0.117163
mobley_1520842,11,-0.118322,-0.118610,-0.118024,-0.118105,-0.118138
mobley_1520842,12,-0.118322,-0.118610,-0.118024,-0.118105,-0.118138
mobley_1520842,13,-0.116979,-0.117631,-0.117570,-0.116890,-0.117164
mobley_1527293,0,0.588510,0.592828,0.588505,0.574763,0.584521
mobley_1527293,1,-0.123635,-0.135629,-0.108038,-0.119232,-0.106315
mobley_1527293,2,-0.425057,-0.427932,-0.421038,-0.426030,-0.419121
mobley_1527293,3,-0.188842,-0.186057,-0.211638,-0.202413,-0.211458
mobley_1527293,4,0.103031,0.107236,0.095858,0.095987,0.094796
mobley_1527293,5,-0.438460,-0.444421,-0.434281,-0.439227,-0.432938
mobley_1527293,6,-0.375411,-0.373882,-0.382686,-0.381649,-0.381335
mobley_1527293,7,-0.127214,-0.124229,-0.140319,-0.132328,-0.136622
mobley_1527293,8,0.460876,0.460388,0.460909,0.460494,0.460917
mobley_1527293,9,-0.417877,-0.423836,-0.413000,-0.418459,-0.412201
mobley_1527293,10,0.113360,0.120685,0.108001,0.108741,0.106673
mobley_1527293,11,-0.125152,-0.121549,-0.122520,-0.123875,-0.122455
mobley_1527293,12,-0.126613,-0.122261,-0.120934,-0.124502,-0.120050
mobley_1527293,13,-0.131418,-0.127740,-0.128871,-0.130065,-0.128823
mobley_1527293,14,0.155589,0.164430,0.150740,0.152147,0.149374
mobley_1527293,15,-0.186799,-0.180693,-0.193467,-0.192788,-0.195041
mobley_1527293,16,-1.834776,-1.835101,-1.833952,-1.834295,-1.834140
mobley_1527293,17,-1.855884,-1.856585,-1.854861,-1.855651,-1.855127
mobley_1527293,18,-0.145411,-0.145086,-0.145550,-0.144269,-0.144299
mobley_1527293,19,-0.147410,-0.146950,-0.147682,-0.146238,-0.146472
mobley_1527293,20,-0.146702,-0.146189,-0.146777,-0.145312,-0.145448
mobley_1527293,21,-0.403392,-0.402881,-0.415405,-0.407849,-0.411975
mobley_1527293,22,-0.130440,-0.130901,-0.130851,-0.129921,-0.130292
mobley_1527293,23,-0.125656,-0.126193,-0.126086,-0.125259,-0.125659
mobley_1527293,24,-0.134625,-0.135272,-0.135449,-0.134184,-0.134662
mobley_1527293,25,-0.120721,-0.121083,-0.120855,-0.120333,-0.120652
mobley_1527293,26,-0.112947,-0.113425,-0.113013,-0.112728,-0.112888
mobley_1527293,27,-0.111603,-0.112027,-0.111552,-0.111361,-0.111487
mobley_1527293,28,-0.112928,-0.113405,-0.112995,-0.112710,-0.112869
mobley_1527293,29,-0.120636,-0.121044,-0.120833,-0.120260,-0.120582
mobley_1527293,30,-0.157825,-0.157892,-0.157402,-0.157040,-0.157336
mobley_1563176,0,0.817754,0.828416,0.827798,0.814087,0.823133
mobley_1563176,1,0.840846,0.849838,0.858219,0.857146,0.861129
mobley_1563176,2,0.807706,0.815708,0.819497,0.813776,0.821788
mobley_1563176,3,0.126307,0.125888,0.123385,0.114851,0.119433
mobley_1563176,4,-0.324122,-0.324164,-0.322642,-0.322677,-0.322942
mobley_1563176,5,-0.153636,-0.153138,-0.154747,-0.152943,-0.153439
mobley_1563176,6,-0.147567,-0.147092,-0.148606,-0.146871,-0.147364
mobley_1563176,7,-0.147536,-0.147061,-0.148575,-0.146841,-0.147333
mobley_1563176,8,-0.357750,-0.355568,-0.367313,-0.360760,-0.364270
mobley_1563176,9,-0.357206,-0.355020,-0.366780,-0.360225,-0.363747
mobley_1563176,10,-0.284615,-0.282669,-0.289520,-0.285028,-0.286811
mobley_1563176,11,-0.277700,-0.275738,-0.282434,-0.277981,-0.279785
mobley_1563176,12,-0.104100,-0.104297,-0.103851,-0.103763,-0.103695
mobley_1563176,13,-0.103178,-0.103378,-0.102897,-0.102817,-0.102747
mobley_1563176,14,-0.129621,-0.129879,-0.129682,-0.129553,-0.129900
mobley_1571523,0,0.608481,0.610091,0.601998,0.594819,0.589995
mobley_1571523,1,-0.376075,-0.379612,-0.372159,-0.375817,-0.371214
mobley_1571523,2,-0.268401,-0.262949,-0.279536,-0.276004,-0.276649
mobley_1571523,3,-0.257634,-0.256401,-0.260120,-0.260568,-0.258343
mobley_1571523,4,-0.435498,-0.435744,-0.434044,-0.437878,-0.433575
mobley_1571523,5,-0.360431,-0.360387,-0.357505,-0.362667,-0.360026
mobley_1571523,6,-0.375172,-0.379824,-0.373646,-0.374825,-0.372449
mobley_1571523,7,0.297361,0.292650,0.271751,0.271511,0.261416
mobley_1571523,8,-1.874422,-1.874868,-1.875635,-1.874799,-1.875701
mobley_1571523,9,-0.136459,-0.136235,-0.136958,-0.135505,-0.135866
mobley_1571523,10,-0.137435,-0.137092,-0.137546,-0.136018,-0.136358
mobley_1571523,11,-0.135949,-0.135729,-0.136350,-0.134922,-0.135276
mobley_1571523,12,-0.126050,-0.126869,-0.127118,-0.126034,-0.126448
mobley_1571523,13,-0.118152,-0.118706,-0.118535,-0.117978,-0.118256
mobley_1571523,14,-0.125955,-0.126600,-0.126676,-0.125884,-0.126243
mobley_1571523,15,-0.151507,-0.151125,-0.152301,-0.150570,-0.150968
mobley_1571523,16,-0.155784,-0.155173,-0.156353,-0.154396,-0.154922
mobley_1571523,17,-0.139232,-0.138799,-0.139370,-0.137895,-0.138295
mobley_1571523,18,-0.141220,-0.141167,-0.140783,-0.141660,-0.141248
mobley_1592519,0,1.010186,1.022477,1.029637,1.015134,1.024726
mobley_1592519,1,0.820901,0.834633,0.837083,0.841654,0.844353
mobley_1592519,2,0.716002,0.725752,0.722353,0.725251,0.735708
mobley_1592519,3,0.860070,0.874744,0.883431,0.881774,0.893159
mobley_1592519,4,-0.017435,-0.015510,0.003599,-0.005632,0.001543
mobley_1592519,5,0.537418,0.536198,0.444218,0.497078,0.440548
mobley_1592519,6,-1.848849,-1.849359,-1.849640,-1.849743,-1.849535
mobley_1592519,7,-1.981168,-1.976985,-1.986419,-1.980743,-1.985543
mobley_1592519,8,0.535019,0.541970,0.528286,0.523414,0.519433
mobley_1592519,9,0.239180,0.233687,0.257791,0.233906,0.251124
mobley_1592519,10,-0.148036,-0.147531,-0.149022,-0.147294,-0.147765
mobley_1592519,11,-0.148036,-0.147531,-0.149023,-0.147295,-0.147766
mobley_1592519,12,-0.154074,-0.153577,-0.155149,-0.153363,-0.153836
mobley_1592519,13,-0.383536,-0.381295,-0.393659,-0.386674,-0.390266
mobley_1592519,14,-0.383569,-0.381328,-0.393693,-0.386708,-0.390300
mobley_1592519,15,-0.461826,-0.459361,-0.472878,-0.465291,-0.468745
mobley_1592519,16,-0.462006,-0.459541,-0.473060,-0.465471,-0.468924
mobley_1592519,17,-0.442135,-0.439184,-0.453172,-0.444975,-0.449148
mobley_1592519,18,-0.441317,-0.438362,-0.452347,-0.444156,-0.448338
mobley_1592519,19,-0.328102,-0.325986,-0.335999,-0.329731,-0.332674
mobley_1592519,20,-0.334316,-0.332260,-0.342454,-0.336114,-0.339044
mobley_1592519,21,-0.205243,-0.203758,-0.208654,-0.206008,-0.206962
mobley_1592519,22,-0.190852,-0.189409,-0.192918,-0.190746,-0.191457
mobley_1592519,23,-0.135427,-0.134874,-0.135985,-0.134701,-0.135199
mobley_1592519,24,-0.137286,-0.136727,-0.137910,-0.136561,-0.137021
mobley_1592519,25,-0.133324,-0.132802,-0.133728,-0.132515,-0.132824
mobley_1615431,0,1.530444,1.544565,1.591950,1.559030,1.575209
mobley_1615431,1,-0.007393,-0.012766,0.001961,-0.001865,0.001890
mobley_1615431,2,0.746839,0.757293,0.782459,0.749980,0.767250
mobley_1615431,3,-2.597534,-2.578086,-2.631372,-2.606629,-2.627553
mobley_1615431,4,-0.007394,-0.012767,0.001959,-0.001867,0.001889
mobley_1615431,5,1.530455,1.544577,1.591959,1.559038,1.575221
mobley_1615431,6,0.746843,0.757299,0.782463,0.749983,0.767253
mobley_1615431,7,-0.172173,-0.171350,-0.173095,-0.171296,-0.171366
mobley_1615431,8,-0.183009,-0.181784,-0.184321,-0.181899,-0.182398
mobley_1615431,9,-0.187343,-0.186111,-0.188717,-0.186375,-0.186795
mobley_1615431,10,-0.595664,-0.589481,-0.609671,-0.601985,-0.605344
mobley_1615431,11,-0.202094,-0.200733,-0.203745,-0.201215,-0.201659
mobley_1615431,12,-0.198675,-0.197209,-0.199876,-0.197495,-0.197718
mobley_1615431,13,-0.199248,-0.197652,-0.200850,-0.198255,-0.198912
mobley_1615431,14,-0.595661,-0.589479,-0.609668,-0.601981,-0.605342
mobley_1615431,15,-0.187344,-0.186112,-0.188718,-0.186375,-0.186796
mobley_1615431,16,-0.183009,-0.181784,-0.184320,-0.181899,-0.182398
mobley_1615431,17,-0.172173,-0.171351,-0.173096,-0.171297,-0.171367
mobley_1615431,18,-0.198675,-0.197208,-0.199876,-0.197495,-0.197718
mobley_1615431,19,-0.202093,-0.200733,-0.203745,-0.201214,-0.201659
mobley_1615431,20,-0.199248,-0.197652,-0.200850,-0.198256,-0.198912
mobley_1636752,0,0.195485,0.187437,0.203848,0.191956,0.197078
mobley_1636752,1,-1.808880,-1.809508,-1.806664,-1.808059,-1.807054
mobley_1636752,2,-0.107593,-0.107823,-0.107239,-0.107219,-0.107169
mobley_1636752,3,-0.107594,-0.107823,-0.107239,-0.107219,-0.107169
mobley_1636752,4,-0.109849,-0.110056,-0.109541,-0.109498,-0.109454
mobley_1636752,5,-0.129039,-0.129143,-0.128424,-0.128248,-0.128524
mobley_1650157,0,0.114811,0.127043,0.118723,0.116623,0.116890
mobley_1650157,1,0.123779,0.120432,0.154382,0.140912,0.159487
mobley_1650157,2,0.114802,0.127034,0.118715,0.116614,0.116881
mobley_1650157,3,-0.000256,0.011829,-0.000005,0.000162,-0.000690
mobley_1650157,4,-2.064367,-2.057586,-2.084842,-2.074906,-2.084920
mobley_1650157,5,-0.235905,-0.234659,-0.238736,-0.236338,-0.236325
mobley_1650157,6,-0.227260,-0.225729,-0.229782,-0.227182,-0.227449
mobley_1650157,7,-0.234755,-0.233220,-0.237560,-0.234858,-0.235140
mobley_1650157,8,-0.235902,-0.234655,-0.238733,-0.236335,-0.236322
mobley_1650157,9,-0.227257,-0.225725,-0.229779,-0.227179,-0.227446
mobley_1650157,10,-0.234752,-0.233217,-0.237558,-0.234855,-0.235137
mobley_1650157,11,-0.188285,-0.187565,-0.189429,-0.187952,-0.187626
mobley_1650157,12,-0.189720,-0.188831,-0.190910,-0.189189,-0.189057
mobley_1650157,13,-0.189720,-0.188832,-0.190910,-0.189189,-0.189057
mobley_1650157,14,-0.114634,-0.114847,-0.114271,-0.113813,-0.114287
mobley_1659169,0,-0.127270,-0.132103,-0.117220,-0.123014,-0.118285
mobley_1659169,1,-0.157903,-0.159227,-0.146827,-0.156077,-0.148273
mobley_1659169,2,-2.067778,-2.061787,-2.073856,-2.066923,-2.072326
mobley_1659169,3,-0.164833,-0.165494,-0.153694,-0.162257,-0.155371
mobley_1659169,4,-0.125675,-0.130432,-0.115973,-0.121707,-0.116970
mobley_1659169,5,-2.759449,-2.758559,-2.770261,-2.762623,-2.769417
mobley_1659169,6,-0.306090,-0.303525,-0.312957,-0.307303,-0.309716
mobley_1659169,7,-0.286806,-0.284063,-0.291958,-0.287239,-0.288970
mobley_1659169,8,-0.252182,-0.250308,-0.255839,-0.253205,-0.253604
mobley_1659169,9,-0.235559,-0.233910,-0.239202,-0.236519,-0.237240
mobley_1659169,10,-0.245816,-0.243988,-0.249142,-0.246554,-0.246876
mobley_1659169,11,-0.241013,-0.239313,-0.244583,-0.241772,-0.242469
mobley_1659169,12,-0.253598,-0.251139,-0.258413,-0.253659,-0.255907
mobley_1659169,13,-0.304853,-0.302090,-0.310753,-0.305660,-0.307481
mobley_1659169,14,-0.131682,-0.131488,-0.132023,-0.131310,-0.132206
mobley_1662128,0,0.520467,0.521720,0.526314,0.511499,0.520359
mobley_1662128,1,0.571003,0.566328,0.583834,0.573092,0.582776
mobley_1662128,2,-0.041118,-0.030210,-0.036816,-0.035699,-0.035165
mobley_1662128,3,-0.268061,-0.259845,-0.271632,-0.270674,-0.276788
mobley_1662128,4,-0.126355,-0.126152,-0.126789,-0.125652,-0.125973
mobley_1662128,5,-0.126581,-0.126357,-0.126961,-0.125809,-0.126120
mobley_1662128,6,-0.127067,-0.126840,-0.127444,-0.126275,-0.126587
mobley_1662128,7,-0.185863,-0.185333,-0.189486,-0.186170,-0.187870
mobley_1662128,8,-0.192158,-0.191661,-0.196081,-0.192646,-0.194375
mobley_1662128,9,-0.107769,-0.108155,-0.107961,-0.107707,-0.107835
mobley_1662128,10,-0.114040,-0.114247,-0.113510,-0.113770,-0.113722
mobley_1662128,11,-0.113281,-0.113471,-0.112756,-0.112984,-0.112948
mobley_1674094,0,0.846994,0.858300,0.860803,0.845827,0.856485
mobley_1674094,1,0.650566,0.656981,0.663849,0.663653,0.668000
mobley_1674094,2,0.672947,0.676669,0.676937,0.677299,0.680864
mobley_1674094,3,0.610892,0.618828,0.613294,0.598464,0.606813
mobley_1674094,4,-0.371011,-0.357357,-0.374445,-0.372487,-0.375306
mobley_1674094,5,-0.680996,-0.679724,-0.675523,-0.679690,-0.677562
mobley_1674094,6,-0.147348,-0.146861,-0.148374,-0.146639,-0.147135
mobley_1674094,7,-0.153081,-0.152588,-0.154181,-0.152387,-0.152880
mobley_1674094,8,-0.147348,-0.146861,-0.148375,-0.146639,-0.147135
mobley_1674094,9,-0.358697,-0.356696,-0.368572,-0.361968,-0.365480
mobley_1674094,10,-0.358698,-0.356697,-0.368573,-0.361968,-0.365480
mobley_1674094,11,-0.326115,-0.324512,-0.333806,-0.327891,-0.330652
mobley_1674094,12,-0.326115,-0.324512,-0.333807,-0.327891,-0.330652
mobley_1674094,13,-0.137416,-0.137419,-0.138632,-0.136835,-0.137607
mobley_1674094,14,-0.137416,-0.137419,-0.138633,-0.136835,-0.137607
mobley_1674094,15,-0.148719,-0.148639,-0.148233,-0.148342,-0.148517
mobley_1708457,0,-0.049979,-0.061786,-0.056620,-0.064415,-0.064302
mobley_1708457,1,-0.041424,-0.039826,-0.034216,-0.033250,-0.033639
mobley_1708457,2,-1.829193,-1.829695,-1.829119,-1.829388,-1.829463
mobley_1708457,3,-1.829193,-1.829695,-1.829119,-1.829388,-1.829463
mobley_1708457,4,-0.049977,-0.061783,-0.056619,-0.064410,-0.064300
mobley_1708457,5,-0.110601,-0.110978,-0.110389,-0.110554,-0.110564
mobley_1708457,6,-0.111924,-0.112292,-0.111725,-0.111857,-0.111890
mobley_1708457,7,-0.111924,-0.112292,-0.111725,-0.111857,-0.111890
mobley_1708457,8,-0.111924,-0.112292,-0.111725,-0.111856,-0.111890
mobley_1708457,9,-0.110600,-0.110978,-0.110389,-0.110554,-0.110564
mobley_1708457,10,-0.111924,-0.112292,-0.111725,-0.111856,-0.111890
mobley_1717215,0,0.193300,0.184966,0.198517,0.185981,0.189483
mobley_1717215,1,-1.822740,-1.823193,-1.820529,-1.821312,-1.820535
mobley_1717215,2,0.301842,0.298633,0.333528,0.306680,0.331898
mobley_1717215,3,-1.812869,-1.813033,-1.811146,-1.811871,-1.811452
mobley_1717215,4,-0.111527,-0.111619,-0.111252,-0.111082,-0.111058
mobley_1717215,5,-0.111527,-0.111618,-0.111252,-0.111082,-0.111058
mobley_1717215,6,-0.113371,-0.113451,-0.113277,-0.113030,-0.113055
mobley_1717215,7,-0.119844,-0.120031,-0.119368,-0.119403,-0.119504
mobley_1722522,0,0.815517,0.823351,0.833615,0.817961,0.828703
mobley_1722522,1,0.748407,0.750593,0.771855,0.766829,0.773772
mobley_1722522,2,-0.139025,-0.146329,-0.132132,-0.139075,-0.132541
mobley_1722522,3,0.952974,0.953373,0.878549,0.911743,0.876907
mobley_1722522,4,-1.857666,-1.858179,-1.858955,-1.858794,-1.858735
mobley_1722522,5,-2.001401,-1.995880,-2.008729,-2.001779,-2.008055
mobley_1722522,6,0.835045,0.842797,0.811361,0.815983,0.800080
mobley_1722522,7,0.574935,0.576544,0.616844,0.587974,0.606979
mobley_1722522,8,-0.142397,-0.141945,-0.143347,-0.141723,-0.142216
mobley_1722522,9,-0.146182,-0.145741,-0.147171,-0.145521,-0.146003
mobley_1722522,10,-0.142397,-0.141946,-0.143347,-0.141723,-0.142216
mobley_1722522,11,-0.312463,-0.310209,-0.320879,-0.314675,-0.318162
mobley_1722522,12,-0.312463,-0.310208,-0.320879,-0.314675,-0.318162
mobley_1722522,13,-0.285664,-0.283975,-0.292246,-0.287164,-0.289444
mobley_1722522,14,-0.285664,-0.283975,-0.292246,-0.287164,-0.289444
mobley_1722522,15,-0.206325,-0.204524,-0.209449,-0.206632,-0.207804
mobley_1722522,16,-0.206324,-0.204523,-0.209448,-0.206631,-0.207803
mobley_1722522,17,-0.128552,-0.128212,-0.129094,-0.127960,-0.128311
mobley_1722522,18,-0.134996,-0.134456,-0.135808,-0.134344,-0.134940
mobley_1722522,19,-0.134996,-0.134455,-0.135807,-0.134344,-0.134940
mobley_1723043,0,-0.007480,-0.007222,-0.008046,-0.009105,-0.004264
mobley_1723043,1,-0.007481,-0.007221,-0.008048,-0.009105,-0.004267
mobley_1723043,2,-0.007479,-0.007222,-0.008046,-0.009103,-0.004265
mobley_1723043,3,-0.007473,-0.007214,-0.008043,-0.009102,-0.004260
mobley_1723043,4,0.489187,0.488129,0.489725,0.487431,0.487762
mobley_1723043,5,0.499728,0.498157,0.499963,0.497065,0.497125
mobley_1723043,6,0.489184,0.488126,0.489723,0.487429,0.487760
mobley_1723043,7,0.499726,0.498153,0.499961,0.497063,0.497122
mobley_1723043,8,0.489186,0.488128,0.489724,0.487430,0.487761
mobley_1723043,9,0.499725,0.498153,0.499959,0.497062,0.497121
mobley_1723043,10,0.489185,0.488127,0.489724,0.487430,0.487761
mobley_1723043,11,0.499722,0.498150,0.499957,0.497059,0.497118
mobley_1728386,0,-0.145903,-0.142913,-0.141612,-0.145305,-0.140260
mobley_1728386,1,-0.169487,-0.165825,-0.168578,-0.168523,-0.168594
mobley_1728386,2,-0.181776,-0.178766,-0.186992,-0.185645,-0.186617
mobley_1728386,3,-0.320003,-0.323721,-0.305032,-0.315083,-0.303990
mobley_1728386,4,-0.141267,-0.137679,-0.147780,-0.145691,-0.147190
mobley_1728386,5,-0.175707,-0.172753,-0.176160,-0.176006,-0.175832
mobley_1728386,6,-0.398627,-0.403729,-0.406320,-0.402038,-0.405253
mobley_1728386,7,-1.832541,-1.832607,-1.831529,-1.832027,-1.831817
mobley_1728386,8,-2.552363,-2.553079,-2.559188,-2.555234,-2.560407
mobley_1728386,9,-0.112135,-0.112557,-0.112104,-0.111902,-0.112037
mobley_1728386,10,-0.113417,-0.113907,-0.113527,-0.113205,-0.113376
mobley_1728386,11,-0.126780,-0.127467,-0.127582,-0.126630,-0.127009
mobley_1728386,12,-0.120475,-0.121026,-0.120914,-0.120236,-0.120537
mobley_1728386,13,-0.113105,-0.113568,-0.113162,-0.112886,-0.113044
mobley_1728386,14,-0.142483,-0.142289,-0.142403,-0.141878,-0.142507
mobley_1728386,15,-0.145407,-0.145324,-0.145159,-0.144917,-0.145284
mobley_172879,0,-0.216178,-0.215801,-0.209514,-0.214583,-0.207826
mobley_172879,1,-0.216178,-0.215801,-0.209515,-0.214583,-0.207826
mobley_172879,2,-0.244836,-0.237131,-0.235222,-0.239964,-0.235889
mobley_172879,3,1.026772,1.018655,1.057643,1.022187,1.041164
mobley_172879,4,1.026777,1.018660,1.057647,1.022189,1.041169
mobley_172879,5,-0.244834,-0.237129,-0.235220,-0.239964,-0.235889
mobley_172879,6,-2.149709,-2.149848,-2.161689,-2.151429,-2.158801
mobley_172879,7,1.026783,1.018668,1.057657,1.022201,1.041176
mobley_172879,8,-0.244833,-0.237129,-0.235219,-0.239963,-0.235889
mobley_172879,9,-0.216178,-0.215801,-0.209514,-0.214583,-0.207825
mobley_172879,10,-0.216178,-0.215799,-0.209513,-0.214583,-0.207825
mobley_172879,11,-0.244836,-0.237131,-0.235221,-0.239966,-0.235889
mobley_172879,12,1.026777,1.018661,1.057645,1.022191,1.041168
mobley_172879,13,-2.149709,-2.149848,-2.161689,-2.151429,-2.158800
mobley_172879,14,-0.114553,-0.114995,-0.114636,-0.114344,-0.114516
mobley_172879,15,-0.114553,-0.114995,-0.114636,-0.114344,-0.114516
mobley_172879,16,-0.136024,-0.136598,-0.136872,-0.135820,-0.136357
mobley_172879,17,-0.136024,-0.136598,-0.136872,-0.135820,-0.136357
mobley_172879,18,-0.136024,-0.136598,-0.136872,-0.135819,-0.136357
mobley_172879,19,-0.114553,-0.114995,-0.114636,-0.114344,-0.114515
mobley_172879,20,-0.114553,-0.114995,-0.114636,-0.114344,-0.114515
mobley_172879,21,-0.136024,-0.136598,-0.136872,-0.135819,-0.136357
mobley_1733799,0,-0.415474,-0.416607,-0.415124,-0.416651,-0.415051
mobley_1733799,1,-0.285353,-0.286217,-0.289698,-0.292175,-0.290536
mobley_1733799,2,-0.550252,-0.550812,-0.549464,-0.549796,-0.549598
mobley_1733799,3,-0.302308,-0.302855,-0.310612,-0.310742,-0.311150
mobley_1733799,4,-0.243709,-0.245476,-0.241471,-0.242945,-0.240999
mobley_1733799,5,-0.281100,-0.280715,-0.266122,-0.274147,-0.268972
mobley_1733799,6,-1.860127,-1.860516,-1.859746,-1.859925,-1.859961
mobley_1733799,7,-0.974355,-0.974000,-0.973653,-0.973631,-0.973854
mobley_1733799,8,-0.117343,-0.117839,-0.117603,-0.117179,-0.117407
mobley_1733799,9,-0.114493,-0.114757,-0.114146,-0.114236,-0.114256
mobley_1733799,10,-0.113863,-0.114142,-0.113532,-0.113603,-0.113626
mobley_1733799,11,-0.125315,-0.126009,-0.126690,-0.125565,-0.126122
mobley_1733799,12,-0.161430,-0.161560,-0.161688,-0.161077,-0.161627
mobley_1735893,0,1.038615,1.051034,1.060026,1.045119,1.055168
mobley_1735893,1,0.771318,0.779101,0.788953,0.789453,0.796198
mobley_1735893,2,0.750455,0.760837,0.756292,0.755253,0.766977
mobley_1735893,3,0.464298,0.464696,0.472378,0.472973,0.482029
mobley_1735893,4,-0.145404,-0.151089,-0.138618,-0.144407,-0.138112
mobley_1735893,5,-0.270737,-0.269769,-0.279885,-0.275355,-0.281602
mobley_1735893,6,-1.829833,-1.830049,-1.828931,-1.829307,-1.829120
mobley_1735893,7,-1.845943,-1.846434,-1.844373,-1.845255,-1.844710
mobley_1735893,8,-0.148276,-0.147766,-0.149266,-0.147528,-0.148001
mobley_1735893,9,-0.154407,-0.153910,-0.155493,-0.153696,-0.154169
mobley_1735893,10,-0.148016,-0.147509,-0.149012,-0.147277,-0.147754
mobley_1735893,11,-0.381352,-0.379098,-0.391514,-0.384509,-0.388141
mobley_1735893,12,-0.384728,-0.382468,-0.394872,-0.387871,-0.391468
mobley_1735893,13,-0.432447,-0.429946,-0.440011,-0.433835,-0.435523
mobley_1735893,14,-0.424772,-0.422172,-0.432667,-0.426145,-0.428402
mobley_1735893,15,-0.434433,-0.432074,-0.444485,-0.437287,-0.440381
mobley_1735893,16,-0.418077,-0.415651,-0.427835,-0.420580,-0.423929
mobley_1735893,17,-0.277491,-0.276343,-0.283671,-0.279358,-0.281161
mobley_1735893,18,-0.254317,-0.253160,-0.259438,-0.255389,-0.257138
mobley_1735893,19,-0.153568,-0.153656,-0.153193,-0.152838,-0.153173
mobley_1743409,0,0.221194,0.215482,0.239577,0.215700,0.233000
mobley_1743409,1,0.587945,0.596352,0.577911,0.574913,0.568695
mobley_1743409,2,-1.975584,-1.971235,-1.979645,-1.974308,-1.978855
mobley_1743409,3,0.656013,0.655920,0.583689,0.620084,0.577849
mobley_1743409,4,-1.867187,-1.868279,-1.867786,-1.868273,-1.867678
mobley_1743409,5,-0.185348,-0.189912,-0.177809,-0.183692,-0.178212
mobley_1743409,6,-0.199274,-0.202837,-0.193778,-0.198346,-0.194541
mobley_1743409,7,1.075171,1.075403,0.996329,1.037228,0.987136
mobley_1743409,8,-1.879348,-1.880532,-1.880555,-1.880812,-1.880284
mobley_1743409,9,-1.996471,-1.991509,-2.002583,-1.996406,-2.001844
mobley_1743409,10,0.923937,0.933259,0.895680,0.902652,0.883267
mobley_1743409,11,0.554661,0.556045,0.595533,0.566819,0.585669
mobley_1743409,12,-0.132891,-0.132380,-0.133281,-0.132088,-0.132387
mobley_1743409,13,-0.135430,-0.134882,-0.135979,-0.134701,-0.135187
mobley_1743409,14,-0.137287,-0.136730,-0.137904,-0.136559,-0.137014
mobley_1743409,15,-0.205082,-0.203609,-0.208478,-0.205840,-0.206789
mobley_1743409,16,-0.190304,-0.188880,-0.192349,-0.190188,-0.190892
mobley_1743409,17,-0.280905,-0.279033,-0.286854,-0.281728,-0.284083
mobley_1743409,18,-0.286707,-0.284947,-0.293284,-0.288180,-0.290443
mobley_1743409,19,-0.283915,-0.282233,-0.290411,-0.285465,-0.287617
mobley_1743409,20,-0.274095,-0.272278,-0.279715,-0.274844,-0.277053
mobley_1743409,21,-0.207348,-0.205556,-0.210495,-0.207672,-0.208835
mobley_1743409,22,-0.205822,-0.204041,-0.208913,-0.206109,-0.207271
mobley_1743409,23,-0.128646,-0.128305,-0.129189,-0.128054,-0.128405
mobley_1743409,24,-0.135105,-0.134562,-0.135915,-0.134447,-0.135045
mobley_1743409,25,-0.135347,-0.134802,-0.136166,-0.134693,-0.135292
mobley_1755375,0,0.009355,0.002679,-0.000674,-0.006631,-0.005100
mobley_1755375,1,-0.353033,-0.357568,-0.344327,-0.350110,-0.343844
mobley_1755375,2,-0.290539,-0.287509,-0.297171,-0.297065,-0.293966
mobley_1755375,3,-0.231562,-0.228880,-0.233662,-0.233351,-0.232418
mobley_1755375,4,-0.279762,-0.273660,-0.283642,-0.284089,-0.281230
mobley_1755375,5,-0.256631,-0.262625,-0.241952,-0.251122,-0.240644
mobley_1755375,6,-0.095745,-0.088610,-0.123027,-0.108933,-0.130205
mobley_1755375,7,-1.890239,-1.890927,-1.892925,-1.891497,-1.892735
mobley_1755375,8,0.262381,0.259816,0.248850,0.244116,0.242224
mobley_1755375,9,-0.128873,-0.128758,-0.129203,-0.128093,-0.128464
mobley_1755375,10,-0.124081,-0.123983,-0.124042,-0.123096,-0.123331
mobley_1755375,11,-0.128873,-0.128758,-0.129203,-0.128093,-0.128464
mobley_1755375,12,-0.123887,-0.124591,-0.124730,-0.123800,-0.124174
mobley_1755375,13,-0.119145,-0.119779,-0.119666,-0.119015,-0.119320
mobley_1755375,14,-0.125740,-0.126532,-0.126734,-0.125720,-0.126085
mobley_1755375,15,0.013233,0.016460,0.021408,0.015673,0.018335
mobley_1755375,16,-0.146554,-0.146193,-0.147236,-0.145470,-0.145981
mobley_1755375,17,-0.146386,-0.146036,-0.147499,-0.145663,-0.146307
mobley_1755375,18,-0.146386,-0.146036,-0.147499,-0.145663,-0.146307
mobley_1760914,0,0.239569,0.236428,0.230892,0.223160,0.224150
mobley_1760914,1,-0.124492,-0.124424,-0.107447,-0.114289,-0.102343
mobley_1760914,2,-0.122016,-0.115256,-0.127213,-0.124623,-0.126308
mobley_1760914,3,-0.114017,-0.109155,-0.113098,-0.112989,-0.113303
mobley_1760914,4,-0.115680,-0.110707,-0.110522,-0.113894,-0.109934
mobley_1760914,5,-0.110713,-0.110079,-0.112168,-0.114793,-0.112532
mobley_1760914,6,-0.464964,-0.466023,-0.471304,-0.468383,-0.470019
mobley_1760914,7,-0.057587,-0.056800,-0.056358,-0.056514,-0.056840
mobley_1760914,8,-0.112246,-0.112360,-0.111973,-0.111458,-0.111523
mobley_1760914,9,-0.115194,-0.115295,-0.115090,-0.114513,-0.114624
mobley_1760914,10,-0.115194,-0.115295,-0.115090,-0.114513,-0.114624
mobley_1760914,11,-0.117609,-0.118247,-0.118194,-0.117465,-0.117765
mobley_1760914,12,-0.112924,-0.113407,-0.113002,-0.112721,-0.112879
mobley_1760914,13,-0.112398,-0.112839,-0.112414,-0.112167,-0.112323
mobley_1760914,14,-0.113930,-0.114315,-0.113836,-0.113674,-0.113787
mobley_1770205,0,0.244549,0.234965,0.234159,0.223989,0.219984
mobley_1770205,1,-1.787109,-1.787436,-1.785086,-1.786224,-1.785749
mobley_1770205,2,0.585049,0.584783,0.584937,0.585338,0.585098
mobley_1770205,3,-0.375391,-0.375684,-0.373772,-0.374432,-0.372578
mobley_1770205,4,-1.797623,-1.798004,-1.795747,-1.796674,-1.796167
mobley_1770205,5,0.248542,0.238652,0.246349,0.234894,0.237074
mobley_1770205,6,-0.370120,-0.369871,-0.370031,-0.369566,-0.371039
mobley_1770205,7,-0.297267,-0.301163,-0.304375,-0.309691,-0.306914
mobley_1770205,8,-2.549156,-2.531011,-2.539644,-2.538635,-2.544687
mobley_1770205,9,-0.464484,-0.465588,-0.454624,-0.460926,-0.455973
mobley_1770205,10,-1.855538,-1.856213,-1.855666,-1.855560,-1.855412
mobley_1770205,11,-0.250557,-0.241288,-0.171865,-0.214214,-0.171496
mobley_1770205,12,-0.325656,-0.324824,-0.340251,-0.332888,-0.338652
mobley_1770205,13,-0.164983,-0.161072,-0.163074,-0.163280,-0.162167
mobley_1770205,14,-0.218051,-0.218027,-0.217486,-0.219539,-0.214569
mobley_1770205,15,-0.117407,-0.107577,-0.115439,-0.114761,-0.118974
mobley_1770205,16,-0.389161,-0.389881,-0.379559,-0.384784,-0.376194
mobley_1770205,17,-1.216784,-1.222204,-1.178404,-1.230564,-1.194617
mobley_1770205,18,-0.156600,-0.158714,-0.188340,-0.211430,-0.210762
mobley_1770205,19,-0.111248,-0.111374,-0.110796,-0.110719,-0.110614
mobley_1770205,20,-0.112284,-0.112409,-0.111852,-0.111763,-0.111654
mobley_1770205,21,-0.111479,-0.111642,-0.111030,-0.110970,-0.110848
mobley_1770205,22,-0.112029,-0.112232,-0.111666,-0.111622,-0.111532
mobley_1770205,23,-0.111933,-0.112102,-0.111578,-0.111504,-0.111422
mobley_1770205,24,-0.111480,-0.111710,-0.111117,-0.111073,-0.110966
mobley_1770205,25,-0.130081,-0.130200,-0.130183,-0.129865,-0.129936
mobley_1770205,26,-0.117448,-0.117756,-0.117321,-0.117356,-0.117414
mobley_1770205,27,-0.125544,-0.126191,-0.126217,-0.125306,-0.125703
mobley_1770205,28,-0.113763,-0.114239,-0.113859,-0.113540,-0.113719
mobley_1770205,29,-0.113597,-0.114046,-0.113653,-0.113368,-0.113541
mobley_1770205,30,-0.117392,-0.117900,-0.117556,-0.117135,-0.117317
mobley_1781152,0,0.673848,0.695491,0.682084,0.671362,0.686257
mobley_1781152,1,0.233751,0.206546,0.308755,0.261209,0.313524
mobley_1781152,2,0.158394,0.168191,0.167735,0.160305,0.162371
mobley_1781152,3,0.158397,0.168193,0.167738,0.160308,0.162372
mobley_1781152,4,0.058295,0.080571,-0.026198,0.001205,-0.012795
mobley_1781152,5,-1.863951,-1.864629,-1.866230,-1.865898,-1.866067
mobley_1781152,6,-1.968335,-1.966188,-1.975867,-1.971404,-1.974778
mobley_1781152,7,1.430911,1.424612,1.438742,1.409284,1.418557
mobley_1781152,8,-0.227496,-0.226564,-0.229161,-0.226981,-0.226666
mobley_1781152,9,-0.234857,-0.233667,-0.236883,-0.234384,-0.234309
mobley_1781152,10,-0.234857,-0.233666,-0.236883,-0.234383,-0.234309
mobley_1781152,11,-0.222851,-0.221777,-0.223799,-0.221680,-0.221327
mobley_1781152,12,-0.240964,-0.239883,-0.242769,-0.240248,-0.240190
mobley_1781152,13,-0.225030,-0.224053,-0.226420,-0.224341,-0.224010
mobley_1781152,14,-0.225030,-0.224052,-0.226420,-0.224340,-0.224009
mobley_1781152,15,-0.240963,-0.239882,-0.242769,-0.240247,-0.240189
mobley_1781152,16,-0.222851,-0.221777,-0.223799,-0.221680,-0.221327
mobley_1781152,17,-0.123304,-0.122950,-0.123055,-0.122467,-0.122546
mobley_1781152,18,-0.123272,-0.123068,-0.123282,-0.122673,-0.122757
mobley_1781152,19,-0.123304,-0.122950,-0.123055,-0.122467,-0.122546
mobley_1792062,0,-0.277431,-0.280399,-0.273403,-0.279579,-0.276022
mobley_1792062,1,-0.277432,-0.280400,-0.273402,-0.279578,-0.276023
mobley_1792062,2,-0.945991,-0.945744,-0.945217,-0.945019,-0.945481
mobley_1792062,3,-0.945991,-0.945744,-0.945217,-0.945019,-0.945481
mobley_1792062,4,-0.111458,-0.111732,-0.111079,-0.111218,-0.111255
mobley_1792062,5,-0.111458,-0.111732,-0.111079,-0.111218,-0.111256
mobley_1792062,6,-0.111458,-0.111732,-0.111079,-0.111218,-0.111256
mobley_1792062,7,-0.111458,-0.111732,-0.111079,-0.111218,-0.111256
mobley_1800170,0,0.487015,0.479866,0.489353,0.474962,0.483769
mobley_1800170,1,-0.032039,-0.038269,-0.030188,-0.038715,-0.035487
mobley_1800170,2,-0.334909,-0.334918,-0.333772,-0.333800,-0.334061
mobley_1800170,3,-0.111187,-0.111095,-0.111066,-0.110503,-0.110667
mobley_1800170,4,-0.111470,-0.111437,-0.111396,-0.110871,-0.111028
mobley_1800170,5,-0.112812,-0.112763,-0.112771,-0.112222,-0.112392
mobley_1800170,6,-0.101720,-0.102089,-0.101442,-0.101539,-0.101529
mobley_1800170,7,-0.102633,-0.103007,-0.102382,-0.102480,-0.102473
mobley_1800170,8,-0.131542,-0.131799,-0.131672,-0.131521,-0.131888
mobley_1803862,0,1.094269,1.104893,1.109409,1.093648,1.101351
mobley_1803862,1,0.386554,0.399971,0.385279,0.389411,0.393584
mobley_1803862,2,0.441618,0.436322,0.480420,0.461679,0.486151
mobley_1803862,3,0.678655,0.708517,0.673732,0.666824,0.673885
mobley_1803862,4,0.930140,0.964731,0.930997,0.925860,0.932781
mobley_1803862,5,-0.148923,-0.148315,-0.149398,-0.147814,-0.148081
mobley_1803862,6,-0.153520,-0.152931,-0.153992,-0.152421,-0.152557
mobley_1803862,7,-0.164949,-0.164034,-0.165419,-0.163486,-0.163758
mobley_1803862,8,-0.425649,-0.423342,-0.434679,-0.428619,-0.430846
mobley_1803862,9,-0.424599,-0.422627,-0.433844,-0.427881,-0.430003
mobley_1803862,10,-0.820816,-0.817894,-0.847716,-0.835859,-0.842542
mobley_1803862,11,-0.184129,-0.183467,-0.184659,-0.183073,-0.182691
mobley_1803862,12,-0.190742,-0.189642,-0.190903,-0.189051,-0.188764
mobley_1803862,13,-0.179646,-0.178880,-0.180048,-0.178427,-0.178204
mobley_1803862,14,-0.200771,-0.199887,-0.202403,-0.200079,-0.200297
mobley_1803862,15,-0.198741,-0.197927,-0.200499,-0.198136,-0.198410
mobley_1803862,16,-0.202568,-0.201777,-0.204282,-0.201955,-0.202155
mobley_1821184,0,0.089502,0.091561,0.082625,0.076394,0.075015
mobley_1821184,1,-0.278484,-0.279640,-0.247295,-0.263093,-0.246309
mobley_1821184,2,-0.458195,-0.460491,-0.450518,-0.456251,-0.451629
mobley_1821184,3,-2.671390,-2.674348,-2.674596,-2.672318,-2.674707
mobley_1821184,4,-0.339350,-0.340339,-0.334032,-0.337044,-0.334757
mobley_1821184,5,-0.326715,-0.313918,-0.264400,-0.298702,-0.266797
mobley_1821184,6,-0.243300,-0.240807,-0.265222,-0.254984,-0.265642
mobley_1821184,7,-0.182720,-0.180080,-0.172313,-0.178053,-0.170410
mobley_1821184,8,-0.248568,-0.247303,-0.244390,-0.246709,-0.241838
mobley_1821184,9,-0.345314,-0.336138,-0.341252,-0.342526,-0.343895
mobley_1821184,10,-0.110819,-0.110898,-0.110347,-0.109993,-0.110001
mobley_1821184,11,-0.111897,-0.112007,-0.111539,-0.111233,-0.111254
mobley_1821184,12,-0.111897,-0.112007,-0.111539,-0.111233,-0.111254
mobley_1821184,13,-0.128502,-0.129065,-0.128748,-0.128282,-0.128448
mobley_1821184,14,-0.189409,-0.189039,-0.190811,-0.188603,-0.190644
mobley_1821184,15,-0.118684,-0.119042,-0.118662,-0.118295,-0.118500
mobley_1821184,16,-0.113589,-0.114048,-0.113668,-0.113361,-0.113543
mobley_1821184,17,-0.113963,-0.114417,-0.114044,-0.113728,-0.113911
mobley_1821184,18,-0.121636,-0.122193,-0.121989,-0.121379,-0.121657
mobley_1827204,0,1.028393,1.040569,1.049388,1.034505,1.044610
mobley_1827204,1,0.760505,0.768768,0.778043,0.778796,0.785285
mobley_1827204,2,0.755527,0.764410,0.754142,0.753549,0.764059
mobley_1827204,3,0.499384,0.503196,0.501713,0.505309,0.510908
mobley_1827204,4,0.537101,0.541682,0.544676,0.541207,0.551012
mobley_1827204,5,-0.048395,-0.044961,-0.054148,-0.055154,-0.054838
mobley_1827204,6,-1.823254,-1.823032,-1.822183,-1.822723,-1.822636
mobley_1827204,7,-0.148087,-0.147576,-0.149078,-0.147340,-0.147817
mobley_1827204,8,-0.147835,-0.147327,-0.148827,-0.147093,-0.147572
mobley_1827204,9,-0.154246,-0.153747,-0.155333,-0.153535,-0.154013
mobley_1827204,10,-0.379441,-0.377196,-0.389459,-0.382532,-0.386113
mobley_1827204,11,-0.377470,-0.375224,-0.387456,-0.380541,-0.384133
mobley_1827204,12,-0.417312,-0.414946,-0.424586,-0.418358,-0.420273
mobley_1827204,13,-0.421221,-0.418986,-0.428434,-0.422417,-0.423945
mobley_1827204,14,-0.415878,-0.413715,-0.425402,-0.418383,-0.421424
mobley_1827204,15,-0.430338,-0.428229,-0.440328,-0.433177,-0.436164
mobley_1827204,16,-0.251102,-0.250215,-0.256638,-0.252487,-0.254340
mobley_1827204,17,-0.230239,-0.229433,-0.235073,-0.231179,-0.232941
mobley_1827204,18,-0.109590,-0.109791,-0.109150,-0.109205,-0.109247
mobley_1838110,0,-0.414475,-0.414865,-0.420272,-0.417940,-0.418092
mobley_1838110,1,-0.451694,-0.454234,-0.453397,-0.452587,-0.452714
mobley_1838110,2,0.449292,0.448769,0.449465,0.449320,0.449327
mobley_1838110,3,-0.079773,-0.079580,-0.079779,-0.079430,-0.079880
mobley_1838110,4,-0.079772,-0.079580,-0.079779,-0.079430,-0.079879
mobley_1838110,5,0.450819,0.450362,0.450913,0.450787,0.450847
mobley_1838110,6,0.450819,0.450362,0.450913,0.450787,0.450847
mobley_1838110,7,-0.067395,-0.066982,-0.067425,-0.066907,-0.067456
mobley_1849020,0,0.480963,0.479385,0.500911,0.480539,0.494872
mobley_1849020,1,0.289609,0.283979,0.291354,0.286905,0.287714
mobley_1849020,2,-1.792932,-1.792985,-1.790349,-1.791178,-1.790728
mobley_1849020,3,0.592210,0.591973,0.592474,0.592759,0.592526
mobley_1849020,4,-0.386748,-0.387158,-0.385268,-0.385768,-0.383827
mobley_1849020,5,-1.801331,-1.801601,-1.799365,-1.799807,-1.799576
mobley_1849020,6,0.380874,0.373171,0.388635,0.382148,0.387876
mobley_1849020,7,0.599406,0.598746,0.622890,0.600565,0.615025
mobley_1849020,8,-0.393527,-0.393688,-0.393499,-0.393244,-0.393550
mobley_1849020,9,-0.667853,-0.671277,-0.674603,-0.675493,-0.677157
mobley_1849020,10,-0.354864,-0.354608,-0.353823,-0.353793,-0.354088
mobley_1849020,11,-0.494966,-0.496466,-0.494614,-0.495455,-0.495297
mobley_1849020,12,-0.073320,-0.072675,-0.072741,-0.078566,-0.074630
mobley_1849020,13,-0.041882,-0.039708,-0.037137,-0.042509,-0.038343
mobley_1849020,14,-0.330367,-0.331511,-0.327884,-0.328625,-0.327611
mobley_1849020,15,-0.003180,-0.000403,0.001997,-0.003791,0.000318
mobley_1849020,16,-0.075522,-0.074927,-0.076527,-0.081027,-0.078419
mobley_1849020,17,-0.053894,-0.053230,-0.052493,-0.052885,-0.052918
mobley_1849020,18,-0.124623,-0.124313,-0.125071,-0.123926,-0.124266
mobley_1849020,19,-0.124864,-0.124561,-0.125308,-0.124170,-0.124504
mobley_1849020,20,-0.124536,-0.124283,-0.124947,-0.123895,-0.124181
mobley_1849020,21,-0.154191,-0.153317,-0.154500,-0.152926,-0.152804
mobley_1849020,22,-0.151065,-0.150246,-0.151370,-0.149847,-0.149725
mobley_1849020,23,-0.160038,-0.159148,-0.160684,-0.159001,-0.158959
mobley_1849020,24,-0.159363,-0.158497,-0.160066,-0.158433,-0.158413
mobley_1849020,25,-0.125202,-0.124911,-0.125675,-0.124514,-0.124841
mobley_1849020,26,-0.126047,-0.125785,-0.126526,-0.125414,-0.125714
mobley_1849020,27,-0.126286,-0.125967,-0.126760,-0.125568,-0.125902
mobley_1849020,28,-0.122664,-0.122823,-0.122617,-0.122543,-0.122930
mobley_1849020,29,-0.122937,-0.123122,-0.122979,-0.122944,-0.123331
mobley_1849020,30,-0.113422,-0.113730,-0.113158,-0.113167,-0.113211
mobley_1849020,31,-0.112180,-0.112520,-0.111917,-0.111917,-0.111957
mobley_1849020,32,-0.112257,-0.112612,-0.112031,-0.111990,-0.112045
mobley_1849020,33,-0.112327,-0.112653,-0.112093,-0.112053,-0.112118
mobley_1855337,0,0.019219,0.019566,0.022550,0.014316,0.019970
mobley_1855337,1,-0.263457,-0.263526,-0.259623,-0.260986,-0.259878
mobley_1855337,2,0.019221,0.019568,0.022552,0.014316,0.019971
mobley_1855337,3,-0.288162,-0.290141,-0.285613,-0.288905,-0.286416
mobley_1855337,4,-0.416408,-0.419805,-0.417636,-0.420214,-0.418160
mobley_1855337,5,-0.288161,-0.290141,-0.285612,-0.288906,-0.286417
mobley_1855337,6,-0.060448,-0.060016,-0.059585,-0.059842,-0.059918
mobley_1855337,7,-0.072718,-0.072411,-0.072335,-0.072430,-0.072642
mobley_1855337,8,-0.060448,-0.060016,-0.059585,-0.059842,-0.059918
mobley_1855337,9,-0.048687,-0.047971,-0.047163,-0.047639,-0.047591
mobley_1855337,10,-0.113906,-0.114216,-0.113620,-0.113689,-0.113708
mobley_1855337,11,-0.113906,-0.114216,-0.113620,-0.113689,-0.113708
mobley_1857976,0,0.104492,0.097558,0.106501,0.098351,0.103005
mobley_1857976,1,0.104491,0.097558,0.106500,0.098352,0.103005
mobley_1857976,2,-0.024485,-0.024500,-0.023596,-0.023514,-0.023787
mobley_1857976,3,-0.024485,-0.024500,-0.023596,-0.023514,-0.023787
mobley_1857976,4,-0.103918,-0.104281,-0.103605,-0.103706,-0.103659
mobley_1857976,5,-0.103918,-0.104281,-0.103605,-0.103706,-0.103659
mobley_1857976,6,-0.103918,-0.104281,-0.103605,-0.103706,-0.103659
mobley_1857976,7,-0.103918,-0.104281,-0.103605,-0.103706,-0.103659
mobley_1858644,0,-0.174110,-0.170208,-0.168914,-0.172654,-0.167258
mobley_1858644,1,-0.144135,-0.139963,-0.144151,-0.143652,-0.143729
mobley_1858644,2,-0.219782,-0.212507,-0.234259,-0.226825,-0.232275
mobley_1858644,3,-0.314171,-0.317952,-0.304268,-0.311647,-0.302745
mobley_1858644,4,-0.241222,-0.234473,-0.256933,-0.249199,-0.255157
mobley_1858644,5,-0.140271,-0.136122,-0.140133,-0.139738,-0.139720
mobley_1858644,6,0.076590,0.063720,0.082773,0.075460,0.085625
mobley_1858644,7,0.004751,0.003342,0.000975,-0.002200,-0.003007
mobley_1858644,8,-1.798332,-1.798486,-1.796532,-1.797077,-1.796982
mobley_1858644,9,-0.112405,-0.112834,-0.112402,-0.112172,-0.112320
mobley_1858644,10,-0.114053,-0.114553,-0.114194,-0.113848,-0.114027
mobley_1858644,11,-0.120757,-0.121346,-0.121241,-0.120494,-0.120748
mobley_1858644,12,-0.120773,-0.121357,-0.121248,-0.120517,-0.120771
mobley_1858644,13,-0.114125,-0.114627,-0.114273,-0.113920,-0.114102
mobley_1858644,14,-0.321015,-0.319786,-0.329283,-0.323010,-0.326071
mobley_1858644,15,-0.309893,-0.308543,-0.317586,-0.311478,-0.314507
mobley_1858644,16,-0.177388,-0.176474,-0.178922,-0.177159,-0.177437
mobley_1858644,17,-0.171943,-0.171077,-0.173250,-0.171643,-0.171860
mobley_1858644,18,-0.121213,-0.121279,-0.120686,-0.120375,-0.120866
mobley_186894,0,0.750142,0.753309,0.764360,0.745919,0.759494
mobley_186894,1,0.837017,0.833718,0.856056,0.844909,0.856065
mobley_186894,2,-0.024792,-0.025457,-0.026569,-0.034461,-0.030511
mobley_186894,3,-0.327423,-0.327428,-0.326049,-0.326061,-0.326336
mobley_186894,4,-0.141508,-0.141047,-0.142371,-0.140800,-0.141293
mobley_186894,5,-0.138535,-0.138112,-0.139392,-0.137860,-0.138358
mobley_186894,6,-0.138337,-0.137913,-0.139196,-0.137664,-0.138163
mobley_186894,7,-0.222107,-0.220521,-0.226290,-0.222410,-0.224331
mobley_186894,8,-0.216866,-0.215283,-0.220879,-0.217061,-0.218967
mobley_186894,9,-0.102802,-0.103082,-0.102569,-0.102552,-0.102511
mobley_186894,10,-0.101900,-0.102181,-0.101634,-0.101623,-0.101579
mobley_186894,11,-0.130066,-0.130322,-0.130136,-0.130000,-0.130351
mobley_1873346,0,0.275297,0.272208,0.267830,0.260443,0.261805
mobley_1873346,1,-0.164275,-0.164557,-0.145703,-0.153828,-0.141138
mobley_1873346,2,-0.253492,-0.248302,-0.262805,-0.258515,-0.261240
mobley_1873346,3,-0.152973,-0.149730,-0.154135,-0.153899,-0.153953
mobley_1873346,4,-0.155065,-0.151164,-0.150583,-0.154066,-0.149520
mobley_1873346,5,-0.152975,-0.149731,-0.154137,-0.153900,-0.153954
mobley_1873346,6,-0.253490,-0.248299,-0.262802,-0.258513,-0.261238
mobley_1873346,7,-0.120629,-0.120672,-0.120883,-0.119994,-0.120265
mobley_1873346,8,-0.118462,-0.118534,-0.118549,-0.117726,-0.117944
mobley_1873346,9,-0.118462,-0.118534,-0.118549,-0.117726,-0.117944
mobley_1873346,10,-0.116595,-0.117211,-0.117065,-0.116448,-0.116697
mobley_1873346,11,-0.113723,-0.114217,-0.113859,-0.113523,-0.113703
mobley_1873346,12,-0.112188,-0.112618,-0.112182,-0.111961,-0.112107
mobley_1873346,13,-0.113723,-0.114217,-0.113859,-0.113523,-0.113703
mobley_1873346,14,-0.116595,-0.117211,-0.117065,-0.116448,-0.116697
mobley_1875719,0,0.674747,0.674982,0.685693,0.669560,0.681283
mobley_1875719,1,0.428172,0.417895,0.443891,0.430572,0.443921
mobley_1875719,2,-0.126668,-0.118813,-0.138913,-0.130024,-0.130732
mobley_1875719,3,-1.859262,-1.858928,-1.862953,-1.861038,-1.862394
mobley_1875719,4,0.428172,0.417894,0.443893,0.430573,0.443920
mobley_1875719,5,0.674747,0.674982,0.685692,0.669558,0.681283
mobley_1875719,6,-0.133945,-0.133597,-0.134706,-0.133277,-0.133786
mobley_1875719,7,-0.137041,-0.136708,-0.137814,-0.136344,-0.136822
mobley_1875719,8,-0.133945,-0.133597,-0.134706,-0.133277,-0.133786
mobley_1875719,9,-0.223585,-0.222726,-0.228787,-0.224685,-0.226807
mobley_1875719,10,-0.223585,-0.222725,-0.228787,-0.224685,-0.226806
mobley_1875719,11,-0.223585,-0.222725,-0.228787,-0.224685,-0.226806
mobley_1875719,12,-0.223585,-0.222725,-0.228787,-0.224685,-0.226806
mobley_1875719,13,-0.133945,-0.133597,-0.134706,-0.133277,-0.133786
mobley_1875719,14,-0.137041,-0.136708,-0.137814,-0.136343,-0.136822
mobley_1875719,15,-0.133945,-0.133597,-0.134706,-0.133277,-0.133786
mobley_1881249,0,0.713357,0.720992,0.725783,0.709222,0.720125
mobley_1881249,1,0.616602,0.621509,0.630823,0.630396,0.634151
mobley_1881249,2,0.115113,0.106612,0.115506,0.107236,0.118356
mobley_1881249,3,-0.062853,-0.057656,-0.065505,-0.060127,-0.059998
mobley_1881249,4,-1.835005,-1.834730,-1.836309,-1.835498,-1.836217
mobley_1881249,5,0.285574,0.280275,0.288035,0.274875,0.282540
mobley_1881249,6,-0.137388,-0.136995,-0.137640,-0.136409,-0.136535
mobley_1881249,7,-0.137130,-0.136773,-0.137521,-0.136286,-0.136509
mobley_1881249,8,-0.140942,-0.140391,-0.141152,-0.139785,-0.139959
mobley_1881249,9,-0.307815,-0.306111,-0.315655,-0.309896,-0.312958
mobley_1881249,10,-0.323271,-0.321473,-0.331462,-0.325564,-0.328611
mobley_1881249,11,-0.258883,-0.258038,-0.263862,-0.260025,-0.261409
mobley_1881249,12,-0.235435,-0.234709,-0.239636,-0.236109,-0.237458
mobley_1881249,13,-0.117752,-0.117775,-0.117864,-0.117191,-0.117368
mobley_1881249,14,-0.115316,-0.115305,-0.115389,-0.114758,-0.114935
mobley_1881249,15,-0.116674,-0.116659,-0.116786,-0.116109,-0.116295
mobley_1893815,0,0.008027,-0.001166,0.005758,-0.003022,0.001422
mobley_1893815,1,-0.470409,-0.474936,-0.470123,-0.470832,-0.471090
mobley_1893815,2,-0.085646,-0.085668,-0.085718,-0.085482,-0.085898
mobley_1893815,3,-0.085646,-0.085668,-0.085718,-0.085482,-0.085898
mobley_1893815,4,-0.082407,-0.082409,-0.082382,-0.082128,-0.082525
mobley_1893815,5,-0.041208,-0.041244,-0.040809,-0.040678,-0.041064
mobley_1893815,6,-0.108180,-0.108572,-0.107916,-0.108084,-0.108064
mobley_1893815,7,-0.108180,-0.108572,-0.107916,-0.108084,-0.108064
mobley_1893937,0,1.026850,1.039163,1.046870,1.032492,1.042018
mobley_1893937,1,0.789673,0.803718,0.804392,0.809464,0.811982
mobley_1893937,2,0.780366,0.793222,0.782639,0.786542,0.796794
mobley_1893937,3,0.864774,0.875367,0.871877,0.874008,0.886810
mobley_1893937,4,1.054516,1.069361,1.072579,1.072099,1.078621
mobley_1893937,5,0.549240,0.552792,0.553704,0.545465,0.551387
mobley_1893937,6,0.013806,0.013773,0.015071,0.015017,0.014557
mobley_1893937,7,-0.148073,-0.147563,-0.149057,-0.147327,-0.147798
mobley_1893937,8,-0.154170,-0.153670,-0.155244,-0.153457,-0.153929
mobley_1893937,9,-0.148073,-0.147563,-0.149057,-0.147327,-0.147798
mobley_1893937,10,-0.384038,-0.381802,-0.394107,-0.387145,-0.390700
mobley_1893937,11,-0.384038,-0.381802,-0.394107,-0.387145,-0.390699
mobley_1893937,12,-0.484317,-0.481856,-0.495758,-0.487940,-0.491390
mobley_1893937,13,-0.484316,-0.481855,-0.495757,-0.487940,-0.491389
mobley_1893937,14,-0.500186,-0.497560,-0.512598,-0.504148,-0.508181
mobley_1893937,15,-0.500187,-0.497560,-0.512598,-0.504149,-0.508181
mobley_1893937,16,-0.330228,-0.328038,-0.337335,-0.331524,-0.334236
mobley_1893937,17,-0.330227,-0.328037,-0.337335,-0.331523,-0.334236
mobley_1893937,18,-0.108761,-0.108802,-0.108693,-0.108371,-0.108323
mobley_1893937,19,-0.108761,-0.108801,-0.108693,-0.108371,-0.108323
mobley_1896013,0,-0.110674,-0.117283,-0.114372,-0.132574,-0.112509
mobley_1896013,1,-0.408859,-0.418094,-0.408314,-0.417138,-0.408339
mobley_1896013,2,-0.611150,-0.622129,-0.617735,-0.627831,-0.618132
mobley_1896013,3,-0.396885,-0.410258,-0.390600,-0.405346,-0.391563
mobley_1896013,4,-0.446750,-0.459690,-0.440381,-0.451577,-0.439523
mobley_1896013,5,-2.282447,-2.273467,-2.295065,-2.287768,-2.294177
mobley_1896013,6,-1.946172,-1.945895,-1.953066,-1.950533,-1.953793
mobley_1896013,7,-2.088597,-2.081088,-2.097347,-2.095993,-2.101848
mobley_1896013,8,-2.058291,-2.053502,-2.071715,-2.065707,-2.073234
mobley_1896013,9,-1.956390,-1.952670,-1.964672,-1.959843,-1.965536
mobley_1896013,10,-0.316915,-0.313985,-0.320237,-0.317907,-0.317330
mobley_1896013,11,-0.315331,-0.312629,-0.318388,-0.315960,-0.316075
mobley_1896013,12,-0.733337,-0.728575,-0.752828,-0.746825,-0.748532
mobley_1896013,13,-1.013385,-1.007623,-1.041125,-1.035763,-1.036556
mobley_1896013,14,-1.181555,-1.173077,-1.220123,-1.211528,-1.214172
mobley_1896013,15,-0.588491,-0.583983,-0.602053,-0.599783,-0.598772
mobley_1896013,16,-0.072520,-0.078314,-0.069194,-0.080564,-0.068582
mobley_1896013,17,-0.183932,-0.184488,-0.183395,-0.184400,-0.183383
mobley_1896013,18,-0.171944,-0.171420,-0.171174,-0.169779,-0.171422
mobley_1896013,19,-0.146741,-0.146364,-0.145726,-0.144777,-0.145947
mobley_1899443,0,0.822858,0.830963,0.840229,0.822906,0.835806
mobley_1899443,1,0.941591,0.947283,0.955926,0.952515,0.954351
mobley_1899443,2,0.130494,0.124773,0.121534,0.119281,0.124515
mobley_1899443,3,-0.123887,-0.122239,-0.095224,-0.106578,-0.091924
mobley_1899443,4,-0.300787,-0.284547,-0.309557,-0.301306,-0.316926
mobley_1899443,5,0.283103,0.285482,0.271318,0.265187,0.262533
mobley_1899443,6,-0.143734,-0.143257,-0.144656,-0.143014,-0.143496
mobley_1899443,7,-0.144123,-0.143647,-0.145072,-0.143417,-0.143903
mobley_1899443,8,-0.148778,-0.148309,-0.149780,-0.148087,-0.148559
mobley_1899443,9,-0.302934,-0.300912,-0.308104,-0.302888,-0.304764
mobley_1899443,10,-0.313650,-0.311784,-0.319127,-0.313973,-0.315654
mobley_1899443,11,-0.292272,-0.291422,-0.296751,-0.292348,-0.293674
mobley_1899443,12,-0.296198,-0.295592,-0.301140,-0.296729,-0.298016
mobley_1899443,13,-0.109179,-0.109425,-0.108741,-0.108897,-0.108867
mobley_1899443,14,-0.109441,-0.109715,-0.108988,-0.109165,-0.109119
mobley_1899443,15,-0.123355,-0.123297,-0.123370,-0.122581,-0.122678
mobley_1899443,16,-0.123199,-0.123174,-0.123144,-0.122364,-0.122389
mobley_1899443,17,-0.124188,-0.124020,-0.123954,-0.123070,-0.123105
mobley_1903702,0,0.677048,0.687318,0.692174,0.673142,0.684890
mobley_1903702,1,0.345024,0.347712,0.358825,0.352274,0.361750
mobley_1903702,2,-0.017039,-0.020015,-0.009310,-0.011497,-0.007187
mobley_1903702,3,0.531246,0.542171,0.538427,0.523879,0.535141
mobley_1903702,4,-1.878655,-1.875509,-1.886644,-1.882087,-1.887156
mobley_1903702,5,-0.151733,-0.151120,-0.152289,-0.150744,-0.151015
mobley_1903702,6,-0.148351,-0.147819,-0.149131,-0.147556,-0.147926
mobley_1903702,7,-0.146225,-0.145726,-0.146833,-0.145419,-0.145656
mobley_1903702,8,-0.458114,-0.455115,-0.470993,-0.464012,-0.467315
mobley_1903702,9,-0.431845,-0.428674,-0.444187,-0.436987,-0.440680
mobley_1903702,10,-0.526546,-0.523388,-0.543087,-0.536741,-0.540366
mobley_1903702,11,-0.199133,-0.197872,-0.201910,-0.199099,-0.199990
mobley_1903702,12,-0.194413,-0.193304,-0.196999,-0.194446,-0.195137
mobley_1903702,13,-0.183955,-0.182737,-0.186267,-0.183645,-0.184524
mobley_1903702,14,-0.109315,-0.109443,-0.108878,-0.108461,-0.108979
mobley_1905088,0,-0.149873,-0.146370,-0.145839,-0.148905,-0.144934
mobley_1905088,1,-0.167825,-0.165160,-0.168689,-0.169003,-0.168213
mobley_1905088,2,-0.110320,-0.105469,-0.115004,-0.113714,-0.114494
mobley_1905088,3,-0.131404,-0.130025,-0.115777,-0.122072,-0.111072
mobley_1905088,4,-0.110315,-0.105466,-0.114999,-0.113710,-0.114489
mobley_1905088,5,-0.167826,-0.165160,-0.168691,-0.169003,-0.168214
mobley_1905088,6,-0.304725,-0.304112,-0.307324,-0.308701,-0.310879
mobley_1905088,7,-0.939851,-0.939454,-0.938863,-0.938763,-0.939194
mobley_1905088,8,-0.111844,-0.112266,-0.111810,-0.111611,-0.111745
mobley_1905088,9,-0.113004,-0.113479,-0.113080,-0.112792,-0.112952
mobley_1905088,10,-0.114865,-0.115426,-0.115173,-0.114665,-0.114871
mobley_1905088,11,-0.114865,-0.115426,-0.115173,-0.114665,-0.114872
mobley_1905088,12,-0.113004,-0.113479,-0.113080,-0.112792,-0.112952
mobley_1905088,13,-0.107359,-0.107616,-0.106966,-0.107120,-0.107113
mobley_1905088,14,-0.107359,-0.107616,-0.106966,-0.107120,-0.107113
mobley_1922649,0,0.180939,0.172855,0.174515,0.163174,0.160374
mobley_1922649,1,-1.813528,-1.813978,-1.811698,-1.812491,-1.811981
mobley_1922649,2,0.575577,0.575355,0.575022,0.575210,0.574623
mobley_1922649,3,-0.398853,-0.399542,-0.397383,-0.397645,-0.395492
mobley_1922649,4,-1.817274,-1.817666,-1.815779,-1.816387,-1.816027
mobley_1922649,5,0.215212,0.207117,0.207931,0.196443,0.192672
mobley_1922649,6,-1.882683,-1.883231,-1.882545,-1.882503,-1.882237
mobley_1922649,7,-0.131051,-0.127588,-0.120407,-0.132241,-0.129745
mobley_1922649,8,-0.462442,-0.464516,-0.457403,-0.460904,-0.455485
mobley_1922649,9,-0.023729,-0.013715,-0.013545,-0.015245,-0.014475
mobley_1922649,10,-0.197786,-0.202710,-0.183238,-0.189545,-0.181604
mobley_1922649,11,-0.029899,-0.019636,-0.016183,-0.019675,-0.017257
mobley_1922649,12,-0.482486,-0.484855,-0.480773,-0.483544,-0.480016
mobley_1922649,13,-0.889155,-0.906661,-0.910057,-0.932732,-0.919755
mobley_1922649,14,-1.777382,-1.777704,-1.775914,-1.776821,-1.776467
mobley_1922649,15,-1.777570,-1.777896,-1.776097,-1.777007,-1.776646
mobley_1922649,16,-0.113818,-0.113940,-0.113430,-0.113310,-0.113216
mobley_1922649,17,-0.112911,-0.113075,-0.112514,-0.112437,-0.112340
mobley_1922649,18,-0.115330,-0.115471,-0.114886,-0.114757,-0.114607
mobley_1922649,19,-0.113590,-0.113766,-0.113181,-0.113085,-0.112947
mobley_1922649,20,-0.112639,-0.112808,-0.112254,-0.112182,-0.112092
mobley_1922649,21,-0.113159,-0.113285,-0.112780,-0.112666,-0.112576
mobley_1922649,22,-0.124974,-0.125591,-0.125449,-0.124706,-0.124892
mobley_1922649,23,-0.122000,-0.122564,-0.122431,-0.121799,-0.122037
mobley_1922649,24,-0.122125,-0.122719,-0.122621,-0.121948,-0.122197
mobley_1922649,25,-0.130511,-0.131130,-0.130880,-0.130045,-0.130102
mobley_1923244,0,0.840413,0.850349,0.851587,0.837438,0.847040
mobley_1923244,1,0.665612,0.674415,0.675788,0.676541,0.679142
mobley_1923244,2,0.665611,0.674417,0.675791,0.676543,0.679145
mobley_1923244,3,0.840417,0.850353,0.851589,0.837439,0.847043
mobley_1923244,4,-0.146386,-0.145904,-0.147373,-0.145667,-0.146152
mobley_1923244,5,-0.146385,-0.145904,-0.147372,-0.145666,-0.146151
mobley_1923244,6,-0.152268,-0.151776,-0.153341,-0.151569,-0.152057
mobley_1923244,7,-0.339541,-0.337619,-0.348211,-0.342293,-0.345270
mobley_1923244,8,-0.339542,-0.337620,-0.348212,-0.342294,-0.345270
mobley_1923244,9,-0.339542,-0.337621,-0.348213,-0.342294,-0.345272
mobley_1923244,10,-0.339541,-0.337620,-0.348212,-0.342294,-0.345271
mobley_1923244,11,-0.152268,-0.151776,-0.153341,-0.151569,-0.152057
mobley_1923244,12,-0.146385,-0.145904,-0.147372,-0.145666,-0.146151
mobley_1923244,13,-0.146385,-0.145904,-0.147372,-0.145666,-0.146151
mobley_1929982,0,-0.382000,-0.382181,-0.381688,-0.381990,-0.381791
mobley_1929982,1,-0.134043,-0.134093,-0.133822,-0.133774,-0.133912
mobley_1929982,2,-0.134043,-0.134093,-0.133822,-0.133774,-0.133912
mobley_194273,0,0.820750,0.826969,0.844717,0.821223,0.835175
mobley_194273,1,0.927719,0.962636,1.007599,0.985753,1.001281
mobley_194273,2,-0.065575,-0.071737,-0.059724,-0.061339,-0.058408
mobley_194273,3,1.981341,2.012904,2.071461,2.024019,2.044647
mobley_194273,4,-3.034657,-3.040724,-3.053769,-3.045644,-3.051581
mobley_194273,5,0.317454,0.284851,0.206692,0.233174,0.211629
mobley_194273,6,-1.892916,-1.892654,-1.891660,-1.897823,-1.896901
mobley_194273,7,-0.680445,-0.684323,-0.679712,-0.680832,-0.679249
mobley_194273,8,-0.286976,-0.281119,-0.292626,-0.292433,-0.293085
mobley_194273,9,-2.013129,-2.030398,-2.004659,-2.027788,-2.006722
mobley_194273,10,-0.616067,-0.625587,-0.629756,-0.626709,-0.627802
mobley_194273,11,-1.921052,-1.922798,-1.919473,-1.919401,-1.918415
mobley_194273,12,0.350266,0.350957,0.373548,0.346623,0.361475
mobley_194273,13,-0.982176,-0.981937,-0.981761,-0.981531,-0.981957
mobley_194273,14,-0.167579,-0.166634,-0.167808,-0.165708,-0.165904
mobley_194273,15,-0.181830,-0.180653,-0.182885,-0.180261,-0.180991
mobley_194273,16,-0.163482,-0.162605,-0.163868,-0.161860,-0.162099
mobley_194273,17,-0.412346,-0.409360,-0.418363,-0.412297,-0.413675
mobley_194273,18,-0.419805,-0.416936,-0.427187,-0.420572,-0.422628
mobley_194273,19,-0.749917,-0.745242,-0.770261,-0.756989,-0.762970
mobley_194273,20,-0.198073,-0.197167,-0.198839,-0.196587,-0.196553
mobley_194273,21,-0.195760,-0.194539,-0.196571,-0.194006,-0.194411
mobley_194273,22,-0.184235,-0.183077,-0.184365,-0.182205,-0.182167
mobley_194273,23,-0.005833,-0.005954,0.006662,-0.007567,0.003677
mobley_194273,24,-0.123707,-0.123552,-0.123792,-0.122727,-0.123034
mobley_194273,25,-0.123648,-0.123492,-0.123732,-0.122669,-0.122976
mobley_194273,26,-0.121719,-0.121700,-0.121807,-0.120884,-0.121085
mobley_1944394,0,0.559540,0.555582,0.559971,0.543663,0.552224
mobley_1944394,1,-3.138314,-3.134670,-3.159370,-3.144971,-3.157849
mobley_1944394,2,0.170064,0.162513,0.170126,0.154029,0.161289
mobley_1944394,3,0.018006,0.014475,0.028577,0.022673,0.026755
mobley_1944394,4,1.298207,1.330452,1.346201,1.320416,1.328710
mobley_1944394,5,-1.909163,-1.957679,-1.901627,-1.931205,-1.895664
mobley_1944394,6,-0.482465,-0.497266,-0.483779,-0.485810,-0.478785
mobley_1944394,7,-0.356587,-0.354038,-0.326060,-0.343764,-0.324660
mobley_1944394,8,-0.196890,-0.190028,-0.210255,-0.206765,-0.209393
mobley_1944394,9,-0.182236,-0.179474,-0.178990,-0.180056,-0.178501
mobley_1944394,10,-0.188431,-0.185058,-0.182795,-0.186685,-0.180546
mobley_1944394,11,-0.110469,-0.104411,-0.108238,-0.107522,-0.107888
mobley_1944394,12,0.286524,0.296460,0.277301,0.287818,0.276684
mobley_1944394,13,-0.123320,-0.103288,-0.070391,-0.091883,-0.069162
mobley_1944394,14,-0.313146,-0.307742,-0.318805,-0.318881,-0.316710
mobley_1944394,15,-0.163961,-0.161112,-0.161172,-0.161862,-0.161046
mobley_1944394,16,-0.165484,-0.161919,-0.160103,-0.163993,-0.158292
mobley_1944394,17,-0.109817,-0.104100,-0.108187,-0.107055,-0.107977
mobley_1944394,18,0.168868,0.175858,0.158533,0.165895,0.158344
mobley_1944394,19,-0.154422,-0.153202,-0.154847,-0.152790,-0.153210
mobley_1944394,20,-0.173304,-0.172017,-0.174485,-0.171874,-0.172434
mobley_1944394,21,-0.173788,-0.172365,-0.174917,-0.172267,-0.172864
mobley_1944394,22,-0.147017,-0.146048,-0.146822,-0.145408,-0.145441
mobley_1944394,23,-0.165212,-0.163767,-0.165312,-0.163150,-0.163363
mobley_1944394,24,-0.165988,-0.164689,-0.166371,-0.164314,-0.164667
mobley_1944394,25,-0.460470,-0.455917,-0.470631,-0.461762,-0.464970
mobley_1944394,26,-0.413790,-0.409228,-0.421497,-0.413401,-0.416276
mobley_1944394,27,-0.366736,-0.362407,-0.370333,-0.364861,-0.365698
mobley_1944394,28,-0.395806,-0.391390,-0.400168,-0.394504,-0.395381
mobley_1944394,29,-0.467631,-0.466308,-0.475018,-0.468204,-0.470408
mobley_1944394,30,-0.167855,-0.167473,-0.169323,-0.167238,-0.168816
mobley_1944394,31,-0.114071,-0.114576,-0.114203,-0.113857,-0.114030
mobley_1944394,32,-0.112296,-0.112719,-0.112261,-0.112050,-0.112183
mobley_1944394,33,-0.114005,-0.114511,-0.114128,-0.113787,-0.113953
mobley_1944394,34,-0.136171,-0.136573,-0.136776,-0.135552,-0.136005
mobley_1944394,35,-0.166062,-0.165680,-0.166971,-0.165227,-0.166505
mobley_1944394,36,-0.113866,-0.114362,-0.113991,-0.113653,-0.113828
mobley_1944394,37,-0.112105,-0.112526,-0.112062,-0.111861,-0.111991
mobley_1944394,38,-0.113401,-0.113887,-0.113482,-0.113180,-0.113339
mobley_1944394,39,-0.132483,-0.132935,-0.133185,-0.132060,-0.132534
mobley_1952272,0,0.541224,0.528998,0.554381,0.535761,0.545959
mobley_1952272,1,-1.909411,-1.916352,-1.920227,-1.931541,-1.922765
mobley_1952272,2,-1.763908,-1.764036,-1.762370,-1.763108,-1.762948
mobley_1952272,3,-1.763908,-1.764036,-1.762371,-1.763108,-1.762948
mobley_1952272,4,-0.112117,-0.112328,-0.111871,-0.111770,-0.111743
mobley_1952272,5,-0.112117,-0.112328,-0.111871,-0.111770,-0.111743
mobley_1952272,6,-0.112830,-0.113005,-0.112592,-0.112460,-0.112438
mobley_1963873,0,0.286877,0.275679,0.297636,0.278049,0.291409
mobley_1963873,1,-0.326811,-0.328560,-0.326710,-0.325974,-0.325018
mobley_1963873,2,-1.827518,-1.827543,-1.826918,-1.827024,-1.827107
mobley_1963873,3,-2.662597,-2.664802,-2.668420,-2.664967,-2.666893
mobley_1963873,4,0.283008,0.270549,0.281513,0.265933,0.271356
mobley_1963873,5,-0.121691,-0.121501,-0.121967,-0.120989,-0.121345
mobley_1963873,6,-0.122150,-0.122049,-0.122585,-0.121605,-0.121953
mobley_1963873,7,-0.123169,-0.123004,-0.123665,-0.122601,-0.122997
mobley_1963873,8,-0.127603,-0.127473,-0.127715,-0.127036,-0.127861
mobley_1963873,9,-0.118059,-0.117902,-0.117909,-0.117243,-0.117421
mobley_1963873,10,-0.118745,-0.118531,-0.118518,-0.117835,-0.118017
mobley_1963873,11,-0.116869,-0.116674,-0.116690,-0.116049,-0.116232
mobley_1967551,0,0.300899,0.292174,0.307063,0.291016,0.301490
mobley_1967551,1,-0.267596,-0.267970,-0.261219,-0.265939,-0.263724
mobley_1967551,2,-1.820605,-1.820437,-1.819303,-1.819917,-1.819641
mobley_1967551,3,-0.107233,-0.107441,-0.106981,-0.106863,-0.106865
mobley_1967551,4,-0.108062,-0.108300,-0.107792,-0.107713,-0.107691
mobley_1967551,5,-0.107233,-0.107442,-0.106981,-0.106863,-0.106865
mobley_1967551,6,-0.112911,-0.113118,-0.112344,-0.112481,-0.112509
mobley_197466,0,0.319003,0.313806,0.321462,0.308495,0.314702
mobley_197466,1,-0.425186,-0.426941,-0.419550,-0.421232,-0.418361
mobley_197466,2,-1.835439,-1.835299,-1.836490,-1.835828,-1.836469
mobley_197466,3,0.242267,0.233221,0.241050,0.239197,0.249186
mobley_197466,4,1.054388,1.065718,1.073623,1.051362,1.057294
mobley_197466,5,1.054386,1.065716,1.073623,1.051361,1.057295
mobley_197466,6,-0.117973,-0.117897,-0.118143,-0.117329,-0.117578
mobley_197466,7,-0.117973,-0.117897,-0.118143,-0.117329,-0.117578
mobley_197466,8,-0.119335,-0.119347,-0.119518,-0.118733,-0.118957
mobley_197466,9,-0.412589,-0.414112,-0.427141,-0.418558,-0.423500
mobley_197466,10,-0.223800,-0.224936,-0.227263,-0.224426,-0.225047
mobley_197466,11,-0.212872,-0.213881,-0.216253,-0.213372,-0.214183
mobley_197466,12,-0.223800,-0.224936,-0.227263,-0.224425,-0.225047
mobley_197466,13,-0.212872,-0.213880,-0.216253,-0.213371,-0.214182
mobley_1976156,0,1.072355,1.084946,1.094668,1.079650,1.089484
mobley_1976156,1,0.865904,0.875864,0.885513,0.887015,0.893593
mobley_1976156,2,1.125720,1.137618,1.138175,1.132130,1.152226
mobley_1976156,3,0.533409,0.543665,0.535904,0.543616,0.549379
mobley_1976156,4,0.528265,0.537033,0.533745,0.540612,0.548489
mobley_1976156,5,1.270700,1.280451,1.283530,1.273722,1.296329
mobley_1976156,6,0.586489,0.589560,0.593844,0.596974,0.605624
mobley_1976156,7,0.581491,0.586509,0.590023,0.586751,0.596593
mobley_1976156,8,-0.043919,-0.040405,-0.050080,-0.050889,-0.050866
mobley_1976156,9,-1.823226,-1.823005,-1.822148,-1.822691,-1.822600
mobley_1976156,10,-0.154778,-0.154278,-0.155867,-0.154065,-0.154537
mobley_1976156,11,-0.148298,-0.147784,-0.149291,-0.147551,-0.148025
mobley_1976156,12,-0.148425,-0.147910,-0.149414,-0.147672,-0.148144
mobley_1976156,13,-0.387419,-0.385099,-0.397553,-0.390490,-0.394122
mobley_1976156,14,-0.387897,-0.385567,-0.398130,-0.391031,-0.394691
mobley_1976156,15,-0.441380,-0.438916,-0.448654,-0.442851,-0.444219
mobley_1976156,16,-0.416731,-0.414090,-0.423550,-0.417545,-0.419487
mobley_1976156,17,-0.508378,-0.505798,-0.519801,-0.511740,-0.515067
mobley_1976156,18,-0.524561,-0.521996,-0.536259,-0.528154,-0.531412
mobley_1976156,19,-0.502815,-0.500186,-0.514123,-0.506096,-0.509451
mobley_1976156,20,-0.521355,-0.518745,-0.532979,-0.524902,-0.528171
mobley_1976156,21,-0.429887,-0.427359,-0.434605,-0.429401,-0.429575
mobley_1976156,22,-0.402522,-0.399717,-0.406902,-0.401253,-0.402460
mobley_1976156,23,-0.422869,-0.420567,-0.432520,-0.425339,-0.428457
mobley_1976156,24,-0.437102,-0.434875,-0.447142,-0.439865,-0.442900
mobley_1976156,25,-0.252840,-0.251949,-0.258421,-0.254243,-0.256101
mobley_1976156,26,-0.231394,-0.230570,-0.236239,-0.232324,-0.234087
mobley_1976156,27,-0.109574,-0.109775,-0.109133,-0.109188,-0.109230
mobley_1977493,0,0.521030,0.524310,0.525454,0.511365,0.519940
mobley_1977493,1,0.769577,0.767691,0.789445,0.779036,0.790548
mobley_1977493,2,0.173967,0.176581,0.175169,0.169012,0.172540
mobley_1977493,3,-0.014221,-0.014113,-0.013248,-0.012909,-0.013500
mobley_1977493,4,-0.126840,-0.126585,-0.126973,-0.125955,-0.126101
mobley_1977493,5,-0.125331,-0.125134,-0.125585,-0.124590,-0.124756
mobley_1977493,6,-0.125158,-0.124944,-0.125333,-0.124347,-0.124504
mobley_1977493,7,-0.217671,-0.216198,-0.222304,-0.218301,-0.220462
mobley_1977493,8,-0.216387,-0.215008,-0.221065,-0.217124,-0.219239
mobley_1977493,9,-0.103729,-0.103914,-0.103514,-0.103382,-0.103346
mobley_1977493,10,-0.103607,-0.103814,-0.103395,-0.103281,-0.103235
mobley_1987439,0,0.412001,0.414611,0.414105,0.402961,0.407133
mobley_1987439,1,-0.219987,-0.223458,-0.200816,-0.212305,-0.197756
mobley_1987439,2,-0.089337,-0.075345,-0.109724,-0.099721,-0.110319
mobley_1987439,3,-0.219986,-0.223458,-0.200814,-0.212303,-0.197756
mobley_1987439,4,-0.090773,-0.076784,-0.111113,-0.101124,-0.111689
mobley_1987439,5,-0.219467,-0.222932,-0.200256,-0.211762,-0.197190
mobley_1987439,6,-0.090773,-0.076785,-0.111114,-0.101125,-0.111690
mobley_1987439,7,0.411915,0.414534,0.414016,0.402877,0.407041
mobley_1987439,8,0.412000,0.414611,0.414106,0.402961,0.407133
mobley_1987439,9,-0.120119,-0.120180,-0.120214,-0.119348,-0.119570
mobley_1987439,10,-0.120086,-0.120147,-0.120179,-0.119315,-0.119536
mobley_1987439,11,-0.122185,-0.122203,-0.122465,-0.121520,-0.121810
mobley_1987439,12,-0.131600,-0.132471,-0.132716,-0.131433,-0.131879
mobley_1987439,13,-0.131549,-0.132420,-0.132664,-0.131380,-0.131827
mobley_1987439,14,-0.131549,-0.132420,-0.132664,-0.131380,-0.131827
mobley_1987439,15,-0.120067,-0.120128,-0.120160,-0.119296,-0.119517
mobley_1987439,16,-0.120067,-0.120128,-0.120160,-0.119296,-0.119517
mobley_1987439,17,-0.122238,-0.122257,-0.122520,-0.121574,-0.121864
mobley_1987439,18,-0.120119,-0.120180,-0.120214,-0.119348,-0.119570
mobley_1987439,19,-0.120086,-0.120147,-0.120180,-0.119315,-0.119536
mobley_1987439,20,-0.122185,-0.122203,-0.122465,-0.121520,-0.121810
mobley_2005792,0,-0.129091,-0.124752,-0.123268,-0.126882,-0.122351
mobley_2005792,1,-0.139256,-0.135867,-0.136879,-0.138115,-0.136737
mobley_2005792,2,0.078623,0.087071,0.072906,0.074540,0.071869
mobley_2005792,3,-0.397888,-0.403749,-0.392913,-0.398376,-0.391915
mobley_2005792,4,0.078636,0.087084,0.072918,0.074553,0.071879
mobley_2005792,5,-0.139261,-0.135871,-0.136883,-0.138120,-0.136741
mobley_2005792,6,-0.397889,-0.403750,-0.392913,-0.398377,-0.391917
mobley_2005792,7,0.078634,0.087084,0.072917,0.074550,0.071880
mobley_2005792,8,-0.139258,-0.135867,-0.136880,-0.138115,-0.136739
mobley_2005792,9,-0.129091,-0.124753,-0.123269,-0.126883,-0.122351
mobley_2005792,10,-0.139261,-0.135870,-0.136882,-0.138117,-0.136741
mobley_2005792,11,0.078628,0.087075,0.072910,0.074543,0.071872
mobley_2005792,12,-0.111633,-0.112056,-0.111587,-0.111391,-0.111520
mobley_2005792,13,-0.112895,-0.113367,-0.112955,-0.112676,-0.112833
mobley_2005792,14,-0.119501,-0.119905,-0.119678,-0.119140,-0.119436
mobley_2005792,15,-0.119501,-0.119905,-0.119678,-0.119140,-0.119436
mobley_2005792,16,-0.112895,-0.113366,-0.112955,-0.112676,-0.112833
mobley_2005792,17,-0.119501,-0.119905,-0.119678,-0.119140,-0.119436
mobley_2005792,18,-0.112895,-0.113366,-0.112955,-0.112676,-0.112833
mobley_2005792,19,-0.111633,-0.112056,-0.111587,-0.111391,-0.111520
mobley_2005792,20,-0.112895,-0.113367,-0.112955,-0.112676,-0.112833
mobley_2005792,21,-0.119501,-0.119905,-0.119678,-0.119140,-0.119436
mobley_2008055,0,0.502680,0.497868,0.512286,0.496220,0.506813
mobley_2008055,1,0.502679,0.497869,0.512286,0.496219,0.506815
mobley_2008055,2,-0.115575,-0.115453,-0.115910,-0.115042,-0.115382
mobley_2008055,3,-0.115575,-0.115453,-0.115910,-0.115042,-0.115382
mobley_2008055,4,-0.115575,-0.115453,-0.115910,-0.115042,-0.115382
mobley_2008055,5,-0.115575,-0.115453,-0.115910,-0.115042,-0.115382
mobley_2008055,6,-0.115575,-0.115453,-0.115910,-0.115042,-0.115382
mobley_2008055,7,-0.115575,-0.115453,-0.115910,-0.115042,-0.115382
mobley_2023925,0,-0.084944,-0.095452,-0.077663,-0.082951,-0.082027
mobley_2023925,1,-0.388012,-0.386939,-0.395483,-0.392391,-0.391527
mobley_2023925,2,0.445252,0.444774,0.445094,0.444987,0.445117
mobley_2023925,3,0.457985,0.457378,0.457873,0.457564,0.457860
mobley_2023925,4,0.449395,0.448922,0.449220,0.449105,0.449216
mobley_2023925,5,-1.857620,-1.857083,-1.855756,-1.855565,-1.856058
mobley_2023925,6,-0.158182,-0.153586,-0.179370,-0.171564,-0.179303
mobley_2023925,7,0.455589,0.455143,0.455662,0.455468,0.455688
mobley_2023925,8,0.465140,0.464554,0.465197,0.464909,0.465182
mobley_2023925,9,-0.023552,-0.023491,-0.022796,-0.022263,-0.022806
mobley_2023925,10,-0.118625,-0.118612,-0.118683,-0.118446,-0.118442
mobley_2023925,11,-0.115377,-0.115588,-0.114886,-0.114931,-0.114853
mobley_2043882,0,0.442451,0.442001,0.447866,0.435667,0.439537
mobley_2043882,1,-0.083087,-0.079140,-0.099165,-0.089007,-0.087894
mobley_2043882,2,-1.865635,-1.865005,-1.870139,-1.867748,-1.869523
mobley_2043882,3,-0.155627,-0.163346,-0.153751,-0.162955,-0.148665
mobley_2043882,4,0.831183,0.841285,0.844758,0.834158,0.855064
mobley_2043882,5,0.970493,0.984510,0.996326,0.987384,0.991875
mobley_2043882,6,0.859208,0.873565,0.888025,0.876835,0.886912
mobley_2043882,7,0.965694,0.980984,0.992285,0.983269,0.987970
mobley_2043882,8,0.884112,0.892116,0.896883,0.882754,0.902751
mobley_2043882,9,-0.119309,-0.119181,-0.119226,-0.118535,-0.118620
mobley_2043882,10,-0.121035,-0.120891,-0.121048,-0.120322,-0.120467
mobley_2043882,11,-0.122194,-0.122003,-0.122129,-0.121281,-0.121418
mobley_2043882,12,-0.732343,-0.731508,-0.748683,-0.740362,-0.742507
mobley_2043882,13,-0.537471,-0.534342,-0.545042,-0.538392,-0.539558
mobley_2043882,14,-0.503176,-0.501467,-0.511509,-0.505229,-0.506498
mobley_2043882,15,-0.455906,-0.454266,-0.464481,-0.458397,-0.459968
mobley_2043882,16,-0.479225,-0.476435,-0.486722,-0.480437,-0.481914
mobley_2043882,17,-0.421334,-0.419959,-0.428796,-0.423530,-0.424688
mobley_2043882,18,-0.446077,-0.443251,-0.452615,-0.446869,-0.448200
mobley_2043882,19,-0.444702,-0.443023,-0.452938,-0.446973,-0.448519
mobley_2043882,20,-0.468628,-0.465808,-0.475784,-0.469609,-0.471062
mobley_2043882,21,-0.478455,-0.475333,-0.481617,-0.476478,-0.475951
mobley_2043882,22,-0.476259,-0.474722,-0.480798,-0.476107,-0.475288
mobley_2049967,0,0.507790,0.500196,0.506214,0.492345,0.498727
mobley_2049967,1,-0.071568,-0.076990,-0.071457,-0.079470,-0.076993
mobley_2049967,2,-0.298052,-0.297746,-0.296138,-0.295849,-0.296536
mobley_2049967,3,-0.358792,-0.365591,-0.367348,-0.372558,-0.372904
mobley_2049967,4,-0.111874,-0.111703,-0.111578,-0.110991,-0.111080
mobley_2049967,5,-0.112277,-0.112213,-0.112075,-0.111562,-0.111651
mobley_2049967,6,-0.113637,-0.113542,-0.113453,-0.112900,-0.112995
mobley_2049967,7,-0.101296,-0.101649,-0.101040,-0.101143,-0.101144
mobley_2049967,8,-0.102942,-0.103302,-0.102702,-0.102788,-0.102793
mobley_2049967,9,-0.114806,-0.115083,-0.114601,-0.114701,-0.114831
mobley_2049967,10,-0.114201,-0.114497,-0.114007,-0.114124,-0.114238
mobley_2049967,11,-0.113193,-0.113526,-0.113016,-0.113202,-0.113273
mobley_20524,0,-0.179203,-0.176793,-0.175269,-0.178788,-0.174399
mobley_20524,1,-0.237233,-0.237888,-0.239366,-0.240618,-0.238438
mobley_20524,2,-0.472834,-0.474577,-0.471897,-0.474144,-0.471615
mobley_20524,3,-0.378502,-0.380231,-0.368946,-0.375361,-0.371314
mobley_20524,4,-0.342108,-0.344856,-0.340475,-0.342685,-0.339374
mobley_20524,5,-0.245587,-0.244267,-0.249200,-0.248425,-0.248756
mobley_20524,6,-1.861683,-1.862050,-1.861334,-1.861461,-1.861559
mobley_20524,7,-0.112322,-0.112764,-0.112351,-0.112118,-0.112262
mobley_20524,8,-0.113531,-0.113979,-0.113599,-0.113326,-0.113482
mobley_20524,9,-0.118567,-0.119074,-0.118875,-0.118411,-0.118643
mobley_20524,10,-0.127366,-0.128079,-0.128792,-0.127637,-0.128169
mobley_20524,11,-0.113568,-0.114050,-0.113687,-0.113378,-0.113535
mobley_20524,12,-0.161834,-0.161958,-0.162081,-0.161472,-0.162021
mobley_2068538,0,0.601357,0.608452,0.609896,0.596047,0.605920
mobley_2068538,1,0.766064,0.769033,0.788193,0.782314,0.789731
mobley_2068538,2,0.601358,0.608452,0.609896,0.596045,0.605921
mobley_2068538,3,-0.134391,-0.134071,-0.135082,-0.133759,-0.134109
mobley_2068538,4,-0.138026,-0.137634,-0.138728,-0.137348,-0.137714
mobley_2068538,5,-0.134391,-0.134071,-0.135082,-0.133759,-0.134109
mobley_2068538,6,-0.261220,-0.259592,-0.268362,-0.263273,-0.266232
mobley_2068538,7,-0.261220,-0.259592,-0.268362,-0.263273,-0.266232
mobley_2068538,8,-0.138026,-0.137634,-0.138728,-0.137348,-0.137714
mobley_2068538,9,-0.134391,-0.134071,-0.135082,-0.133759,-0.134109
mobley_2068538,10,-0.134391,-0.134071,-0.135082,-0.133759,-0.134109
mobley_2078467,0,0.340561,0.346067,0.336396,0.323105,0.330868
mobley_2078467,1,-0.114390,-0.126590,-0.097629,-0.109686,-0.096005
mobley_2078467,2,-0.438306,-0.439280,-0.435771,-0.438017,-0.432580
mobley_2078467,3,0.015815,0.021483,0.003497,0.011170,0.006931
mobley_2078467,4,0.011761,0.015673,-0.003891,0.002916,-0.000806
mobley_2078467,5,-0.443745,-0.448725,-0.439757,-0.444982,-0.436284
mobley_2078467,6,0.066568,0.068182,0.054124,0.057346,0.056563
mobley_2078467,7,-0.151481,-0.149243,-0.178760,-0.168917,-0.178308
mobley_2078467,8,0.181647,0.183469,0.186225,0.183015,0.188009
mobley_2078467,9,0.532225,0.525824,0.581255,0.560290,0.584667
mobley_2078467,10,0.864048,0.892348,0.867005,0.856516,0.863564
mobley_2078467,11,0.864111,0.892521,0.866987,0.856638,0.863517
mobley_2078467,12,-0.181757,-0.175939,-0.190788,-0.188629,-0.191725
mobley_2078467,13,-1.839015,-1.839348,-1.838189,-1.838575,-1.838348
mobley_2078467,14,-1.849261,-1.849976,-1.848005,-1.848842,-1.848263
mobley_2078467,15,-0.145147,-0.144655,-0.145077,-0.143695,-0.143780
mobley_2078467,16,-0.142034,-0.141654,-0.141841,-0.140692,-0.140653
mobley_2078467,17,-0.145741,-0.145321,-0.145752,-0.144478,-0.144559
mobley_2078467,18,-0.391303,-0.390662,-0.402936,-0.395410,-0.399607
mobley_2078467,19,-0.140945,-0.141805,-0.142215,-0.140600,-0.141050
mobley_2078467,20,-0.136654,-0.137339,-0.137443,-0.136175,-0.136473
mobley_2078467,21,-0.140437,-0.141223,-0.141414,-0.139975,-0.140285
mobley_2078467,22,-0.131208,-0.131708,-0.131630,-0.130688,-0.131008
mobley_2078467,23,-0.354338,-0.353842,-0.358941,-0.354121,-0.354946
mobley_2078467,24,-0.354473,-0.353982,-0.359076,-0.354249,-0.355075
mobley_2078467,25,-0.718323,-0.714577,-0.738016,-0.726720,-0.731735
mobley_2078467,26,-0.174849,-0.174251,-0.174818,-0.173373,-0.172919
mobley_2078467,27,-0.178951,-0.178255,-0.179398,-0.177646,-0.177585
mobley_2078467,28,-0.177302,-0.176394,-0.177096,-0.175394,-0.175023
mobley_2078467,29,-0.177332,-0.176420,-0.177124,-0.175420,-0.175050
mobley_2078467,30,-0.174897,-0.174300,-0.174867,-0.173421,-0.172966
mobley_2078467,31,-0.178894,-0.178197,-0.179329,-0.177579,-0.177513
mobley_2078467,32,-0.154829,-0.154918,-0.154423,-0.154098,-0.154391
mobley_2099370,0,0.277354,0.280724,0.272533,0.259288,0.267283
mobley_2099370,1,-0.128393,-0.140431,-0.112359,-0.124166,-0.110777
mobley_2099370,2,-0.431565,-0.437218,-0.428869,-0.432898,-0.426685
mobley_2099370,3,-0.137776,-0.132641,-0.156852,-0.149717,-0.155238
mobley_2099370,4,-0.081984,-0.077283,-0.077188,-0.078445,-0.076515
mobley_2099370,5,0.003107,0.007414,-0.003346,-0.007208,-0.001653
mobley_2099370,6,-0.416535,-0.421900,-0.409011,-0.416017,-0.407188
mobley_2099370,7,0.654034,0.668382,0.638795,0.652948,0.636935
mobley_2099370,8,-0.392776,-0.395710,-0.396809,-0.394306,-0.395127
mobley_2099370,9,-1.839604,-1.839747,-1.839721,-1.839639,-1.839741
mobley_2099370,10,-0.372487,-0.377973,-0.363410,-0.371616,-0.361964
mobley_2099370,11,0.038029,0.042138,0.027677,0.028215,0.026588
mobley_2099370,12,-0.118774,-0.114866,-0.116405,-0.117378,-0.116435
mobley_2099370,13,-0.141318,-0.137859,-0.136447,-0.139928,-0.135168
mobley_2099370,14,-0.167609,-0.164208,-0.167404,-0.167222,-0.167140
mobley_2099370,15,0.053096,0.058468,0.052138,0.051792,0.052129
mobley_2099370,16,-0.163161,-0.158044,-0.178019,-0.172219,-0.178660
mobley_2099370,17,-1.839545,-1.839870,-1.838753,-1.839113,-1.838899
mobley_2099370,18,-1.847476,-1.848203,-1.846184,-1.847012,-1.846414
mobley_2099370,19,-0.145931,-0.145492,-0.145826,-0.144580,-0.144572
mobley_2099370,20,-0.147424,-0.146987,-0.147579,-0.146239,-0.146361
mobley_2099370,21,-0.148854,-0.148312,-0.148894,-0.147404,-0.147540
mobley_2099370,22,-0.393407,-0.392862,-0.405198,-0.397706,-0.401856
mobley_2099370,23,-0.125988,-0.126350,-0.126294,-0.125545,-0.125904
mobley_2099370,24,-0.117914,-0.118541,-0.118332,-0.117725,-0.117990
mobley_2099370,25,-0.129816,-0.130065,-0.130196,-0.129324,-0.129901
mobley_2099370,26,-0.152514,-0.153065,-0.153708,-0.151713,-0.152451
mobley_2099370,27,-0.128075,-0.128303,-0.128402,-0.127604,-0.128145
mobley_2099370,28,-0.113024,-0.113506,-0.113105,-0.112806,-0.112967
mobley_2099370,29,-0.111941,-0.112370,-0.111913,-0.111710,-0.111842
mobley_2099370,30,-0.112981,-0.113454,-0.113044,-0.112764,-0.112919
mobley_2099370,31,-0.120329,-0.120855,-0.120698,-0.120051,-0.120348
mobley_2099370,32,-0.156717,-0.156820,-0.156366,-0.156037,-0.156330
mobley_210639,0,0.438222,0.433533,0.436449,0.425131,0.431094
mobley_210639,1,-0.057804,-0.048535,-0.033814,-0.043716,-0.042344
mobley_210639,2,0.438219,0.433534,0.436449,0.425132,0.431093
mobley_210639,3,-1.403700,-1.404121,-1.403866,-1.403764,-1.404006
mobley_210639,4,-0.114912,-0.114944,-0.114971,-0.114309,-0.114455
mobley_210639,5,-0.113652,-0.113711,-0.113698,-0.113094,-0.113223
mobley_210639,6,-0.110963,-0.111005,-0.110901,-0.110332,-0.110437
mobley_210639,7,-0.099002,-0.099413,-0.098973,-0.098795,-0.098818
mobley_210639,8,-0.114912,-0.114944,-0.114971,-0.114309,-0.114455
mobley_210639,9,-0.110963,-0.111005,-0.110901,-0.110332,-0.110437
mobley_210639,10,-0.113651,-0.113711,-0.113698,-0.113094,-0.113223
mobley_2123854,0,-0.234714,-0.235021,-0.239080,-0.239578,-0.238928
mobley_2123854,1,-0.479715,-0.481799,-0.478196,-0.480673,-0.477991
mobley_2123854,2,-0.377543,-0.379992,-0.367799,-0.374339,-0.370117
mobley_2123854,3,-0.359599,-0.362957,-0.357776,-0.360127,-0.356675
mobley_2123854,4,-0.245209,-0.243630,-0.251080,-0.249419,-0.251162
mobley_2123854,5,-0.187517,-0.187743,-0.184093,-0.188921,-0.182985
mobley_2123854,6,-0.675841,-0.674442,-0.673855,-0.676578,-0.675682
mobley_2123854,7,-2.478465,-2.477762,-2.477210,-2.477221,-2.477239
mobley_2123854,8,-1.861687,-1.862061,-1.861342,-1.861458,-1.861559
mobley_2123854,9,-0.114602,-0.115052,-0.114624,-0.114387,-0.114504
mobley_2123854,10,-0.119085,-0.119616,-0.119443,-0.118936,-0.119189
mobley_2123854,11,-0.127945,-0.128693,-0.129444,-0.128226,-0.128793
mobley_2123854,12,-0.114554,-0.115036,-0.114620,-0.114347,-0.114465
mobley_2123854,13,-0.161895,-0.162016,-0.162148,-0.161531,-0.162087
mobley_2126135,0,0.673092,0.676153,0.684559,0.667563,0.676825
mobley_2126135,1,0.005042,-0.005940,0.010320,0.004536,0.013022
mobley_2126135,2,-0.438071,-0.441483,-0.437101,-0.437485,-0.436182
mobley_2126135,3,-0.260194,-0.258052,-0.277007,-0.271893,-0.274443
mobley_2126135,4,-0.194646,-0.190866,-0.192626,-0.194095,-0.191436
mobley_2126135,5,-0.278465,-0.276258,-0.278463,-0.279607,-0.276738
mobley_2126135,6,-0.365584,-0.367137,-0.363328,-0.365990,-0.362480
mobley_2126135,7,-0.273039,-0.272794,-0.271024,-0.275139,-0.273717
mobley_2126135,8,-1.878506,-1.879083,-1.880007,-1.879193,-1.879989
mobley_2126135,9,-0.132468,-0.132068,-0.132430,-0.131274,-0.131436
mobley_2126135,10,-0.129958,-0.129485,-0.129757,-0.128580,-0.128713
mobley_2126135,11,-0.136895,-0.136496,-0.137115,-0.135823,-0.136070
mobley_2126135,12,-0.261126,-0.260342,-0.266292,-0.261326,-0.263596
mobley_2126135,13,-0.251312,-0.250391,-0.255703,-0.251088,-0.253112
mobley_2126135,14,-0.125706,-0.126389,-0.126461,-0.125499,-0.125796
mobley_2126135,15,-0.115661,-0.116197,-0.115924,-0.115486,-0.115704
mobley_2126135,16,-0.115256,-0.115751,-0.115454,-0.115062,-0.115261
mobley_2126135,17,-0.138413,-0.139302,-0.140446,-0.138870,-0.139533
mobley_2126135,18,-0.159122,-0.158849,-0.157919,-0.158713,-0.158064
mobley_2143011,0,0.557650,0.574999,0.553926,0.545844,0.552334
mobley_2143011,1,0.489935,0.485546,0.529777,0.514791,0.534218
mobley_2143011,2,0.485157,0.497330,0.477389,0.470964,0.476629
mobley_2143011,3,-0.162191,-0.146206,-0.168814,-0.163244,-0.164175
mobley_2143011,4,-0.218736,-0.206831,-0.223465,-0.220096,-0.229920
mobley_2143011,5,-0.162779,-0.162239,-0.163562,-0.161799,-0.161991
mobley_2143011,6,-0.159803,-0.159357,-0.160784,-0.159020,-0.159281
mobley_2143011,7,-0.158990,-0.158541,-0.159771,-0.158061,-0.158244
mobley_2143011,8,-0.475469,-0.474259,-0.492073,-0.482984,-0.488581
mobley_2143011,9,-0.167975,-0.167256,-0.168746,-0.166831,-0.167066
mobley_2143011,10,-0.162589,-0.162015,-0.163520,-0.161743,-0.161999
mobley_2143011,11,-0.167958,-0.167306,-0.168846,-0.167029,-0.167238
mobley_2143011,12,-0.114064,-0.114548,-0.114735,-0.114217,-0.114376
mobley_2143011,13,-0.112582,-0.112681,-0.112081,-0.112205,-0.112267
mobley_2143011,14,-0.112530,-0.112728,-0.112033,-0.112283,-0.112251
mobley_2146331,0,-0.646466,-0.647476,-0.643991,-0.647533,-0.645365
mobley_2146331,1,-1.815197,-1.815034,-1.813948,-1.814491,-1.814254
mobley_2146331,2,-0.131401,-0.131434,-0.130805,-0.130910,-0.131021
mobley_2146331,3,-0.131401,-0.131434,-0.130805,-0.130910,-0.131021
mobley_2178600,0,0.998588,1.010271,1.018054,1.003160,1.013321
mobley_2178600,1,0.751598,0.758721,0.768288,0.767856,0.773871
mobley_2178600,2,0.592515,0.599376,0.585884,0.588985,0.592829
mobley_2178600,3,0.762323,0.768171,0.771913,0.769146,0.777720
mobley_2178600,4,0.494733,0.499896,0.501193,0.494229,0.498243
mobley_2178600,5,-0.011830,-0.011676,-0.010868,-0.010469,-0.011150
mobley_2178600,6,-0.154305,-0.153803,-0.155405,-0.153599,-0.154083
mobley_2178600,7,-0.148084,-0.147576,-0.149091,-0.147347,-0.147831
mobley_2178600,8,-0.148028,-0.147521,-0.149038,-0.147294,-0.147781
mobley_2178600,9,-0.373227,-0.371008,-0.383232,-0.376381,-0.379980
mobley_2178600,10,-0.375186,-0.372983,-0.385292,-0.378413,-0.382026
mobley_2178600,11,-0.379910,-0.377926,-0.386637,-0.381148,-0.382819
mobley_2178600,12,-0.379729,-0.377830,-0.386768,-0.381230,-0.382907
mobley_2178600,13,-0.313861,-0.311831,-0.320700,-0.315099,-0.317723
mobley_2178600,14,-0.311377,-0.309256,-0.317920,-0.312311,-0.314980
mobley_2178600,15,-0.106664,-0.106766,-0.106514,-0.106279,-0.106235
mobley_2178600,16,-0.107612,-0.107729,-0.107488,-0.107228,-0.107184
mobley_2183616,0,1.251404,1.260853,1.273155,1.251763,1.261503
mobley_2183616,1,0.597003,0.613301,0.606109,0.606700,0.615611
mobley_2183616,2,0.100094,0.085821,0.129392,0.108973,0.134226
mobley_2183616,3,1.207833,1.233991,1.216066,1.204883,1.209670
mobley_2183616,4,-0.494348,-0.498398,-0.498730,-0.498363,-0.495324
mobley_2183616,5,0.153366,0.161650,0.131129,0.143546,0.129318
mobley_2183616,6,-0.103398,-0.097599,-0.100524,-0.100452,-0.099877
mobley_2183616,7,-0.212341,-0.208713,-0.206892,-0.210708,-0.204446
mobley_2183616,8,-0.119121,-0.112814,-0.118169,-0.116891,-0.117622
mobley_2183616,9,0.168798,0.178104,0.150706,0.163367,0.153270
mobley_2183616,10,-0.158408,-0.157699,-0.159057,-0.157087,-0.157561
mobley_2183616,11,-0.153665,-0.153036,-0.153959,-0.152220,-0.152408
mobley_2183616,12,-0.161241,-0.160421,-0.161512,-0.159511,-0.159757
mobley_2183616,13,-0.385198,-0.383288,-0.391906,-0.386232,-0.387908
mobley_2183616,14,-0.379056,-0.376848,-0.385287,-0.379523,-0.381220
mobley_2183616,15,-0.676236,-0.675405,-0.695071,-0.684175,-0.689540
mobley_2183616,16,-0.177361,-0.176862,-0.177860,-0.176072,-0.175979
mobley_2183616,17,-0.178337,-0.177655,-0.179005,-0.176983,-0.177135
mobley_2183616,18,-0.172911,-0.172169,-0.173182,-0.171258,-0.171264
mobley_2183616,19,-0.130887,-0.131202,-0.131320,-0.130331,-0.130732
mobley_2183616,20,-0.116055,-0.116628,-0.116347,-0.115861,-0.116077
mobley_2183616,21,-0.112883,-0.113323,-0.112895,-0.112643,-0.112793
mobley_2183616,22,-0.114726,-0.115250,-0.114890,-0.114512,-0.114687
mobley_2183616,23,-0.135770,-0.136388,-0.136577,-0.135240,-0.135578
mobley_2197088,0,0.954587,0.963978,0.967869,0.953770,0.963024
mobley_2197088,1,1.030107,1.045313,1.051350,1.048329,1.052810
mobley_2197088,2,0.493454,0.500870,0.497113,0.500100,0.509328
mobley_2197088,3,0.832773,0.844508,0.843611,0.843191,0.858195
mobley_2197088,4,0.840472,0.852584,0.851596,0.852780,0.867000
mobley_2197088,5,0.597755,0.607398,0.604430,0.610736,0.619639
mobley_2197088,6,1.342724,1.356004,1.363701,1.356510,1.381412
mobley_2197088,7,0.915267,0.927025,0.925741,0.927661,0.942965
mobley_2197088,8,0.851894,0.868261,0.868494,0.875384,0.876479
mobley_2197088,9,1.019185,1.031770,1.037763,1.024035,1.032675
mobley_2197088,10,-0.149058,-0.148521,-0.150047,-0.148277,-0.148775
mobley_2197088,11,-0.155709,-0.155181,-0.156841,-0.154994,-0.155495
mobley_2197088,12,-0.149110,-0.148572,-0.150127,-0.148345,-0.148849
mobley_2197088,13,-0.324912,-0.322748,-0.331089,-0.325886,-0.328031
mobley_2197088,14,-0.346267,-0.344220,-0.352886,-0.347777,-0.349511
mobley_2197088,15,-0.478970,-0.476617,-0.489430,-0.482371,-0.485044
mobley_2197088,16,-0.461112,-0.458790,-0.471149,-0.464162,-0.466909
mobley_2197088,17,-0.438818,-0.436094,-0.445789,-0.439604,-0.441380
mobley_2197088,18,-0.478029,-0.475482,-0.485765,-0.479660,-0.480897
mobley_2197088,19,-0.445730,-0.442981,-0.452778,-0.446538,-0.448272
mobley_2197088,20,-0.483746,-0.481221,-0.491506,-0.485395,-0.486585
mobley_2197088,21,-0.533682,-0.531015,-0.545584,-0.537354,-0.540628
mobley_2197088,22,-0.516737,-0.514034,-0.528264,-0.520061,-0.523435
mobley_2197088,23,-0.457590,-0.454606,-0.465316,-0.458311,-0.460880
mobley_2197088,24,-0.482613,-0.479871,-0.490848,-0.484142,-0.485980
mobley_2197088,25,-0.487817,-0.485171,-0.499228,-0.491252,-0.494804
mobley_2197088,26,-0.487612,-0.484979,-0.498927,-0.490983,-0.494502
mobley_2197088,27,-0.385766,-0.383494,-0.395866,-0.388872,-0.392435
mobley_2197088,28,-0.385184,-0.382912,-0.395288,-0.388294,-0.391866
mobley_2197088,29,-0.148156,-0.147647,-0.149141,-0.147411,-0.147880
mobley_2197088,30,-0.154277,-0.153777,-0.155351,-0.153564,-0.154034
mobley_2197088,31,-0.148168,-0.147659,-0.149151,-0.147421,-0.147890
mobley_2198613,0,0.492648,0.486273,0.495959,0.481776,0.490579
mobley_2198613,1,0.138266,0.132692,0.143817,0.134448,0.139899
mobley_2198613,2,-0.017889,-0.017891,-0.016867,-0.016773,-0.017063
mobley_2198613,3,-0.111404,-0.111344,-0.111416,-0.110806,-0.111016
mobley_2198613,4,-0.112062,-0.112036,-0.112103,-0.111522,-0.111718
mobley_2198613,5,-0.112062,-0.112036,-0.112103,-0.111522,-0.111718
mobley_2198613,6,-0.101521,-0.101829,-0.101218,-0.101239,-0.101206
mobley_2198613,7,-0.101521,-0.101829,-0.101218,-0.101239,-0.101206
mobley_2213823,0,1.355681,1.369499,1.380364,1.364210,1.370288
mobley_2213823,1,0.561866,0.576368,0.563728,0.568121,0.575164
mobley_2213823,2,0.325901,0.315162,0.357304,0.334592,0.365149
mobley_2213823,3,0.719159,0.745492,0.701968,0.693422,0.700344
mobley_2213823,4,0.561865,0.576367,0.563726,0.568121,0.575165
mobley_2213823,5,1.355679,1.369498,1.380361,1.364206,1.370285
mobley_2213823,6,-0.157512,-0.156863,-0.158049,-0.156392,-0.156528
mobley_2213823,7,-0.153046,-0.152379,-0.153608,-0.151925,-0.152204
mobley_2213823,8,-0.170610,-0.169627,-0.171150,-0.169107,-0.169382
mobley_2213823,9,-0.488852,-0.486473,-0.500294,-0.493030,-0.495852
mobley_2213823,10,-0.477290,-0.474598,-0.488038,-0.480832,-0.483742
mobley_2213823,11,-0.895221,-0.892859,-0.920365,-0.909647,-0.914368
mobley_2213823,12,-0.196422,-0.195635,-0.196177,-0.194840,-0.193884
mobley_2213823,13,-0.189652,-0.188438,-0.188990,-0.187380,-0.186809
mobley_2213823,14,-0.189652,-0.188438,-0.188991,-0.187380,-0.186809
mobley_2213823,15,-0.488851,-0.486472,-0.500293,-0.493029,-0.495852
mobley_2213823,16,-0.477290,-0.474597,-0.488036,-0.480831,-0.483742
mobley_2213823,17,-0.153046,-0.152379,-0.153608,-0.151925,-0.152204
mobley_2213823,18,-0.157512,-0.156863,-0.158048,-0.156392,-0.156528
mobley_2213823,19,-0.170609,-0.169627,-0.171150,-0.169107,-0.169382
mobley_2245668,0,0.727611,0.752063,0.736997,0.725913,0.737456
mobley_2245668,1,0.378322,0.372917,0.421477,0.404488,0.425348
mobley_2245668,2,0.229929,0.247357,0.232214,0.223444,0.229440
mobley_2245668,3,-0.129802,-0.134577,-0.122587,-0.126819,-0.124028
mobley_2245668,4,-1.834453,-1.833660,-1.836094,-1.834990,-1.836634
mobley_2245668,5,-0.183192,-0.182507,-0.184505,-0.182541,-0.182678
mobley_2245668,6,-0.181305,-0.180541,-0.182714,-0.180651,-0.180921
mobley_2245668,7,-0.185240,-0.184398,-0.186603,-0.184519,-0.184753
mobley_2245668,8,-0.742278,-0.738555,-0.769407,-0.757541,-0.764926
mobley_2245668,9,-0.171349,-0.170705,-0.172198,-0.170594,-0.170591
mobley_2245668,10,-0.179507,-0.178768,-0.180573,-0.178725,-0.178848
mobley_2245668,11,-0.174902,-0.174063,-0.175495,-0.173814,-0.173800
mobley_2245668,12,-0.254156,-0.252450,-0.257939,-0.255617,-0.255996
mobley_2245668,13,-0.248789,-0.247240,-0.252591,-0.250274,-0.250688
mobley_2245668,14,-0.133706,-0.133764,-0.133239,-0.132914,-0.133359
mobley_2261979,0,-0.341656,-0.343602,-0.342873,-0.344276,-0.339003
mobley_2261979,1,-0.180691,-0.173406,-0.183937,-0.184035,-0.182549
mobley_2261979,2,-0.372915,-0.374054,-0.376286,-0.377134,-0.376443
mobley_2261979,3,-0.180691,-0.173407,-0.183937,-0.184035,-0.182549
mobley_2261979,4,-0.341656,-0.343602,-0.342873,-0.344275,-0.339002
mobley_2261979,5,-0.215166,-0.203824,-0.229673,-0.220197,-0.227951
mobley_2261979,6,-0.186603,-0.177672,-0.172726,-0.179969,-0.172317
mobley_2261979,7,-0.514643,-0.512247,-0.462092,-0.498492,-0.464995
mobley_2261979,8,-0.186604,-0.177673,-0.172726,-0.179968,-0.172317
mobley_2261979,9,-0.215168,-0.203826,-0.229675,-0.220200,-0.227953
mobley_2261979,10,-0.187011,-0.189967,-0.188210,-0.191816,-0.186955
mobley_2261979,11,-0.187010,-0.189967,-0.188209,-0.191816,-0.186955
mobley_2261979,12,-0.117603,-0.118129,-0.117897,-0.117412,-0.117679
mobley_2261979,13,-0.120646,-0.121221,-0.121052,-0.120417,-0.120734
mobley_2261979,14,-0.120646,-0.121221,-0.121052,-0.120417,-0.120734
mobley_2261979,15,-0.117603,-0.118129,-0.117897,-0.117412,-0.117680
mobley_2261979,16,-0.121251,-0.121816,-0.121575,-0.120985,-0.121247
mobley_2261979,17,-0.121251,-0.121816,-0.121575,-0.120985,-0.121246
mobley_2261979,18,-0.228424,-0.228681,-0.232770,-0.228780,-0.230357
mobley_2261979,19,-0.228424,-0.228680,-0.232769,-0.228779,-0.230356
mobley_2261979,20,-0.228425,-0.228682,-0.232771,-0.228781,-0.230358
mobley_2261979,21,-0.228425,-0.228681,-0.232770,-0.228780,-0.230357
mobley_2269032,0,0.342001,0.347527,0.338201,0.324668,0.332559
mobley_2269032,1,-0.114620,-0.127322,-0.097179,-0.109722,-0.095471
mobley_2269032,2,-0.385435,-0.383169,-0.380900,-0.383277,-0.376981
mobley_2269032,3,-0.107556,-0.105738,-0.127340,-0.122486,-0.125009
mobley_2269032,4,0.040234,0.045791,0.034516,0.038752,0.035192
mobley_2269032,5,-0.349849,-0.344604,-0.323441,-0.340486,-0.321817
mobley_2269032,6,-0.111807,-0.104205,-0.119120,-0.114627,-0.121863
mobley_2269032,7,-0.428190,-0.432720,-0.431053,-0.431355,-0.429960
mobley_2269032,8,-0.380502,-0.379082,-0.372731,-0.377538,-0.371691
mobley_2269032,9,-0.125303,-0.122066,-0.135468,-0.129785,-0.133714
mobley_2269032,10,-0.349454,-0.343604,-0.319477,-0.337155,-0.318040
mobley_2269032,11,0.340345,0.348014,0.314302,0.333427,0.311375
mobley_2269032,12,-1.955053,-1.953209,-1.959478,-1.953871,-1.958197
mobley_2269032,13,0.708783,0.704589,0.702653,0.685625,0.687464
mobley_2269032,14,-0.175002,-0.169149,-0.184248,-0.181875,-0.185100
mobley_2269032,15,-1.839559,-1.839904,-1.838763,-1.839139,-1.838916
mobley_2269032,16,-1.849242,-1.849957,-1.847987,-1.848820,-1.848242
mobley_2269032,17,-0.142237,-0.141856,-0.142037,-0.140891,-0.140848
mobley_2269032,18,-0.145808,-0.145390,-0.145818,-0.144548,-0.144623
mobley_2269032,19,-0.145184,-0.144692,-0.145107,-0.143731,-0.143810
mobley_2269032,20,-0.394002,-0.393330,-0.405692,-0.398126,-0.402359
mobley_2269032,21,-0.130573,-0.130982,-0.131025,-0.130083,-0.130524
mobley_2269032,22,-0.133276,-0.134207,-0.134586,-0.133146,-0.133717
mobley_2269032,23,-0.163582,-0.164269,-0.165882,-0.163376,-0.164687
mobley_2269032,24,-0.137001,-0.137717,-0.138184,-0.136928,-0.137486
mobley_2269032,25,-0.128800,-0.129519,-0.129765,-0.128612,-0.129117
mobley_2269032,26,-0.158396,-0.159190,-0.160168,-0.157744,-0.158654
mobley_2269032,27,-0.123976,-0.123656,-0.123860,-0.123235,-0.123391
mobley_2269032,28,-0.125396,-0.125087,-0.125537,-0.124764,-0.124943
mobley_2269032,29,-0.123987,-0.123667,-0.123875,-0.123247,-0.123404
mobley_2269032,30,-0.155132,-0.155222,-0.154733,-0.154407,-0.154700
mobley_2279874,0,0.972134,0.968733,0.991571,0.958540,0.979018
mobley_2279874,1,-2.044511,-2.039723,-2.051397,-2.045971,-2.051229
mobley_2279874,2,-0.351198,-0.364783,-0.350817,-0.351667,-0.350099
mobley_2279874,3,-2.005880,-2.003269,-2.013522,-2.010988,-2.013800
mobley_2279874,4,1.194475,1.191317,1.214851,1.181515,1.200664
mobley_2279874,5,-2.024828,-2.021076,-2.028651,-2.023589,-2.028465
mobley_2279874,6,0.087779,0.084889,0.102371,0.073418,0.096025
mobley_2279874,7,-0.132614,-0.132051,-0.132538,-0.131747,-0.131909
mobley_2279874,8,-0.135133,-0.134663,-0.135358,-0.134462,-0.134638
mobley_2279874,9,-0.148702,-0.148044,-0.148797,-0.147779,-0.148143
mobley_2279874,10,-0.471232,-0.466748,-0.481519,-0.479946,-0.478628
mobley_2279874,11,-0.148096,-0.147388,-0.148030,-0.147052,-0.147299
mobley_2279874,12,-0.135063,-0.134469,-0.135059,-0.134156,-0.134254
mobley_2279874,13,-0.133709,-0.132997,-0.133359,-0.132567,-0.132638
mobley_2279874,14,-0.147847,-0.147511,-0.148320,-0.147490,-0.148063
mobley_2279874,15,-0.141797,-0.141396,-0.141835,-0.141136,-0.141488
mobley_2279874,16,-0.130421,-0.129950,-0.130273,-0.129623,-0.129735
mobley_2294995,0,0.429708,0.428992,0.453041,0.431201,0.444897
mobley_2294995,1,0.276187,0.277716,0.283675,0.276030,0.276500
mobley_2294995,2,-1.861423,-1.860496,-1.861739,-1.860217,-1.861552
mobley_2294995,3,1.141112,1.125760,1.156218,1.121077,1.152359
mobley_2294995,4,-1.816248,-1.816500,-1.814561,-1.815306,-1.814832
mobley_2294995,5,-0.131222,-0.130777,-0.131978,-0.130606,-0.131151
mobley_2294995,6,-0.131222,-0.130777,-0.131978,-0.130606,-0.131151
mobley_2294995,7,-0.128628,-0.128308,-0.129226,-0.128061,-0.128424
mobley_2294995,8,-0.179642,-0.178413,-0.182470,-0.180232,-0.181213
mobley_2294995,9,-0.179642,-0.178413,-0.182470,-0.180232,-0.181213
mobley_2294995,10,-0.121004,-0.121189,-0.120512,-0.120517,-0.120628
mobley_2295058,0,0.758716,0.755256,0.764973,0.741861,0.749989
mobley_2295058,1,-1.890713,-1.890101,-1.891253,-1.889564,-1.890656
mobley_2295058,2,0.840543,0.835653,0.791066,0.814820,0.781309
mobley_2295058,3,-1.843079,-1.843676,-1.842463,-1.842792,-1.842487
mobley_2295058,4,-0.394155,-0.393491,-0.366214,-0.383210,-0.366751
mobley_2295058,5,-0.175911,-0.176253,-0.179939,-0.180127,-0.177874
mobley_2295058,6,-0.487796,-0.489482,-0.485947,-0.488407,-0.485836
mobley_2295058,7,-0.362380,-0.364985,-0.351483,-0.358927,-0.353943
mobley_2295058,8,-0.400561,-0.402554,-0.397141,-0.399734,-0.396919
mobley_2295058,9,-0.294749,-0.290821,-0.288841,-0.292367,-0.287317
mobley_2295058,10,-1.864389,-1.864769,-1.864137,-1.864227,-1.864361
mobley_2295058,11,-0.118238,-0.118105,-0.117986,-0.117594,-0.117627
mobley_2295058,12,-0.118863,-0.118787,-0.118817,-0.118376,-0.118440
mobley_2295058,13,-0.118238,-0.118105,-0.117986,-0.117594,-0.117627
mobley_2295058,14,-0.125173,-0.125662,-0.125713,-0.124924,-0.125309
mobley_2295058,15,-0.121474,-0.122038,-0.121951,-0.121350,-0.121634
mobley_2295058,16,-0.132586,-0.133405,-0.134347,-0.132958,-0.133580
mobley_2295058,17,-0.144108,-0.144749,-0.145380,-0.144041,-0.144692
mobley_2295058,18,-0.161593,-0.161704,-0.161852,-0.161212,-0.161788
mobley_2310185,0,0.573414,0.569003,0.590821,0.570153,0.584107
mobley_2310185,1,0.245053,0.242922,0.248909,0.246075,0.247232
mobley_2310185,2,-1.791459,-1.791715,-1.789275,-1.790060,-1.789701
mobley_2310185,3,-0.136248,-0.135633,-0.137526,-0.135878,-0.136606
mobley_2310185,4,-0.141910,-0.141340,-0.143360,-0.141707,-0.142373
mobley_2310185,5,-0.138944,-0.138323,-0.140367,-0.138651,-0.139413
mobley_2310185,6,-0.154483,-0.153712,-0.156644,-0.154935,-0.155767
mobley_2310185,7,-0.159108,-0.158303,-0.161531,-0.159680,-0.160595
mobley_2310185,8,-0.119291,-0.119413,-0.118717,-0.118462,-0.118850
mobley_2316618,0,-0.161881,-0.158137,-0.159657,-0.160702,-0.158340
mobley_2316618,1,-0.168833,-0.165101,-0.166477,-0.167397,-0.165263
mobley_2316618,2,0.018809,0.023267,0.011252,0.015533,0.009520
mobley_2316618,3,-0.385311,-0.379121,-0.354244,-0.374169,-0.352001
mobley_2316618,4,-0.381453,-0.379009,-0.352599,-0.373800,-0.350263
mobley_2316618,5,0.046206,0.051579,0.039192,0.043849,0.037405
mobley_2316618,6,-0.046182,-0.051628,-0.072961,-0.061538,-0.074831
mobley_2316618,7,-1.851180,-1.851400,-1.851688,-1.851305,-1.851571
mobley_2316618,8,-0.283919,-0.271606,-0.246821,-0.267737,-0.242524
mobley_2316618,9,0.122419,0.129994,0.126763,0.124114,0.125154
mobley_2316618,10,-0.203964,-0.199422,-0.201292,-0.200356,-0.199672
mobley_2316618,11,-0.187282,-0.184591,-0.183253,-0.192440,-0.182582
mobley_2316618,12,-0.578215,-0.585760,-0.588834,-0.584233,-0.586446
mobley_2316618,13,-0.135315,-0.109111,-0.041681,-0.090165,-0.037180
mobley_2316618,14,0.272053,0.283633,0.247698,0.268235,0.239802
mobley_2316618,15,-1.930084,-1.931120,-1.931069,-1.930763,-1.931128
mobley_2316618,16,-2.428100,-2.425497,-2.406475,-2.423226,-2.411291
mobley_2316618,17,0.002979,-0.009690,0.009321,0.001511,0.008429
mobley_2316618,18,0.119068,0.124641,0.150536,0.131869,0.141786
mobley_2316618,19,-1.830203,-1.830551,-1.830103,-1.830088,-1.830478
mobley_2316618,20,-0.113931,-0.114417,-0.114053,-0.113719,-0.113910
mobley_2316618,21,-0.114019,-0.114508,-0.114149,-0.113809,-0.114002
mobley_2316618,22,-0.126784,-0.127367,-0.127492,-0.126568,-0.127028
mobley_2316618,23,-0.123338,-0.123915,-0.123924,-0.123119,-0.123520
mobley_2316618,24,-0.126585,-0.127187,-0.127292,-0.126324,-0.126797
mobley_2316618,25,-0.119075,-0.119702,-0.119525,-0.118876,-0.119170
mobley_2316618,26,-0.154621,-0.154816,-0.155652,-0.153952,-0.154900
mobley_2316618,27,-0.081376,-0.086045,-0.071495,-0.083680,-0.074276
mobley_2316618,28,-0.348640,-0.344564,-0.356487,-0.349200,-0.352341
mobley_2316618,29,-0.328415,-0.324905,-0.334605,-0.328465,-0.330885
mobley_2316618,30,-0.196845,-0.195679,-0.199129,-0.197026,-0.197455
mobley_2316618,31,-0.193429,-0.192165,-0.195205,-0.193347,-0.193505
mobley_2316618,32,-0.119789,-0.119603,-0.118986,-0.118451,-0.119021
mobley_2328633,0,1.062456,1.075604,1.083449,1.069161,1.078353
mobley_2328633,1,0.929205,0.941756,0.949911,0.952840,0.958224
mobley_2328633,2,1.473930,1.485986,1.499084,1.492456,1.513040
mobley_2328633,3,0.617442,0.628354,0.624993,0.630946,0.639482
mobley_2328633,4,0.795565,0.809863,0.777819,0.795594,0.792298
mobley_2328633,5,-0.003948,-0.019307,0.014569,-0.015689,0.030836
mobley_2328633,6,1.118312,1.151625,1.117359,1.106658,1.111766
mobley_2328633,7,0.618625,0.642651,0.628418,0.627120,0.618467
mobley_2328633,8,0.590919,0.614577,0.602923,0.599958,0.595608
mobley_2328633,9,0.761753,0.785108,0.753625,0.749527,0.747066
mobley_2328633,10,-0.148457,-0.147946,-0.149448,-0.147712,-0.148178
mobley_2328633,11,-0.155048,-0.154549,-0.156133,-0.154332,-0.154799
mobley_2328633,12,-0.148655,-0.148145,-0.149641,-0.147902,-0.148366
mobley_2328633,13,-0.396051,-0.393728,-0.406332,-0.399156,-0.402791
mobley_2328633,14,-0.395000,-0.392653,-0.405381,-0.398178,-0.401866
mobley_2328633,15,-0.449945,-0.446756,-0.457058,-0.450233,-0.452418
mobley_2328633,16,-0.470016,-0.467063,-0.477118,-0.470806,-0.472026
mobley_2328633,17,-0.456230,-0.453515,-0.463364,-0.456750,-0.458683
mobley_2328633,18,-0.515623,-0.512176,-0.523413,-0.516020,-0.517953
mobley_2328633,19,-0.590382,-0.587816,-0.600431,-0.592913,-0.594658
mobley_2328633,20,-0.603695,-0.600990,-0.614068,-0.606285,-0.608080
mobley_2328633,21,-1.127552,-1.126355,-1.151828,-1.140375,-1.142536
mobley_2328633,22,-0.542462,-0.541073,-0.549266,-0.544963,-0.543350
mobley_2328633,23,-0.560845,-0.559298,-0.567876,-0.562618,-0.561739
mobley_2328633,24,-0.424769,-0.423511,-0.434727,-0.428618,-0.430604
mobley_2328633,25,-0.423084,-0.421921,-0.432370,-0.426719,-0.428350
mobley_2328633,26,-0.443675,-0.442391,-0.454262,-0.447797,-0.449917
mobley_2328633,27,-0.431176,-0.430095,-0.440306,-0.434870,-0.436243
mobley_2328633,28,-0.579766,-0.579025,-0.590314,-0.583955,-0.584809
mobley_2328633,29,-0.555229,-0.554217,-0.565273,-0.559846,-0.559973
mobley_2341732,0,0.970437,0.981755,0.989670,0.974352,0.984805
mobley_2341732,1,0.705939,0.714207,0.722441,0.724515,0.728284
mobley_2341732,2,0.721648,0.730893,0.735349,0.733722,0.742967
mobley_2341732,3,-0.058278,-0.059961,-0.042917,-0.052087,-0.045295
mobley_2341732,4,0.423096,0.423377,0.353682,0.396226,0.350314
mobley_2341732,5,-1.843180,-1.843586,-1.843816,-1.843786,-1.843717
mobley_2341732,6,-1.904336,-1.902864,-1.906400,-1.903685,-1.905845
mobley_2341732,7,0.716751,0.708835,0.715049,0.696572,0.702698
mobley_2341732,8,-0.153213,-0.152722,-0.154291,-0.152509,-0.152990
mobley_2341732,9,-0.147558,-0.147058,-0.148559,-0.146829,-0.147315
mobley_2341732,10,-0.147558,-0.147058,-0.148560,-0.146829,-0.147315
mobley_2341732,11,-0.365565,-0.363403,-0.375389,-0.368647,-0.372206
mobley_2341732,12,-0.365566,-0.363404,-0.375390,-0.368647,-0.372206
mobley_2341732,13,-0.395446,-0.392910,-0.405096,-0.398089,-0.401548
mobley_2341732,14,-0.395446,-0.392910,-0.405097,-0.398089,-0.401548
mobley_2341732,15,-0.316157,-0.314262,-0.323899,-0.317932,-0.320719
mobley_2341732,16,-0.316156,-0.314262,-0.323899,-0.317932,-0.320718
mobley_2341732,17,-0.117028,-0.116868,-0.116745,-0.116377,-0.116407
mobley_2341732,18,-0.117028,-0.116869,-0.116745,-0.116377,-0.116407
mobley_2341732,19,-0.118463,-0.118379,-0.118412,-0.117983,-0.118044
mobley_2354112,0,0.630709,0.634466,0.638482,0.622622,0.631443
mobley_2354112,1,0.271824,0.266291,0.277362,0.275526,0.280116
mobley_2354112,2,-0.347789,-0.351717,-0.341002,-0.346586,-0.339488
mobley_2354112,3,-0.278742,-0.273426,-0.290038,-0.286878,-0.287446
mobley_2354112,4,-0.261408,-0.261238,-0.265085,-0.264721,-0.263663
mobley_2354112,5,-0.490392,-0.491653,-0.486802,-0.490710,-0.485897
mobley_2354112,6,-0.385656,-0.387855,-0.377874,-0.384135,-0.381176
mobley_2354112,7,-0.280743,-0.275637,-0.291664,-0.284982,-0.291235
mobley_2354112,8,-1.865610,-1.865962,-1.865592,-1.865439,-1.865798
mobley_2354112,9,-0.126050,-0.125718,-0.125893,-0.124839,-0.124944
mobley_2354112,10,-0.128215,-0.127976,-0.128231,-0.127210,-0.127327
mobley_2354112,11,-0.128394,-0.128151,-0.128418,-0.127396,-0.127516
mobley_2354112,12,-0.243647,-0.243129,-0.248509,-0.243948,-0.246030
mobley_2354112,13,-0.245806,-0.245277,-0.250743,-0.246130,-0.248235
mobley_2354112,14,-0.123219,-0.123880,-0.123884,-0.123019,-0.123304
mobley_2354112,15,-0.117257,-0.117804,-0.117578,-0.117084,-0.117318
mobley_2354112,16,-0.120695,-0.121221,-0.121104,-0.120548,-0.120827
mobley_2354112,17,-0.153596,-0.154636,-0.155965,-0.153978,-0.154521
mobley_2354112,18,-0.162583,-0.162688,-0.162800,-0.162176,-0.162743
mobley_2364370,0,0.936605,0.946944,0.954118,0.939588,0.949565
mobley_2364370,1,0.802131,0.813121,0.830428,0.827416,0.834355
mobley_2364370,2,0.237282,0.249567,0.258121,0.255635,0.257370
mobley_2364370,3,0.621402,0.647102,0.649734,0.634398,0.637836
mobley_2364370,4,-2.008218,-2.002980,-2.016293,-2.009377,-2.015736
mobley_2364370,5,1.856225,1.857144,1.898004,1.849078,1.891045
mobley_2364370,6,-1.836718,-1.837126,-1.836147,-1.836394,-1.836235
mobley_2364370,7,-0.007137,-0.017933,0.003885,-0.015176,-0.001044
mobley_2364370,8,-0.152109,-0.151620,-0.153165,-0.151404,-0.151884
mobley_2364370,9,-0.146735,-0.146234,-0.147715,-0.146003,-0.146489
mobley_2364370,10,-0.146735,-0.146234,-0.147715,-0.146003,-0.146489
mobley_2364370,11,-0.354161,-0.351677,-0.363516,-0.356862,-0.360371
mobley_2364370,12,-0.354160,-0.351677,-0.363516,-0.356862,-0.360371
mobley_2364370,13,-0.410163,-0.407193,-0.420934,-0.413672,-0.417150
mobley_2364370,14,-0.410164,-0.407193,-0.420934,-0.413672,-0.417150
mobley_2364370,15,-0.287360,-0.284519,-0.292200,-0.288051,-0.289614
mobley_2364370,16,-0.287360,-0.284520,-0.292200,-0.288051,-0.289614
mobley_2364370,17,-0.113165,-0.113223,-0.113098,-0.112684,-0.112796
mobley_2364370,18,-0.119987,-0.119851,-0.120070,-0.119371,-0.119652
mobley_2364370,19,-0.119987,-0.119850,-0.120070,-0.119371,-0.119652
mobley_2371092,0,0.288748,0.288175,0.274387,0.270600,0.264581
mobley_2371092,1,-0.299237,-0.302106,-0.287178,-0.295149,-0.284701
mobley_2371092,2,-0.342352,-0.341330,-0.343584,-0.343509,-0.342934
mobley_2371092,3,-0.260076,-0.262244,-0.277078,-0.275534,-0.278805
mobley_2371092,4,-2.590328,-2.591586,-2.590862,-2.589955,-2.590894
mobley_2371092,5,-0.223965,-0.220946,-0.251123,-0.243829,-0.252304
mobley_2371092,6,-0.237080,-0.240404,-0.223081,-0.232160,-0.220231
mobley_2371092,7,0.247292,0.246201,0.230679,0.228451,0.222423
mobley_2371092,8,-0.124151,-0.124118,-0.124197,-0.123282,-0.123480
mobley_2371092,9,-0.124151,-0.124119,-0.124198,-0.123283,-0.123481
mobley_2371092,10,-0.123161,-0.123035,-0.122935,-0.121966,-0.122146
mobley_2371092,11,-0.123543,-0.124359,-0.124565,-0.123536,-0.123922
mobley_2371092,12,-0.119075,-0.119369,-0.118793,-0.118848,-0.118893
mobley_2371092,13,-0.119388,-0.119753,-0.119357,-0.119125,-0.119264
mobley_2371092,14,-0.124689,-0.124676,-0.124765,-0.123817,-0.124019
mobley_2371092,15,-0.123775,-0.123665,-0.123590,-0.122577,-0.122770
mobley_2371092,16,-0.124689,-0.124677,-0.124765,-0.123817,-0.124019
mobley_2390199,0,0.814789,0.824426,0.832477,0.816974,0.827934
mobley_2390199,1,0.844188,0.850693,0.863719,0.863894,0.867242
mobley_2390199,2,0.238479,0.227287,0.240149,0.229801,0.245233
mobley_2390199,3,0.007462,0.020279,-0.003703,0.008068,0.006915
mobley_2390199,4,-1.895766,-1.895077,-1.902510,-1.899147,-1.901541
mobley_2390199,5,0.238478,0.227286,0.240148,0.229800,0.245231
mobley_2390199,6,0.844186,0.850695,0.863717,0.863894,0.867243
mobley_2390199,7,0.814792,0.824428,0.832478,0.816976,0.827935
mobley_2390199,8,-0.143055,-0.142612,-0.143998,-0.142373,-0.142854
mobley_2390199,9,-0.143055,-0.142612,-0.143998,-0.142373,-0.142854
mobley_2390199,10,-0.147371,-0.146934,-0.148374,-0.146709,-0.147188
mobley_2390199,11,-0.329252,-0.327242,-0.338238,-0.331779,-0.335401
mobley_2390199,12,-0.329252,-0.327242,-0.338238,-0.331779,-0.335401
mobley_2390199,13,-0.286901,-0.285755,-0.293202,-0.288182,-0.290449
mobley_2390199,14,-0.286901,-0.285755,-0.293202,-0.288182,-0.290449
mobley_2390199,15,-0.286901,-0.285755,-0.293202,-0.288183,-0.290449
mobley_2390199,16,-0.286901,-0.285755,-0.293202,-0.288182,-0.290448
mobley_2390199,17,-0.329252,-0.327243,-0.338238,-0.331779,-0.335401
mobley_2390199,18,-0.329252,-0.327243,-0.338239,-0.331779,-0.335401
mobley_2390199,19,-0.147371,-0.146934,-0.148374,-0.146709,-0.147188
mobley_2390199,20,-0.143055,-0.142612,-0.143998,-0.142373,-0.142854
mobley_2390199,21,-0.143055,-0.142612,-0.143998,-0.142373,-0.142854
mobley_2402487,0,0.274190,0.269321,0.291942,0.268767,0.284947
mobley_2402487,1,0.429032,0.433805,0.430938,0.420918,0.420478
mobley_2402487,2,-1.958472,-1.955423,-1.962715,-1.958236,-1.962114
mobley_2402487,3,0.501439,0.499035,0.428488,0.468117,0.423059
mobley_2402487,4,-1.839900,-1.840479,-1.839095,-1.839570,-1.839353
mobley_2402487,5,-0.265273,-0.268819,-0.259809,-0.264148,-0.260514
mobley_2402487,6,1.070387,1.069198,1.004161,1.035418,0.992463
mobley_2402487,7,-1.891996,-1.893353,-1.893611,-1.893552,-1.893288
mobley_2402487,8,-1.976515,-1.973470,-1.981439,-1.976579,-1.980769
mobley_2402487,9,0.821420,0.830103,0.800256,0.804993,0.788723
mobley_2402487,10,0.525169,0.526424,0.563270,0.535388,0.553671
mobley_2402487,11,-0.135911,-0.135394,-0.136495,-0.135186,-0.135610
mobley_2402487,12,-0.132776,-0.132292,-0.133179,-0.131989,-0.132277
mobley_2402487,13,-0.134152,-0.133642,-0.134674,-0.133426,-0.133881
mobley_2402487,14,-0.211706,-0.210187,-0.215477,-0.212608,-0.213655
mobley_2402487,15,-0.195411,-0.193921,-0.197768,-0.195376,-0.196200
mobley_2402487,16,-0.226222,-0.225099,-0.230434,-0.226512,-0.228221
mobley_2402487,17,-0.200928,-0.199944,-0.204636,-0.201230,-0.202717
mobley_2402487,18,-0.205077,-0.203323,-0.208225,-0.205418,-0.206582
mobley_2402487,19,-0.205643,-0.203887,-0.208809,-0.205997,-0.207161
mobley_2402487,20,-0.134630,-0.134102,-0.135441,-0.133985,-0.134578
mobley_2402487,21,-0.128562,-0.128228,-0.129108,-0.127976,-0.128325
mobley_2402487,22,-0.134715,-0.134186,-0.135529,-0.134072,-0.134664
mobley_2410897,0,0.705888,0.703284,0.727900,0.703722,0.721672
mobley_2410897,1,0.556899,0.552139,0.570068,0.558221,0.566517
mobley_2410897,2,-2.592324,-2.593402,-2.595391,-2.594325,-2.594677
mobley_2410897,3,-0.148790,-0.148045,-0.150411,-0.148322,-0.149192
mobley_2410897,4,-0.153975,-0.153255,-0.155627,-0.153526,-0.154330
mobley_2410897,5,-0.148790,-0.148044,-0.150411,-0.148322,-0.149192
mobley_2410897,6,-0.182825,-0.181565,-0.186185,-0.182825,-0.184548
mobley_2410897,7,-0.182825,-0.181565,-0.186185,-0.182825,-0.184548
mobley_2410897,8,-0.110565,-0.110642,-0.110397,-0.110219,-0.110625
mobley_2410897,9,-0.110565,-0.110642,-0.110397,-0.110219,-0.110625
mobley_2422586,0,0.802325,0.807362,0.828432,0.806164,0.823397
mobley_2422586,1,0.395221,0.402769,0.417629,0.414545,0.416206
mobley_2422586,2,0.022365,0.027230,0.034845,0.024501,0.031359
mobley_2422586,3,-1.977612,-1.971883,-1.983731,-1.976896,-1.982581
mobley_2422586,4,0.874176,0.871800,0.882910,0.865408,0.870059
mobley_2422586,5,-0.142497,-0.142052,-0.143315,-0.141814,-0.142217
mobley_2422586,6,-0.140651,-0.140135,-0.141508,-0.139946,-0.140430
mobley_2422586,7,-0.140651,-0.140135,-0.141508,-0.139946,-0.140430
mobley_2422586,8,-0.330093,-0.327557,-0.339305,-0.332855,-0.336285
mobley_2422586,9,-0.330093,-0.327557,-0.339305,-0.332855,-0.336285
mobley_2422586,10,-0.276001,-0.273497,-0.281340,-0.277678,-0.278950
mobley_2422586,11,-0.275998,-0.273494,-0.281338,-0.277675,-0.278947
mobley_2422586,12,-0.124900,-0.124641,-0.125132,-0.124422,-0.124543
mobley_2422586,13,-0.120457,-0.120095,-0.120414,-0.119770,-0.119847
mobley_2422586,14,-0.120457,-0.120095,-0.120414,-0.119770,-0.119847
mobley_242480,0,-0.167754,-0.164003,-0.165325,-0.166362,-0.164028
mobley_242480,1,-0.167753,-0.164002,-0.165326,-0.166362,-0.164028
mobley_242480,2,0.029262,0.034106,0.021162,0.025833,0.019335
mobley_242480,3,-0.368386,-0.362759,-0.335375,-0.357193,-0.332650
mobley_242480,4,-0.368388,-0.362762,-0.335377,-0.357196,-0.332652
mobley_242480,5,0.029263,0.034108,0.021165,0.025835,0.019336
mobley_242480,6,0.167821,0.168860,0.137559,0.154502,0.129400
mobley_242480,7,-1.886888,-1.887786,-1.888106,-1.887487,-1.887571
mobley_242480,8,-0.204613,-0.181433,-0.130104,-0.169348,-0.125106
mobley_242480,9,-0.383816,-0.381848,-0.372655,-0.382759,-0.376772
mobley_242480,10,-0.262423,-0.256252,-0.251343,-0.257194,-0.250481
mobley_242480,11,-0.262422,-0.256251,-0.251342,-0.257193,-0.250481
mobley_242480,12,-0.383813,-0.381845,-0.372652,-0.382755,-0.376769
mobley_242480,13,-0.204619,-0.181439,-0.130108,-0.169354,-0.125110
mobley_242480,14,0.167818,0.168859,0.137556,0.154500,0.129397
mobley_242480,15,-1.886887,-1.887785,-1.888105,-1.887486,-1.887570
mobley_242480,16,-2.250874,-2.259381,-2.268828,-2.272955,-2.278952
mobley_242480,17,-2.250867,-2.259376,-2.268822,-2.272947,-2.278948
mobley_242480,18,-0.114051,-0.114539,-0.114180,-0.113840,-0.114033
mobley_242480,19,-0.114051,-0.114539,-0.114180,-0.113840,-0.114033
mobley_242480,20,-0.125575,-0.126155,-0.126236,-0.125357,-0.125794
mobley_242480,21,-0.125575,-0.126155,-0.126236,-0.125357,-0.125794
mobley_242480,22,-0.135486,-0.136413,-0.137011,-0.135509,-0.136112
mobley_242480,23,-0.135486,-0.136413,-0.137011,-0.135509,-0.136112
mobley_242480,24,-0.152241,-0.152292,-0.152138,-0.151557,-0.152060
mobley_242480,25,-0.143444,-0.143304,-0.143596,-0.143138,-0.143783
mobley_242480,26,-0.152242,-0.152293,-0.152138,-0.151557,-0.152061
mobley_242480,27,-0.143445,-0.143305,-0.143597,-0.143138,-0.143784
mobley_2451097,0,-0.118025,-0.115166,-0.114476,-0.116834,-0.114359
mobley_2451097,1,-0.156383,-0.154761,-0.155376,-0.157062,-0.155150
mobley_2451097,2,-0.122888,-0.119739,-0.122584,-0.124324,-0.123672
mobley_2451097,3,-0.137423,-0.137268,-0.133602,-0.138143,-0.132670
mobley_2451097,4,-0.122888,-0.119740,-0.122586,-0.124324,-0.123672
mobley_2451097,5,-0.156382,-0.154759,-0.155375,-0.157061,-0.155148
mobley_2451097,6,-0.675707,-0.674331,-0.673628,-0.676403,-0.675431
mobley_2451097,7,-2.478579,-2.477875,-2.477325,-2.477337,-2.477352
mobley_2451097,8,-0.111077,-0.111499,-0.111015,-0.110848,-0.110965
mobley_2451097,9,-0.111466,-0.111899,-0.111425,-0.111239,-0.111361
mobley_2451097,10,-0.112360,-0.112774,-0.112256,-0.112132,-0.112205
mobley_2451097,11,-0.112360,-0.112774,-0.112256,-0.112132,-0.112205
mobley_2451097,12,-0.111466,-0.111899,-0.111425,-0.111239,-0.111361
mobley_2457863,0,0.671909,0.667477,0.664290,0.648065,0.649797
mobley_2457863,1,-1.947963,-1.946064,-1.952083,-1.946807,-1.950904
mobley_2457863,2,-0.408187,-0.410125,-0.401066,-0.403994,-0.400024
mobley_2457863,3,-0.424523,-0.424290,-0.416841,-0.422151,-0.416489
mobley_2457863,4,-0.351626,-0.352934,-0.355651,-0.355079,-0.354448
mobley_2457863,5,-0.387098,-0.388685,-0.380520,-0.385817,-0.379404
mobley_2457863,6,-0.393636,-0.395956,-0.386132,-0.392094,-0.389237
mobley_2457863,7,-0.455278,-0.458023,-0.453010,-0.455763,-0.453580
mobley_2457863,8,-1.865976,-1.866319,-1.866141,-1.865903,-1.866347
mobley_2457863,9,-0.123337,-0.123025,-0.123209,-0.122603,-0.122745
mobley_2457863,10,-0.124826,-0.124534,-0.124955,-0.124208,-0.124377
mobley_2457863,11,-0.123338,-0.123026,-0.123209,-0.122603,-0.122745
mobley_2457863,12,-0.132718,-0.133365,-0.133752,-0.132691,-0.133169
mobley_2457863,13,-0.117028,-0.117535,-0.117287,-0.116852,-0.117060
mobley_2457863,14,-0.131057,-0.131805,-0.132689,-0.131403,-0.131992
mobley_2457863,15,-0.148124,-0.148788,-0.149985,-0.148300,-0.149092
mobley_2457863,16,-0.163413,-0.163539,-0.163662,-0.163090,-0.163604
mobley_2481002,0,-0.478473,-0.485010,-0.477041,-0.478354,-0.478503
mobley_2481002,1,-2.163050,-2.162103,-2.159280,-2.161013,-2.160268
mobley_2481002,2,-1.772736,-1.772917,-1.771637,-1.772273,-1.772200
mobley_2481002,3,-1.769051,-1.769212,-1.767876,-1.768523,-1.768424
mobley_2481002,4,-0.086841,-0.087026,-0.086981,-0.086779,-0.087093
mobley_2481002,5,-0.089719,-0.089913,-0.089960,-0.089758,-0.090105
mobley_2481002,6,-0.089522,-0.089716,-0.089755,-0.089554,-0.089898
mobley_2484519,0,-0.156585,-0.153053,-0.152216,-0.155576,-0.151116
mobley_2484519,1,-0.158267,-0.155108,-0.158844,-0.158990,-0.158503
mobley_2484519,2,-0.180254,-0.174908,-0.187831,-0.184810,-0.186691
mobley_2484519,3,-0.154899,-0.154206,-0.138609,-0.145545,-0.133739
mobley_2484519,4,-0.180107,-0.174758,-0.187680,-0.184660,-0.186539
mobley_2484519,5,-0.158293,-0.155134,-0.158872,-0.159016,-0.158530
mobley_2484519,6,-0.018682,-0.022257,-0.025368,-0.027972,-0.029592
mobley_2484519,7,-0.026795,-0.026666,-0.026191,-0.026073,-0.026545
mobley_2484519,8,-0.111961,-0.112382,-0.111930,-0.111727,-0.111863
mobley_2484519,9,-0.113146,-0.113621,-0.113224,-0.112932,-0.113094
mobley_2484519,10,-0.115713,-0.116283,-0.116043,-0.115496,-0.115700
mobley_2484519,11,-0.115717,-0.116287,-0.116047,-0.115500,-0.115703
mobley_2484519,12,-0.113146,-0.113621,-0.113224,-0.112932,-0.113093
mobley_2484519,13,-0.104619,-0.104901,-0.104271,-0.104293,-0.104246
mobley_2484519,14,-0.104620,-0.104903,-0.104273,-0.104295,-0.104248
mobley_2487143,0,0.955477,0.967081,0.973835,0.958928,0.969126
mobley_2487143,1,0.674032,0.683738,0.688835,0.691597,0.694996
mobley_2487143,2,0.870946,0.881666,0.882843,0.882523,0.892038
mobley_2487143,3,0.359877,0.351996,0.354384,0.346226,0.358439
mobley_2487143,4,-0.048956,-0.042431,-0.053871,-0.043469,-0.046151
mobley_2487143,5,-1.844727,-1.844344,-1.846975,-1.845613,-1.846689
mobley_2487143,6,0.264345,0.259766,0.265007,0.253503,0.259429
mobley_2487143,7,-0.147650,-0.147150,-0.148653,-0.146921,-0.147407
mobley_2487143,8,-0.153333,-0.152840,-0.154411,-0.152628,-0.153109
mobley_2487143,9,-0.147650,-0.147150,-0.148653,-0.146921,-0.147407
mobley_2487143,10,-0.367413,-0.365294,-0.377236,-0.370513,-0.374038
mobley_2487143,11,-0.367413,-0.365295,-0.377236,-0.370514,-0.374038
mobley_2487143,12,-0.415069,-0.412818,-0.425333,-0.418047,-0.421649
mobley_2487143,13,-0.415069,-0.412818,-0.425333,-0.418047,-0.421648
mobley_2487143,14,-0.285397,-0.284297,-0.291523,-0.286601,-0.288765
mobley_2487143,15,-0.285397,-0.284297,-0.291523,-0.286601,-0.288765
mobley_2487143,16,-0.115411,-0.115408,-0.115490,-0.114864,-0.115034
mobley_2487143,17,-0.116975,-0.117013,-0.117066,-0.116432,-0.116597
mobley_2487143,18,-0.115412,-0.115408,-0.115490,-0.114864,-0.115034
mobley_2489709,0,-0.062952,-0.058597,-0.057659,-0.060936,-0.058348
mobley_2489709,1,-0.062952,-0.058597,-0.057658,-0.060936,-0.058349
mobley_2489709,2,-0.030491,-0.028882,-0.027949,-0.033125,-0.029370
mobley_2489709,3,-0.378621,-0.381480,-0.379824,-0.381135,-0.379877
mobley_2489709,4,-0.378622,-0.381481,-0.379824,-0.381136,-0.379878
mobley_2489709,5,-0.030491,-0.028883,-0.027950,-0.033126,-0.029371
mobley_2489709,6,-0.063880,-0.063470,-0.063125,-0.063329,-0.063473
mobley_2489709,7,-0.063880,-0.063469,-0.063125,-0.063329,-0.063472
mobley_2489709,8,-0.110989,-0.111409,-0.110902,-0.110759,-0.110862
mobley_2489709,9,-0.110989,-0.111408,-0.110902,-0.110759,-0.110862
mobley_2489709,10,-0.112388,-0.112737,-0.112179,-0.112134,-0.112197
mobley_2489709,11,-0.112388,-0.112737,-0.112179,-0.112134,-0.112197
mobley_2492140,0,-0.372317,-0.379131,-0.374849,-0.378009,-0.376875
mobley_2492140,1,-0.540613,-0.545037,-0.541635,-0.542072,-0.542492
mobley_2492140,2,-0.088313,-0.088317,-0.088388,-0.088182,-0.088550
mobley_2492140,3,-0.089503,-0.089520,-0.089657,-0.089457,-0.089853
mobley_2492140,4,-0.088313,-0.088317,-0.088388,-0.088182,-0.088550
mobley_2492140,5,-0.071602,-0.071623,-0.071575,-0.071356,-0.071783
mobley_2492140,6,-0.071602,-0.071623,-0.071575,-0.071356,-0.071783
mobley_2492140,7,-0.114936,-0.115285,-0.114692,-0.114785,-0.114960
mobley_2493732,0,-0.315623,-0.316602,-0.312589,-0.321034,-0.316527
mobley_2493732,1,-0.593017,-0.594664,-0.591876,-0.593421,-0.592971
mobley_2493732,2,-0.088308,-0.088217,-0.088154,-0.088063,-0.088316
mobley_2493732,3,-0.088308,-0.088217,-0.088154,-0.088063,-0.088316
mobley_2493732,4,-0.123790,-0.123936,-0.123300,-0.123533,-0.123545
mobley_2493732,5,-0.123790,-0.123936,-0.123300,-0.123533,-0.123545
mobley_2501588,0,1.010234,1.021731,1.036269,1.016894,1.028019
mobley_2501588,1,1.275161,1.294504,1.342834,1.327087,1.336893
mobley_2501588,2,0.120307,0.130668,0.100666,0.105501,0.091906
mobley_2501588,3,-3.724674,-3.730249,-3.747315,-3.730689,-3.738190
mobley_2501588,4,-0.232177,-0.242477,-0.244724,-0.245731,-0.245794
mobley_2501588,5,0.315240,0.328814,0.327168,0.329602,0.321383
mobley_2501588,6,2.494278,2.515901,2.562218,2.496088,2.524828
mobley_2501588,7,1.840479,1.869731,1.897168,1.858707,1.868123
mobley_2501588,8,-1.041621,-1.058257,-1.069872,-1.059323,-1.060412
mobley_2501588,9,-0.184390,-0.187663,-0.178415,-0.183275,-0.173718
mobley_2501588,10,0.656677,0.682968,0.670596,0.665061,0.660265
mobley_2501588,11,-0.177954,-0.176585,-0.145374,-0.162590,-0.142454
mobley_2501588,12,0.808978,0.841473,0.824926,0.822317,0.813041
mobley_2501588,13,0.222440,0.223870,0.259840,0.243911,0.263757
mobley_2501588,14,3.411016,3.365019,3.445649,3.320101,3.390104
mobley_2501588,15,-1.790780,-1.790880,-1.788713,-1.790044,-1.789429
mobley_2501588,16,-1.788364,-1.788400,-1.786028,-1.787375,-1.786788
mobley_2501588,17,-0.374243,-0.369219,-0.385545,-0.380115,-0.382841
mobley_2501588,18,0.453229,0.452863,0.453332,0.453081,0.453363
mobley_2501588,19,0.453268,0.452901,0.453305,0.453102,0.453359
mobley_2501588,20,0.453438,0.453073,0.453562,0.453302,0.453590
mobley_2501588,21,2.383987,2.360276,2.384069,2.308416,2.335730
mobley_2501588,22,-1.790745,-1.791024,-1.789084,-1.790283,-1.789802
mobley_2501588,23,-1.784896,-1.784727,-1.781960,-1.783506,-1.782913
mobley_2501588,24,-0.150030,-0.149451,-0.151036,-0.149241,-0.149749
mobley_2501588,25,-0.150266,-0.149680,-0.151271,-0.149478,-0.149984
mobley_2501588,26,-0.152695,-0.152220,-0.153666,-0.151940,-0.152344
mobley_2501588,27,-0.408397,-0.405335,-0.416385,-0.408974,-0.411385
mobley_2501588,28,-0.399311,-0.395962,-0.407029,-0.399412,-0.402161
mobley_2501588,29,-0.390120,-0.386412,-0.391751,-0.385880,-0.385860
mobley_2501588,30,-0.374241,-0.370564,-0.375582,-0.369811,-0.369555
mobley_2501588,31,-0.370805,-0.367449,-0.369952,-0.364326,-0.363747
mobley_2501588,32,-0.410149,-0.406921,-0.410360,-0.404245,-0.403906
mobley_2501588,33,-0.764457,-0.764663,-0.784024,-0.769650,-0.774748
mobley_2501588,34,-0.269049,-0.270736,-0.272785,-0.269974,-0.269895
mobley_2501588,35,-0.258913,-0.260355,-0.262775,-0.259705,-0.259951
mobley_2501588,36,-0.314885,-0.315599,-0.317354,-0.313468,-0.312909
mobley_2501588,37,-0.314860,-0.315949,-0.318436,-0.314444,-0.314105
mobley_2501588,38,-0.132241,-0.132954,-0.132570,-0.131709,-0.131900
mobley_2501588,39,-0.131284,-0.131957,-0.131531,-0.130752,-0.130933
mobley_2517158,0,1.035252,1.047589,1.055646,1.041211,1.050701
mobley_2517158,1,0.809373,0.823994,0.824415,0.830140,0.832264
mobley_2517158,2,0.835940,0.851147,0.840472,0.846267,0.856593
mobley_2517158,3,0.952055,0.966491,0.965886,0.967054,0.983826
mobley_2517158,4,0.865685,0.879280,0.870488,0.876990,0.883294
mobley_2517158,5,0.978661,0.988775,0.996835,0.990406,1.000376
mobley_2517158,6,0.172951,0.182050,0.181730,0.176439,0.178511
mobley_2517158,7,-0.921474,-0.921066,-0.919835,-0.919771,-0.920166
mobley_2517158,8,-0.154193,-0.153693,-0.155267,-0.153480,-0.153952
mobley_2517158,9,-0.148099,-0.147587,-0.149082,-0.147350,-0.147822
mobley_2517158,10,-0.148106,-0.147594,-0.149089,-0.147357,-0.147829
mobley_2517158,11,-0.383958,-0.381701,-0.393997,-0.387032,-0.390584
mobley_2517158,12,-0.384183,-0.381929,-0.394234,-0.387267,-0.390821
mobley_2517158,13,-0.485829,-0.483273,-0.497203,-0.489324,-0.492793
mobley_2517158,14,-0.485665,-0.483105,-0.497018,-0.489148,-0.492608
mobley_2517158,15,-0.527819,-0.525051,-0.540891,-0.531919,-0.536140
mobley_2517158,16,-0.524268,-0.521478,-0.537216,-0.528277,-0.532501
mobley_2517158,17,-0.426245,-0.423874,-0.434891,-0.428003,-0.430615
mobley_2517158,18,-0.432454,-0.430195,-0.441477,-0.434496,-0.437084
mobley_2517158,19,-0.268969,-0.267548,-0.274512,-0.269714,-0.271904
mobley_2517158,20,-0.263152,-0.261675,-0.268390,-0.263676,-0.265895
mobley_2517158,21,-0.101924,-0.102254,-0.101605,-0.101690,-0.101655
mobley_2517158,22,-0.101917,-0.102274,-0.101600,-0.101692,-0.101681
mobley_2518989,0,0.708692,0.708069,0.733204,0.708533,0.722874
mobley_2518989,1,0.332254,0.325553,0.337474,0.331754,0.335757
mobley_2518989,2,-1.808832,-1.808888,-1.806806,-1.806916,-1.806784
mobley_2518989,3,0.590258,0.590017,0.590642,0.590962,0.590713
mobley_2518989,4,-0.387913,-0.388423,-0.386590,-0.387087,-0.385004
mobley_2518989,5,-1.791495,-1.791242,-1.789125,-1.789637,-1.789564
mobley_2518989,6,0.321135,0.316627,0.322073,0.317578,0.317280
mobley_2518989,7,0.611694,0.610842,0.632313,0.609872,0.624225
mobley_2518989,8,-0.358826,-0.358256,-0.358542,-0.357826,-0.359836
mobley_2518989,9,-0.361510,-0.357567,-0.364094,-0.366159,-0.364674
mobley_2518989,10,0.174816,0.165482,0.188614,0.171085,0.180180
mobley_2518989,11,-0.028664,-0.028906,-0.028886,-0.028529,-0.029333
mobley_2518989,12,-2.676762,-2.679963,-2.676543,-2.675968,-2.676541
mobley_2518989,13,-0.093139,-0.111465,-0.253491,-0.197427,-0.261396
mobley_2518989,14,-1.868790,-1.869422,-1.868833,-1.868626,-1.868641
mobley_2518989,15,-0.160061,-0.142770,-0.066427,-0.112235,-0.062405
mobley_2518989,16,-0.192361,-0.184409,-0.212725,-0.199388,-0.214557
mobley_2518989,17,-0.215540,-0.214082,-0.212208,-0.214576,-0.209964
mobley_2518989,18,-0.224541,-0.223326,-0.221723,-0.223951,-0.219377
mobley_2518989,19,-0.130021,-0.119944,-0.146318,-0.134113,-0.148994
mobley_2518989,20,-0.080714,-0.061400,0.024453,-0.026191,0.028974
mobley_2518989,21,-0.428144,-0.442517,-0.505836,-0.491023,-0.506962
mobley_2518989,22,-1.864899,-1.865517,-1.864867,-1.864864,-1.864771
mobley_2518989,23,-0.133046,-0.132581,-0.133536,-0.132158,-0.132471
mobley_2518989,24,-0.131319,-0.130900,-0.131799,-0.130445,-0.130755
mobley_2518989,25,-0.132512,-0.132143,-0.132990,-0.131704,-0.131964
mobley_2518989,26,-0.170435,-0.169374,-0.170839,-0.169075,-0.168828
mobley_2518989,27,-0.169692,-0.168671,-0.170056,-0.168311,-0.168007
mobley_2518989,28,-0.164267,-0.163220,-0.164325,-0.162611,-0.162246
mobley_2518989,29,-0.169628,-0.168516,-0.169759,-0.167927,-0.167577
mobley_2518989,30,-0.132202,-0.131714,-0.132690,-0.131300,-0.131644
mobley_2518989,31,-0.132072,-0.131691,-0.132468,-0.131205,-0.131442
mobley_2518989,32,-0.131809,-0.131348,-0.132232,-0.130865,-0.131171
mobley_2518989,33,-0.145123,-0.144666,-0.144677,-0.143537,-0.143672
mobley_2518989,34,-0.117040,-0.116849,-0.116281,-0.115990,-0.115740
mobley_2518989,35,-0.117158,-0.116929,-0.116684,-0.116319,-0.116414
mobley_2518989,36,-0.120184,-0.120669,-0.120336,-0.119868,-0.120089
mobley_2518989,37,-0.113991,-0.114438,-0.114066,-0.113781,-0.113960
mobley_2518989,38,-0.113980,-0.114428,-0.114054,-0.113771,-0.113949
mobley_2518989,39,-0.120253,-0.120752,-0.120403,-0.119934,-0.120145
mobley_2523689,0,-0.113912,-0.109959,-0.104243,-0.110204,-0.103256
mobley_2523689,1,-0.197830,-0.196465,-0.195080,-0.196449,-0.194187
mobley_2523689,2,-0.100247,-0.093395,-0.091872,-0.093877,-0.092643
mobley_2523689,3,-0.427165,-0.429290,-0.424599,-0.426724,-0.425316
mobley_2523689,4,0.027283,0.036431,0.057964,0.044988,0.056825
mobley_2523689,5,-0.200697,-0.198245,-0.199357,-0.199119,-0.198715
mobley_2523689,6,-2.724502,-2.725202,-2.726403,-2.722897,-2.725127
mobley_2523689,7,-0.523166,-0.527389,-0.528267,-0.528435,-0.527857
mobley_2523689,8,-1.865367,-1.866011,-1.865301,-1.865439,-1.865222
mobley_2523689,9,-0.529119,-0.531533,-0.525760,-0.528765,-0.526482
mobley_2523689,10,-0.311611,-0.315742,-0.300770,-0.307126,-0.299084
mobley_2523689,11,-0.486689,-0.488888,-0.483596,-0.487875,-0.484660
mobley_2523689,12,-0.331781,-0.362993,-0.376939,-0.379157,-0.380236
mobley_2523689,13,-2.293230,-2.292842,-2.291633,-2.301485,-2.299354
mobley_2523689,14,-0.058278,-0.057529,-0.056848,-0.057248,-0.057465
mobley_2523689,15,-0.111746,-0.112170,-0.111687,-0.111498,-0.111619
mobley_2523689,16,-0.113641,-0.114129,-0.113760,-0.113425,-0.113605
mobley_2523689,17,-0.127858,-0.128319,-0.128377,-0.127479,-0.127940
mobley_2523689,18,-0.130722,-0.131285,-0.131609,-0.130469,-0.131016
mobley_2523689,19,-0.113593,-0.114075,-0.113677,-0.113364,-0.113531
mobley_2523689,20,-0.124288,-0.124560,-0.124154,-0.123918,-0.124076
mobley_2523689,21,-0.131927,-0.131866,-0.131707,-0.131551,-0.131908
mobley_2523689,22,-0.132773,-0.132663,-0.132529,-0.132331,-0.132728
mobley_252413,0,1.199662,1.210334,1.224572,1.207476,1.218904
mobley_252413,1,1.824328,1.837148,1.860751,1.852706,1.853128
mobley_252413,2,0.430175,0.444142,0.412314,0.423617,0.423497
mobley_252413,3,0.534565,0.510803,0.614721,0.556820,0.627072
mobley_252413,4,0.793649,0.840038,0.789116,0.790357,0.786021
mobley_252413,5,0.793671,0.840067,0.789137,0.790381,0.786047
mobley_252413,6,1.179702,1.242846,1.173424,1.177936,1.184463
mobley_252413,7,-0.154276,-0.153671,-0.155345,-0.153446,-0.153962
mobley_252413,8,-0.162415,-0.161848,-0.163642,-0.161676,-0.162182
mobley_252413,9,-0.154277,-0.153671,-0.155345,-0.153447,-0.153963
mobley_252413,10,-0.373802,-0.371129,-0.378870,-0.373498,-0.374774
mobley_252413,11,-0.373798,-0.371125,-0.378866,-0.373495,-0.374770
mobley_252413,12,-0.647649,-0.644911,-0.656995,-0.650725,-0.650797
mobley_252413,13,-0.647646,-0.644908,-0.656992,-0.650722,-0.650794
mobley_252413,14,-0.271957,-0.270251,-0.272258,-0.270131,-0.268866
mobley_252413,15,-0.265107,-0.264051,-0.265823,-0.264208,-0.262668
mobley_252413,16,-0.259111,-0.257890,-0.259915,-0.258054,-0.256960
mobley_252413,17,-0.271959,-0.270254,-0.272260,-0.270134,-0.268868
mobley_252413,18,-0.259114,-0.257893,-0.259919,-0.258057,-0.256963
mobley_252413,19,-0.265110,-0.264054,-0.265826,-0.264211,-0.262670
mobley_252413,20,-0.298998,-0.297657,-0.301699,-0.298917,-0.298246
mobley_252413,21,-0.296358,-0.295205,-0.298965,-0.296284,-0.295560
mobley_252413,22,-0.298997,-0.297656,-0.301698,-0.298917,-0.298246
mobley_2577969,0,-0.204596,-0.201684,-0.202046,-0.204293,-0.199572
mobley_2577969,1,0.064655,0.075085,0.062564,0.064793,0.061870
mobley_2577969,2,-0.333562,-0.329614,-0.309499,-0.325287,-0.306719
mobley_2577969,3,0.023292,0.031729,0.025273,0.023062,0.026478
mobley_2577969,4,0.023296,0.031732,0.025277,0.023066,0.026481
mobley_2577969,5,-0.333557,-0.329608,-0.309493,-0.325280,-0.306713
mobley_2577969,6,0.064640,0.075071,0.062550,0.064782,0.061858
mobley_2577969,7,-0.204591,-0.201679,-0.202042,-0.204289,-0.199567
mobley_2577969,8,0.064643,0.075076,0.062552,0.064785,0.061861
mobley_2577969,9,-0.333573,-0.329625,-0.309509,-0.325297,-0.306731
mobley_2577969,10,-0.819609,-0.827583,-0.830348,-0.828692,-0.828958
mobley_2577969,11,-0.819610,-0.827583,-0.830350,-0.828692,-0.828960
mobley_2577969,12,-0.333565,-0.329615,-0.309499,-0.325288,-0.306719
mobley_2577969,13,0.064633,0.075065,0.062543,0.064774,0.061849
mobley_2577969,14,0.023308,0.031746,0.025290,0.023079,0.026495
mobley_2577969,15,0.023304,0.031742,0.025286,0.023074,0.026491
mobley_2577969,16,-0.116534,-0.117078,-0.116803,-0.116306,-0.116562
mobley_2577969,17,-0.123981,-0.124696,-0.124786,-0.123776,-0.124240
mobley_2577969,18,-0.128159,-0.128959,-0.129160,-0.127946,-0.128487
mobley_2577969,19,-0.128159,-0.128959,-0.129160,-0.127946,-0.128487
mobley_2577969,20,-0.123981,-0.124696,-0.124786,-0.123776,-0.124240
mobley_2577969,21,-0.116534,-0.117078,-0.116803,-0.116306,-0.116562
mobley_2577969,22,-0.123981,-0.124696,-0.124786,-0.123776,-0.124241
mobley_2577969,23,-0.123981,-0.124695,-0.124785,-0.123776,-0.124240
mobley_2577969,24,-0.128160,-0.128959,-0.129161,-0.127947,-0.128488
mobley_2577969,25,-0.128159,-0.128959,-0.129160,-0.127946,-0.128488
mobley_2607611,0,1.056920,1.069443,1.078741,1.063838,1.073691
mobley_2607611,1,0.858333,0.868172,0.878376,0.879433,0.886120
mobley_2607611,2,0.962452,0.974212,0.975117,0.969727,0.987271
mobley_2607611,3,0.556280,0.565908,0.570907,0.573922,0.581869
mobley_2607611,4,0.112064,0.114658,0.119611,0.122276,0.119241
mobley_2607611,5,0.709926,0.733479,0.706555,0.705676,0.693742
mobley_2607611,6,-2.003736,-1.997927,-2.010205,-2.003559,-2.009672
mobley_2607611,7,2.180039,2.185615,2.232036,2.178540,2.224440
mobley_2607611,8,-1.836688,-1.837094,-1.836126,-1.836359,-1.836219
mobley_2607611,9,-0.020344,-0.031442,-0.010230,-0.028975,-0.015088
mobley_2607611,10,-0.148242,-0.147731,-0.149236,-0.147498,-0.147972
mobley_2607611,11,-0.148332,-0.147820,-0.149321,-0.147582,-0.148054
mobley_2607611,12,-0.154671,-0.154172,-0.155758,-0.153958,-0.154431
mobley_2607611,13,-0.386198,-0.383904,-0.396320,-0.389282,-0.392906
mobley_2607611,14,-0.386789,-0.384483,-0.397010,-0.389936,-0.393590
mobley_2607611,15,-0.439446,-0.436952,-0.446834,-0.440952,-0.442396
mobley_2607611,16,-0.424484,-0.421548,-0.431811,-0.425454,-0.427654
mobley_2607611,17,-0.472034,-0.469131,-0.482811,-0.475043,-0.478391
mobley_2607611,18,-0.473193,-0.470545,-0.483673,-0.476237,-0.479262
mobley_2607611,19,-0.457623,-0.454578,-0.469032,-0.461469,-0.464782
mobley_2607611,20,-0.430538,-0.427379,-0.441271,-0.433805,-0.437228
mobley_2607611,21,-0.267122,-0.264383,-0.269964,-0.266740,-0.267552
mobley_2607611,22,-0.271621,-0.269012,-0.274449,-0.271470,-0.271888
mobley_2607611,23,-0.120121,-0.119984,-0.120207,-0.119504,-0.119787
mobley_2607611,24,-0.120127,-0.119990,-0.120213,-0.119510,-0.119794
mobley_2607611,25,-0.113189,-0.113248,-0.113122,-0.112709,-0.112821
mobley_2609604,0,2.119931,2.132876,2.153701,2.135127,2.132036
mobley_2609604,1,0.422546,0.434559,0.418973,0.420836,0.429470
mobley_2609604,2,0.258651,0.228621,0.333651,0.267373,0.348740
mobley_2609604,3,0.888469,0.932954,0.872287,0.878174,0.863660
mobley_2609604,4,0.888468,0.932955,0.872286,0.878169,0.863659
mobley_2609604,5,0.422546,0.434558,0.418974,0.420835,0.429471
mobley_2609604,6,2.119933,2.132878,2.153706,2.135129,2.132038
mobley_2609604,7,-0.194128,-0.192303,-0.193344,-0.191019,-0.190831
mobley_2609604,8,-0.165733,-0.164759,-0.165275,-0.163717,-0.163491
mobley_2609604,9,-0.167093,-0.166091,-0.166789,-0.165155,-0.165009
mobley_2609604,10,-0.554645,-0.551846,-0.562084,-0.556778,-0.556468
mobley_2609604,11,-0.583861,-0.580305,-0.590886,-0.585112,-0.584724
mobley_2609604,12,-0.314655,-0.313301,-0.316186,-0.313811,-0.312232
mobley_2609604,13,-0.322528,-0.320411,-0.323729,-0.320835,-0.319571
mobley_2609604,14,-0.308429,-0.306706,-0.310132,-0.307420,-0.306372
mobley_2609604,15,-0.308429,-0.306707,-0.310132,-0.307421,-0.306372
mobley_2609604,16,-0.322529,-0.320412,-0.323730,-0.320835,-0.319572
mobley_2609604,17,-0.314655,-0.313302,-0.316187,-0.313811,-0.312233
mobley_2609604,18,-0.583862,-0.580305,-0.590886,-0.585111,-0.584724
mobley_2609604,19,-0.554646,-0.551845,-0.562084,-0.556777,-0.556468
mobley_2609604,20,-0.194128,-0.192303,-0.193343,-0.191018,-0.190830
mobley_2609604,21,-0.167093,-0.166091,-0.166789,-0.165155,-0.165009
mobley_2609604,22,-0.165732,-0.164759,-0.165275,-0.163716,-0.163491
mobley_2613240,0,1.537205,1.554342,1.571133,1.517985,1.533324
mobley_2613240,1,-1.998297,-1.997243,-2.004584,-1.998756,-2.003017
mobley_2613240,2,-0.551502,-0.564357,-0.542389,-0.556332,-0.543778
mobley_2613240,3,-0.401309,-0.402797,-0.399807,-0.403466,-0.399495
mobley_2613240,4,-0.199016,-0.196468,-0.192680,-0.197076,-0.191617
mobley_2613240,5,-0.199012,-0.196463,-0.192675,-0.197072,-0.191612
mobley_2613240,6,-0.401306,-0.402793,-0.399803,-0.403462,-0.399492
mobley_2613240,7,-0.551494,-0.564350,-0.542377,-0.556323,-0.543767
mobley_2613240,8,-1.998298,-1.997245,-2.004586,-1.998758,-2.003019
mobley_2613240,9,1.537347,1.554485,1.571278,1.518117,1.533468
mobley_2613240,10,-0.126922,-0.126530,-0.126866,-0.126139,-0.126337
mobley_2613240,11,-0.128852,-0.128487,-0.129081,-0.128205,-0.128429
mobley_2613240,12,-0.126924,-0.126531,-0.126868,-0.126140,-0.126339
mobley_2613240,13,-0.136447,-0.136960,-0.137743,-0.136344,-0.137112
mobley_2613240,14,-0.116838,-0.117402,-0.117196,-0.116687,-0.116923
mobley_2613240,15,-0.116837,-0.117402,-0.117196,-0.116687,-0.116923
mobley_2613240,16,-0.136447,-0.136961,-0.137744,-0.136345,-0.137113
mobley_2613240,17,-0.126923,-0.126531,-0.126867,-0.126140,-0.126338
mobley_2613240,18,-0.126924,-0.126531,-0.126868,-0.126140,-0.126339
mobley_2613240,19,-0.128853,-0.128488,-0.129082,-0.128206,-0.128430
mobley_2636578,0,0.263664,0.286765,0.302127,0.297713,0.292785
mobley_2636578,1,0.098696,0.105949,0.138301,0.118577,0.128189
mobley_2636578,2,-1.819533,-1.819534,-1.819415,-1.818540,-1.819435
mobley_2636578,3,2.553068,2.519934,2.549656,2.511738,2.534180
mobley_2636578,4,-1.765374,-1.766079,-1.763580,-1.764479,-1.764161
mobley_2636578,5,-1.777887,-1.778490,-1.777032,-1.777565,-1.777548
mobley_2636578,6,0.098692,0.105946,0.138298,0.118573,0.128187
mobley_2636578,7,-1.819533,-1.819534,-1.819415,-1.818541,-1.819435
mobley_2636578,8,2.553058,2.519923,2.549641,2.511729,2.534170
mobley_2636578,9,-1.777887,-1.778490,-1.777032,-1.777565,-1.777548
mobley_2636578,10,-1.765374,-1.766079,-1.763580,-1.764479,-1.764161
mobley_2636578,11,-0.396041,-0.392868,-0.407566,-0.400129,-0.403671
mobley_2636578,12,-0.396040,-0.392867,-0.407566,-0.400129,-0.403670
mobley_2636578,13,-0.273146,-0.270393,-0.279060,-0.274966,-0.276425
mobley_2636578,14,-0.273146,-0.270393,-0.279060,-0.274966,-0.276425
mobley_2636578,15,-0.273145,-0.270393,-0.279060,-0.274965,-0.276425
mobley_2636578,16,-0.273146,-0.270394,-0.279061,-0.274966,-0.276426
mobley_2659552,0,0.294388,0.291889,0.287022,0.279782,0.280632
mobley_2659552,1,-0.204056,-0.204581,-0.184552,-0.194089,-0.179967
mobley_2659552,2,-0.326774,-0.323308,-0.335055,-0.331803,-0.333112
mobley_2659552,3,-0.145900,-0.139612,-0.147209,-0.146682,-0.145283
mobley_2659552,4,-0.388556,-0.392147,-0.372182,-0.383390,-0.371795
mobley_2659552,5,-0.237432,-0.233309,-0.243799,-0.243758,-0.243030
mobley_2659552,6,-0.303768,-0.299907,-0.309277,-0.307786,-0.307708
mobley_2659552,7,-0.480207,-0.481196,-0.473111,-0.477671,-0.473684
mobley_2659552,8,-1.842850,-1.843331,-1.842812,-1.842910,-1.842818
mobley_2659552,9,-2.783808,-2.785874,-2.789149,-2.786144,-2.788483
mobley_2659552,10,0.302737,0.290853,0.292128,0.275115,0.281360
mobley_2659552,11,0.453952,0.446101,0.454606,0.435896,0.446738
mobley_2659552,12,-0.118696,-0.118767,-0.118779,-0.117956,-0.118173
mobley_2659552,13,-0.118653,-0.118722,-0.118733,-0.117910,-0.118127
mobley_2659552,14,-0.120752,-0.120790,-0.120996,-0.120110,-0.120380
mobley_2659552,15,-0.121497,-0.122221,-0.122199,-0.121368,-0.121672
mobley_2659552,16,-0.128944,-0.129586,-0.129563,-0.128604,-0.128981
mobley_2659552,17,-0.138897,-0.139409,-0.139750,-0.138505,-0.139055
mobley_2659552,18,-0.121803,-0.122549,-0.122497,-0.121649,-0.121933
mobley_2659552,19,-0.141106,-0.140603,-0.140929,-0.139647,-0.139748
mobley_2659552,20,-0.156554,-0.156061,-0.156977,-0.155520,-0.156171
mobley_2659552,21,-0.136015,-0.135366,-0.135636,-0.134313,-0.134484
mobley_2659552,22,-0.136973,-0.136391,-0.137268,-0.135829,-0.136201
mobley_2659552,23,-0.139541,-0.138974,-0.139668,-0.138277,-0.138608
mobley_2659552,24,-0.138113,-0.137556,-0.138294,-0.136855,-0.137170
mobley_2661134,0,-0.270305,-0.271874,-0.273397,-0.274137,-0.272232
mobley_2661134,1,-0.180708,-0.177899,-0.178674,-0.181710,-0.178652
mobley_2661134,2,-0.236009,-0.237450,-0.239989,-0.240717,-0.239071
mobley_2661134,3,-0.350576,-0.353248,-0.351721,-0.352726,-0.351035
mobley_2661134,4,-0.396702,-0.398841,-0.388089,-0.394063,-0.390309
mobley_2661134,5,-0.472863,-0.474522,-0.471429,-0.473713,-0.471052
mobley_2661134,6,-1.862040,-1.862420,-1.861698,-1.861797,-1.861908
mobley_2661134,7,-0.676145,-0.674821,-0.674360,-0.677040,-0.676171
mobley_2661134,8,-2.478058,-2.477355,-2.476785,-2.476795,-2.476820
mobley_2661134,9,-0.113941,-0.114411,-0.114049,-0.113739,-0.113913
mobley_2661134,10,-0.113471,-0.113916,-0.113462,-0.113260,-0.113368
mobley_2661134,11,-0.127553,-0.128303,-0.128818,-0.127690,-0.128156
mobley_2661134,12,-0.118681,-0.119202,-0.119020,-0.118530,-0.118782
mobley_2661134,13,-0.162055,-0.162183,-0.162305,-0.161685,-0.162241
mobley_2681549,0,-0.068683,-0.069298,-0.068587,-0.074749,-0.070050
mobley_2681549,1,-0.277350,-0.278399,-0.273884,-0.275605,-0.273814
mobley_2681549,2,-0.068683,-0.069298,-0.068586,-0.074749,-0.070049
mobley_2681549,3,-0.277354,-0.278402,-0.273886,-0.275606,-0.273816
mobley_2681549,4,-0.068684,-0.069298,-0.068588,-0.074751,-0.070051
mobley_2681549,5,-0.277354,-0.278401,-0.273886,-0.275606,-0.273816
mobley_2681549,6,-0.050109,-0.049470,-0.048671,-0.049131,-0.049083
mobley_2681549,7,-0.050109,-0.049470,-0.048671,-0.049131,-0.049083
mobley_2681549,8,-0.050108,-0.049470,-0.048671,-0.049130,-0.049083
mobley_2681549,9,-0.114082,-0.114382,-0.113785,-0.113867,-0.113887
mobley_2681549,10,-0.114082,-0.114382,-0.113785,-0.113867,-0.113887
mobley_2681549,11,-0.114082,-0.114382,-0.113785,-0.113867,-0.113887
mobley_2689721,0,0.667155,0.683792,0.689912,0.682523,0.690305
mobley_2689721,1,0.939588,0.961826,0.970683,0.964612,0.965055
mobley_2689721,2,0.667153,0.683790,0.689909,0.682520,0.690303
mobley_2689721,3,0.667156,0.683792,0.689912,0.682523,0.690306
mobley_2689721,4,0.939589,0.961827,0.970684,0.964613,0.965055
mobley_2689721,5,0.667154,0.683792,0.689910,0.682522,0.690305
mobley_2689721,6,-0.376940,-0.375648,-0.383514,-0.378581,-0.379879
mobley_2689721,7,-0.407077,-0.404625,-0.412552,-0.407464,-0.408503
mobley_2689721,8,-0.413108,-0.410814,-0.420633,-0.414865,-0.416471
mobley_2689721,9,-0.413108,-0.410814,-0.420633,-0.414866,-0.416471
mobley_2689721,10,-0.407078,-0.404626,-0.412552,-0.407465,-0.408503
mobley_2689721,11,-0.376941,-0.375649,-0.383514,-0.378582,-0.379879
mobley_2689721,12,-0.407077,-0.404625,-0.412552,-0.407464,-0.408503
mobley_2689721,13,-0.376940,-0.375649,-0.383514,-0.378582,-0.379879
mobley_2689721,14,-0.413108,-0.410814,-0.420633,-0.414866,-0.416471
mobley_2689721,15,-0.413109,-0.410815,-0.420634,-0.414867,-0.416472
mobley_2689721,16,-0.376941,-0.375650,-0.383515,-0.378582,-0.379880
mobley_2689721,17,-0.407078,-0.404626,-0.412553,-0.407464,-0.408504
mobley_2693089,0,0.650642,0.676334,0.650256,0.638875,0.647768
mobley_2693089,1,0.451664,0.443271,0.493196,0.474118,0.499059
mobley_2693089,2,0.794357,0.823761,0.803331,0.792976,0.804253
mobley_2693089,3,-0.056598,-0.057737,-0.059769,-0.059850,-0.058903
mobley_2693089,4,-0.330295,-0.333708,-0.323495,-0.327977,-0.322735
mobley_2693089,5,0.076727,0.081015,0.086915,0.076293,0.080894
mobley_2693089,6,-2.588936,-2.590318,-2.589663,-2.588787,-2.589654
mobley_2693089,7,-0.256085,-0.257239,-0.252621,-0.258452,-0.253858
mobley_2693089,8,-0.262797,-0.263104,-0.260459,-0.264614,-0.262720
mobley_2693089,9,-2.628333,-2.629882,-2.630604,-2.629600,-2.631005
mobley_2693089,10,-0.182253,-0.181310,-0.182233,-0.180350,-0.180046
mobley_2693089,11,-0.180263,-0.179617,-0.180573,-0.178833,-0.178509
mobley_2693089,12,-0.187309,-0.186456,-0.187805,-0.185824,-0.185749
mobley_2693089,13,-0.749159,-0.746223,-0.772370,-0.760347,-0.766706
mobley_2693089,14,-0.190258,-0.189477,-0.191848,-0.189586,-0.189882
mobley_2693089,15,-0.192547,-0.191693,-0.194079,-0.191834,-0.192103
mobley_2693089,16,-0.192231,-0.191496,-0.193776,-0.191573,-0.191793
mobley_2693089,17,-0.339540,-0.338943,-0.344360,-0.338942,-0.340279
mobley_2693089,18,-0.349061,-0.348314,-0.354286,-0.348669,-0.350044
mobley_2693089,19,-0.121060,-0.121261,-0.120984,-0.120680,-0.120891
mobley_2693089,20,-0.118445,-0.118720,-0.118085,-0.118226,-0.118232
mobley_2693089,21,-0.119010,-0.119298,-0.118669,-0.118767,-0.118778
mobley_2725215,0,1.058788,1.070579,1.088050,1.066945,1.078649
mobley_2725215,1,1.411201,1.424233,1.480748,1.455208,1.469107
mobley_2725215,2,-0.047432,-0.042453,-0.059795,-0.058345,-0.064771
mobley_2725215,3,-3.717101,-3.722021,-3.742711,-3.725444,-3.734593
mobley_2725215,4,0.060953,0.068280,0.040019,0.045886,0.031676
mobley_2725215,5,1.272981,1.291670,1.340838,1.324610,1.334327
mobley_2725215,6,1.008821,1.020224,1.035245,1.015843,1.027443
mobley_2725215,7,-0.978182,-0.993714,-1.003935,-0.994404,-0.994399
mobley_2725215,8,0.346280,0.349538,0.398572,0.383382,0.402986
mobley_2725215,9,0.601039,0.625938,0.619565,0.613505,0.609235
mobley_2725215,10,-0.500648,-0.504506,-0.496110,-0.498572,-0.495239
mobley_2725215,11,0.533141,0.553362,0.552297,0.543738,0.543885
mobley_2725215,12,-0.057090,-0.057869,-0.039932,-0.045432,-0.035349
mobley_2725215,13,1.611357,1.584984,1.602706,1.540536,1.561565
mobley_2725215,14,-1.790921,-1.791202,-1.789246,-1.790477,-1.789953
mobley_2725215,15,-1.786445,-1.786480,-1.783812,-1.785310,-1.784570
mobley_2725215,16,-0.158991,-0.158485,-0.156962,-0.155503,-0.157116
mobley_2725215,17,-1.833125,-1.833740,-1.833032,-1.833364,-1.833335
mobley_2725215,18,-1.832984,-1.833593,-1.832882,-1.833216,-1.833184
mobley_2725215,19,-0.099791,-0.111405,-0.108959,-0.116636,-0.117545
mobley_2725215,20,2.419015,2.375515,2.438554,2.334145,2.391588
mobley_2725215,21,-1.790425,-1.790593,-1.788396,-1.789755,-1.789069
mobley_2725215,22,-1.785141,-1.785208,-1.782855,-1.784194,-1.783581
mobley_2725215,23,-0.150742,-0.150304,-0.151679,-0.150011,-0.150400
mobley_2725215,24,-0.148681,-0.148149,-0.149686,-0.147948,-0.148434
mobley_2725215,25,-0.149353,-0.148780,-0.150367,-0.148590,-0.149094
mobley_2725215,26,-0.443914,-0.440148,-0.452665,-0.443430,-0.446998
mobley_2725215,27,-0.427365,-0.424088,-0.435364,-0.427073,-0.429632
mobley_2725215,28,-0.376065,-0.371586,-0.376325,-0.369886,-0.370077
mobley_2725215,29,-0.432735,-0.428651,-0.434127,-0.427723,-0.427013
mobley_2725215,30,-0.399316,-0.395564,-0.401013,-0.395033,-0.394955
mobley_2725215,31,-0.381280,-0.377558,-0.382664,-0.376763,-0.376465
mobley_2725215,32,-0.407853,-0.404769,-0.415841,-0.408479,-0.410857
mobley_2725215,33,-0.396470,-0.393079,-0.404082,-0.396520,-0.399238
mobley_2725215,34,-0.153515,-0.152998,-0.154509,-0.152737,-0.153169
mobley_2725215,35,-0.150454,-0.149871,-0.151480,-0.149671,-0.150185
mobley_2725215,36,-0.150909,-0.150315,-0.151932,-0.150120,-0.150632
mobley_2725215,37,-0.125068,-0.125483,-0.124827,-0.124398,-0.124422
mobley_2725215,38,-0.125952,-0.126404,-0.125796,-0.125265,-0.125303
mobley_2725215,39,-0.112355,-0.112728,-0.112160,-0.112334,-0.112347
mobley_2725215,40,-0.113590,-0.113945,-0.113407,-0.113548,-0.113598
mobley_2725215,41,-0.113739,-0.114094,-0.113555,-0.113696,-0.113746
mobley_2725802,0,0.243333,0.237146,0.272520,0.246193,0.265832
mobley_2725802,1,0.364030,0.362212,0.290164,0.313878,0.287337
mobley_2725802,2,-1.856552,-1.856957,-1.856935,-1.856656,-1.856798
mobley_2725802,3,-2.862043,-2.862480,-2.872935,-2.866281,-2.872159
mobley_2725802,4,-0.122484,-0.127420,-0.114087,-0.120733,-0.115589
mobley_2725802,5,0.102403,0.104966,0.130753,0.115624,0.132706
mobley_2725802,6,0.134995,0.138253,0.164044,0.148706,0.165393
mobley_2725802,7,-0.118158,-0.122691,-0.111538,-0.117674,-0.113059
mobley_2725802,8,-0.130273,-0.129894,-0.130591,-0.129442,-0.129870
mobley_2725802,9,-0.128059,-0.127706,-0.128268,-0.127093,-0.127443
mobley_2725802,10,-0.129146,-0.128730,-0.129263,-0.128180,-0.128592
mobley_2725802,11,-0.318646,-0.316796,-0.323237,-0.318082,-0.319410
mobley_2725802,12,-0.344171,-0.342154,-0.350292,-0.344096,-0.346002
mobley_2725802,13,-0.406962,-0.405476,-0.415519,-0.409723,-0.411383
mobley_2725802,14,-0.429379,-0.427633,-0.439667,-0.432304,-0.435086
mobley_2725802,15,-0.443310,-0.441518,-0.453969,-0.446306,-0.449230
mobley_2725802,16,-0.420847,-0.419357,-0.429722,-0.423690,-0.425422
mobley_2725802,17,-0.318556,-0.316573,-0.322146,-0.317477,-0.318288
mobley_2725802,18,-0.352961,-0.350876,-0.358193,-0.352551,-0.353698
mobley_2727678,0,-0.381139,-0.386788,-0.386938,-0.391040,-0.388208
mobley_2727678,1,-0.654039,-0.653814,-0.649981,-0.653528,-0.652462
mobley_2727678,2,-0.481043,-0.486011,-0.486729,-0.487430,-0.486946
mobley_2727678,3,-1.858502,-1.858852,-1.858593,-1.858126,-1.858591
mobley_2727678,4,-2.671207,-2.674391,-2.673031,-2.670416,-2.671153
mobley_2727678,5,-0.502195,-0.505108,-0.496936,-0.501050,-0.497469
mobley_2727678,6,-1.868957,-1.868978,-1.868487,-1.867497,-1.868226
mobley_2727678,7,-2.652073,-2.654851,-2.654283,-2.651569,-2.652463
mobley_2727678,8,-1.405139,-1.405279,-1.404901,-1.405112,-1.405051
mobley_2727678,9,-0.123146,-0.123408,-0.122835,-0.122847,-0.122933
mobley_2727678,10,-0.189513,-0.190035,-0.190349,-0.189413,-0.190124
mobley_2727678,11,-0.188290,-0.188761,-0.189402,-0.188327,-0.189230
mobley_2751110,0,-0.077883,-0.067025,-0.069004,-0.069846,-0.070142
mobley_2751110,1,-0.394257,-0.397321,-0.391360,-0.394455,-0.390401
mobley_2751110,2,-0.362348,-0.364912,-0.350875,-0.359116,-0.353486
mobley_2751110,3,-0.496087,-0.498129,-0.493505,-0.496643,-0.493441
mobley_2751110,4,-0.019274,-0.010093,-0.009016,-0.011805,-0.010351
mobley_2751110,5,-0.220132,-0.224855,-0.208366,-0.213734,-0.206956
mobley_2751110,6,-0.843753,-0.861611,-0.861924,-0.885620,-0.870662
mobley_2751110,7,-1.777364,-1.777686,-1.775894,-1.776803,-1.776448
mobley_2751110,8,-1.777714,-1.778040,-1.776256,-1.777161,-1.776807
mobley_2751110,9,-1.864590,-1.864962,-1.864319,-1.864428,-1.864545
mobley_2751110,10,-0.123077,-0.123694,-0.123665,-0.122938,-0.123207
mobley_2751110,11,-0.132025,-0.132813,-0.133714,-0.132363,-0.132962
mobley_2751110,12,-0.121698,-0.122259,-0.122171,-0.121571,-0.121847
mobley_2751110,13,-0.122628,-0.123203,-0.123159,-0.122472,-0.122750
mobley_2751110,14,-0.161846,-0.161956,-0.162106,-0.161471,-0.162039
mobley_2763835,0,0.638961,0.642820,0.682419,0.651584,0.671238
mobley_2763835,1,0.996120,1.009590,0.975071,0.971456,0.953790
mobley_2763835,2,-2.047475,-2.042893,-2.056894,-2.047581,-2.055255
mobley_2763835,3,-0.017886,-0.029953,-0.074083,-0.060341,-0.077116
mobley_2763835,4,-0.460245,-0.461865,-0.458056,-0.460511,-0.458793
mobley_2763835,5,-0.178442,-0.175742,-0.178098,-0.177751,-0.178114
mobley_2763835,6,-0.191102,-0.188749,-0.182690,-0.188390,-0.181367
mobley_2763835,7,-0.248279,-0.248752,-0.248818,-0.249328,-0.247373
mobley_2763835,8,-0.431786,-0.431634,-0.424364,-0.429185,-0.424643
mobley_2763835,9,-0.137106,-0.136547,-0.137934,-0.136391,-0.137007
mobley_2763835,10,-0.130783,-0.130427,-0.131369,-0.130174,-0.130529
mobley_2763835,11,-0.137106,-0.136547,-0.137934,-0.136391,-0.137007
mobley_2763835,12,-0.230733,-0.228490,-0.234510,-0.231025,-0.232572
mobley_2763835,13,-0.230733,-0.228490,-0.234511,-0.231025,-0.232572
mobley_2763835,14,-0.135308,-0.135582,-0.136346,-0.134988,-0.135858
mobley_2763835,15,-0.115285,-0.115822,-0.115549,-0.115119,-0.115324
mobley_2763835,16,-0.112401,-0.112837,-0.112414,-0.112181,-0.112324
mobley_2763835,17,-0.114233,-0.114665,-0.114278,-0.114007,-0.114169
mobley_2763835,18,-0.134131,-0.134727,-0.135047,-0.134010,-0.134486
mobley_2771569,0,0.742551,0.734185,0.739651,0.720260,0.733395
mobley_2771569,1,-3.377788,-3.374299,-3.407614,-3.389270,-3.404991
mobley_2771569,2,-0.043294,-0.046328,-0.033456,-0.039201,-0.035962
mobley_2771569,3,0.131693,0.126200,0.148693,0.129565,0.147302
mobley_2771569,4,-2.791327,-2.790635,-2.802518,-2.794918,-2.801131
mobley_2771569,5,0.131682,0.126190,0.148683,0.129555,0.147292
mobley_2771569,6,-0.043297,-0.046332,-0.033459,-0.039204,-0.035965
mobley_2771569,7,-0.164014,-0.162551,-0.164631,-0.162218,-0.162842
mobley_2771569,8,-0.184561,-0.183074,-0.185892,-0.182868,-0.183583
mobley_2771569,9,-0.184560,-0.183074,-0.185892,-0.182867,-0.183582
mobley_2771569,10,-0.358152,-0.354604,-0.363291,-0.356985,-0.358875
mobley_2771569,11,-0.445396,-0.441091,-0.452452,-0.445028,-0.446684
mobley_2771569,12,-0.319866,-0.317369,-0.324871,-0.319251,-0.320818
mobley_2771569,13,-0.315902,-0.313060,-0.320108,-0.314817,-0.316045
mobley_2771569,14,-0.129892,-0.129866,-0.130339,-0.129621,-0.130214
mobley_2771569,15,-0.319862,-0.317365,-0.324867,-0.319247,-0.320814
mobley_2771569,16,-0.315900,-0.313057,-0.320106,-0.314815,-0.316042
mobley_2771569,17,-0.358148,-0.354600,-0.363288,-0.356982,-0.358872
mobley_2771569,18,-0.445391,-0.441085,-0.452446,-0.445023,-0.446679
mobley_2782339,0,-0.202922,-0.201377,-0.199694,-0.202232,-0.197711
mobley_2782339,1,-0.202924,-0.201379,-0.199695,-0.202233,-0.197713
mobley_2782339,2,-0.270940,-0.265840,-0.288034,-0.277687,-0.288971
mobley_2782339,3,-0.154876,-0.140556,-0.081400,-0.119235,-0.080581
mobley_2782339,4,-0.154872,-0.140551,-0.081396,-0.119230,-0.080577
mobley_2782339,5,-0.270937,-0.265837,-0.288033,-0.277686,-0.288969
mobley_2782339,6,-0.509181,-0.512509,-0.506261,-0.510152,-0.506804
mobley_2782339,7,-1.847526,-1.847709,-1.847100,-1.847243,-1.847367
mobley_2782339,8,-2.652678,-2.655492,-2.653378,-2.652513,-2.653101
mobley_2782339,9,-0.509181,-0.512509,-0.506261,-0.510152,-0.506804
mobley_2782339,10,-1.847526,-1.847709,-1.847100,-1.847243,-1.847367
mobley_2782339,11,-0.113743,-0.114185,-0.113799,-0.113532,-0.113703
mobley_2782339,12,-0.113743,-0.114185,-0.113799,-0.113532,-0.113703
mobley_2782339,13,-0.118495,-0.118966,-0.118576,-0.118192,-0.118374
mobley_2782339,14,-0.118495,-0.118966,-0.118576,-0.118192,-0.118374
mobley_2782339,15,-0.176488,-0.176634,-0.177355,-0.176114,-0.177132
mobley_2784376,0,0.784417,0.792473,0.792330,0.780835,0.781334
mobley_2784376,1,0.784421,0.792472,0.792331,0.780836,0.781334
mobley_2784376,2,0.784419,0.792472,0.792330,0.780836,0.781334
mobley_2784376,3,-0.186501,-0.187178,-0.190112,-0.187315,-0.188484
mobley_2784376,4,-0.186501,-0.187178,-0.190111,-0.187315,-0.188484
mobley_2784376,5,-0.186501,-0.187177,-0.190111,-0.187315,-0.188484
mobley_2784376,6,-0.186501,-0.187177,-0.190111,-0.187315,-0.188484
mobley_2784376,7,-0.186501,-0.187178,-0.190111,-0.187315,-0.188484
mobley_2784376,8,-0.186501,-0.187178,-0.190111,-0.187315,-0.188484
mobley_2789243,0,-0.117410,-0.115160,-0.110568,-0.114279,-0.110384
mobley_2789243,1,-0.069700,-0.067437,-0.064642,-0.068959,-0.066247
mobley_2789243,2,-0.365944,-0.367789,-0.362759,-0.364096,-0.362265
mobley_2789243,3,-0.253914,-0.255639,-0.258664,-0.262903,-0.262068
mobley_2789243,4,-2.586741,-2.587958,-2.586609,-2.586130,-2.586596
mobley_2789243,5,-0.208109,-0.208666,-0.211076,-0.215187,-0.214159
mobley_2789243,6,-0.051079,-0.050371,-0.049584,-0.050042,-0.050057
mobley_2789243,7,-0.111335,-0.111776,-0.111322,-0.111125,-0.111251
mobley_2789243,8,-0.111565,-0.111901,-0.111281,-0.111321,-0.111342
mobley_2789243,9,-0.120841,-0.121078,-0.120545,-0.120682,-0.120725
mobley_2789243,10,-0.117537,-0.117799,-0.117191,-0.117324,-0.117342
mobley_2792521,0,0.734285,0.742032,0.746803,0.731500,0.742797
mobley_2792521,1,0.728459,0.734234,0.743025,0.741801,0.744785
mobley_2792521,2,0.393040,0.389333,0.391239,0.385792,0.394032
mobley_2792521,3,0.103716,0.115589,0.099077,0.108429,0.104647
mobley_2792521,4,-0.125193,-0.117434,-0.126296,-0.122347,-0.127385
mobley_2792521,5,-0.307025,-0.305538,-0.305375,-0.306417,-0.308651
mobley_2792521,6,-1.824643,-1.824445,-1.823420,-1.824018,-1.823777
mobley_2792521,7,-0.147107,-0.146651,-0.148109,-0.146437,-0.146922
mobley_2792521,8,-0.142672,-0.142223,-0.143623,-0.141997,-0.142486
mobley_2792521,9,-0.142975,-0.142526,-0.143934,-0.142300,-0.142792
mobley_2792521,10,-0.297052,-0.295360,-0.303951,-0.298454,-0.301133
mobley_2792521,11,-0.298334,-0.296699,-0.305487,-0.299971,-0.302693
mobley_2792521,12,-0.259673,-0.259071,-0.265153,-0.260500,-0.262514
mobley_2792521,13,-0.249017,-0.248256,-0.253924,-0.249355,-0.251449
mobley_2792521,14,-0.119914,-0.120418,-0.121120,-0.120119,-0.120514
mobley_2792521,15,-0.110012,-0.110283,-0.109715,-0.109688,-0.109719
mobley_2792521,16,-0.115643,-0.115777,-0.115033,-0.115175,-0.115200
mobley_2802855,0,0.760504,0.770642,0.769960,0.756337,0.765967
mobley_2802855,1,0.826866,0.833260,0.844819,0.842420,0.847868
mobley_2802855,2,0.788818,0.795820,0.800373,0.792702,0.801489
mobley_2802855,3,0.016894,0.022681,0.018630,0.013535,0.016266
mobley_2802855,4,-0.917609,-0.916972,-0.915775,-0.915607,-0.916068
mobley_2802855,5,-0.152360,-0.151873,-0.153473,-0.151683,-0.152189
mobley_2802855,6,-0.146709,-0.146247,-0.147753,-0.146031,-0.146533
mobley_2802855,7,-0.146709,-0.146247,-0.147753,-0.146031,-0.146533
mobley_2802855,8,-0.334361,-0.332453,-0.343449,-0.337305,-0.340692
mobley_2802855,9,-0.334361,-0.332453,-0.343449,-0.337305,-0.340692
mobley_2802855,10,-0.243809,-0.242614,-0.248520,-0.244497,-0.246315
mobley_2802855,11,-0.243808,-0.242613,-0.248520,-0.244497,-0.246315
mobley_2802855,12,-0.102484,-0.102813,-0.102179,-0.102254,-0.102225
mobley_2802855,13,-0.102484,-0.102813,-0.102179,-0.102254,-0.102225
mobley_282648,0,-0.176644,-0.173014,-0.174334,-0.175943,-0.172814
mobley_282648,1,-0.176644,-0.173015,-0.174334,-0.175943,-0.172813
mobley_282648,2,-0.110215,-0.104953,-0.119089,-0.113032,-0.118238
mobley_282648,3,-0.389309,-0.392450,-0.371695,-0.386531,-0.371664
mobley_282648,4,-0.110215,-0.104952,-0.119089,-0.113033,-0.118238
mobley_282648,5,-0.176645,-0.173015,-0.174335,-0.175944,-0.172814
mobley_282648,6,-0.176644,-0.173014,-0.174334,-0.175943,-0.172813
mobley_282648,7,-0.110215,-0.104953,-0.119087,-0.113032,-0.118237
mobley_282648,8,-0.389310,-0.392450,-0.371696,-0.386532,-0.371665
mobley_282648,9,-0.110216,-0.104954,-0.119089,-0.113032,-0.118237
mobley_282648,10,-0.113890,-0.114369,-0.113998,-0.113661,-0.113851
mobley_282648,11,-0.113890,-0.114369,-0.113998,-0.113661,-0.113851
mobley_282648,12,-0.121714,-0.122415,-0.122455,-0.121546,-0.121943
mobley_282648,13,-0.121714,-0.122415,-0.122455,-0.121546,-0.121943
mobley_282648,14,-0.113890,-0.114369,-0.113998,-0.113661,-0.113851
mobley_282648,15,-0.113890,-0.114369,-0.113998,-0.113661,-0.113851
mobley_282648,16,-0.121714,-0.122415,-0.122455,-0.121546,-0.121943
mobley_282648,17,-0.121714,-0.122415,-0.122455,-0.121546,-0.121943
mobley_2837389,0,-0.324598,-0.321757,-0.311297,-0.316812,-0.312486
mobley_2837389,1,-0.324598,-0.321756,-0.311297,-0.316812,-0.312485
mobley_2837389,2,-0.371999,-0.372819,-0.378639,-0.376479,-0.380071
mobley_2837389,3,-2.622989,-2.624720,-2.625907,-2.623613,-2.624528
mobley_2837389,4,-0.371999,-0.372819,-0.378639,-0.376480,-0.380072
mobley_2837389,5,-0.114647,-0.115018,-0.114417,-0.114451,-0.114466
mobley_2837389,6,-0.114647,-0.115018,-0.114417,-0.114451,-0.114466
mobley_2837389,7,-0.118498,-0.118841,-0.118188,-0.118198,-0.118248
mobley_2837389,8,-0.159647,-0.159517,-0.160529,-0.159365,-0.160547
mobley_2837389,9,-0.118498,-0.118841,-0.118188,-0.118198,-0.118248
mobley_2844990,0,-0.229511,-0.232570,-0.228958,-0.234322,-0.227224
mobley_2844990,1,-0.219804,-0.210894,-0.210375,-0.214936,-0.211722
mobley_2844990,2,0.892130,0.888615,0.933861,0.895329,0.917398
mobley_2844990,3,0.996409,0.988813,1.020155,0.987198,1.002372
mobley_2844990,4,-0.259550,-0.253689,-0.256077,-0.261569,-0.257262
mobley_2844990,5,-0.426132,-0.428724,-0.424744,-0.425955,-0.423457
mobley_2844990,6,-0.054188,-0.053691,-0.053004,-0.053402,-0.053416
mobley_2844990,7,-2.154403,-2.154430,-2.166807,-2.156403,-2.163904
mobley_2844990,8,1.426974,1.433341,1.473403,1.430845,1.450846
mobley_2844990,9,-0.102779,-0.090007,-0.095197,-0.099407,-0.099364
mobley_2844990,10,-0.416564,-0.420848,-0.419062,-0.420046,-0.418209
mobley_2844990,11,-0.520515,-0.525396,-0.523290,-0.524667,-0.522591
mobley_2844990,12,-0.397949,-0.394005,-0.398922,-0.400037,-0.399680
mobley_2844990,13,0.744309,0.737838,0.757754,0.733290,0.744458
mobley_2844990,14,-2.135700,-2.136102,-2.146436,-2.137085,-2.143692
mobley_2844990,15,-0.075243,-0.075048,-0.074946,-0.074985,-0.075198
mobley_2844990,16,-0.072797,-0.072553,-0.072490,-0.072592,-0.072792
mobley_2844990,17,-0.061244,-0.060869,-0.060495,-0.060739,-0.060835
mobley_2844990,18,-0.115118,-0.115475,-0.114990,-0.114860,-0.114963
mobley_2844990,19,-0.135810,-0.136414,-0.136700,-0.135599,-0.136139
mobley_2844990,20,-0.133657,-0.134054,-0.134091,-0.133252,-0.133717
mobley_2844990,21,-0.133010,-0.133427,-0.133470,-0.132608,-0.133071
mobley_2845466,0,-0.179666,-0.170554,-0.176221,-0.180092,-0.178879
mobley_2845466,1,1.193774,1.191702,1.233898,1.193380,1.213668
mobley_2845466,2,1.193747,1.191680,1.233875,1.193359,1.213645
mobley_2845466,3,-0.179674,-0.170564,-0.176230,-0.180101,-0.178887
mobley_2845466,4,-0.461550,-0.466315,-0.464186,-0.465525,-0.462833
mobley_2845466,5,-0.461552,-0.466317,-0.464187,-0.465526,-0.462834
mobley_2845466,6,-0.063345,-0.062988,-0.062664,-0.062885,-0.063012
mobley_2845466,7,-0.063346,-0.062989,-0.062665,-0.062886,-0.063013
mobley_2845466,8,-2.153571,-2.153894,-2.166010,-2.155875,-2.163154
mobley_2845466,9,1.193744,1.191679,1.233874,1.193355,1.213642
mobley_2845466,10,-0.179670,-0.170559,-0.176225,-0.180096,-0.178883
mobley_2845466,11,-0.461552,-0.466318,-0.464187,-0.465527,-0.462836
mobley_2845466,12,-0.461550,-0.466316,-0.464186,-0.465526,-0.462833
mobley_2845466,13,-0.179667,-0.170555,-0.176222,-0.180094,-0.178880
mobley_2845466,14,1.193767,1.191702,1.233895,1.193378,1.213665
mobley_2845466,15,-2.153573,-2.153895,-2.166011,-2.155876,-2.163155
mobley_2845466,16,-0.063345,-0.062988,-0.062664,-0.062885,-0.063012
mobley_2845466,17,-0.063346,-0.062989,-0.062665,-0.062885,-0.063013
mobley_2845466,18,-0.134092,-0.134507,-0.134611,-0.133697,-0.134187
mobley_2845466,19,-0.134091,-0.134507,-0.134610,-0.133696,-0.134187
mobley_2845466,20,-0.134091,-0.134507,-0.134610,-0.133696,-0.134187
mobley_2845466,21,-0.134092,-0.134507,-0.134611,-0.133697,-0.134187
mobley_2850833,0,-0.212190,-0.209530,-0.211378,-0.212641,-0.210371
mobley_2850833,1,-0.254233,-0.254902,-0.255706,-0.257402,-0.253697
mobley_2850833,2,-0.496794,-0.498795,-0.494520,-0.497633,-0.494707
mobley_2850833,3,-0.227793,-0.225593,-0.218283,-0.226615,-0.224074
mobley_2850833,4,-0.317276,-0.322906,-0.304089,-0.313191,-0.303320
mobley_2850833,5,-0.206327,-0.203410,-0.213577,-0.211198,-0.213059
mobley_2850833,6,-0.322662,-0.323755,-0.342551,-0.331662,-0.346695
mobley_2850833,7,-1.844317,-1.844564,-1.843351,-1.843905,-1.843533
mobley_2850833,8,-1.870894,-1.871527,-1.871258,-1.870952,-1.871337
mobley_2850833,9,-0.114036,-0.114524,-0.114185,-0.113846,-0.114033
mobley_2850833,10,-0.114628,-0.115083,-0.114757,-0.114430,-0.114622
mobley_2850833,11,-0.122561,-0.123134,-0.123093,-0.122459,-0.122760
mobley_2850833,12,-0.122499,-0.123223,-0.123293,-0.122438,-0.122754
mobley_2850833,13,-0.116016,-0.116219,-0.115599,-0.115586,-0.115626
mobley_2850833,14,-0.127476,-0.127093,-0.125242,-0.126783,-0.126459
mobley_2859600,0,-0.182363,-0.175189,-0.183019,-0.184588,-0.189093
mobley_2859600,1,0.089398,0.095655,0.092904,0.093298,0.089830
mobley_2859600,2,-0.316380,-0.318836,-0.308425,-0.314576,-0.306257
mobley_2859600,3,0.041481,0.046335,0.040338,0.040557,0.039935
mobley_2859600,4,-0.164614,-0.161536,-0.165044,-0.165209,-0.164639
mobley_2859600,5,-0.134276,-0.130410,-0.130152,-0.133018,-0.129247
mobley_2859600,6,-0.170310,-0.168032,-0.169869,-0.170645,-0.169403
mobley_2859600,7,-0.059190,-0.056170,-0.069000,-0.066156,-0.069525
mobley_2859600,8,-0.117141,-0.117272,-0.116608,-0.116797,-0.116790
mobley_2859600,9,-0.114456,-0.114643,-0.113897,-0.114176,-0.114113
mobley_2859600,10,-0.108478,-0.108792,-0.108274,-0.108167,-0.108240
mobley_2859600,11,-0.118958,-0.119596,-0.119626,-0.118824,-0.119176
mobley_2859600,12,-0.112939,-0.113417,-0.113015,-0.112724,-0.112884
mobley_2859600,13,-0.111815,-0.112240,-0.111777,-0.111579,-0.111710
mobley_2859600,14,-0.113140,-0.113621,-0.113241,-0.112931,-0.113105
mobley_2859600,15,-0.115105,-0.115602,-0.115295,-0.114831,-0.115049
mobley_2864987,0,0.984142,0.992476,1.006577,0.988973,1.001500
mobley_2864987,1,0.604764,0.610664,0.622156,0.616699,0.626565
mobley_2864987,2,0.196642,0.201438,0.200316,0.198494,0.201106
mobley_2864987,3,-0.006772,-0.010349,0.003240,0.000338,0.005009
mobley_2864987,4,0.657418,0.669103,0.671427,0.656170,0.668745
mobley_2864987,5,-1.944392,-1.940713,-1.955333,-1.949641,-1.955827
mobley_2864987,6,-0.148296,-0.147755,-0.149317,-0.147558,-0.148065
mobley_2864987,7,-0.154279,-0.153771,-0.155389,-0.153587,-0.154075
mobley_2864987,8,-0.148342,-0.147810,-0.149354,-0.147604,-0.148098
mobley_2864987,9,-0.375415,-0.373008,-0.384947,-0.378045,-0.381528
mobley_2864987,10,-0.367333,-0.364930,-0.376070,-0.369682,-0.372775
mobley_2864987,11,-0.445590,-0.442997,-0.455242,-0.448934,-0.451225
mobley_2864987,12,-0.450969,-0.448444,-0.460327,-0.454453,-0.456325
mobley_2864987,13,-0.570667,-0.567034,-0.588622,-0.581356,-0.585707
mobley_2864987,14,-0.201376,-0.200016,-0.204141,-0.201270,-0.202183
mobley_2864987,15,-0.196491,-0.195148,-0.199256,-0.196348,-0.197331
mobley_2864987,16,-0.202145,-0.200929,-0.204963,-0.202240,-0.202977
mobley_2864987,17,-0.127426,-0.127369,-0.126957,-0.126352,-0.127108
mobley_2881590,0,0.292893,0.311492,0.313232,0.295730,0.311734
mobley_2881590,1,0.381710,0.372642,0.430409,0.411366,0.434958
mobley_2881590,2,1.109754,1.138104,1.147300,1.125838,1.143629
mobley_2881590,3,-0.025979,-0.018542,-0.005910,-0.011973,-0.009867
mobley_2881590,4,-1.848336,-1.847918,-1.850673,-1.848837,-1.850573
mobley_2881590,5,3.214666,3.174194,3.197991,3.161199,3.178900
mobley_2881590,6,-1.778161,-1.778786,-1.777263,-1.777819,-1.777778
mobley_2881590,7,-1.766602,-1.767332,-1.764856,-1.765738,-1.765429
mobley_2881590,8,-0.180940,-0.180019,-0.181653,-0.179839,-0.179897
mobley_2881590,9,-0.176214,-0.175503,-0.177218,-0.175510,-0.175583
mobley_2881590,10,-0.191720,-0.190848,-0.193235,-0.191080,-0.191371
mobley_2881590,11,-0.818788,-0.814454,-0.848863,-0.835375,-0.843477
mobley_2881590,12,-0.184895,-0.184173,-0.186206,-0.184232,-0.184359
mobley_2881590,13,-0.188371,-0.187428,-0.189820,-0.187647,-0.187917
mobley_2881590,14,-0.184461,-0.183581,-0.185938,-0.183789,-0.184097
mobley_2881590,15,-0.328932,-0.326099,-0.334871,-0.331233,-0.331679
mobley_2881590,16,-0.335976,-0.332995,-0.342019,-0.338365,-0.338733
mobley_2913224,0,0.157044,0.145314,0.172936,0.151442,0.166670
mobley_2913224,1,1.071288,1.074903,1.104387,1.066530,1.096806
mobley_2913224,2,-1.851871,-1.852407,-1.850810,-1.851379,-1.851003
mobley_2913224,3,-1.950734,-1.951260,-1.953653,-1.951070,-1.952772
mobley_2913224,4,-0.226754,-0.225441,-0.264138,-0.251499,-0.268071
mobley_2913224,5,-0.488700,-0.490173,-0.486404,-0.489444,-0.486316
mobley_2913224,6,-0.176650,-0.174344,-0.174525,-0.176394,-0.173059
mobley_2913224,7,-0.204285,-0.200896,-0.198410,-0.200972,-0.197711
mobley_2913224,8,-0.208044,-0.206488,-0.209487,-0.212199,-0.208890
mobley_2913224,9,-0.492391,-0.496418,-0.482699,-0.490439,-0.482043
mobley_2913224,10,-0.336232,-0.343920,-0.377895,-0.351886,-0.383019
mobley_2913224,11,-1.867427,-1.866772,-1.864464,-1.865292,-1.864906
mobley_2913224,12,-1.865378,-1.866360,-1.863924,-1.865089,-1.864034
mobley_2913224,13,-0.119327,-0.119220,-0.119339,-0.118673,-0.118904
mobley_2913224,14,-0.113500,-0.113555,-0.113408,-0.112984,-0.113076
mobley_2913224,15,-0.119755,-0.119661,-0.119722,-0.119102,-0.119319
mobley_2913224,16,-0.129630,-0.130192,-0.130233,-0.129449,-0.129815
mobley_2913224,17,-0.114308,-0.114768,-0.114398,-0.114094,-0.114264
mobley_2913224,18,-0.113862,-0.114355,-0.114009,-0.113668,-0.113852
mobley_2913224,19,-0.132491,-0.133135,-0.133417,-0.132378,-0.132807
mobley_2913224,20,-0.166125,-0.166258,-0.166488,-0.165960,-0.166382
mobley_2923700,0,0.616909,0.620879,0.623894,0.608261,0.616543
mobley_2923700,1,0.271132,0.264185,0.277011,0.273867,0.280346
mobley_2923700,2,-0.310137,-0.313496,-0.298951,-0.306498,-0.296833
mobley_2923700,3,-0.317915,-0.314179,-0.327364,-0.324044,-0.325627
mobley_2923700,4,-0.372364,-0.374658,-0.369417,-0.372030,-0.368428
mobley_2923700,5,-0.399824,-0.402756,-0.389103,-0.396843,-0.391283
mobley_2923700,6,-0.481640,-0.483348,-0.479900,-0.482530,-0.479772
mobley_2923700,7,-0.321739,-0.320611,-0.334650,-0.331254,-0.332167
mobley_2923700,8,-1.865466,-1.865857,-1.865243,-1.865308,-1.865474
mobley_2923700,9,-0.127879,-0.127648,-0.127896,-0.126880,-0.126997
mobley_2923700,10,-0.125824,-0.125504,-0.125670,-0.124624,-0.124727
mobley_2923700,11,-0.127939,-0.127708,-0.127955,-0.126942,-0.127059
mobley_2923700,12,-0.242914,-0.242413,-0.247786,-0.243223,-0.245317
mobley_2923700,13,-0.242884,-0.242391,-0.247769,-0.243204,-0.245298
mobley_2923700,14,-0.125473,-0.126189,-0.126194,-0.125258,-0.125514
mobley_2923700,15,-0.136040,-0.136917,-0.137974,-0.136460,-0.137107
mobley_2923700,16,-0.123590,-0.124221,-0.124196,-0.123498,-0.123797
mobley_2923700,17,-0.124889,-0.125560,-0.125592,-0.124679,-0.124963
mobley_2923700,18,-0.162255,-0.162373,-0.162497,-0.161892,-0.162435
mobley_2925352,0,0.279409,0.276270,0.272082,0.264738,0.266135
mobley_2925352,1,-0.208146,-0.208245,-0.189908,-0.198387,-0.185786
mobley_2925352,2,-0.340408,-0.337277,-0.345871,-0.343620,-0.344792
mobley_2925352,3,-0.372603,-0.375331,-0.370120,-0.372799,-0.369188
mobley_2925352,4,-0.383396,-0.385901,-0.373005,-0.380711,-0.375655
mobley_2925352,5,-0.483561,-0.485465,-0.481674,-0.484492,-0.481584
mobley_2925352,6,-0.346620,-0.345812,-0.354403,-0.352509,-0.352404
mobley_2925352,7,-1.864937,-1.865325,-1.864731,-1.864790,-1.864963
mobley_2925352,8,-0.118722,-0.118791,-0.118805,-0.117982,-0.118199
mobley_2925352,9,-0.120772,-0.120811,-0.121023,-0.120135,-0.120405
mobley_2925352,10,-0.118620,-0.118692,-0.118705,-0.117882,-0.118098
mobley_2925352,11,-0.121231,-0.121946,-0.121943,-0.121140,-0.121421
mobley_2925352,12,-0.135038,-0.135899,-0.136954,-0.135462,-0.136119
mobley_2925352,13,-0.122971,-0.123589,-0.123565,-0.122883,-0.123188
mobley_2925352,14,-0.120756,-0.121427,-0.121434,-0.120657,-0.120957
mobley_2925352,15,-0.162170,-0.162288,-0.162417,-0.161809,-0.162356
mobley_2929847,0,0.938084,0.971171,0.952391,0.944142,0.952968
mobley_2929847,1,0.463288,0.454724,0.505775,0.486989,0.511826
mobley_2929847,2,0.544739,0.568492,0.547267,0.537082,0.546247
mobley_2929847,3,-0.128213,-0.132764,-0.122331,-0.127354,-0.122910
mobley_2929847,4,-0.278571,-0.279195,-0.289570,-0.286667,-0.292086
mobley_2929847,5,-1.829549,-1.829773,-1.828770,-1.829068,-1.828916
mobley_2929847,6,-1.845916,-1.846377,-1.844488,-1.845229,-1.844833
mobley_2929847,7,-0.191479,-0.190768,-0.192994,-0.190840,-0.191034
mobley_2929847,8,-0.189688,-0.188952,-0.191294,-0.189080,-0.189345
mobley_2929847,9,-0.191778,-0.190967,-0.193325,-0.191120,-0.191361
mobley_2929847,10,-0.768776,-0.765431,-0.795334,-0.782749,-0.790437
mobley_2929847,11,-0.183897,-0.182992,-0.184270,-0.182454,-0.182222
mobley_2929847,12,-0.181706,-0.180890,-0.182385,-0.180552,-0.180524
mobley_2929847,13,-0.181019,-0.180304,-0.181585,-0.179884,-0.179657
mobley_2929847,14,-0.310870,-0.309481,-0.316833,-0.312641,-0.313944
mobley_2929847,15,-0.302682,-0.301562,-0.308450,-0.304447,-0.305619
mobley_2929847,16,-0.153743,-0.153817,-0.153350,-0.152998,-0.153339
mobley_2958326,0,0.830187,0.840618,0.854196,0.836279,0.848949
mobley_2958326,1,0.695412,0.709484,0.731606,0.728858,0.731751
mobley_2958326,2,0.074942,0.061962,0.079361,0.069591,0.080891
mobley_2958326,3,-2.902960,-2.900487,-2.924495,-2.911825,-2.925300
mobley_2958326,4,-0.029147,-0.036356,-0.020519,-0.028233,-0.020599
mobley_2958326,5,0.625079,0.630783,0.663409,0.652410,0.664747
mobley_2958326,6,0.438026,0.444966,0.459904,0.436646,0.455998
mobley_2958326,7,-0.147279,-0.146734,-0.148270,-0.146556,-0.147050
mobley_2958326,8,-0.148247,-0.147672,-0.149275,-0.147515,-0.148028
mobley_2958326,9,-0.150073,-0.149569,-0.151037,-0.149345,-0.149783
mobley_2958326,10,-0.390741,-0.387754,-0.401696,-0.393703,-0.397825
mobley_2958326,11,-0.372061,-0.369148,-0.382229,-0.374637,-0.378600
mobley_2958326,12,-0.343251,-0.339567,-0.349660,-0.342381,-0.345556
mobley_2958326,13,-0.387217,-0.383450,-0.395393,-0.387221,-0.390644
mobley_2958326,14,-0.137848,-0.136774,-0.138504,-0.136933,-0.138565
mobley_2958326,15,-0.323562,-0.320178,-0.328796,-0.322555,-0.324945
mobley_2958326,16,-0.353069,-0.349747,-0.359694,-0.352752,-0.355418
mobley_2958326,17,-0.376492,-0.374079,-0.386231,-0.379252,-0.382550
mobley_2958326,18,-0.356906,-0.354151,-0.366315,-0.359217,-0.362843
mobley_2958326,19,-0.139305,-0.138875,-0.139759,-0.138498,-0.138792
mobley_2958326,20,-0.135991,-0.135628,-0.136259,-0.135101,-0.135257
mobley_2958326,21,-0.139585,-0.139038,-0.139751,-0.138434,-0.138650
mobley_2960202,0,-0.205293,-0.197392,-0.204291,-0.207874,-0.206600
mobley_2960202,1,0.871035,0.868489,0.905938,0.869554,0.887281
mobley_2960202,2,0.871058,0.868515,0.905960,0.869577,0.887307
mobley_2960202,3,-0.205291,-0.197389,-0.204288,-0.207872,-0.206598
mobley_2960202,4,-0.471577,-0.476473,-0.474677,-0.475890,-0.473300
mobley_2960202,5,-0.471577,-0.476473,-0.474677,-0.475890,-0.473300
mobley_2960202,6,-0.063213,-0.062857,-0.062533,-0.062755,-0.062881
mobley_2960202,7,-0.063213,-0.062857,-0.062532,-0.062754,-0.062881
mobley_2960202,8,-2.137241,-2.137480,-2.148037,-2.138565,-2.145269
mobley_2960202,9,0.979291,0.980105,1.000414,0.972848,0.985228
mobley_2960202,10,0.979263,0.980071,1.000382,0.972817,0.985197
mobley_2960202,11,-0.333331,-0.326753,-0.330463,-0.332273,-0.332294
mobley_2960202,12,-0.463377,-0.468035,-0.464824,-0.466990,-0.464618
mobley_2960202,13,-0.463376,-0.468034,-0.464823,-0.466990,-0.464617
mobley_2960202,14,-0.333328,-0.326750,-0.330459,-0.332269,-0.332291
mobley_2960202,15,-0.074529,-0.074317,-0.074231,-0.074252,-0.074476
mobley_2960202,16,-0.071457,-0.071203,-0.071101,-0.071217,-0.071390
mobley_2960202,17,-0.071458,-0.071203,-0.071101,-0.071218,-0.071391
mobley_2960202,18,-0.074530,-0.074318,-0.074232,-0.074252,-0.074477
mobley_2960202,19,-2.137240,-2.137478,-2.148035,-2.138564,-2.145268
mobley_2960202,20,-0.133094,-0.133516,-0.133569,-0.132682,-0.133144
mobley_2960202,21,-0.133094,-0.133516,-0.133569,-0.132682,-0.133144
mobley_296847,0,-0.089551,-0.085203,-0.082709,-0.084902,-0.083707
mobley_296847,1,-0.176092,-0.174363,-0.172121,-0.174249,-0.171664
mobley_296847,2,-0.229227,-0.230358,-0.234222,-0.237385,-0.237128
mobley_296847,3,-2.583388,-2.584589,-2.583340,-2.582825,-2.583360
mobley_296847,4,-0.229229,-0.230359,-0.234224,-0.237387,-0.237130
mobley_296847,5,-0.176091,-0.174362,-0.172120,-0.174249,-0.171663
mobley_296847,6,-0.110203,-0.110621,-0.110084,-0.109987,-0.110059
mobley_296847,7,-0.110940,-0.111372,-0.110899,-0.110729,-0.110841
mobley_296847,8,-0.117491,-0.117755,-0.117152,-0.117277,-0.117299
mobley_296847,9,-0.117491,-0.117755,-0.117152,-0.117278,-0.117299
mobley_296847,10,-0.110940,-0.111372,-0.110899,-0.110729,-0.110841
mobley_2972345,0,-0.144389,-0.138975,-0.141578,-0.142849,-0.140254
mobley_2972345,1,-0.144388,-0.138977,-0.141579,-0.142851,-0.140257
mobley_2972345,2,-0.132416,-0.125773,-0.143797,-0.135376,-0.141806
mobley_2972345,3,-0.361093,-0.360394,-0.344304,-0.357956,-0.341226
mobley_2972345,4,-0.361096,-0.360397,-0.344308,-0.357959,-0.341231
mobley_2972345,5,-0.132419,-0.125776,-0.143800,-0.135380,-0.141810
mobley_2972345,6,-0.195608,-0.200676,-0.198710,-0.202736,-0.198895
mobley_2972345,7,-0.361094,-0.360394,-0.344305,-0.357957,-0.341226
mobley_2972345,8,-0.132421,-0.125777,-0.143801,-0.135382,-0.141812
mobley_2972345,9,-0.144388,-0.138976,-0.141579,-0.142850,-0.140256
mobley_2972345,10,-0.144389,-0.138977,-0.141579,-0.142849,-0.140256
mobley_2972345,11,-0.132418,-0.125774,-0.143798,-0.135378,-0.141808
mobley_2972345,12,-0.361095,-0.360397,-0.344307,-0.357960,-0.341230
mobley_2972345,13,-0.195606,-0.200675,-0.198708,-0.202735,-0.198894
mobley_2972345,14,-0.114956,-0.115473,-0.115152,-0.114750,-0.114966
mobley_2972345,15,-0.114956,-0.115473,-0.115152,-0.114750,-0.114966
mobley_2972345,16,-0.125348,-0.126087,-0.126265,-0.125209,-0.125658
mobley_2972345,17,-0.125347,-0.126087,-0.126265,-0.125208,-0.125658
mobley_2972345,18,-0.214102,-0.214415,-0.217020,-0.212924,-0.214479
mobley_2972345,19,-0.206385,-0.206249,-0.208256,-0.204180,-0.205842
mobley_2972345,20,-0.125348,-0.126087,-0.126265,-0.125209,-0.125658
mobley_2972345,21,-0.114956,-0.115473,-0.115152,-0.114750,-0.114966
mobley_2972345,22,-0.114956,-0.115473,-0.115152,-0.114750,-0.114966
mobley_2972345,23,-0.125347,-0.126087,-0.126265,-0.125208,-0.125658
mobley_2972345,24,-0.214103,-0.214415,-0.217021,-0.212924,-0.214479
mobley_2972345,25,-0.206385,-0.206248,-0.208256,-0.204180,-0.205842
mobley_2972906,0,-0.101403,-0.100380,-0.094091,-0.102783,-0.097977
mobley_2972906,1,-0.101403,-0.100380,-0.094091,-0.102782,-0.097977
mobley_2972906,2,-0.558803,-0.559617,-0.559895,-0.561376,-0.562106
mobley_2972906,3,-0.331669,-0.331271,-0.329780,-0.330108,-0.330207
mobley_2972906,4,-0.558803,-0.559617,-0.559895,-0.561376,-0.562107
mobley_2972906,5,-0.113102,-0.113355,-0.112641,-0.112863,-0.112817
mobley_2972906,6,-0.113102,-0.113355,-0.112641,-0.112863,-0.112817
mobley_2972906,7,-0.127349,-0.127486,-0.127096,-0.127200,-0.127457
mobley_2972906,8,-0.127349,-0.127486,-0.127096,-0.127200,-0.127457
mobley_299266,0,0.234110,0.232136,0.224587,0.216861,0.218159
mobley_299266,1,0.147597,0.157964,0.192837,0.182919,0.198522
mobley_299266,2,-0.340552,-0.330548,-0.345522,-0.340811,-0.351426
mobley_299266,3,0.234110,0.232133,0.224585,0.216860,0.218160
mobley_299266,4,-0.118400,-0.118443,-0.118430,-0.117713,-0.117823
mobley_299266,5,-0.118231,-0.118297,-0.118358,-0.117638,-0.117779
mobley_299266,6,-0.118231,-0.118297,-0.118358,-0.117638,-0.117779
mobley_299266,7,-0.109829,-0.110073,-0.109345,-0.109546,-0.109502
mobley_299266,8,-0.109829,-0.110073,-0.109345,-0.109546,-0.109502
mobley_299266,9,-0.118231,-0.118297,-0.118358,-0.117638,-0.117779
mobley_299266,10,-0.118231,-0.118297,-0.118358,-0.117638,-0.117779
mobley_299266,11,-0.118400,-0.118443,-0.118430,-0.117713,-0.117823
mobley_2996632,0,-0.631601,-0.636468,-0.633707,-0.635225,-0.634677
mobley_2996632,1,-0.080232,-0.080260,-0.080110,-0.079947,-0.080265
mobley_2996632,2,-0.080232,-0.080260,-0.080110,-0.079947,-0.080265
mobley_2996632,3,-0.080232,-0.080260,-0.080110,-0.079947,-0.080265
mobley_2996632,4,-0.122283,-0.122538,-0.121942,-0.121991,-0.122244
mobley_3006808,0,0.341175,0.332839,0.354669,0.343650,0.350229
mobley_3006808,1,-0.259178,-0.255599,-0.266103,-0.261602,-0.261162
mobley_3006808,2,0.458827,0.458277,0.458782,0.458434,0.458665
mobley_3006808,3,0.463851,0.463248,0.463790,0.463323,0.463607
mobley_3006808,4,0.465117,0.464590,0.465123,0.464770,0.465096
mobley_3006808,5,-1.813548,-1.814044,-1.811520,-1.812551,-1.811895
mobley_3006808,6,-0.139282,-0.139108,-0.140591,-0.139552,-0.140108
mobley_3006808,7,-0.135868,-0.135691,-0.137044,-0.136058,-0.136591
mobley_3006808,8,-0.128981,-0.129007,-0.128493,-0.128161,-0.128597
mobley_303222,0,0.302159,0.296193,0.300771,0.288257,0.294511
mobley_303222,1,0.102896,0.108781,0.120116,0.113480,0.118595
mobley_303222,2,-0.282153,-0.275443,-0.282964,-0.283475,-0.287316
mobley_303222,3,-0.108282,-0.108443,-0.108123,-0.107812,-0.107876
mobley_303222,4,-0.109324,-0.109471,-0.109206,-0.108864,-0.108954
mobley_303222,5,-0.109324,-0.109471,-0.109206,-0.108864,-0.108954
mobley_303222,6,-0.104884,-0.105220,-0.104571,-0.104627,-0.104628
mobley_303222,7,-0.114998,-0.115180,-0.114447,-0.114704,-0.114661
mobley_303222,8,-0.115025,-0.115200,-0.114482,-0.114711,-0.114678
mobley_3034976,0,0.084698,0.074921,0.087154,0.072914,0.081821
mobley_3034976,1,-0.137200,-0.132853,-0.141703,-0.133596,-0.143312
mobley_3034976,2,-1.821942,-1.821976,-1.820431,-1.820914,-1.820713
mobley_3034976,3,-1.840281,-1.840873,-1.838202,-1.839371,-1.838483
mobley_3034976,4,-0.109026,-0.109199,-0.108851,-0.108643,-0.108676
mobley_3034976,5,-0.110934,-0.111049,-0.110792,-0.110496,-0.110582
mobley_3034976,6,-0.110934,-0.111049,-0.110792,-0.110496,-0.110582
mobley_3034976,7,-0.146778,-0.146898,-0.146379,-0.146081,-0.146394
mobley_3040612,0,0.959455,0.963841,0.976953,0.957380,0.967204
mobley_3040612,1,0.239872,0.231589,0.243251,0.240433,0.245845
mobley_3040612,2,-0.442876,-0.445473,-0.443252,-0.443530,-0.441077
mobley_3040612,3,-0.127454,-0.119652,-0.150653,-0.140651,-0.148741
mobley_3040612,4,-0.151054,-0.145079,-0.149093,-0.149870,-0.147880
mobley_3040612,5,-0.194215,-0.189608,-0.193117,-0.193943,-0.191487
mobley_3040612,6,-0.216149,-0.208567,-0.228838,-0.222488,-0.225870
mobley_3040612,7,-0.335861,-0.339551,-0.327726,-0.334892,-0.326398
mobley_3040612,8,0.596975,0.598249,0.588717,0.581018,0.575561
mobley_3040612,9,-0.134986,-0.134599,-0.134877,-0.133677,-0.133757
mobley_3040612,10,-0.135046,-0.134677,-0.135060,-0.133835,-0.133935
mobley_3040612,11,-0.133082,-0.132605,-0.132788,-0.131564,-0.131603
mobley_3040612,12,-0.235677,-0.235001,-0.239056,-0.235007,-0.236573
mobley_3040612,13,-0.268182,-0.267154,-0.272117,-0.267357,-0.269101
mobley_3040612,14,-0.127108,-0.127869,-0.127958,-0.126895,-0.127220
mobley_3040612,15,-0.115502,-0.116030,-0.115732,-0.115296,-0.115519
mobley_3040612,16,-0.115119,-0.115630,-0.115321,-0.114909,-0.115128
mobley_3040612,17,-0.123380,-0.124154,-0.124238,-0.123286,-0.123631
mobley_3040612,18,-0.138480,-0.138105,-0.138367,-0.136835,-0.137089
mobley_3040612,19,-0.139446,-0.139185,-0.139729,-0.138254,-0.138535
mobley_3040612,20,-0.137157,-0.136891,-0.137412,-0.135954,-0.136280
mobley_3047364,0,0.854021,0.856300,0.893010,0.859885,0.881237
mobley_3047364,1,0.152688,0.136193,0.162328,0.152697,0.163923
mobley_3047364,2,-2.736779,-2.738900,-2.741856,-2.736064,-2.741851
mobley_3047364,3,-0.367035,-0.369553,-0.364213,-0.367249,-0.364561
mobley_3047364,4,1.008037,1.013482,1.072424,1.023382,1.043110
mobley_3047364,5,-0.383534,-0.387354,-0.385655,-0.386809,-0.385120
mobley_3047364,6,0.245828,0.202113,0.234474,0.184910,0.207327
mobley_3047364,7,-0.682675,-0.685203,-0.683927,-0.685473,-0.684845
mobley_3047364,8,-0.539301,-0.574888,-0.544282,-0.586590,-0.556938
mobley_3047364,9,-0.332840,-0.332619,-0.331398,-0.331430,-0.331934
mobley_3047364,10,-0.371232,-0.377600,-0.375898,-0.382610,-0.380445
mobley_3047364,11,-2.877857,-2.878913,-2.896970,-2.884191,-2.894625
mobley_3047364,12,-0.004885,-0.010188,0.006584,0.001737,0.008121
mobley_3047364,13,1.192748,1.218989,1.254081,1.216097,1.239731
mobley_3047364,14,0.390803,0.400429,0.413909,0.389146,0.409544
mobley_3047364,15,-0.143379,-0.142873,-0.144329,-0.142571,-0.143118
mobley_3047364,16,-0.147242,-0.146567,-0.148378,-0.146387,-0.147111
mobley_3047364,17,-0.139410,-0.138795,-0.140306,-0.138544,-0.139192
mobley_3047364,18,-0.222541,-0.220409,-0.226153,-0.221347,-0.223678
mobley_3047364,19,-0.253723,-0.251477,-0.258472,-0.252852,-0.255522
mobley_3047364,20,-0.150207,-0.149798,-0.150237,-0.149029,-0.150279
mobley_3047364,21,-0.116799,-0.117100,-0.116570,-0.116711,-0.116767
mobley_3047364,22,-0.117137,-0.117434,-0.116899,-0.117044,-0.117099
mobley_3047364,23,-0.115355,-0.115670,-0.115148,-0.115334,-0.115388
mobley_3047364,24,-0.172984,-0.172383,-0.173327,-0.171503,-0.173029
mobley_3047364,25,-0.632510,-0.627991,-0.651691,-0.638864,-0.645820
mobley_3047364,26,-0.189323,-0.188292,-0.190828,-0.188274,-0.188758
mobley_3047364,27,-0.171849,-0.170922,-0.172963,-0.170721,-0.171199
mobley_3047364,28,-0.173338,-0.172642,-0.174439,-0.172359,-0.172624
mobley_3047364,29,-0.197568,-0.196291,-0.198945,-0.196238,-0.196821
mobley_3047364,30,-0.190175,-0.188941,-0.190908,-0.188440,-0.188652
mobley_3047364,31,-0.183821,-0.182749,-0.184793,-0.182454,-0.182777
mobley_3053621,0,-0.121700,-0.118956,-0.119121,-0.121548,-0.119205
mobley_3053621,1,-0.121699,-0.118956,-0.119121,-0.121546,-0.119205
mobley_3053621,2,-0.121700,-0.118956,-0.119121,-0.121547,-0.119204
mobley_3053621,3,-0.121700,-0.118958,-0.119122,-0.121548,-0.119205
mobley_3053621,4,-0.121701,-0.118958,-0.119123,-0.121549,-0.119207
mobley_3053621,5,-0.121701,-0.118958,-0.119122,-0.121548,-0.119206
mobley_3053621,6,-0.111132,-0.111548,-0.111059,-0.110902,-0.111011
mobley_3053621,7,-0.111132,-0.111548,-0.111059,-0.110902,-0.111011
mobley_3053621,8,-0.111132,-0.111548,-0.111059,-0.110902,-0.111011
mobley_3053621,9,-0.111132,-0.111548,-0.111059,-0.110902,-0.111011
mobley_3053621,10,-0.111132,-0.111548,-0.111059,-0.110902,-0.111011
mobley_3053621,11,-0.111132,-0.111548,-0.111059,-0.110902,-0.111011
mobley_3060426,0,0.977796,1.013475,0.986062,0.976369,0.986044
mobley_3060426,1,0.482946,0.474706,0.528839,0.505783,0.535800
mobley_3060426,2,1.468918,1.508804,1.487467,1.481789,1.488787
mobley_3060426,3,1.517717,1.533718,1.530824,1.524681,1.551943
mobley_3060426,4,0.739282,0.767357,0.712511,0.727328,0.739665
mobley_3060426,5,0.527026,0.501627,0.612246,0.551733,0.626002
mobley_3060426,6,0.956340,1.010350,0.951567,0.950907,0.954481
mobley_3060426,7,1.325493,1.392298,1.316843,1.322125,1.332339
mobley_3060426,8,0.827679,0.875579,0.821905,0.823216,0.820844
mobley_3060426,9,-0.190399,-0.189691,-0.191009,-0.189445,-0.188984
mobley_3060426,10,-0.185014,-0.184203,-0.185511,-0.183902,-0.183700
mobley_3060426,11,-0.200516,-0.199158,-0.200729,-0.198678,-0.198435
mobley_3060426,12,-0.929057,-0.925667,-0.959616,-0.945761,-0.953658
mobley_3060426,13,-0.205662,-0.204782,-0.207458,-0.205038,-0.205245
mobley_3060426,14,-0.209410,-0.208610,-0.211184,-0.208815,-0.208956
mobley_3060426,15,-0.206448,-0.205514,-0.208120,-0.205750,-0.205912
mobley_3060426,16,-0.541705,-0.537982,-0.544807,-0.538995,-0.538681
mobley_3060426,17,-0.564168,-0.560836,-0.567880,-0.562363,-0.561409
mobley_3060426,18,-0.708423,-0.705000,-0.714712,-0.708555,-0.707095
mobley_3060426,19,-0.675909,-0.672259,-0.682133,-0.675529,-0.674986
mobley_3060426,20,-0.280913,-0.279073,-0.281342,-0.279063,-0.277799
mobley_3060426,21,-0.273758,-0.272609,-0.274583,-0.272877,-0.271301
mobley_3060426,22,-0.268493,-0.267182,-0.269488,-0.267515,-0.266396
mobley_3060426,23,-0.303318,-0.301948,-0.306050,-0.303244,-0.302527
mobley_3060426,24,-0.299957,-0.298791,-0.302620,-0.299913,-0.299166
mobley_3060426,25,-0.301772,-0.300401,-0.304494,-0.301696,-0.300998
mobley_3060426,26,-0.256869,-0.255691,-0.257564,-0.255831,-0.254702
mobley_3060426,27,-0.271715,-0.269954,-0.271888,-0.269803,-0.268500
mobley_3060426,28,-0.262370,-0.261353,-0.263003,-0.261509,-0.259910
mobley_3083321,0,0.898032,0.896242,0.909730,0.888323,0.896334
mobley_3083321,1,-1.896400,-1.893050,-1.899023,-1.895274,-1.898691
mobley_3083321,2,-0.176886,-0.182015,-0.167545,-0.172214,-0.167557
mobley_3083321,3,-1.903150,-1.900175,-1.904239,-1.900869,-1.904018
mobley_3083321,4,0.039157,0.034556,0.048273,0.029373,0.040006
mobley_3083321,5,-0.124725,-0.124328,-0.124777,-0.124023,-0.124151
mobley_3083321,6,-0.126848,-0.126572,-0.127163,-0.126388,-0.126535
mobley_3083321,7,-0.123848,-0.123421,-0.123836,-0.123091,-0.123221
mobley_3083321,8,-0.196316,-0.194565,-0.198483,-0.196875,-0.196988
mobley_3083321,9,-0.207090,-0.205378,-0.210175,-0.208372,-0.208513
mobley_3083321,10,-0.122613,-0.122413,-0.122702,-0.122143,-0.122272
mobley_3083321,11,-0.116599,-0.116418,-0.116427,-0.116007,-0.116069
mobley_3083321,12,-0.125590,-0.125346,-0.125584,-0.125013,-0.125178
mobley_3105103,0,0.249059,0.250804,0.265942,0.243804,0.254419
mobley_3105103,1,-0.260095,-0.254346,-0.264605,-0.264344,-0.264413
mobley_3105103,2,-0.583459,-0.588505,-0.582286,-0.584188,-0.581753
mobley_3105103,3,-0.313630,-0.342344,-0.415577,-0.387743,-0.408839
mobley_3105103,4,-1.916059,-1.917775,-1.915765,-1.916014,-1.914999
mobley_3105103,5,-3.199313,-3.205015,-3.228163,-3.217257,-3.225577
mobley_3105103,6,-0.660126,-0.671484,-0.677005,-0.673184,-0.674238
mobley_3105103,7,-1.932758,-1.934434,-1.932906,-1.932583,-1.932180
mobley_3105103,8,-2.262102,-2.286669,-2.259093,-2.283502,-2.253454
mobley_3105103,9,-0.225753,-0.234666,-0.213251,-0.216081,-0.207050
mobley_3105103,10,1.406365,1.446454,1.483575,1.442235,1.478801
mobley_3105103,11,0.864776,0.898286,0.913210,0.885996,0.907208
mobley_3105103,12,1.206321,1.244095,1.289433,1.243700,1.284242
mobley_3105103,13,-0.048210,-0.046229,-0.046962,-0.046951,-0.048467
mobley_3105103,14,-0.122538,-0.122497,-0.122553,-0.121626,-0.121797
mobley_3105103,15,-0.125572,-0.125404,-0.125636,-0.124547,-0.124828
mobley_3105103,16,-0.124838,-0.124669,-0.124883,-0.123810,-0.124088
mobley_3105103,17,0.036722,0.036553,0.050348,0.034395,0.046290
mobley_3105103,18,-0.258573,-0.256862,-0.260795,-0.257663,-0.257703
mobley_3105103,19,-0.292006,-0.290116,-0.295058,-0.291523,-0.291536
mobley_3105103,20,-0.264768,-0.263016,-0.266166,-0.263245,-0.262909
mobley_3105103,21,-0.215444,-0.214104,-0.214571,-0.212839,-0.211728
mobley_3105103,22,-0.232685,-0.231397,-0.232863,-0.230731,-0.229994
mobley_3105103,23,-0.223065,-0.221891,-0.223083,-0.221142,-0.220321
mobley_3105103,24,-0.271806,-0.269881,-0.273319,-0.270212,-0.269934
mobley_3105103,25,-0.307380,-0.305242,-0.310843,-0.306922,-0.307124
mobley_3105103,26,-0.271371,-0.269408,-0.273932,-0.270460,-0.270699
mobley_313406,0,0.638447,0.642591,0.650053,0.633606,0.645619
mobley_313406,1,0.365456,0.365796,0.380023,0.375050,0.381401
mobley_313406,2,0.007684,0.004485,0.007160,0.004420,0.007065
mobley_313406,3,-1.809951,-1.809742,-1.809096,-1.809116,-1.809592
mobley_313406,4,-0.141810,-0.141382,-0.142650,-0.141146,-0.141561
mobley_313406,5,-0.138965,-0.138513,-0.139792,-0.138286,-0.138744
mobley_313406,6,-0.138965,-0.138513,-0.139792,-0.138286,-0.138744
mobley_313406,7,-0.281525,-0.279545,-0.289233,-0.284027,-0.286898
mobley_313406,8,-0.281525,-0.279545,-0.289233,-0.284027,-0.286898
mobley_313406,9,-0.191765,-0.190582,-0.194796,-0.192622,-0.193478
mobley_313406,10,-0.191765,-0.190582,-0.194796,-0.192622,-0.193478
mobley_313406,11,-0.130787,-0.130873,-0.130272,-0.129980,-0.130380
mobley_3144334,0,0.349484,0.349390,0.345950,0.337767,0.338813
mobley_3144334,1,-0.255525,-0.256777,-0.238084,-0.248007,-0.234759
mobley_3144334,2,-0.291333,-0.287339,-0.294828,-0.294644,-0.292799
mobley_3144334,3,-0.321015,-0.317548,-0.327660,-0.326331,-0.325949
mobley_3144334,4,-0.274473,-0.278664,-0.256549,-0.267406,-0.254857
mobley_3144334,5,-0.354316,-0.355240,-0.342278,-0.352703,-0.345097
mobley_3144334,6,-0.421414,-0.418473,-0.422760,-0.423216,-0.422744
mobley_3144334,7,-1.877151,-1.877591,-1.878404,-1.877577,-1.878470
mobley_3144334,8,0.218330,0.213267,0.201105,0.199088,0.195002
mobley_3144334,9,-0.118552,-0.118620,-0.118625,-0.117805,-0.118021
mobley_3144334,10,-0.120867,-0.120898,-0.121116,-0.120221,-0.120495
mobley_3144334,11,-0.119073,-0.119134,-0.119156,-0.118323,-0.118543
mobley_3144334,12,-0.124664,-0.125454,-0.125588,-0.124612,-0.124988
mobley_3144334,13,-0.129580,-0.130489,-0.130772,-0.129600,-0.129979
mobley_3144334,14,-0.137477,-0.138384,-0.138789,-0.137529,-0.137938
mobley_3144334,15,-0.137626,-0.137424,-0.136865,-0.137860,-0.137440
mobley_3144334,16,-0.143410,-0.143096,-0.144434,-0.142687,-0.143301
mobley_3144334,17,-0.143511,-0.143196,-0.144529,-0.142781,-0.143395
mobley_3144334,18,-0.144017,-0.143680,-0.144649,-0.142947,-0.143447
mobley_3151666,0,0.970451,0.979790,0.985269,0.970537,0.980460
mobley_3151666,1,1.062111,1.076745,1.085449,1.081189,1.087087
mobley_3151666,2,0.471502,0.481923,0.471583,0.478159,0.483079
mobley_3151666,3,0.568078,0.580128,0.570803,0.579881,0.584842
mobley_3151666,4,1.444590,1.455560,1.472272,1.463179,1.492480
mobley_3151666,5,1.493364,1.504699,1.522899,1.514044,1.543066
mobley_3151666,6,0.593511,0.603368,0.600076,0.606445,0.614380
mobley_3151666,7,0.522868,0.538896,0.524598,0.531527,0.532396
mobley_3151666,8,0.919467,0.925678,0.955077,0.940395,0.959762
mobley_3151666,9,0.120189,0.124064,0.120661,0.119766,0.119715
mobley_3151666,10,-1.800604,-1.800194,-1.800369,-1.800001,-1.800825
mobley_3151666,11,-0.149040,-0.148503,-0.150028,-0.148260,-0.148758
mobley_3151666,12,-0.155579,-0.155052,-0.156708,-0.154865,-0.155364
mobley_3151666,13,-0.149075,-0.148535,-0.150091,-0.148311,-0.148813
mobley_3151666,14,-0.350485,-0.348376,-0.357262,-0.352026,-0.353831
mobley_3151666,15,-0.328896,-0.326667,-0.335234,-0.329918,-0.332106
mobley_3151666,16,-0.473562,-0.471257,-0.483810,-0.476841,-0.479482
mobley_3151666,17,-0.456866,-0.454596,-0.466783,-0.459877,-0.462574
mobley_3151666,18,-0.523444,-0.520815,-0.535131,-0.526983,-0.530268
mobley_3151666,19,-0.508818,-0.506211,-0.520284,-0.512180,-0.515546
mobley_3151666,20,-0.472825,-0.469668,-0.481002,-0.473679,-0.476361
mobley_3151666,21,-0.494500,-0.491593,-0.502968,-0.495974,-0.497959
mobley_3151666,22,-0.497725,-0.494782,-0.506307,-0.499271,-0.501266
mobley_3151666,23,-0.475992,-0.472790,-0.484266,-0.476871,-0.479599
mobley_3151666,24,-0.514287,-0.511528,-0.526067,-0.517731,-0.521281
mobley_3151666,25,-0.532041,-0.529353,-0.544042,-0.535765,-0.539113
mobley_3151666,26,-0.444641,-0.442352,-0.452390,-0.446594,-0.448194
mobley_3151666,27,-0.461902,-0.459601,-0.470697,-0.464411,-0.466400
mobley_3151666,28,-0.449455,-0.446051,-0.459659,-0.453180,-0.455543
mobley_3151666,29,-0.445959,-0.442581,-0.456164,-0.449659,-0.452179
mobley_3151666,30,-0.227212,-0.225814,-0.231039,-0.228576,-0.229391
mobley_3151666,31,-0.221411,-0.219976,-0.225179,-0.222532,-0.223508
mobley_3151666,32,-0.121957,-0.121958,-0.121400,-0.121000,-0.121577
mobley_3167746,0,1.038929,1.051268,1.059398,1.044934,1.054391
mobley_3167746,1,0.829373,0.844259,0.845555,0.851527,0.853723
mobley_3167746,2,0.850569,0.866063,0.856531,0.862640,0.873494
mobley_3167746,3,1.024506,1.044597,1.040147,1.045914,1.060249
mobley_3167746,4,1.024507,1.044599,1.040149,1.045915,1.060250
mobley_3167746,5,0.850570,0.866064,0.856530,0.862640,0.873497
mobley_3167746,6,0.829369,0.844259,0.845552,0.851525,0.853720
mobley_3167746,7,1.038934,1.051272,1.059403,1.044940,1.054393
mobley_3167746,8,-0.148089,-0.147576,-0.149071,-0.147339,-0.147811
mobley_3167746,9,-0.154177,-0.153677,-0.155251,-0.153464,-0.153936
mobley_3167746,10,-0.148089,-0.147577,-0.149072,-0.147340,-0.147812
mobley_3167746,11,-0.383582,-0.381310,-0.393604,-0.386637,-0.390192
mobley_3167746,12,-0.383583,-0.381310,-0.393604,-0.386637,-0.390192
mobley_3167746,13,-0.481868,-0.479278,-0.493001,-0.485182,-0.488613
mobley_3167746,14,-0.481866,-0.479276,-0.492998,-0.485179,-0.488610
mobley_3167746,15,-0.533433,-0.530533,-0.546153,-0.537070,-0.541263
mobley_3167746,16,-0.533429,-0.530530,-0.546150,-0.537067,-0.541260
mobley_3167746,17,-0.533433,-0.530533,-0.546152,-0.537069,-0.541262
mobley_3167746,18,-0.533430,-0.530530,-0.546150,-0.537067,-0.541260
mobley_3167746,19,-0.481867,-0.479277,-0.492998,-0.485181,-0.488612
mobley_3167746,20,-0.481867,-0.479277,-0.492998,-0.485181,-0.488612
mobley_3167746,21,-0.383582,-0.381311,-0.393604,-0.386638,-0.390192
mobley_3167746,22,-0.383582,-0.381311,-0.393604,-0.386638,-0.390192
mobley_3167746,23,-0.148089,-0.147577,-0.149072,-0.147340,-0.147812
mobley_3167746,24,-0.148089,-0.147576,-0.149071,-0.147340,-0.147811
mobley_3167746,25,-0.154177,-0.153677,-0.155251,-0.153464,-0.153936
mobley_3169935,0,-0.177540,-0.174244,-0.176179,-0.176585,-0.175911
mobley_3169935,1,-0.111320,-0.106471,-0.104052,-0.108117,-0.103752
mobley_3169935,2,-0.200618,-0.201274,-0.203188,-0.205129,-0.202797
mobley_3169935,3,-0.458504,-0.460786,-0.455831,-0.456920,-0.455359
mobley_3169935,4,-0.338736,-0.340127,-0.334043,-0.336931,-0.332616
mobley_3169935,5,-0.200662,-0.197757,-0.192608,-0.196379,-0.192700
mobley_3169935,6,-2.526088,-2.527579,-2.535070,-2.533416,-2.537154
mobley_3169935,7,-0.048815,-0.048036,-0.047189,-0.047614,-0.047754
mobley_3169935,8,-0.113016,-0.113484,-0.113074,-0.112804,-0.112956
mobley_3169935,9,-0.112353,-0.112792,-0.112361,-0.112120,-0.112269
mobley_3169935,10,-0.113941,-0.114314,-0.113816,-0.113676,-0.113776
mobley_3169935,11,-0.122477,-0.123153,-0.123313,-0.122399,-0.122793
mobley_3169935,12,-0.132432,-0.132305,-0.132270,-0.132019,-0.132480
mobley_3169935,13,-0.134431,-0.134367,-0.134315,-0.134075,-0.134488
mobley_3183805,0,0.345478,0.345532,0.341681,0.333330,0.334687
mobley_3183805,1,-0.242917,-0.244674,-0.223890,-0.234623,-0.220270
mobley_3183805,2,-0.279897,-0.274587,-0.286383,-0.284989,-0.283805
mobley_3183805,3,-0.233662,-0.229173,-0.247181,-0.242114,-0.244651
mobley_3183805,4,-0.345543,-0.349179,-0.336215,-0.343491,-0.333896
mobley_3183805,5,-0.333867,-0.337987,-0.325187,-0.332266,-0.323358
mobley_3183805,6,-0.096443,-0.085463,-0.128881,-0.113092,-0.130391
mobley_3183805,7,0.422120,0.424449,0.413072,0.407468,0.403147
mobley_3183805,8,0.370024,0.369998,0.357789,0.353552,0.347832
mobley_3183805,9,-0.119608,-0.119672,-0.119708,-0.118852,-0.119079
mobley_3183805,10,-0.121751,-0.121772,-0.122029,-0.121098,-0.121388
mobley_3183805,11,-0.119753,-0.119804,-0.119849,-0.118987,-0.119217
mobley_3183805,12,-0.124383,-0.125153,-0.125256,-0.124281,-0.124674
mobley_3183805,13,-0.129821,-0.130744,-0.131027,-0.129789,-0.130233
mobley_3183805,14,-0.137697,-0.138723,-0.139111,-0.137568,-0.138042
mobley_3183805,15,-0.126485,-0.126433,-0.126606,-0.125609,-0.125842
mobley_3183805,16,-0.125943,-0.125788,-0.125764,-0.124711,-0.124921
mobley_3183805,17,-0.126373,-0.126321,-0.126485,-0.125493,-0.125724
mobley_3183805,18,-0.125765,-0.125713,-0.125867,-0.124890,-0.125123
mobley_3183805,19,-0.125908,-0.125854,-0.126025,-0.125043,-0.125279
mobley_3183805,20,-0.125292,-0.125143,-0.125129,-0.124084,-0.124301
mobley_3187514,0,0.223483,0.218967,0.211259,0.207354,0.204988
mobley_3187514,1,-0.277748,-0.282002,-0.263255,-0.272217,-0.261945
mobley_3187514,2,-0.306800,-0.302164,-0.316268,-0.312198,-0.314322
mobley_3187514,3,-0.173171,-0.168793,-0.170390,-0.171819,-0.169420
mobley_3187514,4,-0.243814,-0.240853,-0.242643,-0.243762,-0.241080
mobley_3187514,5,-0.277989,-0.274968,-0.274243,-0.277200,-0.274163
mobley_3187514,6,-0.428347,-0.429871,-0.422695,-0.425867,-0.423135
mobley_3187514,7,-2.579290,-2.585784,-2.596434,-2.591790,-2.598659
mobley_3187514,8,-0.138350,-0.138138,-0.139046,-0.137474,-0.137961
mobley_3187514,9,-0.138694,-0.138464,-0.139376,-0.137787,-0.138299
mobley_3187514,10,-0.137032,-0.136793,-0.137343,-0.135845,-0.136245
mobley_3187514,11,-0.122967,-0.123723,-0.123812,-0.122875,-0.123212
mobley_3187514,12,-0.114991,-0.115507,-0.115199,-0.114787,-0.115002
mobley_3187514,13,-0.115158,-0.115661,-0.115358,-0.114950,-0.115166
mobley_3187514,14,-0.130202,-0.131045,-0.131499,-0.130244,-0.130739
mobley_3187514,15,-0.140274,-0.139978,-0.140173,-0.139750,-0.140379
mobley_3187514,16,-0.141634,-0.141296,-0.141513,-0.140876,-0.141582
mobley_3201701,0,-0.256779,-0.262911,-0.270556,-0.270166,-0.276087
mobley_3201701,1,-0.342696,-0.346777,-0.287863,-0.316785,-0.283117
mobley_3201701,2,-0.239213,-0.225130,-0.231962,-0.228788,-0.226992
mobley_3201701,3,0.056470,-0.004194,0.046174,0.008064,0.037781
mobley_3201701,4,-0.494146,-0.501156,-0.506623,-0.502945,-0.503064
mobley_3201701,5,2.518914,2.512654,2.516762,2.489958,2.484336
mobley_3201701,6,-0.062067,-0.055250,-0.064722,-0.059096,-0.058307
mobley_3201701,7,-1.704538,-1.708818,-1.695822,-1.708090,-1.706337
mobley_3201701,8,-0.563451,-0.568576,-0.562691,-0.564750,-0.561385
mobley_3201701,9,-1.914576,-1.915349,-1.911622,-1.912308,-1.911463
mobley_3201701,10,-2.738205,-2.742454,-2.737290,-2.736738,-2.736161
mobley_3201701,11,0.555751,0.547596,0.552501,0.532026,0.543665
mobley_3201701,12,0.127134,0.113475,0.142080,0.110185,0.134757
mobley_3201701,13,-2.841963,-2.843661,-2.851072,-2.843394,-2.850566
mobley_3201701,14,0.077615,0.067674,0.077397,0.061256,0.074319
mobley_3201701,15,0.041280,0.030384,0.042246,0.026373,0.039117
mobley_3201701,16,0.574356,0.580043,0.580420,0.563780,0.563133
mobley_3201701,17,-0.137223,-0.137065,-0.137145,-0.136074,-0.136152
mobley_3201701,18,-0.133858,-0.133499,-0.133304,-0.132173,-0.132291
mobley_3201701,19,-0.164860,-0.164217,-0.164595,-0.162871,-0.163316
mobley_3201701,20,-0.136902,-0.136379,-0.137027,-0.135726,-0.135997
mobley_3201701,21,-0.139580,-0.138997,-0.139487,-0.138247,-0.138499
mobley_3201701,22,-0.136379,-0.135812,-0.136549,-0.135262,-0.135596
mobley_3201701,23,-0.144627,-0.143980,-0.145072,-0.143546,-0.143990
mobley_3201701,24,-0.147383,-0.146698,-0.147532,-0.145967,-0.146291
mobley_3201701,25,-0.181814,-0.181659,-0.182344,-0.180741,-0.181075
mobley_3201701,26,-0.154804,-0.154006,-0.155161,-0.153267,-0.153762
mobley_3201701,27,-0.140747,-0.140083,-0.140816,-0.139363,-0.139748
mobley_3201701,28,-0.141262,-0.140647,-0.141381,-0.139813,-0.140150
mobley_3201701,29,-0.143597,-0.142947,-0.143749,-0.142103,-0.142460
mobley_3201701,30,-0.142381,-0.141689,-0.142511,-0.140979,-0.141403
mobley_3201701,31,-0.154423,-0.153623,-0.154772,-0.152880,-0.153368
mobley_3201701,32,-0.124309,-0.124127,-0.124190,-0.123167,-0.123375
mobley_3201701,33,-0.125648,-0.125464,-0.125621,-0.124550,-0.124777
mobley_3201701,34,-0.127336,-0.127077,-0.127123,-0.126016,-0.126247
mobley_3210206,0,0.436554,0.453483,0.480658,0.457448,0.474682
mobley_3210206,1,0.000603,0.006811,0.018603,0.012157,0.009999
mobley_3210206,2,-0.034770,-0.029829,-0.009047,-0.018818,-0.015572
mobley_3210206,3,-1.839165,-1.839380,-1.840246,-1.839201,-1.840187
mobley_3210206,4,2.973356,2.934207,2.958715,2.925658,2.940025
mobley_3210206,5,-1.777899,-1.778520,-1.776968,-1.777540,-1.777483
mobley_3210206,6,-1.766924,-1.767645,-1.765163,-1.766059,-1.765734
mobley_3210206,7,-1.918606,-1.916190,-1.926090,-1.921523,-1.925691
mobley_3210206,8,3.620137,3.582476,3.604046,3.577675,3.589383
mobley_3210206,9,-1.782561,-1.783227,-1.781730,-1.782353,-1.782247
mobley_3210206,10,-1.776333,-1.777365,-1.774720,-1.775726,-1.775274
mobley_3210206,11,-0.177507,-0.176319,-0.178636,-0.176536,-0.176934
mobley_3210206,12,-0.170876,-0.169920,-0.172090,-0.170174,-0.170548
mobley_3210206,13,-0.174508,-0.173652,-0.175925,-0.173985,-0.174334
mobley_3210206,14,-0.591107,-0.586239,-0.610776,-0.603051,-0.606373
mobley_3210206,15,-0.321408,-0.318440,-0.327151,-0.323685,-0.323992
mobley_3210206,16,-0.316187,-0.313278,-0.322209,-0.318672,-0.319025
mobley_3211679,0,0.407817,0.422659,0.417916,0.417312,0.420953
mobley_3211679,1,0.407818,0.422659,0.417915,0.417310,0.420954
mobley_3211679,2,0.294036,0.301076,0.303684,0.294337,0.305214
mobley_3211679,3,0.106409,0.118904,0.126200,0.115799,0.129081
mobley_3211679,4,0.106409,0.118905,0.126201,0.115799,0.129082
mobley_3211679,5,0.294037,0.301077,0.303685,0.294337,0.305214
mobley_3211679,6,-0.347785,-0.346151,-0.354133,-0.348735,-0.350733
mobley_3211679,7,-0.331576,-0.330449,-0.338682,-0.333237,-0.335502
mobley_3211679,8,-0.331576,-0.330449,-0.338682,-0.333238,-0.335503
mobley_3211679,9,-0.347786,-0.346151,-0.354133,-0.348735,-0.350734
mobley_3211679,10,-0.235935,-0.235119,-0.239048,-0.235297,-0.236524
mobley_3211679,11,-0.230137,-0.229686,-0.233759,-0.230101,-0.231303
mobley_3211679,12,-0.118074,-0.118533,-0.118459,-0.117900,-0.118041
mobley_3211679,13,-0.118074,-0.118533,-0.118459,-0.117900,-0.118041
mobley_3211679,14,-0.235935,-0.235119,-0.239048,-0.235296,-0.236524
mobley_3211679,15,-0.230136,-0.229686,-0.233759,-0.230100,-0.231302
mobley_3234716,0,0.292780,0.290050,0.285804,0.278541,0.279456
mobley_3234716,1,-0.213813,-0.213930,-0.194857,-0.204050,-0.190415
mobley_3234716,2,-0.285577,-0.281784,-0.294854,-0.291160,-0.293097
mobley_3234716,3,-0.285577,-0.281786,-0.294855,-0.291160,-0.293099
mobley_3234716,4,-0.213813,-0.213930,-0.194855,-0.204050,-0.190414
mobley_3234716,5,-0.285573,-0.281780,-0.294850,-0.291156,-0.293094
mobley_3234716,6,-0.285571,-0.281779,-0.294848,-0.291154,-0.293092
mobley_3234716,7,0.292782,0.290052,0.285806,0.278543,0.279458
mobley_3234716,8,-0.118738,-0.118805,-0.118826,-0.117996,-0.118219
mobley_3234716,9,-0.118738,-0.118805,-0.118826,-0.117996,-0.118219
mobley_3234716,10,-0.120830,-0.120865,-0.121086,-0.120191,-0.120468
mobley_3234716,11,-0.121863,-0.122606,-0.122626,-0.121760,-0.122091
mobley_3234716,12,-0.121863,-0.122606,-0.122626,-0.121760,-0.122091
mobley_3234716,13,-0.121863,-0.122606,-0.122626,-0.121760,-0.122091
mobley_3234716,14,-0.121863,-0.122606,-0.122626,-0.121760,-0.122091
mobley_3234716,15,-0.118738,-0.118805,-0.118826,-0.117996,-0.118219
mobley_3234716,16,-0.118738,-0.118805,-0.118826,-0.117996,-0.118219
mobley_3234716,17,-0.120830,-0.120866,-0.121086,-0.120191,-0.120468
mobley_3259411,0,-0.135366,-0.136786,-0.123366,-0.128959,-0.127100
mobley_3259411,1,0.105372,0.098618,0.122495,0.116174,0.122936
mobley_3259411,2,-0.080385,-0.083929,-0.066875,-0.072297,-0.069945
mobley_3259411,3,-1.811006,-1.810453,-1.811759,-1.811029,-1.812502
mobley_3259411,4,-1.976077,-1.972205,-1.989641,-1.983752,-1.990899
mobley_3259411,5,-1.814470,-1.814279,-1.814640,-1.814307,-1.815178
mobley_3259411,6,-0.225243,-0.223688,-0.228830,-0.226646,-0.227230
mobley_3259411,7,-0.233369,-0.231869,-0.237302,-0.235281,-0.235626
mobley_3259411,8,-0.769191,-0.762524,-0.800446,-0.790633,-0.797353
mobley_3259411,9,-0.304176,-0.301602,-0.311227,-0.308126,-0.309010
mobley_3259411,10,-0.302662,-0.299909,-0.310018,-0.306290,-0.307765
mobley_3259411,11,-0.124760,-0.124783,-0.124138,-0.123671,-0.124349
mobley_3259411,12,-0.155152,-0.155345,-0.154990,-0.153922,-0.154834
mobley_3259411,13,-0.115104,-0.115103,-0.114418,-0.113987,-0.114540
mobley_3264884,0,-0.168737,-0.164915,-0.165830,-0.167787,-0.164300
mobley_3264884,1,-0.174640,-0.170948,-0.172150,-0.173724,-0.170568
mobley_3264884,2,-0.025737,-0.018169,-0.033482,-0.027253,-0.033311
mobley_3264884,3,-0.371909,-0.372607,-0.350201,-0.366808,-0.350690
mobley_3264884,4,-0.139888,-0.130633,-0.139815,-0.137844,-0.141411
mobley_3264884,5,-0.413045,-0.414735,-0.406553,-0.410599,-0.406756
mobley_3264884,6,-0.299064,-0.295296,-0.288855,-0.294936,-0.287466
mobley_3264884,7,-0.199122,-0.195416,-0.205267,-0.202066,-0.204096
mobley_3264884,8,-0.304741,-0.302194,-0.270919,-0.293308,-0.269833
mobley_3264884,9,-0.094671,-0.089437,-0.104100,-0.097552,-0.103530
mobley_3264884,10,-2.413178,-2.417092,-2.424541,-2.424662,-2.428909
mobley_3264884,11,-0.113983,-0.114462,-0.114095,-0.113752,-0.113946
mobley_3264884,12,-0.114014,-0.114494,-0.114126,-0.113784,-0.113977
mobley_3264884,13,-0.122841,-0.123535,-0.123604,-0.122657,-0.123073
mobley_3264884,14,-0.146341,-0.147449,-0.148376,-0.146348,-0.147107
mobley_3264884,15,-0.129195,-0.129999,-0.130378,-0.129164,-0.129671
mobley_3264884,16,-0.128129,-0.128957,-0.129190,-0.127984,-0.128477
mobley_3264884,17,-0.122246,-0.122945,-0.122995,-0.122072,-0.122478
mobley_3264884,18,-0.135130,-0.134965,-0.135018,-0.134688,-0.135207
mobley_3264884,19,-0.135029,-0.134856,-0.134925,-0.134584,-0.135123
mobley_3265457,0,1.454929,1.461818,1.474194,1.433705,1.444876
mobley_3265457,1,-2.047393,-2.044882,-2.057524,-2.049031,-2.055557
mobley_3265457,2,-0.539372,-0.557519,-0.536816,-0.552023,-0.541889
mobley_3265457,3,-0.034763,-0.019222,-0.044492,-0.036016,-0.048745
mobley_3265457,4,-0.262855,-0.263292,-0.252716,-0.262066,-0.250610
mobley_3265457,5,-0.438273,-0.436505,-0.431359,-0.434358,-0.428346
mobley_3265457,6,-0.622900,-0.631061,-0.625564,-0.626275,-0.623004
mobley_3265457,7,0.380072,0.385147,0.458956,0.416600,0.438800
mobley_3265457,8,-1.971732,-1.974059,-1.976153,-1.973829,-1.975621
mobley_3265457,9,-1.966941,-1.965424,-1.971120,-1.966252,-1.970054
mobley_3265457,10,0.459200,0.451813,0.465651,0.442406,0.454025
mobley_3265457,11,-0.058879,-0.058318,-0.058061,-0.058215,-0.058627
mobley_3265457,12,-0.110378,-0.105701,-0.112980,-0.110346,-0.119312
mobley_3265457,13,-1.828148,-1.828063,-1.826871,-1.827615,-1.827184
mobley_3265457,14,-0.131655,-0.131248,-0.131806,-0.130937,-0.131102
mobley_3265457,15,-0.132085,-0.131612,-0.132063,-0.131275,-0.131483
mobley_3265457,16,-0.132004,-0.131532,-0.131981,-0.131196,-0.131400
mobley_3265457,17,-0.171331,-0.172075,-0.174016,-0.171499,-0.172702
mobley_3265457,18,0.782363,0.795271,0.808558,0.799565,0.801972
mobley_3265457,19,-0.136442,-0.136215,-0.136533,-0.135851,-0.136034
mobley_3265457,20,-0.126617,-0.126195,-0.126569,-0.125823,-0.125992
mobley_3265457,21,-0.143593,-0.143221,-0.143727,-0.142878,-0.143288
mobley_3265457,22,-0.116642,-0.116792,-0.116153,-0.116265,-0.116312
mobley_3266352,0,0.629811,0.619065,0.616502,0.600028,0.603674
mobley_3266352,1,-3.078016,-3.080829,-3.095003,-3.082934,-3.093051
mobley_3266352,2,-0.035066,-0.052417,-0.035286,-0.044813,-0.036931
mobley_3266352,3,-0.271029,-0.267457,-0.270092,-0.276119,-0.268399
mobley_3266352,4,0.448742,0.448516,0.448742,0.448703,0.448752
mobley_3266352,5,0.447183,0.446832,0.447181,0.446981,0.447202
mobley_3266352,6,0.457132,0.456588,0.457081,0.456725,0.457108
mobley_3266352,7,-0.453111,-0.459269,-0.464099,-0.460512,-0.461855
mobley_3266352,8,-0.130093,-0.125885,-0.126233,-0.127725,-0.124574
mobley_3266352,9,-0.190262,-0.185939,-0.188500,-0.187480,-0.187891
mobley_3266352,10,-0.202637,-0.199495,-0.193004,-0.198982,-0.190912
mobley_3266352,11,-0.170835,-0.166291,-0.167985,-0.167508,-0.167104
mobley_3266352,12,-0.163850,-0.160813,-0.155691,-0.160153,-0.155233
mobley_3266352,13,-0.168795,-0.167538,-0.168750,-0.166566,-0.166904
mobley_3266352,14,-0.164233,-0.163093,-0.164193,-0.162043,-0.162352
mobley_3266352,15,-0.155190,-0.154277,-0.155392,-0.153659,-0.154123
mobley_3266352,16,-0.241567,-0.240357,-0.243433,-0.240137,-0.241070
mobley_3266352,17,-0.245567,-0.244384,-0.247779,-0.244157,-0.245181
mobley_3266352,18,-0.137891,-0.138360,-0.138691,-0.137271,-0.137892
mobley_3266352,19,-0.116057,-0.116621,-0.116331,-0.115859,-0.116072
mobley_3266352,20,-0.112656,-0.113094,-0.112647,-0.112405,-0.112546
mobley_3266352,21,-0.115621,-0.116159,-0.115840,-0.115402,-0.115603
mobley_3266352,22,-0.146601,-0.147191,-0.147794,-0.146155,-0.146800
mobley_3269565,0,0.194076,0.196990,0.205093,0.191273,0.197196
mobley_3269565,1,0.005856,0.001889,0.019877,0.015231,0.020392
mobley_3269565,2,0.616957,0.633107,0.641789,0.624986,0.633694
mobley_3269565,3,-2.090108,-2.082313,-2.102314,-2.092429,-2.100548
mobley_3269565,4,0.653710,0.646122,0.636260,0.625627,0.623422
mobley_3269565,5,-0.181574,-0.180430,-0.182562,-0.180649,-0.180738
mobley_3269565,6,-0.176043,-0.174887,-0.177275,-0.175239,-0.175635
mobley_3269565,7,-0.179788,-0.178748,-0.181193,-0.179153,-0.179459
mobley_3269565,8,-0.545366,-0.540975,-0.562950,-0.555596,-0.559754
mobley_3269565,9,-0.167688,-0.166767,-0.168925,-0.166881,-0.167339
mobley_3269565,10,-0.162856,-0.162181,-0.163858,-0.162213,-0.162355
mobley_3269565,11,-0.173105,-0.172124,-0.174440,-0.172358,-0.172781
mobley_3269565,12,-0.122752,-0.122282,-0.122458,-0.121871,-0.121897
mobley_3269565,13,-0.128049,-0.127549,-0.127981,-0.127201,-0.127251
mobley_3269565,14,-0.122797,-0.122341,-0.122455,-0.121900,-0.121841
mobley_3269819,0,-0.007141,0.000583,-0.020369,-0.016514,-0.022899
mobley_3269819,1,-0.345731,-0.351651,-0.335021,-0.343678,-0.333705
mobley_3269819,2,-0.007182,0.000542,-0.020411,-0.016555,-0.022940
mobley_3269819,3,-0.328610,-0.330827,-0.327274,-0.329099,-0.327529
mobley_3269819,4,-0.441349,-0.444348,-0.442613,-0.444668,-0.442513
mobley_3269819,5,-0.328609,-0.330825,-0.327273,-0.329097,-0.327528
mobley_3269819,6,-0.060615,-0.060214,-0.059808,-0.060068,-0.060155
mobley_3269819,7,-0.072841,-0.072546,-0.072473,-0.072571,-0.072778
mobley_3269819,8,-0.060615,-0.060214,-0.059808,-0.060068,-0.060156
mobley_3269819,9,-0.311261,-0.318926,-0.300903,-0.309985,-0.299401
mobley_3269819,10,0.144429,0.155027,0.137422,0.137787,0.132886
mobley_3269819,11,-0.304734,-0.306233,-0.302910,-0.304687,-0.303596
mobley_3269819,12,-0.388138,-0.390658,-0.387530,-0.390853,-0.388145
mobley_3269819,13,-0.375790,-0.378707,-0.374510,-0.378046,-0.375638
mobley_3269819,14,-0.395323,-0.395077,-0.405412,-0.401930,-0.405904
mobley_3269819,15,-0.073930,-0.073435,-0.073778,-0.073643,-0.074234
mobley_3269819,16,-0.071781,-0.071519,-0.071388,-0.071514,-0.071675
mobley_3269819,17,-0.071821,-0.071522,-0.071411,-0.071522,-0.071702
mobley_3269819,18,-0.059608,-0.059161,-0.058754,-0.059018,-0.059109
mobley_3269819,19,-0.116599,-0.116932,-0.116485,-0.116270,-0.116407
mobley_3269819,20,-0.116598,-0.116932,-0.116485,-0.116269,-0.116407
mobley_3269819,21,-0.116915,-0.117248,-0.116805,-0.116573,-0.116720
mobley_3274817,0,1.175760,1.184426,1.199814,1.177822,1.188418
mobley_3274817,1,1.157137,1.177015,1.196190,1.187605,1.199731
mobley_3274817,2,-0.054430,-0.075846,-0.028666,-0.048840,-0.023367
mobley_3274817,3,1.796532,1.819132,1.833479,1.811901,1.820897
mobley_3274817,4,-0.861622,-0.870100,-0.876798,-0.872072,-0.872853
mobley_3274817,5,1.073172,1.087455,1.087874,1.083822,1.085932
mobley_3274817,6,-0.254645,-0.256893,-0.245938,-0.250515,-0.245667
mobley_3274817,7,0.521363,0.556384,0.546475,0.544899,0.539928
mobley_3274817,8,-0.362306,-0.366575,-0.356877,-0.359769,-0.357034
mobley_3274817,9,1.359994,1.380635,1.379316,1.383353,1.364989
mobley_3274817,10,-1.942399,-1.943608,-1.946329,-1.944243,-1.945632
mobley_3274817,11,1.076440,1.041948,1.093239,1.030408,1.071978
mobley_3274817,12,-1.788106,-1.788684,-1.786405,-1.787619,-1.786949
mobley_3274817,13,-1.802222,-1.803113,-1.800937,-1.802023,-1.801437
mobley_3274817,14,-0.170568,-0.193901,-0.181057,-0.218020,-0.196507
mobley_3274817,15,-1.779259,-1.779627,-1.777799,-1.778735,-1.778344
mobley_3274817,16,-1.779246,-1.779605,-1.777805,-1.778728,-1.778345
mobley_3274817,17,-0.163859,-0.163008,-0.164142,-0.162080,-0.162315
mobley_3274817,18,-0.168130,-0.167226,-0.168934,-0.166732,-0.167335
mobley_3274817,19,-0.161017,-0.160256,-0.161453,-0.159528,-0.159775
mobley_3274817,20,-0.389144,-0.386787,-0.395643,-0.389680,-0.391466
mobley_3274817,21,-0.395568,-0.393503,-0.402465,-0.396648,-0.398383
mobley_3274817,22,-0.696359,-0.694742,-0.715290,-0.703932,-0.709647
mobley_3274817,23,-0.178367,-0.177500,-0.178765,-0.176674,-0.176761
mobley_3274817,24,-0.184660,-0.183862,-0.185448,-0.183291,-0.183507
mobley_3274817,25,-0.188221,-0.187568,-0.188980,-0.186950,-0.186941
mobley_3274817,26,-0.174225,-0.174031,-0.175670,-0.173361,-0.174685
mobley_3274817,27,-0.146800,-0.147652,-0.148314,-0.146716,-0.147209
mobley_3274817,28,0.062014,0.061736,0.073687,0.066719,0.069982
mobley_3318135,0,0.876079,0.884234,0.888946,0.873651,0.884314
mobley_3318135,1,0.850830,0.861811,0.870623,0.867695,0.873566
mobley_3318135,2,0.495882,0.501114,0.503826,0.505836,0.513167
mobley_3318135,3,0.112135,0.100053,0.121636,0.110953,0.126849
mobley_3318135,4,0.151124,0.164222,0.149147,0.150888,0.162161
mobley_3318135,5,-1.879375,-1.878956,-1.884184,-1.882075,-1.883610
mobley_3318135,6,0.112126,0.100047,0.121628,0.110945,0.126840
mobley_3318135,7,0.495871,0.501102,0.503815,0.505823,0.513157
mobley_3318135,8,0.850832,0.861813,0.870624,0.867700,0.873565
mobley_3318135,9,0.876065,0.884223,0.888933,0.873636,0.884302
mobley_3318135,10,-0.148457,-0.147931,-0.149455,-0.147695,-0.148192
mobley_3318135,11,-0.147809,-0.147296,-0.148832,-0.147080,-0.147582
mobley_3318135,12,-0.154158,-0.153643,-0.155266,-0.153447,-0.153942
mobley_3318135,13,-0.329615,-0.327618,-0.336409,-0.330958,-0.333218
mobley_3318135,14,-0.341084,-0.338942,-0.347734,-0.342312,-0.344317
mobley_3318135,15,-0.419800,-0.417721,-0.429295,-0.422597,-0.425441
mobley_3318135,16,-0.399018,-0.396974,-0.408087,-0.401479,-0.404433
mobley_3318135,17,-0.334414,-0.333204,-0.341875,-0.336262,-0.338542
mobley_3318135,18,-0.304293,-0.303013,-0.310444,-0.305104,-0.307420
mobley_3318135,19,-0.304287,-0.303007,-0.310438,-0.305098,-0.307414
mobley_3318135,20,-0.334404,-0.333194,-0.341865,-0.336252,-0.338531
mobley_3318135,21,-0.399020,-0.396974,-0.408088,-0.401480,-0.404434
mobley_3318135,22,-0.419807,-0.417727,-0.429302,-0.422603,-0.425447
mobley_3318135,23,-0.341078,-0.338936,-0.347727,-0.342305,-0.344310
mobley_3318135,24,-0.329610,-0.327614,-0.336405,-0.330954,-0.333212
mobley_3318135,25,-0.148459,-0.147933,-0.149457,-0.147696,-0.148194
mobley_3318135,26,-0.147810,-0.147297,-0.148833,-0.147081,-0.147582
mobley_3318135,27,-0.154160,-0.153645,-0.155269,-0.153449,-0.153944
mobley_3323117,0,0.492449,0.499508,0.504970,0.497266,0.501440
mobley_3323117,1,0.492452,0.499513,0.504973,0.497272,0.501443
mobley_3323117,2,-0.190293,-0.190682,-0.192715,-0.195354,-0.194204
mobley_3323117,3,0.095725,0.096155,0.087804,0.087848,0.082314
mobley_3323117,4,-0.190292,-0.190681,-0.192714,-0.195353,-0.194202
mobley_3323117,5,-1.833753,-1.834369,-1.833918,-1.834150,-1.834257
mobley_3323117,6,-1.833753,-1.834369,-1.833918,-1.834150,-1.834257
mobley_3323117,7,-0.281904,-0.279940,-0.284992,-0.280935,-0.281702
mobley_3323117,8,-0.298312,-0.296226,-0.301094,-0.297207,-0.297577
mobley_3323117,9,-0.281905,-0.279941,-0.284993,-0.280936,-0.281703
mobley_3323117,10,-0.298313,-0.296227,-0.301095,-0.297208,-0.297578
mobley_3323117,11,-0.119519,-0.119267,-0.119220,-0.118877,-0.118561
mobley_3323117,12,-0.117849,-0.117605,-0.117682,-0.117286,-0.117041
mobley_3323117,13,-0.119519,-0.119267,-0.119220,-0.118878,-0.118562
mobley_3323117,14,-0.117849,-0.117605,-0.117682,-0.117286,-0.117041
mobley_3325209,0,1.898071,1.892760,1.942742,1.890238,1.921891
mobley_3325209,1,-2.003679,-2.008475,-2.010329,-2.021059,-2.012323
mobley_3325209,2,-1.097369,-1.124011,-1.101940,-1.109952,-1.095409
mobley_3325209,3,0.425762,0.476231,0.548742,0.508648,0.531529
mobley_3325209,4,0.125766,0.139017,0.131366,0.127928,0.134554
mobley_3325209,5,-0.238566,-0.235908,-0.237451,-0.238066,-0.236402
mobley_3325209,6,-0.210847,-0.207070,-0.205351,-0.209449,-0.202940
mobley_3325209,7,-0.243793,-0.242220,-0.241798,-0.243251,-0.240469
mobley_3325209,8,-0.128091,-0.113757,-0.136663,-0.131790,-0.133764
mobley_3325209,9,-2.006135,-2.011658,-2.021962,-2.027308,-2.024173
mobley_3325209,10,1.243525,1.237046,1.258678,1.224565,1.240866
mobley_3325209,11,-2.006134,-2.011658,-2.021962,-2.027307,-2.024172
mobley_3325209,12,1.243523,1.237044,1.258676,1.224562,1.240865
mobley_3325209,13,-0.151407,-0.150308,-0.150952,-0.149879,-0.149914
mobley_3325209,14,-0.194486,-0.193341,-0.194125,-0.193144,-0.193212
mobley_3325209,15,-0.194486,-0.193341,-0.194125,-0.193144,-0.193212
mobley_3325209,16,-0.198448,-0.198615,-0.199252,-0.197665,-0.198145
mobley_3325209,17,-0.115439,-0.115975,-0.115640,-0.115232,-0.115411
mobley_3325209,18,-0.113457,-0.113910,-0.113517,-0.113221,-0.113382
mobley_3325209,19,-0.115862,-0.116418,-0.116104,-0.115656,-0.115840
mobley_3325209,20,-0.181720,-0.181242,-0.183732,-0.181371,-0.183169
mobley_3325209,21,-0.170416,-0.169372,-0.170703,-0.169445,-0.170146
mobley_3325209,22,-0.140594,-0.139695,-0.140047,-0.139114,-0.139120
mobley_3325209,23,-0.172255,-0.170210,-0.166498,-0.167337,-0.165224
mobley_3325209,24,-0.170416,-0.169372,-0.170703,-0.169445,-0.170147
mobley_3325209,25,-0.172254,-0.170210,-0.166498,-0.167336,-0.165224
mobley_3325209,26,-0.140594,-0.139695,-0.140047,-0.139114,-0.139120
mobley_3359593,0,0.783097,0.789744,0.799364,0.781766,0.794574
mobley_3359593,1,0.919456,0.928328,0.940513,0.935503,0.940871
mobley_3359593,2,0.180060,0.175066,0.180541,0.178533,0.183645
mobley_3359593,3,-0.406370,-0.409702,-0.402586,-0.405801,-0.400229
mobley_3359593,4,-0.262262,-0.258490,-0.267481,-0.269023,-0.262978
mobley_3359593,5,-0.443412,-0.445013,-0.444893,-0.446917,-0.444049
mobley_3359593,6,-0.425217,-0.431377,-0.399298,-0.418221,-0.400960
mobley_3359593,7,-0.434161,-0.458322,-0.453342,-0.455010,-0.454358
mobley_3359593,8,0.057407,0.072495,0.026315,0.051380,0.026649
mobley_3359593,9,-2.025041,-2.022423,-2.033932,-2.025981,-2.032155
mobley_3359593,10,1.189310,1.190648,1.192662,1.165759,1.172162
mobley_3359593,11,-1.912482,-1.913686,-1.914706,-1.913318,-1.914607
mobley_3359593,12,-0.141806,-0.141340,-0.142681,-0.141084,-0.141561
mobley_3359593,13,-0.145985,-0.145533,-0.146926,-0.145290,-0.145756
mobley_3359593,14,-0.141771,-0.141303,-0.142644,-0.141047,-0.141525
mobley_3359593,15,-0.290837,-0.289176,-0.295710,-0.290878,-0.292512
mobley_3359593,16,-0.290002,-0.288321,-0.294821,-0.290011,-0.291651
mobley_3359593,17,-0.313186,-0.312497,-0.318935,-0.313447,-0.315550
mobley_3359593,18,-0.315450,-0.314715,-0.321246,-0.315718,-0.317839
mobley_3359593,19,-0.129532,-0.130187,-0.130360,-0.129335,-0.129677
mobley_3359593,20,-0.130055,-0.130729,-0.130862,-0.130003,-0.130355
mobley_3359593,21,-0.177525,-0.178014,-0.179663,-0.177283,-0.178362
mobley_3359593,22,-0.130369,-0.129975,-0.130496,-0.129647,-0.129802
mobley_3359593,23,-0.130647,-0.130185,-0.130573,-0.129818,-0.130002
mobley_3359593,24,-0.130408,-0.129948,-0.130335,-0.129581,-0.129766
mobley_3359593,25,-0.147269,-0.147563,-0.150092,-0.149463,-0.149913
mobley_3370989,0,0.497084,0.491295,0.505129,0.489489,0.499819
mobley_3370989,1,-0.098304,-0.095632,-0.105071,-0.103043,-0.101450
mobley_3370989,2,0.476151,0.475517,0.476556,0.475915,0.476415
mobley_3370989,3,0.476151,0.475517,0.476556,0.475915,0.476415
mobley_3370989,4,-0.115000,-0.115032,-0.115188,-0.114527,-0.114794
mobley_3370989,5,-0.113766,-0.113816,-0.113945,-0.113308,-0.113555
mobley_3370989,6,-0.115000,-0.115032,-0.115188,-0.114527,-0.114794
mobley_3370989,7,-0.108316,-0.108635,-0.107993,-0.107971,-0.107975
mobley_337666,0,-0.460896,-0.464406,-0.461297,-0.463996,-0.462059
mobley_337666,1,-0.532536,-0.533932,-0.528735,-0.531423,-0.528600
mobley_337666,2,-0.506543,-0.511301,-0.506847,-0.508579,-0.506768
mobley_337666,3,-1.871966,-1.872186,-1.872170,-1.871465,-1.872133
mobley_337666,4,-2.684228,-2.687340,-2.685107,-2.683479,-2.684413
mobley_337666,5,-0.501391,-0.504122,-0.496179,-0.500335,-0.496897
mobley_337666,6,-1.869589,-1.869487,-1.867979,-1.868977,-1.868707
mobley_337666,7,-2.668668,-2.671605,-2.670333,-2.668892,-2.669631
mobley_337666,8,0.462385,0.461861,0.462497,0.461991,0.462417
mobley_337666,9,-0.125374,-0.125761,-0.125359,-0.124986,-0.125179
mobley_337666,10,-0.196104,-0.196635,-0.196896,-0.196204,-0.196641
mobley_337666,11,-0.195030,-0.195506,-0.195906,-0.195094,-0.195673
mobley_3378420,0,0.839438,0.850015,0.854189,0.838276,0.848650
mobley_3378420,1,0.631057,0.647078,0.640919,0.648418,0.649164
mobley_3378420,2,0.486300,0.496308,0.486091,0.495232,0.498604
mobley_3378420,3,1.224851,1.236860,1.239892,1.236654,1.258174
mobley_3378420,4,1.166031,1.185440,1.190557,1.195120,1.213934
mobley_3378420,5,1.062045,1.083062,1.079463,1.087212,1.101162
mobley_3378420,6,0.748363,0.770357,0.751406,0.762444,0.765118
mobley_3378420,7,0.614298,0.624968,0.632265,0.632248,0.639750
mobley_3378420,8,0.095942,0.099476,0.101159,0.098432,0.098566
mobley_3378420,9,-1.802611,-1.802103,-1.802115,-1.801734,-1.802620
mobley_3378420,10,-0.139332,-0.138867,-0.139629,-0.138396,-0.138580
mobley_3378420,11,-0.149283,-0.148447,-0.149489,-0.147896,-0.148131
mobley_3378420,12,-0.141166,-0.140739,-0.141437,-0.140217,-0.140278
mobley_3378420,13,-0.375644,-0.373577,-0.384774,-0.378509,-0.381468
mobley_3378420,14,-0.358347,-0.356357,-0.367064,-0.360896,-0.363859
mobley_3378420,15,-0.456283,-0.453975,-0.466188,-0.459199,-0.461932
mobley_3378420,16,-0.462803,-0.460263,-0.472609,-0.465530,-0.468294
mobley_3378420,17,-0.473057,-0.470083,-0.481143,-0.473963,-0.476357
mobley_3378420,18,-0.490741,-0.487947,-0.498995,-0.492072,-0.493919
mobley_3378420,19,-0.540797,-0.537751,-0.553699,-0.544425,-0.548740
mobley_3378420,20,-0.539954,-0.536919,-0.552748,-0.543500,-0.547791
mobley_3378420,21,-0.534113,-0.531139,-0.546821,-0.537661,-0.541922
mobley_3378420,22,-0.533919,-0.530938,-0.546586,-0.537432,-0.541680
mobley_3378420,23,-0.517352,-0.514431,-0.529481,-0.520785,-0.524654
mobley_3378420,24,-0.515297,-0.512363,-0.527392,-0.518709,-0.522595
mobley_3378420,25,-0.533288,-0.529483,-0.549656,-0.540151,-0.545226
mobley_3378420,26,-0.517705,-0.513785,-0.533427,-0.524061,-0.529152
mobley_3378420,27,-0.219536,-0.218083,-0.223265,-0.220707,-0.221619
mobley_3378420,28,-0.225807,-0.224330,-0.229865,-0.227122,-0.228127
mobley_3378420,29,-0.115313,-0.115445,-0.114731,-0.114461,-0.114916
mobley_3395921,0,0.327297,0.334845,0.348828,0.340860,0.346699
mobley_3395921,1,0.172164,0.170115,0.191592,0.180811,0.190630
mobley_3395921,2,0.105436,0.108023,0.107305,0.097008,0.106049
mobley_3395921,3,-2.103852,-2.098065,-2.111630,-2.104702,-2.109253
mobley_3395921,4,0.105437,0.108023,0.107305,0.097007,0.106050
mobley_3395921,5,0.172166,0.170116,0.191594,0.180812,0.190631
mobley_3395921,6,-0.437617,-0.435218,-0.446104,-0.440481,-0.442283
mobley_3395921,7,-0.424274,-0.422619,-0.433742,-0.428067,-0.430122
mobley_3395921,8,-0.430705,-0.427790,-0.439343,-0.433687,-0.435480
mobley_3395921,9,-0.404431,-0.402135,-0.414057,-0.408033,-0.410484
mobley_3395921,10,-0.276333,-0.274114,-0.279982,-0.277227,-0.277392
mobley_3395921,11,-0.252623,-0.250833,-0.255481,-0.253156,-0.253229
mobley_3395921,12,-0.252623,-0.250833,-0.255481,-0.253156,-0.253229
mobley_3395921,13,-0.276333,-0.274113,-0.279982,-0.277227,-0.277392
mobley_3395921,14,-0.404432,-0.402135,-0.414058,-0.408033,-0.410485
mobley_3395921,15,-0.430707,-0.427791,-0.439345,-0.433689,-0.435481
mobley_3398536,0,-0.074422,-0.070751,-0.069557,-0.072207,-0.070512
mobley_3398536,1,-0.035024,-0.030269,-0.028108,-0.032214,-0.030013
mobley_3398536,2,-0.216620,-0.214534,-0.215604,-0.221560,-0.218926
mobley_3398536,3,-0.568679,-0.566747,-0.565381,-0.568053,-0.568667
mobley_3398536,4,-0.216621,-0.214535,-0.215604,-0.221560,-0.218927
mobley_3398536,5,-0.035032,-0.030276,-0.028114,-0.032220,-0.030020
mobley_3398536,6,-1.405269,-1.405582,-1.405145,-1.405297,-1.405232
mobley_3398536,7,-0.109853,-0.110255,-0.109682,-0.109621,-0.109681
mobley_3398536,8,-0.110204,-0.110612,-0.110061,-0.109965,-0.110043
mobley_3398536,9,-0.113502,-0.113712,-0.113070,-0.113262,-0.113259
mobley_3398536,10,-0.113502,-0.113712,-0.113070,-0.113262,-0.113259
mobley_3398536,11,-0.110204,-0.110612,-0.110061,-0.109965,-0.110043
mobley_3414356,0,0.975618,0.982655,0.995519,0.977353,0.990817
mobley_3414356,1,1.074908,1.089311,1.097305,1.091517,1.096334
mobley_3414356,2,0.328046,0.336349,0.325102,0.329819,0.327384
mobley_3414356,3,-0.142288,-0.150069,-0.118092,-0.136764,-0.109012
mobley_3414356,4,0.109473,0.119989,0.103355,0.104480,0.100212
mobley_3414356,5,0.502519,0.521870,0.504221,0.506755,0.496771
mobley_3414356,6,-2.156794,-2.148965,-2.181600,-2.170263,-2.181891
mobley_3414356,7,-0.153652,-0.153046,-0.154749,-0.152861,-0.153381
mobley_3414356,8,-0.160825,-0.160256,-0.162046,-0.160105,-0.160617
mobley_3414356,9,-0.153159,-0.152528,-0.154247,-0.152350,-0.152897
mobley_3414356,10,-0.387802,-0.385310,-0.394654,-0.389007,-0.390750
mobley_3414356,11,-0.361323,-0.358771,-0.367200,-0.361913,-0.363649
mobley_3414356,12,-0.698519,-0.695069,-0.713162,-0.705975,-0.707155
mobley_3414356,13,-0.654947,-0.650705,-0.668442,-0.660616,-0.662811
mobley_3414356,14,-0.211992,-0.210417,-0.212341,-0.210448,-0.209964
mobley_3414356,15,-0.206177,-0.205293,-0.206789,-0.205561,-0.204633
mobley_3414356,16,-0.201856,-0.200712,-0.202470,-0.200862,-0.200470
mobley_3414356,17,-0.269453,-0.267411,-0.273045,-0.269658,-0.270146
mobley_3414356,18,-0.282691,-0.280953,-0.286783,-0.283561,-0.283745
mobley_3414356,19,-0.280547,-0.278671,-0.284574,-0.281119,-0.281577
mobley_3414356,20,-0.123988,-0.123878,-0.123829,-0.122987,-0.123886
mobley_3425174,0,-0.431023,-0.434965,-0.435256,-0.438355,-0.435987
mobley_3425174,1,0.456790,0.456299,0.457059,0.456716,0.456872
mobley_3425174,2,-0.048756,-0.048549,-0.048183,-0.047901,-0.048285
mobley_3425174,3,-0.117363,-0.117598,-0.117018,-0.117135,-0.117178
mobley_3425174,4,-0.117363,-0.117598,-0.117018,-0.117135,-0.117178
mobley_3452749,0,0.589728,0.592034,0.583698,0.576022,0.572199
mobley_3452749,1,-0.309309,-0.313568,-0.297703,-0.306569,-0.295445
mobley_3452749,2,-0.183051,-0.174561,-0.194215,-0.190374,-0.190964
mobley_3452749,3,-0.174637,-0.169275,-0.176075,-0.175045,-0.174832
mobley_3452749,4,-0.183057,-0.174566,-0.194219,-0.190380,-0.190970
mobley_3452749,5,-0.309311,-0.313572,-0.297706,-0.306572,-0.295446
mobley_3452749,6,-0.455888,-0.459097,-0.458458,-0.458401,-0.456574
mobley_3452749,7,0.541395,0.540020,0.525654,0.520266,0.511810
mobley_3452749,8,0.589738,0.592045,0.583708,0.576032,0.572206
mobley_3452749,9,-0.135444,-0.135164,-0.135494,-0.134065,-0.134365
mobley_3452749,10,-0.132457,-0.132298,-0.132709,-0.131431,-0.131736
mobley_3452749,11,-0.134199,-0.134031,-0.134605,-0.133268,-0.133587
mobley_3452749,12,-0.125561,-0.126362,-0.126559,-0.125490,-0.125914
mobley_3452749,13,-0.118706,-0.119328,-0.119170,-0.118534,-0.118838
mobley_3452749,14,-0.125561,-0.126361,-0.126559,-0.125490,-0.125914
mobley_3452749,15,-0.127193,-0.126931,-0.126830,-0.125790,-0.125982
mobley_3452749,16,-0.127192,-0.126931,-0.126829,-0.125789,-0.125981
mobley_3452749,17,-0.132810,-0.132703,-0.132840,-0.131802,-0.131901
mobley_3452749,18,-0.134199,-0.134032,-0.134605,-0.133269,-0.133587
mobley_3452749,19,-0.135445,-0.135165,-0.135495,-0.134066,-0.134365
mobley_3452749,20,-0.132457,-0.132298,-0.132709,-0.131431,-0.131737
mobley_349850,0,0.298766,0.295732,0.292010,0.284342,0.285553
mobley_349850,1,-0.206259,-0.206632,-0.187007,-0.196197,-0.182309
mobley_349850,2,-0.285074,-0.280847,-0.292863,-0.289226,-0.291521
mobley_349850,3,-0.070868,-0.071139,-0.089649,-0.084317,-0.089645
mobley_349850,4,-0.367355,-0.368922,-0.351221,-0.363512,-0.349632
mobley_349850,5,0.015331,0.017825,0.008200,0.010418,0.008225
mobley_349850,6,-0.316032,-0.312354,-0.324193,-0.320651,-0.322503
mobley_349850,7,-0.111595,-0.109739,-0.111050,-0.104747,-0.108299
mobley_349850,8,-1.832118,-1.832050,-1.831877,-1.831835,-1.831995
mobley_349850,9,0.355036,0.347713,0.355931,0.342799,0.349128
mobley_349850,10,-0.118628,-0.118696,-0.118711,-0.117889,-0.118109
mobley_349850,11,-0.120748,-0.120786,-0.120998,-0.120112,-0.120385
mobley_349850,12,-0.118677,-0.118746,-0.118761,-0.117939,-0.118159
mobley_349850,13,-0.121519,-0.122263,-0.122264,-0.121405,-0.121733
mobley_349850,14,-0.119627,-0.120111,-0.119857,-0.119175,-0.119484
mobley_349850,15,-0.126036,-0.126712,-0.126887,-0.125873,-0.126332
mobley_349850,16,-0.120650,-0.121360,-0.121329,-0.120525,-0.120837
mobley_349850,17,-0.118246,-0.118207,-0.118369,-0.117661,-0.117898
mobley_349850,18,-0.118263,-0.118223,-0.118389,-0.117679,-0.117917
mobley_349850,19,-0.118195,-0.118122,-0.118321,-0.117506,-0.117778
mobley_3515580,0,1.003667,1.005900,1.006077,0.981418,0.984078
mobley_3515580,1,-1.955466,-1.954133,-1.960178,-1.955160,-1.958950
mobley_3515580,2,-0.491443,-0.499420,-0.486222,-0.494626,-0.486697
mobley_3515580,3,-0.443433,-0.445647,-0.441987,-0.444977,-0.442335
mobley_3515580,4,-0.218813,-0.216522,-0.216867,-0.218895,-0.216122
mobley_3515580,5,-0.270321,-0.269324,-0.267703,-0.270961,-0.266304
mobley_3515580,6,-0.337769,-0.339021,-0.333516,-0.337247,-0.332402
mobley_3515580,7,-0.421636,-0.426156,-0.398433,-0.413539,-0.401355
mobley_3515580,8,-1.907268,-1.908358,-1.909312,-1.908182,-1.909212
mobley_3515580,9,-0.124984,-0.124631,-0.124898,-0.124225,-0.124392
mobley_3515580,10,-0.124984,-0.124631,-0.124897,-0.124225,-0.124392
mobley_3515580,11,-0.126898,-0.126567,-0.127089,-0.126271,-0.126470
mobley_3515580,12,-0.134503,-0.135044,-0.135812,-0.134439,-0.135175
mobley_3515580,13,-0.116754,-0.117326,-0.117137,-0.116624,-0.116865
mobley_3515580,14,-0.115005,-0.115505,-0.115206,-0.114826,-0.115012
mobley_3515580,15,-0.133478,-0.134208,-0.135140,-0.133804,-0.134402
mobley_3515580,16,-0.109091,-0.106576,-0.105130,-0.106719,-0.106414
mobley_352111,0,0.083465,0.073552,0.096348,0.076214,0.090642
mobley_352111,1,1.071626,1.081146,1.116316,1.074043,1.113235
mobley_352111,2,-1.850545,-1.851238,-1.849577,-1.850098,-1.849722
mobley_352111,3,-1.964163,-1.968695,-1.966626,-1.967789,-1.967098
mobley_352111,4,-0.025826,-0.025328,-0.012589,-0.029768,-0.019249
mobley_352111,5,-0.025828,-0.025330,-0.012589,-0.029769,-0.019251
mobley_352111,6,-1.964163,-1.968695,-1.966626,-1.967789,-1.967098
mobley_352111,7,1.071628,1.081146,1.116316,1.074043,1.113235
mobley_352111,8,-1.850546,-1.851239,-1.849577,-1.850098,-1.849723
mobley_352111,9,0.083466,0.073552,0.096348,0.076214,0.090642
mobley_352111,10,-0.120642,-0.120482,-0.120722,-0.120000,-0.120294
mobley_352111,11,-0.113978,-0.114024,-0.113952,-0.113481,-0.113611
mobley_352111,12,-0.119858,-0.119735,-0.119948,-0.119231,-0.119503
mobley_352111,13,-0.257332,-0.255328,-0.261510,-0.258427,-0.259352
mobley_352111,14,-0.238091,-0.235890,-0.240487,-0.238144,-0.238461
mobley_352111,15,-0.238091,-0.235890,-0.240488,-0.238144,-0.238461
mobley_352111,16,-0.257333,-0.255329,-0.261511,-0.258427,-0.259352
mobley_352111,17,-0.113978,-0.114024,-0.113952,-0.113481,-0.113611
mobley_352111,18,-0.120642,-0.120482,-0.120722,-0.120000,-0.120294
mobley_352111,19,-0.119858,-0.119735,-0.119948,-0.119231,-0.119503
mobley_3525176,0,0.998533,1.011158,1.016347,1.002207,1.010975
mobley_3525176,1,0.837535,0.852074,0.854017,0.859058,0.861218
mobley_3525176,2,0.764995,0.772803,0.775845,0.774993,0.790546
mobley_3525176,3,1.135640,1.147848,1.157687,1.150301,1.170787
mobley_3525176,4,0.286895,0.284280,0.287367,0.286975,0.291719
mobley_3525176,5,-0.322157,-0.326966,-0.310692,-0.318778,-0.307939
mobley_3525176,6,-0.120603,-0.110199,-0.137008,-0.127571,-0.135364
mobley_3525176,7,-0.143593,-0.139356,-0.144004,-0.143379,-0.143689
mobley_3525176,8,-0.178282,-0.174368,-0.173129,-0.176879,-0.171465
mobley_3525176,9,-0.143594,-0.139359,-0.144003,-0.143380,-0.143690
mobley_3525176,10,-0.120603,-0.110201,-0.137007,-0.127572,-0.135365
mobley_3525176,11,-0.148036,-0.147533,-0.149025,-0.147296,-0.147766
mobley_3525176,12,-0.148036,-0.147533,-0.149024,-0.147296,-0.147766
mobley_3525176,13,-0.154106,-0.153610,-0.155181,-0.153395,-0.153867
mobley_3525176,14,-0.384046,-0.381789,-0.394223,-0.387218,-0.390831
mobley_3525176,15,-0.384047,-0.381789,-0.394223,-0.387218,-0.390831
mobley_3525176,16,-0.456074,-0.453530,-0.466806,-0.459340,-0.462723
mobley_3525176,17,-0.456074,-0.453530,-0.466806,-0.459340,-0.462723
mobley_3525176,18,-0.406473,-0.404104,-0.412662,-0.406156,-0.408013
mobley_3525176,19,-0.406472,-0.404102,-0.412661,-0.406155,-0.408012
mobley_3525176,20,-0.345155,-0.344215,-0.351746,-0.345323,-0.347937
mobley_3525176,21,-0.345154,-0.344214,-0.351744,-0.345322,-0.347935
mobley_3525176,22,-0.120983,-0.121540,-0.121449,-0.120710,-0.120980
mobley_3525176,23,-0.114218,-0.114721,-0.114370,-0.114014,-0.114197
mobley_3525176,24,-0.112471,-0.112899,-0.112471,-0.112237,-0.112387
mobley_3525176,25,-0.114218,-0.114721,-0.114370,-0.114014,-0.114197
mobley_3525176,26,-0.120983,-0.121540,-0.121449,-0.120710,-0.120980
mobley_3546460,0,1.012832,1.025283,1.031447,1.017589,1.026514
mobley_3546460,1,0.859241,0.875794,0.876347,0.883362,0.884037
mobley_3546460,2,0.780346,0.789213,0.789941,0.788823,0.804299
mobley_3546460,3,0.831295,0.853129,0.839576,0.842782,0.850414
mobley_3546460,4,0.605832,0.611965,0.631327,0.626884,0.639891
mobley_3546460,5,0.150352,0.155465,0.153993,0.152135,0.152566
mobley_3546460,6,-1.802024,-1.801615,-1.801937,-1.801524,-1.802390
mobley_3546460,7,-0.154201,-0.153702,-0.155275,-0.153489,-0.153960
mobley_3546460,8,-0.148102,-0.147594,-0.149086,-0.147357,-0.147827
mobley_3546460,9,-0.148084,-0.147577,-0.149069,-0.147340,-0.147810
mobley_3546460,10,-0.384357,-0.382097,-0.394440,-0.387459,-0.391031
mobley_3546460,11,-0.384831,-0.382572,-0.394901,-0.387923,-0.391480
mobley_3546460,12,-0.486379,-0.483789,-0.497806,-0.489886,-0.493406
mobley_3546460,13,-0.483123,-0.480481,-0.494551,-0.486575,-0.490179
mobley_3546460,14,-0.469656,-0.467139,-0.479266,-0.472188,-0.474955
mobley_3546460,15,-0.466110,-0.463596,-0.475067,-0.468439,-0.470752
mobley_3546460,16,-0.492667,-0.489028,-0.507025,-0.498451,-0.502975
mobley_3546460,17,-0.520635,-0.517201,-0.535534,-0.527130,-0.531224
mobley_3546460,18,-0.220354,-0.218959,-0.224076,-0.221486,-0.222416
mobley_3546460,19,-0.225555,-0.224189,-0.229293,-0.226887,-0.227666
mobley_3546460,20,-0.122374,-0.122372,-0.121823,-0.121410,-0.122002
mobley_3572203,0,1.032491,1.044859,1.053734,1.038885,1.048530
mobley_3572203,1,0.739896,0.744916,0.763694,0.759504,0.769511
mobley_3572203,2,0.792641,0.811768,0.819696,0.811493,0.830004
mobley_3572203,3,0.344905,0.353471,0.381470,0.369829,0.382734
mobley_3572203,4,0.642798,0.653034,0.623455,0.630430,0.614506
mobley_3572203,5,-2.062531,-2.055490,-2.073526,-2.064816,-2.072635
mobley_3572203,6,1.126229,1.123763,1.026546,1.075942,1.014442
mobley_3572203,7,-1.854562,-1.855122,-1.855580,-1.855465,-1.855391
mobley_3572203,8,-0.061841,-0.074042,-0.045802,-0.058045,-0.045195
mobley_3572203,9,0.653490,0.648700,0.673740,0.650903,0.668776
mobley_3572203,10,-0.148093,-0.147585,-0.149084,-0.147350,-0.147825
mobley_3572203,11,-0.148028,-0.147521,-0.149025,-0.147290,-0.147768
mobley_3572203,12,-0.154161,-0.153666,-0.155243,-0.153452,-0.153926
mobley_3572203,13,-0.381145,-0.378754,-0.391312,-0.384239,-0.387956
mobley_3572203,14,-0.382024,-0.379749,-0.392151,-0.385172,-0.388800
mobley_3572203,15,-0.458757,-0.456197,-0.469571,-0.462024,-0.465565
mobley_3572203,16,-0.425042,-0.422421,-0.433891,-0.427453,-0.430115
mobley_3572203,17,-0.447957,-0.444690,-0.459637,-0.451552,-0.455450
mobley_3572203,18,-0.434279,-0.431450,-0.444851,-0.437824,-0.440826
mobley_3572203,19,-0.288968,-0.286081,-0.293103,-0.289256,-0.290530
mobley_3572203,20,-0.305994,-0.303330,-0.311008,-0.307179,-0.308269
mobley_3572203,21,-0.229878,-0.228497,-0.235229,-0.230915,-0.233109
mobley_3572203,22,-0.228658,-0.227277,-0.233956,-0.229666,-0.231858
mobley_3572203,23,-0.132307,-0.131889,-0.132973,-0.131627,-0.132132
mobley_3572203,24,-0.131520,-0.131175,-0.132111,-0.130835,-0.131244
mobley_3572203,25,-0.132239,-0.131820,-0.132903,-0.131557,-0.132063
mobley_3573480,0,1.019548,1.031822,1.039420,1.024794,1.034470
mobley_3573480,1,0.805093,0.818419,0.820928,0.825179,0.828263
mobley_3573480,2,0.671539,0.682098,0.675821,0.679519,0.689168
mobley_3573480,3,1.032671,1.047408,1.052292,1.052052,1.065079
mobley_3573480,4,0.423593,0.417739,0.421360,0.413942,0.427270
mobley_3573480,5,-0.048933,-0.042787,-0.054236,-0.043661,-0.046218
mobley_3573480,6,-1.845544,-1.845162,-1.847840,-1.846458,-1.847546
mobley_3573480,7,0.266998,0.262492,0.267807,0.256306,0.262228
mobley_3573480,8,-0.154086,-0.153588,-0.155161,-0.153374,-0.153847
mobley_3573480,9,-0.148054,-0.147547,-0.149040,-0.147311,-0.147782
mobley_3573480,10,-0.148054,-0.147547,-0.149040,-0.147311,-0.147782
mobley_3573480,11,-0.383577,-0.381330,-0.393701,-0.386716,-0.390307
mobley_3573480,12,-0.383577,-0.381330,-0.393701,-0.386716,-0.390307
mobley_3573480,13,-0.463840,-0.461426,-0.474866,-0.467312,-0.470717
mobley_3573480,14,-0.463840,-0.461425,-0.474866,-0.467312,-0.470716
mobley_3573480,15,-0.461634,-0.459055,-0.473354,-0.464887,-0.469210
mobley_3573480,16,-0.461635,-0.459056,-0.473354,-0.464888,-0.469210
mobley_3573480,17,-0.287610,-0.286462,-0.293715,-0.288753,-0.290919
mobley_3573480,18,-0.287609,-0.286461,-0.293715,-0.288752,-0.290918
mobley_3573480,19,-0.115428,-0.115423,-0.115505,-0.114878,-0.115049
mobley_3573480,20,-0.116984,-0.117021,-0.117075,-0.116440,-0.116605
mobley_3573480,21,-0.115428,-0.115423,-0.115505,-0.114878,-0.115049
mobley_3589456,0,0.862666,0.855900,0.884098,0.841091,0.870748
mobley_3589456,1,-2.122444,-2.119734,-2.133071,-2.130616,-2.132976
mobley_3589456,2,-0.714099,-0.733276,-0.715983,-0.721209,-0.712034
mobley_3589456,3,0.903102,0.930348,0.963609,0.937986,0.941527
mobley_3589456,4,-0.023511,-0.023527,-0.023001,-0.022118,-0.023353
mobley_3589456,5,-2.117070,-2.114523,-2.129706,-2.127860,-2.129965
mobley_3589456,6,1.335695,1.328562,1.354046,1.312847,1.336863
mobley_3589456,7,-2.035177,-2.034148,-2.045800,-2.048480,-2.047808
mobley_3589456,8,1.753271,1.745496,1.778170,1.731753,1.758237
mobley_3589456,9,-0.172918,-0.172351,-0.173470,-0.172429,-0.172961
mobley_3589456,10,-0.173053,-0.171857,-0.166319,-0.168212,-0.165287
mobley_3589456,11,-0.144557,-0.143770,-0.144408,-0.143458,-0.143580
mobley_3589456,12,-0.168272,-0.167093,-0.168895,-0.167634,-0.168107
mobley_3589456,13,-0.164906,-0.164140,-0.165990,-0.164815,-0.165464
mobley_3589456,14,-0.140722,-0.139966,-0.140498,-0.139571,-0.139629
mobley_3589456,15,-0.140384,-0.139709,-0.140340,-0.139491,-0.139833
mobley_3589456,16,-0.182219,-0.181560,-0.182381,-0.181416,-0.181811
mobley_3589456,17,-0.189066,-0.188483,-0.189018,-0.188294,-0.188386
mobley_3589456,18,-0.146126,-0.145348,-0.145978,-0.145164,-0.145454
mobley_3589456,19,-0.143817,-0.142899,-0.143446,-0.142501,-0.142520
mobley_36119,0,0.970128,0.979462,0.984939,0.970206,0.980134
mobley_36119,1,1.059574,1.074140,1.082825,1.078581,1.084492
mobley_36119,2,0.471190,0.481546,0.471514,0.477921,0.483071
mobley_36119,3,0.555758,0.567397,0.558253,0.566971,0.571919
mobley_36119,4,1.310397,1.321748,1.338320,1.328104,1.356168
mobley_36119,5,0.984664,0.998622,1.005660,1.000634,1.019470
mobley_36119,6,0.350121,0.357209,0.365014,0.364314,0.370272
mobley_36119,7,0.069248,0.073668,0.072902,0.072493,0.070543
mobley_36119,8,-1.825890,-1.825464,-1.826533,-1.825896,-1.826955
mobley_36119,9,-0.149074,-0.148534,-0.150089,-0.148310,-0.148812
mobley_36119,10,-0.149037,-0.148499,-0.150024,-0.148256,-0.148754
mobley_36119,11,-0.155576,-0.155050,-0.156705,-0.154863,-0.155362
mobley_36119,12,-0.350446,-0.348339,-0.357222,-0.351988,-0.353792
mobley_36119,13,-0.328966,-0.326738,-0.335303,-0.329989,-0.332173
mobley_36119,14,-0.473157,-0.470854,-0.483402,-0.476434,-0.479078
mobley_36119,15,-0.456481,-0.454214,-0.466397,-0.459495,-0.462194
mobley_36119,16,-0.507883,-0.505306,-0.519353,-0.511268,-0.514632
mobley_36119,17,-0.521966,-0.519362,-0.533634,-0.525508,-0.528791
mobley_36119,18,-0.465136,-0.462032,-0.473338,-0.466096,-0.468789
mobley_36119,19,-0.487953,-0.485129,-0.496487,-0.489592,-0.491569
mobley_36119,20,-0.473627,-0.470779,-0.483505,-0.476088,-0.479117
mobley_36119,21,-0.486452,-0.483665,-0.497306,-0.489349,-0.492808
mobley_36119,22,-0.398226,-0.395609,-0.408282,-0.401523,-0.404724
mobley_36119,23,-0.407138,-0.404620,-0.417068,-0.410645,-0.413447
mobley_36119,24,-0.223773,-0.222331,-0.227545,-0.224992,-0.225934
mobley_36119,25,-0.213166,-0.211707,-0.216566,-0.214010,-0.215007
mobley_36119,26,-0.132043,-0.132130,-0.131544,-0.131274,-0.131658
mobley_3639400,0,0.829524,0.840205,0.841640,0.827512,0.837284
mobley_3639400,1,0.770572,0.777479,0.786055,0.784451,0.789769
mobley_3639400,2,0.809826,0.817303,0.820450,0.816113,0.822492
mobley_3639400,3,0.383315,0.385484,0.383036,0.375051,0.380752
mobley_3639400,4,0.012248,0.012240,0.013477,0.013470,0.013005
mobley_3639400,5,-0.152874,-0.152383,-0.153972,-0.152184,-0.152679
mobley_3639400,6,-0.147096,-0.146619,-0.148120,-0.146396,-0.146889
mobley_3639400,7,-0.147096,-0.146619,-0.148120,-0.146396,-0.146889
mobley_3639400,8,-0.353140,-0.351066,-0.362670,-0.356203,-0.359688
mobley_3639400,9,-0.353142,-0.351068,-0.362672,-0.356204,-0.359690
mobley_3639400,10,-0.292054,-0.290206,-0.298105,-0.293218,-0.295448
mobley_3639400,11,-0.292055,-0.290207,-0.298105,-0.293219,-0.295449
mobley_3639400,12,-0.108114,-0.108174,-0.108048,-0.107737,-0.107699
mobley_3639400,13,-0.108114,-0.108174,-0.108047,-0.107736,-0.107699
mobley_3663158,0,-0.165885,-0.162044,-0.162926,-0.164897,-0.161330
mobley_3663158,1,-0.167105,-0.163284,-0.164190,-0.165912,-0.162556
mobley_3663158,2,-0.020029,-0.012762,-0.028359,-0.020711,-0.027898
mobley_3663158,3,-0.389434,-0.388843,-0.371645,-0.385259,-0.372539
mobley_3663158,4,-0.255280,-0.251248,-0.256572,-0.255532,-0.256905
mobley_3663158,5,-0.371326,-0.374460,-0.362350,-0.369351,-0.364919
mobley_3663158,6,-0.473238,-0.474390,-0.469989,-0.473676,-0.469162
mobley_3663158,7,-0.213531,-0.212195,-0.221674,-0.218727,-0.219824
mobley_3663158,8,-0.346945,-0.346286,-0.320535,-0.338840,-0.319792
mobley_3663158,9,-0.092814,-0.087371,-0.101397,-0.095078,-0.100551
mobley_3663158,10,-1.866749,-1.867130,-1.866722,-1.866596,-1.866930
mobley_3663158,11,-0.113956,-0.114434,-0.114065,-0.113725,-0.113917
mobley_3663158,12,-0.113999,-0.114477,-0.114109,-0.113768,-0.113960
mobley_3663158,13,-0.122731,-0.123419,-0.123493,-0.122549,-0.122964
mobley_3663158,14,-0.156602,-0.157765,-0.159652,-0.157214,-0.158220
mobley_3663158,15,-0.123434,-0.124031,-0.124007,-0.123305,-0.123636
mobley_3663158,16,-0.126790,-0.127556,-0.127789,-0.126671,-0.127145
mobley_3663158,17,-0.122160,-0.122865,-0.122915,-0.121991,-0.122394
mobley_3663158,18,-0.162857,-0.162976,-0.163114,-0.162499,-0.163054
mobley_3682850,0,0.759054,0.784757,0.785237,0.783449,0.779454
mobley_3682850,1,0.524275,0.540245,0.541383,0.537460,0.545118
mobley_3682850,2,0.033685,0.034391,0.044720,0.034562,0.047812
mobley_3682850,3,0.570622,0.577065,0.569774,0.566506,0.573411
mobley_3682850,4,-1.837335,-1.836752,-1.838230,-1.837249,-1.838285
mobley_3682850,5,0.033685,0.034391,0.044718,0.034561,0.047812
mobley_3682850,6,0.524275,0.540246,0.541384,0.537461,0.545121
mobley_3682850,7,-0.386509,-0.384878,-0.394314,-0.388846,-0.390709
mobley_3682850,8,-0.386510,-0.384878,-0.394314,-0.388847,-0.390709
mobley_3682850,9,-0.357563,-0.356150,-0.364942,-0.359388,-0.361471
mobley_3682850,10,-0.388896,-0.386700,-0.395435,-0.389757,-0.391494
mobley_3682850,11,-0.242233,-0.241856,-0.245818,-0.242752,-0.243424
mobley_3682850,12,-0.250231,-0.249176,-0.252984,-0.249738,-0.250409
mobley_3682850,13,-0.250230,-0.249176,-0.252984,-0.249737,-0.250409
mobley_3682850,14,-0.242233,-0.241856,-0.245818,-0.242752,-0.243424
mobley_3682850,15,-0.357562,-0.356149,-0.364941,-0.359388,-0.361470
mobley_3682850,16,-0.388895,-0.386699,-0.395434,-0.389757,-0.391494
mobley_3686115,0,1.269162,1.269515,1.337673,1.296381,1.318303
mobley_3686115,1,0.718561,0.724464,0.707293,0.699716,0.697268
mobley_3686115,2,-2.332949,-2.322147,-2.354516,-2.341282,-2.352767
mobley_3686115,3,-0.257519,-0.268965,-0.256033,-0.259074,-0.254876
mobley_3686115,4,1.596164,1.620361,1.679581,1.636459,1.650306
mobley_3686115,5,-2.245014,-2.263521,-2.271321,-2.274909,-2.266928
mobley_3686115,6,1.137055,1.143810,1.102210,1.112928,1.090185
mobley_3686115,7,1.248517,1.250858,1.307419,1.272761,1.287485
mobley_3686115,8,-0.132036,-0.131641,-0.132612,-0.131385,-0.131730
mobley_3686115,9,-0.140589,-0.139895,-0.141468,-0.139838,-0.140473
mobley_3686115,10,-0.138611,-0.137972,-0.139435,-0.137873,-0.138458
mobley_3686115,11,-0.294728,-0.291441,-0.299760,-0.295136,-0.297189
mobley_3686115,12,-0.259617,-0.256709,-0.263850,-0.259992,-0.261558
mobley_3686115,13,-0.620603,-0.613966,-0.634503,-0.629010,-0.630307
mobley_3686115,14,-0.194424,-0.192943,-0.196144,-0.193616,-0.194332
mobley_3686115,15,-0.170598,-0.169361,-0.171682,-0.169784,-0.170289
mobley_3686115,16,-0.188094,-0.186459,-0.189365,-0.187023,-0.187491
mobley_3686115,17,-0.277158,-0.273868,-0.280446,-0.276720,-0.277557
mobley_3686115,18,-0.266061,-0.262771,-0.269345,-0.265449,-0.266594
mobley_3686115,19,-0.141541,-0.140826,-0.142382,-0.140703,-0.141317
mobley_3686115,20,-0.141858,-0.141156,-0.142702,-0.141023,-0.141637
mobley_3686115,21,-0.136136,-0.135682,-0.136754,-0.135405,-0.135761
mobley_3690931,0,0.814541,0.822366,0.832604,0.816959,0.827702
mobley_3690931,1,0.765169,0.767646,0.789600,0.784364,0.791323
mobley_3690931,2,-0.143315,-0.150425,-0.136306,-0.143117,-0.136822
mobley_3690931,3,1.304105,1.300916,1.353055,1.295551,1.363894
mobley_3690931,4,-1.861966,-1.862545,-1.863333,-1.863210,-1.863056
mobley_3690931,5,-2.055931,-2.049339,-2.065533,-2.057310,-2.064473
mobley_3690931,6,0.808475,0.828989,0.788442,0.797458,0.775880
mobley_3690931,7,0.313207,0.317726,0.350133,0.341821,0.349840
mobley_3690931,8,1.008599,1.013659,1.046238,1.020220,1.038826
mobley_3690931,9,-0.142397,-0.141945,-0.143347,-0.141723,-0.142216
mobley_3690931,10,-0.146183,-0.145742,-0.147172,-0.145522,-0.146003
mobley_3690931,11,-0.142397,-0.141945,-0.143347,-0.141723,-0.142216
mobley_3690931,12,-0.312793,-0.310517,-0.321216,-0.314991,-0.318491
mobley_3690931,13,-0.312793,-0.310517,-0.321216,-0.314991,-0.318491
mobley_3690931,14,-0.287179,-0.285443,-0.293778,-0.288657,-0.290959
mobley_3690931,15,-0.287179,-0.285443,-0.293778,-0.288657,-0.290959
mobley_3690931,16,-0.257482,-0.255016,-0.261298,-0.257917,-0.259068
mobley_3690931,17,-0.257482,-0.255016,-0.261298,-0.257917,-0.259068
mobley_3690931,18,-0.322342,-0.319711,-0.331506,-0.325078,-0.328616
mobley_3690931,19,-0.322342,-0.319711,-0.331506,-0.325078,-0.328616
mobley_3690931,20,-0.141748,-0.141298,-0.142558,-0.141059,-0.141475
mobley_3690931,21,-0.141016,-0.140460,-0.141873,-0.140283,-0.140800
mobley_3690931,22,-0.141016,-0.140460,-0.141873,-0.140283,-0.140800
mobley_3709920,0,0.966666,0.976010,0.981347,0.966636,0.976565
mobley_3709920,1,1.037863,1.052360,1.059091,1.055503,1.060635
mobley_3709920,2,0.471176,0.481762,0.471212,0.478023,0.482712
mobley_3709920,3,0.504652,0.511518,0.509385,0.514378,0.523335
mobley_3709920,4,1.367640,1.375919,1.383220,1.370343,1.394749
mobley_3709920,5,0.590243,0.594806,0.598880,0.601433,0.611177
mobley_3709920,6,0.609880,0.611168,0.616997,0.611245,0.622913
mobley_3709920,7,-0.062099,-0.050875,-0.061711,-0.058681,-0.058118
mobley_3709920,8,-0.148066,-0.137144,-0.149394,-0.148006,-0.155686
mobley_3709920,9,-0.155627,-0.155100,-0.156757,-0.154913,-0.155412
mobley_3709920,10,-0.149075,-0.148537,-0.150064,-0.148295,-0.148793
mobley_3709920,11,-0.149114,-0.148575,-0.150131,-0.148350,-0.148853
mobley_3709920,12,-0.350259,-0.348167,-0.357008,-0.351791,-0.353578
mobley_3709920,13,-0.328884,-0.326674,-0.335228,-0.329932,-0.332099
mobley_3709920,14,-0.474568,-0.472261,-0.484891,-0.477882,-0.480548
mobley_3709920,15,-0.457499,-0.455228,-0.467509,-0.460574,-0.463303
mobley_3709920,16,-0.498719,-0.496155,-0.510055,-0.502072,-0.505447
mobley_3709920,17,-0.513096,-0.510497,-0.524680,-0.516643,-0.519962
mobley_3709920,18,-0.407972,-0.405272,-0.412059,-0.406538,-0.407287
mobley_3709920,19,-0.431481,-0.428821,-0.436049,-0.430471,-0.430995
mobley_3709920,20,-0.427960,-0.425774,-0.437057,-0.429837,-0.432739
mobley_3709920,21,-0.426529,-0.424357,-0.435657,-0.428468,-0.431347
mobley_3709920,22,-0.276709,-0.276052,-0.282135,-0.277536,-0.279328
mobley_3709920,23,-0.253980,-0.253212,-0.258732,-0.254325,-0.256175
mobley_3709920,24,-0.110424,-0.110769,-0.110672,-0.110344,-0.110474
mobley_3709920,25,-0.113663,-0.113882,-0.113154,-0.113411,-0.113370
mobley_3709920,26,-0.113400,-0.113587,-0.112895,-0.113118,-0.113099
mobley_3715043,0,0.607127,0.609598,0.605929,0.595607,0.594533
mobley_3715043,1,-0.334509,-0.339762,-0.319871,-0.329539,-0.316765
mobley_3715043,2,-0.175169,-0.167625,-0.184467,-0.181128,-0.181476
mobley_3715043,3,-0.175174,-0.167630,-0.184471,-0.181134,-0.181481
mobley_3715043,4,-0.334510,-0.339761,-0.319871,-0.329539,-0.316764
mobley_3715043,5,-0.574061,-0.578650,-0.579198,-0.579248,-0.578080
mobley_3715043,6,-0.574062,-0.578652,-0.579200,-0.579250,-0.578083
mobley_3715043,7,0.205857,0.208503,0.185124,0.194132,0.182592
mobley_3715043,8,-0.131126,-0.125465,-0.124644,-0.127285,-0.123531
mobley_3715043,9,-0.131124,-0.125462,-0.124641,-0.127283,-0.123529
mobley_3715043,10,0.205864,0.208511,0.185128,0.194140,0.182597
mobley_3715043,11,0.607141,0.609610,0.605943,0.595621,0.594547
mobley_3715043,12,-0.133046,-0.132934,-0.133561,-0.132227,-0.132649
mobley_3715043,13,-0.132021,-0.131849,-0.132247,-0.130874,-0.131263
mobley_3715043,14,-0.133046,-0.132933,-0.133560,-0.132226,-0.132649
mobley_3715043,15,-0.129786,-0.130686,-0.130973,-0.129684,-0.130175
mobley_3715043,16,-0.129786,-0.130686,-0.130973,-0.129683,-0.130175
mobley_3715043,17,-0.122198,-0.122596,-0.122450,-0.121649,-0.122075
mobley_3715043,18,-0.114753,-0.115273,-0.114927,-0.114515,-0.114728
mobley_3715043,19,-0.114753,-0.115273,-0.114927,-0.114515,-0.114728
mobley_3715043,20,-0.122198,-0.122597,-0.122450,-0.121650,-0.122075
mobley_3715043,21,-0.133047,-0.132935,-0.133562,-0.132228,-0.132651
mobley_3715043,22,-0.133047,-0.132934,-0.133561,-0.132227,-0.132650
mobley_3715043,23,-0.132022,-0.131850,-0.132249,-0.130875,-0.131264
mobley_3727287,0,-0.215985,-0.216508,-0.215055,-0.218085,-0.214656
mobley_3727287,1,-0.215986,-0.216508,-0.215055,-0.218086,-0.214655
mobley_3727287,2,-0.220181,-0.221326,-0.217813,-0.220889,-0.218298
mobley_3727287,3,-1.835437,-1.835166,-1.834468,-1.834879,-1.834840
mobley_3727287,4,-0.215985,-0.216508,-0.215054,-0.218085,-0.214655
mobley_3727287,5,-0.215985,-0.216508,-0.215055,-0.218085,-0.214654
mobley_3727287,6,-0.220181,-0.221328,-0.217814,-0.220890,-0.218298
mobley_3727287,7,-1.835438,-1.835166,-1.834468,-1.834879,-1.834840
mobley_3727287,8,-0.111814,-0.112130,-0.111492,-0.111519,-0.111540
mobley_3727287,9,-0.111814,-0.112130,-0.111492,-0.111519,-0.111540
mobley_3727287,10,-0.111814,-0.112130,-0.111492,-0.111519,-0.111540
mobley_3727287,11,-0.111814,-0.112130,-0.111492,-0.111519,-0.111540
mobley_3738859,0,0.975268,0.987193,0.993701,0.978900,0.989049
mobley_3738859,1,0.740935,0.748693,0.756224,0.756346,0.761532
mobley_3738859,2,0.679343,0.686201,0.675771,0.678580,0.682184
mobley_3738859,3,0.871118,0.878153,0.885281,0.877190,0.887758
mobley_3738859,4,0.144647,0.153741,0.153457,0.147931,0.150320
mobley_3738859,5,-0.921624,-0.921216,-0.919989,-0.919924,-0.920320
mobley_3738859,6,-0.148167,-0.147661,-0.149182,-0.147435,-0.147921
mobley_3738859,7,-0.148161,-0.147657,-0.149179,-0.147432,-0.147919
mobley_3738859,8,-0.154382,-0.153879,-0.155486,-0.153678,-0.154163
mobley_3738859,9,-0.374243,-0.372059,-0.384356,-0.377497,-0.381106
mobley_3738859,10,-0.376707,-0.374533,-0.386907,-0.380019,-0.383635
mobley_3738859,11,-0.379937,-0.377915,-0.387408,-0.381584,-0.383658
mobley_3738859,12,-0.385897,-0.383973,-0.393747,-0.387826,-0.389889
mobley_3738859,13,-0.266467,-0.265094,-0.272036,-0.267269,-0.269476
mobley_3738859,14,-0.260827,-0.259396,-0.266102,-0.261415,-0.263652
mobley_3738859,15,-0.101812,-0.102144,-0.101494,-0.101580,-0.101545
mobley_3738859,16,-0.101889,-0.102246,-0.101572,-0.101665,-0.101654
mobley_3746675,0,0.321747,0.320541,0.314522,0.305210,0.306647
mobley_3746675,1,-0.190514,-0.193387,-0.167535,-0.177539,-0.164860
mobley_3746675,2,-0.257074,-0.239803,-0.271214,-0.261262,-0.278569
mobley_3746675,3,-0.381602,-0.386731,-0.376916,-0.383002,-0.375812
mobley_3746675,4,0.056417,0.061750,0.046303,0.051029,0.045781
mobley_3746675,5,-0.144851,-0.141160,-0.142804,-0.143644,-0.142285
mobley_3746675,6,-0.146895,-0.142742,-0.141591,-0.144909,-0.140319
mobley_3746675,7,-0.145646,-0.142031,-0.143130,-0.144350,-0.142781
mobley_3746675,8,0.005251,0.010175,-0.009663,-0.004073,-0.010649
mobley_3746675,9,-0.121412,-0.121442,-0.121462,-0.120686,-0.120856
mobley_3746675,10,-0.119136,-0.119111,-0.119028,-0.118185,-0.118344
mobley_3746675,11,-0.121747,-0.121757,-0.121832,-0.121006,-0.121203
mobley_3746675,12,-0.113689,-0.113863,-0.113271,-0.113402,-0.113419
mobley_3746675,13,-0.110464,-0.110699,-0.109977,-0.110184,-0.110145
mobley_3746675,14,-0.119842,-0.120341,-0.120186,-0.119500,-0.119813
mobley_3746675,15,-0.113347,-0.113836,-0.113443,-0.113132,-0.113298
mobley_3746675,16,-0.111923,-0.112350,-0.111886,-0.111682,-0.111814
mobley_3746675,17,-0.113506,-0.113999,-0.113619,-0.113294,-0.113467
mobley_3746675,18,-0.118739,-0.119163,-0.118928,-0.118330,-0.118611
mobley_3761215,0,0.511948,0.501909,0.511244,0.494557,0.503874
mobley_3761215,1,-0.384038,-0.388093,-0.382152,-0.384008,-0.383777
mobley_3761215,2,-0.078429,-0.078448,-0.078385,-0.078097,-0.078548
mobley_3761215,3,-0.078429,-0.078448,-0.078385,-0.078097,-0.078548
mobley_3761215,4,-0.078429,-0.078448,-0.078385,-0.078097,-0.078548
mobley_3761215,5,-0.108441,-0.108598,-0.108185,-0.108034,-0.108045
mobley_3761215,6,-0.108441,-0.108598,-0.108185,-0.108034,-0.108045
mobley_3761215,7,-0.108441,-0.108598,-0.108185,-0.108034,-0.108045
mobley_3762186,0,-0.486214,-0.492822,-0.488262,-0.492529,-0.490313
mobley_3762186,1,-0.060944,-0.060959,-0.060528,-0.060364,-0.060706
mobley_3762186,2,-0.060944,-0.060959,-0.060528,-0.060364,-0.060705
mobley_3762186,3,-0.117926,-0.118225,-0.117536,-0.117682,-0.117791
mobley_3762186,4,-0.117926,-0.118225,-0.117536,-0.117682,-0.117791
mobley_3775790,0,0.451662,0.449049,0.449696,0.431289,0.438619
mobley_3775790,1,-2.689805,-2.691614,-2.692782,-2.689954,-2.691804
mobley_3775790,2,-0.300385,-0.303717,-0.340392,-0.327813,-0.341651
mobley_3775790,3,-0.401506,-0.401969,-0.390235,-0.396346,-0.390910
mobley_3775790,4,-0.401505,-0.401968,-0.390233,-0.396344,-0.390908
mobley_3775790,5,-0.300390,-0.303722,-0.340396,-0.327818,-0.341656
mobley_3775790,6,-0.123206,-0.122975,-0.123037,-0.122222,-0.122420
mobley_3775790,7,-0.121434,-0.121221,-0.121112,-0.120365,-0.120522
mobley_3775790,8,-0.121433,-0.121220,-0.121112,-0.120364,-0.120522
mobley_3775790,9,-0.125377,-0.125870,-0.125583,-0.125144,-0.125334
mobley_3775790,10,-0.117574,-0.118071,-0.117636,-0.117471,-0.117541
mobley_3775790,11,-0.117574,-0.118071,-0.117636,-0.117471,-0.117541
mobley_3775790,12,-0.125377,-0.125870,-0.125583,-0.125144,-0.125334
mobley_3777264,0,-0.314233,-0.314335,-0.317290,-0.316479,-0.315685
mobley_3777264,1,-0.248703,-0.244573,-0.235822,-0.243193,-0.234644
mobley_3777264,2,-0.391131,-0.392867,-0.384339,-0.388498,-0.384325
mobley_3777264,3,-0.061969,-0.047481,-0.048506,-0.049532,-0.050774
mobley_3777264,4,-0.258712,-0.263333,-0.249209,-0.252815,-0.247474
mobley_3777264,5,0.147581,0.164718,0.168571,0.163013,0.165825
mobley_3777264,6,-0.630965,-0.650111,-0.646895,-0.676333,-0.658004
mobley_3777264,7,-1.778039,-1.778381,-1.776589,-1.777500,-1.777138
mobley_3777264,8,-1.777472,-1.777803,-1.776013,-1.776920,-1.776567
mobley_3777264,9,-2.426955,-2.430672,-2.438151,-2.437526,-2.442132
mobley_3777264,10,-0.116436,-0.116976,-0.116711,-0.116243,-0.116466
mobley_3777264,11,-0.124625,-0.125323,-0.125558,-0.124586,-0.125003
mobley_3777264,12,-0.138872,-0.139786,-0.140473,-0.138929,-0.139435
mobley_3777264,13,-0.121167,-0.121731,-0.121615,-0.120976,-0.121245
mobley_3777264,14,-0.135033,-0.134853,-0.134932,-0.134599,-0.135131
mobley_3777264,15,-0.135170,-0.135001,-0.135056,-0.134731,-0.135246
mobley_3802803,0,1.027331,1.039646,1.047385,1.033024,1.042461
mobley_3802803,1,0.823280,0.837938,0.839149,0.844922,0.847016
mobley_3802803,2,0.866362,0.880193,0.873211,0.877983,0.889438
mobley_3802803,3,0.914497,0.930394,0.935169,0.935278,0.950169
mobley_3802803,4,0.509377,0.534241,0.534784,0.538080,0.536391
mobley_3802803,5,0.222028,0.234638,0.262896,0.245511,0.253025
mobley_3802803,6,-1.828173,-1.827966,-1.828711,-1.827390,-1.828662
mobley_3802803,7,2.661408,2.627101,2.657222,2.619091,2.641480
mobley_3802803,8,-1.765751,-1.766464,-1.763967,-1.764865,-1.764544
mobley_3802803,9,-1.778037,-1.778645,-1.777186,-1.777720,-1.777700
mobley_3802803,10,-0.148058,-0.147548,-0.149041,-0.147311,-0.147783
mobley_3802803,11,-0.148058,-0.147548,-0.149041,-0.147312,-0.147783
mobley_3802803,12,-0.154154,-0.153655,-0.155228,-0.153441,-0.153914
mobley_3802803,13,-0.383456,-0.381204,-0.393497,-0.386535,-0.390093
mobley_3802803,14,-0.383458,-0.381206,-0.393499,-0.386537,-0.390095
mobley_3802803,15,-0.478956,-0.476402,-0.490109,-0.482305,-0.485762
mobley_3802803,16,-0.478960,-0.476406,-0.490114,-0.482309,-0.485766
mobley_3802803,17,-0.499075,-0.495924,-0.511242,-0.502536,-0.506677
mobley_3802803,18,-0.499081,-0.495930,-0.511248,-0.502542,-0.506683
mobley_3802803,19,-0.462552,-0.459241,-0.474934,-0.466590,-0.470558
mobley_3802803,20,-0.462556,-0.459245,-0.474938,-0.466594,-0.470562
mobley_3802803,21,-0.289554,-0.286748,-0.295767,-0.291474,-0.292938
mobley_3802803,22,-0.289551,-0.286745,-0.295763,-0.291470,-0.292935
mobley_3843583,0,-0.176535,-0.172736,-0.173898,-0.175853,-0.172195
mobley_3843583,1,-0.167000,-0.162322,-0.162073,-0.164216,-0.161013
mobley_3843583,2,-0.058524,-0.052803,-0.070317,-0.063459,-0.070646
mobley_3843583,3,-0.402098,-0.398682,-0.367876,-0.390058,-0.367747
mobley_3843583,4,-0.332331,-0.332834,-0.309106,-0.326467,-0.308836
mobley_3843583,5,0.025086,0.033667,0.020602,0.025436,0.020582
mobley_3843583,6,-0.005174,0.003168,-0.005920,-0.004307,-0.005204
mobley_3843583,7,-0.244115,-0.240676,-0.243787,-0.243599,-0.242174
mobley_3843583,8,-0.238251,-0.233397,-0.227128,-0.233866,-0.225750
mobley_3843583,9,-0.437017,-0.438673,-0.431678,-0.434732,-0.431849
mobley_3843583,10,-2.448987,-2.453931,-2.468825,-2.465517,-2.474624
mobley_3843583,11,-0.113969,-0.114447,-0.114063,-0.113726,-0.113912
mobley_3843583,12,-0.114585,-0.115094,-0.114757,-0.114355,-0.114569
mobley_3843583,13,-0.133420,-0.134178,-0.134573,-0.133252,-0.133812
mobley_3843583,14,-0.123305,-0.124038,-0.124147,-0.123139,-0.123571
mobley_3843583,15,-0.125050,-0.125811,-0.125996,-0.124888,-0.125374
mobley_3843583,16,-0.117211,-0.117777,-0.117538,-0.116992,-0.117253
mobley_3843583,17,-0.130317,-0.131130,-0.131605,-0.130314,-0.130857
mobley_3843583,18,-0.149269,-0.149009,-0.149554,-0.148780,-0.149588
mobley_3843583,19,-0.139319,-0.139120,-0.139290,-0.138858,-0.139480
mobley_3867265,0,0.231429,0.225252,0.229328,0.217829,0.223332
mobley_3867265,1,0.004778,0.010644,0.020186,0.021356,0.021795
mobley_3867265,2,-1.822060,-1.821780,-1.821377,-1.821432,-1.821631
mobley_3867265,3,0.231430,0.225254,0.229329,0.217829,0.223330
mobley_3867265,4,-0.111368,-0.111478,-0.111267,-0.110896,-0.110972
mobley_3867265,5,-0.110892,-0.111001,-0.110806,-0.110429,-0.110505
mobley_3867265,6,-0.110892,-0.111001,-0.110806,-0.110429,-0.110505
mobley_3867265,7,-0.110892,-0.111001,-0.110806,-0.110429,-0.110505
mobley_3867265,8,-0.111368,-0.111478,-0.111267,-0.110895,-0.110972
mobley_3867265,9,-0.110892,-0.111001,-0.110806,-0.110429,-0.110505
mobley_3968043,0,0.322206,0.337117,0.330578,0.327912,0.330503
mobley_3968043,1,0.322206,0.337118,0.330579,0.327913,0.330501
mobley_3968043,2,-0.133881,-0.131565,-0.129059,-0.133834,-0.129344
mobley_3968043,3,0.371458,0.386535,0.355507,0.360101,0.354663
mobley_3968043,4,-1.838416,-1.838004,-1.839690,-1.838701,-1.839706
mobley_3968043,5,-0.133881,-0.131565,-0.129059,-0.133834,-0.129344
mobley_3968043,6,-0.364261,-0.363243,-0.372410,-0.367131,-0.368907
mobley_3968043,7,-0.383350,-0.382477,-0.392875,-0.386768,-0.389130
mobley_3968043,8,-0.364262,-0.363243,-0.372410,-0.367131,-0.368906
mobley_3968043,9,-0.383350,-0.382476,-0.392875,-0.386768,-0.389130
mobley_3968043,10,-0.227069,-0.226998,-0.230806,-0.228077,-0.228693
mobley_3968043,11,-0.237068,-0.237042,-0.241708,-0.238482,-0.239399
mobley_3968043,12,-0.227069,-0.226998,-0.230806,-0.228077,-0.228693
mobley_3968043,13,-0.237068,-0.237042,-0.241707,-0.238481,-0.239399
mobley_3968739,0,0.752987,0.749448,0.758945,0.735906,0.744041
mobley_3968739,1,-1.889620,-1.889027,-1.890120,-1.888457,-1.889530
mobley_3968739,2,0.806760,0.802314,0.755673,0.780153,0.745951
mobley_3968739,3,-1.842688,-1.843282,-1.842060,-1.842391,-1.842092
mobley_3968739,4,-0.390068,-0.393593,-0.375320,-0.385223,-0.375313
mobley_3968739,5,-0.081341,-0.079078,-0.086489,-0.084959,-0.085796
mobley_3968739,6,-0.155046,-0.151922,-0.154717,-0.154414,-0.154549
mobley_3968739,7,-0.123835,-0.120593,-0.119109,-0.123012,-0.117963
mobley_3968739,8,-0.192136,-0.189696,-0.191767,-0.191192,-0.191750
mobley_3968739,9,-0.304895,-0.303451,-0.302722,-0.306234,-0.301812
mobley_3968739,10,-0.118227,-0.118094,-0.117975,-0.117583,-0.117616
mobley_3968739,11,-0.118863,-0.118787,-0.118817,-0.118376,-0.118440
mobley_3968739,12,-0.118227,-0.118094,-0.117975,-0.117583,-0.117616
mobley_3968739,13,-0.121297,-0.121751,-0.121638,-0.121014,-0.121329
mobley_3968739,14,-0.112876,-0.113334,-0.112922,-0.112658,-0.112812
mobley_3968739,15,-0.111921,-0.112341,-0.111881,-0.111689,-0.111820
mobley_3968739,16,-0.113033,-0.113504,-0.113104,-0.112822,-0.112981
mobley_3968739,17,-0.138491,-0.139033,-0.139437,-0.138343,-0.138920
mobley_3969312,0,-0.131846,-0.128725,-0.127953,-0.131196,-0.126982
mobley_3969312,1,-0.187849,-0.186033,-0.189528,-0.189443,-0.189117
mobley_3969312,2,-0.094295,-0.090853,-0.099379,-0.098311,-0.099307
mobley_3969312,3,-0.197833,-0.199503,-0.184529,-0.191653,-0.180472
mobley_3969312,4,-0.122717,-0.119682,-0.128014,-0.126168,-0.127613
mobley_3969312,5,-0.153508,-0.150266,-0.154243,-0.154097,-0.154106
mobley_3969312,6,-0.247320,-0.244866,-0.255388,-0.251301,-0.259677
mobley_3969312,7,-1.827414,-1.827296,-1.826196,-1.826861,-1.826519
mobley_3969312,8,-0.111980,-0.112405,-0.111957,-0.111756,-0.111892
mobley_3969312,9,-0.112863,-0.113326,-0.112923,-0.112651,-0.112809
mobley_3969312,10,-0.115198,-0.115705,-0.115398,-0.114982,-0.115180
mobley_3969312,11,-0.116801,-0.117401,-0.117252,-0.116644,-0.116900
mobley_3969312,12,-0.112682,-0.113145,-0.112728,-0.112467,-0.112617
mobley_3969312,13,-0.114481,-0.114635,-0.113952,-0.114065,-0.114090
mobley_397645,0,0.550092,0.552144,0.590368,0.561118,0.580351
mobley_397645,1,0.803874,0.816823,0.793703,0.790760,0.779795
mobley_397645,2,-1.978144,-1.974276,-1.983356,-1.977751,-1.982598
mobley_397645,3,1.459737,1.450717,1.385590,1.415396,1.371041
mobley_397645,4,-1.853037,-1.853844,-1.852772,-1.853011,-1.852648
mobley_397645,5,-0.423611,-0.427748,-0.413416,-0.420534,-0.413253
mobley_397645,6,-0.341588,-0.340383,-0.337935,-0.341790,-0.336147
mobley_397645,7,-0.188145,-0.185672,-0.186870,-0.186718,-0.187028
mobley_397645,8,-0.123158,-0.119879,-0.118386,-0.122294,-0.117227
mobley_397645,9,-0.150942,-0.147694,-0.150405,-0.150146,-0.150320
mobley_397645,10,-0.059023,-0.056932,-0.063808,-0.062021,-0.063022
mobley_397645,11,-0.137593,-0.137012,-0.138461,-0.136898,-0.137523
mobley_397645,12,-0.131001,-0.130625,-0.131587,-0.130378,-0.130738
mobley_397645,13,-0.137593,-0.137011,-0.138461,-0.136897,-0.137522
mobley_397645,14,-0.209945,-0.208237,-0.213143,-0.210286,-0.211418
mobley_397645,15,-0.209947,-0.208240,-0.213146,-0.210289,-0.211421
mobley_397645,16,-0.150870,-0.151121,-0.151785,-0.150524,-0.151311
mobley_397645,17,-0.113049,-0.113520,-0.113120,-0.112838,-0.112997
mobley_397645,18,-0.111909,-0.112329,-0.111868,-0.111677,-0.111808
mobley_397645,19,-0.112866,-0.113324,-0.112912,-0.112648,-0.112802
mobley_397645,20,-0.122347,-0.122788,-0.122704,-0.122052,-0.122385
mobley_3976574,0,-0.230638,-0.233760,-0.230319,-0.235583,-0.228563
mobley_3976574,1,-0.263149,-0.255408,-0.256101,-0.260103,-0.257224
mobley_3976574,2,0.881246,0.877249,0.917794,0.881698,0.900491
mobley_3976574,3,0.695787,0.688259,0.720568,0.688508,0.704922
mobley_3976574,4,-0.228893,-0.222785,-0.224838,-0.230857,-0.226199
mobley_3976574,5,-0.434048,-0.436858,-0.433078,-0.434302,-0.431754
mobley_3976574,6,-0.054113,-0.053617,-0.052931,-0.053329,-0.053342
mobley_3976574,7,-2.138421,-2.138519,-2.149239,-2.139576,-2.146446
mobley_3976574,8,0.963839,0.964862,0.984915,0.957777,0.969884
mobley_3976574,9,1.003987,1.005159,1.025685,0.997659,1.010167
mobley_3976574,10,-0.339867,-0.333386,-0.337279,-0.338953,-0.339094
mobley_3976574,11,-0.463223,-0.467881,-0.464676,-0.466838,-0.464472
mobley_3976574,12,-0.463350,-0.468007,-0.464796,-0.466962,-0.464591
mobley_3976574,13,-0.332298,-0.325689,-0.329461,-0.331248,-0.331335
mobley_3976574,14,-0.074572,-0.074361,-0.074274,-0.074295,-0.074519
mobley_3976574,15,-0.071470,-0.071216,-0.071113,-0.071230,-0.071403
mobley_3976574,16,-0.071471,-0.071216,-0.071114,-0.071231,-0.071404
mobley_3976574,17,-0.074624,-0.074412,-0.074325,-0.074345,-0.074570
mobley_3976574,18,-2.135119,-2.135383,-2.145709,-2.136316,-2.142944
mobley_3976574,19,-0.115166,-0.115523,-0.115041,-0.114908,-0.115012
mobley_3976574,20,-0.135977,-0.136581,-0.136876,-0.135768,-0.136312
mobley_3976574,21,-0.132530,-0.132934,-0.132911,-0.132106,-0.132536
mobley_3980099,0,-0.029173,-0.023996,-0.023100,-0.026641,-0.024216
mobley_3980099,1,-0.005552,-0.003276,-0.001486,-0.007137,-0.003143
mobley_3980099,2,-0.329352,-0.331759,-0.328734,-0.331046,-0.329309
mobley_3980099,3,-0.423434,-0.426873,-0.425423,-0.427751,-0.426075
mobley_3980099,4,-0.329351,-0.331758,-0.328734,-0.331045,-0.329307
mobley_3980099,5,-0.005553,-0.003277,-0.001486,-0.007138,-0.003146
mobley_3980099,6,-0.062345,-0.061932,-0.061537,-0.061761,-0.061871
mobley_3980099,7,-0.073168,-0.072881,-0.072811,-0.072907,-0.073119
mobley_3980099,8,-0.062345,-0.061932,-0.061537,-0.061761,-0.061871
mobley_3980099,9,-0.111160,-0.111596,-0.111102,-0.110930,-0.111045
mobley_3980099,10,-0.111962,-0.112311,-0.111733,-0.111714,-0.111765
mobley_3980099,11,-0.111962,-0.112311,-0.111733,-0.111714,-0.111765
mobley_3982371,0,0.060888,0.050000,0.066770,0.049812,0.061228
mobley_3982371,1,0.558637,0.571572,0.612519,0.581968,0.613462
mobley_3982371,2,-1.824567,-1.824822,-1.823508,-1.823861,-1.823716
mobley_3982371,3,-1.864654,-1.864039,-1.864584,-1.863376,-1.864322
mobley_3982371,4,0.527759,0.519670,0.525152,0.508814,0.513375
mobley_3982371,5,-0.117433,-0.117365,-0.117495,-0.116862,-0.117103
mobley_3982371,6,-0.117433,-0.117365,-0.117495,-0.116862,-0.117103
mobley_3982371,7,-0.112928,-0.112997,-0.112879,-0.112455,-0.112568
mobley_3982371,8,-0.116082,-0.115971,-0.115824,-0.115470,-0.115493
mobley_3982371,9,-0.118001,-0.117941,-0.117972,-0.117545,-0.117606
mobley_3982371,10,-0.116082,-0.115971,-0.115824,-0.115470,-0.115493
mobley_3999471,0,0.510079,0.502066,0.511431,0.495839,0.504826
mobley_3999471,1,-0.158606,-0.163972,-0.155413,-0.160096,-0.158003
mobley_3999471,2,-0.052729,-0.052766,-0.052277,-0.052026,-0.052452
mobley_3999471,3,-0.052729,-0.052766,-0.052277,-0.052026,-0.052452
mobley_3999471,4,-0.109090,-0.109140,-0.108915,-0.108561,-0.108655
mobley_3999471,5,-0.110281,-0.110360,-0.110142,-0.109807,-0.109891
mobley_3999471,6,-0.109090,-0.109140,-0.108915,-0.108561,-0.108655
mobley_3999471,7,-0.102517,-0.102943,-0.102187,-0.102326,-0.102364
mobley_4013838,0,1.100361,1.121627,1.112746,1.099071,1.110114
mobley_4013838,1,0.291167,0.280062,0.325058,0.304886,0.327596
mobley_4013838,2,0.974740,0.999449,0.984072,0.970003,0.978998
mobley_4013838,3,-0.241411,-0.237084,-0.267444,-0.253910,-0.267055
mobley_4013838,4,-1.925178,-1.924051,-1.934628,-1.930567,-1.933298
mobley_4013838,5,0.291169,0.280060,0.325058,0.304886,0.327596
mobley_4013838,6,1.100376,1.121641,1.112759,1.099081,1.110127
mobley_4013838,7,0.974744,0.999455,0.984076,0.970009,0.979001
mobley_4013838,8,-0.176601,-0.176036,-0.177587,-0.175622,-0.175780
mobley_4013838,9,-0.172426,-0.171839,-0.173453,-0.171470,-0.171723
mobley_4013838,10,-0.174938,-0.174326,-0.175894,-0.173994,-0.174193
mobley_4013838,11,-0.616633,-0.613943,-0.634879,-0.624501,-0.629768
mobley_4013838,12,-0.172801,-0.172220,-0.173140,-0.171458,-0.171325
mobley_4013838,13,-0.169763,-0.169150,-0.170029,-0.168463,-0.168338
mobley_4013838,14,-0.169096,-0.168383,-0.169188,-0.167471,-0.167345
mobley_4013838,15,-0.616633,-0.613941,-0.634879,-0.624500,-0.629767
mobley_4013838,16,-0.174939,-0.174326,-0.175895,-0.173994,-0.174194
mobley_4013838,17,-0.172427,-0.171839,-0.173453,-0.171471,-0.171724
mobley_4013838,18,-0.176602,-0.176037,-0.177588,-0.175622,-0.175781
mobley_4013838,19,-0.169763,-0.169150,-0.170029,-0.168462,-0.168338
mobley_4013838,20,-0.169095,-0.168383,-0.169187,-0.167470,-0.167345
mobley_4013838,21,-0.172800,-0.172220,-0.173139,-0.171457,-0.171324
mobley_4035953,0,0.000207,-0.007226,-0.010700,-0.016452,-0.015335
mobley_4035953,1,-0.342495,-0.346555,-0.332921,-0.339122,-0.332486
mobley_4035953,2,-0.324578,-0.323277,-0.334704,-0.332060,-0.332677
mobley_4035953,3,-0.210375,-0.207713,-0.209926,-0.211214,-0.208872
mobley_4035953,4,-0.262215,-0.259937,-0.263011,-0.263910,-0.261726
mobley_4035953,5,-0.357001,-0.359025,-0.355563,-0.357908,-0.354867
mobley_4035953,6,-0.320585,-0.319304,-0.309020,-0.316851,-0.312253
mobley_4035953,7,-1.873276,-1.873774,-1.874379,-1.873689,-1.874413
mobley_4035953,8,-0.126628,-0.126548,-0.126920,-0.125880,-0.126230
mobley_4035953,9,-0.126628,-0.126548,-0.126921,-0.125880,-0.126231
mobley_4035953,10,-0.122286,-0.122204,-0.122220,-0.121325,-0.121553
mobley_4035953,11,-0.121221,-0.121904,-0.121936,-0.121125,-0.121433
mobley_4035953,12,-0.115211,-0.115736,-0.115461,-0.115041,-0.115260
mobley_4035953,13,-0.115010,-0.115508,-0.115211,-0.114825,-0.115024
mobley_4035953,14,-0.136651,-0.137520,-0.138638,-0.137103,-0.137773
mobley_4035953,15,-0.164617,-0.164548,-0.164157,-0.164345,-0.164251
mobley_4039055,0,-0.370312,-0.376221,-0.376809,-0.380443,-0.378047
mobley_4039055,1,-0.643848,-0.645128,-0.641364,-0.643208,-0.642066
mobley_4039055,2,-0.473444,-0.478858,-0.479641,-0.480023,-0.479678
mobley_4039055,3,-1.862950,-1.863235,-1.863087,-1.862578,-1.863084
mobley_4039055,4,-2.675171,-2.678172,-2.676680,-2.674426,-2.675121
mobley_4039055,5,-0.503564,-0.506311,-0.497930,-0.502287,-0.498600
mobley_4039055,6,-1.870440,-1.870364,-1.869854,-1.869026,-1.869738
mobley_4039055,7,-2.656245,-2.658851,-2.658157,-2.655893,-2.656733
mobley_4039055,8,-0.983466,-0.983271,-0.983106,-0.982986,-0.983322
mobley_4039055,9,-0.123549,-0.123823,-0.123267,-0.123218,-0.123318
mobley_4039055,10,-0.191707,-0.192156,-0.192475,-0.191635,-0.192323
mobley_4039055,11,-0.190067,-0.190461,-0.191108,-0.190106,-0.191004
mobley_4043951,0,0.714825,0.722866,0.726441,0.711499,0.722662
mobley_4043951,1,0.713818,0.718692,0.726240,0.725117,0.727372
mobley_4043951,2,0.451863,0.450023,0.450856,0.444208,0.451966
mobley_4043951,3,0.017008,0.029189,0.017528,0.021546,0.020614
mobley_4043951,4,-0.256460,-0.246922,-0.259749,-0.257843,-0.264678
mobley_4043951,5,-0.147068,-0.146616,-0.148066,-0.146398,-0.146880
mobley_4043951,6,-0.142893,-0.142452,-0.143857,-0.142226,-0.142715
mobley_4043951,7,-0.142599,-0.142157,-0.143553,-0.141929,-0.142415
mobley_4043951,8,-0.298812,-0.297146,-0.305806,-0.300264,-0.302959
mobley_4043951,9,-0.299413,-0.297784,-0.306602,-0.301049,-0.303780
mobley_4043951,10,-0.244507,-0.243892,-0.249399,-0.245207,-0.246963
mobley_4043951,11,-0.233701,-0.232983,-0.238148,-0.234074,-0.235874
mobley_4043951,12,-0.110892,-0.111298,-0.111379,-0.110927,-0.111137
mobley_4043951,13,-0.113953,-0.114162,-0.113418,-0.113681,-0.113631
mobley_4043951,14,-0.113188,-0.113374,-0.112655,-0.112886,-0.112850
mobley_4043987,0,1.079731,1.092252,1.101218,1.086860,1.096107
mobley_4043987,1,0.906389,0.920501,0.928478,0.932663,0.938168
mobley_4043987,2,1.259549,1.270314,1.275129,1.268947,1.290177
mobley_4043987,3,0.534430,0.551661,0.528145,0.536626,0.540598
mobley_4043987,4,0.421518,0.414352,0.462258,0.441097,0.468399
mobley_4043987,5,1.239362,1.278772,1.250134,1.245146,1.252022
mobley_4043987,6,0.863278,0.897223,0.867566,0.857927,0.867894
mobley_4043987,7,-0.148706,-0.148186,-0.149694,-0.147950,-0.148418
mobley_4043987,8,-0.155065,-0.154561,-0.156156,-0.154351,-0.154822
mobley_4043987,9,-0.148602,-0.148083,-0.149594,-0.147851,-0.148322
mobley_4043987,10,-0.391176,-0.388841,-0.401362,-0.394258,-0.397877
mobley_4043987,11,-0.392258,-0.389921,-0.402558,-0.395419,-0.399062
mobley_4043987,12,-0.465932,-0.463034,-0.474070,-0.466989,-0.469388
mobley_4043987,13,-0.489725,-0.487031,-0.498101,-0.491309,-0.493112
mobley_4043987,14,-0.573413,-0.570465,-0.584100,-0.576250,-0.578745
mobley_4043987,15,-0.586027,-0.583514,-0.597348,-0.589692,-0.591843
mobley_4043987,16,-0.901612,-0.898421,-0.931332,-0.917935,-0.925567
mobley_4043987,17,-0.206050,-0.205256,-0.207774,-0.205445,-0.205605
mobley_4043987,18,-0.202957,-0.202106,-0.204750,-0.202356,-0.202592
mobley_4043987,19,-0.204198,-0.203292,-0.205850,-0.203510,-0.203685
mobley_4043987,20,-0.182369,-0.181569,-0.182843,-0.181229,-0.181042
mobley_4043987,21,-0.196106,-0.194826,-0.196323,-0.194332,-0.194112
mobley_4043987,22,-0.188184,-0.187494,-0.188801,-0.187222,-0.186814
mobley_4059279,0,0.952272,0.943798,0.957101,0.936479,0.951021
mobley_4059279,1,-3.381475,-3.378477,-3.409300,-3.391328,-3.405969
mobley_4059279,2,-0.054013,-0.058541,-0.048262,-0.054290,-0.049168
mobley_4059279,3,-0.054016,-0.058544,-0.048265,-0.054292,-0.049171
mobley_4059279,4,-3.381476,-3.378478,-3.409302,-3.391329,-3.405970
mobley_4059279,5,-0.054006,-0.058535,-0.048254,-0.054282,-0.049160
mobley_4059279,6,-0.054004,-0.058531,-0.048251,-0.054280,-0.049157
mobley_4059279,7,0.952167,0.943689,0.956993,0.936370,0.950915
mobley_4059279,8,-0.166052,-0.164538,-0.166670,-0.164227,-0.164855
mobley_4059279,9,-0.184552,-0.183051,-0.185906,-0.182881,-0.183601
mobley_4059279,10,-0.184546,-0.183046,-0.185901,-0.182876,-0.183596
mobley_4059279,11,-0.454063,-0.449946,-0.460412,-0.452821,-0.454186
mobley_4059279,12,-0.385893,-0.382151,-0.390854,-0.384006,-0.385908
mobley_4059279,13,-0.385895,-0.382153,-0.390857,-0.384008,-0.385911
mobley_4059279,14,-0.454078,-0.449962,-0.460429,-0.452838,-0.454202
mobley_4059279,15,-0.454084,-0.449967,-0.460435,-0.452842,-0.454208
mobley_4059279,16,-0.385892,-0.382150,-0.390855,-0.384005,-0.385908
mobley_4059279,17,-0.454085,-0.449968,-0.460435,-0.452843,-0.454209
mobley_4059279,18,-0.385899,-0.382157,-0.390861,-0.384012,-0.385915
mobley_4059279,19,-0.184554,-0.183054,-0.185909,-0.182884,-0.183604
mobley_4059279,20,-0.166053,-0.164539,-0.166671,-0.164229,-0.164856
mobley_4059279,21,-0.184552,-0.183051,-0.185906,-0.182882,-0.183601
mobley_4149784,0,-0.216310,-0.219161,-0.215134,-0.220631,-0.213458
mobley_4149784,1,-0.248319,-0.239784,-0.239568,-0.243731,-0.240711
mobley_4149784,2,1.187530,1.184371,1.229276,1.189649,1.210673
mobley_4149784,3,1.031555,1.024853,1.061220,1.025115,1.043833
mobley_4149784,4,-0.217682,-0.210810,-0.212130,-0.218127,-0.213659
mobley_4149784,5,-0.425131,-0.427638,-0.423541,-0.424811,-0.422274
mobley_4149784,6,-0.054308,-0.053810,-0.053125,-0.053521,-0.053536
mobley_4149784,7,-2.151766,-2.151965,-2.163968,-2.153742,-2.161094
mobley_4149784,8,1.187500,1.184339,1.229245,1.189618,1.210645
mobley_4149784,9,-0.248316,-0.239781,-0.239564,-0.243728,-0.240708
mobley_4149784,10,-0.216308,-0.219159,-0.215132,-0.220629,-0.213456
mobley_4149784,11,-0.425136,-0.427644,-0.423546,-0.424817,-0.422279
mobley_4149784,12,-0.217682,-0.210809,-0.212131,-0.218128,-0.213659
mobley_4149784,13,1.031588,1.024894,1.061265,1.025149,1.043872
mobley_4149784,14,-2.151767,-2.151965,-2.163968,-2.153742,-2.161095
mobley_4149784,15,-0.054309,-0.053811,-0.053126,-0.053523,-0.053537
mobley_4149784,16,-0.115126,-0.115481,-0.114997,-0.114868,-0.114971
mobley_4149784,17,-0.136904,-0.137502,-0.137845,-0.136713,-0.137283
mobley_4149784,18,-0.133533,-0.133932,-0.133957,-0.133126,-0.133584
mobley_4149784,19,-0.136904,-0.137502,-0.137845,-0.136713,-0.137283
mobley_4149784,20,-0.115126,-0.115481,-0.114997,-0.114868,-0.114971
mobley_4149784,21,-0.133534,-0.133933,-0.133958,-0.133127,-0.133585
mobley_4177472,0,1.652110,1.687905,1.666651,1.657443,1.663053
mobley_4177472,1,0.549250,0.539373,0.589010,0.563104,0.596480
mobley_4177472,2,2.109722,2.143269,2.140851,2.122548,2.129356
mobley_4177472,3,-0.083745,-0.105084,-0.063807,-0.098481,-0.044802
mobley_4177472,4,1.827504,1.853467,1.806249,1.796366,1.786209
mobley_4177472,5,0.575463,0.563715,0.618271,0.590350,0.624375
mobley_4177472,6,1.918429,1.953408,1.948295,1.935034,1.940988
mobley_4177472,7,2.038994,2.077355,2.067443,2.053155,2.051013
mobley_4177472,8,-0.242312,-0.240676,-0.243107,-0.240426,-0.240168
mobley_4177472,9,-0.213501,-0.212301,-0.214556,-0.212264,-0.212174
mobley_4177472,10,-0.229487,-0.228344,-0.230837,-0.228505,-0.228156
mobley_4177472,11,-1.027942,-1.024488,-1.054656,-1.042851,-1.046898
mobley_4177472,12,-0.232479,-0.230901,-0.233506,-0.230823,-0.230768
mobley_4177472,13,-0.249953,-0.248385,-0.251264,-0.248565,-0.248168
mobley_4177472,14,-0.264124,-0.261868,-0.264821,-0.261569,-0.261367
mobley_4177472,15,-1.049767,-1.047885,-1.069717,-1.061790,-1.061656
mobley_4177472,16,-0.241868,-0.240311,-0.241361,-0.239566,-0.238283
mobley_4177472,17,-0.224052,-0.222322,-0.222541,-0.220749,-0.219683
mobley_4177472,18,-0.232948,-0.230695,-0.231390,-0.229194,-0.228243
mobley_4177472,19,-0.927685,-0.923810,-0.950667,-0.939549,-0.943815
mobley_4177472,20,-0.247587,-0.245934,-0.248783,-0.245871,-0.245716
mobley_4177472,21,-0.220952,-0.219709,-0.222202,-0.219655,-0.219639
mobley_4177472,22,-0.229080,-0.227844,-0.230153,-0.227770,-0.227429
mobley_4177472,23,-0.200037,-0.198895,-0.199311,-0.197873,-0.197001
mobley_4177472,24,-0.221171,-0.219042,-0.219665,-0.217570,-0.216608
mobley_4177472,25,-0.202862,-0.201727,-0.202157,-0.200674,-0.199725
mobley_4188615,0,0.452846,0.444907,0.453398,0.434721,0.445519
mobley_4188615,1,-2.783833,-2.785900,-2.789196,-2.786169,-2.788516
mobley_4188615,2,0.296748,0.284791,0.285916,0.269069,0.275226
mobley_4188615,3,-0.475400,-0.476106,-0.467165,-0.472107,-0.467824
mobley_4188615,4,-1.842012,-1.842478,-1.841966,-1.842069,-1.841987
mobley_4188615,5,-0.364479,-0.369923,-0.355157,-0.362653,-0.354861
mobley_4188615,6,-0.256679,-0.252732,-0.263187,-0.262812,-0.262517
mobley_4188615,7,-0.177575,-0.173810,-0.175095,-0.176239,-0.174869
mobley_4188615,8,-0.166899,-0.163438,-0.161870,-0.165517,-0.160159
mobley_4188615,9,-0.183408,-0.179978,-0.182987,-0.183017,-0.182374
mobley_4188615,10,-0.147337,-0.140357,-0.149440,-0.147947,-0.147704
mobley_4188615,11,-0.136981,-0.136399,-0.137277,-0.135838,-0.136210
mobley_4188615,12,-0.139556,-0.138989,-0.139683,-0.138291,-0.138623
mobley_4188615,13,-0.138126,-0.137568,-0.138306,-0.136867,-0.137182
mobley_4188615,14,-0.153344,-0.152860,-0.153606,-0.152236,-0.152791
mobley_4188615,15,-0.141049,-0.140547,-0.140871,-0.139589,-0.139688
mobley_4188615,16,-0.135947,-0.135302,-0.135568,-0.134250,-0.134418
mobley_4188615,17,-0.132431,-0.132824,-0.133011,-0.132037,-0.132507
mobley_4188615,18,-0.113606,-0.114103,-0.113715,-0.113385,-0.113545
mobley_4188615,19,-0.112609,-0.113052,-0.112634,-0.112381,-0.112532
mobley_4188615,20,-0.113614,-0.114095,-0.113707,-0.113397,-0.113559
mobley_4188615,21,-0.123304,-0.123827,-0.123657,-0.122962,-0.123253
mobley_4193752,0,-0.108854,-0.105432,-0.101490,-0.106758,-0.100594
mobley_4193752,1,-0.212465,-0.211165,-0.213963,-0.214066,-0.212912
mobley_4193752,2,0.095766,0.108494,0.107521,0.105575,0.104445
mobley_4193752,3,-0.154437,-0.158931,-0.142525,-0.147249,-0.140970
mobley_4193752,4,0.095763,0.108495,0.107520,0.105573,0.104444
mobley_4193752,5,-0.212465,-0.211165,-0.213963,-0.214066,-0.212913
mobley_4193752,6,-0.916688,-0.933149,-0.934932,-0.958294,-0.943353
mobley_4193752,7,-1.777191,-1.777513,-1.775728,-1.776633,-1.776283
mobley_4193752,8,-1.777191,-1.777513,-1.775728,-1.776633,-1.776283
mobley_4193752,9,-0.112045,-0.112462,-0.112007,-0.111816,-0.111945
mobley_4193752,10,-0.113054,-0.113511,-0.113101,-0.112835,-0.112986
mobley_4193752,11,-0.119053,-0.119589,-0.119385,-0.118857,-0.119077
mobley_4193752,12,-0.119053,-0.119589,-0.119385,-0.118857,-0.119077
mobley_4193752,13,-0.113054,-0.113511,-0.113101,-0.112835,-0.112987
mobley_4218209,0,0.724802,0.721729,0.718687,0.700977,0.702528
mobley_4218209,1,-1.943693,-1.941910,-1.947582,-1.942460,-1.946478
mobley_4218209,2,-0.386078,-0.388309,-0.385538,-0.388326,-0.385957
mobley_4218209,3,-0.456225,-0.457422,-0.450782,-0.454849,-0.451138
mobley_4218209,4,-0.382039,-0.381620,-0.375896,-0.379391,-0.375133
mobley_4218209,5,-0.401949,-0.403296,-0.395129,-0.399022,-0.394978
mobley_4218209,6,-0.338013,-0.335020,-0.329189,-0.332882,-0.329850
mobley_4218209,7,-0.446184,-0.448307,-0.442401,-0.446375,-0.442811
mobley_4218209,8,-2.464195,-2.467892,-2.476766,-2.473685,-2.479280
mobley_4218209,9,-0.123130,-0.122822,-0.122994,-0.122387,-0.122529
mobley_4218209,10,-0.123059,-0.122751,-0.122927,-0.122318,-0.122460
mobley_4218209,11,-0.124920,-0.124625,-0.125048,-0.124296,-0.124468
mobley_4218209,12,-0.136025,-0.136748,-0.137190,-0.135986,-0.136480
mobley_4218209,13,-0.127789,-0.128517,-0.128840,-0.127768,-0.128205
mobley_4218209,14,-0.132204,-0.133110,-0.133617,-0.132299,-0.132781
mobley_4218209,15,-0.136015,-0.136640,-0.137477,-0.135985,-0.136753
mobley_4218209,16,-0.134549,-0.134383,-0.134423,-0.134101,-0.134613
mobley_4218209,17,-0.134705,-0.134534,-0.134588,-0.134261,-0.134781
mobley_4219614,0,0.048587,0.051745,0.054775,0.047897,0.052493
mobley_4219614,1,0.048587,0.051745,0.054776,0.047897,0.052493
mobley_4219614,2,-0.316192,-0.318190,-0.314766,-0.317259,-0.315439
mobley_4219614,3,-0.379210,-0.382315,-0.379301,-0.382829,-0.380454
mobley_4219614,4,-0.379210,-0.382315,-0.379301,-0.382829,-0.380453
mobley_4219614,5,-0.316193,-0.318191,-0.314767,-0.317260,-0.315440
mobley_4219614,6,-0.061667,-0.061218,-0.060816,-0.061043,-0.061152
mobley_4219614,7,-0.072233,-0.071943,-0.071837,-0.071945,-0.072131
mobley_4219614,8,-0.072233,-0.071943,-0.071837,-0.071945,-0.072131
mobley_4219614,9,-0.061667,-0.061218,-0.060816,-0.061043,-0.061152
mobley_4219614,10,-0.112034,-0.112397,-0.111824,-0.111784,-0.111841
mobley_4219614,11,-0.112035,-0.112397,-0.111824,-0.111784,-0.111841
mobley_4252724,0,0.926074,0.954372,0.929421,0.915042,0.925419
mobley_4252724,1,0.474217,0.465599,0.515511,0.495485,0.520873
mobley_4252724,2,0.884767,0.916138,0.894754,0.884070,0.895587
mobley_4252724,3,0.134681,0.135618,0.133277,0.132177,0.135898
mobley_4252724,4,-0.354723,-0.359957,-0.346702,-0.353903,-0.343806
mobley_4252724,5,0.040995,0.054163,0.026333,0.037039,0.027598
mobley_4252724,6,-0.137424,-0.132820,-0.137501,-0.136764,-0.136933
mobley_4252724,7,-0.194119,-0.190352,-0.189013,-0.192649,-0.186998
mobley_4252724,8,-0.138767,-0.134033,-0.139076,-0.138276,-0.138526
mobley_4252724,9,0.026309,0.037016,0.016085,0.024769,0.018635
mobley_4252724,10,-0.190848,-0.189956,-0.191405,-0.189326,-0.189290
mobley_4252724,11,-0.187007,-0.186004,-0.186961,-0.184996,-0.184670
mobley_4252724,12,-0.184575,-0.183906,-0.184893,-0.183090,-0.182743
mobley_4252724,13,-0.739614,-0.736588,-0.760549,-0.749486,-0.754668
mobley_4252724,14,-0.194774,-0.193887,-0.196297,-0.194015,-0.194273
mobley_4252724,15,-0.195802,-0.195036,-0.197390,-0.195126,-0.195343
mobley_4252724,16,-0.193595,-0.192781,-0.195218,-0.192894,-0.193189
mobley_4252724,17,-0.387146,-0.386345,-0.393086,-0.387331,-0.388791
mobley_4252724,18,-0.378637,-0.377997,-0.384335,-0.378712,-0.380148
mobley_4252724,19,-0.126079,-0.126553,-0.126607,-0.125723,-0.126078
mobley_4252724,20,-0.114949,-0.115481,-0.115161,-0.114752,-0.114948
mobley_4252724,21,-0.112720,-0.113157,-0.112735,-0.112486,-0.112639
mobley_4252724,22,-0.114495,-0.115011,-0.114662,-0.114286,-0.114468
mobley_4252724,23,-0.126632,-0.127220,-0.127235,-0.126276,-0.126563
mobley_4287564,0,0.238122,0.233482,0.236744,0.224219,0.229860
mobley_4287564,1,-0.213995,-0.216586,-0.211904,-0.210631,-0.206522
mobley_4287564,2,-0.323860,-0.323467,-0.325318,-0.324622,-0.323831
mobley_4287564,3,-0.136587,-0.131901,-0.132324,-0.131912,-0.132723
mobley_4287564,4,-0.252393,-0.250739,-0.247517,-0.249429,-0.245793
mobley_4287564,5,-0.306245,-0.308047,-0.312987,-0.314164,-0.314774
mobley_4287564,6,-2.604081,-2.605364,-2.605106,-2.604022,-2.605308
mobley_4287564,7,-0.114736,-0.114783,-0.114701,-0.114020,-0.114205
mobley_4287564,8,-0.114736,-0.114783,-0.114701,-0.114020,-0.114205
mobley_4287564,9,-0.115174,-0.115266,-0.115124,-0.114521,-0.114682
mobley_4287564,10,-0.116623,-0.117260,-0.117207,-0.116524,-0.116808
mobley_4287564,11,-0.112895,-0.113401,-0.113003,-0.112722,-0.112865
mobley_4287564,12,-0.112353,-0.112809,-0.112414,-0.112153,-0.112314
mobley_4287564,13,-0.118942,-0.119220,-0.118634,-0.118708,-0.118741
mobley_4291494,0,-0.060783,-0.056066,-0.052630,-0.055632,-0.053756
mobley_4291494,1,-0.163619,-0.161404,-0.158059,-0.160466,-0.157388
mobley_4291494,2,-0.211495,-0.211883,-0.215083,-0.218643,-0.218266
mobley_4291494,3,-2.602703,-2.604067,-2.602442,-2.602112,-2.602322
mobley_4291494,4,-0.442419,-0.445930,-0.447114,-0.448304,-0.448308
mobley_4291494,5,-0.148326,-0.146931,-0.145950,-0.149104,-0.146438
mobley_4291494,6,-0.063829,-0.063656,-0.063209,-0.063514,-0.063556
mobley_4291494,7,-0.110818,-0.111253,-0.110744,-0.110607,-0.110696
mobley_4291494,8,-0.110868,-0.111300,-0.110819,-0.110662,-0.110770
mobley_4291494,9,-0.117759,-0.118031,-0.117411,-0.117536,-0.117548
mobley_4291494,10,-0.112054,-0.112411,-0.111831,-0.111811,-0.111859
mobley_430089,0,0.595037,0.600864,0.604825,0.589932,0.601062
mobley_430089,1,0.806475,0.805129,0.826610,0.819340,0.826977
mobley_430089,2,0.403069,0.409329,0.404758,0.390873,0.398983
mobley_430089,3,-0.447544,-0.439941,-0.445788,-0.447236,-0.447500
mobley_430089,4,-0.683011,-0.681740,-0.677676,-0.681760,-0.679692
mobley_430089,5,-0.139561,-0.139185,-0.140533,-0.138965,-0.139461
mobley_430089,6,-0.139561,-0.139185,-0.140533,-0.138965,-0.139461
mobley_430089,7,-0.142397,-0.141992,-0.143351,-0.141764,-0.142248
mobley_430089,8,-0.254142,-0.252784,-0.260651,-0.255558,-0.258329
mobley_430089,9,-0.254142,-0.252784,-0.260651,-0.255558,-0.258329
mobley_430089,10,-0.127597,-0.127674,-0.128496,-0.127092,-0.127683
mobley_430089,11,-0.127597,-0.127674,-0.128496,-0.127092,-0.127683
mobley_430089,12,-0.148730,-0.148649,-0.148243,-0.148352,-0.148527
mobley_4305650,0,0.459314,0.454730,0.462623,0.449648,0.457095
mobley_4305650,1,0.426590,0.425132,0.435578,0.421490,0.431627
mobley_4305650,2,-0.600988,-0.600144,-0.597248,-0.600347,-0.599042
mobley_4305650,3,-2.482325,-2.482137,-2.481119,-2.481261,-2.481133
mobley_4305650,4,-0.116089,-0.116039,-0.116354,-0.115526,-0.115807
mobley_4305650,5,-0.116089,-0.116039,-0.116354,-0.115526,-0.115807
mobley_4305650,6,-0.117046,-0.116983,-0.117342,-0.116428,-0.116747
mobley_4305650,7,-0.112706,-0.112825,-0.113195,-0.112301,-0.112770
mobley_4305650,8,-0.112706,-0.112825,-0.113195,-0.112301,-0.112770
mobley_4338603,0,-0.484708,-0.486913,-0.480344,-0.484294,-0.480567
mobley_4338603,1,-0.472324,-0.476574,-0.472102,-0.473698,-0.471814
mobley_4338603,2,-1.868963,-1.869133,-1.869016,-1.868330,-1.869015
mobley_4338603,3,-2.690321,-2.693469,-2.691197,-2.689380,-2.690822
mobley_4338603,4,-0.486274,-0.488961,-0.480766,-0.485162,-0.481569
mobley_4338603,5,-1.872244,-1.872246,-1.870560,-1.871758,-1.871418
mobley_4338603,6,-2.681429,-2.684529,-2.682500,-2.680935,-2.681150
mobley_4338603,7,-0.519114,-0.521910,-0.516505,-0.519649,-0.517254
mobley_4338603,8,-0.039084,-0.039053,-0.038315,-0.038827,-0.038700
mobley_4338603,9,-0.118240,-0.118576,-0.118113,-0.118005,-0.118090
mobley_4338603,10,-0.198210,-0.198758,-0.199013,-0.198370,-0.198743
mobley_4338603,11,-0.195905,-0.196283,-0.196417,-0.195783,-0.196110
mobley_4364398,0,-0.593235,-0.592352,-0.589261,-0.597864,-0.595577
mobley_4364398,1,-1.386709,-1.386973,-1.386327,-1.386476,-1.386367
mobley_4364398,2,-0.123116,-0.123103,-0.122501,-0.122813,-0.122889
mobley_4364398,3,-0.123116,-0.123103,-0.122501,-0.122813,-0.122889
mobley_4364398,4,-0.123116,-0.123103,-0.122501,-0.122813,-0.122889
mobley_4371692,0,-0.168248,-0.164544,-0.166210,-0.167101,-0.165027
mobley_4371692,1,-0.165568,-0.161755,-0.163920,-0.164668,-0.162590
mobley_4371692,2,0.071991,0.077709,0.066575,0.071009,0.064891
mobley_4371692,3,-0.355753,-0.352579,-0.324061,-0.346025,-0.321663
mobley_4371692,4,-0.395441,-0.391787,-0.366839,-0.386656,-0.364752
mobley_4371692,5,0.009490,0.013836,0.000804,0.005475,-0.000635
mobley_4371692,6,0.137756,0.140359,0.109430,0.127074,0.101383
mobley_4371692,7,-1.885756,-1.886682,-1.886978,-1.886380,-1.886418
mobley_4371692,8,-0.162366,-0.139629,-0.084065,-0.125362,-0.079945
mobley_4371692,9,-0.398801,-0.397545,-0.388946,-0.398311,-0.393126
mobley_4371692,10,-0.260049,-0.252956,-0.247926,-0.253832,-0.247686
mobley_4371692,11,-0.321067,-0.320230,-0.312810,-0.317140,-0.311598
mobley_4371692,12,-0.144530,-0.137900,-0.146745,-0.140751,-0.153446
mobley_4371692,13,-0.437774,-0.428331,-0.397195,-0.422652,-0.391818
mobley_4371692,14,-0.076490,-0.078540,-0.104071,-0.093573,-0.107444
mobley_4371692,15,-1.874308,-1.874935,-1.875132,-1.874737,-1.874842
mobley_4371692,16,-1.884729,-1.885500,-1.885784,-1.885205,-1.885744
mobley_4371692,17,-2.257282,-2.265957,-2.272928,-2.277925,-2.282422
mobley_4371692,18,-0.114016,-0.114505,-0.114143,-0.113805,-0.113997
mobley_4371692,19,-0.114048,-0.114540,-0.114183,-0.113839,-0.114034
mobley_4371692,20,-0.123530,-0.124124,-0.124170,-0.123331,-0.123741
mobley_4371692,21,-0.125868,-0.126455,-0.126557,-0.125660,-0.126105
mobley_4371692,22,-0.135115,-0.136042,-0.136625,-0.135180,-0.135732
mobley_4371692,23,-0.144711,-0.145664,-0.147153,-0.145244,-0.146096
mobley_4371692,24,-0.162320,-0.162138,-0.161605,-0.161947,-0.161804
mobley_4371692,25,-0.143307,-0.143169,-0.143476,-0.143015,-0.143669
mobley_4371692,26,-0.151208,-0.151254,-0.151088,-0.150511,-0.151017
mobley_4375719,0,1.039748,1.052082,1.060253,1.045785,1.055242
mobley_4375719,1,0.830870,0.845777,0.847146,0.853132,0.855356
mobley_4375719,2,0.851510,0.867067,0.856966,0.863286,0.873858
mobley_4375719,3,1.037879,1.058293,1.053444,1.060057,1.074052
mobley_4375719,4,1.135155,1.154870,1.158006,1.162596,1.180819
mobley_4375719,5,1.219300,1.231302,1.234153,1.230881,1.252419
mobley_4375719,6,0.486464,0.496480,0.486258,0.495409,0.498775
mobley_4375719,7,0.631064,0.647087,0.640926,0.648423,0.649169
mobley_4375719,8,0.839426,0.850003,0.854177,0.838261,0.848637
mobley_4375719,9,-0.148092,-0.147579,-0.149074,-0.147343,-0.147815
mobley_4375719,10,-0.154179,-0.153679,-0.155253,-0.153466,-0.153938
mobley_4375719,11,-0.148090,-0.147577,-0.149073,-0.147341,-0.147813
mobley_4375719,12,-0.383575,-0.381301,-0.393594,-0.386627,-0.390183
mobley_4375719,13,-0.383591,-0.381317,-0.393610,-0.386643,-0.390198
mobley_4375719,14,-0.482121,-0.479529,-0.493259,-0.485436,-0.488870
mobley_4375719,15,-0.482154,-0.479562,-0.493284,-0.485463,-0.488894
mobley_4375719,16,-0.535485,-0.532557,-0.548294,-0.539163,-0.543391
mobley_4375719,17,-0.536243,-0.533319,-0.549050,-0.539920,-0.544134
mobley_4375719,18,-0.541142,-0.538144,-0.553991,-0.544750,-0.549028
mobley_4375719,19,-0.541581,-0.538569,-0.554528,-0.545260,-0.549565
mobley_4375719,20,-0.473147,-0.470179,-0.481235,-0.474057,-0.476450
mobley_4375719,21,-0.490857,-0.488068,-0.499113,-0.492192,-0.494037
mobley_4375719,22,-0.456278,-0.453970,-0.466184,-0.459195,-0.461928
mobley_4375719,23,-0.462798,-0.460258,-0.472604,-0.465525,-0.468289
mobley_4375719,24,-0.375640,-0.373574,-0.384770,-0.378504,-0.381464
mobley_4375719,25,-0.358344,-0.356355,-0.367061,-0.360893,-0.363856
mobley_4375719,26,-0.141166,-0.140738,-0.141437,-0.140216,-0.140277
mobley_4375719,27,-0.149282,-0.148446,-0.149489,-0.147895,-0.148131
mobley_4375719,28,-0.139331,-0.138867,-0.139629,-0.138396,-0.138580
mobley_4395315,0,0.278492,0.277557,0.272762,0.264180,0.265307
mobley_4395315,1,-0.251281,-0.253101,-0.239827,-0.246242,-0.236608
mobley_4395315,2,-0.271460,-0.267946,-0.274728,-0.272913,-0.274728
mobley_4395315,3,-0.336019,-0.336638,-0.323533,-0.331849,-0.327683
mobley_4395315,4,-0.474930,-0.475579,-0.473078,-0.475859,-0.472682
mobley_4395315,5,-0.236131,-0.238958,-0.242235,-0.243840,-0.241355
mobley_4395315,6,-0.503919,-0.504893,-0.508337,-0.507083,-0.506715
mobley_4395315,7,-0.057471,-0.056738,-0.056290,-0.056470,-0.056769
mobley_4395315,8,-1.864774,-1.865143,-1.864770,-1.864640,-1.864969
mobley_4395315,9,-0.115370,-0.115463,-0.115262,-0.114682,-0.114793
mobley_4395315,10,-0.115370,-0.115463,-0.115262,-0.114682,-0.114793
mobley_4395315,11,-0.112837,-0.112934,-0.112551,-0.112021,-0.112086
mobley_4395315,12,-0.149521,-0.150570,-0.152251,-0.150157,-0.150956
mobley_4395315,13,-0.120789,-0.121331,-0.121240,-0.120646,-0.120946
mobley_4395315,14,-0.116308,-0.116715,-0.116332,-0.116053,-0.116212
mobley_4395315,15,-0.162365,-0.162472,-0.162601,-0.161977,-0.162543
mobley_4434915,0,-0.277546,-0.285665,-0.278779,-0.287527,-0.282492
mobley_4434915,1,-0.035319,-0.035287,-0.034478,-0.034388,-0.034694
mobley_4434915,2,-0.113571,-0.113898,-0.113155,-0.113385,-0.113336
mobley_4434915,3,-0.113571,-0.113898,-0.113155,-0.113385,-0.113336
mobley_4434915,4,-0.113571,-0.113898,-0.113155,-0.113385,-0.113336
mobley_4463913,0,0.116366,0.126237,0.147874,0.122077,0.137831
mobley_4463913,1,-0.196247,-0.206411,-0.191098,-0.194810,-0.190817
mobley_4463913,2,-2.003064,-2.010192,-2.013578,-2.014660,-2.013346
mobley_4463913,3,1.549537,1.556429,1.572590,1.528877,1.561466
mobley_4463913,4,-1.855782,-1.856532,-1.854535,-1.855054,-1.854613
mobley_4463913,5,0.127795,0.120078,0.147794,0.125602,0.141260
mobley_4463913,6,-2.003067,-2.010196,-2.013581,-2.014662,-2.013349
mobley_4463913,7,1.549571,1.556461,1.572619,1.528908,1.561493
mobley_4463913,8,-1.855781,-1.856531,-1.854534,-1.855053,-1.854612
mobley_4463913,9,0.127801,0.120082,0.147798,0.125607,0.141267
mobley_4463913,10,-0.179829,-0.178668,-0.180871,-0.178934,-0.179424
mobley_4463913,11,-0.166050,-0.164841,-0.166749,-0.165002,-0.165456
mobley_4463913,12,-0.166051,-0.164842,-0.166750,-0.165002,-0.165457
mobley_4463913,13,-0.406972,-0.403263,-0.414076,-0.410578,-0.411193
mobley_4463913,14,-0.120274,-0.120111,-0.120335,-0.119622,-0.119898
mobley_4463913,15,-0.114068,-0.114106,-0.114034,-0.113564,-0.113692
mobley_4463913,16,-0.121185,-0.121029,-0.121280,-0.120540,-0.120821
mobley_4463913,17,-0.121184,-0.121027,-0.121279,-0.120539,-0.120820
mobley_4463913,18,-0.114068,-0.114105,-0.114034,-0.113563,-0.113692
mobley_4463913,19,-0.120275,-0.120111,-0.120335,-0.119623,-0.119899
mobley_4465023,0,-0.476861,-0.478436,-0.475070,-0.479573,-0.477322
mobley_4465023,1,-0.476861,-0.478437,-0.475070,-0.479573,-0.477322
mobley_4465023,2,-0.074905,-0.074792,-0.074587,-0.074525,-0.074776
mobley_4465023,3,-0.074905,-0.074792,-0.074587,-0.074525,-0.074776
mobley_4465023,4,-0.123690,-0.123824,-0.123202,-0.123357,-0.123495
mobley_4465023,5,-0.123690,-0.123824,-0.123202,-0.123357,-0.123495
mobley_4479135,0,-0.054467,-0.032782,-0.067567,-0.059668,-0.078173
mobley_4479135,1,-0.408250,-0.414489,-0.401223,-0.406225,-0.399945
mobley_4479135,2,-0.405086,-0.410980,-0.399769,-0.406422,-0.398923
mobley_4479135,3,0.094798,0.102040,0.090826,0.092673,0.089643
mobley_4479135,4,-0.133027,-0.128929,-0.130720,-0.131475,-0.130253
mobley_4479135,5,-0.152312,-0.148444,-0.147012,-0.150125,-0.145618
mobley_4479135,6,-0.156448,-0.152914,-0.153877,-0.154947,-0.153281
mobley_4479135,7,0.120968,0.127690,0.115068,0.113827,0.113187
mobley_4479135,8,-0.405082,-0.410976,-0.399764,-0.406418,-0.398920
mobley_4479135,9,0.094781,0.102023,0.090809,0.092657,0.089624
mobley_4479135,10,-0.133025,-0.128925,-0.130717,-0.131472,-0.130250
mobley_4479135,11,-0.152314,-0.148446,-0.147013,-0.150128,-0.145621
mobley_4479135,12,-0.156450,-0.152917,-0.153879,-0.154949,-0.153281
mobley_4479135,13,0.120970,0.127690,0.115068,0.113828,0.113188
mobley_4479135,14,-0.115292,-0.115432,-0.114881,-0.114999,-0.115050
mobley_4479135,15,-0.115292,-0.115432,-0.114881,-0.114999,-0.115050
mobley_4479135,16,-0.120557,-0.121023,-0.120824,-0.120176,-0.120484
mobley_4479135,17,-0.113319,-0.113814,-0.113424,-0.113105,-0.113272
mobley_4479135,18,-0.111741,-0.112166,-0.111694,-0.111500,-0.111626
mobley_4479135,19,-0.112694,-0.113157,-0.112724,-0.112466,-0.112613
mobley_4479135,20,-0.123985,-0.124370,-0.124291,-0.123572,-0.123963
mobley_4479135,21,-0.120557,-0.121023,-0.120824,-0.120176,-0.120484
mobley_4479135,22,-0.113319,-0.113814,-0.113424,-0.113105,-0.113272
mobley_4479135,23,-0.111741,-0.112166,-0.111694,-0.111500,-0.111627
mobley_4479135,24,-0.112694,-0.113157,-0.112724,-0.112466,-0.112613
mobley_4479135,25,-0.123985,-0.124370,-0.124290,-0.123572,-0.123963
mobley_4483973,0,-0.102102,-0.099192,-0.098450,-0.101278,-0.098546
mobley_4483973,1,-0.140850,-0.139563,-0.139002,-0.141692,-0.139214
mobley_4483973,2,-0.180292,-0.180279,-0.179556,-0.182195,-0.178617
mobley_4483973,3,-0.367621,-0.365893,-0.370402,-0.368663,-0.367672
mobley_4483973,4,-0.180292,-0.180278,-0.179556,-0.182195,-0.178617
mobley_4483973,5,-0.140852,-0.139564,-0.139002,-0.141694,-0.139215
mobley_4483973,6,0.466715,0.466239,0.466920,0.466398,0.466846
mobley_4483973,7,-0.111301,-0.111730,-0.111236,-0.111083,-0.111192
mobley_4483973,8,-0.111552,-0.111981,-0.111489,-0.111328,-0.111436
mobley_4483973,9,-0.112541,-0.112913,-0.112386,-0.112291,-0.112373
mobley_4483973,10,-0.112541,-0.112913,-0.112386,-0.112291,-0.112373
mobley_4483973,11,-0.111552,-0.111981,-0.111489,-0.111327,-0.111436
mobley_4494568,0,0.268756,0.264932,0.261082,0.253457,0.254828
mobley_4494568,1,-0.144900,-0.144793,-0.124359,-0.132607,-0.119443
mobley_4494568,2,-0.196137,-0.188914,-0.207517,-0.200669,-0.207326
mobley_4494568,3,-0.212672,-0.211354,-0.217943,-0.218922,-0.219178
mobley_4494568,4,-0.536211,-0.536348,-0.535370,-0.535674,-0.535431
mobley_4494568,5,-0.212672,-0.211353,-0.217943,-0.218923,-0.219179
mobley_4494568,6,-0.196138,-0.188914,-0.207517,-0.200668,-0.207326
mobley_4494568,7,-0.974642,-0.974295,-0.973938,-0.973919,-0.974136
mobley_4494568,8,-0.118199,-0.118273,-0.118285,-0.117471,-0.117689
mobley_4494568,9,-0.118198,-0.118273,-0.118285,-0.117471,-0.117689
mobley_4494568,10,-0.120332,-0.120380,-0.120581,-0.119706,-0.119974
mobley_4494568,11,-0.115194,-0.115797,-0.115623,-0.115047,-0.115298
mobley_4494568,12,-0.113951,-0.114235,-0.113627,-0.113694,-0.113721
mobley_4494568,13,-0.113951,-0.114235,-0.113627,-0.113694,-0.113721
mobley_4494568,14,-0.115194,-0.115797,-0.115623,-0.115047,-0.115298
mobley_4506634,0,-0.454875,-0.457115,-0.451903,-0.454000,-0.452856
mobley_4506634,1,-0.344950,-0.341640,-0.354757,-0.350726,-0.350298
mobley_4506634,2,0.455773,0.455413,0.455820,0.455693,0.455839
mobley_4506634,3,0.455172,0.454850,0.455221,0.455091,0.455248
mobley_4506634,4,0.456174,0.455817,0.456201,0.456078,0.456223
mobley_4506634,5,-0.077540,-0.077405,-0.077313,-0.077057,-0.077455
mobley_4506634,6,-0.961122,-0.960924,-0.960730,-0.960503,-0.960933
mobley_4506634,7,-0.116303,-0.116504,-0.115993,-0.115992,-0.116196
mobley_4553008,0,-0.058310,-0.056824,-0.056093,-0.061008,-0.057194
mobley_4553008,1,-0.058310,-0.056825,-0.056093,-0.061009,-0.057194
mobley_4553008,2,-0.322008,-0.323261,-0.319930,-0.320874,-0.319764
mobley_4553008,3,-0.058310,-0.056825,-0.056093,-0.061009,-0.057194
mobley_4553008,4,-0.058310,-0.056825,-0.056092,-0.061009,-0.057195
mobley_4553008,5,-0.322008,-0.323261,-0.319931,-0.320874,-0.319764
mobley_4553008,6,-0.054116,-0.053486,-0.052764,-0.053147,-0.053183
mobley_4553008,7,-0.054116,-0.053486,-0.052764,-0.053147,-0.053183
mobley_4553008,8,-0.112586,-0.112935,-0.112367,-0.112331,-0.112390
mobley_4553008,9,-0.112586,-0.112935,-0.112367,-0.112331,-0.112390
mobley_4553008,10,-0.112586,-0.112935,-0.112367,-0.112331,-0.112390
mobley_4553008,11,-0.112586,-0.112935,-0.112367,-0.112331,-0.112390
mobley_4561957,0,1.126520,1.158487,1.129367,1.119083,1.123986
mobley_4561957,1,0.398345,0.390958,0.436003,0.412653,0.442096
mobley_4561957,2,1.315015,1.348885,1.317166,1.310147,1.313888
mobley_4561957,3,0.398346,0.390959,0.436006,0.412655,0.442096
mobley_4561957,4,1.315021,1.348888,1.317172,1.310153,1.313892
mobley_4561957,5,1.126522,1.158489,1.129370,1.119088,1.123988
mobley_4561957,6,-0.185765,-0.184879,-0.185280,-0.183946,-0.183208
mobley_4561957,7,-0.206427,-0.204762,-0.205518,-0.203603,-0.202862
mobley_4561957,8,-0.190112,-0.189200,-0.189852,-0.188381,-0.187700
mobley_4561957,9,-0.905864,-0.902777,-0.931028,-0.920068,-0.924825
mobley_4561957,10,-0.212733,-0.211693,-0.213540,-0.211438,-0.211075
mobley_4561957,11,-0.206460,-0.205367,-0.207548,-0.205233,-0.205216
mobley_4561957,12,-0.223309,-0.221929,-0.224191,-0.221671,-0.221494
mobley_4561957,13,-0.905865,-0.902777,-0.931030,-0.920069,-0.924825
mobley_4561957,14,-0.212733,-0.211693,-0.213540,-0.211438,-0.211075
mobley_4561957,15,-0.206460,-0.205366,-0.207548,-0.205233,-0.205216
mobley_4561957,16,-0.223310,-0.221929,-0.224192,-0.221671,-0.221494
mobley_4561957,17,-0.185765,-0.184879,-0.185281,-0.183947,-0.183208
mobley_4561957,18,-0.190111,-0.189200,-0.189852,-0.188381,-0.187699
mobley_4561957,19,-0.206427,-0.204762,-0.205518,-0.203603,-0.202862
mobley_4584540,0,0.261396,0.259276,0.266314,0.249774,0.257897
mobley_4584540,1,-0.283324,-0.287102,-0.281063,-0.281451,-0.277030
mobley_4584540,2,-0.376724,-0.376511,-0.373149,-0.375168,-0.371350
mobley_4584540,3,-0.194163,-0.189871,-0.190409,-0.188770,-0.189757
mobley_4584540,4,-0.376724,-0.376511,-0.373150,-0.375169,-0.371350
mobley_4584540,5,-0.283324,-0.287102,-0.281062,-0.281451,-0.277030
mobley_4584540,6,-2.646941,-2.647615,-2.650418,-2.647514,-2.650721
mobley_4584540,7,0.261396,0.259277,0.266314,0.249775,0.257897
mobley_4584540,8,-0.114978,-0.115013,-0.114927,-0.114245,-0.114429
mobley_4584540,9,-0.115721,-0.115793,-0.115642,-0.115032,-0.115193
mobley_4584540,10,-0.114978,-0.115013,-0.114927,-0.114245,-0.114429
mobley_4584540,11,-0.119597,-0.120280,-0.120346,-0.119524,-0.119880
mobley_4584540,12,-0.116798,-0.117423,-0.117193,-0.116681,-0.116906
mobley_4584540,13,-0.119597,-0.120280,-0.120346,-0.119524,-0.119880
mobley_4584540,14,-0.114978,-0.115013,-0.114927,-0.114245,-0.114429
mobley_4584540,15,-0.114978,-0.115013,-0.114927,-0.114245,-0.114429
mobley_4584540,16,-0.115721,-0.115793,-0.115642,-0.115032,-0.115193
mobley_4587267,0,-0.106281,-0.110285,-0.098733,-0.103219,-0.099003
mobley_4587267,1,0.075701,0.083550,0.082562,0.080062,0.074150
mobley_4587267,2,-0.283300,-0.277407,-0.295237,-0.296570,-0.303101
mobley_4587267,3,-0.249489,-0.250280,-0.252417,-0.259649,-0.258741
mobley_4587267,4,-0.120789,-0.118157,-0.123984,-0.125606,-0.129378
mobley_4587267,5,-0.092603,-0.096065,-0.085790,-0.092452,-0.087863
mobley_4587267,6,-1.838759,-1.838569,-1.839143,-1.838736,-1.839689
mobley_4587267,7,-1.955242,-1.952204,-1.964627,-1.960510,-1.965667
mobley_4587267,8,-2.113745,-2.108836,-2.131389,-2.124228,-2.132854
mobley_4587267,9,-2.003478,-1.998917,-2.014802,-2.009802,-2.016133
mobley_4587267,10,-2.099501,-2.094308,-2.115540,-2.109546,-2.116975
mobley_4587267,11,-1.821450,-1.821070,-1.821732,-1.821192,-1.822467
mobley_4587267,12,-0.326042,-0.323045,-0.333147,-0.329933,-0.330724
mobley_4587267,13,-0.328722,-0.325511,-0.335942,-0.332397,-0.333486
mobley_4587267,14,-0.826450,-0.820077,-0.847917,-0.841507,-0.842714
mobley_4587267,15,-0.935873,-0.929067,-0.957670,-0.951542,-0.951739
mobley_4587267,16,-1.215293,-1.207020,-1.252462,-1.243169,-1.245627
mobley_4587267,17,-0.854733,-0.848611,-0.878480,-0.872685,-0.873207
mobley_4587267,18,-0.304806,-0.301701,-0.308541,-0.305878,-0.305862
mobley_4587267,19,-0.323427,-0.320228,-0.328373,-0.325695,-0.325690
mobley_4587267,20,-0.124745,-0.124650,-0.124231,-0.123600,-0.124375
mobley_4587267,21,-0.128238,-0.128053,-0.128106,-0.127299,-0.128159
mobley_4587267,22,-0.146309,-0.148632,-0.140456,-0.147566,-0.141140
mobley_4587267,23,-0.156534,-0.155776,-0.156783,-0.155471,-0.157314
mobley_4587267,24,-0.188480,-0.188823,-0.188894,-0.189330,-0.188672
mobley_4587267,25,-0.130315,-0.130356,-0.129659,-0.129234,-0.129883
mobley_4603202,0,0.871582,0.874175,0.855817,0.856618,0.847378
mobley_4603202,1,0.326951,0.324396,0.351549,0.331164,0.342695
mobley_4603202,2,-0.012172,-0.012092,-0.011288,-0.010961,-0.011659
mobley_4603202,3,-1.996467,-1.989441,-2.002920,-1.994995,-2.002129
mobley_4603202,4,0.871580,0.874174,0.855814,0.856617,0.847379
mobley_4603202,5,0.326953,0.324398,0.351551,0.331165,0.342697
mobley_4603202,6,-0.012171,-0.012092,-0.011287,-0.010960,-0.011659
mobley_4603202,7,-0.208337,-0.206236,-0.211337,-0.208380,-0.209504
mobley_4603202,8,-0.208337,-0.206236,-0.211337,-0.208380,-0.209504
mobley_4603202,9,-0.108030,-0.108082,-0.107885,-0.107627,-0.107708
mobley_4603202,10,-0.108030,-0.108082,-0.107885,-0.107627,-0.107708
mobley_4603202,11,-0.208337,-0.206236,-0.211337,-0.208380,-0.209504
mobley_4603202,12,-0.208337,-0.206237,-0.211338,-0.208381,-0.209505
mobley_4603202,13,-0.108030,-0.108082,-0.107885,-0.107627,-0.107708
mobley_4603202,14,-0.108030,-0.108082,-0.107885,-0.107627,-0.107708
mobley_4609460,0,0.549532,0.551574,0.589777,0.560527,0.579764
mobley_4609460,1,0.807545,0.820526,0.797519,0.794561,0.783552
mobley_4609460,2,-1.979417,-1.975631,-1.984643,-1.979092,-1.983868
mobley_4609460,3,1.507219,1.497810,1.435109,1.463864,1.420438
mobley_4609460,4,-1.853500,-1.854311,-1.853250,-1.853487,-1.853115
mobley_4609460,5,-0.436983,-0.438969,-0.421690,-0.431187,-0.421215
mobley_4609460,6,-0.317048,-0.313190,-0.310442,-0.313780,-0.307896
mobley_4609460,7,-0.401093,-0.402964,-0.397468,-0.400169,-0.397370
mobley_4609460,8,-0.359174,-0.361670,-0.348091,-0.355570,-0.350566
mobley_4609460,9,-0.486612,-0.488244,-0.484797,-0.487212,-0.484697
mobley_4609460,10,-0.155161,-0.155574,-0.158915,-0.158833,-0.156660
mobley_4609460,11,-1.864373,-1.864753,-1.864121,-1.864211,-1.864344
mobley_4609460,12,-0.131006,-0.130631,-0.131592,-0.130383,-0.130743
mobley_4609460,13,-0.137602,-0.137020,-0.138470,-0.136906,-0.137530
mobley_4609460,14,-0.137602,-0.137020,-0.138470,-0.136906,-0.137530
mobley_4609460,15,-0.209912,-0.208205,-0.213107,-0.210253,-0.211381
mobley_4609460,16,-0.209912,-0.208205,-0.213107,-0.210253,-0.211381
mobley_4609460,17,-0.156711,-0.157028,-0.157936,-0.156426,-0.157314
mobley_4609460,18,-0.132607,-0.133425,-0.134368,-0.132978,-0.133600
mobley_4609460,19,-0.121461,-0.122024,-0.121937,-0.121336,-0.121620
mobley_4609460,20,-0.126294,-0.126768,-0.126852,-0.126033,-0.126437
mobley_4609460,21,-0.161587,-0.161698,-0.161847,-0.161207,-0.161782
mobley_4613090,0,-0.172886,-0.169373,-0.167940,-0.171497,-0.166244
mobley_4613090,1,-0.158719,-0.155089,-0.155650,-0.156897,-0.155327
mobley_4613090,2,-0.299655,-0.294158,-0.307432,-0.305867,-0.305929
mobley_4613090,3,-0.230968,-0.224448,-0.193714,-0.209770,-0.193073
mobley_4613090,4,-0.258856,-0.252980,-0.266603,-0.262233,-0.264477
mobley_4613090,5,-0.142103,-0.137878,-0.140866,-0.140899,-0.140440
mobley_4613090,6,-0.281101,-0.285183,-0.280157,-0.284706,-0.280585
mobley_4613090,7,-2.769932,-2.773129,-2.776460,-2.771863,-2.775942
mobley_4613090,8,-0.212974,-0.215164,-0.262932,-0.248641,-0.265445
mobley_4613090,9,-0.225146,-0.222241,-0.198670,-0.211870,-0.199663
mobley_4613090,10,-2.549079,-2.551199,-2.549101,-2.549109,-2.549196
mobley_4613090,11,0.486436,0.482040,0.415380,0.419400,0.404328
mobley_4613090,12,-0.112210,-0.112635,-0.112186,-0.111970,-0.112109
mobley_4613090,13,-0.113674,-0.114168,-0.113788,-0.113460,-0.113632
mobley_4613090,14,-0.128274,-0.128809,-0.128939,-0.127951,-0.128385
mobley_4613090,15,-0.126052,-0.126664,-0.126655,-0.125753,-0.126079
mobley_4613090,16,-0.113710,-0.114202,-0.113825,-0.113495,-0.113666
mobley_4613090,17,-0.214968,-0.214509,-0.216486,-0.212786,-0.213737
mobley_4613090,18,-0.213886,-0.213464,-0.215452,-0.211793,-0.212736
mobley_4613090,19,-0.129640,-0.129999,-0.129763,-0.129209,-0.129494
mobley_4613090,20,-0.121456,-0.121739,-0.121088,-0.121264,-0.121249
mobley_4613090,21,-0.142611,-0.142847,-0.142649,-0.142404,-0.142838
mobley_4620651,0,0.663759,0.657714,0.664827,0.645308,0.652045
mobley_4620651,1,-1.903066,-1.901698,-1.904422,-1.902036,-1.904009
mobley_4620651,2,-0.246022,-0.243530,-0.289351,-0.269807,-0.293457
mobley_4620651,3,-1.836489,-1.836996,-1.836381,-1.836634,-1.836434
mobley_4620651,4,-0.029972,-0.034293,-0.019081,-0.025583,-0.018277
mobley_4620651,5,1.003539,1.011049,1.035104,1.006693,1.018565
mobley_4620651,6,1.003536,1.011044,1.035099,1.006690,1.018561
mobley_4620651,7,-0.115982,-0.115858,-0.115676,-0.115347,-0.115371
mobley_4620651,8,-0.117201,-0.117143,-0.117125,-0.116734,-0.116791
mobley_4620651,9,-0.115982,-0.115858,-0.115676,-0.115347,-0.115371
mobley_4620651,10,-0.434773,-0.435684,-0.450527,-0.441400,-0.446497
mobley_4620651,11,-0.208935,-0.209826,-0.212024,-0.209451,-0.210019
mobley_4620651,12,-0.201385,-0.202158,-0.204497,-0.201827,-0.202597
mobley_4620651,13,-0.201385,-0.202158,-0.204497,-0.201827,-0.202597
mobley_4620651,14,-0.208935,-0.209826,-0.212023,-0.209451,-0.210019
mobley_4630641,0,0.735391,0.731886,0.742977,0.728649,0.731374
mobley_4630641,1,-1.951757,-1.946602,-1.957163,-1.950969,-1.956271
mobley_4630641,2,0.090534,0.097836,0.127725,0.108343,0.118825
mobley_4630641,3,0.090535,0.097836,0.127726,0.108344,0.118826
mobley_4630641,4,-1.951758,-1.946602,-1.957164,-1.950970,-1.956272
mobley_4630641,5,0.735390,0.731885,0.742975,0.728646,0.731373
mobley_4630641,6,-0.124447,-0.124206,-0.124690,-0.123991,-0.124113
mobley_4630641,7,-0.120268,-0.119925,-0.120241,-0.119604,-0.119684
mobley_4630641,8,-0.120268,-0.119925,-0.120241,-0.119604,-0.119684
mobley_4630641,9,-0.269775,-0.267087,-0.275711,-0.271612,-0.273254
mobley_4630641,10,-0.269773,-0.267084,-0.275708,-0.271609,-0.273252
mobley_4630641,11,-0.269776,-0.267087,-0.275711,-0.271613,-0.273255
mobley_4630641,12,-0.269773,-0.267084,-0.275708,-0.271610,-0.273252
mobley_4630641,13,-0.120269,-0.119926,-0.120241,-0.119604,-0.119684
mobley_4630641,14,-0.120268,-0.119925,-0.120241,-0.119604,-0.119684
mobley_4630641,15,-0.124447,-0.124206,-0.124690,-0.123991,-0.124113
mobley_4639255,0,-0.062907,-0.067355,-0.059571,-0.065135,-0.061292
mobley_4639255,1,0.202669,0.195022,0.213658,0.204981,0.210549
mobley_4639255,2,-1.808184,-1.808305,-1.807310,-1.807466,-1.807799
mobley_4639255,3,-1.801706,-1.802014,-1.800398,-1.800819,-1.800801
mobley_4639255,4,-0.172939,-0.171988,-0.175609,-0.173923,-0.174583
mobley_4639255,5,-0.168338,-0.167367,-0.170859,-0.169093,-0.169872
mobley_4639255,6,-0.212293,-0.210394,-0.217407,-0.214420,-0.216062
mobley_4639255,7,-0.216762,-0.214929,-0.221864,-0.219102,-0.220503
mobley_4639255,8,-0.139242,-0.139473,-0.138928,-0.138618,-0.139022
mobley_4639255,9,-0.116721,-0.116817,-0.116071,-0.115697,-0.116159
mobley_4678740,0,-0.178365,-0.175599,-0.180977,-0.179073,-0.179746
mobley_4678740,1,-0.098980,-0.092782,-0.099647,-0.101992,-0.099311
mobley_4678740,2,-0.161738,-0.164567,-0.142688,-0.152619,-0.138910
mobley_4678740,3,0.039816,0.050789,0.021130,0.029704,0.020021
mobley_4678740,4,-0.161737,-0.164567,-0.142688,-0.152618,-0.138909
mobley_4678740,5,-0.098976,-0.092779,-0.099643,-0.101987,-0.099307
mobley_4678740,6,-0.400599,-0.397763,-0.411105,-0.406017,-0.407318
mobley_4678740,7,0.453238,0.452867,0.453266,0.453073,0.453315
mobley_4678740,8,0.453437,0.453061,0.453535,0.453293,0.453559
mobley_4678740,9,0.453129,0.452754,0.453225,0.452979,0.453249
mobley_4678740,10,-0.400594,-0.397759,-0.411102,-0.406013,-0.407314
mobley_4678740,11,0.453238,0.452867,0.453267,0.453073,0.453315
mobley_4678740,12,0.453438,0.453061,0.453535,0.453293,0.453559
mobley_4678740,13,0.453130,0.452755,0.453226,0.452980,0.453250
mobley_4678740,14,-0.115101,-0.115639,-0.115290,-0.114898,-0.115106
mobley_4678740,15,-0.115636,-0.116101,-0.115701,-0.115346,-0.115529
mobley_4678740,16,-0.120098,-0.120539,-0.120088,-0.119664,-0.119848
mobley_4678740,17,-0.115636,-0.116101,-0.115701,-0.115346,-0.115529
mobley_4683624,0,0.763250,0.769865,0.778739,0.761476,0.774121
mobley_4683624,1,0.882711,0.891604,0.901744,0.897495,0.901844
mobley_4683624,2,0.151130,0.144413,0.149215,0.146893,0.152158
mobley_4683624,3,-0.326670,-0.330610,-0.316377,-0.323576,-0.313871
mobley_4683624,4,-0.264589,-0.260820,-0.277073,-0.272753,-0.274113
mobley_4683624,5,-0.482605,-0.484387,-0.480981,-0.483577,-0.480831
mobley_4683624,6,-0.397411,-0.400408,-0.386741,-0.394514,-0.388962
mobley_4683624,7,-0.373038,-0.375494,-0.370333,-0.372896,-0.369327
mobley_4683624,8,-0.264149,-0.257604,-0.272798,-0.268680,-0.270657
mobley_4683624,9,-1.865641,-1.866033,-1.865422,-1.865485,-1.865653
mobley_4683624,10,-0.145730,-0.145281,-0.146666,-0.145037,-0.145501
mobley_4683624,11,-0.141573,-0.141112,-0.142448,-0.140857,-0.141332
mobley_4683624,12,-0.141576,-0.141115,-0.142450,-0.140860,-0.141334
mobley_4683624,13,-0.289417,-0.287765,-0.294299,-0.289462,-0.291118
mobley_4683624,14,-0.289716,-0.288063,-0.294616,-0.289770,-0.291430
mobley_4683624,15,-0.306631,-0.305976,-0.312283,-0.306877,-0.308974
mobley_4683624,16,-0.306649,-0.305983,-0.312287,-0.306881,-0.308980
mobley_4683624,17,-0.125310,-0.125937,-0.125981,-0.125083,-0.125384
mobley_4683624,18,-0.123706,-0.124335,-0.124316,-0.123615,-0.123916
mobley_4683624,19,-0.136170,-0.137046,-0.138112,-0.136593,-0.137244
mobley_4683624,20,-0.125819,-0.126487,-0.126503,-0.125584,-0.125859
mobley_4683624,21,-0.162250,-0.162368,-0.162493,-0.161888,-0.162430
mobley_4687447,0,0.909074,0.913830,0.942940,0.918665,0.937348
mobley_4687447,1,0.415954,0.425523,0.448578,0.442597,0.447219
mobley_4687447,2,0.566289,0.583052,0.574857,0.564647,0.565438
mobley_4687447,3,-2.210502,-2.196381,-2.229750,-2.213710,-2.228723
mobley_4687447,4,0.733965,0.732779,0.731579,0.727126,0.721397
mobley_4687447,5,0.005060,0.003259,0.031955,0.015083,0.023848
mobley_4687447,6,-1.832597,-1.832961,-1.833467,-1.832876,-1.833736
mobley_4687447,7,-0.141850,-0.141288,-0.142716,-0.141117,-0.141621
mobley_4687447,8,-0.141663,-0.141099,-0.142525,-0.140926,-0.141432
mobley_4687447,9,-0.142703,-0.142246,-0.143508,-0.142004,-0.142408
mobley_4687447,10,-0.346731,-0.343937,-0.356290,-0.349504,-0.353041
mobley_4687447,11,-0.345998,-0.343183,-0.355511,-0.348731,-0.352284
mobley_4687447,12,-0.328528,-0.324941,-0.334238,-0.329553,-0.331037
mobley_4687447,13,-0.328690,-0.325194,-0.334337,-0.329773,-0.331126
mobley_4687447,14,-0.362433,-0.358111,-0.371589,-0.366398,-0.368518
mobley_4687447,15,-0.356174,-0.351771,-0.365350,-0.359785,-0.362347
mobley_4687447,16,-0.204594,-0.203052,-0.208090,-0.205531,-0.206610
mobley_4687447,17,-0.194630,-0.193381,-0.197735,-0.195709,-0.196384
mobley_4687447,18,-0.129460,-0.129140,-0.128207,-0.127804,-0.128423
mobley_468867,0,0.177419,0.195430,0.179551,0.170535,0.179552
mobley_468867,1,-0.196886,-0.185346,-0.180240,-0.189640,-0.181662
mobley_468867,2,0.253881,0.256967,0.251617,0.240825,0.250831
mobley_468867,3,0.499839,0.487830,0.513357,0.490093,0.517313
mobley_468867,4,0.332578,0.322643,0.342962,0.317957,0.346170
mobley_468867,5,0.059393,0.053374,0.057022,0.036404,0.059546
mobley_468867,6,-0.487354,-0.489157,-0.484720,-0.488489,-0.486559
mobley_468867,7,-0.469303,-0.471211,-0.466257,-0.470623,-0.467761
mobley_468867,8,0.286231,0.284271,0.288631,0.263350,0.290920
mobley_468867,9,-0.323971,-0.326473,-0.317865,-0.324026,-0.318139
mobley_468867,10,-0.059634,-0.059023,-0.058696,-0.057735,-0.059020
mobley_468867,11,-0.036946,-0.036432,-0.035897,-0.035397,-0.036726
mobley_468867,12,0.570297,0.585074,0.576146,0.581423,0.564026
mobley_468867,13,-0.037876,-0.037183,-0.038176,-0.037993,-0.039234
mobley_468867,14,-0.042518,-0.041731,-0.042746,-0.042596,-0.043796
mobley_468867,15,0.424716,0.436910,0.429946,0.432854,0.419308
mobley_468867,16,0.138730,0.143334,0.138547,0.140023,0.133846
mobley_468867,17,-0.131729,-0.132459,-0.131903,-0.131470,-0.131123
mobley_468867,18,-0.123603,-0.124106,-0.123742,-0.123285,-0.123193
mobley_468867,19,-0.148356,-0.148229,-0.148172,-0.147345,-0.146998
mobley_468867,20,-0.737551,-0.736773,-0.751502,-0.741796,-0.743636
mobley_468867,21,-0.626623,-0.627413,-0.637795,-0.629403,-0.630473
mobley_4690963,0,0.401597,0.396498,0.420710,0.394961,0.412881
mobley_4690963,1,0.299257,0.305429,0.295458,0.292172,0.289480
mobley_4690963,2,-2.072520,-2.063974,-2.082374,-2.072410,-2.081052
mobley_4690963,3,0.276276,0.287633,0.324883,0.299362,0.315020
mobley_4690963,4,0.497111,0.511645,0.552332,0.524144,0.539125
mobley_4690963,5,-2.118604,-2.108674,-2.132904,-2.120533,-2.131650
mobley_4690963,6,0.621723,0.624980,0.610510,0.613912,0.604691
mobley_4690963,7,0.798577,0.799283,0.840442,0.810321,0.827389
mobley_4690963,8,-0.145189,-0.144387,-0.145921,-0.144343,-0.144774
mobley_4690963,9,-0.144447,-0.143765,-0.145384,-0.143822,-0.144334
mobley_4690963,10,-0.139793,-0.139075,-0.140544,-0.139062,-0.139625
mobley_4690963,11,-0.224336,-0.222253,-0.227777,-0.224821,-0.225884
mobley_4690963,12,-0.243522,-0.241474,-0.248681,-0.245162,-0.246496
mobley_4690963,13,-0.274263,-0.271332,-0.278599,-0.274811,-0.275949
mobley_4690963,14,-0.279378,-0.276460,-0.283696,-0.280042,-0.280902
mobley_4690963,15,-0.321625,-0.318106,-0.328613,-0.323394,-0.325448
mobley_4690963,16,-0.318650,-0.315083,-0.325543,-0.320322,-0.322413
mobley_4690963,17,-0.244918,-0.242372,-0.249724,-0.245911,-0.247574
mobley_4690963,18,-0.244987,-0.242440,-0.249793,-0.245979,-0.247641
mobley_4690963,19,-0.136191,-0.135606,-0.136992,-0.135474,-0.136048
mobley_4690963,20,-0.136183,-0.135598,-0.136984,-0.135467,-0.136040
mobley_4690963,21,-0.131547,-0.131168,-0.132124,-0.130911,-0.131250
mobley_4694328,0,0.969264,0.978598,0.984057,0.969322,0.979257
mobley_4694328,1,1.051857,1.066306,1.074812,1.070605,1.076559
mobley_4694328,2,0.467168,0.477416,0.467552,0.473801,0.479054
mobley_4694328,3,0.533910,0.544215,0.536823,0.544059,0.550266
mobley_4694328,4,1.130382,1.142188,1.148738,1.142512,1.164307
mobley_4694328,5,0.943192,0.952987,0.955325,0.956765,0.967981
mobley_4694328,6,0.674913,0.677160,0.684174,0.677179,0.687546
mobley_4694328,7,0.036270,0.038356,0.034834,0.032883,0.034992
mobley_4694328,8,-1.822952,-1.822923,-1.821767,-1.822355,-1.822064
mobley_4694328,9,-0.149035,-0.148498,-0.150023,-0.148255,-0.148753
mobley_4694328,10,-0.149073,-0.148534,-0.150089,-0.148310,-0.148812
mobley_4694328,11,-0.155575,-0.155048,-0.156703,-0.154861,-0.155360
mobley_4694328,12,-0.350373,-0.348271,-0.357150,-0.351916,-0.353720
mobley_4694328,13,-0.329215,-0.326989,-0.335562,-0.330247,-0.332427
mobley_4694328,14,-0.456314,-0.454060,-0.466242,-0.459344,-0.462043
mobley_4694328,15,-0.472704,-0.470407,-0.482949,-0.475982,-0.478628
mobley_4694328,16,-0.520378,-0.517795,-0.532099,-0.523976,-0.527286
mobley_4694328,17,-0.506095,-0.503547,-0.517591,-0.509523,-0.512898
mobley_4694328,18,-0.445777,-0.443011,-0.453740,-0.446893,-0.449402
mobley_4694328,19,-0.467552,-0.464985,-0.475869,-0.469291,-0.471185
mobley_4694328,20,-0.428311,-0.425872,-0.438762,-0.431239,-0.434915
mobley_4694328,21,-0.428043,-0.425619,-0.438404,-0.430914,-0.434562
mobley_4694328,22,-0.245092,-0.244090,-0.250860,-0.246372,-0.248582
mobley_4694328,23,-0.244776,-0.243774,-0.250544,-0.246060,-0.248272
mobley_4694328,24,-0.109827,-0.110105,-0.109387,-0.109485,-0.109499
mobley_4699732,0,0.406314,0.402844,0.401333,0.390208,0.395407
mobley_4699732,1,0.351356,0.349343,0.368245,0.363845,0.369269
mobley_4699732,2,0.049620,0.046319,0.046346,0.041140,0.043232
mobley_4699732,3,-0.023112,-0.023061,-0.022379,-0.022115,-0.022619
mobley_4699732,4,0.019330,0.019405,0.020834,0.020976,0.020659
mobley_4699732,5,-0.118522,-0.118389,-0.118446,-0.117735,-0.117826
mobley_4699732,6,-0.119288,-0.119114,-0.119160,-0.118420,-0.118494
mobley_4699732,7,-0.118356,-0.118203,-0.118282,-0.117549,-0.117639
mobley_4699732,8,-0.125659,-0.125353,-0.126817,-0.125786,-0.126151
mobley_4699732,9,-0.103912,-0.104181,-0.103651,-0.103633,-0.103601
mobley_4699732,10,-0.104473,-0.104758,-0.104218,-0.104212,-0.104173
mobley_4715906,0,2.122757,2.151869,2.141827,2.127091,2.120818
mobley_4715906,1,0.270131,0.256349,0.306606,0.274474,0.316114
mobley_4715906,2,1.224958,1.231325,1.227834,1.224114,1.213243
mobley_4715906,3,1.319100,1.335726,1.360156,1.346807,1.350447
mobley_4715906,4,1.315431,1.326164,1.341920,1.329665,1.331866
mobley_4715906,5,1.101792,1.118480,1.122786,1.111104,1.127726
mobley_4715906,6,-0.006600,-0.012984,0.013672,-0.012101,0.026999
mobley_4715906,7,1.934824,1.962237,1.951953,1.940164,1.943894
mobley_4715906,8,-0.218309,-0.216766,-0.218345,-0.216369,-0.215853
mobley_4715906,9,-0.211788,-0.210137,-0.210561,-0.208768,-0.207864
mobley_4715906,10,-0.232643,-0.230478,-0.230968,-0.228885,-0.227761
mobley_4715906,11,-1.070648,-1.066796,-1.091837,-1.081703,-1.083035
mobley_4715906,12,-0.602657,-0.600676,-0.611975,-0.605778,-0.605872
mobley_4715906,13,-0.609485,-0.606330,-0.617144,-0.610800,-0.610838
mobley_4715906,14,-0.485101,-0.481314,-0.489148,-0.483570,-0.483702
mobley_4715906,15,-0.432831,-0.431174,-0.438179,-0.433529,-0.433570
mobley_4715906,16,-0.540125,-0.536587,-0.547633,-0.540557,-0.541782
mobley_4715906,17,-0.511119,-0.509039,-0.519724,-0.513016,-0.514233
mobley_4715906,18,-0.596519,-0.592421,-0.600951,-0.595091,-0.594100
mobley_4715906,19,-0.553429,-0.551338,-0.559551,-0.554371,-0.553587
mobley_4715906,20,-1.090836,-1.088570,-1.114778,-1.104111,-1.106021
mobley_4715906,21,-0.214735,-0.213496,-0.215750,-0.213293,-0.213358
mobley_4715906,22,-0.235914,-0.234360,-0.236717,-0.233958,-0.233836
mobley_4715906,23,-0.223624,-0.222623,-0.224515,-0.222264,-0.221910
mobley_4759887,0,1.035584,1.047927,1.055994,1.041557,1.051052
mobley_4759887,1,0.808142,0.822875,0.823431,0.828930,0.831156
mobley_4759887,2,0.832736,0.847858,0.837074,0.842677,0.853056
mobley_4759887,3,0.947508,0.962481,0.961460,0.961946,0.978422
mobley_4759887,4,0.915513,0.929705,0.922594,0.927624,0.934065
mobley_4759887,5,1.034356,1.039538,1.048148,1.047011,1.057950
mobley_4759887,6,0.033073,0.046854,0.042949,0.034951,0.033712
mobley_4759887,7,-1.398844,-1.399062,-1.398721,-1.398715,-1.398923
mobley_4759887,8,-0.154197,-0.153698,-0.155272,-0.153484,-0.153957
mobley_4759887,9,-0.148103,-0.147591,-0.149086,-0.147355,-0.147826
mobley_4759887,10,-0.148111,-0.147599,-0.149094,-0.147362,-0.147834
mobley_4759887,11,-0.384033,-0.381775,-0.394071,-0.387106,-0.390658
mobley_4759887,12,-0.384281,-0.382025,-0.394331,-0.387365,-0.390919
mobley_4759887,13,-0.486726,-0.484157,-0.498106,-0.490236,-0.493704
mobley_4759887,14,-0.486373,-0.483811,-0.497745,-0.489872,-0.493335
mobley_4759887,15,-0.530214,-0.527412,-0.543337,-0.534385,-0.538625
mobley_4759887,16,-0.525568,-0.522790,-0.538599,-0.529641,-0.533889
mobley_4759887,17,-0.426347,-0.424443,-0.435884,-0.428370,-0.431213
mobley_4759887,18,-0.436752,-0.434863,-0.446623,-0.439168,-0.441973
mobley_4759887,19,-0.249278,-0.248462,-0.254629,-0.249804,-0.251731
mobley_4759887,20,-0.237999,-0.237170,-0.242951,-0.238248,-0.240175
mobley_4759887,21,-0.103628,-0.103875,-0.103210,-0.103411,-0.103396
mobley_4759887,22,-0.103983,-0.104217,-0.103549,-0.103776,-0.103792
mobley_4762983,0,1.007226,1.019728,1.026226,1.011807,1.021154
mobley_4762983,1,0.802485,0.816204,0.817530,0.822155,0.824613
mobley_4762983,2,0.717603,0.726676,0.721753,0.723581,0.735151
mobley_4762983,3,0.865952,0.876822,0.875362,0.876462,0.887305
mobley_4762983,4,0.666125,0.666973,0.669885,0.664444,0.674435
mobley_4762983,5,0.081796,0.095603,0.083237,0.089118,0.087775
mobley_4762983,6,-0.246607,-0.236493,-0.249874,-0.247570,-0.254896
mobley_4762983,7,-0.148020,-0.147515,-0.149007,-0.147277,-0.147748
mobley_4762983,8,-0.154122,-0.153625,-0.155197,-0.153411,-0.153883
mobley_4762983,9,-0.148047,-0.147543,-0.149035,-0.147306,-0.147777
mobley_4762983,10,-0.384344,-0.382104,-0.394504,-0.387513,-0.391105
mobley_4762983,11,-0.383984,-0.381741,-0.394138,-0.387146,-0.390740
mobley_4762983,12,-0.465790,-0.463375,-0.476931,-0.469372,-0.472774
mobley_4762983,13,-0.463989,-0.461543,-0.475046,-0.467501,-0.470900
mobley_4762983,14,-0.424759,-0.422551,-0.434155,-0.426766,-0.429952
mobley_4762983,15,-0.422055,-0.419802,-0.431180,-0.423809,-0.426964
mobley_4762983,16,-0.262756,-0.261777,-0.267988,-0.263080,-0.265321
mobley_4762983,17,-0.276097,-0.275259,-0.281891,-0.276849,-0.279025
mobley_4762983,18,-0.111607,-0.112003,-0.112115,-0.111643,-0.111860
mobley_4762983,19,-0.113253,-0.113437,-0.112717,-0.112948,-0.112913
mobley_4762983,20,-0.113995,-0.114204,-0.113458,-0.113721,-0.113672
mobley_4780078,0,0.335145,0.334639,0.331718,0.322932,0.325212
mobley_4780078,1,-0.243740,-0.245593,-0.226009,-0.235868,-0.222873
mobley_4780078,2,-0.334736,-0.332489,-0.339228,-0.339650,-0.336138
mobley_4780078,3,-0.471232,-0.473301,-0.471818,-0.474105,-0.471822
mobley_4780078,4,-0.345631,-0.345495,-0.332247,-0.342929,-0.333759
mobley_4780078,5,-0.262710,-0.268429,-0.249022,-0.257680,-0.247632
mobley_4780078,6,-0.169388,-0.155753,-0.189887,-0.178121,-0.190379
mobley_4780078,7,0.262686,0.260736,0.248090,0.244166,0.241329
mobley_4780078,8,-1.876368,-1.876834,-1.877365,-1.876744,-1.877451
mobley_4780078,9,-0.119778,-0.119831,-0.119869,-0.119014,-0.119238
mobley_4780078,10,-0.119482,-0.119552,-0.119579,-0.118730,-0.118950
mobley_4780078,11,-0.121678,-0.121703,-0.121950,-0.121027,-0.121310
mobley_4780078,12,-0.123346,-0.124039,-0.124145,-0.123256,-0.123621
mobley_4780078,13,-0.129398,-0.130148,-0.130334,-0.129386,-0.129774
mobley_4780078,14,-0.136952,-0.137950,-0.138306,-0.136856,-0.137250
mobley_4780078,15,-0.144400,-0.144086,-0.145444,-0.143674,-0.144288
mobley_4780078,16,-0.144473,-0.144158,-0.145518,-0.143745,-0.144360
mobley_4780078,17,-0.144987,-0.144642,-0.145612,-0.143897,-0.144387
mobley_4780078,18,-0.134690,-0.134413,-0.133746,-0.134861,-0.134412
mobley_4792268,0,0.844762,0.852941,0.856435,0.841568,0.852008
mobley_4792268,1,0.711885,0.719774,0.726624,0.724863,0.728455
mobley_4792268,2,0.402787,0.403424,0.407419,0.407498,0.414215
mobley_4792268,3,-0.134420,-0.140236,-0.127473,-0.134180,-0.126730
mobley_4792268,4,-0.275657,-0.274448,-0.284054,-0.280302,-0.286127
mobley_4792268,5,-1.829133,-1.829345,-1.828203,-1.828573,-1.828390
mobley_4792268,6,-1.845182,-1.845675,-1.843601,-1.844488,-1.843939
mobley_4792268,7,-0.153474,-0.152968,-0.154569,-0.152767,-0.153257
mobley_4792268,8,-0.147864,-0.147352,-0.148856,-0.147115,-0.147606
mobley_4792268,9,-0.146949,-0.146451,-0.147960,-0.146229,-0.146726
mobley_4792268,10,-0.342692,-0.340544,-0.349612,-0.344083,-0.346151
mobley_4792268,11,-0.335305,-0.333074,-0.342482,-0.336698,-0.339195
mobley_4792268,12,-0.389626,-0.387543,-0.398355,-0.392176,-0.394717
mobley_4792268,13,-0.374494,-0.372395,-0.382976,-0.376763,-0.379523
mobley_4792268,14,-0.251326,-0.250203,-0.256451,-0.252432,-0.254193
mobley_4792268,15,-0.273604,-0.272458,-0.279746,-0.275447,-0.277272
mobley_4792268,16,-0.153539,-0.153628,-0.153165,-0.152811,-0.153145
mobley_4845722,0,-0.319413,-0.321875,-0.316834,-0.321908,-0.318592
mobley_4845722,1,-0.319412,-0.321875,-0.316833,-0.321908,-0.318592
mobley_4845722,2,-0.319412,-0.321875,-0.316833,-0.321907,-0.318592
mobley_4845722,3,-0.319413,-0.321875,-0.316834,-0.321908,-0.318592
mobley_4845722,4,-0.319412,-0.321875,-0.316833,-0.321908,-0.318592
mobley_4845722,5,-0.319412,-0.321875,-0.316834,-0.321908,-0.318592
mobley_4845722,6,-0.070338,-0.070016,-0.069865,-0.069987,-0.070143
mobley_4845722,7,-0.070338,-0.070016,-0.069865,-0.069987,-0.070143
mobley_4845722,8,-0.070338,-0.070016,-0.069865,-0.069987,-0.070143
mobley_4845722,9,-0.070338,-0.070016,-0.069865,-0.069987,-0.070143
mobley_4845722,10,-0.070338,-0.070016,-0.069865,-0.069987,-0.070143
mobley_4845722,11,-0.070338,-0.070016,-0.069865,-0.069987,-0.070143
mobley_4850657,0,-0.195368,-0.205926,-0.202426,-0.209536,-0.208698
mobley_4850657,1,-0.194563,-0.194010,-0.192035,-0.191183,-0.192185
mobley_4850657,2,-1.824360,-1.824554,-1.823908,-1.824156,-1.824189
mobley_4850657,3,-1.824360,-1.824554,-1.823908,-1.824156,-1.824189
mobley_4850657,4,-0.098447,-0.098495,-0.098220,-0.098311,-0.098271
mobley_4850657,5,-0.113922,-0.114285,-0.113709,-0.113879,-0.113917
mobley_4850657,6,-0.114147,-0.114524,-0.113961,-0.114122,-0.114169
mobley_4850657,7,-0.114147,-0.114524,-0.113961,-0.114122,-0.114169
mobley_486214,0,1.333562,1.340545,1.347258,1.309944,1.318915
mobley_486214,1,-2.012830,-2.010331,-2.020738,-2.013357,-2.019163
mobley_486214,2,-0.471427,-0.487571,-0.471550,-0.483816,-0.474911
mobley_486214,3,-0.362150,-0.364545,-0.360122,-0.365599,-0.359753
mobley_486214,4,-0.249145,-0.246630,-0.247203,-0.249105,-0.246689
mobley_486214,5,-0.392898,-0.395537,-0.388380,-0.394636,-0.387026
mobley_486214,6,-0.608319,-0.615478,-0.611716,-0.610362,-0.608637
mobley_486214,7,-0.165368,-0.163594,-0.098642,-0.140530,-0.111288
mobley_486214,8,-1.989689,-1.991197,-1.995090,-1.991309,-1.994721
mobley_486214,9,-1.963989,-1.962477,-1.968966,-1.963635,-1.967735
mobley_486214,10,1.020785,1.023338,1.023684,0.999187,1.001439
mobley_486214,11,-0.129837,-0.129397,-0.129752,-0.129010,-0.129178
mobley_486214,12,-0.130171,-0.129791,-0.130303,-0.129464,-0.129620
mobley_486214,13,-0.129838,-0.129397,-0.129752,-0.129011,-0.129178
mobley_486214,14,-0.144096,-0.144716,-0.145816,-0.144198,-0.145028
mobley_486214,15,-0.124367,-0.125120,-0.125236,-0.124359,-0.124709
mobley_486214,16,-0.139105,-0.139647,-0.140607,-0.139089,-0.139903
mobley_486214,17,0.152415,0.158046,0.155428,0.153795,0.154065
mobley_486214,18,-0.124991,-0.124636,-0.124902,-0.124231,-0.124400
mobley_486214,19,-0.124991,-0.124636,-0.124902,-0.124231,-0.124400
mobley_486214,20,-0.126708,-0.126380,-0.126896,-0.126083,-0.126281
mobley_4883284,0,-0.153865,-0.150153,-0.147304,-0.151409,-0.146392
mobley_4883284,1,-0.226643,-0.224987,-0.227775,-0.227652,-0.227060
mobley_4883284,2,-0.303682,-0.302137,-0.299031,-0.301714,-0.298664
mobley_4883284,3,-0.367777,-0.368846,-0.361652,-0.364784,-0.360641
mobley_4883284,4,-0.303682,-0.302136,-0.299031,-0.301714,-0.298665
mobley_4883284,5,-0.226644,-0.224988,-0.227776,-0.227653,-0.227060
mobley_4883284,6,-2.523396,-2.526320,-2.534073,-2.531297,-2.535521
mobley_4883284,7,-0.112201,-0.112634,-0.112196,-0.111972,-0.112114
mobley_4883284,8,-0.113817,-0.114303,-0.113941,-0.113610,-0.113784
mobley_4883284,9,-0.122658,-0.123351,-0.123505,-0.122612,-0.122983
mobley_4883284,10,-0.122658,-0.123351,-0.123505,-0.122612,-0.122983
mobley_4883284,11,-0.113817,-0.114303,-0.113941,-0.113610,-0.113784
mobley_4883284,12,-0.134343,-0.134177,-0.134209,-0.133891,-0.134404
mobley_4883284,13,-0.134343,-0.134177,-0.134209,-0.133891,-0.134404
mobley_4884177,0,0.562839,0.566765,0.567140,0.552751,0.559864
mobley_4884177,1,0.219379,0.211823,0.223014,0.220247,0.226942
mobley_4884177,2,-0.201195,-0.204528,-0.183174,-0.193710,-0.180348
mobley_4884177,3,-0.187687,-0.176381,-0.193727,-0.186992,-0.193383
mobley_4884177,4,-0.257769,-0.255538,-0.254878,-0.255177,-0.253514
mobley_4884177,5,-0.315333,-0.316762,-0.322481,-0.324045,-0.323412
mobley_4884177,6,-2.592680,-2.593894,-2.593144,-2.592312,-2.593215
mobley_4884177,7,-0.267066,-0.263175,-0.290003,-0.284103,-0.291490
mobley_4884177,8,-0.128647,-0.128417,-0.128695,-0.127638,-0.127757
mobley_4884177,9,-0.125883,-0.125571,-0.125739,-0.124692,-0.124793
mobley_4884177,10,-0.128081,-0.127850,-0.128111,-0.127078,-0.127197
mobley_4884177,11,-0.243436,-0.243028,-0.248377,-0.243766,-0.245863
mobley_4884177,12,-0.243013,-0.242607,-0.247893,-0.243315,-0.245381
mobley_4884177,13,-0.118189,-0.118831,-0.118662,-0.118007,-0.118201
mobley_4884177,14,-0.113991,-0.114515,-0.114200,-0.113812,-0.114008
mobley_4884177,15,-0.118411,-0.118680,-0.118081,-0.118188,-0.118214
mobley_4884177,16,-0.118901,-0.119182,-0.118806,-0.118611,-0.118759
mobley_4893032,0,0.848179,0.859391,0.862188,0.847169,0.857919
mobley_4893032,1,0.656043,0.662273,0.669018,0.668856,0.673100
mobley_4893032,2,0.742960,0.749979,0.747035,0.748907,0.749679
mobley_4893032,3,0.698424,0.706302,0.703524,0.689156,0.698839
mobley_4893032,4,-0.577994,-0.577079,-0.575123,-0.578149,-0.577237
mobley_4893032,5,-2.481548,-2.481470,-2.480427,-2.480562,-2.480451
mobley_4893032,6,-0.153059,-0.152565,-0.154158,-0.152364,-0.152858
mobley_4893032,7,-0.147329,-0.146842,-0.148355,-0.146620,-0.147115
mobley_4893032,8,-0.147330,-0.146842,-0.148355,-0.146621,-0.147116
mobley_4893032,9,-0.357717,-0.355732,-0.367575,-0.360984,-0.364486
mobley_4893032,10,-0.357716,-0.355732,-0.367574,-0.360983,-0.364486
mobley_4893032,11,-0.324599,-0.323065,-0.332227,-0.326404,-0.329064
mobley_4893032,12,-0.324599,-0.323066,-0.332228,-0.326405,-0.329065
mobley_4893032,13,-0.136242,-0.136237,-0.137496,-0.135713,-0.136489
mobley_4893032,14,-0.136242,-0.136237,-0.137496,-0.135713,-0.136489
mobley_4924862,0,0.593111,0.618437,0.595517,0.584241,0.596232
mobley_4924862,1,0.402070,0.394647,0.442186,0.422774,0.447595
mobley_4924862,2,1.058299,1.094345,1.066005,1.061007,1.068513
mobley_4924862,3,0.139290,0.147604,0.143252,0.147374,0.143014
mobley_4924862,4,0.247716,0.264026,0.276441,0.258519,0.266986
mobley_4924862,5,-1.916844,-1.914572,-1.919456,-1.916266,-1.918981
mobley_4924862,6,1.896820,1.880262,1.922127,1.877813,1.917745
mobley_4924862,7,-1.818438,-1.818735,-1.816765,-1.817526,-1.817016
mobley_4924862,8,-0.185983,-0.185274,-0.186611,-0.185000,-0.184655
mobley_4924862,9,-0.191509,-0.190341,-0.191721,-0.189832,-0.189585
mobley_4924862,10,-0.183926,-0.183000,-0.184499,-0.182743,-0.182653
mobley_4924862,11,-0.847037,-0.843457,-0.875381,-0.862483,-0.869959
mobley_4924862,12,-0.202726,-0.201940,-0.204427,-0.202111,-0.202300
mobley_4924862,13,-0.201494,-0.200593,-0.203137,-0.200803,-0.201020
mobley_4924862,14,-0.199806,-0.198968,-0.201572,-0.199198,-0.199467
mobley_4924862,15,-0.498899,-0.495921,-0.510057,-0.502936,-0.505338
mobley_4924862,16,-0.508019,-0.504774,-0.519150,-0.511818,-0.514356
mobley_4924862,17,-0.263606,-0.261281,-0.266816,-0.263916,-0.264388
mobley_4924862,18,-0.254323,-0.251982,-0.257491,-0.254436,-0.255202
mobley_4924862,19,-0.121701,-0.121871,-0.121171,-0.121166,-0.121287
mobley_49274,0,0.990138,1.002679,1.008938,0.994298,1.003971
mobley_49274,1,0.753890,0.765718,0.767751,0.770456,0.773981
mobley_49274,2,0.636406,0.643350,0.637517,0.638582,0.647689
mobley_49274,3,0.780924,0.786875,0.785563,0.788867,0.792727
mobley_49274,4,0.748218,0.758043,0.757122,0.741687,0.750435
mobley_49274,5,-0.359537,-0.345749,-0.364117,-0.361593,-0.364902
mobley_49274,6,-0.680507,-0.679232,-0.674997,-0.679184,-0.677040
mobley_49274,7,-0.147990,-0.147489,-0.148981,-0.147252,-0.147723
mobley_49274,8,-0.154049,-0.153554,-0.155125,-0.153339,-0.153811
mobley_49274,9,-0.147990,-0.147489,-0.148981,-0.147252,-0.147723
mobley_49274,10,-0.384239,-0.382028,-0.394464,-0.387471,-0.391077
mobley_49274,11,-0.384238,-0.382027,-0.394464,-0.387470,-0.391077
mobley_49274,12,-0.455432,-0.453182,-0.466622,-0.459231,-0.462584
mobley_49274,13,-0.455432,-0.453183,-0.466622,-0.459231,-0.462584
mobley_49274,14,-0.364584,-0.362720,-0.373499,-0.366579,-0.369909
mobley_49274,15,-0.364584,-0.362720,-0.373499,-0.366579,-0.369909
mobley_49274,16,-0.138493,-0.138482,-0.139707,-0.137888,-0.138655
mobley_49274,17,-0.138493,-0.138482,-0.139707,-0.137888,-0.138655
mobley_49274,18,-0.148718,-0.148638,-0.148232,-0.148341,-0.148516
mobley_4934872,0,1.341593,1.342693,1.408499,1.369588,1.388024
mobley_4934872,1,1.322552,1.336924,1.333713,1.317668,1.317884
mobley_4934872,2,-1.841715,-1.854977,-1.856572,-1.861769,-1.853841
mobley_4934872,3,-0.925811,-0.953044,-0.937782,-0.937917,-0.934471
mobley_4934872,4,-1.821058,-1.841504,-1.801947,-1.847133,-1.807674
mobley_4934872,5,0.964804,0.975990,0.968508,0.955252,0.954599
mobley_4934872,6,1.424177,1.426817,1.490301,1.454743,1.470443
mobley_4934872,7,-1.592804,-1.603776,-1.596021,-1.607162,-1.599019
mobley_4934872,8,1.136207,1.133977,1.077720,1.087365,1.061529
mobley_4934872,9,-0.369814,-0.367895,-0.362102,-0.366013,-0.361872
mobley_4934872,10,-0.242973,-0.242972,-0.243220,-0.243750,-0.241872
mobley_4934872,11,-0.199655,-0.197658,-0.191436,-0.197137,-0.189843
mobley_4934872,12,-0.217575,-0.215633,-0.217207,-0.217616,-0.217202
mobley_4934872,13,-0.426107,-0.428008,-0.426074,-0.428181,-0.426011
mobley_4934872,14,-0.142468,-0.141750,-0.143367,-0.141693,-0.142323
mobley_4934872,15,-0.139659,-0.139000,-0.140487,-0.138894,-0.139477
mobley_4934872,16,-0.134094,-0.133673,-0.134709,-0.133421,-0.133772
mobley_4934872,17,-0.280444,-0.277152,-0.285031,-0.280773,-0.282468
mobley_4934872,18,-0.320664,-0.317232,-0.326187,-0.321132,-0.323315
mobley_4934872,19,-0.470794,-0.466657,-0.467609,-0.511550,-0.468739
mobley_4934872,20,-0.278285,-0.275013,-0.282804,-0.278588,-0.280284
mobley_4934872,21,-0.313684,-0.310218,-0.319146,-0.314209,-0.316294
mobley_4934872,22,-0.139428,-0.138782,-0.140193,-0.138634,-0.139174
mobley_4934872,23,-0.141946,-0.141228,-0.142782,-0.141120,-0.141707
mobley_4934872,24,-0.134931,-0.134499,-0.135528,-0.134219,-0.134549
mobley_4934872,25,-0.137439,-0.137941,-0.138225,-0.137181,-0.137638
mobley_4934872,26,-0.114253,-0.114688,-0.114291,-0.114022,-0.114177
mobley_4934872,27,-0.112435,-0.112869,-0.112438,-0.112210,-0.112349
mobley_4934872,28,-0.114927,-0.115454,-0.115143,-0.114746,-0.114932
mobley_4934872,29,0.075834,0.069486,0.084426,0.079820,0.086050
mobley_4936555,0,0.577087,0.578936,0.569322,0.562100,0.557220
mobley_4936555,1,-0.360314,-0.363510,-0.351004,-0.357776,-0.349164
mobley_4936555,2,-0.181935,-0.173847,-0.187469,-0.186513,-0.184146
mobley_4936555,3,-0.222025,-0.218215,-0.219911,-0.220190,-0.218201
mobley_4936555,4,-0.036135,-0.025965,-0.028039,-0.037246,-0.028023
mobley_4936555,5,-0.560362,-0.566748,-0.570853,-0.565913,-0.568602
mobley_4936555,6,-0.271941,-0.266771,-0.231705,-0.252637,-0.228603
mobley_4936555,7,0.206950,0.201841,0.195469,0.189385,0.186647
mobley_4936555,8,-0.261308,-0.261699,-0.208383,-0.235266,-0.241681
mobley_4936555,9,-0.540986,-0.547950,-0.549938,-0.546677,-0.548209
mobley_4936555,10,-0.093727,-0.084847,-0.083784,-0.091001,-0.085766
mobley_4936555,11,-0.200559,-0.198412,-0.196955,-0.198696,-0.194953
mobley_4936555,12,-0.192849,-0.188907,-0.185297,-0.188241,-0.184200
mobley_4936555,13,-0.276969,-0.273925,-0.278158,-0.279768,-0.277367
mobley_4936555,14,-0.304661,-0.295211,-0.232990,-0.269801,-0.232630
mobley_4936555,15,0.031030,0.027889,-0.005337,0.028157,-0.012789
mobley_4936555,16,-1.892374,-1.890149,-1.889651,-1.889294,-1.891536
mobley_4936555,17,-1.868416,-1.869498,-1.867390,-1.868310,-1.867456
mobley_4936555,18,-0.135084,-0.134894,-0.135527,-0.134147,-0.134485
mobley_4936555,19,-0.133517,-0.133333,-0.133802,-0.132476,-0.132800
mobley_4936555,20,-0.136138,-0.135827,-0.136206,-0.134738,-0.135059
mobley_4936555,21,-0.125520,-0.126322,-0.126477,-0.125414,-0.125815
mobley_4936555,22,-0.119406,-0.120031,-0.119878,-0.119205,-0.119513
mobley_4936555,23,-0.151811,-0.152081,-0.152858,-0.151167,-0.152285
mobley_4936555,24,-0.161403,-0.160811,-0.161684,-0.159722,-0.160286
mobley_4936555,25,-0.140300,-0.139932,-0.140220,-0.138746,-0.139113
mobley_4936555,26,-0.149127,-0.148864,-0.149737,-0.148092,-0.148448
mobley_4936555,27,0.455942,0.436873,0.459620,0.426602,0.451872
mobley_4936555,28,-0.147930,-0.148203,-0.148856,-0.147340,-0.148312
mobley_4936555,29,-0.114848,-0.115341,-0.115000,-0.114613,-0.114812
mobley_4936555,30,-0.114063,-0.114549,-0.114178,-0.113833,-0.114017
mobley_4936555,31,-0.135083,-0.135739,-0.136050,-0.134918,-0.135384
mobley_4936555,32,-0.167797,-0.167580,-0.168322,-0.167747,-0.168325
mobley_4964807,0,0.232023,0.225259,0.234299,0.221020,0.228704
mobley_4964807,1,-0.019274,-0.009924,-0.002613,0.000054,-0.003599
mobley_4964807,2,-1.848623,-1.848970,-1.849613,-1.849095,-1.849553
mobley_4964807,3,0.126018,0.113372,0.124722,0.117951,0.114354
mobley_4964807,4,-1.798922,-1.799978,-1.796883,-1.797629,-1.797055
mobley_4964807,5,1.857488,1.836577,1.860567,1.821548,1.843864
mobley_4964807,6,-1.776644,-1.777198,-1.775702,-1.776242,-1.776221
mobley_4964807,7,-1.764095,-1.764755,-1.762272,-1.763164,-1.762861
mobley_4964807,8,-0.114471,-0.114476,-0.114474,-0.113954,-0.114108
mobley_4964807,9,-0.114471,-0.114476,-0.114474,-0.113954,-0.114108
mobley_4964807,10,-0.114097,-0.114166,-0.114085,-0.113606,-0.113725
mobley_4964807,11,-0.166524,-0.165693,-0.168668,-0.166767,-0.167336
mobley_4964807,12,-0.166523,-0.165693,-0.168668,-0.166767,-0.167336
mobley_4983965,0,0.591572,0.584131,0.591415,0.576601,0.583273
mobley_4983965,1,-0.012874,-0.017641,-0.012888,-0.021227,-0.019769
mobley_4983965,2,-0.293588,-0.293423,-0.292038,-0.291704,-0.292585
mobley_4983965,3,-0.012873,-0.017640,-0.012887,-0.021226,-0.019769
mobley_4983965,4,0.591575,0.584133,0.591417,0.576603,0.583275
mobley_4983965,5,-0.117008,-0.116819,-0.116812,-0.116123,-0.116223
mobley_4983965,6,-0.115556,-0.115265,-0.115240,-0.114490,-0.114595
mobley_4983965,7,-0.115413,-0.115239,-0.115230,-0.114564,-0.114685
mobley_4983965,8,-0.100607,-0.100913,-0.100317,-0.100393,-0.100389
mobley_4983965,9,-0.103169,-0.103487,-0.102914,-0.102973,-0.102979
mobley_4983965,10,-0.103169,-0.103487,-0.102914,-0.102973,-0.102979
mobley_4983965,11,-0.100607,-0.100913,-0.100317,-0.100393,-0.100389
mobley_4983965,12,-0.117008,-0.116819,-0.116812,-0.116123,-0.116224
mobley_4983965,13,-0.115556,-0.115265,-0.115240,-0.114490,-0.114595
mobley_4983965,14,-0.115413,-0.115239,-0.115230,-0.114564,-0.114685
mobley_5003962,0,-0.162861,-0.159310,-0.161019,-0.161954,-0.159779
mobley_5003962,1,-0.162988,-0.159437,-0.161160,-0.162079,-0.159919
mobley_5003962,2,0.041225,0.046791,0.034160,0.038932,0.032404
mobley_5003962,3,-0.415940,-0.415447,-0.391947,-0.410732,-0.390284
mobley_5003962,4,-0.408523,-0.407929,-0.383684,-0.403082,-0.381915
mobley_5003962,5,0.036769,0.042281,0.029610,0.034429,0.027933
mobley_5003962,6,-0.165053,-0.170348,-0.189887,-0.179648,-0.190135
mobley_5003962,7,-1.850611,-1.850808,-1.851025,-1.850704,-1.850938
mobley_5003962,8,-0.325003,-0.317353,-0.285075,-0.311046,-0.281713
mobley_5003962,9,-0.058669,-0.054293,-0.065536,-0.061946,-0.066160
mobley_5003962,10,-0.296139,-0.292133,-0.287005,-0.291801,-0.285783
mobley_5003962,11,-0.407886,-0.409511,-0.401104,-0.405201,-0.401230
mobley_5003962,12,0.003128,0.014440,0.000709,0.004264,-0.004027
mobley_5003962,13,-0.384834,-0.380693,-0.358295,-0.377559,-0.356371
mobley_5003962,14,-0.097271,-0.101815,-0.122682,-0.111405,-0.123400
mobley_5003962,15,-1.851793,-1.852009,-1.852315,-1.851946,-1.852196
mobley_5003962,16,-2.422624,-2.426314,-2.432960,-2.433250,-2.437652
mobley_5003962,17,-0.113835,-0.114318,-0.113949,-0.113623,-0.113811
mobley_5003962,18,-0.113840,-0.114323,-0.113955,-0.113628,-0.113817
mobley_5003962,19,-0.122920,-0.123491,-0.123475,-0.122693,-0.123083
mobley_5003962,20,-0.122828,-0.123400,-0.123379,-0.122602,-0.122990
mobley_5003962,21,-0.128505,-0.129187,-0.129366,-0.128302,-0.128798
mobley_5003962,22,-0.128865,-0.129677,-0.130067,-0.128869,-0.129378
mobley_5003962,23,-0.146018,-0.146966,-0.147849,-0.145954,-0.146738
mobley_5003962,24,-0.134783,-0.134619,-0.134684,-0.134348,-0.134880
mobley_5003962,25,-0.135382,-0.135220,-0.135288,-0.134952,-0.135476
mobley_5006685,0,0.560034,0.568348,0.556656,0.547858,0.543649
mobley_5006685,1,-0.241272,-0.241121,-0.221162,-0.229846,-0.218486
mobley_5006685,2,-0.082193,-0.047954,-0.096706,-0.079874,-0.106287
mobley_5006685,3,-0.139605,-0.151688,-0.130785,-0.144519,-0.123542
mobley_5006685,4,0.747249,0.756896,0.757456,0.747545,0.766202
mobley_5006685,5,0.372212,0.374599,0.386847,0.372954,0.389271
mobley_5006685,6,-0.202613,-0.203656,-0.184457,-0.197514,-0.182010
mobley_5006685,7,0.294574,0.304583,0.317088,0.303886,0.322710
mobley_5006685,8,0.416870,0.422315,0.420532,0.407436,0.424727
mobley_5006685,9,-0.145765,-0.141324,-0.159928,-0.149811,-0.165128
mobley_5006685,10,-1.828705,-1.828600,-1.827512,-1.828162,-1.827836
mobley_5006685,11,-0.131714,-0.131234,-0.131087,-0.129998,-0.129958
mobley_5006685,12,-0.128081,-0.127935,-0.127864,-0.127093,-0.127064
mobley_5006685,13,-0.128210,-0.128025,-0.127970,-0.127163,-0.127169
mobley_5006685,14,-0.109791,-0.110046,-0.109403,-0.109489,-0.109447
mobley_5006685,15,-0.109657,-0.109970,-0.109249,-0.109377,-0.109316
mobley_5006685,16,-0.658808,-0.658418,-0.673434,-0.663958,-0.667663
mobley_5006685,17,-0.431076,-0.429419,-0.437542,-0.431042,-0.432714
mobley_5006685,18,-0.453243,-0.451350,-0.458626,-0.452596,-0.453307
mobley_5006685,19,-0.288888,-0.288371,-0.293537,-0.288856,-0.290283
mobley_5006685,20,-0.287751,-0.286908,-0.291507,-0.286879,-0.288263
mobley_5006685,21,-0.145349,-0.146106,-0.146738,-0.145308,-0.145535
mobley_5006685,22,-0.283758,-0.282846,-0.286047,-0.281761,-0.282380
mobley_5006685,23,-0.305576,-0.304539,-0.307543,-0.303239,-0.303427
mobley_5006685,24,-0.113403,-0.113577,-0.112901,-0.112985,-0.113007
mobley_5026370,0,-0.194527,-0.192845,-0.194052,-0.194384,-0.194178
mobley_5026370,1,-0.241100,-0.242711,-0.247475,-0.249717,-0.250057
mobley_5026370,2,-2.582917,-2.584070,-2.582859,-2.582314,-2.582885
mobley_5026370,3,-0.241100,-0.242712,-0.247475,-0.249717,-0.250057
mobley_5026370,4,-0.194527,-0.192845,-0.194051,-0.194383,-0.194179
mobley_5026370,5,-0.089233,-0.088209,-0.080910,-0.086197,-0.079983
mobley_5026370,6,-0.676022,-0.674682,-0.674151,-0.676789,-0.675890
mobley_5026370,7,-2.478828,-2.478135,-2.477561,-2.477581,-2.477592
mobley_5026370,8,-0.112334,-0.112783,-0.112293,-0.112126,-0.112211
mobley_5026370,9,-0.117684,-0.117957,-0.117349,-0.117469,-0.117490
mobley_5026370,10,-0.117684,-0.117957,-0.117349,-0.117469,-0.117490
mobley_5026370,11,-0.112334,-0.112783,-0.112293,-0.112126,-0.112211
mobley_5052949,0,0.745542,0.748802,0.762778,0.743944,0.758374
mobley_5052949,1,0.851553,0.848507,0.873742,0.861487,0.874294
mobley_5052949,2,0.015464,0.011363,0.009194,-0.000315,0.006101
mobley_5052949,3,-0.266531,-0.266614,-0.264492,-0.264330,-0.265035
mobley_5052949,4,-0.063680,-0.064373,-0.064949,-0.072967,-0.067734
mobley_5052949,5,0.840193,0.836393,0.854457,0.844589,0.852286
mobley_5052949,6,0.789861,0.793113,0.805910,0.786973,0.800522
mobley_5052949,7,-0.139800,-0.139359,-0.140623,-0.139103,-0.139583
mobley_5052949,8,-0.137133,-0.136713,-0.137962,-0.136471,-0.136960
mobley_5052949,9,-0.137121,-0.136702,-0.137954,-0.136462,-0.136951
mobley_5052949,10,-0.221007,-0.219472,-0.225163,-0.221059,-0.223113
mobley_5052949,11,-0.220338,-0.218805,-0.224450,-0.220365,-0.222410
mobley_5052949,12,-0.105262,-0.105450,-0.104923,-0.104907,-0.104822
mobley_5052949,13,-0.103848,-0.104047,-0.103492,-0.103484,-0.103410
mobley_5052949,14,-0.103853,-0.104092,-0.103547,-0.103540,-0.103490
mobley_5052949,15,-0.102054,-0.102269,-0.101729,-0.101705,-0.101647
mobley_5052949,16,-0.223007,-0.221368,-0.226120,-0.222539,-0.223807
mobley_5052949,17,-0.213677,-0.212102,-0.216603,-0.213149,-0.214471
mobley_5052949,18,-0.139268,-0.138824,-0.140148,-0.138584,-0.139092
mobley_5052949,19,-0.139440,-0.139002,-0.140310,-0.138750,-0.139251
mobley_5052949,20,-0.142608,-0.142134,-0.143484,-0.141887,-0.142379
mobley_5056289,0,1.104807,1.115810,1.148890,1.123433,1.139478
mobley_5056289,1,-0.080404,-0.083055,-0.072374,-0.075740,-0.072247
mobley_5056289,2,-0.056208,-0.060453,-0.049272,-0.054275,-0.049761
mobley_5056289,3,-0.031195,-0.035497,-0.020996,-0.027323,-0.021458
mobley_5056289,4,-0.155034,-0.161027,-0.143690,-0.151327,-0.144899
mobley_5056289,5,-2.479299,-2.470432,-2.500588,-2.487598,-2.497535
mobley_5056289,6,-0.171170,-0.170128,-0.172342,-0.170153,-0.170649
mobley_5056289,7,-0.162374,-0.161553,-0.163168,-0.161413,-0.161612
mobley_5056289,8,-0.161663,-0.160737,-0.162614,-0.160693,-0.161154
mobley_5056289,9,-0.610496,-0.607599,-0.628821,-0.621739,-0.624804
mobley_5056289,10,-0.498833,-0.497009,-0.510872,-0.504247,-0.506768
mobley_5056289,11,-0.515235,-0.513804,-0.527218,-0.521915,-0.522924
mobley_5056289,12,-0.473214,-0.471330,-0.485559,-0.479112,-0.481466
mobley_5056289,13,-0.491698,-0.489243,-0.505541,-0.497528,-0.501200
mobley_5056289,14,-0.238727,-0.237536,-0.242053,-0.239860,-0.239849
mobley_5056289,15,-0.253882,-0.252371,-0.257798,-0.255066,-0.255358
mobley_5063386,0,-0.268881,-0.267957,-0.268838,-0.270183,-0.266993
mobley_5063386,1,-0.215810,-0.215896,-0.213559,-0.217248,-0.211678
mobley_5063386,2,-0.489790,-0.491576,-0.487876,-0.490851,-0.487817
mobley_5063386,3,-0.085431,-0.074939,-0.068186,-0.077019,-0.076436
mobley_5063386,4,-0.323654,-0.327995,-0.315637,-0.320117,-0.316065
mobley_5063386,5,0.092639,0.107173,0.104359,0.102631,0.099791
mobley_5063386,6,0.109119,0.081568,0.106664,0.063317,0.094929
mobley_5063386,7,-1.793659,-1.794409,-1.792318,-1.793341,-1.792863
mobley_5063386,8,-1.782958,-1.783436,-1.781294,-1.782428,-1.781890
mobley_5063386,9,-1.881059,-1.881888,-1.881607,-1.881351,-1.881641
mobley_5063386,10,-0.114296,-0.114779,-0.114444,-0.114102,-0.114287
mobley_5063386,11,-0.114614,-0.115060,-0.114720,-0.114407,-0.114589
mobley_5063386,12,-0.123213,-0.123772,-0.123732,-0.123098,-0.123390
mobley_5063386,13,-0.124423,-0.125065,-0.125109,-0.124325,-0.124615
mobley_5063386,14,-0.153132,-0.153636,-0.153615,-0.153661,-0.153810
mobley_5072416,0,1.178200,1.181120,1.185216,1.150880,1.159330
mobley_5072416,1,-1.984851,-1.982725,-1.990304,-1.984001,-1.988856
mobley_5072416,2,-0.274837,-0.284424,-0.290189,-0.290765,-0.292824
mobley_5072416,3,-0.441979,-0.443458,-0.441650,-0.444019,-0.442458
mobley_5072416,4,-0.207307,-0.204430,-0.203115,-0.205930,-0.202033
mobley_5072416,5,-0.263589,-0.262591,-0.258629,-0.262749,-0.256765
mobley_5072416,6,-0.283266,-0.280147,-0.276333,-0.282075,-0.275990
mobley_5072416,7,-0.410212,-0.413371,-0.407367,-0.409401,-0.407399
mobley_5072416,8,-1.982120,-1.990887,-1.976754,-1.999625,-1.984799
mobley_5072416,9,-0.129159,-0.128725,-0.129009,-0.128268,-0.128444
mobley_5072416,10,-0.128444,-0.128025,-0.128377,-0.127612,-0.127782
mobley_5072416,11,-0.129603,-0.129214,-0.129735,-0.128868,-0.129045
mobley_5072416,12,-0.139404,-0.140021,-0.140937,-0.139381,-0.140185
mobley_5072416,13,-0.116808,-0.117365,-0.117152,-0.116644,-0.116886
mobley_5072416,14,-0.115376,-0.115877,-0.115583,-0.115178,-0.115385
mobley_5072416,15,-0.127095,-0.127804,-0.128036,-0.127039,-0.127442
mobley_5072416,16,-0.157207,-0.157109,-0.157308,-0.156905,-0.157476
mobley_5072416,17,-0.165994,-0.166103,-0.166089,-0.165520,-0.165983
mobley_5076071,0,1.646772,1.657067,1.702980,1.663042,1.675045
mobley_5076071,1,0.224291,0.222738,0.198651,0.202673,0.194445
mobley_5076071,2,-3.482231,-3.486484,-3.503762,-3.488416,-3.497204
mobley_5076071,3,0.171431,0.170415,0.150627,0.152468,0.146991
mobley_5076071,4,1.814198,1.819596,1.873901,1.823813,1.839668
mobley_5076071,5,-0.964673,-0.980388,-0.989785,-0.980594,-0.981024
mobley_5076071,6,-0.139276,-0.137594,-0.132892,-0.137191,-0.127370
mobley_5076071,7,0.789335,0.817237,0.805855,0.800493,0.796092
mobley_5076071,8,-0.138377,-0.131267,-0.082261,-0.113314,-0.081527
mobley_5076071,9,-0.026686,-0.008298,0.000371,-0.017368,-0.007886
mobley_5076071,10,0.190562,0.202371,0.217784,0.207741,0.223532
mobley_5076071,11,3.858450,3.806375,3.889024,3.759486,3.837596
mobley_5076071,12,-1.793215,-1.793235,-1.790507,-1.792160,-1.791404
mobley_5076071,13,-1.788965,-1.788314,-1.785540,-1.787330,-1.786876
mobley_5076071,14,-2.508667,-2.517376,-2.543245,-2.535166,-2.550711
mobley_5076071,15,-0.402181,-0.398133,-0.414157,-0.407745,-0.411650
mobley_5076071,16,0.448624,0.448221,0.448743,0.448437,0.448786
mobley_5076071,17,0.451615,0.451233,0.451659,0.451404,0.451711
mobley_5076071,18,0.453835,0.453457,0.453990,0.453649,0.454015
mobley_5076071,19,1.793368,1.766070,1.783326,1.719362,1.742261
mobley_5076071,20,-1.784440,-1.784523,-1.782055,-1.783452,-1.782806
mobley_5076071,21,-1.788047,-1.788284,-1.786352,-1.787534,-1.787081
mobley_5076071,22,-0.162104,-0.161256,-0.162477,-0.160488,-0.160742
mobley_5076071,23,-0.161375,-0.160392,-0.161384,-0.159316,-0.159471
mobley_5076071,24,-0.159237,-0.158251,-0.159566,-0.157497,-0.157879
mobley_5076071,25,-0.316839,-0.313856,-0.318698,-0.313564,-0.313952
mobley_5076071,26,-0.300818,-0.297869,-0.302459,-0.297347,-0.297685
mobley_5076071,27,-0.346940,-0.343633,-0.348575,-0.342825,-0.342887
mobley_5076071,28,-0.304160,-0.300585,-0.304987,-0.299338,-0.299849
mobley_5076071,29,-0.169080,-0.168098,-0.168916,-0.166587,-0.166663
mobley_5076071,30,-0.179805,-0.178554,-0.180357,-0.177607,-0.178313
mobley_5076071,31,-0.169770,-0.168791,-0.170090,-0.167737,-0.168041
mobley_5076071,32,-0.141241,-0.142103,-0.141914,-0.140679,-0.140973
mobley_5076071,33,-0.149560,-0.149345,-0.149348,-0.148973,-0.149475
mobley_5076071,34,-0.150551,-0.150440,-0.150322,-0.149871,-0.150277
mobley_5079234,0,1.071090,1.083667,1.093364,1.078350,1.088189
mobley_5079234,1,0.863051,0.872789,0.882699,0.883999,0.890696
mobley_5079234,2,1.097062,1.108845,1.109454,1.103672,1.123368
mobley_5079234,3,0.511120,0.520211,0.513664,0.520593,0.526692
mobley_5079234,4,0.409277,0.417026,0.412288,0.417641,0.422065
mobley_5079234,5,0.609711,0.623816,0.626908,0.622696,0.629426
mobley_5079234,6,-0.003186,-0.004393,0.001556,-0.001862,0.001421
mobley_5079234,7,-1.816682,-1.816178,-1.816377,-1.815976,-1.816863
mobley_5079234,8,-0.154744,-0.154244,-0.155832,-0.154031,-0.154503
mobley_5079234,9,-0.148393,-0.147878,-0.149381,-0.147640,-0.148112
mobley_5079234,10,-0.148284,-0.147771,-0.149277,-0.147538,-0.148012
mobley_5079234,11,-0.387616,-0.385291,-0.397849,-0.390755,-0.394415
mobley_5079234,12,-0.387089,-0.384772,-0.397221,-0.390162,-0.393795
mobley_5079234,13,-0.417453,-0.414846,-0.424310,-0.418293,-0.420227
mobley_5079234,14,-0.439240,-0.436815,-0.446471,-0.440695,-0.442052
mobley_5079234,15,-0.502733,-0.500195,-0.514113,-0.506103,-0.509454
mobley_5079234,16,-0.516594,-0.514056,-0.528167,-0.520133,-0.523392
mobley_5079234,17,-0.490611,-0.487971,-0.501623,-0.493991,-0.497112
mobley_5079234,18,-0.472711,-0.470096,-0.483403,-0.475832,-0.479020
mobley_5079234,19,-0.356838,-0.354179,-0.363646,-0.358218,-0.360254
mobley_5079234,20,-0.374915,-0.372390,-0.382102,-0.376850,-0.378431
mobley_5079234,21,-0.219252,-0.217670,-0.223103,-0.220299,-0.221464
mobley_5079234,22,-0.219348,-0.217758,-0.223253,-0.220428,-0.221608
mobley_5079234,23,-0.130429,-0.130515,-0.129887,-0.129613,-0.130001
mobley_5094777,0,-0.244132,-0.241572,-0.242805,-0.244809,-0.240422
mobley_5094777,1,-0.244133,-0.241573,-0.242806,-0.244808,-0.240422
mobley_5094777,2,-0.190674,-0.182516,-0.210485,-0.196096,-0.208487
mobley_5094777,3,-0.231942,-0.228520,-0.205925,-0.221925,-0.204602
mobley_5094777,4,-0.231945,-0.228523,-0.205928,-0.221928,-0.204605
mobley_5094777,5,-0.190679,-0.182521,-0.210491,-0.196103,-0.208491
mobley_5094777,6,-0.106565,-0.106151,-0.106637,-0.111546,-0.108933
mobley_5094777,7,0.303203,0.310995,0.311350,0.307465,0.314935
mobley_5094777,8,-0.106564,-0.106150,-0.106635,-0.111545,-0.108933
mobley_5094777,9,-0.115320,-0.115810,-0.115508,-0.115126,-0.115345
mobley_5094777,10,-0.115320,-0.115810,-0.115508,-0.115126,-0.115345
mobley_5094777,11,-0.122224,-0.122888,-0.122693,-0.122006,-0.122261
mobley_5094777,12,-0.122224,-0.122888,-0.122693,-0.122006,-0.122261
mobley_5094777,13,-0.246727,-0.247142,-0.250378,-0.246897,-0.247774
mobley_5094777,14,-0.259735,-0.260151,-0.264581,-0.260374,-0.261717
mobley_5094777,15,-0.375910,-0.374787,-0.386205,-0.378783,-0.382287
mobley_5094777,16,-0.341523,-0.340625,-0.350013,-0.344102,-0.346587
mobley_5094777,17,-0.259736,-0.260152,-0.264582,-0.260375,-0.261717
mobley_5094777,18,-0.246727,-0.247143,-0.250379,-0.246897,-0.247774
mobley_5110043,0,0.340882,0.340104,0.337301,0.328068,0.330059
mobley_5110043,1,-0.234957,-0.235797,-0.215090,-0.225338,-0.211037
mobley_5110043,2,-0.268560,-0.263261,-0.271843,-0.271641,-0.268700
mobley_5110043,3,-0.033738,-0.027562,-0.039350,-0.035719,-0.038528
mobley_5110043,4,-0.347550,-0.346055,-0.320052,-0.340129,-0.318798
mobley_5110043,5,-0.041950,-0.032256,-0.066687,-0.052889,-0.069950
mobley_5110043,6,-0.234957,-0.235797,-0.215090,-0.225338,-0.211037
mobley_5110043,7,-0.268560,-0.263261,-0.271844,-0.271641,-0.268700
mobley_5110043,8,-0.033740,-0.027564,-0.039350,-0.035721,-0.038530
mobley_5110043,9,-0.347551,-0.346055,-0.320053,-0.340130,-0.318798
mobley_5110043,10,-0.041953,-0.032255,-0.066687,-0.052890,-0.069952
mobley_5110043,11,0.340878,0.340102,0.337298,0.328068,0.330058
mobley_5110043,12,-0.119559,-0.119616,-0.119655,-0.118802,-0.119031
mobley_5110043,13,-0.119146,-0.119212,-0.119240,-0.118398,-0.118623
mobley_5110043,14,-0.121378,-0.121404,-0.121646,-0.120730,-0.121015
mobley_5110043,15,-0.122290,-0.123005,-0.123029,-0.122141,-0.122507
mobley_5110043,16,-0.129442,-0.130281,-0.130553,-0.129297,-0.129831
mobley_5110043,17,-0.135883,-0.136782,-0.137190,-0.135627,-0.136239
mobley_5110043,18,-0.122290,-0.123005,-0.123029,-0.122141,-0.122507
mobley_5110043,19,-0.129442,-0.130281,-0.130553,-0.129297,-0.129831
mobley_5110043,20,-0.135883,-0.136782,-0.137190,-0.135627,-0.136239
mobley_5110043,21,-0.119146,-0.119212,-0.119240,-0.118398,-0.118623
mobley_5110043,22,-0.119559,-0.119616,-0.119655,-0.118802,-0.119031
mobley_5110043,23,-0.121378,-0.121404,-0.121646,-0.120730,-0.121015
mobley_511661,0,-0.212771,-0.207324,-0.213217,-0.214926,-0.218345
mobley_511661,1,0.085157,0.088854,0.096448,0.089352,0.093749
mobley_511661,2,0.085157,0.088855,0.096450,0.089352,0.093749
mobley_511661,3,-0.212772,-0.207325,-0.213218,-0.214926,-0.218346
mobley_511661,4,-0.115504,-0.115691,-0.114937,-0.115209,-0.115146
mobley_511661,5,-0.114795,-0.114976,-0.114217,-0.114479,-0.114403
mobley_511661,6,-0.106792,-0.107091,-0.106411,-0.106496,-0.106469
mobley_511661,7,-0.106792,-0.107091,-0.106411,-0.106496,-0.106469
mobley_511661,8,-0.115504,-0.115691,-0.114937,-0.115209,-0.115146
mobley_511661,9,-0.114795,-0.114975,-0.114217,-0.114479,-0.114404
mobley_5123639,0,0.727690,0.738091,0.743588,0.726664,0.741277
mobley_5123639,1,-0.014623,-0.020347,-0.004632,-0.008371,-0.002638
mobley_5123639,2,0.203550,0.211306,0.200630,0.206480,0.199796
mobley_5123639,3,0.372296,0.363636,0.409603,0.389043,0.414202
mobley_5123639,4,1.153162,1.184791,1.170060,1.158672,1.171463
mobley_5123639,5,0.888199,0.917500,0.900812,0.886763,0.900035
mobley_5123639,6,-1.956318,-1.952511,-1.966986,-1.961487,-1.967464
mobley_5123639,7,-0.201847,-0.200418,-0.204716,-0.201686,-0.202711
mobley_5123639,8,-0.207800,-0.206373,-0.210737,-0.207738,-0.208690
mobley_5123639,9,-0.207497,-0.206201,-0.210441,-0.207598,-0.208365
mobley_5123639,10,-0.558031,-0.553985,-0.572652,-0.566207,-0.569328
mobley_5123639,11,-0.539482,-0.536415,-0.548789,-0.542455,-0.543786
mobley_5123639,12,-0.553261,-0.550668,-0.562642,-0.557007,-0.557529
mobley_5123639,13,-0.878991,-0.875601,-0.907488,-0.894353,-0.901714
mobley_5123639,14,-0.205164,-0.204184,-0.206924,-0.204492,-0.204753
mobley_5123639,15,-0.203765,-0.202871,-0.205611,-0.203173,-0.203448
mobley_5123639,16,-0.206888,-0.206072,-0.208686,-0.206314,-0.206506
mobley_5123639,17,-0.201251,-0.199789,-0.201514,-0.199302,-0.199167
mobley_5123639,18,-0.193024,-0.191954,-0.193817,-0.191812,-0.191817
mobley_5123639,19,-0.194431,-0.193494,-0.195065,-0.193237,-0.192954
mobley_5123639,20,-0.131627,-0.131476,-0.131188,-0.130485,-0.131377
mobley_5157661,0,0.579472,0.609619,0.580741,0.575031,0.582201
mobley_5157661,1,0.751830,0.752603,0.812441,0.795606,0.819604
mobley_5157661,2,0.579475,0.609623,0.580746,0.575038,0.582208
mobley_5157661,3,0.579476,0.609626,0.580747,0.575039,0.582207
mobley_5157661,4,-0.175675,-0.175055,-0.176743,-0.174970,-0.175046
mobley_5157661,5,-0.171578,-0.171045,-0.172689,-0.170945,-0.171047
mobley_5157661,6,-0.175675,-0.175055,-0.176743,-0.174970,-0.175046
mobley_5157661,7,-0.720586,-0.717253,-0.747450,-0.735063,-0.743239
mobley_5157661,8,-0.171579,-0.171045,-0.172689,-0.170945,-0.171047
mobley_5157661,9,-0.175676,-0.175056,-0.176743,-0.174971,-0.175046
mobley_5157661,10,-0.175675,-0.175055,-0.176743,-0.174970,-0.175046
mobley_5157661,11,-0.171579,-0.171045,-0.172690,-0.170945,-0.171047
mobley_5157661,12,-0.175676,-0.175056,-0.176744,-0.174971,-0.175047
mobley_5157661,13,-0.175676,-0.175056,-0.176743,-0.174971,-0.175046
mobley_5200358,0,0.623124,0.617247,0.623845,0.607696,0.617042
mobley_5200358,1,-0.047986,-0.054035,-0.021224,-0.028454,-0.018129
mobley_5200358,2,0.250996,0.247245,0.247361,0.234295,0.242224
mobley_5200358,3,-0.424342,-0.427156,-0.422144,-0.425569,-0.423480
mobley_5200358,4,0.792442,0.779845,0.730965,0.744429,0.718091
mobley_5200358,5,-1.827941,-1.829111,-1.826108,-1.827748,-1.826430
mobley_5200358,6,-0.432503,-0.438894,-0.439281,-0.439083,-0.441720
mobley_5200358,7,-1.850037,-1.850555,-1.848900,-1.849078,-1.848795
mobley_5200358,8,-2.641155,-2.639430,-2.644008,-2.640795,-2.643225
mobley_5200358,9,0.305255,0.292371,0.305346,0.287410,0.294401
mobley_5200358,10,-0.287435,-0.287669,-0.285079,-0.284708,-0.285563
mobley_5200358,11,-0.349511,-0.355458,-0.359975,-0.364646,-0.366475
mobley_5200358,12,-0.170294,-0.169270,-0.170577,-0.168550,-0.168605
mobley_5200358,13,-0.169166,-0.168057,-0.169173,-0.167110,-0.167131
mobley_5200358,14,-0.175078,-0.174094,-0.175414,-0.173324,-0.173313
mobley_5200358,15,-0.142825,-0.142196,-0.142434,-0.141122,-0.141144
mobley_5200358,16,-0.142850,-0.142307,-0.142434,-0.141232,-0.141182
mobley_5200358,17,-0.155868,-0.155204,-0.155893,-0.154336,-0.154495
mobley_5200358,18,-0.114320,-0.114512,-0.114107,-0.114020,-0.114082
mobley_5200358,19,-0.170468,-0.170450,-0.173284,-0.172991,-0.173228
mobley_5200358,20,-0.117205,-0.117077,-0.116999,-0.116465,-0.116611
mobley_5200358,21,-0.116825,-0.116733,-0.116639,-0.116107,-0.116249
mobley_5200358,22,-0.118712,-0.118573,-0.118395,-0.117867,-0.117990
mobley_5200358,23,-0.112645,-0.112990,-0.112508,-0.112705,-0.112773
mobley_5200358,24,-0.119499,-0.119688,-0.119465,-0.119483,-0.119699
mobley_5200358,25,-0.117002,-0.117234,-0.116854,-0.116920,-0.117103
mobley_5220185,0,0.407909,0.410286,0.410999,0.397831,0.405073
mobley_5220185,1,0.242675,0.235913,0.249027,0.244676,0.251511
mobley_5220185,2,-0.269996,-0.273376,-0.262292,-0.265640,-0.258396
mobley_5220185,3,-0.161904,-0.158795,-0.163099,-0.168168,-0.167920
mobley_5220185,4,-2.588091,-2.589452,-2.588691,-2.587888,-2.588680
mobley_5220185,5,-0.247777,-0.248879,-0.244248,-0.250350,-0.245908
mobley_5220185,6,-0.255011,-0.255591,-0.252636,-0.257350,-0.255041
mobley_5220185,7,-2.613514,-2.614946,-2.615824,-2.614302,-2.615922
mobley_5220185,8,-0.124328,-0.124071,-0.124315,-0.123279,-0.123460
mobley_5220185,9,-0.127663,-0.127472,-0.127821,-0.126763,-0.126949
mobley_5220185,10,-0.126630,-0.126436,-0.126753,-0.125725,-0.125907
mobley_5220185,11,-0.213912,-0.213400,-0.217997,-0.213745,-0.215667
mobley_5220185,12,-0.215631,-0.215155,-0.219610,-0.215373,-0.217254
mobley_5220185,13,-0.117773,-0.118032,-0.117616,-0.117488,-0.117615
mobley_5220185,14,-0.118386,-0.118657,-0.118022,-0.118170,-0.118175
mobley_5220185,15,-0.118882,-0.119164,-0.118531,-0.118647,-0.118655
mobley_525934,0,-0.388985,-0.396374,-0.393148,-0.400039,-0.397568
mobley_525934,1,-0.337425,-0.337360,-0.336110,-0.336250,-0.336340
mobley_525934,2,-0.114894,-0.115206,-0.114607,-0.114776,-0.114836
mobley_525934,3,-0.114894,-0.115206,-0.114607,-0.114776,-0.114836
mobley_525934,4,-0.116570,-0.116878,-0.116318,-0.116490,-0.116556
mobley_525934,5,-0.134719,-0.134966,-0.134839,-0.134707,-0.135043
mobley_5263791,0,0.883441,0.888682,0.899882,0.880781,0.890799
mobley_5263791,1,0.364558,0.358209,0.374047,0.370171,0.376209
mobley_5263791,2,-0.455412,-0.460603,-0.453654,-0.454849,-0.450435
mobley_5263791,3,-0.056070,-0.046828,-0.070661,-0.065533,-0.067547
mobley_5263791,4,-0.145917,-0.139556,-0.144348,-0.143812,-0.142844
mobley_5263791,5,-0.028451,-0.020484,-0.031910,-0.029893,-0.030152
mobley_5263791,6,-0.373295,-0.376609,-0.352843,-0.370547,-0.352080
mobley_5263791,7,-0.586805,-0.591583,-0.594512,-0.593802,-0.593873
mobley_5263791,8,0.227669,0.225744,0.204498,0.211349,0.201430
mobley_5263791,9,-0.120711,-0.114691,-0.114607,-0.116723,-0.113409
mobley_5263791,10,-0.179143,-0.174913,-0.176251,-0.177993,-0.174394
mobley_5263791,11,0.057831,0.066813,0.055259,0.059518,0.055588
mobley_5263791,12,-0.130004,-0.129569,-0.129706,-0.128574,-0.128614
mobley_5263791,13,-0.134794,-0.134467,-0.134819,-0.133643,-0.133769
mobley_5263791,14,-0.132531,-0.132179,-0.132418,-0.131296,-0.131366
mobley_5263791,15,-0.273437,-0.272389,-0.278461,-0.273185,-0.275498
mobley_5263791,16,-0.268546,-0.267789,-0.273676,-0.268765,-0.270883
mobley_5263791,17,-0.127928,-0.128676,-0.128821,-0.127670,-0.128063
mobley_5263791,18,-0.117595,-0.118188,-0.117948,-0.117377,-0.117644
mobley_5263791,19,-0.125428,-0.126182,-0.126379,-0.125259,-0.125759
mobley_5263791,20,-0.131017,-0.131328,-0.131613,-0.130449,-0.131087
mobley_5263791,21,-0.114976,-0.115508,-0.115185,-0.114748,-0.114970
mobley_5263791,22,-0.114003,-0.114488,-0.114099,-0.113757,-0.113941
mobley_5263791,23,-0.123704,-0.124453,-0.124564,-0.123536,-0.123969
mobley_52782,0,0.035163,0.038156,0.073449,0.055275,0.061724
mobley_52782,1,0.035162,0.038153,0.073447,0.055273,0.061721
mobley_52782,2,-1.829109,-1.830003,-1.829805,-1.829028,-1.829659
mobley_52782,3,2.468189,2.437210,2.460287,2.424203,2.446865
mobley_52782,4,-1.777025,-1.777587,-1.776089,-1.776640,-1.776610
mobley_52782,5,-1.767415,-1.768108,-1.765661,-1.766556,-1.766237
mobley_52782,6,-1.829109,-1.830003,-1.829804,-1.829027,-1.829658
mobley_52782,7,2.468197,2.437220,2.460294,2.424212,2.446877
mobley_52782,8,-1.767415,-1.768108,-1.765661,-1.766556,-1.766236
mobley_52782,9,-1.777025,-1.777587,-1.776089,-1.776640,-1.776610
mobley_52782,10,-0.251929,-0.249678,-0.257480,-0.253769,-0.255031
mobley_52782,11,-0.237049,-0.234890,-0.242023,-0.238797,-0.239773
mobley_52782,12,-0.237050,-0.234890,-0.242023,-0.238798,-0.239773
mobley_52782,13,-0.251928,-0.249678,-0.257480,-0.253768,-0.255030
mobley_5282042,0,0.182810,0.175696,0.179470,0.164462,0.170563
mobley_5282042,1,-3.170443,-3.166969,-3.190966,-3.175767,-3.189080
mobley_5282042,2,0.553989,0.550693,0.554038,0.537036,0.546890
mobley_5282042,3,0.022282,0.012560,0.028457,0.020244,0.028657
mobley_5282042,4,0.719801,0.714812,0.749684,0.727715,0.750049
mobley_5282042,5,0.402890,0.427660,0.420300,0.420072,0.423830
mobley_5282042,6,-0.775757,-0.783069,-0.791846,-0.782198,-0.786914
mobley_5282042,7,-0.596747,-0.603558,-0.603675,-0.603735,-0.602356
mobley_5282042,8,0.328014,0.337071,0.326118,0.326874,0.323276
mobley_5282042,9,-0.137782,-0.131516,-0.133489,-0.135028,-0.132407
mobley_5282042,10,-0.087958,-0.080228,-0.084208,-0.084057,-0.083477
mobley_5282042,11,-0.047160,-0.042676,-0.051626,-0.047370,-0.048158
mobley_5282042,12,-0.426513,-0.430504,-0.419517,-0.432363,-0.417444
mobley_5282042,13,0.301119,0.301665,0.320582,0.307745,0.324836
mobley_5282042,14,0.250908,0.252024,0.264288,0.254838,0.264878
mobley_5282042,15,-0.421014,-0.428178,-0.410468,-0.423346,-0.407437
mobley_5282042,16,-0.666101,-0.671632,-0.680005,-0.673615,-0.677399
mobley_5282042,17,0.309384,0.322914,0.297555,0.305808,0.295011
mobley_5282042,18,-0.223097,-0.217663,-0.218803,-0.220637,-0.216383
mobley_5282042,19,-0.202191,-0.197113,-0.199721,-0.199898,-0.197372
mobley_5282042,20,-0.152169,-0.143622,-0.164639,-0.156636,-0.160906
mobley_5282042,21,-0.167175,-0.165711,-0.167331,-0.165103,-0.165346
mobley_5282042,22,-0.162856,-0.161672,-0.163170,-0.161250,-0.161540
mobley_5282042,23,-0.146258,-0.145311,-0.146063,-0.144655,-0.144669
mobley_5282042,24,-0.175374,-0.173932,-0.176541,-0.173840,-0.174444
mobley_5282042,25,-0.175397,-0.174076,-0.176633,-0.173960,-0.174536
mobley_5282042,26,-0.154866,-0.153634,-0.155288,-0.153210,-0.153630
mobley_5282042,27,-0.395620,-0.391774,-0.400682,-0.393299,-0.395386
mobley_5282042,28,-0.407417,-0.403286,-0.413361,-0.405408,-0.407648
mobley_5282042,29,-0.286462,-0.284159,-0.288174,-0.283009,-0.284649
mobley_5282042,30,-0.330588,-0.328699,-0.333392,-0.327709,-0.328505
mobley_5282042,31,-0.150325,-0.150125,-0.150762,-0.149004,-0.149757
mobley_5282042,32,-0.129789,-0.130159,-0.130267,-0.129277,-0.129825
mobley_5282042,33,-0.114062,-0.114567,-0.114192,-0.113830,-0.114021
mobley_5282042,34,-0.114446,-0.114971,-0.114617,-0.114223,-0.114420
mobley_5282042,35,-0.126090,-0.126829,-0.127177,-0.125960,-0.126471
mobley_5282042,36,-0.267868,-0.267348,-0.271733,-0.266525,-0.268392
mobley_5282042,37,-0.258408,-0.257200,-0.261374,-0.255931,-0.257986
mobley_5282042,38,-0.295433,-0.294387,-0.298231,-0.292498,-0.294298
mobley_5282042,39,-0.321645,-0.321285,-0.326548,-0.320610,-0.322754
mobley_5282042,40,-0.135857,-0.136547,-0.136627,-0.135421,-0.135837
mobley_5282042,41,-0.114717,-0.115223,-0.114859,-0.114475,-0.114665
mobley_5282042,42,-0.115410,-0.115943,-0.115625,-0.115194,-0.115404
mobley_5282042,43,-0.127587,-0.128337,-0.128379,-0.127313,-0.127645
mobley_5286200,0,0.611710,0.612965,0.616912,0.611722,0.618253
mobley_5286200,1,0.611714,0.612970,0.616918,0.611723,0.618260
mobley_5286200,2,0.277940,0.280093,0.278979,0.272709,0.276314
mobley_5286200,3,-0.013247,-0.013111,-0.012275,-0.011917,-0.012544
mobley_5286200,4,0.277941,0.280093,0.278978,0.272709,0.276318
mobley_5286200,5,-0.013246,-0.013110,-0.012275,-0.011916,-0.012543
mobley_5286200,6,-0.243066,-0.241642,-0.246912,-0.243125,-0.244449
mobley_5286200,7,-0.241821,-0.240265,-0.245271,-0.241485,-0.242845
mobley_5286200,8,-0.243067,-0.241643,-0.246913,-0.243126,-0.244450
mobley_5286200,9,-0.241821,-0.240265,-0.245271,-0.241485,-0.242846
mobley_5286200,10,-0.106561,-0.106689,-0.106431,-0.106193,-0.106168
mobley_5286200,11,-0.105812,-0.105936,-0.105661,-0.105449,-0.105422
mobley_5286200,12,-0.106561,-0.106689,-0.106431,-0.106193,-0.106168
mobley_5286200,13,-0.105812,-0.105936,-0.105661,-0.105449,-0.105422
mobley_5310099,0,0.951740,0.963349,0.969327,0.954468,0.964708
mobley_5310099,1,0.701791,0.709604,0.716490,0.717446,0.722212
mobley_5310099,2,0.710874,0.718453,0.713499,0.714399,0.721503
mobley_5310099,3,0.584090,0.582769,0.584297,0.577768,0.587579
mobley_5310099,4,0.075387,0.089380,0.077440,0.082853,0.081752
mobley_5310099,5,-0.251825,-0.241883,-0.255286,-0.252978,-0.260276
mobley_5310099,6,-0.153669,-0.153171,-0.154762,-0.152966,-0.153453
mobley_5310099,7,-0.147720,-0.147220,-0.148730,-0.146993,-0.147480
mobley_5310099,8,-0.147558,-0.147058,-0.148565,-0.146829,-0.147316
mobley_5310099,9,-0.368577,-0.366447,-0.378484,-0.371743,-0.375281
mobley_5310099,10,-0.367183,-0.365031,-0.377024,-0.370298,-0.373829
mobley_5310099,11,-0.379638,-0.377687,-0.387552,-0.381243,-0.383801
mobley_5310099,12,-0.381583,-0.379676,-0.389740,-0.383419,-0.386006
mobley_5310099,13,-0.273694,-0.272893,-0.279496,-0.274490,-0.276676
mobley_5310099,14,-0.260750,-0.259815,-0.266010,-0.261136,-0.263382
mobley_5310099,15,-0.111406,-0.111806,-0.111913,-0.111445,-0.111659
mobley_5310099,16,-0.113997,-0.114206,-0.113461,-0.113724,-0.113675
mobley_5310099,17,-0.113241,-0.113426,-0.112706,-0.112937,-0.112902
mobley_5311804,0,-0.178018,-0.174072,-0.173319,-0.177133,-0.171990
mobley_5311804,1,-0.180359,-0.177149,-0.181276,-0.181331,-0.180715
mobley_5311804,2,-0.367535,-0.362085,-0.377030,-0.373496,-0.375678
mobley_5311804,3,-0.180315,-0.184393,-0.159599,-0.170946,-0.157050
mobley_5311804,4,-0.367534,-0.362085,-0.377029,-0.373495,-0.375678
mobley_5311804,5,-0.180359,-0.177148,-0.181277,-0.181331,-0.180715
mobley_5311804,6,-0.138016,-0.147407,-0.142553,-0.144670,-0.143129
mobley_5311804,7,-1.821641,-1.822094,-1.820361,-1.821066,-1.820752
mobley_5311804,8,-0.112648,-0.113084,-0.112673,-0.112422,-0.112579
mobley_5311804,9,-0.114414,-0.114927,-0.114590,-0.114219,-0.114405
mobley_5311804,10,-0.119962,-0.120604,-0.120519,-0.119819,-0.120072
mobley_5311804,11,-0.119962,-0.120604,-0.120519,-0.119819,-0.120072
mobley_5311804,12,-0.114414,-0.114927,-0.114590,-0.114219,-0.114405
mobley_5311804,13,-0.158635,-0.158387,-0.160236,-0.158554,-0.159117
mobley_5311804,14,-0.158635,-0.158387,-0.160236,-0.158554,-0.159117
mobley_5311804,15,-0.138434,-0.138405,-0.138314,-0.137694,-0.138407
mobley_5326154,0,0.478677,0.471397,0.470342,0.453866,0.460727
mobley_5326154,1,-2.914411,-2.917203,-2.928106,-2.918713,-2.926988
mobley_5326154,2,0.478684,0.471405,0.470347,0.453874,0.460735
mobley_5326154,3,-0.410048,-0.414748,-0.418825,-0.415476,-0.416902
mobley_5326154,4,-0.175135,-0.170534,-0.167432,-0.170363,-0.167726
mobley_5326154,5,-0.192334,-0.188702,-0.189902,-0.189312,-0.189379
mobley_5326154,6,-0.181276,-0.177843,-0.171615,-0.177780,-0.169913
mobley_5326154,7,-0.192338,-0.188705,-0.189905,-0.189315,-0.189383
mobley_5326154,8,-0.175129,-0.170527,-0.167425,-0.170357,-0.167719
mobley_5326154,9,-0.161048,-0.160067,-0.161583,-0.159479,-0.159983
mobley_5326154,10,-0.151228,-0.150333,-0.151665,-0.149819,-0.150332
mobley_5326154,11,-0.155072,-0.154109,-0.155402,-0.153322,-0.153796
mobley_5326154,12,-0.161049,-0.160068,-0.161584,-0.159479,-0.159983
mobley_5326154,13,-0.155073,-0.154110,-0.155403,-0.153324,-0.153798
mobley_5326154,14,-0.151228,-0.150334,-0.151666,-0.149820,-0.150333
mobley_5326154,15,-0.134186,-0.134717,-0.135128,-0.133769,-0.134412
mobley_5326154,16,-0.115569,-0.116108,-0.115809,-0.115365,-0.115578
mobley_5326154,17,-0.112479,-0.112910,-0.112457,-0.112226,-0.112364
mobley_5326154,18,-0.115569,-0.116108,-0.115809,-0.115365,-0.115578
mobley_5326154,19,-0.134186,-0.134716,-0.135128,-0.133769,-0.134412
mobley_5346580,0,0.572893,0.573503,0.579494,0.566993,0.567439
mobley_5346580,1,-0.255852,-0.249220,-0.274619,-0.265157,-0.267052
mobley_5346580,2,-1.869253,-1.868695,-1.874212,-1.871958,-1.873595
mobley_5346580,3,0.373283,0.354936,0.431938,0.392160,0.438836
mobley_5346580,4,0.410278,0.435510,0.399729,0.401049,0.399572
mobley_5346580,5,0.340072,0.364769,0.326438,0.328115,0.322595
mobley_5346580,6,0.264119,0.282883,0.254144,0.254532,0.249600
mobley_5346580,7,-0.124055,-0.123760,-0.123820,-0.123045,-0.123104
mobley_5346580,8,-0.122737,-0.122478,-0.122530,-0.121812,-0.121867
mobley_5346580,9,-0.130746,-0.130231,-0.130412,-0.129324,-0.129402
mobley_5346580,10,-0.240593,-0.239672,-0.242606,-0.240096,-0.239900
mobley_5346580,11,-0.239317,-0.238287,-0.241443,-0.238844,-0.238783
mobley_5346580,12,-0.243190,-0.242124,-0.245393,-0.242767,-0.242705
mobley_5346580,13,-0.216555,-0.215602,-0.216698,-0.214834,-0.214022
mobley_5346580,14,-0.214801,-0.213900,-0.215175,-0.213378,-0.212648
mobley_5346580,15,-0.222000,-0.221204,-0.222424,-0.220663,-0.219760
mobley_5346580,16,-0.218085,-0.217110,-0.218597,-0.216706,-0.216100
mobley_5346580,17,-0.233863,-0.232920,-0.234738,-0.232793,-0.231977
mobley_5346580,18,-0.235156,-0.233902,-0.235566,-0.233386,-0.232649
mobley_5347550,0,0.425538,0.419298,0.431118,0.413626,0.417812
mobley_5347550,1,-1.859366,-1.858336,-1.857719,-1.856770,-1.857937
mobley_5347550,2,-0.214670,-0.213122,-0.223008,-0.218521,-0.218808
mobley_5347550,3,-0.340637,-0.345380,-0.335532,-0.340676,-0.337341
mobley_5347550,4,-0.069797,-0.069761,-0.069625,-0.069260,-0.069761
mobley_5347550,5,-0.075678,-0.075716,-0.075721,-0.075301,-0.075852
mobley_5347550,6,0.449491,0.449165,0.449519,0.449309,0.449628
mobley_5347550,7,0.450189,0.449843,0.450218,0.449985,0.450305
mobley_5347550,8,-0.117329,-0.117185,-0.117222,-0.116762,-0.116822
mobley_5347550,9,-0.122718,-0.122575,-0.122849,-0.122273,-0.122376
mobley_5347550,10,-0.117328,-0.117179,-0.117198,-0.116744,-0.116802
mobley_5347550,11,-0.108677,-0.108977,-0.108461,-0.108439,-0.108588
mobley_5371840,0,-0.216136,-0.215756,-0.209479,-0.214540,-0.207788
mobley_5371840,1,-0.216436,-0.216066,-0.209775,-0.214847,-0.208082
mobley_5371840,2,-0.239437,-0.231607,-0.229526,-0.234395,-0.230192
mobley_5371840,3,1.000731,0.992326,1.030777,0.995967,1.014634
mobley_5371840,4,1.035813,1.027481,1.066274,1.030628,1.049671
mobley_5371840,5,-0.246121,-0.238478,-0.236471,-0.241245,-0.237099
mobley_5371840,6,-2.148936,-2.149186,-2.160898,-2.150797,-2.158032
mobley_5371840,7,1.214925,1.212069,1.257569,1.217247,1.238594
mobley_5371840,8,-0.253331,-0.244909,-0.244846,-0.248901,-0.245998
mobley_5371840,9,-0.215944,-0.218788,-0.214767,-0.220262,-0.213094
mobley_5371840,10,-0.425254,-0.427761,-0.423665,-0.424938,-0.422396
mobley_5371840,11,-0.216190,-0.209259,-0.210689,-0.216660,-0.212267
mobley_5371840,12,1.022474,1.015994,1.052535,1.016621,1.035257
mobley_5371840,13,-2.152603,-2.152689,-2.164821,-2.154438,-2.161924
mobley_5371840,14,-0.054359,-0.053862,-0.053178,-0.053574,-0.053589
mobley_5371840,15,-0.114558,-0.115001,-0.114642,-0.114350,-0.114522
mobley_5371840,16,-0.114555,-0.114998,-0.114638,-0.114346,-0.114518
mobley_5371840,17,-0.136006,-0.136579,-0.136855,-0.135802,-0.136340
mobley_5371840,18,-0.136014,-0.136589,-0.136864,-0.135811,-0.136349
mobley_5371840,19,-0.136935,-0.137534,-0.137875,-0.136743,-0.137312
mobley_5371840,20,-0.115129,-0.115484,-0.114999,-0.114871,-0.114974
mobley_5371840,21,-0.133556,-0.133955,-0.133978,-0.133147,-0.133605
mobley_5390332,0,0.800475,0.808342,0.817951,0.802575,0.813299
mobley_5390332,1,0.710275,0.712567,0.730375,0.726276,0.732350
mobley_5390332,2,-0.089190,-0.098372,-0.082480,-0.091103,-0.082367
mobley_5390332,3,0.383625,0.384379,0.319064,0.355607,0.316898
mobley_5390332,4,-1.841033,-1.841435,-1.841547,-1.841524,-1.841479
mobley_5390332,5,-1.901833,-1.900386,-1.903721,-1.901092,-1.903188
mobley_5390332,6,0.699673,0.691653,0.697513,0.679304,0.685317
mobley_5390332,7,-0.142382,-0.141933,-0.143333,-0.141710,-0.142202
mobley_5390332,8,-0.142382,-0.141933,-0.143333,-0.141710,-0.142202
mobley_5390332,9,-0.146194,-0.145753,-0.147183,-0.145533,-0.146014
mobley_5390332,10,-0.311351,-0.309188,-0.319744,-0.313618,-0.317047
mobley_5390332,11,-0.311350,-0.309187,-0.319744,-0.313617,-0.317046
mobley_5390332,12,-0.282140,-0.280559,-0.288720,-0.283698,-0.285950
mobley_5390332,13,-0.282140,-0.280559,-0.288721,-0.283698,-0.285950
mobley_5390332,14,-0.116967,-0.116810,-0.116684,-0.116318,-0.116347
mobley_5390332,15,-0.118437,-0.118355,-0.118386,-0.117958,-0.118019
mobley_5390332,16,-0.116967,-0.116810,-0.116684,-0.116318,-0.116347
mobley_5393242,0,0.544957,0.545737,0.566992,0.546530,0.559850
mobley_5393242,1,0.391401,0.385375,0.392569,0.381059,0.378067
mobley_5393242,2,-1.869882,-1.870315,-1.869079,-1.868619,-1.868300
mobley_5393242,3,0.573859,0.574065,0.572709,0.573563,0.572363
mobley_5393242,4,-0.409916,-0.410830,-0.408409,-0.408378,-0.406038
mobley_5393242,5,-1.845842,-1.846372,-1.843960,-1.844050,-1.843215
mobley_5393242,6,0.250516,0.244164,0.254899,0.248805,0.250385
mobley_5393242,7,0.598951,0.598148,0.624313,0.600514,0.615449
mobley_5393242,8,-1.875773,-1.874643,-1.877923,-1.877327,-1.880132
mobley_5393242,9,-0.169824,-0.163186,-0.160501,-0.168745,-0.173016
mobley_5393242,10,-0.419379,-0.421605,-0.413241,-0.418214,-0.414478
mobley_5393242,11,-0.265100,-0.265204,-0.255368,-0.254011,-0.248060
mobley_5393242,12,-2.622284,-2.631911,-2.640689,-2.632006,-2.634596
mobley_5393242,13,-0.434686,-0.436421,-0.437979,-0.436752,-0.437334
mobley_5393242,14,-1.431843,-1.450534,-1.465201,-1.472311,-1.484371
mobley_5393242,15,0.150530,0.141341,0.185245,0.169735,0.188392
mobley_5393242,16,0.223009,0.236235,0.225971,0.218215,0.226328
mobley_5393242,17,0.303969,0.319152,0.306806,0.298336,0.306978
mobley_5393242,18,0.368562,0.369976,0.378222,0.359612,0.366835
mobley_5393242,19,-0.125267,-0.124977,-0.125705,-0.124571,-0.124881
mobley_5393242,20,-0.124280,-0.124036,-0.124664,-0.123630,-0.123895
mobley_5393242,21,-0.124880,-0.124579,-0.125310,-0.124178,-0.124495
mobley_5393242,22,-0.185349,-0.183822,-0.185451,-0.183387,-0.182984
mobley_5393242,23,-0.195022,-0.193352,-0.195323,-0.192981,-0.192712
mobley_5393242,24,-0.158885,-0.157974,-0.159399,-0.157770,-0.157699
mobley_5393242,25,-0.161690,-0.160737,-0.162114,-0.160412,-0.160309
mobley_5393242,26,-0.126293,-0.125982,-0.126811,-0.125614,-0.125958
mobley_5393242,27,-0.125807,-0.125542,-0.126266,-0.125168,-0.125463
mobley_5393242,28,-0.127580,-0.127231,-0.128080,-0.126848,-0.127194
mobley_5393242,29,-0.147316,-0.148465,-0.149127,-0.147290,-0.147650
mobley_5393242,30,-0.542469,-0.540611,-0.559128,-0.547488,-0.553553
mobley_5393242,31,-0.157681,-0.157248,-0.158312,-0.156646,-0.156893
mobley_5393242,32,-0.158378,-0.157908,-0.158871,-0.157282,-0.157432
mobley_5393242,33,-0.151697,-0.151252,-0.152030,-0.150481,-0.150629
mobley_5393242,34,-0.164741,-0.164268,-0.165388,-0.163570,-0.163776
mobley_5393242,35,-0.157422,-0.156921,-0.157739,-0.156056,-0.156180
mobley_5393242,36,-0.164034,-0.163524,-0.164516,-0.162829,-0.162958
mobley_5393242,37,-0.115888,-0.115904,-0.115813,-0.115097,-0.115269
mobley_5393242,38,-0.115791,-0.115809,-0.115716,-0.115002,-0.115174
mobley_5393242,39,-0.115699,-0.115753,-0.115567,-0.114950,-0.115093
mobley_5445548,0,0.803556,0.826340,0.809352,0.797959,0.806067
mobley_5445548,1,0.266793,0.255416,0.302595,0.283852,0.305832
mobley_5445548,2,0.803554,0.826340,0.809352,0.797958,0.806063
mobley_5445548,3,-0.416819,-0.420115,-0.416118,-0.418082,-0.413353
mobley_5445548,4,-0.028959,-0.020803,-0.048427,-0.038025,-0.045662
mobley_5445548,5,-0.132854,-0.127166,-0.132392,-0.131077,-0.132054
mobley_5445548,6,-0.195925,-0.192249,-0.190683,-0.194580,-0.188635
mobley_5445548,7,-0.106063,-0.100711,-0.103464,-0.103589,-0.103166
mobley_5445548,8,-0.076126,-0.069322,-0.105884,-0.091781,-0.107229
mobley_5445548,9,-0.158670,-0.158260,-0.158913,-0.157499,-0.157407
mobley_5445548,10,-0.158084,-0.157616,-0.158431,-0.156899,-0.156956
mobley_5445548,11,-0.156115,-0.155579,-0.156204,-0.154677,-0.154635
mobley_5445548,12,-0.582891,-0.581583,-0.601732,-0.590654,-0.597166
mobley_5445548,13,-0.158084,-0.157616,-0.158432,-0.156899,-0.156956
mobley_5445548,14,-0.158670,-0.158259,-0.158913,-0.157499,-0.157407
mobley_5445548,15,-0.156115,-0.155579,-0.156204,-0.154678,-0.154635
mobley_5445548,16,-0.129873,-0.130545,-0.130721,-0.129536,-0.129879
mobley_5445548,17,-0.114028,-0.114525,-0.114141,-0.113811,-0.113978
mobley_5445548,18,-0.112576,-0.113004,-0.112566,-0.112335,-0.112481
mobley_5445548,19,-0.115344,-0.115890,-0.115591,-0.115149,-0.115359
mobley_5445548,20,-0.123695,-0.124095,-0.124020,-0.123246,-0.123547
mobley_5449201,0,0.999750,1.012109,1.019502,1.004809,1.014651
mobley_5449201,1,0.762748,0.773425,0.776441,0.778654,0.782285
mobley_5449201,2,0.640295,0.647969,0.637091,0.639388,0.647422
mobley_5449201,3,0.762750,0.773430,0.776446,0.778659,0.782289
mobley_5449201,4,0.999751,1.012109,1.019503,1.004811,1.014651
mobley_5449201,5,-0.153915,-0.153419,-0.154988,-0.153204,-0.153676
mobley_5449201,6,-0.147792,-0.147291,-0.148781,-0.147053,-0.147527
mobley_5449201,7,-0.147793,-0.147291,-0.148781,-0.147054,-0.147527
mobley_5449201,8,-0.380536,-0.378334,-0.390586,-0.383661,-0.387230
mobley_5449201,9,-0.380536,-0.378333,-0.390585,-0.383661,-0.387229
mobley_5449201,10,-0.431953,-0.429766,-0.441746,-0.435108,-0.437878
mobley_5449201,11,-0.431952,-0.429765,-0.441745,-0.435107,-0.437877
mobley_5449201,12,-0.380536,-0.378334,-0.390586,-0.383662,-0.387230
mobley_5449201,13,-0.380536,-0.378334,-0.390586,-0.383661,-0.387230
mobley_5449201,14,-0.147793,-0.147291,-0.148781,-0.147054,-0.147527
mobley_5449201,15,-0.147793,-0.147291,-0.148781,-0.147054,-0.147527
mobley_5449201,16,-0.153915,-0.153420,-0.154988,-0.153204,-0.153676
mobley_5456566,0,-0.285665,-0.291487,-0.276849,-0.284848,-0.275354
mobley_5456566,1,-0.289802,-0.290557,-0.293275,-0.294242,-0.295507
mobley_5456566,2,-0.350043,-0.352576,-0.348094,-0.352093,-0.349399
mobley_5456566,3,-0.333622,-0.335787,-0.330635,-0.335589,-0.331890
mobley_5456566,4,-0.350042,-0.352575,-0.348092,-0.352092,-0.349398
mobley_5456566,5,-0.289799,-0.290553,-0.293273,-0.294240,-0.295505
mobley_5456566,6,-0.069002,-0.068496,-0.068752,-0.068694,-0.069204
mobley_5456566,7,-0.070986,-0.070685,-0.070552,-0.070675,-0.070841
mobley_5456566,8,-0.070620,-0.070312,-0.070160,-0.070285,-0.070436
mobley_5456566,9,-0.070986,-0.070685,-0.070552,-0.070676,-0.070841
mobley_5456566,10,-0.069002,-0.068496,-0.068752,-0.068694,-0.069204
mobley_5456566,11,-0.285665,-0.291487,-0.276850,-0.284849,-0.275354
mobley_5456566,12,-0.289802,-0.290556,-0.293275,-0.294242,-0.295507
mobley_5456566,13,-0.350043,-0.352575,-0.348094,-0.352092,-0.349398
mobley_5456566,14,-0.333622,-0.335786,-0.330634,-0.335590,-0.331890
mobley_5456566,15,-0.350043,-0.352575,-0.348093,-0.352092,-0.349398
mobley_5456566,16,-0.289801,-0.290554,-0.293274,-0.294241,-0.295506
mobley_5456566,17,-0.069002,-0.068496,-0.068752,-0.068694,-0.069204
mobley_5456566,18,-0.070986,-0.070685,-0.070552,-0.070676,-0.070841
mobley_5456566,19,-0.070620,-0.070312,-0.070160,-0.070285,-0.070436
mobley_5456566,20,-0.070986,-0.070685,-0.070552,-0.070676,-0.070841
mobley_5456566,21,-0.069002,-0.068496,-0.068752,-0.068694,-0.069204
mobley_5467162,0,0.866822,0.902638,0.861085,0.854729,0.864627
mobley_5467162,1,0.333369,0.307901,0.400538,0.355205,0.408996
mobley_5467162,2,0.741204,0.781435,0.730969,0.726763,0.734060
mobley_5467162,3,0.741196,0.781429,0.730965,0.726760,0.734057
mobley_5467162,4,-0.603356,-0.592424,-0.621108,-0.609570,-0.615009
mobley_5467162,5,0.250079,0.254262,0.218048,0.237376,0.219969
mobley_5467162,6,-0.359487,-0.361167,-0.356056,-0.358453,-0.355821
mobley_5467162,7,-0.404481,-0.408196,-0.392152,-0.401131,-0.394206
mobley_5467162,8,-0.438320,-0.439118,-0.437285,-0.439107,-0.437661
mobley_5467162,9,0.110087,0.107865,0.083746,0.096121,0.084332
mobley_5467162,10,-1.866765,-1.867167,-1.866565,-1.866611,-1.866791
mobley_5467162,11,-0.291458,-0.289823,-0.294493,-0.291007,-0.291099
mobley_5467162,12,-0.293891,-0.292114,-0.296469,-0.292767,-0.292855
mobley_5467162,13,-0.291459,-0.289823,-0.294493,-0.291008,-0.291099
mobley_5467162,14,-0.222652,-0.221700,-0.223094,-0.220977,-0.220382
mobley_5467162,15,-0.225688,-0.224774,-0.226476,-0.224384,-0.223898
mobley_5467162,16,-0.229981,-0.229217,-0.230962,-0.228922,-0.228268
mobley_5467162,17,-0.222652,-0.221700,-0.223094,-0.220977,-0.220382
mobley_5467162,18,-0.229981,-0.229218,-0.230963,-0.228923,-0.228269
mobley_5467162,19,-0.225688,-0.224774,-0.226476,-0.224384,-0.223898
mobley_5467162,20,-0.137158,-0.137108,-0.137466,-0.136226,-0.136893
mobley_5467162,21,-0.139379,-0.140323,-0.141471,-0.139842,-0.140520
mobley_5467162,22,-0.127004,-0.127737,-0.127796,-0.126942,-0.127265
mobley_5467162,23,-0.142591,-0.142859,-0.143494,-0.142030,-0.142659
mobley_5467162,24,-0.162286,-0.162399,-0.162523,-0.161913,-0.162459
mobley_5471704,0,1.089624,1.125800,1.098133,1.092809,1.100260
mobley_5471704,1,0.403501,0.395720,0.445018,0.425445,0.450598
mobley_5471704,2,0.585138,0.609508,0.589139,0.576724,0.589833
mobley_5471704,3,0.147211,0.156940,0.151615,0.157113,0.150532
mobley_5471704,4,0.761700,0.789569,0.784371,0.770149,0.769889
mobley_5471704,5,-2.020121,-2.013993,-2.027613,-2.020325,-2.026975
mobley_5471704,6,2.074907,2.077097,2.121735,2.070006,2.114897
mobley_5471704,7,-1.837449,-1.837865,-1.836893,-1.837137,-1.836972
mobley_5471704,8,-0.014397,-0.025334,-0.003733,-0.022723,-0.008689
mobley_5471704,9,-0.199793,-0.198950,-0.201556,-0.199179,-0.199449
mobley_5471704,10,-0.201504,-0.200600,-0.203145,-0.200809,-0.201027
mobley_5471704,11,-0.202705,-0.201920,-0.204407,-0.202090,-0.202279
mobley_5471704,12,-0.847409,-0.843650,-0.875760,-0.862739,-0.870314
mobley_5471704,13,-0.191879,-0.190693,-0.192090,-0.190182,-0.189944
mobley_5471704,14,-0.185245,-0.184281,-0.185855,-0.184060,-0.183996
mobley_5471704,15,-0.186274,-0.185551,-0.186908,-0.185286,-0.184950
mobley_5471704,16,-0.501316,-0.498154,-0.512487,-0.505285,-0.507759
mobley_5471704,17,-0.513397,-0.510003,-0.524622,-0.517208,-0.519796
mobley_5471704,18,-0.293610,-0.290517,-0.297124,-0.293262,-0.294290
mobley_5471704,19,-0.302356,-0.299295,-0.305832,-0.302173,-0.302854
mobley_5471704,20,-0.113202,-0.113260,-0.113136,-0.112721,-0.112834
mobley_5471704,21,-0.120161,-0.120021,-0.120246,-0.119541,-0.119826
mobley_5471704,22,-0.120174,-0.120034,-0.120260,-0.119555,-0.119840
mobley_547634,0,0.443717,0.445514,0.435598,0.429001,0.424560
mobley_547634,1,-0.372618,-0.376948,-0.364358,-0.371050,-0.361742
mobley_547634,2,0.037235,0.046038,0.007983,0.022479,0.004556
mobley_547634,3,-0.368503,-0.367830,-0.344561,-0.362768,-0.343526
mobley_547634,4,0.021246,0.028946,0.012777,0.019566,0.012438
mobley_547634,5,-0.168612,-0.164634,-0.165667,-0.167427,-0.164162
mobley_547634,6,-0.168611,-0.164635,-0.165666,-0.167427,-0.164162
mobley_547634,7,0.021246,0.028946,0.012775,0.019564,0.012438
mobley_547634,8,-0.368504,-0.367830,-0.344560,-0.362767,-0.343525
mobley_547634,9,0.037237,0.046041,0.007984,0.022481,0.004558
mobley_547634,10,-0.372619,-0.376948,-0.364358,-0.371050,-0.361741
mobley_547634,11,0.443714,0.445515,0.435597,0.429001,0.424560
mobley_547634,12,-0.126427,-0.126367,-0.126548,-0.125551,-0.125792
mobley_547634,13,-0.126427,-0.126367,-0.126548,-0.125551,-0.125792
mobley_547634,14,-0.126305,-0.126144,-0.126138,-0.125071,-0.125294
mobley_547634,15,-0.146683,-0.147794,-0.148520,-0.146487,-0.147243
mobley_547634,16,-0.123411,-0.124106,-0.124190,-0.123226,-0.123656
mobley_547634,17,-0.114116,-0.114598,-0.114236,-0.113886,-0.114083
mobley_547634,18,-0.114116,-0.114598,-0.114236,-0.113886,-0.114083
mobley_547634,19,-0.123411,-0.124106,-0.124190,-0.123226,-0.123656
mobley_547634,20,-0.146683,-0.147794,-0.148520,-0.146487,-0.147243
mobley_547634,21,-0.126427,-0.126367,-0.126548,-0.125551,-0.125792
mobley_547634,22,-0.126305,-0.126144,-0.126138,-0.125071,-0.125294
mobley_547634,23,-0.126427,-0.126367,-0.126548,-0.125551,-0.125792
mobley_5494918,0,-0.163030,-0.159876,-0.152219,-0.156798,-0.150451
mobley_5494918,1,-0.541960,-0.539303,-0.546031,-0.544576,-0.545440
mobley_5494918,2,0.444732,0.444505,0.444979,0.444799,0.444864
mobley_5494918,3,0.447012,0.446777,0.447276,0.447035,0.447156
mobley_5494918,4,-0.400034,-0.398028,-0.408896,-0.405869,-0.405236
mobley_5494918,5,0.454472,0.454089,0.454527,0.454341,0.454533
mobley_5494918,6,0.454472,0.454089,0.454527,0.454341,0.454532
mobley_5494918,7,0.453506,0.453123,0.453555,0.453406,0.453559
mobley_5494918,8,0.456666,0.456271,0.457080,0.456644,0.456967
mobley_5499659,0,0.265336,0.260484,0.259922,0.243352,0.249897
mobley_5499659,1,-2.661730,-2.663301,-2.663504,-2.660277,-2.661127
mobley_5499659,2,-0.355142,-0.356626,-0.362581,-0.362053,-0.363587
mobley_5499659,3,-0.277555,-0.276407,-0.257422,-0.268553,-0.258649
mobley_5499659,4,-2.546517,-2.548540,-2.546487,-2.546404,-2.546435
mobley_5499659,5,-0.041164,-0.043381,-0.085594,-0.081086,-0.084032
mobley_5499659,6,-0.118159,-0.118009,-0.117753,-0.117141,-0.117244
mobley_5499659,7,-0.119919,-0.119765,-0.119621,-0.118958,-0.119084
mobley_5499659,8,-0.119919,-0.119765,-0.119621,-0.118958,-0.119084
mobley_5499659,9,-0.122487,-0.122931,-0.122562,-0.122215,-0.122386
mobley_5499659,10,-0.121446,-0.121725,-0.121077,-0.121255,-0.121243
mobley_5499659,11,-0.129149,-0.129417,-0.128844,-0.128824,-0.128949
mobley_550662,0,1.494442,1.540590,1.582956,1.548846,1.546105
mobley_550662,1,-0.880165,-0.901148,-0.884861,-0.890796,-0.879953
mobley_550662,2,-2.218761,-2.212290,-2.232955,-2.225977,-2.232811
mobley_550662,3,1.082273,1.073341,1.101531,1.056607,1.089952
mobley_550662,4,-2.204543,-2.198576,-2.220057,-2.213403,-2.219837
mobley_550662,5,1.419998,1.410322,1.437360,1.396852,1.424000
mobley_550662,6,-2.181868,-2.176329,-2.198106,-2.192812,-2.198354
mobley_550662,7,1.714770,1.705013,1.732962,1.690145,1.716571
mobley_550662,8,-0.269719,-0.266906,-0.273030,-0.269810,-0.270398
mobley_550662,9,-0.303480,-0.299955,-0.306932,-0.303197,-0.303601
mobley_550662,10,-0.283271,-0.279930,-0.286272,-0.282663,-0.283323
mobley_550662,11,-0.146515,-0.145681,-0.146336,-0.145375,-0.145498
mobley_550662,12,-0.184424,-0.183619,-0.184790,-0.183741,-0.184201
mobley_550662,13,-0.158089,-0.156943,-0.148443,-0.151459,-0.146996
mobley_550662,14,-0.149536,-0.148636,-0.149917,-0.148773,-0.149543
mobley_550662,15,-0.142380,-0.141588,-0.142179,-0.141247,-0.141335
mobley_550662,16,-0.189166,-0.188271,-0.188583,-0.187851,-0.187799
mobley_550662,17,-0.152298,-0.151353,-0.152318,-0.151332,-0.151856
mobley_550662,18,-0.148499,-0.147435,-0.148112,-0.147046,-0.147080
mobley_550662,19,-0.195626,-0.194555,-0.194568,-0.193934,-0.193597
mobley_5510474,0,-0.228356,-0.228283,-0.222495,-0.227406,-0.220737
mobley_5510474,1,-0.228349,-0.228278,-0.222488,-0.227400,-0.220730
mobley_5510474,2,-0.251090,-0.243878,-0.242748,-0.247460,-0.243438
mobley_5510474,3,0.700772,0.691552,0.726336,0.694622,0.711393
mobley_5510474,4,0.700800,0.691579,0.726367,0.694649,0.711422
mobley_5510474,5,-0.251092,-0.243881,-0.242751,-0.247463,-0.243439
mobley_5510474,6,-2.136152,-2.136309,-2.146765,-2.137213,-2.143975
mobley_5510474,7,0.994228,0.995595,1.016168,0.988412,1.000786
mobley_5510474,8,0.994206,0.995573,1.016150,0.988392,1.000766
mobley_5510474,9,-0.338151,-0.331604,-0.335596,-0.337254,-0.337464
mobley_5510474,10,-0.463316,-0.467977,-0.464771,-0.466932,-0.464565
mobley_5510474,11,-0.463312,-0.467973,-0.464765,-0.466927,-0.464560
mobley_5510474,12,-0.338146,-0.331599,-0.335592,-0.337249,-0.337459
mobley_5510474,13,-0.074682,-0.074470,-0.074383,-0.074403,-0.074628
mobley_5510474,14,-0.071487,-0.071233,-0.071131,-0.071247,-0.071420
mobley_5510474,15,-0.071488,-0.071233,-0.071131,-0.071248,-0.071421
mobley_5510474,16,-0.074682,-0.074471,-0.074384,-0.074404,-0.074629
mobley_5510474,17,-2.136151,-2.136308,-2.146764,-2.137211,-2.143974
mobley_5510474,18,-0.114638,-0.115083,-0.114729,-0.114430,-0.114604
mobley_5510474,19,-0.114638,-0.115083,-0.114729,-0.114430,-0.114604
mobley_5510474,20,-0.135078,-0.135659,-0.135888,-0.134857,-0.135370
mobley_5510474,21,-0.135079,-0.135659,-0.135889,-0.134858,-0.135370
mobley_5518547,0,0.279403,0.276416,0.272276,0.264981,0.266161
mobley_5518547,1,-0.213309,-0.212898,-0.193514,-0.202461,-0.189131
mobley_5518547,2,-0.325987,-0.323104,-0.332362,-0.330042,-0.330854
mobley_5518547,3,-0.320665,-0.319178,-0.315744,-0.318765,-0.315295
mobley_5518547,4,-0.403999,-0.405180,-0.397398,-0.401074,-0.397042
mobley_5518547,5,-0.320665,-0.319178,-0.315744,-0.318765,-0.315297
mobley_5518547,6,-0.325988,-0.323105,-0.332364,-0.330042,-0.330854
mobley_5518547,7,-2.479785,-2.482702,-2.491373,-2.488309,-2.493614
mobley_5518547,8,-0.120834,-0.120873,-0.121088,-0.120197,-0.120471
mobley_5518547,9,-0.118556,-0.118625,-0.118634,-0.117814,-0.118032
mobley_5518547,10,-0.118556,-0.118625,-0.118634,-0.117814,-0.118032
mobley_5518547,11,-0.121862,-0.122590,-0.122601,-0.121747,-0.122062
mobley_5518547,12,-0.128976,-0.129810,-0.130195,-0.128998,-0.129471
mobley_5518547,13,-0.128976,-0.129810,-0.130195,-0.128998,-0.129471
mobley_5518547,14,-0.121862,-0.122590,-0.122601,-0.121747,-0.122062
mobley_5518547,15,-0.134808,-0.134638,-0.134682,-0.134354,-0.134871
mobley_5518547,16,-0.134808,-0.134638,-0.134682,-0.134354,-0.134871
mobley_5520946,0,-0.094762,-0.091050,-0.089819,-0.092723,-0.090183
mobley_5520946,1,-0.056622,-0.052204,-0.051783,-0.054431,-0.052722
mobley_5520946,2,-0.116775,-0.116595,-0.117401,-0.121239,-0.118372
mobley_5520946,3,-0.476052,-0.478393,-0.476336,-0.477232,-0.477095
mobley_5520946,4,-0.192789,-0.193043,-0.195690,-0.198910,-0.196641
mobley_5520946,5,-0.076251,-0.072563,-0.071105,-0.074054,-0.071674
mobley_5520946,6,-0.372140,-0.372111,-0.371453,-0.371635,-0.371655
mobley_5520946,7,-0.110366,-0.110763,-0.110209,-0.110124,-0.110198
mobley_5520946,8,-0.111231,-0.111661,-0.111171,-0.110990,-0.111103
mobley_5520946,9,-0.111597,-0.111923,-0.111355,-0.111336,-0.111398
mobley_5520946,10,-0.112965,-0.113249,-0.112656,-0.112727,-0.112760
mobley_5520946,11,-0.110957,-0.111362,-0.110843,-0.110707,-0.110806
mobley_5520946,12,-0.135133,-0.135335,-0.135244,-0.135113,-0.135428
mobley_5538249,0,-0.141516,-0.137652,-0.135741,-0.139021,-0.134589
mobley_5538249,1,-0.125931,-0.121983,-0.122590,-0.124172,-0.122392
mobley_5538249,2,-0.023627,-0.018744,-0.026645,-0.027479,-0.027295
mobley_5538249,3,-0.430644,-0.434634,-0.425881,-0.430635,-0.425279
mobley_5538249,4,-0.023643,-0.018761,-0.026661,-0.027494,-0.027310
mobley_5538249,5,-0.125927,-0.121978,-0.122585,-0.124167,-0.122389
mobley_5538249,6,-0.404102,-0.411066,-0.399362,-0.405811,-0.398142
mobley_5538249,7,-0.262580,-0.262084,-0.263925,-0.264081,-0.264674
mobley_5538249,8,-0.033917,-0.033562,-0.032125,-0.038157,-0.033925
mobley_5538249,9,-0.294247,-0.293825,-0.290170,-0.291357,-0.289645
mobley_5538249,10,-0.033906,-0.033553,-0.032115,-0.038148,-0.033917
mobley_5538249,11,-0.262557,-0.262061,-0.263903,-0.264058,-0.264651
mobley_5538249,12,-0.061211,-0.060523,-0.060550,-0.060576,-0.061105
mobley_5538249,13,-0.049053,-0.048373,-0.047566,-0.048045,-0.047986
mobley_5538249,14,-0.061212,-0.060524,-0.060551,-0.060577,-0.061106
mobley_5538249,15,-0.111331,-0.111751,-0.111269,-0.111088,-0.111208
mobley_5538249,16,-0.112249,-0.112701,-0.112248,-0.112016,-0.112151
mobley_5538249,17,-0.116795,-0.117207,-0.116810,-0.116446,-0.116616
mobley_5538249,18,-0.116795,-0.117207,-0.116810,-0.116446,-0.116616
mobley_5538249,19,-0.112249,-0.112701,-0.112248,-0.112016,-0.112151
mobley_5538249,20,-0.114383,-0.114698,-0.114118,-0.114155,-0.114190
mobley_5538249,21,-0.114383,-0.114698,-0.114118,-0.114155,-0.114190
mobley_5561855,0,-0.061121,-0.055431,-0.053894,-0.057652,-0.053795
mobley_5561855,1,-0.049752,-0.047070,-0.045904,-0.050182,-0.046863
mobley_5561855,2,-0.245674,-0.247171,-0.245366,-0.247312,-0.246312
mobley_5561855,3,-0.424209,-0.429595,-0.420908,-0.426417,-0.420178
mobley_5561855,4,-0.245672,-0.247167,-0.245362,-0.247309,-0.246310
mobley_5561855,5,-0.049753,-0.047069,-0.045904,-0.050181,-0.046863
mobley_5561855,6,-0.060112,-0.059481,-0.059470,-0.059538,-0.060024
mobley_5561855,7,-0.434806,-0.440061,-0.431104,-0.436593,-0.430178
mobley_5561855,8,-0.233618,-0.234887,-0.233870,-0.235217,-0.234990
mobley_5561855,9,-0.033341,-0.032921,-0.031488,-0.037593,-0.033160
mobley_5561855,10,-0.296054,-0.295882,-0.291791,-0.293068,-0.291132
mobley_5561855,11,-0.033341,-0.032921,-0.031488,-0.037594,-0.033160
mobley_5561855,12,-0.233617,-0.234887,-0.233871,-0.235216,-0.234990
mobley_5561855,13,-0.057822,-0.057158,-0.057109,-0.057215,-0.057666
mobley_5561855,14,-0.049154,-0.048481,-0.047669,-0.048146,-0.048083
mobley_5561855,15,-0.057822,-0.057158,-0.057109,-0.057215,-0.057666
mobley_5561855,16,-0.060112,-0.059481,-0.059470,-0.059538,-0.060024
mobley_5561855,17,-0.111834,-0.112282,-0.111830,-0.111589,-0.111735
mobley_5561855,18,-0.112476,-0.112834,-0.112266,-0.112218,-0.112281
mobley_5561855,19,-0.112476,-0.112834,-0.112266,-0.112218,-0.112281
mobley_5561855,20,-0.114280,-0.114595,-0.114007,-0.114052,-0.114082
mobley_5561855,21,-0.114280,-0.114595,-0.114007,-0.114052,-0.114083
mobley_5571660,0,0.318291,0.317465,0.310575,0.304337,0.302821
mobley_5571660,1,-0.281662,-0.286923,-0.266404,-0.276171,-0.264993
mobley_5571660,2,-0.264707,-0.257808,-0.271109,-0.269360,-0.268082
mobley_5571660,3,-0.178167,-0.173437,-0.177364,-0.177348,-0.176209
mobley_5571660,4,-0.264706,-0.257807,-0.271107,-0.269360,-0.268082
mobley_5571660,5,-0.281660,-0.286921,-0.266404,-0.276169,-0.264992
mobley_5571660,6,-0.481840,-0.484640,-0.477244,-0.484331,-0.479276
mobley_5571660,7,-2.650827,-2.658785,-2.666589,-2.662831,-2.668628
mobley_5571660,8,0.318293,0.317466,0.310576,0.304337,0.302824
mobley_5571660,9,-0.141401,-0.141120,-0.141799,-0.140168,-0.140597
mobley_5571660,10,-0.142891,-0.142599,-0.143677,-0.141946,-0.142505
mobley_5571660,11,-0.142403,-0.142130,-0.143221,-0.141506,-0.142042
mobley_5571660,12,-0.125896,-0.126684,-0.126880,-0.125812,-0.126219
mobley_5571660,13,-0.118878,-0.119502,-0.119345,-0.118702,-0.119002
mobley_5571660,14,-0.125896,-0.126684,-0.126880,-0.125812,-0.126219
mobley_5571660,15,-0.156292,-0.155962,-0.156177,-0.155499,-0.156172
mobley_5571660,16,-0.156292,-0.155962,-0.156177,-0.155499,-0.156172
mobley_5571660,17,-0.142891,-0.142599,-0.143678,-0.141947,-0.142505
mobley_5571660,18,-0.142403,-0.142130,-0.143221,-0.141506,-0.142043
mobley_5571660,19,-0.141402,-0.141120,-0.141800,-0.140168,-0.140597
mobley_5600967,0,0.453280,0.445400,0.453873,0.435162,0.445990
mobley_5600967,1,-2.783630,-2.785701,-2.788908,-2.785956,-2.788246
mobley_5600967,2,0.307581,0.295612,0.297114,0.280090,0.286407
mobley_5600967,3,-0.480006,-0.480835,-0.472292,-0.477057,-0.472888
mobley_5600967,4,-1.843408,-1.843896,-1.843389,-1.843486,-1.843381
mobley_5600967,5,-0.370252,-0.371135,-0.343231,-0.359038,-0.343581
mobley_5600967,6,-0.314438,-0.311795,-0.320059,-0.319900,-0.318382
mobley_5600967,7,-0.379510,-0.377737,-0.372646,-0.376612,-0.372671
mobley_5600967,8,-0.378556,-0.380649,-0.378188,-0.381047,-0.378240
mobley_5600967,9,-0.444848,-0.446511,-0.442829,-0.445628,-0.443080
mobley_5600967,10,-0.224357,-0.216710,-0.222113,-0.222063,-0.221365
mobley_5600967,11,-1.945819,-1.944008,-1.949782,-1.944585,-1.948635
mobley_5600967,12,0.716714,0.713466,0.710051,0.692665,0.694019
mobley_5600967,13,-0.136964,-0.136383,-0.137257,-0.135820,-0.136190
mobley_5600967,14,-0.139544,-0.138978,-0.139668,-0.138280,-0.138610
mobley_5600967,15,-0.138045,-0.137488,-0.138221,-0.136786,-0.137099
mobley_5600967,16,-0.156741,-0.156237,-0.157174,-0.155726,-0.156366
mobley_5600967,17,-0.141277,-0.140773,-0.141118,-0.139834,-0.139939
mobley_5600967,18,-0.136246,-0.135591,-0.135874,-0.134542,-0.134717
mobley_5600967,19,-0.138763,-0.139124,-0.139524,-0.138332,-0.138923
mobley_5600967,20,-0.135999,-0.136743,-0.137113,-0.135917,-0.136367
mobley_5600967,21,-0.135397,-0.136021,-0.136797,-0.135341,-0.136088
mobley_5600967,22,-0.131519,-0.132228,-0.132284,-0.131217,-0.131597
mobley_5600967,23,-0.123007,-0.122701,-0.122863,-0.122261,-0.122400
mobley_5600967,24,-0.123087,-0.122781,-0.122956,-0.122347,-0.122489
mobley_5600967,25,-0.124906,-0.124612,-0.125033,-0.124282,-0.124454
mobley_5616693,0,1.425894,1.459117,1.431002,1.425768,1.427077
mobley_5616693,1,0.230065,0.228157,0.244288,0.228893,0.252579
mobley_5616693,2,0.925331,0.937707,0.937329,0.925983,0.944293
mobley_5616693,3,1.522872,1.510935,1.486885,1.496802,1.496598
mobley_5616693,4,-0.447917,-0.462199,-0.453524,-0.466270,-0.443907
mobley_5616693,5,0.610281,0.579136,0.520438,0.535038,0.544860
mobley_5616693,6,-1.897252,-1.896343,-1.902763,-1.899685,-1.901918
mobley_5616693,7,0.266579,0.266396,0.277299,0.261894,0.288804
mobley_5616693,8,0.495373,0.483741,0.543247,0.517215,0.548437
mobley_5616693,9,1.360026,1.393070,1.386177,1.369661,1.378536
mobley_5616693,10,1.669085,1.705137,1.706593,1.691198,1.700301
mobley_5616693,11,-0.206080,-0.205267,-0.207797,-0.205323,-0.205618
mobley_5616693,12,-0.200993,-0.200080,-0.202704,-0.200188,-0.200576
mobley_5616693,13,-0.203584,-0.202765,-0.205212,-0.202780,-0.203055
mobley_5616693,14,-0.944841,-0.942725,-0.971098,-0.958692,-0.963891
mobley_5616693,15,-0.606886,-0.605167,-0.617865,-0.610583,-0.612146
mobley_5616693,16,-0.641121,-0.638645,-0.651603,-0.644287,-0.645411
mobley_5616693,17,-0.550112,-0.547457,-0.554058,-0.548417,-0.547464
mobley_5616693,18,-0.583254,-0.579890,-0.586350,-0.580710,-0.578994
mobley_5616693,19,-0.796725,-0.795860,-0.810361,-0.802911,-0.803378
mobley_5616693,20,-0.413679,-0.411910,-0.418665,-0.413681,-0.414037
mobley_5616693,21,-0.400516,-0.399518,-0.406574,-0.401803,-0.402308
mobley_5616693,22,-0.940133,-0.936959,-0.968616,-0.955308,-0.962351
mobley_5616693,23,-0.191921,-0.190869,-0.191809,-0.190188,-0.189759
mobley_5616693,24,-0.189954,-0.189063,-0.189938,-0.188486,-0.187986
mobley_5616693,25,-0.206376,-0.204690,-0.205839,-0.203763,-0.203227
mobley_5616693,26,-0.214673,-0.213339,-0.215490,-0.213032,-0.212916
mobley_5616693,27,-0.205901,-0.204816,-0.207024,-0.204740,-0.204765
mobley_5616693,28,-0.210095,-0.209079,-0.210922,-0.208851,-0.208512
mobley_5627459,0,0.387391,0.401121,0.381129,0.374189,0.379925
mobley_5627459,1,0.606637,0.602720,0.650205,0.635549,0.654941
mobley_5627459,2,0.335383,0.347108,0.327604,0.322156,0.327561
mobley_5627459,3,-0.232148,-0.222474,-0.245143,-0.241781,-0.240900
mobley_5627459,4,-1.818723,-1.818662,-1.817759,-1.818240,-1.818123
mobley_5627459,5,-0.157457,-0.157036,-0.158378,-0.156722,-0.156927
mobley_5627459,6,-0.156215,-0.155816,-0.157221,-0.155563,-0.155820
mobley_5627459,7,-0.157514,-0.157010,-0.158370,-0.156715,-0.156941
mobley_5627459,8,-0.468780,-0.467020,-0.487048,-0.477935,-0.484037
mobley_5627459,9,-0.151339,-0.150953,-0.152248,-0.150720,-0.150983
mobley_5627459,10,-0.154766,-0.154302,-0.155656,-0.154073,-0.154339
mobley_5627459,11,-0.154324,-0.153888,-0.155164,-0.153601,-0.153817
mobley_5627459,12,-0.109040,-0.109335,-0.108781,-0.108797,-0.108799
mobley_5631798,0,-2.583738,-2.584199,-2.583039,-2.583065,-2.582978
mobley_5631798,1,-0.129831,-0.129933,-0.129568,-0.129554,-0.129751
mobley_5631798,2,-0.129831,-0.129933,-0.129568,-0.129554,-0.129750
mobley_5631798,3,-0.129831,-0.129933,-0.129568,-0.129554,-0.129751
mobley_5665561,0,0.409769,0.411689,0.410965,0.399852,0.403144
mobley_5665561,1,-0.258855,-0.260357,-0.240706,-0.251419,-0.237674
mobley_5665561,2,0.019343,0.032973,-0.002358,0.007154,-0.004055
mobley_5665561,3,-0.340484,-0.347594,-0.328481,-0.337055,-0.325842
mobley_5665561,4,-0.552446,-0.553199,-0.536160,-0.551911,-0.535490
mobley_5665561,5,0.079115,0.079052,0.052557,0.063726,0.050070
mobley_5665561,6,-0.136087,-0.131077,-0.130034,-0.132693,-0.128997
mobley_5665561,7,-0.172601,-0.168306,-0.169672,-0.171350,-0.167995
mobley_5665561,8,0.173291,0.185288,0.173359,0.176965,0.172365
mobley_5665561,9,-0.377568,-0.380382,-0.359645,-0.376329,-0.359726
mobley_5665561,10,0.115686,0.129031,0.096245,0.106310,0.092499
mobley_5665561,11,0.651391,0.656457,0.654603,0.642374,0.642916
mobley_5665561,12,-0.120392,-0.120441,-0.120501,-0.119619,-0.119854
mobley_5665561,13,-0.122528,-0.122537,-0.122829,-0.121866,-0.122169
mobley_5665561,14,-0.120677,-0.120729,-0.120793,-0.119905,-0.120142
mobley_5665561,15,-0.138173,-0.139155,-0.139581,-0.137972,-0.138524
mobley_5665561,16,-0.121934,-0.122316,-0.122184,-0.121409,-0.121836
mobley_5665561,17,-0.114766,-0.115277,-0.114950,-0.114538,-0.114758
mobley_5665561,18,-0.114034,-0.114518,-0.114135,-0.113793,-0.113981
mobley_5665561,19,-0.124375,-0.125114,-0.125225,-0.124197,-0.124638
mobley_5665561,20,-0.140652,-0.141617,-0.142200,-0.140405,-0.141133
mobley_5665561,21,-0.131656,-0.131567,-0.132092,-0.130830,-0.131217
mobley_5665561,22,-0.130151,-0.130002,-0.130283,-0.129003,-0.129346
mobley_5665561,23,-0.131599,-0.131510,-0.132034,-0.130774,-0.131160
mobley_5690766,0,-0.262163,-0.253311,-0.265470,-0.264065,-0.270427
mobley_5690766,1,-0.020690,-0.009915,-0.016318,-0.014262,-0.013591
mobley_5690766,2,0.481790,0.476754,0.483478,0.475277,0.482311
mobley_5690766,3,0.481791,0.476753,0.483478,0.475277,0.482309
mobley_5690766,4,-0.020692,-0.009915,-0.016319,-0.014264,-0.013592
mobley_5690766,5,-0.262163,-0.253311,-0.265470,-0.264065,-0.270428
mobley_5690766,6,-0.113407,-0.113592,-0.112874,-0.113105,-0.113069
mobley_5690766,7,-0.114036,-0.114243,-0.113500,-0.113762,-0.113713
mobley_5690766,8,-0.109521,-0.109907,-0.109863,-0.109501,-0.109680
mobley_5690766,9,-0.204754,-0.204173,-0.208017,-0.204419,-0.205947
mobley_5690766,10,-0.214025,-0.213579,-0.217837,-0.214100,-0.215636
mobley_5690766,11,-0.204754,-0.204172,-0.208017,-0.204419,-0.205947
mobley_5690766,12,-0.214025,-0.213579,-0.217838,-0.214100,-0.215636
mobley_5690766,13,-0.109521,-0.109907,-0.109863,-0.109501,-0.109680
mobley_5690766,14,-0.114036,-0.114243,-0.113500,-0.113762,-0.113713
mobley_5690766,15,-0.113407,-0.113592,-0.112874,-0.113105,-0.113069
mobley_5692472,0,0.471013,0.462976,0.479683,0.462331,0.468260
mobley_5692472,1,-2.659172,-2.660873,-2.663525,-2.660343,-2.662486
mobley_5692472,2,0.471015,0.462976,0.479681,0.462330,0.468260
mobley_5692472,3,-0.112591,-0.112416,-0.112447,-0.111818,-0.111980
mobley_5692472,4,-0.121436,-0.121117,-0.121596,-0.120654,-0.120953
mobley_5692472,5,-0.121366,-0.121024,-0.121488,-0.120493,-0.120785
mobley_5692472,6,-0.104687,-0.104949,-0.104597,-0.104475,-0.104740
mobley_5692472,7,-0.121436,-0.121117,-0.121596,-0.120654,-0.120953
mobley_5692472,8,-0.112591,-0.112416,-0.112447,-0.111817,-0.111980
mobley_5692472,9,-0.121366,-0.121024,-0.121488,-0.120493,-0.120785
mobley_5708811,0,0.226350,0.220367,0.214899,0.205999,0.203182
mobley_5708811,1,-1.902449,-1.901408,-1.904030,-1.900650,-1.903089
mobley_5708811,2,-0.407528,-0.408656,-0.418116,-0.411547,-0.417489
mobley_5708811,3,-0.565412,-0.567635,-0.564171,-0.565855,-0.564241
mobley_5708811,4,-0.155071,-0.154079,-0.153956,-0.157365,-0.153048
mobley_5708811,5,-0.133666,-0.131404,-0.128343,-0.133005,-0.128012
mobley_5708811,6,-0.465954,-0.465316,-0.471952,-0.469433,-0.471247
mobley_5708811,7,-0.423143,-0.426764,-0.418912,-0.422514,-0.419236
mobley_5708811,8,-0.384850,-0.390403,-0.412808,-0.398172,-0.416324
mobley_5708811,9,-1.848557,-1.849001,-1.847890,-1.848283,-1.848105
mobley_5708811,10,-1.863049,-1.863868,-1.861919,-1.862941,-1.862188
mobley_5708811,11,-0.055496,-0.054367,-0.054200,-0.054393,-0.054954
mobley_5708811,12,-0.054866,-0.053732,-0.053489,-0.053552,-0.054222
mobley_5708811,13,-0.113577,-0.113461,-0.113049,-0.112808,-0.112739
mobley_5708811,14,-0.113844,-0.113746,-0.113426,-0.113135,-0.113090
mobley_5708811,15,-0.118255,-0.118162,-0.117734,-0.117530,-0.117497
mobley_5708811,16,-0.115117,-0.115513,-0.115080,-0.114850,-0.114989
mobley_5708811,17,-0.114216,-0.114607,-0.114141,-0.113951,-0.114072
mobley_5708811,18,-0.155689,-0.155886,-0.155381,-0.155073,-0.155322
mobley_5732611,0,0.064889,0.063125,0.061513,0.051009,0.054153
mobley_5732611,1,-0.000092,0.002647,0.031326,0.024562,0.037353
mobley_5732611,2,-0.455240,-0.457393,-0.450910,-0.454985,-0.452078
mobley_5732611,3,-2.618485,-2.620373,-2.620815,-2.618292,-2.619222
mobley_5732611,4,-0.418228,-0.420216,-0.422298,-0.423894,-0.424511
mobley_5732611,5,-2.573204,-2.575001,-2.574013,-2.573292,-2.573855
mobley_5732611,6,-0.109251,-0.109369,-0.108909,-0.108608,-0.108647
mobley_5732611,7,-0.109978,-0.110129,-0.109678,-0.109411,-0.109438
mobley_5732611,8,-0.109978,-0.110129,-0.109678,-0.109411,-0.109438
mobley_5732611,9,-0.120238,-0.120631,-0.120123,-0.119970,-0.120079
mobley_5732611,10,-0.153600,-0.153570,-0.154012,-0.153173,-0.154116
mobley_5732611,11,-0.128255,-0.128554,-0.127858,-0.127995,-0.128025
mobley_5747188,0,0.232363,0.226704,0.219949,0.214838,0.214022
mobley_5747188,1,-0.163552,-0.156944,-0.128902,-0.145937,-0.128434
mobley_5747188,2,-0.246907,-0.242330,-0.257475,-0.252862,-0.254962
mobley_5747188,3,-0.126261,-0.121566,-0.122284,-0.124710,-0.121532
mobley_5747188,4,-0.215338,-0.212530,-0.214188,-0.215762,-0.212320
mobley_5747188,5,0.160630,0.176629,0.170327,0.170055,0.166491
mobley_5747188,6,-0.297283,-0.303270,-0.292835,-0.296578,-0.290811
mobley_5747188,7,-0.754164,-0.780222,-0.788985,-0.812069,-0.798470
mobley_5747188,8,-1.773579,-1.773786,-1.771994,-1.772888,-1.772589
mobley_5747188,9,-1.776422,-1.776715,-1.775029,-1.775880,-1.775591
mobley_5747188,10,-0.122654,-0.122662,-0.122784,-0.121916,-0.122129
mobley_5747188,11,-0.125058,-0.125072,-0.125152,-0.124256,-0.124470
mobley_5747188,12,-0.121862,-0.121825,-0.121732,-0.120845,-0.121023
mobley_5747188,13,-0.120385,-0.121072,-0.121079,-0.120264,-0.120577
mobley_5747188,14,-0.114537,-0.115037,-0.114713,-0.114336,-0.114539
mobley_5747188,15,-0.113969,-0.114436,-0.114060,-0.113746,-0.113924
mobley_5747188,16,-0.121589,-0.122202,-0.121990,-0.121383,-0.121608
mobley_5747981,0,1.307418,1.303174,1.322130,1.297822,1.305408
mobley_5747981,1,-2.093348,-2.090152,-2.110347,-2.099695,-2.108489
mobley_5747981,2,0.627022,0.617920,0.668275,0.653389,0.643532
mobley_5747981,3,-1.122390,-1.150436,-1.113784,-1.131331,-1.109359
mobley_5747981,4,-2.122114,-2.124307,-2.147000,-2.146354,-2.146664
mobley_5747981,5,1.577882,1.568372,1.603796,1.558687,1.588877
mobley_5747981,6,-2.009477,-2.010528,-2.025833,-2.033937,-2.029473
mobley_5747981,7,2.234620,2.226902,2.275316,2.225335,2.259451
mobley_5747981,8,-2.074295,-2.075115,-2.092836,-2.097643,-2.094407
mobley_5747981,9,1.178364,1.169824,1.199135,1.151410,1.185651
mobley_5747981,10,-0.130231,-0.129628,-0.130308,-0.129386,-0.129515
mobley_5747981,11,-0.127883,-0.127314,-0.127921,-0.127047,-0.127148
mobley_5747981,12,-0.130653,-0.130274,-0.130978,-0.130089,-0.130210
mobley_5747981,13,-0.502289,-0.496701,-0.510868,-0.506568,-0.506318
mobley_5747981,14,-0.459897,-0.454977,-0.468655,-0.464663,-0.464853
mobley_5747981,15,-0.143152,-0.142319,-0.142955,-0.142007,-0.142075
mobley_5747981,16,-0.193091,-0.192069,-0.192667,-0.191802,-0.191788
mobley_5747981,17,-0.173247,-0.172487,-0.170163,-0.170585,-0.169082
mobley_5747981,18,-0.021089,-0.017401,0.004482,-0.001301,0.007115
mobley_5747981,19,-0.158582,-0.157258,-0.158045,-0.156829,-0.156920
mobley_5747981,20,0.186971,0.189888,0.217415,0.207616,0.219130
mobley_5747981,21,-0.161250,-0.159791,-0.152963,-0.154989,-0.151422
mobley_5747981,22,-0.180524,-0.179706,-0.181041,-0.179922,-0.180507
mobley_5747981,23,-0.145664,-0.144837,-0.145488,-0.144514,-0.144631
mobley_5759258,0,1.041446,1.053238,1.062789,1.048060,1.058021
mobley_5759258,1,0.744350,0.755647,0.759577,0.762725,0.766934
mobley_5759258,2,0.553365,0.565601,0.546601,0.553652,0.555864
mobley_5759258,3,0.584218,0.590653,0.600561,0.597497,0.606114
mobley_5759258,4,0.076924,0.080489,0.081796,0.079063,0.078941
mobley_5759258,5,-1.802460,-1.801958,-1.801958,-1.801586,-1.802460
mobley_5759258,6,-0.153912,-0.153414,-0.154986,-0.153200,-0.153674
mobley_5759258,7,-0.147855,-0.147343,-0.148834,-0.147107,-0.147581
mobley_5759258,8,-0.147944,-0.147432,-0.148925,-0.147197,-0.147671
mobley_5759258,9,-0.380688,-0.378468,-0.390700,-0.383768,-0.387335
mobley_5759258,10,-0.380010,-0.377782,-0.389995,-0.383067,-0.386632
mobley_5759258,11,-0.464585,-0.462099,-0.475304,-0.467891,-0.471027
mobley_5759258,12,-0.462522,-0.460025,-0.473211,-0.465812,-0.468965
mobley_5759258,13,-0.529394,-0.525691,-0.545777,-0.536342,-0.541412
mobley_5759258,14,-0.513885,-0.510066,-0.529621,-0.520326,-0.525411
mobley_5759258,15,-0.225421,-0.223965,-0.229492,-0.226758,-0.227763
mobley_5759258,16,-0.219087,-0.217655,-0.222826,-0.220278,-0.221189
mobley_5759258,17,-0.115289,-0.115420,-0.114707,-0.114438,-0.114891
mobley_5760563,0,0.200176,0.189231,0.196013,0.186857,0.186988
mobley_5760563,1,-1.789552,-1.790361,-1.787356,-1.788432,-1.787728
mobley_5760563,2,-0.180531,-0.181470,-0.179657,-0.177953,-0.179929
mobley_5760563,3,-1.816766,-1.817336,-1.816422,-1.816556,-1.816749
mobley_5760563,4,-1.818849,-1.819523,-1.818530,-1.818658,-1.818863
mobley_5760563,5,-1.783430,-1.784302,-1.781270,-1.782338,-1.781601
mobley_5760563,6,0.211462,0.200462,0.205251,0.196323,0.195265
mobley_5760563,7,-0.111051,-0.111277,-0.110673,-0.110679,-0.110591
mobley_5760563,8,-0.111485,-0.111622,-0.111120,-0.111072,-0.111014
mobley_5760563,9,-0.112380,-0.112562,-0.111996,-0.111976,-0.111897
mobley_5760563,10,-0.110527,-0.110706,-0.110156,-0.110145,-0.110071
mobley_5760563,11,-0.110669,-0.110911,-0.110284,-0.110302,-0.110209
mobley_5760563,12,-0.110799,-0.111035,-0.110414,-0.110429,-0.110340
mobley_5816127,0,0.815503,0.811573,0.818401,0.801738,0.806156
mobley_5816127,1,-1.952928,-1.947477,-1.959458,-1.953007,-1.958809
mobley_5816127,2,0.113336,0.106792,0.120881,0.112653,0.116080
mobley_5816127,3,-0.057575,-0.059051,-0.040474,-0.052878,-0.047757
mobley_5816127,4,-1.819252,-1.819485,-1.819305,-1.819037,-1.819676
mobley_5816127,5,-0.123371,-0.122944,-0.123325,-0.122625,-0.122674
mobley_5816127,6,-0.127245,-0.126934,-0.127474,-0.126717,-0.126813
mobley_5816127,7,-0.123829,-0.123381,-0.123775,-0.123058,-0.123133
mobley_5816127,8,-0.312226,-0.308732,-0.320693,-0.316013,-0.318229
mobley_5816127,9,-0.319896,-0.316451,-0.328330,-0.323996,-0.325806
mobley_5816127,10,-0.197696,-0.196285,-0.201076,-0.198636,-0.199673
mobley_5816127,11,-0.194525,-0.193306,-0.197726,-0.195657,-0.196363
mobley_5816127,12,-0.118909,-0.118884,-0.118050,-0.117701,-0.118198
mobley_5852491,0,1.583278,1.612613,1.615495,1.603691,1.612390
mobley_5852491,1,0.208155,0.205841,0.237360,0.216960,0.244334
mobley_5852491,2,0.450390,0.467502,0.454109,0.449530,0.444246
mobley_5852491,3,0.434193,0.453271,0.445381,0.441630,0.439107
mobley_5852491,4,0.434197,0.453271,0.445382,0.441631,0.439108
mobley_5852491,5,0.450393,0.467500,0.454110,0.449528,0.444246
mobley_5852491,6,-0.184365,-0.183700,-0.185359,-0.183351,-0.183455
mobley_5852491,7,-0.175750,-0.175080,-0.176640,-0.174773,-0.174896
mobley_5852491,8,-0.184365,-0.183700,-0.185359,-0.183351,-0.183455
mobley_5852491,9,-1.013500,-1.012554,-1.043793,-1.030701,-1.036521
mobley_5852491,10,-0.495599,-0.495037,-0.504681,-0.499360,-0.499973
mobley_5852491,11,-0.483940,-0.483131,-0.492186,-0.487775,-0.487592
mobley_5852491,12,-0.416894,-0.415782,-0.426023,-0.420527,-0.422094
mobley_5852491,13,-0.425007,-0.423781,-0.435245,-0.429002,-0.431122
mobley_5852491,14,-0.425007,-0.423781,-0.435246,-0.429003,-0.431123
mobley_5852491,15,-0.416894,-0.415782,-0.426023,-0.420527,-0.422095
mobley_5852491,16,-0.483943,-0.483133,-0.492188,-0.487776,-0.487593
mobley_5852491,17,-0.495601,-0.495038,-0.504682,-0.499361,-0.499974
mobley_5857,0,-0.162713,-0.158880,-0.160060,-0.161321,-0.158871
mobley_5857,1,-0.232383,-0.231636,-0.231682,-0.232990,-0.229112
mobley_5857,2,-0.140982,-0.132161,-0.140719,-0.140454,-0.142809
mobley_5857,3,-0.422246,-0.423199,-0.424123,-0.424336,-0.421837
mobley_5857,4,-0.355524,-0.359564,-0.341808,-0.352743,-0.340454
mobley_5857,5,-0.171626,-0.166620,-0.179556,-0.173283,-0.178246
mobley_5857,6,-0.140509,-0.131876,-0.140640,-0.134993,-0.141197
mobley_5857,7,-0.319326,-0.318617,-0.317138,-0.317184,-0.315103
mobley_5857,8,-0.390900,-0.393890,-0.398547,-0.398613,-0.398686
mobley_5857,9,-2.654867,-2.654230,-2.654872,-2.653156,-2.655804
mobley_5857,10,-0.113609,-0.114091,-0.113705,-0.113377,-0.113556
mobley_5857,11,-0.113625,-0.114078,-0.113685,-0.113386,-0.113563
mobley_5857,12,-0.119377,-0.119937,-0.119742,-0.119125,-0.119403
mobley_5857,13,-0.121683,-0.122408,-0.122437,-0.121523,-0.121903
mobley_5857,14,-0.120530,-0.121274,-0.121270,-0.120426,-0.120768
mobley_5857,15,-0.114197,-0.114709,-0.114396,-0.113998,-0.114212
mobley_5857,16,-0.119805,-0.120084,-0.119499,-0.119560,-0.119602
mobley_5880265,0,0.886522,0.891294,0.906009,0.885719,0.900386
mobley_5880265,1,0.450667,0.456829,0.473054,0.464064,0.478818
mobley_5880265,2,0.286908,0.293259,0.312488,0.303762,0.310935
mobley_5880265,3,0.381289,0.384037,0.377080,0.374110,0.375161
mobley_5880265,4,-2.250123,-2.234946,-2.272409,-2.254851,-2.271517
mobley_5880265,5,0.505143,0.501323,0.502490,0.495990,0.494439
mobley_5880265,6,0.070922,0.070253,0.100965,0.082611,0.091090
mobley_5880265,7,-1.830059,-1.830366,-1.830746,-1.830212,-1.831031
mobley_5880265,8,-0.148006,-0.147450,-0.149033,-0.147265,-0.147799
mobley_5880265,9,-0.153166,-0.152660,-0.154277,-0.152481,-0.152981
mobley_5880265,10,-0.147485,-0.146961,-0.148479,-0.146747,-0.147248
mobley_5880265,11,-0.343177,-0.340940,-0.351261,-0.345468,-0.348318
mobley_5880265,12,-0.361053,-0.358776,-0.370568,-0.363909,-0.367463
mobley_5880265,13,-0.429504,-0.426396,-0.439945,-0.432616,-0.435850
mobley_5880265,14,-0.420701,-0.418072,-0.430240,-0.423882,-0.426251
mobley_5880265,15,-0.387812,-0.383960,-0.394836,-0.389661,-0.391013
mobley_5880265,16,-0.363484,-0.359597,-0.369529,-0.364490,-0.365941
mobley_5880265,17,-0.379821,-0.375193,-0.389653,-0.383679,-0.386357
mobley_5880265,18,-0.382342,-0.377766,-0.391958,-0.386374,-0.388615
mobley_5880265,19,-0.197515,-0.196249,-0.200689,-0.198628,-0.199298
mobley_5880265,20,-0.205617,-0.204065,-0.209069,-0.206515,-0.207567
mobley_5880265,21,-0.129149,-0.128831,-0.127913,-0.127489,-0.128111
mobley_588781,0,1.029873,1.042232,1.050060,1.035658,1.045156
mobley_588781,1,0.803550,0.818235,0.818010,0.823699,0.825497
mobley_588781,2,0.855927,0.871142,0.861254,0.867184,0.877472
mobley_588781,3,0.949631,0.962920,0.969621,0.969057,0.988522
mobley_588781,4,1.184357,1.197808,1.208878,1.203354,1.224251
mobley_588781,5,0.295328,0.292610,0.295658,0.295425,0.300084
mobley_588781,6,-0.322528,-0.327357,-0.311026,-0.319117,-0.308266
mobley_588781,7,-0.119728,-0.109305,-0.136138,-0.126684,-0.134494
mobley_588781,8,-0.143584,-0.139349,-0.143996,-0.143369,-0.143682
mobley_588781,9,-0.178292,-0.174376,-0.173138,-0.176889,-0.171473
mobley_588781,10,-0.143586,-0.139351,-0.143998,-0.143372,-0.143684
mobley_588781,11,-0.119732,-0.109313,-0.136144,-0.126690,-0.134500
mobley_588781,12,-0.148092,-0.147581,-0.149076,-0.147345,-0.147816
mobley_588781,13,-0.154184,-0.153685,-0.155258,-0.153471,-0.153943
mobley_588781,14,-0.148092,-0.147581,-0.149075,-0.147345,-0.147816
mobley_588781,15,-0.384087,-0.381839,-0.394146,-0.387182,-0.390738
mobley_588781,16,-0.384089,-0.381841,-0.394148,-0.387184,-0.390740
mobley_588781,17,-0.483583,-0.481019,-0.494947,-0.487087,-0.490574
mobley_588781,18,-0.483582,-0.481017,-0.494946,-0.487086,-0.490573
mobley_588781,19,-0.505514,-0.502631,-0.517771,-0.509081,-0.513208
mobley_588781,20,-0.505515,-0.502632,-0.517773,-0.509082,-0.513209
mobley_588781,21,-0.408691,-0.406247,-0.414808,-0.408265,-0.410122
mobley_588781,22,-0.408692,-0.406248,-0.414809,-0.408266,-0.410123
mobley_588781,23,-0.345168,-0.344198,-0.351725,-0.345298,-0.347914
mobley_588781,24,-0.345169,-0.344199,-0.351727,-0.345300,-0.347915
mobley_588781,25,-0.120996,-0.121553,-0.121461,-0.120722,-0.120993
mobley_588781,26,-0.114218,-0.114722,-0.114371,-0.114015,-0.114198
mobley_588781,27,-0.112471,-0.112900,-0.112471,-0.112237,-0.112388
mobley_588781,28,-0.114218,-0.114722,-0.114371,-0.114015,-0.114198
mobley_588781,29,-0.120996,-0.121552,-0.121461,-0.120722,-0.120993
mobley_5890803,0,1.009748,1.014814,1.047439,1.021393,1.040012
mobley_5890803,1,0.302873,0.307097,0.339212,0.330887,0.338900
mobley_5890803,2,0.806764,0.827682,0.785283,0.794967,0.772214
mobley_5890803,3,-2.035971,-2.029997,-2.044472,-2.037111,-2.043549
mobley_5890803,4,1.572870,1.573197,1.659169,1.580324,1.661351
mobley_5890803,5,-1.851646,-1.852265,-1.852468,-1.852470,-1.852316
mobley_5890803,6,-0.071526,-0.083836,-0.055466,-0.067692,-0.055028
mobley_5890803,7,0.683630,0.678678,0.705953,0.682206,0.700748
mobley_5890803,8,-0.141023,-0.140466,-0.141879,-0.140288,-0.140806
mobley_5890803,9,-0.141748,-0.141298,-0.142558,-0.141060,-0.141475
mobley_5890803,10,-0.141022,-0.140465,-0.141878,-0.140288,-0.140806
mobley_5890803,11,-0.322326,-0.319701,-0.331495,-0.325068,-0.328605
mobley_5890803,12,-0.322326,-0.319702,-0.331495,-0.325068,-0.328605
mobley_5890803,13,-0.257237,-0.254798,-0.261085,-0.257706,-0.258857
mobley_5890803,14,-0.257237,-0.254798,-0.261085,-0.257706,-0.258857
mobley_5890803,15,-0.225963,-0.224592,-0.231221,-0.226989,-0.229172
mobley_5890803,16,-0.225963,-0.224591,-0.231220,-0.226989,-0.229172
mobley_5890803,17,-0.132299,-0.131874,-0.132972,-0.131619,-0.132134
mobley_5890803,18,-0.131438,-0.131092,-0.132034,-0.130756,-0.131168
mobley_5890803,19,-0.132299,-0.131874,-0.132972,-0.131618,-0.132133
mobley_590519,0,0.519183,0.511769,0.522468,0.507089,0.516425
mobley_590519,1,-0.065455,-0.069892,-0.066705,-0.073586,-0.072851
mobley_590519,2,-0.362036,-0.361894,-0.361405,-0.361205,-0.361626
mobley_590519,3,-0.359735,-0.359570,-0.359062,-0.358897,-0.359283
mobley_590519,4,-0.100958,-0.105485,-0.101266,-0.109638,-0.107427
mobley_590519,5,0.599711,0.592248,0.600555,0.586267,0.593162
mobley_590519,6,-0.110774,-0.110795,-0.110590,-0.110177,-0.110263
mobley_590519,7,-0.111053,-0.111055,-0.110875,-0.110425,-0.110523
mobley_590519,8,-0.108956,-0.108928,-0.108684,-0.108241,-0.108320
mobley_590519,9,-0.101592,-0.101966,-0.101357,-0.101481,-0.101503
mobley_590519,10,-0.100939,-0.101301,-0.100653,-0.100771,-0.100766
mobley_590519,11,-0.103078,-0.103455,-0.102826,-0.102958,-0.102974
mobley_590519,12,-0.102034,-0.102417,-0.101800,-0.101934,-0.101952
mobley_590519,13,-0.113306,-0.113235,-0.113104,-0.112576,-0.112654
mobley_590519,14,-0.111469,-0.111344,-0.111162,-0.110604,-0.110674
mobley_590519,15,-0.112758,-0.112689,-0.112564,-0.112033,-0.112123
mobley_5917842,0,0.374734,0.375419,0.373418,0.364491,0.366485
mobley_5917842,1,-0.257938,-0.257063,-0.242004,-0.251200,-0.240317
mobley_5917842,2,-0.352634,-0.351717,-0.351748,-0.355713,-0.348775
mobley_5917842,3,-0.457181,-0.459207,-0.458196,-0.460696,-0.457540
mobley_5917842,4,-0.404158,-0.409797,-0.377504,-0.397228,-0.380048
mobley_5917842,5,-0.418970,-0.440677,-0.434524,-0.438782,-0.436580
mobley_5917842,6,-0.201178,-0.193758,-0.220793,-0.208849,-0.222704
mobley_5917842,7,-2.022325,-2.019781,-2.031209,-2.023348,-2.029465
mobley_5917842,8,1.194376,1.196043,1.198085,1.170305,1.176938
mobley_5917842,9,-1.911376,-1.912574,-1.913642,-1.912245,-1.913555
mobley_5917842,10,-0.122175,-0.122194,-0.122465,-0.121519,-0.121805
mobley_5917842,11,-0.120495,-0.120542,-0.120603,-0.119724,-0.119946
mobley_5917842,12,-0.119868,-0.119938,-0.119971,-0.119110,-0.119328
mobley_5917842,13,-0.124192,-0.124894,-0.125030,-0.124131,-0.124477
mobley_5917842,14,-0.129198,-0.129860,-0.129992,-0.129151,-0.129511
mobley_5917842,15,-0.164558,-0.165347,-0.166867,-0.164668,-0.165635
mobley_5917842,16,-0.130289,-0.129897,-0.130419,-0.129572,-0.129730
mobley_5917842,17,-0.130365,-0.129911,-0.130300,-0.129546,-0.129729
mobley_5917842,18,-0.130411,-0.129955,-0.130341,-0.129588,-0.129774
mobley_5917842,19,-0.146363,-0.146612,-0.149176,-0.148551,-0.148998
mobley_5935995,0,1.600487,1.614890,1.626745,1.609478,1.611645
mobley_5935995,1,0.381580,0.397874,0.379808,0.385726,0.386356
mobley_5935995,2,0.565572,0.544473,0.640162,0.586775,0.650797
mobley_5935995,3,0.587247,0.624237,0.580943,0.585108,0.572208
mobley_5935995,4,0.587246,0.624237,0.580941,0.585106,0.572203
mobley_5935995,5,0.854529,0.903402,0.848393,0.854296,0.845714
mobley_5935995,6,-0.154355,-0.153626,-0.154174,-0.152800,-0.152698
mobley_5935995,7,-0.154356,-0.153627,-0.154174,-0.152801,-0.152699
mobley_5935995,8,-0.178895,-0.177452,-0.178473,-0.176430,-0.176383
mobley_5935995,9,-0.536910,-0.534516,-0.546399,-0.540603,-0.541413
mobley_5935995,10,-0.536912,-0.534517,-0.546401,-0.540604,-0.541414
mobley_5935995,11,-0.261092,-0.260034,-0.261690,-0.260022,-0.258524
mobley_5935995,12,-0.266187,-0.264641,-0.266396,-0.264377,-0.263060
mobley_5935995,13,-0.253221,-0.252037,-0.253852,-0.252002,-0.250869
mobley_5935995,14,-0.253220,-0.252037,-0.253852,-0.252001,-0.250869
mobley_5935995,15,-0.261093,-0.260034,-0.261691,-0.260022,-0.258524
mobley_5935995,16,-0.266188,-0.264641,-0.266397,-0.264377,-0.263060
mobley_5935995,17,-0.291324,-0.290164,-0.293917,-0.291206,-0.290559
mobley_5935995,18,-0.293029,-0.291707,-0.295670,-0.292883,-0.292296
mobley_5935995,19,-0.293028,-0.291707,-0.295670,-0.292883,-0.292296
mobley_5948990,0,-0.190255,-0.187219,-0.186043,-0.188616,-0.184705
mobley_5948990,1,-0.223391,-0.220836,-0.220771,-0.222640,-0.218999
mobley_5948990,2,0.114846,0.130234,0.126885,0.125868,0.122874
mobley_5948990,3,-0.331998,-0.337211,-0.323845,-0.328494,-0.323277
mobley_5948990,4,-0.349486,-0.348549,-0.331392,-0.344599,-0.335034
mobley_5948990,5,-0.294615,-0.292246,-0.289596,-0.292838,-0.288906
mobley_5948990,6,-2.385165,-2.387438,-2.399217,-2.398626,-2.405689
mobley_5948990,7,-0.292353,-0.314252,-0.308713,-0.342355,-0.319712
mobley_5948990,8,-1.777641,-1.778017,-1.775973,-1.777036,-1.776589
mobley_5948990,9,-1.787994,-1.788610,-1.786720,-1.787673,-1.787242
mobley_5948990,10,-0.114700,-0.115186,-0.114856,-0.114487,-0.114683
mobley_5948990,11,-0.114041,-0.114512,-0.114139,-0.113816,-0.113992
mobley_5948990,12,-0.123391,-0.124020,-0.123951,-0.123220,-0.123493
mobley_5948990,13,-0.126783,-0.127533,-0.127856,-0.126765,-0.127204
mobley_5948990,14,-0.141483,-0.141259,-0.141150,-0.140808,-0.141229
mobley_5948990,15,-0.140008,-0.139885,-0.139995,-0.139652,-0.140184
mobley_5952846,0,-0.667525,-0.669691,-0.668277,-0.669901,-0.669307
mobley_5952846,1,-0.667525,-0.669691,-0.668277,-0.669901,-0.669307
mobley_5952846,2,-0.091771,-0.091693,-0.091715,-0.091641,-0.091873
mobley_5952846,3,-0.091771,-0.091693,-0.091715,-0.091641,-0.091873
mobley_5952846,4,-0.091771,-0.091693,-0.091715,-0.091641,-0.091873
mobley_5952846,5,-0.091771,-0.091693,-0.091715,-0.091641,-0.091873
mobley_5973402,0,0.970042,1.007228,0.975686,0.971121,0.978051
mobley_5973402,1,0.365817,0.359403,0.400443,0.381976,0.405462
mobley_5973402,2,0.605483,0.634442,0.604691,0.595869,0.605293
mobley_5973402,3,0.276249,0.282162,0.279874,0.280884,0.282986
mobley_5973402,4,0.103888,0.104654,0.100960,0.097658,0.096765
mobley_5973402,5,-1.803273,-1.802651,-1.802595,-1.802203,-1.803104
mobley_5973402,6,-0.201860,-0.200973,-0.203496,-0.201183,-0.201374
mobley_5973402,7,-0.200105,-0.199273,-0.201875,-0.199518,-0.199766
mobley_5973402,8,-0.203106,-0.202321,-0.204776,-0.202485,-0.202652
mobley_5973402,9,-0.875892,-0.872696,-0.904723,-0.891811,-0.899030
mobley_5973402,10,-0.186553,-0.185865,-0.187158,-0.185559,-0.185182
mobley_5973402,11,-0.183169,-0.182316,-0.183670,-0.181967,-0.181814
mobley_5973402,12,-0.193074,-0.191919,-0.193269,-0.191388,-0.191114
mobley_5973402,13,-0.568585,-0.565026,-0.583346,-0.575318,-0.578572
mobley_5973402,14,-0.588621,-0.584769,-0.603652,-0.595387,-0.598671
mobley_5973402,15,-0.217916,-0.216326,-0.220532,-0.218264,-0.218753
mobley_5973402,16,-0.235005,-0.233438,-0.238076,-0.235757,-0.236050
mobley_5973402,17,-0.115368,-0.115489,-0.114824,-0.114530,-0.115031
mobley_5977084,0,0.205529,0.201979,0.195735,0.189774,0.190256
mobley_5977084,1,-0.041527,-0.040244,-0.015604,-0.023792,-0.008892
mobley_5977084,2,-0.230715,-0.221504,-0.234083,-0.228592,-0.233900
mobley_5977084,3,-0.244487,-0.242715,-0.242594,-0.243114,-0.241701
mobley_5977084,4,-0.288873,-0.290352,-0.296629,-0.298367,-0.298126
mobley_5977084,5,-2.590050,-2.591251,-2.590396,-2.589622,-2.590420
mobley_5977084,6,-0.303577,-0.301017,-0.321491,-0.317012,-0.322793
mobley_5977084,7,-0.117996,-0.118090,-0.118078,-0.117260,-0.117470
mobley_5977084,8,-0.118091,-0.118179,-0.118164,-0.117345,-0.117553
mobley_5977084,9,-0.120122,-0.120194,-0.120363,-0.119486,-0.119742
mobley_5977084,10,-0.114873,-0.115505,-0.115293,-0.114768,-0.114964
mobley_5977084,11,-0.113586,-0.114100,-0.113779,-0.113411,-0.113604
mobley_5977084,12,-0.118258,-0.118529,-0.117934,-0.118041,-0.118070
mobley_5977084,13,-0.117358,-0.117669,-0.117189,-0.117105,-0.117195
mobley_6006813,0,0.959910,0.970296,0.979419,0.964131,0.974533
mobley_6006813,1,0.568894,0.571175,0.583407,0.580094,0.588921
mobley_6006813,2,0.753162,0.777063,0.770723,0.776517,0.773197
mobley_6006813,3,0.969874,0.962263,0.991107,0.973017,0.987218
mobley_6006813,4,-1.198980,-1.231914,-1.258651,-1.277360,-1.250738
mobley_6006813,5,-1.763034,-1.763216,-1.761480,-1.762268,-1.762090
mobley_6006813,6,-1.763034,-1.763216,-1.761480,-1.762268,-1.762090
mobley_6006813,7,-0.146992,-0.146485,-0.147990,-0.146263,-0.146759
mobley_6006813,8,-0.152790,-0.152293,-0.153871,-0.152088,-0.152579
mobley_6006813,9,-0.146992,-0.146485,-0.147990,-0.146263,-0.146759
mobley_6006813,10,-0.354183,-0.352091,-0.363370,-0.356943,-0.360268
mobley_6006813,11,-0.354183,-0.352091,-0.363370,-0.356943,-0.360268
mobley_6006813,12,-0.355067,-0.352909,-0.362222,-0.356617,-0.358691
mobley_6006813,13,-0.355067,-0.352909,-0.362222,-0.356617,-0.358691
mobley_6006813,14,-0.251611,-0.249573,-0.257434,-0.252843,-0.254562
mobley_6006813,15,-0.251611,-0.249573,-0.257434,-0.252843,-0.254562
mobley_6055410,0,0.038752,0.041595,0.032330,0.030583,0.035271
mobley_6055410,1,-0.453723,-0.453972,-0.452640,-0.454740,-0.452977
mobley_6055410,2,-0.094116,-0.090032,-0.088539,-0.092452,-0.093663
mobley_6055410,3,-0.396781,-0.398658,-0.357024,-0.382395,-0.358381
mobley_6055410,4,0.235565,0.251566,0.221190,0.227563,0.217488
mobley_6055410,5,-0.474901,-0.480109,-0.473892,-0.476192,-0.472786
mobley_6055410,6,-0.410666,-0.417946,-0.405314,-0.411363,-0.404229
mobley_6055410,7,0.089182,0.093964,0.082211,0.082579,0.080740
mobley_6055410,8,-0.193401,-0.193315,-0.192208,-0.193992,-0.190984
mobley_6055410,9,-0.398710,-0.398001,-0.400142,-0.399455,-0.397284
mobley_6055410,10,-0.258451,-0.260821,-0.257628,-0.260443,-0.255787
mobley_6055410,11,-0.374528,-0.374514,-0.382990,-0.381444,-0.381021
mobley_6055410,12,0.460418,0.460001,0.460503,0.460076,0.460471
mobley_6055410,13,0.467016,0.466533,0.467220,0.466690,0.467154
mobley_6055410,14,-0.125963,-0.130429,-0.180299,-0.143421,-0.189969
mobley_6055410,15,-1.888035,-1.887935,-1.888049,-1.887367,-1.888063
mobley_6055410,16,-1.864330,-1.865243,-1.863284,-1.864150,-1.863424
mobley_6055410,17,-1.882303,-1.883040,-1.882617,-1.882380,-1.882664
mobley_6055410,18,-0.126034,-0.126472,-0.126457,-0.125670,-0.126105
mobley_6055410,19,-0.126170,-0.126835,-0.126897,-0.126094,-0.126446
mobley_6055410,20,-0.163672,-0.163942,-0.164835,-0.163001,-0.164084
mobley_6055410,21,-0.121378,-0.121824,-0.121596,-0.121018,-0.121332
mobley_6055410,22,-0.114252,-0.114704,-0.114231,-0.114022,-0.114154
mobley_6055410,23,-0.115741,-0.116124,-0.115633,-0.115474,-0.115584
mobley_6055410,24,-0.167862,-0.167695,-0.168318,-0.167768,-0.168296
mobley_6055410,25,-0.130489,-0.130907,-0.130264,-0.131188,-0.131215
mobley_6060301,0,1.034302,1.046634,1.054536,1.040125,1.049539
mobley_6060301,1,0.823329,0.838067,0.839150,0.844902,0.847102
mobley_6060301,2,0.851549,0.866688,0.857576,0.862803,0.873626
mobley_6060301,3,0.829118,0.844753,0.839660,0.842295,0.854602
mobley_6060301,4,0.494552,0.505943,0.508043,0.511645,0.516863
mobley_6060301,5,0.311686,0.306490,0.321170,0.311852,0.320840
mobley_6060301,6,-2.415897,-2.421361,-2.423724,-2.422278,-2.423973
mobley_6060301,7,-0.148076,-0.147564,-0.149058,-0.147328,-0.147799
mobley_6060301,8,-0.148079,-0.147568,-0.149062,-0.147331,-0.147803
mobley_6060301,9,-0.154173,-0.153673,-0.155247,-0.153460,-0.153932
mobley_6060301,10,-0.383785,-0.381525,-0.393821,-0.386857,-0.390411
mobley_6060301,11,-0.383555,-0.381294,-0.393585,-0.386622,-0.390176
mobley_6060301,12,-0.482431,-0.479857,-0.493677,-0.485834,-0.489294
mobley_6060301,13,-0.483135,-0.480569,-0.494407,-0.486561,-0.490020
mobley_6060301,14,-0.525990,-0.523120,-0.538700,-0.529774,-0.533882
mobley_6060301,15,-0.528064,-0.525136,-0.540830,-0.531827,-0.535959
mobley_6060301,16,-0.481692,-0.478633,-0.494005,-0.485320,-0.489288
mobley_6060301,17,-0.465779,-0.462794,-0.477534,-0.469122,-0.473016
mobley_6060301,18,-0.263730,-0.261587,-0.269033,-0.263868,-0.266206
mobley_6060301,19,-0.241268,-0.239253,-0.245710,-0.241062,-0.243192
mobley_6060301,20,-0.117630,-0.117678,-0.117459,-0.117297,-0.117708
mobley_6060301,21,-0.108829,-0.108851,-0.108698,-0.108466,-0.108938
mobley_6081058,0,0.936082,0.945582,0.949709,0.934914,0.944835
mobley_6081058,1,0.977276,0.990537,0.995966,0.992835,0.997593
mobley_6081058,2,0.408269,0.415099,0.408802,0.413037,0.418932
mobley_6081058,3,0.537992,0.546155,0.542913,0.546679,0.554989
mobley_6081058,4,0.707983,0.706409,0.715341,0.703376,0.717832
mobley_6081058,5,0.145780,0.156828,0.143464,0.152746,0.150084
mobley_6081058,6,-0.121836,-0.113488,-0.123339,-0.118614,-0.124244
mobley_6081058,7,-0.305194,-0.303643,-0.303686,-0.304648,-0.307020
mobley_6081058,8,-1.824654,-1.824455,-1.823431,-1.824028,-1.823788
mobley_6081058,9,-0.148998,-0.148466,-0.150019,-0.148242,-0.148744
mobley_6081058,10,-0.155470,-0.154945,-0.156598,-0.154757,-0.155256
mobley_6081058,11,-0.148881,-0.148351,-0.149873,-0.148107,-0.148605
mobley_6081058,12,-0.348503,-0.346458,-0.355278,-0.350063,-0.351869
mobley_6081058,13,-0.331098,-0.328921,-0.337598,-0.332274,-0.334442
mobley_6081058,14,-0.446406,-0.444161,-0.456292,-0.449543,-0.452236
mobley_6081058,15,-0.435887,-0.433727,-0.445659,-0.438982,-0.441714
mobley_6081058,16,-0.412920,-0.410883,-0.421464,-0.414838,-0.417376
mobley_6081058,17,-0.394933,-0.392900,-0.402852,-0.396346,-0.398896
mobley_6081058,18,-0.255581,-0.254619,-0.259054,-0.254927,-0.256249
mobley_6081058,19,-0.256299,-0.255404,-0.260191,-0.255937,-0.257409
mobley_6081058,20,-0.121186,-0.121679,-0.122441,-0.121392,-0.121803
mobley_6081058,21,-0.110092,-0.110361,-0.109793,-0.109764,-0.109797
mobley_6081058,22,-0.115615,-0.115749,-0.115003,-0.115146,-0.115170
mobley_6082662,0,-0.353412,-0.352756,-0.348508,-0.351764,-0.347616
mobley_6082662,1,-0.025249,-0.013489,-0.014256,-0.015595,-0.015659
mobley_6082662,2,-0.231714,-0.235423,-0.219200,-0.224036,-0.217411
mobley_6082662,3,-0.025247,-0.013491,-0.014256,-0.015595,-0.015657
mobley_6082662,4,-0.353416,-0.352759,-0.348511,-0.351768,-0.347620
mobley_6082662,5,-0.398371,-0.399707,-0.391381,-0.395434,-0.390842
mobley_6082662,6,-2.481519,-2.484929,-2.492409,-2.489881,-2.495018
mobley_6082662,7,-0.820062,-0.837753,-0.839616,-0.863152,-0.848838
mobley_6082662,8,-1.777603,-1.777929,-1.776142,-1.777045,-1.776692
mobley_6082662,9,-1.777603,-1.777929,-1.776141,-1.777045,-1.776692
mobley_6082662,10,-0.126818,-0.127584,-0.127877,-0.126798,-0.127229
mobley_6082662,11,-0.123587,-0.124217,-0.124197,-0.123425,-0.123722
mobley_6082662,12,-0.123587,-0.124216,-0.124196,-0.123425,-0.123722
mobley_6082662,13,-0.126818,-0.127583,-0.127877,-0.126798,-0.127228
mobley_6082662,14,-0.134929,-0.134767,-0.134825,-0.134491,-0.135011
mobley_6082662,15,-0.134929,-0.134767,-0.134825,-0.134491,-0.135011
mobley_6091882,0,-0.264004,-0.262273,-0.257026,-0.264604,-0.260590
mobley_6091882,1,-0.264004,-0.262273,-0.257026,-0.264604,-0.260591
mobley_6091882,2,-0.119785,-0.119924,-0.119168,-0.119424,-0.119383
mobley_6091882,3,-0.119785,-0.119924,-0.119168,-0.119424,-0.119383
mobley_6091882,4,-0.119785,-0.119924,-0.119168,-0.119424,-0.119383
mobley_6091882,5,-0.119785,-0.119925,-0.119168,-0.119424,-0.119383
mobley_6102880,0,-0.185667,-0.183041,-0.177110,-0.182381,-0.175809
mobley_6102880,1,-0.200585,-0.199165,-0.199829,-0.200341,-0.199212
mobley_6102880,2,-0.495358,-0.497324,-0.491338,-0.494945,-0.491052
mobley_6102880,3,-0.260000,-0.260658,-0.291177,-0.283594,-0.292220
mobley_6102880,4,-0.495767,-0.497640,-0.494425,-0.497165,-0.494983
mobley_6102880,5,-0.157560,-0.154512,-0.155899,-0.156533,-0.156133
mobley_6102880,6,-2.003863,-2.003219,-2.009519,-2.003119,-2.007652
mobley_6102880,7,-0.259998,-0.260657,-0.291174,-0.283591,-0.292219
mobley_6102880,8,-0.495768,-0.497641,-0.494426,-0.497166,-0.494985
mobley_6102880,9,-0.157560,-0.154512,-0.155900,-0.156533,-0.156132
mobley_6102880,10,-0.185664,-0.183040,-0.177107,-0.182379,-0.175808
mobley_6102880,11,-0.200585,-0.199165,-0.199829,-0.200341,-0.199212
mobley_6102880,12,-0.495357,-0.497323,-0.491338,-0.494945,-0.491051
mobley_6102880,13,-0.112087,-0.112526,-0.112092,-0.111870,-0.112005
mobley_6102880,14,-0.113765,-0.114213,-0.113810,-0.113542,-0.113691
mobley_6102880,15,-0.129522,-0.130017,-0.130063,-0.129221,-0.129626
mobley_6102880,16,-0.139754,-0.140006,-0.140512,-0.139291,-0.140113
mobley_6102880,17,-0.114169,-0.114668,-0.114318,-0.113972,-0.114143
mobley_6102880,18,-0.139754,-0.140006,-0.140511,-0.139291,-0.140113
mobley_6102880,19,-0.114169,-0.114668,-0.114318,-0.113972,-0.114143
mobley_6102880,20,-0.112087,-0.112526,-0.112092,-0.111870,-0.112005
mobley_6102880,21,-0.113765,-0.114213,-0.113810,-0.113542,-0.113691
mobley_6102880,22,-0.129522,-0.130017,-0.130062,-0.129221,-0.129626
mobley_6115639,0,0.231159,0.222751,0.223940,0.212497,0.208627
mobley_6115639,1,-1.800235,-1.800765,-1.798070,-1.799031,-1.798367
mobley_6115639,2,0.538915,0.538234,0.538161,0.538335,0.537724
mobley_6115639,3,-1.851282,-1.852036,-1.851265,-1.851588,-1.851590
mobley_6115639,4,-1.800235,-1.800765,-1.798071,-1.799031,-1.798368
mobley_6115639,5,0.231159,0.222752,0.223942,0.212500,0.208629
mobley_6115639,6,-1.800236,-1.800766,-1.798071,-1.799032,-1.798369
mobley_6115639,7,0.231139,0.222734,0.223922,0.212480,0.208612
mobley_6115639,8,-0.111622,-0.111802,-0.111221,-0.111161,-0.111056
mobley_6115639,9,-0.113531,-0.113688,-0.113143,-0.113027,-0.112902
mobley_6115639,10,-0.112761,-0.112874,-0.112387,-0.112258,-0.112168
mobley_6115639,11,-0.113531,-0.113688,-0.113143,-0.113027,-0.112902
mobley_6115639,12,-0.112761,-0.112874,-0.112387,-0.112258,-0.112168
mobley_6115639,13,-0.111622,-0.111802,-0.111221,-0.111161,-0.111055
mobley_6115639,14,-0.112760,-0.112874,-0.112387,-0.112258,-0.112168
mobley_6115639,15,-0.113531,-0.113688,-0.113142,-0.113027,-0.112902
mobley_6115639,16,-0.111622,-0.111802,-0.111221,-0.111162,-0.111056
mobley_6175884,0,0.296262,0.293187,0.289563,0.281828,0.283204
mobley_6175884,1,-0.195897,-0.196237,-0.177001,-0.185791,-0.172298
mobley_6175884,2,-0.323566,-0.321010,-0.332933,-0.329303,-0.331135
mobley_6175884,3,-0.130411,-0.127566,-0.137506,-0.135577,-0.137070
mobley_6175884,4,-0.258055,-0.258778,-0.243070,-0.251924,-0.239045
mobley_6175884,5,-0.159970,-0.157633,-0.166297,-0.163983,-0.165369
mobley_6175884,6,-0.274449,-0.269913,-0.282729,-0.278865,-0.281062
mobley_6175884,7,-0.222256,-0.219438,-0.230549,-0.225928,-0.235413
mobley_6175884,8,-1.827778,-1.827664,-1.826566,-1.827227,-1.826885
mobley_6175884,9,-0.118556,-0.118625,-0.118639,-0.117819,-0.118038
mobley_6175884,10,-0.118575,-0.118645,-0.118658,-0.117839,-0.118057
mobley_6175884,11,-0.120682,-0.120722,-0.120931,-0.120048,-0.120319
mobley_6175884,12,-0.120012,-0.120705,-0.120682,-0.119896,-0.120209
mobley_6175884,13,-0.119225,-0.119837,-0.119683,-0.119041,-0.119326
mobley_6175884,14,-0.121794,-0.122519,-0.122557,-0.121686,-0.122036
mobley_6175884,15,-0.119615,-0.120303,-0.120248,-0.119485,-0.119785
mobley_6175884,16,-0.114704,-0.114857,-0.114175,-0.114284,-0.114311
mobley_6190089,0,-0.296096,-0.302726,-0.296518,-0.300049,-0.298625
mobley_6190089,1,-0.296097,-0.302725,-0.296519,-0.300049,-0.298625
mobley_6190089,2,-0.067355,-0.067382,-0.067195,-0.066971,-0.067379
mobley_6190089,3,-0.067355,-0.067383,-0.067195,-0.066972,-0.067379
mobley_6190089,4,-0.067354,-0.067382,-0.067195,-0.066971,-0.067378
mobley_6190089,5,-0.067355,-0.067382,-0.067195,-0.066972,-0.067379
mobley_6190089,6,-0.112802,-0.113181,-0.112543,-0.112651,-0.112785
mobley_6190089,7,-0.112802,-0.113181,-0.112543,-0.112651,-0.112785
mobley_6195751,0,0.298723,0.292688,0.286542,0.279037,0.277225
mobley_6195751,1,-1.963546,-1.961718,-1.967896,-1.962446,-1.966793
mobley_6195751,2,-0.398160,-0.406302,-0.397500,-0.398799,-0.395472
mobley_6195751,3,0.309319,0.312206,0.369903,0.333727,0.353853
mobley_6195751,4,-0.583514,-0.590894,-0.584287,-0.585456,-0.581738
mobley_6195751,5,-0.415682,-0.410925,-0.407540,-0.410702,-0.406363
mobley_6195751,6,-0.321223,-0.327401,-0.313007,-0.322231,-0.310536
mobley_6195751,7,-0.458441,-0.456277,-0.457218,-0.459756,-0.457231
mobley_6195751,8,-0.047711,-0.045999,-0.045957,-0.045849,-0.047044
mobley_6195751,9,-0.219553,-0.215075,-0.219181,-0.220738,-0.225006
mobley_6195751,10,-1.824910,-1.824833,-1.823832,-1.824446,-1.824140
mobley_6195751,11,-0.056050,-0.055316,-0.055021,-0.055235,-0.055679
mobley_6195751,12,-1.961870,-1.960433,-1.965747,-1.961022,-1.964664
mobley_6195751,13,0.420963,0.413584,0.425683,0.403592,0.414442
mobley_6195751,14,-1.938096,-1.940080,-1.941162,-1.939694,-1.940913
mobley_6195751,15,-0.118227,-0.117991,-0.117856,-0.117438,-0.117449
mobley_6195751,16,-0.118887,-0.118638,-0.118298,-0.118003,-0.117966
mobley_6195751,17,-0.123220,-0.122962,-0.122843,-0.122450,-0.122526
mobley_6195751,18,-0.118094,-0.118202,-0.117591,-0.117731,-0.117799
mobley_6195751,19,-0.125652,-0.125245,-0.125570,-0.124852,-0.125012
mobley_6195751,20,-0.134507,-0.134286,-0.134524,-0.133889,-0.134036
mobley_6195751,21,-0.140659,-0.140279,-0.140664,-0.139887,-0.140253
mobley_6195751,22,0.787077,0.803591,0.814382,0.806929,0.804436
mobley_6198745,0,0.153084,0.144064,0.167418,0.145668,0.159715
mobley_6198745,1,1.701864,1.723987,1.781787,1.730173,1.773237
mobley_6198745,2,-1.864653,-1.865414,-1.863225,-1.863920,-1.863337
mobley_6198745,3,-1.790505,-1.805362,-1.788496,-1.797016,-1.790867
mobley_6198745,4,-0.245914,-0.254550,-0.249303,-0.259079,-0.256450
mobley_6198745,5,-0.144919,-0.152192,-0.130510,-0.152604,-0.139508
mobley_6198745,6,0.377043,0.382775,0.394221,0.382780,0.385809
mobley_6198745,7,-1.709604,-1.725225,-1.702436,-1.714509,-1.706436
mobley_6198745,8,1.366631,1.372346,1.420113,1.372094,1.413568
mobley_6198745,9,-1.859493,-1.860148,-1.858480,-1.859092,-1.858623
mobley_6198745,10,0.118698,0.109493,0.133677,0.112363,0.127238
mobley_6198745,11,-1.574781,-1.595628,-1.571812,-1.586916,-1.575309
mobley_6198745,12,1.806687,1.803571,1.746492,1.758706,1.729075
mobley_6198745,13,-1.929142,-1.930141,-1.930093,-1.929150,-1.929333
mobley_6198745,14,0.151889,0.145703,0.179315,0.152075,0.171709
mobley_6198745,15,-0.116170,-0.116149,-0.116151,-0.115570,-0.115704
mobley_6198745,16,-0.124540,-0.124285,-0.124566,-0.123754,-0.124043
mobley_6198745,17,-0.123011,-0.122805,-0.123117,-0.122267,-0.122540
mobley_6198745,18,-0.307708,-0.304590,-0.308850,-0.306888,-0.305780
mobley_6198745,19,-0.403882,-0.401129,-0.409239,-0.405488,-0.405234
mobley_6198745,20,-0.652809,-0.647201,-0.664786,-0.659648,-0.660201
mobley_6198745,21,-0.364726,-0.362367,-0.371192,-0.367373,-0.367594
mobley_6198745,22,-0.303735,-0.301000,-0.306852,-0.304058,-0.304040
mobley_6198745,23,-0.121011,-0.120834,-0.121059,-0.120337,-0.120620
mobley_6198745,24,-0.114260,-0.114293,-0.114222,-0.113738,-0.113861
mobley_6198745,25,-0.120504,-0.120367,-0.120566,-0.119837,-0.120094
mobley_6198745,26,-0.124432,-0.124183,-0.124519,-0.123707,-0.124047
mobley_6198745,27,-0.122228,-0.122041,-0.122323,-0.121545,-0.121842
mobley_6198745,28,-0.114414,-0.114451,-0.114372,-0.113900,-0.114025
mobley_6201330,0,1.032626,1.038303,1.070923,1.044632,1.062874
mobley_6201330,1,0.308352,0.312937,0.344840,0.335832,0.344165
mobley_6201330,2,0.732285,0.756887,0.733464,0.729583,0.720392
mobley_6201330,3,-2.019843,-2.018543,-2.025696,-2.022040,-2.024596
mobley_6201330,4,1.874492,1.864361,1.803953,1.827143,1.788709
mobley_6201330,5,-1.858227,-1.859114,-1.858106,-1.858329,-1.857895
mobley_6201330,6,-0.440751,-0.443073,-0.426248,-0.435390,-0.425782
mobley_6201330,7,-0.369523,-0.368949,-0.366583,-0.369925,-0.363277
mobley_6201330,8,-0.495376,-0.496835,-0.492953,-0.495628,-0.493240
mobley_6201330,9,-0.358985,-0.361460,-0.347872,-0.355367,-0.350352
mobley_6201330,10,-0.375966,-0.378257,-0.373383,-0.375531,-0.372591
mobley_6201330,11,-0.159569,-0.156058,-0.159859,-0.159524,-0.158710
mobley_6201330,12,-1.864384,-1.864763,-1.864136,-1.864223,-1.864359
mobley_6201330,13,-0.141853,-0.141405,-0.142653,-0.141158,-0.141567
mobley_6201330,14,-0.141206,-0.140652,-0.142050,-0.140465,-0.140975
mobley_6201330,15,-0.141206,-0.140652,-0.142050,-0.140465,-0.140975
mobley_6201330,16,-0.332811,-0.330095,-0.342231,-0.335564,-0.339177
mobley_6201330,17,-0.332811,-0.330095,-0.342231,-0.335564,-0.339177
mobley_6201330,18,-0.262609,-0.260275,-0.266515,-0.263117,-0.264184
mobley_6201330,19,-0.262608,-0.260274,-0.266514,-0.263116,-0.264184
mobley_6201330,20,-0.162449,-0.162584,-0.163711,-0.162127,-0.163168
mobley_6201330,21,-0.121836,-0.122419,-0.122344,-0.121724,-0.122010
mobley_6201330,22,-0.131928,-0.132719,-0.133638,-0.132274,-0.132892
mobley_6201330,23,-0.126921,-0.127431,-0.127519,-0.126659,-0.127056
mobley_6201330,24,-0.161511,-0.161621,-0.161769,-0.161125,-0.161704
mobley_6232400,0,-0.245295,-0.244393,-0.243407,-0.244330,-0.242525
mobley_6232400,1,-0.085684,-0.078818,-0.084934,-0.082988,-0.086253
mobley_6232400,2,-0.084383,-0.085969,-0.065563,-0.073675,-0.060611
mobley_6232400,3,-0.198628,-0.199081,-0.213651,-0.212048,-0.216777
mobley_6232400,4,-2.584792,-2.585972,-2.584998,-2.584292,-2.585004
mobley_6232400,5,-0.272862,-0.274793,-0.280000,-0.282165,-0.281704
mobley_6232400,6,-0.316779,-0.315027,-0.325266,-0.321134,-0.328690
mobley_6232400,7,-1.826572,-1.826448,-1.825322,-1.826002,-1.825645
mobley_6232400,8,-0.112647,-0.113122,-0.112741,-0.112454,-0.112617
mobley_6232400,9,-0.113706,-0.114220,-0.113839,-0.113514,-0.113658
mobley_6232400,10,-0.117841,-0.118152,-0.117617,-0.117568,-0.117632
mobley_6232400,11,-0.118249,-0.118517,-0.117920,-0.118034,-0.118061
mobley_6232400,12,-0.113834,-0.113989,-0.113280,-0.113417,-0.113425
mobley_6235784,0,0.776770,0.782205,0.785703,0.769964,0.779116
mobley_6235784,1,0.718724,0.715593,0.734635,0.723678,0.737412
mobley_6235784,2,0.243185,0.248761,0.247137,0.252859,0.249141
mobley_6235784,3,0.542970,0.542730,0.544109,0.531517,0.539494
mobley_6235784,4,0.072753,0.073423,0.075979,0.076697,0.075729
mobley_6235784,5,-0.133165,-0.132854,-0.133583,-0.132313,-0.132561
mobley_6235784,6,-0.133140,-0.132802,-0.133437,-0.132190,-0.132420
mobley_6235784,7,-0.136398,-0.136073,-0.136703,-0.135414,-0.135619
mobley_6235784,8,-0.274683,-0.272789,-0.280319,-0.275498,-0.277788
mobley_6235784,9,-0.279189,-0.277415,-0.285158,-0.280347,-0.282571
mobley_6235784,10,-0.164008,-0.163336,-0.166358,-0.164743,-0.165120
mobley_6235784,11,-0.134928,-0.134446,-0.135357,-0.133984,-0.134342
mobley_6235784,12,-0.139670,-0.139219,-0.140231,-0.138806,-0.139164
mobley_6235784,13,-0.135203,-0.134771,-0.135722,-0.134357,-0.134725
mobley_6239320,0,-0.473142,-0.475744,-0.465951,-0.471178,-0.467153
mobley_6239320,1,-1.705867,-1.702304,-1.693316,-1.706599,-1.701028
mobley_6239320,2,-2.664146,-2.666095,-2.667669,-2.672836,-2.666021
mobley_6239320,3,-0.473142,-0.475744,-0.465951,-0.471179,-0.467154
mobley_6239320,4,-1.705866,-1.702304,-1.693315,-1.706598,-1.701027
mobley_6239320,5,-2.664146,-2.666096,-2.667670,-2.672836,-2.666022
mobley_6239320,6,-0.473142,-0.475744,-0.465951,-0.471179,-0.467154
mobley_6239320,7,-1.705868,-1.702304,-1.693315,-1.706600,-1.701027
mobley_6239320,8,-2.664146,-2.666096,-2.667669,-2.672836,-2.666022
mobley_6239320,9,-0.145205,-0.142499,-0.141079,-0.141616,-0.140283
mobley_6239320,10,-0.145205,-0.142499,-0.141080,-0.141617,-0.140283
mobley_6239320,11,-0.145204,-0.142499,-0.141079,-0.141616,-0.140283
mobley_6248915,0,0.969834,0.979180,0.984633,0.969903,0.979825
mobley_6248915,1,1.060650,1.075245,1.083938,1.079700,1.085604
mobley_6248915,2,0.476906,0.487429,0.477557,0.484029,0.489211
mobley_6248915,3,0.553350,0.564298,0.555915,0.564132,0.569698
mobley_6248915,4,1.382811,1.396337,1.406428,1.400061,1.425555
mobley_6248915,5,0.938464,0.953688,0.956122,0.957637,0.974012
mobley_6248915,6,0.517276,0.529742,0.531181,0.535809,0.540627
mobley_6248915,7,0.308822,0.303667,0.317746,0.308624,0.317275
mobley_6248915,8,-2.414158,-2.419665,-2.421961,-2.420540,-2.422209
mobley_6248915,9,-0.149073,-0.148534,-0.150089,-0.148309,-0.148812
mobley_6248915,10,-0.149036,-0.148499,-0.150024,-0.148256,-0.148754
mobley_6248915,11,-0.155577,-0.155050,-0.156705,-0.154863,-0.155362
mobley_6248915,12,-0.328728,-0.326502,-0.335054,-0.329747,-0.331926
mobley_6248915,13,-0.350412,-0.348305,-0.357188,-0.351953,-0.353758
mobley_6248915,14,-0.456321,-0.454045,-0.466229,-0.459326,-0.462025
mobley_6248915,15,-0.473067,-0.470762,-0.483310,-0.476342,-0.478986
mobley_6248915,16,-0.520500,-0.517884,-0.532092,-0.523984,-0.527258
mobley_6248915,17,-0.506323,-0.503725,-0.517689,-0.509625,-0.512969
mobley_6248915,18,-0.467329,-0.464246,-0.475360,-0.468155,-0.470758
mobley_6248915,19,-0.489909,-0.487062,-0.498348,-0.491433,-0.493377
mobley_6248915,20,-0.536285,-0.533214,-0.549165,-0.539982,-0.544214
mobley_6248915,21,-0.534503,-0.531474,-0.547430,-0.538290,-0.542531
mobley_6248915,22,-0.467747,-0.464730,-0.479567,-0.471113,-0.475032
mobley_6248915,23,-0.484390,-0.481299,-0.496766,-0.488040,-0.492020
mobley_6248915,24,-0.263946,-0.261801,-0.269244,-0.264079,-0.266414
mobley_6248915,25,-0.241463,-0.239447,-0.245904,-0.241255,-0.243383
mobley_6248915,26,-0.117636,-0.117685,-0.117466,-0.117304,-0.117714
mobley_6248915,27,-0.108835,-0.108857,-0.108705,-0.108472,-0.108945
mobley_6250025,0,1.021051,1.033462,1.041129,1.026685,1.036283
mobley_6250025,1,0.769152,0.783226,0.783147,0.787714,0.790241
mobley_6250025,2,0.758673,0.770799,0.759666,0.762024,0.771958
mobley_6250025,3,0.923947,0.933880,0.935549,0.935805,0.947999
mobley_6250025,4,1.133647,1.143859,1.151856,1.148761,1.159233
mobley_6250025,5,0.008101,0.020546,0.014623,0.005556,0.005208
mobley_6250025,6,-1.400326,-1.400590,-1.400183,-1.400209,-1.400321
mobley_6250025,7,-0.148089,-0.147579,-0.149074,-0.147343,-0.147814
mobley_6250025,8,-0.154185,-0.153685,-0.155259,-0.153472,-0.153944
mobley_6250025,9,-0.148089,-0.147579,-0.149074,-0.147343,-0.147814
mobley_6250025,10,-0.384611,-0.382386,-0.394702,-0.387741,-0.391295
mobley_6250025,11,-0.384611,-0.382386,-0.394702,-0.387741,-0.391295
mobley_6250025,12,-0.487924,-0.485486,-0.499532,-0.491712,-0.495170
mobley_6250025,13,-0.487925,-0.485487,-0.499533,-0.491713,-0.495171
mobley_6250025,14,-0.483135,-0.480867,-0.496065,-0.487519,-0.491620
mobley_6250025,15,-0.483135,-0.480867,-0.496065,-0.487520,-0.491620
mobley_6250025,16,-0.251845,-0.251107,-0.257136,-0.252345,-0.254197
mobley_6250025,17,-0.251845,-0.251107,-0.257135,-0.252344,-0.254197
mobley_6250025,18,-0.103839,-0.104074,-0.103424,-0.103616,-0.103601
mobley_6250025,19,-0.103839,-0.104074,-0.103424,-0.103616,-0.103601
mobley_6257907,0,-0.201630,-0.199277,-0.202436,-0.202154,-0.201865
mobley_6257907,1,-0.262999,-0.259472,-0.254973,-0.258552,-0.254975
mobley_6257907,2,-0.332716,-0.333466,-0.325368,-0.328684,-0.323805
mobley_6257907,3,-0.295928,-0.295842,-0.298051,-0.299233,-0.297706
mobley_6257907,4,-0.417504,-0.419833,-0.419624,-0.418462,-0.418836
mobley_6257907,5,-0.148857,-0.147780,-0.146046,-0.150926,-0.145473
mobley_6257907,6,-0.051905,-0.051294,-0.050608,-0.051032,-0.051079
mobley_6257907,7,-2.527165,-2.530447,-2.537583,-2.535250,-2.539168
mobley_6257907,8,-0.114393,-0.114895,-0.114564,-0.114185,-0.114381
mobley_6257907,9,-0.121732,-0.122415,-0.122529,-0.121692,-0.122050
mobley_6257907,10,-0.120105,-0.120628,-0.120485,-0.119866,-0.120126
mobley_6257907,11,-0.113016,-0.113365,-0.112824,-0.112754,-0.112831
mobley_6257907,12,-0.134102,-0.133939,-0.133958,-0.133648,-0.134155
mobley_6257907,13,-0.133757,-0.133603,-0.133611,-0.133310,-0.133807
mobley_6266306,0,0.557790,0.555758,0.587794,0.570231,0.578782
mobley_6266306,1,0.364532,0.360813,0.369125,0.357767,0.364170
mobley_6266306,2,-2.682206,-2.684503,-2.684192,-2.682703,-2.682470
mobley_6266306,3,0.364531,0.360811,0.369122,0.357767,0.364168
mobley_6266306,4,-0.247457,-0.246961,-0.252668,-0.248749,-0.250326
mobley_6266306,5,-0.247047,-0.246562,-0.252070,-0.248356,-0.249780
mobley_6266306,6,-0.183763,-0.183186,-0.185992,-0.183401,-0.184245
mobley_6266306,7,-0.202742,-0.202062,-0.206237,-0.203039,-0.204248
mobley_6266306,8,-0.114550,-0.114832,-0.114654,-0.114433,-0.114710
mobley_6266306,9,-0.183762,-0.183185,-0.185992,-0.183401,-0.184244
mobley_6266306,10,-0.202742,-0.202062,-0.206236,-0.203039,-0.204248
mobley_627267,0,0.769299,0.791194,0.777213,0.765133,0.777346
mobley_627267,1,0.853039,0.851066,0.905387,0.888757,0.910454
mobley_627267,2,0.600673,0.620317,0.598515,0.589796,0.597654
mobley_627267,3,-0.168714,-0.155504,-0.171861,-0.171952,-0.170141
mobley_627267,4,-0.908427,-0.907661,-0.906141,-0.905997,-0.906464
mobley_627267,5,-0.175239,-0.174574,-0.176634,-0.174603,-0.174952
mobley_627267,6,-0.173179,-0.172548,-0.174621,-0.172601,-0.172984
mobley_627267,7,-0.177032,-0.176306,-0.178465,-0.176409,-0.176780
mobley_627267,8,-0.509718,-0.507308,-0.527523,-0.518311,-0.524169
mobley_627267,9,-0.158458,-0.157953,-0.158943,-0.157410,-0.157403
mobley_627267,10,-0.155101,-0.154629,-0.155671,-0.154165,-0.154206
mobley_627267,11,-0.161461,-0.160926,-0.162145,-0.160540,-0.160570
mobley_627267,12,-0.101079,-0.101428,-0.100849,-0.100888,-0.100839
mobley_627267,13,-0.103373,-0.103696,-0.103195,-0.103205,-0.103179
mobley_628086,0,0.450765,0.452066,0.460964,0.441891,0.455001
mobley_628086,1,0.348598,0.342714,0.375652,0.367027,0.377520
mobley_628086,2,-0.423954,-0.422240,-0.426363,-0.425429,-0.425216
mobley_628086,3,0.456171,0.455765,0.456156,0.455916,0.456219
mobley_628086,4,0.453212,0.452814,0.453175,0.452940,0.453219
mobley_628086,5,0.458150,0.457683,0.458176,0.457852,0.458232
mobley_628086,6,-1.842140,-1.841233,-1.844397,-1.842939,-1.845233
mobley_628086,7,-0.159645,-0.158945,-0.161162,-0.159291,-0.159929
mobley_628086,8,-0.163459,-0.162619,-0.164812,-0.162915,-0.163495
mobley_628086,9,-0.161681,-0.161066,-0.163189,-0.161432,-0.161926
mobley_628086,10,-0.327093,-0.325876,-0.337437,-0.333521,-0.336651
mobley_628086,11,-0.122318,-0.122401,-0.121785,-0.121413,-0.121920
mobley_628951,0,-0.061276,-0.055569,-0.054101,-0.057823,-0.054009
mobley_628951,1,-0.048746,-0.046052,-0.044878,-0.049161,-0.045853
mobley_628951,2,-0.248535,-0.250079,-0.248290,-0.250156,-0.249203
mobley_628951,3,-0.427487,-0.432728,-0.424277,-0.429605,-0.423501
mobley_628951,4,-0.248517,-0.250061,-0.248271,-0.250139,-0.249186
mobley_628951,5,-0.048740,-0.046046,-0.044871,-0.049154,-0.045848
mobley_628951,6,-0.060214,-0.059587,-0.059571,-0.059640,-0.060121
mobley_628951,7,-0.427486,-0.432727,-0.424277,-0.429604,-0.423500
mobley_628951,8,-0.248520,-0.250064,-0.248274,-0.250141,-0.249187
mobley_628951,9,-0.048747,-0.046053,-0.044879,-0.049163,-0.045855
mobley_628951,10,-0.061284,-0.055578,-0.054108,-0.057829,-0.054016
mobley_628951,11,-0.048748,-0.046055,-0.044880,-0.049165,-0.045857
mobley_628951,12,-0.248524,-0.250067,-0.248277,-0.250145,-0.249191
mobley_628951,13,-0.060215,-0.059588,-0.059571,-0.059640,-0.060121
mobley_628951,14,-0.060215,-0.059588,-0.059571,-0.059640,-0.060121
mobley_628951,15,-0.060216,-0.059589,-0.059572,-0.059641,-0.060122
mobley_628951,16,-0.111824,-0.112272,-0.111819,-0.111579,-0.111725
mobley_628951,17,-0.112465,-0.112823,-0.112254,-0.112207,-0.112269
mobley_628951,18,-0.112464,-0.112823,-0.112254,-0.112207,-0.112269
mobley_628951,19,-0.112465,-0.112823,-0.112254,-0.112207,-0.112269
mobley_628951,20,-0.111824,-0.112272,-0.111819,-0.111579,-0.111725
mobley_628951,21,-0.112464,-0.112823,-0.112254,-0.112207,-0.112269
mobley_6303022,0,0.595056,0.598559,0.601386,0.585825,0.594138
mobley_6303022,1,0.241141,0.233915,0.245039,0.242014,0.248060
mobley_6303022,2,-0.257803,-0.261164,-0.242477,-0.251989,-0.239934
mobley_6303022,3,-0.344988,-0.343815,-0.349837,-0.348515,-0.349969
mobley_6303022,4,-0.196608,-0.197369,-0.209900,-0.209197,-0.212915
mobley_6303022,5,-2.581722,-2.582987,-2.581899,-2.581228,-2.581901
mobley_6303022,6,-0.196609,-0.197370,-0.209901,-0.209197,-0.212916
mobley_6303022,7,-0.344988,-0.343816,-0.349838,-0.348517,-0.349970
mobley_6303022,8,-0.128091,-0.127848,-0.128122,-0.127085,-0.127213
mobley_6303022,9,-0.128091,-0.127849,-0.128122,-0.127085,-0.127213
mobley_6303022,10,-0.126002,-0.125675,-0.125857,-0.124798,-0.124909
mobley_6303022,11,-0.238870,-0.238400,-0.243547,-0.239097,-0.241108
mobley_6303022,12,-0.238870,-0.238400,-0.243547,-0.239097,-0.241107
mobley_6303022,13,-0.120650,-0.121309,-0.121290,-0.120469,-0.120734
mobley_6303022,14,-0.118430,-0.118720,-0.118134,-0.118210,-0.118244
mobley_6303022,15,-0.118430,-0.118720,-0.118134,-0.118210,-0.118244
mobley_6303022,16,-0.120650,-0.121309,-0.121290,-0.120469,-0.120734
mobley_6309289,0,0.254309,0.262524,0.269840,0.263266,0.271020
mobley_6309289,1,0.225365,0.227433,0.242995,0.233692,0.240054
mobley_6309289,2,-0.099770,-0.104753,-0.098895,-0.104660,-0.098563
mobley_6309289,3,-2.781893,-2.780997,-2.793946,-2.785564,-2.793480
mobley_6309289,4,-0.099769,-0.104752,-0.098894,-0.104659,-0.098562
mobley_6309289,5,0.225367,0.227435,0.242997,0.233695,0.240056
mobley_6309289,6,-0.417609,-0.416028,-0.425909,-0.420104,-0.421902
mobley_6309289,7,-0.422963,-0.420636,-0.430120,-0.424515,-0.425999
mobley_6309289,8,-0.388909,-0.386984,-0.396321,-0.390486,-0.392231
mobley_6309289,9,-0.408799,-0.406143,-0.415060,-0.409331,-0.410729
mobley_6309289,10,-0.265495,-0.263383,-0.268500,-0.264255,-0.265413
mobley_6309289,11,-0.313407,-0.310453,-0.317252,-0.312171,-0.313499
mobley_6309289,12,-0.129977,-0.129937,-0.130266,-0.129677,-0.130224
mobley_6309289,13,-0.313408,-0.310453,-0.317253,-0.312172,-0.313500
mobley_6309289,14,-0.265496,-0.263384,-0.268501,-0.264256,-0.265414
mobley_6309289,15,-0.388909,-0.386986,-0.396322,-0.390487,-0.392231
mobley_6309289,16,-0.408799,-0.406144,-0.415061,-0.409332,-0.410729
mobley_632905,0,0.351174,0.343819,0.351915,0.338874,0.345148
mobley_632905,1,-0.116345,-0.114737,-0.115874,-0.109322,-0.112891
mobley_632905,2,-1.832577,-1.832511,-1.832355,-1.832308,-1.832467
mobley_632905,3,-0.332869,-0.331707,-0.307328,-0.323958,-0.306748
mobley_632905,4,-0.147633,-0.149524,-0.164423,-0.159543,-0.163047
mobley_632905,5,-0.424802,-0.425178,-0.419954,-0.423356,-0.420479
mobley_632905,6,-0.337242,-0.340205,-0.342277,-0.344337,-0.343243
mobley_632905,7,-0.442977,-0.444792,-0.440143,-0.443521,-0.440462
mobley_632905,8,-0.067826,-0.064189,-0.071100,-0.069446,-0.071383
mobley_632905,9,-1.943386,-1.941674,-1.947260,-1.942192,-1.946150
mobley_632905,10,0.730488,0.727403,0.724734,0.706682,0.708400
mobley_632905,11,-0.117964,-0.117898,-0.118080,-0.117280,-0.117544
mobley_632905,12,-0.118063,-0.118029,-0.118180,-0.117482,-0.117713
mobley_632905,13,-0.118063,-0.118029,-0.118180,-0.117482,-0.117713
mobley_632905,14,-0.119646,-0.120043,-0.119788,-0.119175,-0.119478
mobley_632905,15,-0.135616,-0.136360,-0.136796,-0.135588,-0.136093
mobley_632905,16,-0.134445,-0.135057,-0.135813,-0.134392,-0.135145
mobley_632905,17,-0.128550,-0.129290,-0.129572,-0.128441,-0.128919
mobley_632905,18,-0.123029,-0.122726,-0.122894,-0.122291,-0.122432
mobley_632905,19,-0.124825,-0.124534,-0.124951,-0.124203,-0.124374
mobley_632905,20,-0.123029,-0.122726,-0.122894,-0.122291,-0.122432
mobley_6334915,0,0.299481,0.292848,0.289948,0.277272,0.268932
mobley_6334915,1,-1.796192,-1.796653,-1.794013,-1.795176,-1.795024
mobley_6334915,2,0.553745,0.552741,0.553268,0.553625,0.553270
mobley_6334915,3,-1.858568,-1.859381,-1.858579,-1.859062,-1.858835
mobley_6334915,4,0.017100,0.006138,0.019828,0.012468,0.010249
mobley_6334915,5,-0.445943,-0.448000,-0.446467,-0.447866,-0.450574
mobley_6334915,6,-0.083722,-0.083784,-0.083892,-0.083586,-0.084080
mobley_6334915,7,-0.097256,-0.097421,-0.097827,-0.097369,-0.097956
mobley_6334915,8,-0.089916,-0.089942,-0.090144,-0.089785,-0.090334
mobley_6334915,9,-1.828493,-1.829274,-1.827569,-1.828383,-1.827671
mobley_6334915,10,-1.804026,-1.804388,-1.802125,-1.803044,-1.802677
mobley_6334915,11,0.320735,0.312470,0.310925,0.298585,0.291603
mobley_6334915,12,-0.114939,-0.115039,-0.114491,-0.114323,-0.114167
mobley_6334915,13,-0.114521,-0.114577,-0.114106,-0.113910,-0.113796
mobley_6334915,14,-0.112949,-0.113071,-0.112526,-0.112400,-0.112275
mobley_6334915,15,-0.115251,-0.115381,-0.114939,-0.114777,-0.114562
mobley_6334915,16,-0.136080,-0.136121,-0.135816,-0.135441,-0.135815
mobley_6334915,17,-0.112465,-0.112552,-0.112027,-0.111891,-0.111782
mobley_6334915,18,-0.112121,-0.112223,-0.111685,-0.111565,-0.111459
mobley_6334915,19,-0.112650,-0.112719,-0.112234,-0.112075,-0.111970
mobley_6338073,0,0.819251,0.821111,0.856906,0.824626,0.845876
mobley_6338073,1,0.163612,0.147822,0.173183,0.163694,0.174406
mobley_6338073,2,-2.730537,-2.732783,-2.734394,-2.729423,-2.734597
mobley_6338073,3,-0.394033,-0.396948,-0.391916,-0.394543,-0.391874
mobley_6338073,4,3.122536,3.094918,3.125652,3.074352,3.067155
mobley_6338073,5,-0.446652,-0.451505,-0.453240,-0.452819,-0.451819
mobley_6338073,6,-0.658331,-0.670346,-0.647373,-0.685914,-0.665486
mobley_6338073,7,-0.660153,-0.662430,-0.661400,-0.662904,-0.662466
mobley_6338073,8,-0.637282,-0.673722,-0.646273,-0.683608,-0.656717
mobley_6338073,9,-0.328008,-0.327743,-0.326609,-0.326615,-0.327224
mobley_6338073,10,-0.329848,-0.336516,-0.335709,-0.342522,-0.340923
mobley_6338073,11,-3.128835,-3.128990,-3.162554,-3.142131,-3.156967
mobley_6338073,12,-0.101836,-0.115746,-0.074802,-0.088282,-0.065417
mobley_6338073,13,0.675727,0.707122,0.709803,0.689240,0.700459
mobley_6338073,14,0.950483,0.988772,0.993310,0.968031,0.991043
mobley_6338073,15,0.267819,0.279837,0.286317,0.275996,0.278692
mobley_6338073,16,-0.147136,-0.146462,-0.148278,-0.146288,-0.147016
mobley_6338073,17,-0.139317,-0.138702,-0.140220,-0.138458,-0.139109
mobley_6338073,18,-0.143289,-0.142784,-0.144246,-0.142487,-0.143039
mobley_6338073,19,-0.218008,-0.215934,-0.221524,-0.216852,-0.219130
mobley_6338073,20,-0.248798,-0.246587,-0.253502,-0.247952,-0.250606
mobley_6338073,21,-0.149051,-0.148643,-0.149041,-0.147860,-0.149069
mobley_6338073,22,-0.116347,-0.116609,-0.116140,-0.116260,-0.116338
mobley_6338073,23,-0.116211,-0.116508,-0.115977,-0.116118,-0.116175
mobley_6338073,24,-0.114296,-0.114613,-0.114108,-0.114290,-0.114346
mobley_6338073,25,-0.152675,-0.156058,-0.147240,-0.155868,-0.149653
mobley_6338073,26,-0.240981,-0.239680,-0.241637,-0.239095,-0.238476
mobley_6338073,27,-0.232034,-0.230559,-0.231428,-0.229150,-0.228190
mobley_6338073,28,-0.253614,-0.252288,-0.253734,-0.251312,-0.250221
mobley_6338073,29,-0.299283,-0.297184,-0.302737,-0.298693,-0.298912
mobley_6338073,30,-0.278389,-0.276854,-0.281167,-0.277826,-0.277676
mobley_6338073,31,-0.278749,-0.276707,-0.281703,-0.277987,-0.278240
mobley_6338073,32,-0.239542,-0.238105,-0.239707,-0.237213,-0.236581
mobley_6338073,33,-0.243040,-0.241712,-0.243791,-0.241326,-0.240808
mobley_6338073,34,-0.248219,-0.246722,-0.249365,-0.246495,-0.246443
mobley_6353617,0,0.327520,0.319868,0.326755,0.314673,0.320328
mobley_6353617,1,-0.174682,-0.174031,-0.177625,-0.170426,-0.174312
mobley_6353617,2,-1.831033,-1.830946,-1.830816,-1.830759,-1.830930
mobley_6353617,3,-0.259329,-0.263538,-0.247321,-0.256153,-0.243850
mobley_6353617,4,0.052552,0.061061,0.055617,0.057834,0.053587
mobley_6353617,5,-0.260267,-0.259130,-0.258766,-0.258840,-0.257698
mobley_6353617,6,-0.279522,-0.281661,-0.286566,-0.288934,-0.288008
mobley_6353617,7,-2.592812,-2.593926,-2.592948,-2.592222,-2.593021
mobley_6353617,8,-0.237037,-0.239244,-0.260856,-0.255529,-0.264110
mobley_6353617,9,-0.117875,-0.117849,-0.118005,-0.117294,-0.117524
mobley_6353617,10,-0.117659,-0.117608,-0.117760,-0.116983,-0.117232
mobley_6353617,11,-0.117875,-0.117849,-0.118005,-0.117294,-0.117524
mobley_6353617,12,-0.118587,-0.119160,-0.119041,-0.118424,-0.118701
mobley_6353617,13,-0.112935,-0.113424,-0.113046,-0.112741,-0.112908
mobley_6353617,14,-0.118405,-0.118673,-0.118072,-0.118185,-0.118211
mobley_6353617,15,-0.120092,-0.120316,-0.119870,-0.119709,-0.119869
mobley_6358463,0,-0.164610,-0.160713,-0.163703,-0.164367,-0.162510
mobley_6358463,1,-0.164610,-0.160713,-0.163703,-0.164368,-0.162511
mobley_6358463,2,-0.059917,-0.054068,-0.066593,-0.064373,-0.066426
mobley_6358463,3,-0.309712,-0.313521,-0.296235,-0.306858,-0.294955
mobley_6358463,4,-0.309712,-0.313522,-0.296236,-0.306858,-0.294955
mobley_6358463,5,-0.059922,-0.054073,-0.066598,-0.064377,-0.066431
mobley_6358463,6,-0.447763,-0.447125,-0.459318,-0.454485,-0.455985
mobley_6358463,7,0.450063,0.449694,0.450084,0.449900,0.450144
mobley_6358463,8,0.450582,0.450181,0.450512,0.450356,0.450552
mobley_6358463,9,0.453704,0.453281,0.453767,0.453485,0.453781
mobley_6358463,10,-0.447772,-0.447135,-0.459327,-0.454493,-0.455994
mobley_6358463,11,0.450063,0.449694,0.450084,0.449900,0.450144
mobley_6358463,12,0.453704,0.453281,0.453767,0.453484,0.453780
mobley_6358463,13,0.450582,0.450181,0.450512,0.450355,0.450552
mobley_6358463,14,-0.113555,-0.114037,-0.113627,-0.113327,-0.113503
mobley_6358463,15,-0.113555,-0.114037,-0.113627,-0.113328,-0.113503
mobley_6358463,16,-0.117858,-0.118396,-0.118099,-0.117585,-0.117823
mobley_6358463,17,-0.117858,-0.118396,-0.118099,-0.117585,-0.117823
mobley_6359135,0,-0.726499,-0.729637,-0.728291,-0.728334,-0.728671
mobley_6359135,1,-0.094017,-0.094042,-0.094061,-0.093941,-0.094199
mobley_6359135,2,-0.094017,-0.094042,-0.094061,-0.093941,-0.094199
mobley_6359135,3,-0.094017,-0.094042,-0.094061,-0.093941,-0.094199
mobley_6359135,4,-0.094017,-0.094042,-0.094061,-0.093941,-0.094199
mobley_6359156,0,-0.135959,-0.131838,-0.130007,-0.133451,-0.128954
mobley_6359156,1,-0.129698,-0.126026,-0.126491,-0.128130,-0.126275
mobley_6359156,2,-0.057433,-0.051848,-0.062911,-0.062059,-0.063280
mobley_6359156,3,-0.412813,-0.417639,-0.407717,-0.412728,-0.406863
mobley_6359156,4,-0.027173,-0.020984,-0.031616,-0.031298,-0.031795
mobley_6359156,5,-0.126988,-0.123166,-0.123876,-0.125343,-0.123729
mobley_6359156,6,-0.363934,-0.370733,-0.356893,-0.364005,-0.355653
mobley_6359156,7,0.072093,0.079198,0.066072,0.065149,0.063445
mobley_6359156,8,-0.321686,-0.322221,-0.319467,-0.319629,-0.319401
mobley_6359156,9,-0.066795,-0.063769,-0.062333,-0.067659,-0.062541
mobley_6359156,10,-0.041361,-0.039202,-0.037066,-0.041808,-0.038078
mobley_6359156,11,-0.297265,-0.295487,-0.298421,-0.298031,-0.298409
mobley_6359156,12,-0.065968,-0.065331,-0.065411,-0.065375,-0.065950
mobley_6359156,13,-0.051845,-0.051209,-0.050488,-0.050920,-0.050938
mobley_6359156,14,-0.111453,-0.111875,-0.111399,-0.111210,-0.111335
mobley_6359156,15,-0.112439,-0.112894,-0.112452,-0.112210,-0.112351
mobley_6359156,16,-0.117104,-0.117506,-0.117120,-0.116752,-0.116934
mobley_6359156,17,-0.117725,-0.118145,-0.117797,-0.117388,-0.117594
mobley_6359156,18,-0.112576,-0.113040,-0.112609,-0.112352,-0.112498
mobley_6359156,19,-0.118040,-0.118339,-0.117934,-0.117675,-0.117849
mobley_6359156,20,-0.112652,-0.113005,-0.112442,-0.112381,-0.112450
mobley_6359156,21,-0.113453,-0.113829,-0.113310,-0.113191,-0.113284
mobley_63712,0,1.195838,1.192700,1.204510,1.184440,1.195811
mobley_63712,1,-3.423924,-3.421257,-3.453075,-3.436039,-3.450765
mobley_63712,2,-0.059908,-0.063926,-0.056063,-0.060544,-0.057961
mobley_63712,3,0.497872,0.501333,0.528150,0.509755,0.523485
mobley_63712,4,0.258891,0.263744,0.276332,0.265453,0.279367
mobley_63712,5,0.497871,0.501331,0.528147,0.509754,0.523484
mobley_63712,6,-0.059908,-0.063926,-0.056063,-0.060545,-0.057961
mobley_63712,7,-0.188555,-0.186982,-0.189924,-0.186820,-0.187525
mobley_63712,8,-0.168216,-0.166649,-0.168834,-0.166323,-0.166929
mobley_63712,9,-0.188555,-0.186982,-0.189924,-0.186820,-0.187525
mobley_63712,10,-0.380649,-0.377250,-0.384822,-0.378807,-0.380057
mobley_63712,11,-0.454109,-0.449761,-0.460014,-0.452875,-0.454166
mobley_63712,12,-0.473915,-0.471001,-0.481357,-0.474678,-0.476180
mobley_63712,13,-0.451529,-0.449171,-0.460304,-0.453329,-0.455476
mobley_63712,14,-0.448285,-0.445843,-0.455846,-0.449972,-0.451584
mobley_63712,15,-0.444848,-0.443369,-0.453921,-0.447886,-0.449740
mobley_63712,16,-0.473915,-0.471000,-0.481357,-0.474678,-0.476179
mobley_63712,17,-0.451529,-0.449171,-0.460303,-0.453329,-0.455475
mobley_63712,18,-0.380649,-0.377249,-0.384822,-0.378806,-0.380057
mobley_63712,19,-0.454108,-0.449761,-0.460014,-0.452874,-0.454166
mobley_637522,0,-0.169747,-0.165811,-0.166826,-0.168635,-0.165306
mobley_637522,1,-0.169746,-0.165809,-0.166823,-0.168633,-0.165304
mobley_637522,2,0.006384,0.013921,-0.001005,0.004677,-0.001764
mobley_637522,3,-0.320714,-0.317615,-0.289242,-0.310172,-0.287185
mobley_637522,4,0.038099,0.046542,0.018990,0.030426,0.015589
mobley_637522,5,-0.320715,-0.317614,-0.289243,-0.310171,-0.287185
mobley_637522,6,0.006384,0.013921,-0.001004,0.004677,-0.001763
mobley_637522,7,-0.169750,-0.165814,-0.166827,-0.168637,-0.165308
mobley_637522,8,-0.169750,-0.165814,-0.166828,-0.168638,-0.165309
mobley_637522,9,0.006396,0.013932,-0.000993,0.004688,-0.001753
mobley_637522,10,-0.320711,-0.317610,-0.289237,-0.310168,-0.287181
mobley_637522,11,0.038087,0.046528,0.018979,0.030413,0.015575
mobley_637522,12,-0.320709,-0.317610,-0.289236,-0.310166,-0.287179
mobley_637522,13,0.006387,0.013926,-0.001000,0.004681,-0.001759
mobley_637522,14,-0.114048,-0.114531,-0.114167,-0.113819,-0.114015
mobley_637522,15,-0.114048,-0.114530,-0.114167,-0.113819,-0.114015
mobley_637522,16,-0.123265,-0.123958,-0.124034,-0.123075,-0.123504
mobley_637522,17,-0.144687,-0.145679,-0.146416,-0.144369,-0.145263
mobley_637522,18,-0.123265,-0.123958,-0.124034,-0.123075,-0.123504
mobley_637522,19,-0.114048,-0.114531,-0.114167,-0.113819,-0.114015
mobley_637522,20,-0.114049,-0.114531,-0.114167,-0.113819,-0.114015
mobley_637522,21,-0.123265,-0.123959,-0.124034,-0.123075,-0.123504
mobley_637522,22,-0.144687,-0.145679,-0.146416,-0.144369,-0.145263
mobley_637522,23,-0.123265,-0.123958,-0.124034,-0.123075,-0.123504
mobley_6416775,0,1.117002,1.127234,1.139926,1.124155,1.134443
mobley_6416775,1,1.143804,1.159685,1.171080,1.169415,1.174572
mobley_6416775,2,0.995062,1.019603,0.995992,1.007117,1.017339
mobley_6416775,3,-0.092912,-0.105462,-0.076143,-0.101726,-0.060289
mobley_6416775,4,0.925284,0.954915,0.919407,0.915928,0.907375
mobley_6416775,5,0.556467,0.578731,0.566663,0.564258,0.559148
mobley_6416775,6,0.541664,0.562375,0.550677,0.549363,0.541757
mobley_6416775,7,0.792048,0.819913,0.794476,0.781375,0.786607
mobley_6416775,8,-0.148530,-0.147977,-0.149502,-0.147740,-0.148232
mobley_6416775,9,-0.155135,-0.154617,-0.156225,-0.154407,-0.154892
mobley_6416775,10,-0.148916,-0.148363,-0.149872,-0.148109,-0.148599
mobley_6416775,11,-0.361802,-0.359675,-0.368513,-0.362970,-0.364861
mobley_6416775,12,-0.333539,-0.331203,-0.339679,-0.334013,-0.336446
mobley_6416775,13,-0.565357,-0.562652,-0.575328,-0.567809,-0.569834
mobley_6416775,14,-0.538160,-0.535520,-0.547577,-0.540311,-0.542398
mobley_6416775,15,-1.251489,-1.250729,-1.285083,-1.270116,-1.275519
mobley_6416775,16,-0.577179,-0.576550,-0.587762,-0.581498,-0.582292
mobley_6416775,17,-0.550063,-0.549117,-0.559894,-0.554590,-0.554648
mobley_6416775,18,-0.445399,-0.444127,-0.456032,-0.449523,-0.451655
mobley_6416775,19,-0.430007,-0.428922,-0.439050,-0.433644,-0.434994
mobley_6416775,20,-0.412925,-0.411727,-0.422127,-0.416523,-0.418235
mobley_6416775,21,-0.415650,-0.414422,-0.425464,-0.419494,-0.421462
mobley_6416775,22,-0.507919,-0.506685,-0.514790,-0.510788,-0.509626
mobley_6416775,23,-0.523160,-0.522122,-0.530810,-0.525977,-0.525504
mobley_6430250,0,0.760635,0.767253,0.775933,0.758732,0.771319
mobley_6430250,1,0.869577,0.878432,0.887899,0.884030,0.888068
mobley_6430250,2,0.144376,0.137747,0.141583,0.139465,0.144348
mobley_6430250,3,-0.296292,-0.300634,-0.284032,-0.292716,-0.281591
mobley_6430250,4,-0.156955,-0.147329,-0.171699,-0.163605,-0.169888
mobley_6430250,5,-0.146951,-0.142818,-0.147501,-0.146875,-0.147152
mobley_6430250,6,-0.178444,-0.174570,-0.173342,-0.177085,-0.171703
mobley_6430250,7,-0.146951,-0.142818,-0.147502,-0.146875,-0.147151
mobley_6430250,8,-0.156954,-0.147330,-0.171697,-0.163604,-0.169888
mobley_6430250,9,-0.145747,-0.145299,-0.146685,-0.145055,-0.145519
mobley_6430250,10,-0.141587,-0.141126,-0.142463,-0.140871,-0.141346
mobley_6430250,11,-0.141587,-0.141126,-0.142463,-0.140871,-0.141346
mobley_6430250,12,-0.289630,-0.287981,-0.294534,-0.289692,-0.291350
mobley_6430250,13,-0.289631,-0.287981,-0.294534,-0.289692,-0.291350
mobley_6430250,14,-0.306540,-0.305888,-0.312215,-0.306806,-0.308908
mobley_6430250,15,-0.306539,-0.305888,-0.312215,-0.306805,-0.308907
mobley_6430250,16,-0.120560,-0.121136,-0.121035,-0.120299,-0.120559
mobley_6430250,17,-0.114199,-0.114702,-0.114350,-0.113996,-0.114178
mobley_6430250,18,-0.112464,-0.112892,-0.112463,-0.112230,-0.112380
mobley_6430250,19,-0.114199,-0.114702,-0.114350,-0.113996,-0.114178
mobley_6430250,20,-0.120560,-0.121136,-0.121035,-0.120299,-0.120559
mobley_6456034,0,1.357997,1.382045,1.409225,1.383072,1.404771
mobley_6456034,1,0.262583,0.251229,0.310920,0.290338,0.314378
mobley_6456034,2,0.225473,0.238498,0.248506,0.229153,0.246036
mobley_6456034,3,0.416825,0.444165,0.416862,0.407826,0.410443
mobley_6456034,4,-2.062875,-2.089124,-2.063204,-2.077500,-2.058321
mobley_6456034,5,1.272322,1.270416,1.136222,1.200643,1.125573
mobley_6456034,6,-1.875264,-1.875947,-1.877517,-1.877177,-1.877173
mobley_6456034,7,0.002612,-0.007572,0.029348,0.015476,0.031060
mobley_6456034,8,0.764765,0.773470,0.785809,0.764446,0.785681
mobley_6456034,9,0.081894,0.086581,0.087931,0.073661,0.084472
mobley_6456034,10,-0.188935,-0.187951,-0.190369,-0.188160,-0.188455
mobley_6456034,11,-0.183126,-0.182416,-0.184393,-0.182446,-0.182573
mobley_6456034,12,-0.184256,-0.183336,-0.185703,-0.183524,-0.183863
mobley_6456034,13,-0.831179,-0.826647,-0.861415,-0.847553,-0.855911
mobley_6456034,14,-0.182387,-0.181557,-0.183405,-0.181574,-0.181669
mobley_6456034,15,-0.187547,-0.186454,-0.188244,-0.186246,-0.186362
mobley_6456034,16,-0.206364,-0.205275,-0.208029,-0.205580,-0.206037
mobley_6456034,17,-0.344552,-0.341178,-0.348688,-0.344870,-0.345505
mobley_6456034,18,-0.359083,-0.355702,-0.363846,-0.359939,-0.360491
mobley_6456034,19,-0.615718,-0.612864,-0.637530,-0.626692,-0.633006
mobley_6456034,20,-0.161464,-0.160880,-0.162384,-0.160688,-0.160924
mobley_6456034,21,-0.161907,-0.161210,-0.162972,-0.161133,-0.161538
mobley_6456034,22,-0.169481,-0.168708,-0.170611,-0.168689,-0.169072
mobley_6456034,23,-0.165579,-0.164972,-0.166311,-0.164644,-0.164810
mobley_6456034,24,-0.183529,-0.182644,-0.184727,-0.182550,-0.183049
mobley_6456034,25,-0.166797,-0.166011,-0.167293,-0.165494,-0.165689
mobley_646007,0,-0.065305,-0.063862,-0.053111,-0.059121,-0.052867
mobley_646007,1,-0.065308,-0.063865,-0.053114,-0.059122,-0.052870
mobley_646007,2,-0.107455,-0.111097,-0.102271,-0.107918,-0.103849
mobley_646007,3,-2.721919,-2.722066,-2.730983,-2.724720,-2.730576
mobley_646007,4,-0.107454,-0.111096,-0.102270,-0.107917,-0.103847
mobley_646007,5,-0.343623,-0.342114,-0.351684,-0.345999,-0.348331
mobley_646007,6,-0.343792,-0.342569,-0.351252,-0.346159,-0.347894
mobley_646007,7,-0.343791,-0.342568,-0.351250,-0.346159,-0.347892
mobley_646007,8,-0.343624,-0.342115,-0.351685,-0.346001,-0.348332
mobley_646007,9,-0.259383,-0.257934,-0.263470,-0.259480,-0.260602
mobley_646007,10,-0.235120,-0.233682,-0.238489,-0.234588,-0.235868
mobley_646007,11,-0.125903,-0.125906,-0.126330,-0.125708,-0.126366
mobley_646007,12,-0.235119,-0.233681,-0.238488,-0.234587,-0.235867
mobley_646007,13,-0.259384,-0.257936,-0.263471,-0.259481,-0.260603
mobley_6474572,0,-0.294661,-0.294272,-0.289683,-0.297818,-0.293490
mobley_6474572,1,-0.437810,-0.438527,-0.434227,-0.438468,-0.436404
mobley_6474572,2,-0.071729,-0.071592,-0.071252,-0.071196,-0.071417
mobley_6474572,3,-0.120760,-0.120903,-0.120192,-0.120443,-0.120430
mobley_6474572,4,-0.123501,-0.123635,-0.122966,-0.123204,-0.123194
mobley_6474572,5,-0.122771,-0.122912,-0.122238,-0.122407,-0.122514
mobley_6497672,0,0.281143,0.275381,0.278328,0.266869,0.272666
mobley_6497672,1,0.182770,0.190497,0.193621,0.193341,0.193048
mobley_6497672,2,-0.102207,-0.097587,-0.097769,-0.099096,-0.099051
mobley_6497672,3,-0.308484,-0.307123,-0.305677,-0.307586,-0.308948
mobley_6497672,4,-1.824313,-1.824113,-1.823085,-1.823687,-1.823443
mobley_6497672,5,-0.110692,-0.110820,-0.110638,-0.110188,-0.110321
mobley_6497672,6,-0.110037,-0.110161,-0.109939,-0.109501,-0.109615
mobley_6497672,7,-0.110692,-0.110820,-0.110638,-0.110188,-0.110321
mobley_6497672,8,-0.106764,-0.107160,-0.106872,-0.106609,-0.106744
mobley_6497672,9,-0.109512,-0.109800,-0.109114,-0.109196,-0.109177
mobley_6497672,10,-0.115639,-0.115778,-0.115034,-0.115177,-0.115197
mobley_6522117,0,0.565791,0.566221,0.591111,0.568276,0.583105
mobley_6522117,1,0.308869,0.303188,0.313328,0.306653,0.306695
mobley_6522117,2,-1.848927,-1.849472,-1.847045,-1.846825,-1.845832
mobley_6522117,3,0.526476,0.525570,0.526125,0.526472,0.526572
mobley_6522117,4,-1.869382,-1.869925,-1.869055,-1.869572,-1.869342
mobley_6522117,5,-1.864902,-1.865490,-1.864102,-1.863185,-1.862486
mobley_6522117,6,0.375881,0.370982,0.382053,0.373092,0.371987
mobley_6522117,7,0.638285,0.639384,0.664396,0.640936,0.655971
mobley_6522117,8,-1.870142,-1.871013,-1.869752,-1.870609,-1.870460
mobley_6522117,9,-0.462795,-0.464268,-0.463651,-0.465910,-0.466764
mobley_6522117,10,-0.548334,-0.547833,-0.549544,-0.549692,-0.550615
mobley_6522117,11,-0.074968,-0.074823,-0.074770,-0.074637,-0.075002
mobley_6522117,12,-0.441033,-0.445490,-0.433453,-0.439472,-0.431616
mobley_6522117,13,-0.216955,-0.215219,-0.221180,-0.220185,-0.219676
mobley_6522117,14,-0.084643,-0.081171,-0.081192,-0.083948,-0.080972
mobley_6522117,15,-0.359159,-0.359672,-0.356661,-0.357133,-0.355023
mobley_6522117,16,-0.072939,-0.073070,-0.072561,-0.077824,-0.073199
mobley_6522117,17,-0.460259,-0.463301,-0.462869,-0.462056,-0.461640
mobley_6522117,18,-0.055438,-0.054569,-0.054767,-0.054869,-0.055529
mobley_6522117,19,-0.051078,-0.050416,-0.049648,-0.050097,-0.050086
mobley_6522117,20,-0.126926,-0.126595,-0.127424,-0.126222,-0.126564
mobley_6522117,21,-0.125874,-0.125556,-0.126371,-0.125187,-0.125532
mobley_6522117,22,-0.125745,-0.125488,-0.126198,-0.125111,-0.125402
mobley_6522117,23,-0.173867,-0.172813,-0.174658,-0.172679,-0.172504
mobley_6522117,24,-0.166154,-0.165138,-0.166745,-0.164974,-0.164802
mobley_6522117,25,-0.182486,-0.181346,-0.183397,-0.181244,-0.181017
mobley_6522117,26,-0.173449,-0.172331,-0.173990,-0.172103,-0.171864
mobley_6522117,27,-0.129809,-0.129431,-0.130381,-0.129076,-0.129453
mobley_6522117,28,-0.130129,-0.129741,-0.130684,-0.129354,-0.129715
mobley_6522117,29,-0.129558,-0.129253,-0.130068,-0.128859,-0.129160
mobley_6522117,30,-0.120418,-0.120565,-0.120015,-0.120165,-0.120332
mobley_6522117,31,-0.131940,-0.132512,-0.132329,-0.131313,-0.131491
mobley_6522117,32,-0.114123,-0.114537,-0.114045,-0.113848,-0.113953
mobley_6522117,33,-0.114813,-0.115135,-0.114571,-0.114569,-0.114613
mobley_6571751,0,0.354684,0.357990,0.348510,0.344089,0.342393
mobley_6571751,1,-0.300783,-0.300566,-0.290162,-0.295560,-0.288237
mobley_6571751,2,-0.006141,0.005976,0.007236,0.000744,0.014326
mobley_6571751,3,0.312639,0.321066,0.328747,0.317453,0.330548
mobley_6571751,4,0.477623,0.494497,0.496420,0.491072,0.500088
mobley_6571751,5,0.574393,0.591982,0.593009,0.589053,0.595726
mobley_6571751,6,0.124014,0.125922,0.132904,0.123184,0.135233
mobley_6571751,7,-0.131059,-0.131013,-0.131300,-0.130130,-0.130382
mobley_6571751,8,-0.128175,-0.128125,-0.128555,-0.127407,-0.127720
mobley_6571751,9,-0.128978,-0.128932,-0.129382,-0.128207,-0.128519
mobley_6571751,10,-0.135483,-0.136146,-0.136385,-0.135326,-0.135431
mobley_6571751,11,-0.254753,-0.254224,-0.259117,-0.254807,-0.256321
mobley_6571751,12,-0.260798,-0.259893,-0.264551,-0.260187,-0.261693
mobley_6571751,13,-0.360628,-0.358829,-0.367256,-0.361579,-0.363799
mobley_6571751,14,-0.339889,-0.338789,-0.347235,-0.341699,-0.344055
mobley_6571751,15,-0.369464,-0.368148,-0.377704,-0.371374,-0.374140
mobley_6571751,16,-0.389045,-0.387334,-0.396442,-0.390264,-0.392616
mobley_6571751,17,-0.289629,-0.289212,-0.293917,-0.289690,-0.290641
mobley_6571751,18,-0.286188,-0.285250,-0.289453,-0.285213,-0.286229
mobley_6619554,0,0.967990,0.979312,0.987137,0.971841,0.982296
mobley_6619554,1,0.713228,0.721752,0.730030,0.732216,0.735814
mobley_6619554,2,0.761498,0.771038,0.778846,0.776109,0.786225
mobley_6619554,3,-0.113437,-0.114411,-0.099708,-0.106947,-0.102236
mobley_6619554,4,0.976537,0.976602,0.876153,0.932919,0.870673
mobley_6619554,5,-1.860349,-1.860862,-1.861759,-1.861598,-1.861496
mobley_6619554,6,-2.005238,-1.999599,-2.012802,-2.005689,-2.012099
mobley_6619554,7,0.849300,0.857172,0.825520,0.830287,0.814098
mobley_6619554,8,0.576029,0.577641,0.618002,0.589117,0.608128
mobley_6619554,9,-0.147558,-0.147058,-0.148560,-0.146829,-0.147315
mobley_6619554,10,-0.153213,-0.152722,-0.154291,-0.152509,-0.152990
mobley_6619554,11,-0.147557,-0.147058,-0.148559,-0.146829,-0.147315
mobley_6619554,12,-0.365525,-0.363356,-0.375345,-0.368601,-0.372162
mobley_6619554,13,-0.365525,-0.363356,-0.375345,-0.368601,-0.372161
mobley_6619554,14,-0.396630,-0.393983,-0.406304,-0.399207,-0.402737
mobley_6619554,15,-0.396630,-0.393983,-0.406304,-0.399208,-0.402738
mobley_6619554,16,-0.320044,-0.318034,-0.327794,-0.321767,-0.324580
mobley_6619554,17,-0.320044,-0.318034,-0.327794,-0.321766,-0.324580
mobley_6619554,18,-0.206510,-0.204703,-0.209636,-0.206814,-0.207988
mobley_6619554,19,-0.206510,-0.204703,-0.209636,-0.206814,-0.207988
mobley_6619554,20,-0.135001,-0.134460,-0.135812,-0.134349,-0.134945
mobley_6619554,21,-0.135001,-0.134460,-0.135812,-0.134349,-0.134945
mobley_6619554,22,-0.128554,-0.128213,-0.129095,-0.127961,-0.128312
mobley_6620221,0,1.440645,1.487233,1.509971,1.484467,1.504293
mobley_6620221,1,-0.373712,-0.381553,-0.367761,-0.368607,-0.362672
mobley_6620221,2,-0.382860,-0.392799,-0.392801,-0.395626,-0.390973
mobley_6620221,3,-0.259975,-0.266248,-0.209412,-0.241972,-0.206982
mobley_6620221,4,0.230665,0.242859,0.236572,0.238557,0.235899
mobley_6620221,5,-0.312194,-0.312381,-0.310704,-0.313436,-0.307516
mobley_6620221,6,-0.483113,-0.483920,-0.482670,-0.484671,-0.480400
mobley_6620221,7,-0.641114,-0.652237,-0.629357,-0.641155,-0.629875
mobley_6620221,8,1.794701,1.819457,1.856731,1.823123,1.834598
mobley_6620221,9,-2.742758,-2.740291,-2.780495,-2.762565,-2.774919
mobley_6620221,10,-1.353899,-1.358698,-1.267300,-1.347242,-1.294935
mobley_6620221,11,-0.015549,-0.027611,-0.056853,-0.049170,-0.065570
mobley_6620221,12,-1.902594,-1.902578,-1.899120,-1.900273,-1.899592
mobley_6620221,13,-1.916121,-1.900126,-1.910570,-1.915814,-1.924453
mobley_6620221,14,0.396770,0.384467,0.398438,0.379238,0.387137
mobley_6620221,15,0.402462,0.422663,0.415570,0.403959,0.413452
mobley_6620221,16,-0.216862,-0.215443,-0.218243,-0.215729,-0.215734
mobley_6620221,17,-0.206736,-0.205504,-0.207824,-0.205795,-0.205489
mobley_6620221,18,-0.211316,-0.210081,-0.212681,-0.210438,-0.210357
mobley_6620221,19,-0.378310,-0.379070,-0.384134,-0.380323,-0.380211
mobley_6620221,20,-0.389834,-0.390042,-0.396429,-0.391597,-0.392362
mobley_6620221,21,-0.125626,-0.126278,-0.126162,-0.125412,-0.125662
mobley_6620221,22,-0.118328,-0.118866,-0.118676,-0.118173,-0.118419
mobley_6620221,23,-0.136734,-0.137300,-0.137510,-0.136550,-0.136996
mobley_6620221,24,-0.048740,-0.044762,-0.052871,-0.053905,-0.052993
mobley_6620221,25,-0.117359,-0.117247,-0.117184,-0.116624,-0.116782
mobley_6620221,26,-0.119597,-0.119422,-0.119290,-0.118713,-0.118860
mobley_6620221,27,-0.117079,-0.116940,-0.116853,-0.116325,-0.116477
mobley_6620221,28,-0.234027,-0.232444,-0.235572,-0.232789,-0.232833
mobley_6620221,29,-0.224225,-0.222822,-0.225465,-0.223120,-0.222850
mobley_6620221,30,-0.228536,-0.226959,-0.230354,-0.227645,-0.227971
mobley_6632459,0,0.448449,0.446248,0.452636,0.438954,0.448226
mobley_6632459,1,0.532047,0.526767,0.547670,0.535647,0.546858
mobley_6632459,2,-0.196355,-0.193569,-0.194843,-0.197612,-0.195744
mobley_6632459,3,-1.821328,-1.821254,-1.820136,-1.820729,-1.820452
mobley_6632459,4,-0.124523,-0.124330,-0.125030,-0.123950,-0.124308
mobley_6632459,5,-0.124523,-0.124330,-0.125030,-0.123950,-0.124308
mobley_6632459,6,-0.126244,-0.126011,-0.126740,-0.125605,-0.125962
mobley_6632459,7,-0.168567,-0.168025,-0.172094,-0.169233,-0.170839
mobley_6632459,8,-0.168567,-0.168025,-0.172094,-0.169233,-0.170840
mobley_6632459,9,-0.109761,-0.110015,-0.109292,-0.109404,-0.109429
mobley_664966,0,-0.781556,-0.779763,-0.778796,-0.782652,-0.782362
mobley_664966,1,-1.389373,-1.389617,-1.389113,-1.389297,-1.389155
mobley_664966,2,-1.389373,-1.389617,-1.389113,-1.389297,-1.389155
mobley_664966,3,-0.135463,-0.135254,-0.134858,-0.135125,-0.135362
mobley_664966,4,-0.135463,-0.135254,-0.134858,-0.135125,-0.135362
mobley_667278,0,0.098734,0.108369,0.097249,0.096766,0.094480
mobley_667278,1,0.012603,0.016479,0.017023,0.012699,0.015285
mobley_667278,2,-0.344637,-0.346261,-0.343197,-0.345258,-0.343081
mobley_667278,3,-0.420090,-0.423357,-0.420878,-0.423243,-0.421450
mobley_667278,4,-0.407148,-0.409251,-0.416078,-0.413950,-0.416498
mobley_667278,5,-0.355368,-0.361953,-0.347348,-0.354932,-0.346043
mobley_667278,6,-0.317563,-0.324216,-0.307513,-0.316075,-0.306045
mobley_667278,7,0.158796,0.168077,0.154057,0.152639,0.149317
mobley_667278,8,-0.302557,-0.303953,-0.300776,-0.302537,-0.301420
mobley_667278,9,-0.389625,-0.392181,-0.388955,-0.392297,-0.389546
mobley_667278,10,-0.373209,-0.376105,-0.371939,-0.375503,-0.373031
mobley_667278,11,-0.384556,-0.385073,-0.392898,-0.390456,-0.393562
mobley_667278,12,-0.072311,-0.071830,-0.072135,-0.072038,-0.072592
mobley_667278,13,-0.071779,-0.071512,-0.071382,-0.071507,-0.071670
mobley_667278,14,-0.071843,-0.071543,-0.071432,-0.071542,-0.071722
mobley_667278,15,-0.059568,-0.059115,-0.058710,-0.058973,-0.059068
mobley_667278,16,-0.073067,-0.072634,-0.072938,-0.072842,-0.073385
mobley_667278,17,-0.072750,-0.072485,-0.072394,-0.072506,-0.072696
mobley_667278,18,-0.061825,-0.061398,-0.060996,-0.061227,-0.061328
mobley_667278,19,-0.116533,-0.116958,-0.116546,-0.116183,-0.116359
mobley_667278,20,-0.112680,-0.113057,-0.112512,-0.112422,-0.112500
mobley_667278,21,-0.116649,-0.116985,-0.116536,-0.116306,-0.116445
mobley_6688723,0,0.334982,0.329571,0.324008,0.315820,0.314213
mobley_6688723,1,-1.959450,-1.957850,-1.963494,-1.958467,-1.962479
mobley_6688723,2,-0.398714,-0.406875,-0.400551,-0.400419,-0.398837
mobley_6688723,3,-0.523631,-0.525143,-0.524810,-0.526238,-0.525321
mobley_6688723,4,-0.335244,-0.341415,-0.343206,-0.347031,-0.341184
mobley_6688723,5,-0.524913,-0.525389,-0.522447,-0.524329,-0.521732
mobley_6688723,6,-0.583915,-0.591110,-0.585305,-0.586320,-0.583137
mobley_6688723,7,0.365778,0.366898,0.426910,0.390266,0.409219
mobley_6688723,8,-1.936161,-1.938095,-1.939185,-1.937682,-1.938936
mobley_6688723,9,-1.963217,-1.961644,-1.967007,-1.962395,-1.965980
mobley_6688723,10,0.522678,0.515956,0.531131,0.506509,0.519257
mobley_6688723,11,-0.060901,-0.060416,-0.059969,-0.060233,-0.060442
mobley_6688723,12,-0.045802,-0.044377,-0.044156,-0.044226,-0.045095
mobley_6688723,13,-0.124409,-0.124142,-0.124063,-0.123644,-0.123739
mobley_6688723,14,-0.118750,-0.118496,-0.118389,-0.117949,-0.117968
mobley_6688723,15,-0.119273,-0.119008,-0.118700,-0.118379,-0.118350
mobley_6688723,16,-0.118584,-0.118914,-0.118497,-0.118319,-0.118437
mobley_6688723,17,0.942227,0.962125,0.975387,0.966788,0.963836
mobley_6688723,18,-0.143854,-0.143512,-0.143966,-0.143128,-0.143486
mobley_6688723,19,-0.138763,-0.138525,-0.138848,-0.138137,-0.138339
mobley_6688723,20,-0.127256,-0.126839,-0.127224,-0.126473,-0.126641
mobley_6714389,0,0.428845,0.418818,0.439551,0.419855,0.430606
mobley_6714389,1,-2.530713,-2.531683,-2.530919,-2.530958,-2.531184
mobley_6714389,2,-0.108717,-0.108785,-0.108489,-0.108214,-0.108299
mobley_6714389,3,-0.104662,-0.104824,-0.104322,-0.104207,-0.104220
mobley_6714389,4,-0.108717,-0.108785,-0.108489,-0.108214,-0.108299
mobley_6714389,5,-0.117842,-0.117927,-0.117590,-0.117502,-0.117824
mobley_6714389,6,-0.117842,-0.117927,-0.117590,-0.117502,-0.117824
mobley_6727159,0,-0.048644,-0.048532,-0.032355,-0.041917,-0.037706
mobley_6727159,1,0.155825,0.147592,0.174081,0.161955,0.165435
mobley_6727159,2,-1.807316,-1.807714,-1.807007,-1.806541,-1.807135
mobley_6727159,3,2.606272,2.571962,2.598377,2.567349,2.586968
mobley_6727159,4,-1.764721,-1.765411,-1.762929,-1.763817,-1.763519
mobley_6727159,5,-1.777391,-1.777984,-1.776504,-1.777051,-1.777034
mobley_6727159,6,-1.819794,-1.820244,-1.819442,-1.819523,-1.819723
mobley_6727159,7,-0.187300,-0.186076,-0.190403,-0.188184,-0.189091
mobley_6727159,8,-0.183957,-0.182856,-0.186998,-0.185006,-0.185730
mobley_6727159,9,-0.263884,-0.261134,-0.270746,-0.266743,-0.268467
mobley_6727159,10,-0.264931,-0.262208,-0.271725,-0.267970,-0.269454
mobley_6727159,11,-0.128716,-0.128720,-0.128034,-0.127629,-0.128138
mobley_6733657,0,0.105161,0.112664,0.122191,0.109815,0.128064
mobley_6733657,1,1.006724,1.028457,1.011307,1.004734,0.989838
mobley_6733657,2,0.458070,0.451726,0.476169,0.445499,0.484287
mobley_6733657,3,0.458067,0.451724,0.476164,0.445497,0.484283
mobley_6733657,4,1.006781,1.028514,1.011363,1.004793,0.989893
mobley_6733657,5,0.408320,0.419959,0.412738,0.425959,0.406372
mobley_6733657,6,0.347598,0.339725,0.345572,0.320269,0.347404
mobley_6733657,7,-0.434907,-0.436729,-0.430370,-0.434984,-0.430830
mobley_6733657,8,-0.434901,-0.436723,-0.430364,-0.434978,-0.430824
mobley_6733657,9,0.347601,0.339729,0.345575,0.320272,0.347409
mobley_6733657,10,-0.367640,-0.369913,-0.363177,-0.369169,-0.364724
mobley_6733657,11,-0.062800,-0.062609,-0.062908,-0.062419,-0.063481
mobley_6733657,12,-0.039952,-0.039570,-0.039995,-0.038874,-0.040733
mobley_6733657,13,0.396174,0.406807,0.399364,0.404949,0.389784
mobley_6733657,14,-0.026151,-0.025143,-0.025172,-0.025265,-0.026156
mobley_6733657,15,-0.026158,-0.025151,-0.025180,-0.025272,-0.026163
mobley_6733657,16,0.396175,0.406807,0.399365,0.404951,0.389785
mobley_6733657,17,0.408292,0.419933,0.412711,0.425931,0.406345
mobley_6733657,18,-0.319868,-0.318400,-0.323980,-0.319822,-0.320497
mobley_6733657,19,-0.356631,-0.354740,-0.361773,-0.356287,-0.357651
mobley_6733657,20,-0.186953,-0.186579,-0.186289,-0.185555,-0.184105
mobley_6733657,21,-0.734531,-0.733442,-0.746040,-0.736131,-0.737691
mobley_6733657,22,-0.734530,-0.733440,-0.746037,-0.736129,-0.737688
mobley_6733657,23,-0.186954,-0.186580,-0.186290,-0.185556,-0.184106
mobley_6739648,0,-0.171356,-0.173875,-0.162211,-0.169436,-0.163051
mobley_6739648,1,-0.171356,-0.173874,-0.162211,-0.169436,-0.163051
mobley_6739648,2,-2.051880,-2.045545,-2.059982,-2.053085,-2.058922
mobley_6739648,3,-0.171356,-0.173874,-0.162211,-0.169435,-0.163050
mobley_6739648,4,-0.171356,-0.173874,-0.162210,-0.169435,-0.163051
mobley_6739648,5,-2.051879,-2.045545,-2.059982,-2.053085,-2.058922
mobley_6739648,6,-0.243402,-0.241409,-0.247463,-0.244724,-0.245586
mobley_6739648,7,-0.258267,-0.256149,-0.262966,-0.260285,-0.260806
mobley_6739648,8,-0.243402,-0.241409,-0.247464,-0.244724,-0.245587
mobley_6739648,9,-0.258267,-0.256150,-0.262966,-0.260285,-0.260806
mobley_6739648,10,-0.258267,-0.256149,-0.262966,-0.260285,-0.260806
mobley_6739648,11,-0.243401,-0.241408,-0.247463,-0.244724,-0.245586
mobley_6739648,12,-0.258267,-0.256149,-0.262966,-0.260285,-0.260806
mobley_6739648,13,-0.243401,-0.241409,-0.247464,-0.244724,-0.245586
mobley_6743808,0,0.355982,0.355413,0.343239,0.338968,0.333858
mobley_6743808,1,-0.338108,-0.341617,-0.329350,-0.336020,-0.327591
mobley_6743808,2,-0.305309,-0.304025,-0.317447,-0.314196,-0.314634
mobley_6743808,3,-0.468518,-0.469808,-0.466028,-0.469529,-0.465538
mobley_6743808,4,-0.388113,-0.391492,-0.381783,-0.388257,-0.384968
mobley_6743808,5,-0.303461,-0.299938,-0.310733,-0.307352,-0.310291
mobley_6743808,6,-0.371499,-0.375367,-0.367248,-0.371451,-0.366121
mobley_6743808,7,0.400040,0.401871,0.389622,0.385154,0.379693
mobley_6743808,8,-1.868371,-1.868750,-1.868500,-1.868290,-1.868718
mobley_6743808,9,-0.125815,-0.125766,-0.125921,-0.124949,-0.125176
mobley_6743808,10,-0.125170,-0.125027,-0.125006,-0.123967,-0.124177
mobley_6743808,11,-0.125816,-0.125766,-0.125921,-0.124949,-0.125176
mobley_6743808,12,-0.128081,-0.128915,-0.129183,-0.128058,-0.128463
mobley_6743808,13,-0.125074,-0.125717,-0.125771,-0.124999,-0.125351
mobley_6743808,14,-0.160870,-0.162133,-0.164106,-0.161706,-0.162554
mobley_6743808,15,-0.125925,-0.125868,-0.126030,-0.125051,-0.125280
mobley_6743808,16,-0.125922,-0.125756,-0.125743,-0.124689,-0.124899
mobley_6743808,17,-0.125924,-0.125867,-0.126029,-0.125051,-0.125280
mobley_6743808,18,-0.162864,-0.162969,-0.163094,-0.162474,-0.163039
mobley_676247,0,-0.622580,-0.619494,-0.631940,-0.627437,-0.627949
mobley_676247,1,0.442654,0.442472,0.442625,0.442663,0.442696
mobley_676247,2,0.442654,0.442472,0.442625,0.442663,0.442696
mobley_676247,3,0.442654,0.442472,0.442625,0.442663,0.442696
mobley_676247,4,0.442654,0.442472,0.442625,0.442663,0.442696
mobley_6794076,0,0.333378,0.325947,0.333778,0.320934,0.327158
mobley_6794076,1,-0.152365,-0.151662,-0.154750,-0.148315,-0.151916
mobley_6794076,2,-1.831096,-1.831018,-1.830849,-1.830815,-1.830965
mobley_6794076,3,-0.303840,-0.305877,-0.287881,-0.298213,-0.285298
mobley_6794076,4,-0.188571,-0.187940,-0.197401,-0.192668,-0.196448
mobley_6794076,5,-0.203193,-0.204397,-0.214146,-0.214436,-0.217062
mobley_6794076,6,-2.582868,-2.584141,-2.583186,-2.582465,-2.583158
mobley_6794076,7,-0.174898,-0.175438,-0.185759,-0.186254,-0.189367
mobley_6794076,8,-0.278938,-0.279645,-0.293050,-0.287182,-0.292868
mobley_6794076,9,-0.117803,-0.117769,-0.117909,-0.117219,-0.117448
mobley_6794076,10,-0.117724,-0.117661,-0.117824,-0.117038,-0.117298
mobley_6794076,11,-0.117803,-0.117769,-0.117909,-0.117219,-0.117448
mobley_6794076,12,-0.121722,-0.122347,-0.122473,-0.121594,-0.122002
mobley_6794076,13,-0.118239,-0.118524,-0.117925,-0.118014,-0.118043
mobley_6794076,14,-0.118194,-0.118487,-0.117897,-0.117974,-0.118006
mobley_6794076,15,-0.115496,-0.115956,-0.115651,-0.115094,-0.115346
mobley_6804509,0,0.088742,0.089465,0.094827,0.084570,0.091487
mobley_6804509,1,-0.327984,-0.329974,-0.326717,-0.328995,-0.327141
mobley_6804509,2,-0.327982,-0.329972,-0.326715,-0.328993,-0.327139
mobley_6804509,3,0.088738,0.089459,0.094819,0.084564,0.091479
mobley_6804509,4,-0.327985,-0.329973,-0.326718,-0.328996,-0.327142
mobley_6804509,5,-0.327983,-0.329972,-0.326715,-0.328993,-0.327139
mobley_6804509,6,-0.061505,-0.061042,-0.060656,-0.060892,-0.061004
mobley_6804509,7,-0.061505,-0.061042,-0.060656,-0.060892,-0.061005
mobley_6804509,8,-0.061505,-0.061042,-0.060656,-0.060892,-0.061004
mobley_6804509,9,-0.061505,-0.061042,-0.060656,-0.060892,-0.061004
mobley_6804509,10,-0.114310,-0.114629,-0.114051,-0.114083,-0.114115
mobley_6804509,11,-0.114310,-0.114629,-0.114051,-0.114083,-0.114115
mobley_6812653,0,1.020868,1.033197,1.040483,1.026249,1.035593
mobley_6812653,1,0.808553,0.823436,0.824250,0.829840,0.831898
mobley_6812653,2,0.800573,0.812905,0.804450,0.807377,0.818924
mobley_6812653,3,0.800575,0.812907,0.804451,0.807376,0.818924
mobley_6812653,4,0.808554,0.823439,0.824252,0.829842,0.831899
mobley_6812653,5,1.020867,1.033194,1.040481,1.026246,1.035590
mobley_6812653,6,-0.148055,-0.147546,-0.149040,-0.147310,-0.147781
mobley_6812653,7,-0.154150,-0.153651,-0.155225,-0.153438,-0.153910
mobley_6812653,8,-0.148055,-0.147546,-0.149039,-0.147309,-0.147781
mobley_6812653,9,-0.383616,-0.381372,-0.393668,-0.386708,-0.390263
mobley_6812653,10,-0.383615,-0.381371,-0.393668,-0.386707,-0.390262
mobley_6812653,11,-0.479619,-0.477126,-0.490833,-0.483068,-0.486493
mobley_6812653,12,-0.479619,-0.477125,-0.490832,-0.483067,-0.486492
mobley_6812653,13,-0.479620,-0.477126,-0.490833,-0.483068,-0.486493
mobley_6812653,14,-0.479619,-0.477126,-0.490833,-0.483068,-0.486493
mobley_6812653,15,-0.383616,-0.381372,-0.393669,-0.386708,-0.390263
mobley_6812653,16,-0.383615,-0.381372,-0.393669,-0.386708,-0.390262
mobley_6812653,17,-0.148055,-0.147546,-0.149040,-0.147310,-0.147781
mobley_6812653,18,-0.154150,-0.153651,-0.155225,-0.153438,-0.153910
mobley_6812653,19,-0.148055,-0.147546,-0.149040,-0.147310,-0.147781
mobley_6843802,0,-0.186115,-0.183659,-0.178126,-0.183599,-0.176909
mobley_6843802,1,-0.246121,-0.246370,-0.246797,-0.247420,-0.245525
mobley_6843802,2,-0.423752,-0.422990,-0.416782,-0.420724,-0.416595
mobley_6843802,3,-0.120097,-0.124383,-0.139729,-0.141596,-0.144485
mobley_6843802,4,-0.465740,-0.467612,-0.463362,-0.466244,-0.463874
mobley_6843802,5,-0.190377,-0.187948,-0.190950,-0.190576,-0.190710
mobley_6843802,6,-2.023523,-2.021518,-2.029862,-2.023743,-2.029065
mobley_6843802,7,0.425192,0.433280,0.388352,0.398760,0.383249
mobley_6843802,8,-0.155258,-0.148303,-0.146666,-0.151413,-0.144288
mobley_6843802,9,0.457811,0.457320,0.457934,0.457596,0.457970
mobley_6843802,10,0.458655,0.458160,0.458739,0.458408,0.458782
mobley_6843802,11,0.454960,0.454707,0.454601,0.454278,0.454645
mobley_6843802,12,-0.112359,-0.112795,-0.112366,-0.112138,-0.112279
mobley_6843802,13,-0.114060,-0.114496,-0.114096,-0.113833,-0.113989
mobley_6843802,14,-0.131107,-0.131709,-0.131855,-0.130940,-0.131358
mobley_6843802,15,-0.132900,-0.133230,-0.133710,-0.132555,-0.133279
mobley_6843802,16,-0.115100,-0.115635,-0.115342,-0.114928,-0.115126
mobley_6843802,17,-0.169225,-0.168996,-0.169612,-0.168866,-0.169193
mobley_6843802,18,-0.112949,-0.113280,-0.112629,-0.112597,-0.112591
mobley_6854178,0,0.001012,0.001426,0.006291,-0.004438,0.001478
mobley_6854178,1,-0.039195,-0.045580,-0.023734,-0.028941,-0.021768
mobley_6854178,2,0.270135,0.280612,0.287066,0.274000,0.281681
mobley_6854178,3,-1.962230,-1.958803,-1.969249,-1.964190,-1.968671
mobley_6854178,4,1.078322,1.051306,1.056163,1.032060,1.054038
mobley_6854178,5,-1.818403,-1.818711,-1.816801,-1.817541,-1.817062
mobley_6854178,6,-0.160615,-0.159758,-0.161477,-0.159760,-0.160092
mobley_6854178,7,-0.161504,-0.160713,-0.162389,-0.160697,-0.160969
mobley_6854178,8,-0.160308,-0.159571,-0.160956,-0.159452,-0.159487
mobley_6854178,9,-0.439583,-0.436046,-0.453512,-0.447437,-0.451021
mobley_6854178,10,-0.165513,-0.164639,-0.166799,-0.164819,-0.165300
mobley_6854178,11,-0.157285,-0.156678,-0.158264,-0.156684,-0.156882
mobley_6854178,12,-0.161405,-0.160595,-0.162616,-0.160679,-0.161176
mobley_6854178,13,-0.122699,-0.122808,-0.122181,-0.122123,-0.122314
mobley_6861308,0,0.550375,0.547021,0.551862,0.533913,0.545472
mobley_6861308,1,-2.762903,-2.766424,-2.765689,-2.764410,-2.766683
mobley_6861308,2,0.473242,0.462461,0.487362,0.457875,0.478672
mobley_6861308,3,-0.513749,-0.520422,-0.522464,-0.520147,-0.520334
mobley_6861308,4,-1.888194,-1.889789,-1.888262,-1.888546,-1.887565
mobley_6861308,5,0.279391,0.292321,0.375265,0.323986,0.331997
mobley_6861308,6,-0.419484,-0.422128,-0.421828,-0.422050,-0.421617
mobley_6861308,7,-0.194554,-0.187929,-0.178105,-0.182310,-0.177520
mobley_6861308,8,-0.209448,-0.206500,-0.208229,-0.207683,-0.207594
mobley_6861308,9,-0.150261,-0.146894,-0.140280,-0.146177,-0.138786
mobley_6861308,10,-0.245250,-0.244914,-0.244095,-0.244798,-0.243010
mobley_6861308,11,-0.379385,-0.375071,-0.373995,-0.377630,-0.373998
mobley_6861308,12,-0.152805,-0.152010,-0.153025,-0.151344,-0.151685
mobley_6861308,13,-0.146572,-0.145782,-0.147006,-0.145342,-0.145784
mobley_6861308,14,-0.147216,-0.146485,-0.147514,-0.145867,-0.146201
mobley_6861308,15,-0.155903,-0.155006,-0.156422,-0.154497,-0.154951
mobley_6861308,16,-0.166846,-0.165840,-0.167410,-0.165206,-0.165644
mobley_6861308,17,-0.179228,-0.178312,-0.179928,-0.177836,-0.178405
mobley_6861308,18,0.927729,0.931690,0.946941,0.919270,0.933755
mobley_6861308,19,-0.136371,-0.137189,-0.137874,-0.136375,-0.136956
mobley_6861308,20,-0.114080,-0.114560,-0.114171,-0.113852,-0.114017
mobley_6861308,21,-0.112318,-0.112750,-0.112304,-0.112081,-0.112220
mobley_6861308,22,-0.114225,-0.114713,-0.114366,-0.114013,-0.114199
mobley_6861308,23,-0.137340,-0.137805,-0.137949,-0.136936,-0.137454
mobley_6896128,0,1.134963,1.148405,1.158075,1.143651,1.152563
mobley_6896128,1,0.999094,1.009751,1.025529,1.025858,1.035283
mobley_6896128,2,1.851027,1.856104,1.867168,1.859134,1.876500
mobley_6896128,3,0.393382,0.399237,0.379712,0.390693,0.387841
mobley_6896128,4,0.284502,0.276932,0.326372,0.301162,0.335051
mobley_6896128,5,1.456800,1.494748,1.464022,1.456722,1.460668
mobley_6896128,6,0.554503,0.572949,0.558480,0.561320,0.572112
mobley_6896128,7,1.546976,1.557545,1.572590,1.554357,1.558983
mobley_6896128,8,-0.155992,-0.155493,-0.157087,-0.155272,-0.155732
mobley_6896128,9,-0.149281,-0.148765,-0.150272,-0.148524,-0.148983
mobley_6896128,10,-0.149117,-0.148600,-0.150107,-0.148361,-0.148820
mobley_6896128,11,-0.407835,-0.405409,-0.418362,-0.410943,-0.414656
mobley_6896128,12,-0.406641,-0.404223,-0.417195,-0.409790,-0.413524
mobley_6896128,13,-0.458041,-0.454861,-0.461558,-0.456176,-0.456071
mobley_6896128,14,-0.458944,-0.455738,-0.462718,-0.457101,-0.457256
mobley_6896128,15,-0.555467,-0.552640,-0.562288,-0.556284,-0.556416
mobley_6896128,16,-0.594235,-0.590567,-0.600905,-0.594237,-0.594498
mobley_6896128,17,-0.994442,-0.991705,-1.022148,-1.010086,-1.015250
mobley_6896128,18,-0.215815,-0.214899,-0.216681,-0.214638,-0.214201
mobley_6896128,19,-0.223142,-0.221576,-0.223939,-0.221363,-0.221240
mobley_6896128,20,-0.215415,-0.214248,-0.216712,-0.214325,-0.214350
mobley_6896128,21,-0.465315,-0.461744,-0.472403,-0.466166,-0.467594
mobley_6896128,22,-0.437484,-0.435117,-0.444842,-0.439376,-0.440581
mobley_6896128,23,-0.164374,-0.163513,-0.164654,-0.162869,-0.162933
mobley_6896128,24,-0.162710,-0.161830,-0.163227,-0.161355,-0.161664
mobley_6896128,25,-0.177496,-0.176244,-0.177763,-0.175540,-0.175762
mobley_6911232,0,0.648503,0.649460,0.677236,0.651794,0.666063
mobley_6911232,1,0.268632,0.267813,0.274766,0.268910,0.270467
mobley_6911232,2,-1.921745,-1.917186,-1.925574,-1.920173,-1.924810
mobley_6911232,3,0.665802,0.661667,0.667969,0.653407,0.655672
mobley_6911232,4,-0.131564,-0.131198,-0.132181,-0.130946,-0.131297
mobley_6911232,5,-0.133889,-0.133377,-0.134663,-0.133203,-0.133746
mobley_6911232,6,-0.133889,-0.133377,-0.134663,-0.133204,-0.133746
mobley_6911232,7,-0.217250,-0.215349,-0.221586,-0.218460,-0.219841
mobley_6911232,8,-0.217250,-0.215349,-0.221586,-0.218460,-0.219841
mobley_6911232,9,-0.124789,-0.124544,-0.125040,-0.124328,-0.124449
mobley_6911232,10,-0.120138,-0.119807,-0.120113,-0.119472,-0.119549
mobley_6911232,11,-0.120138,-0.119807,-0.120113,-0.119472,-0.119549
mobley_6917738,0,0.765174,0.760267,0.767670,0.750779,0.755296
mobley_6917738,1,-1.944039,-1.938947,-1.949446,-1.943185,-1.948690
mobley_6917738,2,-0.020487,-0.025228,-0.012101,-0.018024,-0.013311
mobley_6917738,3,0.135390,0.127191,0.158450,0.139545,0.153205
mobley_6917738,4,-2.604193,-2.606384,-2.608307,-2.608116,-2.608068
mobley_6917738,5,-0.126745,-0.126442,-0.126985,-0.126218,-0.126331
mobley_6917738,6,-0.122869,-0.122457,-0.122831,-0.122119,-0.122188
mobley_6917738,7,-0.123579,-0.123141,-0.123544,-0.122818,-0.122909
mobley_6917738,8,-0.280678,-0.277891,-0.286628,-0.282495,-0.284027
mobley_6917738,9,-0.282777,-0.280028,-0.288587,-0.284659,-0.285957
mobley_6917738,10,-0.206825,-0.205088,-0.210635,-0.206734,-0.208608
mobley_6917738,11,-0.220715,-0.218999,-0.224902,-0.221001,-0.222673
mobley_6917738,12,-0.118584,-0.118328,-0.118228,-0.117795,-0.118399
mobley_6917738,13,-0.127698,-0.127743,-0.127602,-0.127428,-0.127875
mobley_6929123,0,0.553149,0.545316,0.553785,0.536063,0.541597
mobley_6929123,1,-1.855503,-1.855178,-1.854530,-1.853950,-1.854354
mobley_6929123,2,1.165382,1.173755,1.224884,1.186516,1.228675
mobley_6929123,3,-1.826712,-1.827039,-1.825571,-1.826020,-1.825777
mobley_6929123,4,-0.227590,-0.236770,-0.223759,-0.233439,-0.227025
mobley_6929123,5,-0.036360,-0.036336,-0.035613,-0.035452,-0.035827
mobley_6929123,6,-0.115673,-0.115584,-0.115406,-0.115074,-0.115087
mobley_6929123,7,-0.117691,-0.117644,-0.117657,-0.117245,-0.117300
mobley_6929123,8,-0.115673,-0.115584,-0.115406,-0.115074,-0.115087
mobley_6929123,9,-0.108432,-0.108668,-0.108060,-0.108078,-0.108104
mobley_6929123,10,-0.108432,-0.108668,-0.108060,-0.108078,-0.108104
mobley_6935906,0,0.395571,0.396967,0.383879,0.376682,0.372993
mobley_6935906,1,-0.159621,-0.158660,-0.136115,-0.146690,-0.132331
mobley_6935906,2,-0.132076,-0.118115,-0.145506,-0.130984,-0.145013
mobley_6935906,3,0.993567,0.989512,1.024966,1.002447,1.022408
mobley_6935906,4,0.242107,0.247922,0.251553,0.245710,0.252318
mobley_6935906,5,-0.496336,-0.502770,-0.498423,-0.498218,-0.495515
mobley_6935906,6,-0.044862,-0.043748,-0.050376,-0.054991,-0.049457
mobley_6935906,7,-0.097079,-0.084718,-0.095827,-0.094371,-0.093643
mobley_6935906,8,0.084681,0.103279,0.087010,0.093130,0.077487
mobley_6935906,9,-2.100236,-2.125952,-2.112684,-2.127452,-2.112504
mobley_6935906,10,1.518281,1.505132,1.510012,1.469276,1.500243
mobley_6935906,11,-1.847624,-1.848205,-1.846918,-1.847414,-1.847013
mobley_6935906,12,0.215583,0.209109,0.247306,0.217477,0.238824
mobley_6935906,13,0.355130,0.355772,0.349350,0.341947,0.342886
mobley_6935906,14,-0.129790,-0.129510,-0.129670,-0.128675,-0.128870
mobley_6935906,15,-0.130858,-0.130715,-0.130828,-0.129775,-0.129833
mobley_6935906,16,-0.128476,-0.128246,-0.128329,-0.127259,-0.127361
mobley_6935906,17,-0.141248,-0.142002,-0.143189,-0.141627,-0.141976
mobley_6935906,18,-0.303657,-0.301321,-0.305676,-0.300619,-0.301883
mobley_6935906,19,-0.386137,-0.383760,-0.390669,-0.384146,-0.385858
mobley_6935906,20,-0.465859,-0.462553,-0.471250,-0.464957,-0.466032
mobley_6935906,21,-0.515602,-0.512414,-0.521384,-0.515375,-0.515468
mobley_6935906,22,-0.250422,-0.248742,-0.252585,-0.249616,-0.249871
mobley_6935906,23,-0.239368,-0.237549,-0.240889,-0.238123,-0.238206
mobley_6935906,24,-0.240520,-0.238444,-0.242347,-0.239078,-0.239773
mobley_6935906,25,-0.164326,-0.164458,-0.165939,-0.164597,-0.164905
mobley_6935906,26,-0.112983,-0.113194,-0.112490,-0.112721,-0.112686
mobley_6935906,27,-0.118957,-0.118906,-0.118421,-0.118473,-0.118620
mobley_6935906,28,-0.125774,-0.125481,-0.125851,-0.124966,-0.125315
mobley_6935906,29,-0.116536,-0.116529,-0.116553,-0.115977,-0.116129
mobley_6935906,30,-0.125892,-0.125610,-0.125993,-0.125079,-0.125420
mobley_6935906,31,-0.128905,-0.128831,-0.129142,-0.128068,-0.128274
mobley_6935906,32,-0.127449,-0.127428,-0.127871,-0.126785,-0.127045
mobley_6935906,33,-0.126719,-0.126697,-0.127139,-0.126062,-0.126327
mobley_6973347,0,0.522627,0.523747,0.559989,0.532633,0.550652
mobley_6973347,1,0.618277,0.624644,0.605168,0.604637,0.595469
mobley_6973347,2,-1.941021,-1.937636,-1.945546,-1.940984,-1.945199
mobley_6973347,3,1.284459,1.287451,1.324246,1.281606,1.319445
mobley_6973347,4,-1.833194,-1.833550,-1.832552,-1.832782,-1.832679
mobley_6973347,5,-0.006635,-0.017468,0.002326,-0.015785,-0.002483
mobley_6973347,6,-0.128476,-0.128145,-0.129024,-0.127891,-0.128240
mobley_6973347,7,-0.133991,-0.133480,-0.134789,-0.133355,-0.133935
mobley_6973347,8,-0.133991,-0.133480,-0.134789,-0.133355,-0.133935
mobley_6973347,9,-0.204949,-0.203217,-0.208194,-0.205357,-0.206553
mobley_6973347,10,-0.204949,-0.203217,-0.208194,-0.205357,-0.206553
mobley_6973347,11,-0.113058,-0.113120,-0.112994,-0.112580,-0.112691
mobley_6973347,12,-0.119302,-0.119185,-0.119381,-0.118700,-0.118970
mobley_6973347,13,-0.119302,-0.119185,-0.119381,-0.118700,-0.118970
mobley_6978427,0,1.146907,1.139863,1.151250,1.123923,1.133692
mobley_6978427,1,-1.936840,-1.934524,-1.939696,-1.936225,-1.938871
mobley_6978427,2,1.024234,1.022996,0.944345,0.987205,0.937761
mobley_6978427,3,-1.865418,-1.866120,-1.866358,-1.866434,-1.866283
mobley_6978427,4,-0.281175,-0.294407,-0.268227,-0.280804,-0.265820
mobley_6978427,5,0.732968,0.731838,0.754078,0.736261,0.751975
mobley_6978427,6,0.937258,0.949959,0.966818,0.957263,0.964328
mobley_6978427,7,0.984512,0.999968,1.017856,1.004622,1.013419
mobley_6978427,8,0.965760,0.979205,1.000723,0.988623,0.998990
mobley_6978427,9,1.117392,1.119874,1.145522,1.131281,1.132026
mobley_6978427,10,-0.120607,-0.120459,-0.120553,-0.120050,-0.120112
mobley_6978427,11,-0.120151,-0.119904,-0.119859,-0.119401,-0.119432
mobley_6978427,12,-0.119965,-0.119694,-0.119645,-0.119192,-0.119237
mobley_6978427,13,-0.801731,-0.798396,-0.819706,-0.809940,-0.812613
mobley_6978427,14,-0.490610,-0.488682,-0.496864,-0.491543,-0.491649
mobley_6978427,15,-0.508886,-0.505684,-0.514991,-0.508815,-0.509678
mobley_6978427,16,-0.457222,-0.453907,-0.461691,-0.455932,-0.456269
mobley_6978427,17,-0.435346,-0.433245,-0.441726,-0.436035,-0.436886
mobley_6978427,18,-0.450833,-0.449195,-0.458651,-0.452674,-0.453931
mobley_6978427,19,-0.473642,-0.470543,-0.480579,-0.474166,-0.475565
mobley_6978427,20,-0.436779,-0.433523,-0.440784,-0.435562,-0.435836
mobley_6978427,21,-0.403946,-0.402042,-0.409836,-0.404764,-0.405481
mobley_6978427,22,-0.481925,-0.478838,-0.487828,-0.482099,-0.482798
mobley_6978427,23,-0.460563,-0.458820,-0.467396,-0.462165,-0.462617
mobley_6981465,0,0.464056,0.478707,0.499426,0.479738,0.492631
mobley_6981465,1,0.089879,0.108730,0.083569,0.082437,0.074921
mobley_6981465,2,0.053205,0.054158,0.067214,0.053014,0.061441
mobley_6981465,3,-2.074465,-2.067357,-2.086775,-2.077464,-2.086071
mobley_6981465,4,1.133674,1.121987,1.132476,1.094825,1.131319
mobley_6981465,5,-1.836963,-1.837395,-1.836272,-1.836595,-1.836395
mobley_6981465,6,0.061300,0.052238,0.082648,0.058426,0.076577
mobley_6981465,7,-0.165661,-0.164747,-0.166937,-0.164908,-0.165451
mobley_6981465,8,-0.157093,-0.156465,-0.158013,-0.156473,-0.156655
mobley_6981465,9,-0.170102,-0.169138,-0.171462,-0.169397,-0.169912
mobley_6981465,10,-0.498939,-0.494686,-0.513769,-0.506746,-0.510665
mobley_6981465,11,-0.165226,-0.164359,-0.165928,-0.164303,-0.164396
mobley_6981465,12,-0.169454,-0.168519,-0.170477,-0.168619,-0.168975
mobley_6981465,13,-0.169049,-0.168038,-0.170100,-0.168200,-0.168659
mobley_6981465,14,-0.114156,-0.114194,-0.114122,-0.113656,-0.113787
mobley_6981465,15,-0.121595,-0.121402,-0.121682,-0.120924,-0.121236
mobley_6981465,16,-0.122053,-0.121869,-0.122171,-0.121390,-0.121704
mobley_6988468,0,0.447140,0.449724,0.452332,0.438054,0.446374
mobley_6988468,1,0.243909,0.237058,0.252608,0.247338,0.255194
mobley_6988468,2,-0.348048,-0.351076,-0.343931,-0.346271,-0.342296
mobley_6988468,3,-0.327030,-0.326980,-0.330637,-0.329828,-0.329670
mobley_6988468,4,-0.134695,-0.129023,-0.129158,-0.128442,-0.129248
mobley_6988468,5,-0.270987,-0.269402,-0.265378,-0.267493,-0.263178
mobley_6988468,6,-0.311386,-0.312786,-0.317099,-0.318208,-0.318577
mobley_6988468,7,-2.612740,-2.614069,-2.614878,-2.613339,-2.614992
mobley_6988468,8,-0.126728,-0.126528,-0.126846,-0.125823,-0.126010
mobley_6988468,9,-0.127123,-0.126923,-0.127250,-0.126224,-0.126411
mobley_6988468,10,-0.124504,-0.124233,-0.124484,-0.123442,-0.123628
mobley_6988468,11,-0.215592,-0.214999,-0.219725,-0.215434,-0.217405
mobley_6988468,12,-0.216664,-0.216108,-0.220604,-0.216368,-0.218261
mobley_6988468,13,-0.119984,-0.120617,-0.120603,-0.119774,-0.120054
mobley_6988468,14,-0.113265,-0.113784,-0.113392,-0.113092,-0.113236
mobley_6988468,15,-0.112562,-0.113018,-0.112626,-0.112357,-0.112519
mobley_6988468,16,-0.119139,-0.119420,-0.118828,-0.118896,-0.118927
mobley_7009711,0,0.414258,0.416411,0.416264,0.405515,0.409102
mobley_7009711,1,-0.241674,-0.245100,-0.224801,-0.235233,-0.222150
mobley_7009711,2,-0.142569,-0.129535,-0.159484,-0.150609,-0.159920
mobley_7009711,3,-0.278258,-0.281922,-0.264536,-0.274027,-0.262759
mobley_7009711,4,-0.293428,-0.287682,-0.291743,-0.292638,-0.290430
mobley_7009711,5,-0.379442,-0.382636,-0.374154,-0.380192,-0.377966
mobley_7009711,6,-0.400098,-0.395236,-0.394100,-0.397851,-0.392587
mobley_7009711,7,-1.868997,-1.869338,-1.869339,-1.868923,-1.869543
mobley_7009711,8,0.392595,0.394817,0.393357,0.383509,0.386304
mobley_7009711,9,-0.121364,-0.121391,-0.121619,-0.120707,-0.120983
mobley_7009711,10,-0.119460,-0.119529,-0.119543,-0.118704,-0.118917
mobley_7009711,11,-0.119084,-0.119146,-0.119153,-0.118321,-0.118533
mobley_7009711,12,-0.131862,-0.132759,-0.133027,-0.131752,-0.132167
mobley_7009711,13,-0.150942,-0.152018,-0.153593,-0.151581,-0.152351
mobley_7009711,14,-0.132425,-0.133214,-0.133517,-0.132426,-0.132825
mobley_7009711,15,-0.163056,-0.163152,-0.163278,-0.162634,-0.163228
mobley_7009711,16,-0.119984,-0.120039,-0.120079,-0.119216,-0.119436
mobley_7009711,17,-0.121869,-0.121885,-0.122145,-0.121212,-0.121497
mobley_7009711,18,-0.119650,-0.119705,-0.119727,-0.118881,-0.119097
mobley_7010316,0,0.782410,0.793760,0.813724,0.800104,0.814108
mobley_7010316,1,0.908056,0.918123,0.936605,0.926456,0.933455
mobley_7010316,2,0.316858,0.317951,0.327031,0.318222,0.332617
mobley_7010316,3,-0.144584,-0.147696,-0.140530,-0.142566,-0.139953
mobley_7010316,4,0.461426,0.464888,0.480548,0.469941,0.484692
mobley_7010316,5,1.043112,1.052876,1.071795,1.062519,1.060920
mobley_7010316,6,-1.930379,-1.926617,-1.937711,-1.932800,-1.937932
mobley_7010316,7,-0.444977,-0.442134,-0.451535,-0.445900,-0.447143
mobley_7010316,8,-0.421032,-0.419506,-0.428714,-0.423317,-0.424585
mobley_7010316,9,-0.457547,-0.454580,-0.464599,-0.458579,-0.459968
mobley_7010316,10,-0.433763,-0.431857,-0.441846,-0.435986,-0.437526
mobley_7010316,11,-0.445365,-0.443389,-0.453059,-0.447926,-0.448701
mobley_7010316,12,-0.478885,-0.475542,-0.485987,-0.480456,-0.481227
mobley_7010316,13,-0.631160,-0.628479,-0.646217,-0.640983,-0.642175
mobley_7010316,14,-0.591678,-0.587125,-0.602937,-0.595491,-0.597409
mobley_7010316,15,-0.565946,-0.563126,-0.578442,-0.571361,-0.573209
mobley_7010316,16,-0.471416,-0.468583,-0.478515,-0.472525,-0.473689
mobley_7010316,17,-0.448981,-0.447150,-0.457237,-0.451297,-0.452710
mobley_7010316,18,-0.127673,-0.127480,-0.127271,-0.126523,-0.127506
mobley_7015518,0,0.377352,0.372321,0.385098,0.374616,0.375170
mobley_7015518,1,-1.827820,-1.826328,-1.826749,-1.825145,-1.826459
mobley_7015518,2,0.377352,0.372321,0.385097,0.374616,0.375169
mobley_7015518,3,-0.118681,-0.118598,-0.118829,-0.118335,-0.118422
mobley_7015518,4,-0.114254,-0.114167,-0.114179,-0.113763,-0.113796
mobley_7015518,5,-0.114254,-0.114167,-0.114179,-0.113763,-0.113796
mobley_7015518,6,-0.114254,-0.114167,-0.114179,-0.113763,-0.113796
mobley_7015518,7,-0.118681,-0.118598,-0.118829,-0.118335,-0.118422
mobley_7015518,8,-0.114255,-0.114167,-0.114179,-0.113763,-0.113796
mobley_7017274,0,-0.146509,-0.141702,-0.143273,-0.145218,-0.142059
mobley_7017274,1,-0.137477,-0.132356,-0.132500,-0.134488,-0.131630
mobley_7017274,2,0.251801,0.256530,0.237909,0.243174,0.234889
mobley_7017274,3,-0.574379,-0.579251,-0.582257,-0.578484,-0.580718
mobley_7017274,4,-0.288905,-0.287073,-0.253811,-0.277844,-0.251235
mobley_7017274,5,0.058027,0.066513,0.054183,0.058642,0.053286
mobley_7017274,6,-0.001414,0.006727,-0.002474,-0.001243,-0.001317
mobley_7017274,7,-0.001399,0.006742,-0.002461,-0.001229,-0.001301
mobley_7017274,8,-0.288911,-0.287077,-0.253817,-0.277848,-0.251240
mobley_7017274,9,-0.574381,-0.579252,-0.582257,-0.578485,-0.580718
mobley_7017274,10,0.251795,0.256527,0.237904,0.243170,0.234885
mobley_7017274,11,-0.137478,-0.132358,-0.132501,-0.134490,-0.131631
mobley_7017274,12,-0.146503,-0.141693,-0.143264,-0.145211,-0.142051
mobley_7017274,13,0.058017,0.066501,0.054171,0.058628,0.053277
mobley_7017274,14,-0.113656,-0.114139,-0.113748,-0.113413,-0.113598
mobley_7017274,15,-0.114135,-0.114638,-0.114291,-0.113908,-0.114120
mobley_7017274,16,-0.126318,-0.126753,-0.126841,-0.125933,-0.126463
mobley_7017274,17,-0.123862,-0.124615,-0.124764,-0.123708,-0.124165
mobley_7017274,18,-0.129649,-0.130512,-0.130831,-0.129465,-0.130055
mobley_7017274,19,-0.129648,-0.130512,-0.130830,-0.129464,-0.130055
mobley_7017274,20,-0.126318,-0.126753,-0.126841,-0.125933,-0.126463
mobley_7017274,21,-0.114136,-0.114638,-0.114291,-0.113908,-0.114121
mobley_7017274,22,-0.113656,-0.114139,-0.113748,-0.113413,-0.113598
mobley_7017274,23,-0.123862,-0.124616,-0.124765,-0.123708,-0.124166
mobley_7039935,0,-0.182135,-0.178688,-0.179841,-0.181954,-0.178029
mobley_7039935,1,-0.198067,-0.194102,-0.195242,-0.196584,-0.194038
mobley_7039935,2,-0.131801,-0.126892,-0.148421,-0.140862,-0.148304
mobley_7039935,3,-0.368006,-0.367391,-0.331524,-0.356362,-0.331592
mobley_7039935,4,-0.334030,-0.333084,-0.314879,-0.329761,-0.315046
mobley_7039935,5,0.019989,0.028403,0.013895,0.020450,0.014176
mobley_7039935,6,-0.089215,-0.083106,-0.094018,-0.091117,-0.092816
mobley_7039935,7,-0.258158,-0.257353,-0.259629,-0.260413,-0.257587
mobley_7039935,8,-0.447773,-0.448254,-0.444198,-0.448492,-0.443306
mobley_7039935,9,-0.401276,-0.399518,-0.395813,-0.400529,-0.399608
mobley_7039935,10,-1.872038,-1.872528,-1.872606,-1.872140,-1.872683
mobley_7039935,11,-0.114162,-0.114638,-0.114269,-0.113923,-0.114116
mobley_7039935,12,-0.114726,-0.115235,-0.114909,-0.114503,-0.114718
mobley_7039935,13,-0.137325,-0.138149,-0.138899,-0.137390,-0.138041
mobley_7039935,14,-0.123137,-0.123854,-0.123957,-0.122968,-0.123397
mobley_7039935,15,-0.125204,-0.125978,-0.126204,-0.125099,-0.125582
mobley_7039935,16,-0.116650,-0.117167,-0.116915,-0.116440,-0.116683
mobley_7039935,17,-0.123469,-0.124055,-0.124025,-0.123330,-0.123663
mobley_7039935,18,-0.150267,-0.150203,-0.149096,-0.150188,-0.149454
mobley_7047032,0,0.298762,0.306594,0.288532,0.281859,0.285265
mobley_7047032,1,0.373236,0.373193,0.424840,0.415127,0.432997
mobley_7047032,2,0.298764,0.306594,0.288532,0.281858,0.285264
mobley_7047032,3,0.298763,0.306595,0.288533,0.281858,0.285265
mobley_7047032,4,0.303204,0.307442,0.306177,0.308497,0.305021
mobley_7047032,5,-0.154678,-0.154100,-0.155113,-0.153669,-0.153711
mobley_7047032,6,-0.156766,-0.156171,-0.157244,-0.155785,-0.155820
mobley_7047032,7,-0.156766,-0.156171,-0.157244,-0.155785,-0.155820
mobley_7047032,8,-0.154678,-0.154100,-0.155113,-0.153669,-0.153711
mobley_7047032,9,-0.156766,-0.156171,-0.157244,-0.155785,-0.155820
mobley_7047032,10,-0.156766,-0.156171,-0.157244,-0.155785,-0.155820
mobley_7047032,11,-0.156766,-0.156171,-0.157244,-0.155785,-0.155820
mobley_7047032,12,-0.156766,-0.156171,-0.157244,-0.155785,-0.155820
mobley_7047032,13,-0.154678,-0.154100,-0.155113,-0.153669,-0.153711
mobley_7066554,0,-0.451372,-0.452979,-0.450253,-0.452514,-0.449974
mobley_7066554,1,-0.223446,-0.225695,-0.228758,-0.230772,-0.228268
mobley_7066554,2,-0.394459,-0.396570,-0.393798,-0.394843,-0.392931
mobley_7066554,3,-0.237484,-0.238464,-0.245318,-0.245208,-0.244969
mobley_7066554,4,-0.306217,-0.308756,-0.304082,-0.306328,-0.303039
mobley_7066554,5,-0.333355,-0.333666,-0.320052,-0.327831,-0.322894
mobley_7066554,6,-1.861711,-1.862086,-1.861379,-1.861508,-1.861596
mobley_7066554,7,-0.054241,-0.053691,-0.052979,-0.053372,-0.053394
mobley_7066554,8,-0.119254,-0.119776,-0.119618,-0.119103,-0.119359
mobley_7066554,9,-0.114108,-0.114465,-0.113960,-0.113854,-0.113943
mobley_7066554,10,-0.113836,-0.114216,-0.113720,-0.113583,-0.113675
mobley_7066554,11,-0.128562,-0.129288,-0.130098,-0.128848,-0.129438
mobley_7066554,12,-0.161726,-0.161847,-0.161977,-0.161365,-0.161915
mobley_7099614,0,-0.248700,-0.242384,-0.248914,-0.250558,-0.253552
mobley_7099614,1,0.096015,0.099316,0.112323,0.103532,0.110590
mobley_7099614,2,-0.036805,-0.043012,-0.038434,-0.045120,-0.042378
mobley_7099614,3,-0.028804,-0.028727,-0.028017,-0.027952,-0.028268
mobley_7099614,4,-0.115581,-0.115761,-0.115045,-0.115281,-0.115245
mobley_7099614,5,-0.115385,-0.115575,-0.114841,-0.115103,-0.115056
mobley_7099614,6,-0.107319,-0.107633,-0.106933,-0.107065,-0.107031
mobley_7099614,7,-0.105232,-0.105577,-0.104856,-0.105015,-0.104957
mobley_7099614,8,-0.104517,-0.104867,-0.104134,-0.104290,-0.104218
mobley_7106722,0,1.113368,1.125293,1.136793,1.120944,1.131359
mobley_7106722,1,1.144573,1.157639,1.164027,1.162882,1.165718
mobley_7106722,2,0.410250,0.420664,0.401810,0.406959,0.411102
mobley_7106722,3,0.434573,0.427863,0.474835,0.454024,0.480697
mobley_7106722,4,0.836077,0.869774,0.840224,0.830518,0.840270
mobley_7106722,5,1.209087,1.248448,1.221357,1.215240,1.223216
mobley_7106722,6,-0.150657,-0.150111,-0.151687,-0.149885,-0.150372
mobley_7106722,7,-0.150536,-0.149987,-0.151537,-0.149747,-0.150232
mobley_7106722,8,-0.157418,-0.156892,-0.158547,-0.156693,-0.157173
mobley_7106722,9,-0.392359,-0.390010,-0.400267,-0.394117,-0.396351
mobley_7106722,10,-0.371386,-0.368868,-0.379038,-0.372714,-0.375380
mobley_7106722,11,-0.531384,-0.529194,-0.541304,-0.534820,-0.536365
mobley_7106722,12,-0.521875,-0.519250,-0.531285,-0.524615,-0.526448
mobley_7106722,13,-0.895183,-0.892044,-0.924862,-0.911516,-0.919174
mobley_7106722,14,-0.194937,-0.193703,-0.195164,-0.193201,-0.192974
mobley_7106722,15,-0.182076,-0.181288,-0.182556,-0.180935,-0.180748
mobley_7106722,16,-0.187106,-0.186432,-0.187715,-0.186142,-0.185741
mobley_7106722,17,-0.203690,-0.202789,-0.205343,-0.203004,-0.203187
mobley_7106722,18,-0.205596,-0.204807,-0.207317,-0.204989,-0.205151
mobley_7106722,19,-0.202185,-0.201344,-0.203971,-0.201585,-0.201824
mobley_7142697,0,1.051559,1.063592,1.072869,1.058238,1.067975
mobley_7142697,1,0.753612,0.766488,0.768643,0.772588,0.776188
mobley_7142697,2,0.626690,0.641598,0.622003,0.629352,0.632521
mobley_7142697,3,0.905918,0.919600,0.939275,0.934100,0.946319
mobley_7142697,4,0.827650,0.831190,0.860390,0.841833,0.853659
mobley_7142697,5,-2.419001,-2.425101,-2.427446,-2.426314,-2.427664
mobley_7142697,6,-0.148086,-0.147571,-0.149064,-0.147334,-0.147806
mobley_7142697,7,-0.154179,-0.153679,-0.155253,-0.153465,-0.153938
mobley_7142697,8,-0.148086,-0.147571,-0.149064,-0.147334,-0.147806
mobley_7142697,9,-0.384250,-0.381996,-0.394338,-0.387356,-0.390929
mobley_7142697,10,-0.384251,-0.381996,-0.394338,-0.387356,-0.390929
mobley_7142697,11,-0.492116,-0.489568,-0.503509,-0.495620,-0.498933
mobley_7142697,12,-0.492116,-0.489568,-0.503508,-0.495619,-0.498933
mobley_7142697,13,-0.569659,-0.566036,-0.586269,-0.575936,-0.581184
mobley_7142697,14,-0.569658,-0.566036,-0.586270,-0.575936,-0.581184
mobley_7142697,15,-0.268651,-0.266614,-0.273987,-0.269008,-0.271131
mobley_7142697,16,-0.268651,-0.266614,-0.273987,-0.269008,-0.271131
mobley_7142697,17,-0.107388,-0.107482,-0.107212,-0.107046,-0.107437
mobley_7142697,18,-0.107388,-0.107482,-0.107212,-0.107045,-0.107437
mobley_7150646,0,-0.085894,-0.084398,-0.080318,-0.088220,-0.082977
mobley_7150646,1,-0.085894,-0.084396,-0.080317,-0.088219,-0.082977
mobley_7150646,2,-0.493636,-0.492714,-0.490469,-0.490459,-0.491522
mobley_7150646,3,-0.085894,-0.084397,-0.080318,-0.088220,-0.082976
mobley_7150646,4,-0.085894,-0.084396,-0.080317,-0.088219,-0.082977
mobley_7150646,5,-0.493636,-0.492714,-0.490469,-0.490459,-0.491522
mobley_7150646,6,-0.974403,-0.974075,-0.973677,-0.973687,-0.973880
mobley_7150646,7,-0.974404,-0.974075,-0.973678,-0.973687,-0.973880
mobley_7150646,8,-0.113289,-0.113543,-0.112882,-0.113046,-0.113030
mobley_7150646,9,-0.113289,-0.113543,-0.112882,-0.113046,-0.113030
mobley_7150646,10,-0.113289,-0.113543,-0.112882,-0.113046,-0.113030
mobley_7150646,11,-0.113289,-0.113543,-0.112882,-0.113046,-0.113030
mobley_7157427,0,1.035510,1.047853,1.055908,1.041471,1.050962
mobley_7157427,1,0.809699,0.824329,0.824544,0.830327,0.832347
mobley_7157427,2,0.845033,0.860503,0.849800,0.856081,0.866092
mobley_7157427,3,0.981560,0.995834,0.997611,0.998166,1.016107
mobley_7157427,4,0.780887,0.794870,0.782403,0.789044,0.795337
mobley_7157427,5,0.827245,0.836257,0.839169,0.839016,0.847144
mobley_7157427,6,0.527847,0.532831,0.534451,0.527692,0.531390
mobley_7157427,7,-0.012166,-0.012015,-0.011212,-0.010811,-0.011493
mobley_7157427,8,-0.154190,-0.153690,-0.155264,-0.153477,-0.153949
mobley_7157427,9,-0.148096,-0.147584,-0.149079,-0.147347,-0.147819
mobley_7157427,10,-0.148103,-0.147591,-0.149086,-0.147355,-0.147826
mobley_7157427,11,-0.383932,-0.381677,-0.393971,-0.387008,-0.390559
mobley_7157427,12,-0.384094,-0.381842,-0.394144,-0.387180,-0.390733
mobley_7157427,13,-0.485054,-0.482491,-0.496405,-0.488537,-0.492006
mobley_7157427,14,-0.485104,-0.482538,-0.496434,-0.488572,-0.492028
mobley_7157427,15,-0.525144,-0.522330,-0.538087,-0.529116,-0.533353
mobley_7157427,16,-0.522259,-0.519420,-0.535066,-0.526125,-0.530354
mobley_7157427,17,-0.425382,-0.423043,-0.433182,-0.426661,-0.428838
mobley_7157427,18,-0.425272,-0.423033,-0.433388,-0.426823,-0.428997
mobley_7157427,19,-0.316650,-0.314562,-0.323461,-0.317822,-0.320431
mobley_7157427,20,-0.313800,-0.311625,-0.320297,-0.314658,-0.317310
mobley_7157427,21,-0.106872,-0.106969,-0.106721,-0.106484,-0.106439
mobley_7157427,22,-0.107726,-0.107840,-0.107602,-0.107340,-0.107296
mobley_7176248,0,1.055651,1.067334,1.084730,1.063715,1.075385
mobley_7176248,1,1.406926,1.419908,1.476393,1.450844,1.464788
mobley_7176248,2,-0.048489,-0.043654,-0.060110,-0.058946,-0.064967
mobley_7176248,3,-3.727659,-3.732509,-3.753190,-3.735677,-3.744963
mobley_7176248,4,0.071476,0.079091,0.050550,0.056300,0.042156
mobley_7176248,5,1.276746,1.295841,1.344767,1.328532,1.338340
mobley_7176248,6,1.003941,1.015347,1.030337,1.010944,1.022557
mobley_7176248,7,-1.013389,-1.029543,-1.042758,-1.031777,-1.033340
mobley_7176248,8,0.183936,0.183935,0.222390,0.207540,0.227868
mobley_7176248,9,0.792641,0.823888,0.808826,0.806329,0.797642
mobley_7176248,10,-0.161842,-0.159900,-0.128245,-0.145679,-0.125498
mobley_7176248,11,0.627285,0.652352,0.641935,0.636414,0.632681
mobley_7176248,12,-0.195720,-0.199906,-0.189929,-0.194553,-0.185082
mobley_7176248,13,1.932968,1.910402,1.935681,1.865842,1.892020
mobley_7176248,14,-1.786703,-1.786744,-1.784132,-1.785601,-1.784903
mobley_7176248,15,-1.790792,-1.791061,-1.789131,-1.790346,-1.789850
mobley_7176248,16,-0.376599,-0.371712,-0.387865,-0.382431,-0.385068
mobley_7176248,17,0.453273,0.452906,0.453308,0.453107,0.453362
mobley_7176248,18,0.453308,0.452942,0.453416,0.453163,0.453446
mobley_7176248,19,0.453411,0.453044,0.453525,0.453269,0.453554
mobley_7176248,20,2.845652,2.806101,2.881086,2.765912,2.830665
mobley_7176248,21,-1.785695,-1.785761,-1.783484,-1.784787,-1.784221
mobley_7176248,22,-1.790955,-1.791131,-1.788988,-1.790312,-1.789646
mobley_7176248,23,-0.148567,-0.148033,-0.149567,-0.147831,-0.148317
mobley_7176248,24,-0.149250,-0.148677,-0.150260,-0.148487,-0.148990
mobley_7176248,25,-0.150628,-0.150190,-0.151563,-0.149898,-0.150287
mobley_7176248,26,-0.424768,-0.421528,-0.432616,-0.424445,-0.426907
mobley_7176248,27,-0.442869,-0.439128,-0.451494,-0.442348,-0.445843
mobley_7176248,28,-0.376917,-0.372421,-0.377191,-0.370724,-0.370910
mobley_7176248,29,-0.434529,-0.430418,-0.435923,-0.429468,-0.428766
mobley_7176248,30,-0.382716,-0.378998,-0.384164,-0.378218,-0.377953
mobley_7176248,31,-0.401878,-0.398127,-0.403676,-0.397630,-0.397594
mobley_7176248,32,-0.397962,-0.394582,-0.405648,-0.398036,-0.400788
mobley_7176248,33,-0.408897,-0.405812,-0.416941,-0.409524,-0.411943
mobley_7176248,34,-0.150463,-0.149873,-0.151473,-0.149675,-0.150184
mobley_7176248,35,-0.150147,-0.149566,-0.151160,-0.149362,-0.149873
mobley_7176248,36,-0.153064,-0.152551,-0.154046,-0.152286,-0.152715
mobley_7176248,37,-0.130144,-0.130784,-0.130343,-0.129622,-0.129796
mobley_7176248,38,-0.131393,-0.132092,-0.131728,-0.130897,-0.131098
mobley_7176290,0,-0.320079,-0.322027,-0.324482,-0.324539,-0.322648
mobley_7176290,1,0.069715,0.083814,0.085199,0.080935,0.083027
mobley_7176290,2,-0.289520,-0.293836,-0.283758,-0.286570,-0.282432
mobley_7176290,3,-0.223882,-0.217428,-0.216572,-0.218208,-0.217338
mobley_7176290,4,-0.411446,-0.414005,-0.403176,-0.409727,-0.405619
mobley_7176290,5,-0.459256,-0.460475,-0.454795,-0.459446,-0.453810
mobley_7176290,6,-1.864377,-1.864747,-1.864250,-1.864212,-1.864451
mobley_7176290,7,-0.663035,-0.682289,-0.678520,-0.705189,-0.689165
mobley_7176290,8,-1.777718,-1.778051,-1.776268,-1.777176,-1.776823
mobley_7176290,9,-1.777969,-1.778311,-1.776526,-1.777444,-1.777077
mobley_7176290,10,-0.115923,-0.116419,-0.116135,-0.115734,-0.115938
mobley_7176290,11,-0.121303,-0.121875,-0.121793,-0.121150,-0.121419
mobley_7176290,12,-0.146237,-0.147154,-0.148655,-0.146782,-0.147485
mobley_7176290,13,-0.120230,-0.120740,-0.120605,-0.120082,-0.120347
mobley_7176290,14,-0.163037,-0.163154,-0.163293,-0.162691,-0.163229
mobley_718988,0,1.039100,1.051435,1.059583,1.045117,1.054574
mobley_718988,1,0.830481,0.845377,0.846609,0.852601,0.854738
mobley_718988,2,0.871722,0.887398,0.878705,0.884917,0.895997
mobley_718988,3,1.026076,1.045620,1.042490,1.046749,1.062246
mobley_718988,4,0.812895,0.836653,0.818717,0.829064,0.833507
mobley_718988,5,0.957447,0.974305,0.993634,0.991301,1.002732
mobley_718988,6,0.862245,0.865466,0.895613,0.877295,0.888825
mobley_718988,7,-2.407973,-2.414263,-2.416065,-2.415212,-2.416349
mobley_718988,8,-0.148089,-0.147577,-0.149072,-0.147340,-0.147812
mobley_718988,9,-0.154177,-0.153677,-0.155251,-0.153464,-0.153936
mobley_718988,10,-0.148089,-0.147577,-0.149072,-0.147340,-0.147812
mobley_718988,11,-0.383546,-0.381274,-0.393566,-0.386601,-0.390156
mobley_718988,12,-0.383546,-0.381274,-0.393566,-0.386601,-0.390156
mobley_718988,13,-0.481481,-0.478875,-0.492590,-0.484768,-0.488202
mobley_718988,14,-0.481480,-0.478875,-0.492590,-0.484768,-0.488202
mobley_718988,15,-0.533904,-0.530987,-0.546650,-0.537534,-0.541760
mobley_718988,16,-0.533904,-0.530987,-0.546650,-0.537534,-0.541760
mobley_718988,17,-0.547309,-0.544355,-0.560214,-0.551002,-0.555071
mobley_718988,18,-0.547309,-0.544355,-0.560214,-0.551003,-0.555071
mobley_718988,19,-0.573666,-0.569956,-0.590266,-0.579865,-0.585117
mobley_718988,20,-0.573665,-0.569956,-0.590265,-0.579865,-0.585116
mobley_718988,21,-0.269158,-0.267097,-0.274477,-0.269491,-0.271610
mobley_718988,22,-0.269157,-0.267097,-0.274477,-0.269491,-0.271610
mobley_718988,23,-0.107423,-0.107517,-0.107247,-0.107081,-0.107473
mobley_718988,24,-0.107423,-0.107516,-0.107247,-0.107081,-0.107473
mobley_7200804,0,-0.226743,-0.225142,-0.229889,-0.229110,-0.229501
mobley_7200804,1,-0.191804,-0.190780,-0.188709,-0.192393,-0.188153
mobley_7200804,2,-0.284918,-0.287278,-0.287038,-0.289184,-0.285483
mobley_7200804,3,-0.547707,-0.549012,-0.546723,-0.548168,-0.545969
mobley_7200804,4,-0.411726,-0.413971,-0.405078,-0.409411,-0.405356
mobley_7200804,5,-0.316236,-0.319939,-0.313715,-0.316684,-0.312903
mobley_7200804,6,-1.863978,-1.864422,-1.863520,-1.863799,-1.863747
mobley_7200804,7,0.462745,0.462229,0.462789,0.462341,0.462755
mobley_7200804,8,-0.113558,-0.114054,-0.113676,-0.113379,-0.113534
mobley_7200804,9,-0.112567,-0.113019,-0.112591,-0.112364,-0.112504
mobley_7200804,10,-0.114633,-0.115033,-0.114581,-0.114395,-0.114517
mobley_7200804,11,-0.127301,-0.128028,-0.128697,-0.127560,-0.128087
mobley_7200804,12,-0.159896,-0.160047,-0.160033,-0.159486,-0.159996
mobley_7203421,0,1.015866,1.028144,1.035476,1.020904,1.030489
mobley_7203421,1,0.825001,0.838600,0.841569,0.845940,0.848912
mobley_7203421,2,0.685926,0.695953,0.691150,0.694089,0.704565
mobley_7203421,3,0.817401,0.832145,0.832090,0.832524,0.841853
mobley_7203421,4,0.158818,0.153924,0.169808,0.162896,0.172817
mobley_7203421,5,-0.322868,-0.326320,-0.328368,-0.327110,-0.328260
mobley_7203421,6,-1.832085,-1.832138,-1.832180,-1.832031,-1.832240
mobley_7203421,7,-2.527796,-2.528689,-2.535884,-2.530500,-2.537564
mobley_7203421,8,-0.154076,-0.153579,-0.155151,-0.153365,-0.153838
mobley_7203421,9,-0.148040,-0.147533,-0.149025,-0.147297,-0.147768
mobley_7203421,10,-0.148039,-0.147532,-0.149024,-0.147296,-0.147767
mobley_7203421,11,-0.383297,-0.381042,-0.393407,-0.386422,-0.390014
mobley_7203421,12,-0.383344,-0.381090,-0.393455,-0.386471,-0.390063
mobley_7203421,13,-0.462977,-0.460544,-0.474016,-0.466448,-0.469874
mobley_7203421,14,-0.462805,-0.460370,-0.473837,-0.466271,-0.469696
mobley_7203421,15,-0.460493,-0.457787,-0.471906,-0.463500,-0.467667
mobley_7203421,16,-0.459771,-0.457081,-0.471171,-0.462783,-0.466944
mobley_7203421,17,-0.333463,-0.331622,-0.342094,-0.335413,-0.338600
mobley_7203421,18,-0.337869,-0.336027,-0.346660,-0.339904,-0.343109
mobley_7203421,19,-0.129802,-0.129632,-0.129461,-0.129166,-0.129697
mobley_7203421,20,-0.145601,-0.145428,-0.145262,-0.145007,-0.145395
mobley_7227357,0,0.877168,0.889501,0.903519,0.882885,0.894911
mobley_7227357,1,0.423473,0.425734,0.440438,0.433504,0.444449
mobley_7227357,2,-0.061117,-0.063745,-0.058903,-0.059830,-0.057880
mobley_7227357,3,0.423473,0.425736,0.440438,0.433506,0.444449
mobley_7227357,4,0.877168,0.889501,0.903520,0.882886,0.894910
mobley_7227357,5,-1.940904,-1.936893,-1.952716,-1.946884,-1.953378
mobley_7227357,6,-0.153589,-0.152968,-0.154137,-0.152584,-0.152833
mobley_7227357,7,-0.150056,-0.149504,-0.150838,-0.149244,-0.149591
mobley_7227357,8,-0.147724,-0.147204,-0.148336,-0.146907,-0.147126
mobley_7227357,9,-0.509091,-0.505738,-0.523749,-0.515676,-0.519632
mobley_7227357,10,-0.484798,-0.481217,-0.499046,-0.490676,-0.495076
mobley_7227357,11,-0.627347,-0.624073,-0.644608,-0.638435,-0.641200
mobley_7227357,12,-0.484798,-0.481218,-0.499047,-0.490676,-0.495075
mobley_7227357,13,-0.509090,-0.505738,-0.523749,-0.515676,-0.519631
mobley_7227357,14,-0.150056,-0.149504,-0.150838,-0.149244,-0.149591
mobley_7227357,15,-0.153589,-0.152968,-0.154137,-0.152584,-0.152833
mobley_7227357,16,-0.147724,-0.147204,-0.148336,-0.146907,-0.147126
mobley_7227357,17,-0.111676,-0.111668,-0.111415,-0.110799,-0.111549
mobley_7239499,0,-0.218208,-0.217894,-0.211940,-0.216824,-0.210249
mobley_7239499,1,-0.225704,-0.225530,-0.219599,-0.224617,-0.217892
mobley_7239499,2,-0.221028,-0.213064,-0.210881,-0.215914,-0.211769
mobley_7239499,3,0.747092,0.739563,0.779589,0.745000,0.765071
mobley_7239499,4,1.011860,1.003240,1.036688,1.004239,1.019763
mobley_7239499,5,-0.281931,-0.275247,-0.274310,-0.278597,-0.274871
mobley_7239499,6,-2.148303,-2.148258,-2.160168,-2.149853,-2.157276
mobley_7239499,7,1.269731,1.269856,1.307481,1.270512,1.289599
mobley_7239499,8,-0.191243,-0.180856,-0.176608,-0.182886,-0.178191
mobley_7239499,9,-0.178043,-0.176535,-0.171210,-0.175805,-0.169993
mobley_7239499,10,-0.243502,-0.246784,-0.241963,-0.246956,-0.240197
mobley_7239499,11,-0.432943,-0.428983,-0.429656,-0.430162,-0.429663
mobley_7239499,12,0.579631,0.567686,0.586807,0.565944,0.576576
mobley_7239499,13,-2.134700,-2.134956,-2.145314,-2.135752,-2.142523
mobley_7239499,14,-0.067487,-0.067052,-0.066718,-0.066887,-0.067126
mobley_7239499,15,-0.114593,-0.115037,-0.114679,-0.114385,-0.114558
mobley_7239499,16,-0.114531,-0.114974,-0.114614,-0.114322,-0.114493
mobley_7239499,17,-0.134652,-0.135231,-0.135439,-0.134425,-0.134928
mobley_7239499,18,-0.136061,-0.136635,-0.136914,-0.135858,-0.136398
mobley_7239499,19,-0.134881,-0.135443,-0.135655,-0.134663,-0.135176
mobley_7239499,20,-0.114842,-0.115299,-0.114957,-0.114629,-0.114816
mobley_7239499,21,-0.114825,-0.115181,-0.114696,-0.114569,-0.114670
mobley_7261305,0,-2.500324,-2.500335,-2.498536,-2.498531,-2.498810
mobley_7261305,1,-2.500323,-2.500333,-2.498535,-2.498530,-2.498808
mobley_7261305,2,-0.134217,-0.134256,-0.133966,-0.133847,-0.134159
mobley_7261305,3,-0.130502,-0.130559,-0.130218,-0.130090,-0.130414
mobley_7261305,4,-0.130502,-0.130559,-0.130218,-0.130090,-0.130414
mobley_7261305,5,-0.134217,-0.134256,-0.133966,-0.133847,-0.134158
mobley_7295828,0,0.712875,0.709638,0.705876,0.688734,0.690056
mobley_7295828,1,-1.938973,-1.937268,-1.942640,-1.937742,-1.941545
mobley_7295828,2,-0.322936,-0.324494,-0.324839,-0.328322,-0.326738
mobley_7295828,3,-0.442491,-0.443140,-0.437381,-0.441246,-0.437661
mobley_7295828,4,-0.249255,-0.249625,-0.250648,-0.251174,-0.249362
mobley_7295828,5,-0.189234,-0.186863,-0.182254,-0.187215,-0.180955
mobley_7295828,6,-0.208496,-0.206197,-0.209278,-0.209015,-0.209132
mobley_7295828,7,-0.447281,-0.449580,-0.446260,-0.448512,-0.446479
mobley_7295828,8,-0.124866,-0.124575,-0.124996,-0.124247,-0.124418
mobley_7295828,9,-0.122832,-0.122529,-0.122696,-0.122094,-0.122231
mobley_7295828,10,-0.122832,-0.122529,-0.122696,-0.122094,-0.122231
mobley_7295828,11,-0.129285,-0.129887,-0.130109,-0.129178,-0.129600
mobley_7295828,12,-0.113899,-0.114335,-0.113942,-0.113676,-0.113834
mobley_7295828,13,-0.112305,-0.112740,-0.112312,-0.112086,-0.112226
mobley_7295828,14,-0.115058,-0.115596,-0.115316,-0.114893,-0.115094
mobley_7295828,15,-0.128588,-0.129107,-0.129649,-0.128471,-0.129124
mobley_7298388,0,0.327691,0.326674,0.323840,0.314873,0.317095
mobley_7298388,1,-0.204499,-0.206899,-0.186016,-0.195899,-0.182393
mobley_7298388,2,-0.189186,-0.181975,-0.191852,-0.191435,-0.189019
mobley_7298388,3,-0.244589,-0.243392,-0.248338,-0.246910,-0.246944
mobley_7298388,4,0.134419,0.151354,0.152301,0.147517,0.150154
mobley_7298388,5,-0.208855,-0.213329,-0.197300,-0.202009,-0.195697
mobley_7298388,6,0.007453,0.026351,-0.001868,0.008294,-0.004530
mobley_7298388,7,-0.659807,-0.678249,-0.674072,-0.703677,-0.684269
mobley_7298388,8,-1.778035,-1.778381,-1.776594,-1.777505,-1.777145
mobley_7298388,9,-1.777483,-1.777813,-1.776024,-1.776931,-1.776578
mobley_7298388,10,-0.121065,-0.121099,-0.121323,-0.120426,-0.120699
mobley_7298388,11,-0.119330,-0.119393,-0.119423,-0.118587,-0.118804
mobley_7298388,12,-0.118697,-0.118769,-0.118779,-0.117958,-0.118172
mobley_7298388,13,-0.118186,-0.118804,-0.118716,-0.118042,-0.118328
mobley_7298388,14,-0.116264,-0.116812,-0.116549,-0.116079,-0.116310
mobley_7298388,15,-0.120901,-0.121455,-0.121331,-0.120710,-0.120981
mobley_7298388,16,-0.130035,-0.130797,-0.130953,-0.129866,-0.130212
mobley_7326706,0,0.586940,0.586641,0.612889,0.588572,0.604121
mobley_7326706,1,0.236908,0.230399,0.240651,0.234838,0.236344
mobley_7326706,2,-1.850744,-1.850994,-1.849146,-1.848731,-1.848163
mobley_7326706,3,0.584738,0.584400,0.584261,0.584456,0.583988
mobley_7326706,4,-0.413801,-0.414732,-0.412784,-0.412764,-0.410562
mobley_7326706,5,-1.861548,-1.861977,-1.860651,-1.859783,-1.859335
mobley_7326706,6,0.272523,0.265808,0.277837,0.271266,0.273644
mobley_7326706,7,0.585458,0.585215,0.611222,0.587790,0.602914
mobley_7326706,8,-1.861287,-1.860804,-1.861581,-1.862195,-1.863680
mobley_7326706,9,-0.310222,-0.310012,-0.322309,-0.319360,-0.328202
mobley_7326706,10,-0.474644,-0.477540,-0.467246,-0.469831,-0.465397
mobley_7326706,11,-0.071820,-0.072759,-0.066226,-0.073655,-0.067232
mobley_7326706,12,-0.379428,-0.381186,-0.374458,-0.377126,-0.373936
mobley_7326706,13,-0.530636,-0.534543,-0.533215,-0.534895,-0.533491
mobley_7326706,14,-2.009262,-2.005819,-2.020820,-2.031264,-2.036868
mobley_7326706,15,-0.068375,-0.068274,-0.068062,-0.068334,-0.068438
mobley_7326706,16,-0.058231,-0.057704,-0.057255,-0.057578,-0.057646
mobley_7326706,17,-0.053538,-0.052648,-0.051862,-0.052263,-0.052249
mobley_7326706,18,-0.126293,-0.126025,-0.126759,-0.125652,-0.125949
mobley_7326706,19,-0.126841,-0.126513,-0.127365,-0.126149,-0.126501
mobley_7326706,20,-0.128256,-0.127896,-0.128769,-0.127520,-0.127874
mobley_7326706,21,-0.169222,-0.168200,-0.169745,-0.167862,-0.167700
mobley_7326706,22,-0.165661,-0.164654,-0.166213,-0.164441,-0.164326
mobley_7326706,23,-0.168262,-0.167277,-0.168924,-0.167031,-0.166905
mobley_7326706,24,-0.165054,-0.164047,-0.165674,-0.163859,-0.163805
mobley_7326706,25,-0.126058,-0.125753,-0.126556,-0.125377,-0.125717
mobley_7326706,26,-0.127118,-0.126783,-0.127620,-0.126409,-0.126755
mobley_7326706,27,-0.125568,-0.125312,-0.126021,-0.124935,-0.125227
mobley_7326706,28,-0.115370,-0.115682,-0.115065,-0.115125,-0.115128
mobley_7326982,0,0.338174,0.345918,0.343638,0.329827,0.340401
mobley_7326982,1,0.140748,0.141413,0.155691,0.154539,0.160162
mobley_7326982,2,0.338178,0.345917,0.343643,0.329830,0.340403
mobley_7326982,3,-1.835126,-1.832848,-1.839605,-1.836395,-1.840053
mobley_7326982,4,-0.176227,-0.175164,-0.178298,-0.176028,-0.176722
mobley_7326982,5,-0.164757,-0.163828,-0.166510,-0.164424,-0.165081
mobley_7326982,6,-0.174481,-0.173630,-0.176483,-0.174437,-0.174941
mobley_7326982,7,-0.430140,-0.427151,-0.445273,-0.438965,-0.443196
mobley_7326982,8,-0.176227,-0.175163,-0.178298,-0.176028,-0.176722
mobley_7326982,9,-0.174481,-0.173630,-0.176483,-0.174437,-0.174941
mobley_7326982,10,-0.164757,-0.163828,-0.166510,-0.164425,-0.165081
mobley_7326982,11,-0.108064,-0.108302,-0.107545,-0.107289,-0.107630
mobley_7360181,0,1.362929,1.355735,1.374712,1.340002,1.358077
mobley_7360181,1,-1.933712,-1.937519,-1.943550,-1.950286,-1.947775
mobley_7360181,2,-0.522266,-0.539875,-0.511576,-0.520941,-0.509477
mobley_7360181,3,0.114171,0.124817,0.138481,0.134933,0.132986
mobley_7360181,4,0.445350,0.445464,0.445823,0.445745,0.445797
mobley_7360181,5,0.446291,0.446148,0.446655,0.446305,0.446639
mobley_7360181,6,0.452085,0.452010,0.452577,0.452196,0.452526
mobley_7360181,7,-2.050384,-2.051911,-2.061070,-2.064170,-2.062907
mobley_7360181,8,1.264523,1.259134,1.278925,1.242396,1.262616
mobley_7360181,9,-2.064750,-2.064777,-2.074766,-2.075011,-2.075315
mobley_7360181,10,0.547895,0.543291,0.561676,0.523985,0.550856
mobley_7360181,11,-0.175394,-0.175022,-0.175434,-0.174787,-0.175116
mobley_7360181,12,-0.139482,-0.138702,-0.138957,-0.138155,-0.138144
mobley_7360181,13,-0.143038,-0.142490,-0.142671,-0.142106,-0.142331
mobley_7360181,14,-0.137595,-0.136977,-0.137300,-0.136519,-0.136580
mobley_7360181,15,-0.176254,-0.175856,-0.176165,-0.175522,-0.175840
mobley_7360181,16,-0.138871,-0.138496,-0.138654,-0.138122,-0.138307
mobley_7360181,17,-0.179083,-0.178414,-0.179705,-0.178570,-0.179219
mobley_7360181,18,-0.162635,-0.162168,-0.162975,-0.162066,-0.162549
mobley_7360181,19,-0.141295,-0.140612,-0.141183,-0.140289,-0.140410
mobley_7364468,0,0.502500,0.511012,0.500415,0.495985,0.493829
mobley_7364468,1,-0.166719,-0.168701,-0.156926,-0.168163,-0.156321
mobley_7364468,2,-0.451792,-0.452999,-0.451850,-0.456499,-0.448668
mobley_7364468,3,0.503300,0.499294,0.493219,0.483796,0.496532
mobley_7364468,4,-1.841473,-1.841180,-1.841094,-1.841043,-1.841546
mobley_7364468,5,0.188442,0.195510,0.182853,0.182402,0.191973
mobley_7364468,6,0.564317,0.534931,0.641086,0.583142,0.651408
mobley_7364468,7,0.297652,0.308356,0.290462,0.292571,0.297605
mobley_7364468,8,1.642592,1.708684,1.667873,1.654261,1.678477
mobley_7364468,9,1.164569,1.216546,1.169455,1.156308,1.170727
mobley_7364468,10,-0.131464,-0.131413,-0.131856,-0.130622,-0.130901
mobley_7364468,11,-0.133145,-0.133121,-0.133360,-0.132167,-0.132370
mobley_7364468,12,-0.128621,-0.128555,-0.128920,-0.127800,-0.128073
mobley_7364468,13,-0.130008,-0.130382,-0.130382,-0.129556,-0.129693
mobley_7364468,14,-0.368508,-0.368212,-0.373616,-0.369824,-0.369848
mobley_7364468,15,-0.373532,-0.372772,-0.377925,-0.373879,-0.373961
mobley_7364468,16,-0.435469,-0.434962,-0.439005,-0.434500,-0.434146
mobley_7364468,17,-0.459127,-0.459152,-0.464182,-0.459639,-0.459116
mobley_7364468,18,-0.286901,-0.285589,-0.289640,-0.286624,-0.286334
mobley_7364468,19,-0.288903,-0.287742,-0.291632,-0.288659,-0.288272
mobley_7364468,20,-0.288441,-0.287315,-0.291161,-0.288209,-0.287822
mobley_7364468,21,-0.277703,-0.276307,-0.278728,-0.276106,-0.275406
mobley_7364468,22,-0.273836,-0.272316,-0.273914,-0.271494,-0.270186
mobley_7364468,23,-0.273860,-0.272372,-0.273917,-0.271524,-0.270197
mobley_7375018,0,0.969987,0.979334,0.984788,0.970058,0.979978
mobley_7375018,1,1.061783,1.076398,1.085126,1.080880,1.086795
mobley_7375018,2,0.479149,0.489739,0.479909,0.486414,0.491623
mobley_7375018,3,0.549159,0.559996,0.551299,0.559603,0.564925
mobley_7375018,4,1.390633,1.404696,1.413355,1.408885,1.433675
mobley_7375018,5,1.166738,1.182113,1.194890,1.194533,1.217663
mobley_7375018,6,1.119629,1.135176,1.137789,1.138155,1.156638
mobley_7375018,7,0.623546,0.628734,0.636015,0.638971,0.649800
mobley_7375018,8,0.169349,0.160896,0.170398,0.163465,0.174847
mobley_7375018,9,-0.005941,0.000713,-0.005098,-0.000496,0.001843
mobley_7375018,10,-1.840048,-1.839755,-1.841605,-1.840710,-1.841503
mobley_7375018,11,0.291595,0.286371,0.294158,0.281140,0.288627
mobley_7375018,12,-0.149039,-0.148502,-0.150027,-0.148259,-0.148757
mobley_7375018,13,-0.149076,-0.148537,-0.150092,-0.148312,-0.148815
mobley_7375018,14,-0.155580,-0.155053,-0.156708,-0.154866,-0.155365
mobley_7375018,15,-0.328704,-0.326478,-0.335028,-0.329723,-0.331901
mobley_7375018,16,-0.350452,-0.348344,-0.357229,-0.351995,-0.353799
mobley_7375018,17,-0.456372,-0.454092,-0.466277,-0.459373,-0.462073
mobley_7375018,18,-0.473128,-0.470821,-0.483371,-0.476403,-0.479047
mobley_7375018,19,-0.506781,-0.504182,-0.518154,-0.510087,-0.513432
mobley_7375018,20,-0.520524,-0.517900,-0.532103,-0.523993,-0.527269
mobley_7375018,21,-0.491489,-0.488628,-0.499894,-0.492978,-0.494899
mobley_7375018,22,-0.468977,-0.465882,-0.477011,-0.469799,-0.472400
mobley_7375018,23,-0.546089,-0.543020,-0.559162,-0.549803,-0.554163
mobley_7375018,24,-0.543053,-0.539965,-0.556299,-0.546887,-0.551329
mobley_7375018,25,-0.468328,-0.465482,-0.476975,-0.469603,-0.472286
mobley_7375018,26,-0.479532,-0.476664,-0.487964,-0.480788,-0.482972
mobley_7375018,27,-0.464390,-0.462009,-0.475259,-0.467463,-0.470917
mobley_7375018,28,-0.443141,-0.440757,-0.453505,-0.445826,-0.449402
mobley_7375018,29,-0.299191,-0.298290,-0.305369,-0.300792,-0.302470
mobley_7375018,30,-0.266015,-0.265024,-0.270915,-0.266669,-0.268358
mobley_7375018,31,-0.116904,-0.116881,-0.117017,-0.116333,-0.116522
mobley_7375018,32,-0.115448,-0.115428,-0.115507,-0.114880,-0.115057
mobley_7375018,33,-0.117962,-0.117980,-0.118077,-0.117396,-0.117575
mobley_7378987,0,0.393608,0.395104,0.389575,0.373684,0.379596
mobley_7378987,1,-2.471951,-2.429280,-2.460366,-2.427128,-2.462887
mobley_7378987,2,0.114143,0.121289,0.084896,0.090220,0.083630
mobley_7378987,3,0.614163,0.580849,0.619431,0.549274,0.609039
mobley_7378987,4,-0.568363,-0.580320,-0.578043,-0.573986,-0.573201
mobley_7378987,5,-0.707066,-0.722704,-0.711457,-0.708507,-0.703340
mobley_7378987,6,-0.716955,-0.730036,-0.735519,-0.729605,-0.731783
mobley_7378987,7,-1.731748,-1.728790,-1.722927,-1.747672,-1.735154
mobley_7378987,8,-2.712333,-2.717363,-2.712019,-2.712251,-2.711113
mobley_7378987,9,-0.591518,-0.603596,-0.605055,-0.600289,-0.601107
mobley_7378987,10,-1.946259,-1.945825,-1.947305,-1.944944,-1.947064
mobley_7378987,11,-2.582180,-2.588675,-2.572610,-2.579414,-2.572347
mobley_7378987,12,0.681531,0.684780,0.682922,0.662896,0.673824
mobley_7378987,13,1.147890,1.154220,1.160836,1.136291,1.147086
mobley_7378987,14,-0.123252,-0.122948,-0.122615,-0.121918,-0.121996
mobley_7378987,15,-0.130044,-0.129822,-0.129793,-0.128978,-0.129183
mobley_7378987,16,-0.130046,-0.129824,-0.129795,-0.128980,-0.129185
mobley_7378987,17,-0.143700,-0.144087,-0.143640,-0.143311,-0.143595
mobley_7378987,18,-0.141168,-0.140718,-0.141199,-0.139862,-0.140275
mobley_7378987,19,-0.141168,-0.140718,-0.141199,-0.139863,-0.140275
mobley_7378987,20,-0.140789,-0.140440,-0.140508,-0.139365,-0.139639
mobley_7378987,21,-0.149091,-0.148473,-0.149382,-0.147747,-0.148204
mobley_7378987,22,-0.149092,-0.148474,-0.149383,-0.147748,-0.148205
mobley_7378987,23,-0.143529,-0.143028,-0.143569,-0.142201,-0.142510
mobley_7393673,0,0.724594,0.721397,0.718502,0.700679,0.702221
mobley_7393673,1,-1.942627,-1.940911,-1.946460,-1.941425,-1.945356
mobley_7393673,2,-0.316446,-0.319149,-0.322294,-0.324116,-0.323512
mobley_7393673,3,-0.421308,-0.420291,-0.415980,-0.418506,-0.416266
mobley_7393673,4,-0.308153,-0.305406,-0.305326,-0.307537,-0.303015
mobley_7393673,5,-0.364339,-0.358547,-0.317026,-0.343841,-0.318439
mobley_7393673,6,-0.174680,-0.170327,-0.175194,-0.174405,-0.175041
mobley_7393673,7,-0.439952,-0.441687,-0.437669,-0.440443,-0.437824
mobley_7393673,8,0.843230,0.838302,0.793512,0.817434,0.783774
mobley_7393673,9,-1.843895,-1.844504,-1.843297,-1.843625,-1.843311
mobley_7393673,10,-1.890178,-1.889571,-1.890694,-1.889012,-1.890098
mobley_7393673,11,0.752998,0.749519,0.759058,0.736000,0.744166
mobley_7393673,12,-0.124811,-0.124521,-0.124938,-0.124190,-0.124361
mobley_7393673,13,-0.122947,-0.122645,-0.122812,-0.122210,-0.122349
mobley_7393673,14,-0.122947,-0.122645,-0.122812,-0.122210,-0.122349
mobley_7393673,15,-0.134207,-0.134905,-0.135294,-0.134160,-0.134649
mobley_7393673,16,-0.144912,-0.145464,-0.146107,-0.144801,-0.145502
mobley_7393673,17,-0.128235,-0.128844,-0.129005,-0.128024,-0.128456
mobley_7393673,18,-0.133346,-0.133925,-0.134661,-0.133278,-0.134024
mobley_7393673,19,-0.118824,-0.118749,-0.118777,-0.118337,-0.118401
mobley_7393673,20,-0.118199,-0.118066,-0.117946,-0.117555,-0.117588
mobley_7393673,21,-0.118199,-0.118067,-0.117946,-0.117555,-0.117588
mobley_7415647,0,0.450403,0.442404,0.451109,0.432397,0.443311
mobley_7415647,1,-2.784289,-2.786417,-2.789637,-2.786658,-2.788991
mobley_7415647,2,0.300749,0.288853,0.290088,0.273155,0.279365
mobley_7415647,3,-0.477763,-0.478650,-0.470500,-0.475124,-0.471107
mobley_7415647,4,-1.842775,-1.843259,-1.842735,-1.842836,-1.842730
mobley_7415647,5,-0.378902,-0.382255,-0.357177,-0.371770,-0.357410
mobley_7415647,6,-0.202546,-0.197656,-0.204523,-0.203984,-0.201889
mobley_7415647,7,0.019642,0.032758,0.030581,0.029627,0.028755
mobley_7415647,8,-0.243079,-0.247378,-0.231196,-0.236504,-0.229216
mobley_7415647,9,0.057749,0.072877,0.074360,0.071336,0.071969
mobley_7415647,10,-0.284131,-0.281041,-0.290840,-0.290671,-0.289445
mobley_7415647,11,-0.844626,-0.860803,-0.865106,-0.887779,-0.874956
mobley_7415647,12,-1.777633,-1.777961,-1.776163,-1.777072,-1.776714
mobley_7415647,13,-1.777600,-1.777928,-1.776126,-1.777036,-1.776676
mobley_7415647,14,-0.137051,-0.136466,-0.137352,-0.135909,-0.136283
mobley_7415647,15,-0.139698,-0.139128,-0.139831,-0.138434,-0.138767
mobley_7415647,16,-0.138221,-0.137661,-0.138406,-0.136964,-0.137279
mobley_7415647,17,-0.140887,-0.140383,-0.140700,-0.139419,-0.139517
mobley_7415647,18,-0.155468,-0.154972,-0.155860,-0.154433,-0.155050
mobley_7415647,19,-0.135685,-0.135046,-0.135309,-0.134003,-0.134170
mobley_7415647,20,-0.127254,-0.127830,-0.127767,-0.126903,-0.127253
mobley_7415647,21,-0.123118,-0.123736,-0.123668,-0.122936,-0.123217
mobley_7415647,22,-0.123242,-0.123876,-0.123798,-0.123045,-0.123314
mobley_7415647,23,-0.137019,-0.137442,-0.137757,-0.136603,-0.137143
mobley_7417968,0,0.783128,0.783850,0.824602,0.794619,0.811741
mobley_7417968,1,0.623909,0.627450,0.613557,0.616196,0.607424
mobley_7417968,2,-2.103335,-2.093225,-2.117003,-2.104789,-2.116028
mobley_7417968,3,0.375934,0.389370,0.430262,0.401551,0.418964
mobley_7417968,4,0.571259,0.592410,0.636699,0.603784,0.618363
mobley_7417968,5,-1.971060,-1.966824,-1.976618,-1.971157,-1.976229
mobley_7417968,6,1.538131,1.540537,1.585370,1.542244,1.579846
mobley_7417968,7,-1.836078,-1.836459,-1.835439,-1.835704,-1.835543
mobley_7417968,8,0.001595,-0.009194,0.011119,-0.007165,0.006174
mobley_7417968,9,-0.136150,-0.135567,-0.136951,-0.135435,-0.136009
mobley_7417968,10,-0.136150,-0.135567,-0.136951,-0.135435,-0.136009
mobley_7417968,11,-0.131525,-0.131147,-0.132102,-0.130890,-0.131229
mobley_7417968,12,-0.244374,-0.241851,-0.249187,-0.245381,-0.247043
mobley_7417968,13,-0.244375,-0.241851,-0.249188,-0.245381,-0.247044
mobley_7417968,14,-0.305319,-0.302010,-0.312106,-0.307131,-0.309190
mobley_7417968,15,-0.305319,-0.302009,-0.312106,-0.307131,-0.309190
mobley_7417968,16,-0.263757,-0.261252,-0.268604,-0.264716,-0.266189
mobley_7417968,17,-0.263757,-0.261252,-0.268604,-0.264716,-0.266190
mobley_7417968,18,-0.119355,-0.119235,-0.119433,-0.118753,-0.119023
mobley_7417968,19,-0.119355,-0.119235,-0.119433,-0.118753,-0.119023
mobley_7417968,20,-0.113064,-0.113126,-0.112998,-0.112586,-0.112697
mobley_7455579,0,1.167446,1.193523,1.206687,1.183381,1.204163
mobley_7455579,1,0.346547,0.337499,0.393616,0.374454,0.396900
mobley_7455579,2,0.269366,0.286439,0.286859,0.270468,0.284120
mobley_7455579,3,-0.041454,-0.032154,-0.027890,-0.032386,-0.029840
mobley_7455579,4,-1.936816,-1.934459,-1.942111,-1.938359,-1.941692
mobley_7455579,5,1.959435,1.942268,1.977944,1.933451,1.969742
mobley_7455579,6,-1.818971,-1.819275,-1.817342,-1.818086,-1.817596
mobley_7455579,7,-0.183196,-0.182504,-0.184476,-0.182534,-0.182653
mobley_7455579,8,-0.182984,-0.182138,-0.184427,-0.182306,-0.182610
mobley_7455579,9,-0.187348,-0.186432,-0.188769,-0.186618,-0.186886
mobley_7455579,10,-0.813979,-0.809767,-0.843964,-0.830385,-0.838685
mobley_7455579,11,-0.176419,-0.175718,-0.177389,-0.175689,-0.175756
mobley_7455579,12,-0.180502,-0.179573,-0.181186,-0.179362,-0.179443
mobley_7455579,13,-0.190902,-0.190062,-0.192404,-0.190236,-0.190595
mobley_7455579,14,-0.297469,-0.295089,-0.301771,-0.298895,-0.299250
mobley_7455579,15,-0.289174,-0.286945,-0.293295,-0.290479,-0.290866
mobley_7455579,16,-0.121571,-0.121749,-0.121047,-0.121046,-0.121155
mobley_7463408,0,0.638965,0.639185,0.656899,0.637302,0.651528
mobley_7463408,1,0.394405,0.378116,0.430093,0.410589,0.430784
mobley_7463408,2,-0.359611,-0.358258,-0.379823,-0.374363,-0.382958
mobley_7463408,3,-1.858588,-1.859336,-1.859503,-1.859269,-1.859170
mobley_7463408,4,-1.430573,-1.436851,-1.386830,-1.410162,-1.406912
mobley_7463408,5,-0.404764,-0.406598,-0.400110,-0.402924,-0.400365
mobley_7463408,6,-0.269685,-0.262304,-0.263732,-0.264915,-0.264856
mobley_7463408,7,-0.143105,-0.143305,-0.142829,-0.144918,-0.142589
mobley_7463408,8,-0.409008,-0.412013,-0.407587,-0.410069,-0.406544
mobley_7463408,9,-0.430208,-0.433285,-0.434263,-0.432786,-0.433534
mobley_7463408,10,-0.125677,-0.120659,-0.113070,-0.116627,-0.114804
mobley_7463408,11,-0.061722,-0.061299,-0.060991,-0.061220,-0.061380
mobley_7463408,12,-0.063284,-0.062879,-0.062545,-0.062756,-0.062895
mobley_7463408,13,-0.136248,-0.135836,-0.137008,-0.135538,-0.136047
mobley_7463408,14,-0.136248,-0.135836,-0.137008,-0.135538,-0.136047
mobley_7463408,15,-0.135869,-0.135508,-0.136543,-0.135127,-0.135549
mobley_7463408,16,-0.272640,-0.270737,-0.280628,-0.274506,-0.277897
mobley_7463408,17,-0.272640,-0.270737,-0.280628,-0.274506,-0.277897
mobley_7463408,18,-0.187373,-0.189958,-0.184771,-0.189054,-0.185578
mobley_7463408,19,-0.128900,-0.129325,-0.129324,-0.128533,-0.128955
mobley_7463408,20,-0.114628,-0.115024,-0.114570,-0.114357,-0.114488
mobley_7463408,21,-0.130095,-0.130664,-0.131001,-0.129832,-0.130317
mobley_7463799,0,-0.177779,-0.173885,-0.172646,-0.176396,-0.171001
mobley_7463799,1,-0.144010,-0.139828,-0.144376,-0.143829,-0.144052
mobley_7463799,2,-0.150192,-0.140694,-0.165980,-0.157249,-0.164190
mobley_7463799,3,-0.305431,-0.309858,-0.293409,-0.301860,-0.290940
mobley_7463799,4,-0.150188,-0.140691,-0.165978,-0.157246,-0.164188
mobley_7463799,5,-0.144012,-0.139829,-0.144378,-0.143831,-0.144053
mobley_7463799,6,0.124452,0.117007,0.123256,0.120854,0.125358
mobley_7463799,7,0.447203,0.456735,0.460207,0.455910,0.460025
mobley_7463799,8,0.003154,-0.002001,0.009862,0.004677,0.011982
mobley_7463799,9,-1.812062,-1.811722,-1.811315,-1.811167,-1.811788
mobley_7463799,10,-0.112457,-0.112886,-0.112457,-0.112224,-0.112374
mobley_7463799,11,-0.114189,-0.114693,-0.114340,-0.113986,-0.114168
mobley_7463799,12,-0.120773,-0.121342,-0.121247,-0.120511,-0.120774
mobley_7463799,13,-0.120773,-0.121342,-0.121247,-0.120511,-0.120774
mobley_7463799,14,-0.114189,-0.114693,-0.114340,-0.113986,-0.114168
mobley_7463799,15,-0.323358,-0.322410,-0.329688,-0.323636,-0.326170
mobley_7463799,16,-0.323359,-0.322411,-0.329689,-0.323636,-0.326170
mobley_7463799,17,-0.311713,-0.309682,-0.316943,-0.311998,-0.313503
mobley_7463799,18,-0.311714,-0.309682,-0.316943,-0.311998,-0.313503
mobley_7463799,19,-0.207023,-0.205555,-0.210627,-0.207983,-0.209125
mobley_7463799,20,-0.207023,-0.205555,-0.210627,-0.207983,-0.209124
mobley_7463799,21,-0.130731,-0.130819,-0.130191,-0.129909,-0.130300
mobley_7497999,0,0.350945,0.343522,0.351492,0.338557,0.344768
mobley_7497999,1,-0.118736,-0.116855,-0.118871,-0.112482,-0.115988
mobley_7497999,2,-1.831644,-1.831569,-1.831386,-1.831356,-1.831510
mobley_7497999,3,-0.348669,-0.352323,-0.339423,-0.347213,-0.337527
mobley_7497999,4,0.046580,0.050458,0.042167,0.043576,0.041819
mobley_7497999,5,-0.169512,-0.166461,-0.169765,-0.169647,-0.169452
mobley_7497999,6,-0.132593,-0.129172,-0.127928,-0.131654,-0.126732
mobley_7497999,7,-0.136027,-0.132169,-0.134345,-0.134882,-0.134472
mobley_7497999,8,-0.045729,-0.044332,-0.061601,-0.056890,-0.062285
mobley_7497999,9,-0.118101,-0.118032,-0.118225,-0.117417,-0.117685
mobley_7497999,10,-0.118079,-0.118042,-0.118203,-0.117497,-0.117732
mobley_7497999,11,-0.118079,-0.118042,-0.118203,-0.117497,-0.117732
mobley_7497999,12,-0.120583,-0.121140,-0.121111,-0.120381,-0.120726
mobley_7497999,13,-0.113135,-0.113609,-0.113206,-0.112920,-0.113079
mobley_7497999,14,-0.112029,-0.112455,-0.111997,-0.111797,-0.111929
mobley_7497999,15,-0.113515,-0.114010,-0.113639,-0.113309,-0.113486
mobley_7497999,16,-0.115171,-0.115575,-0.115186,-0.114727,-0.114948
mobley_7532833,0,-0.009353,-0.015948,-0.005546,-0.022545,-0.010361
mobley_7532833,1,-0.648813,-0.647870,-0.644702,-0.647978,-0.646276
mobley_7532833,2,-2.498792,-2.498403,-2.497664,-2.497856,-2.497580
mobley_7532833,3,-0.110679,-0.110968,-0.110248,-0.110498,-0.110346
mobley_7532833,4,-0.110679,-0.110968,-0.110248,-0.110498,-0.110346
mobley_7532833,5,-0.110679,-0.110968,-0.110248,-0.110498,-0.110346
mobley_7542832,0,0.876757,0.881363,0.907792,0.884266,0.902398
mobley_7542832,1,0.412813,0.423205,0.443333,0.438966,0.442089
mobley_7542832,2,0.467030,0.481152,0.483048,0.467442,0.474578
mobley_7542832,3,-2.233271,-2.219195,-2.252032,-2.235628,-2.250689
mobley_7542832,4,0.428373,0.433884,0.405079,0.415275,0.399808
mobley_7542832,5,0.392052,0.398686,0.429146,0.417976,0.424315
mobley_7542832,6,0.256747,0.259725,0.273611,0.251481,0.270838
mobley_7542832,7,-0.142628,-0.142171,-0.143439,-0.141934,-0.142341
mobley_7542832,8,-0.141498,-0.140942,-0.142356,-0.140764,-0.141265
mobley_7542832,9,-0.141461,-0.140904,-0.142319,-0.140727,-0.141228
mobley_7542832,10,-0.337738,-0.335044,-0.346997,-0.340419,-0.343871
mobley_7542832,11,-0.339088,-0.336403,-0.348382,-0.341797,-0.345240
mobley_7542832,12,-0.328124,-0.324598,-0.334209,-0.329344,-0.331083
mobley_7542832,13,-0.332447,-0.328968,-0.338680,-0.333803,-0.335514
mobley_7542832,14,-0.305979,-0.302769,-0.311083,-0.306925,-0.308251
mobley_7542832,15,-0.323146,-0.319810,-0.328792,-0.324512,-0.325770
mobley_7542832,16,-0.328414,-0.325826,-0.337237,-0.330904,-0.334200
mobley_7542832,17,-0.318887,-0.316651,-0.326936,-0.321434,-0.324066
mobley_7542832,18,-0.139053,-0.138583,-0.139632,-0.138310,-0.138656
mobley_7542832,19,-0.144364,-0.143683,-0.144852,-0.143342,-0.143761
mobley_7542832,20,-0.151250,-0.150672,-0.152323,-0.150615,-0.151228
mobley_755351,0,0.681298,0.677056,0.674319,0.657987,0.659926
mobley_755351,1,-1.953466,-1.951551,-1.957813,-1.952309,-1.956529
mobley_755351,2,-0.419277,-0.421560,-0.412934,-0.415046,-0.411503
mobley_755351,3,-0.397102,-0.395846,-0.387187,-0.393532,-0.386707
mobley_755351,4,-0.347187,-0.348729,-0.350230,-0.349963,-0.348551
mobley_755351,5,-0.317765,-0.314094,-0.305352,-0.313061,-0.304564
mobley_755351,6,-0.385871,-0.387344,-0.379148,-0.383355,-0.379617
mobley_755351,7,-0.366559,-0.364995,-0.359128,-0.363831,-0.359694
mobley_755351,8,-2.388673,-2.393078,-2.401819,-2.400626,-2.406103
mobley_755351,9,-0.123965,-0.123636,-0.123851,-0.123222,-0.123378
mobley_755351,10,-0.125381,-0.125070,-0.125517,-0.124749,-0.124925
mobley_755351,11,-0.123827,-0.123500,-0.123707,-0.123083,-0.123235
mobley_755351,12,-0.132487,-0.133119,-0.133450,-0.132394,-0.132874
mobley_755351,13,-0.117290,-0.117802,-0.117553,-0.117091,-0.117318
mobley_755351,14,-0.125920,-0.126653,-0.126940,-0.125914,-0.126339
mobley_755351,15,-0.158672,-0.159572,-0.161403,-0.159035,-0.160070
mobley_755351,16,-0.135198,-0.135017,-0.135068,-0.134752,-0.135266
mobley_755351,17,-0.134602,-0.134382,-0.134447,-0.134120,-0.134666
mobley_7573149,0,0.969886,0.974931,1.005531,0.980413,0.998740
mobley_7573149,1,0.293697,0.297869,0.326726,0.319427,0.326316
mobley_7573149,2,0.565307,0.585119,0.565794,0.563612,0.555719
mobley_7573149,3,-1.987730,-1.982753,-1.994485,-1.988249,-1.994034
mobley_7573149,4,1.926127,1.929830,1.972067,1.921552,1.964508
mobley_7573149,5,-1.835844,-1.836244,-1.835270,-1.835506,-1.835371
mobley_7573149,6,-0.013216,-0.024181,-0.002773,-0.021591,-0.007615
mobley_7573149,7,-0.140835,-0.140288,-0.141690,-0.140108,-0.140620
mobley_7573149,8,-0.141758,-0.141311,-0.142569,-0.141072,-0.141487
mobley_7573149,9,-0.140835,-0.140288,-0.141690,-0.140108,-0.140620
mobley_7573149,10,-0.320644,-0.318087,-0.329773,-0.323406,-0.326907
mobley_7573149,11,-0.320644,-0.318086,-0.329773,-0.323406,-0.326907
mobley_7573149,12,-0.256643,-0.254281,-0.260627,-0.257234,-0.258389
mobley_7573149,13,-0.256643,-0.254281,-0.260627,-0.257234,-0.258389
mobley_7573149,14,-0.119959,-0.119826,-0.120044,-0.119345,-0.119626
mobley_7573149,15,-0.113156,-0.113216,-0.113090,-0.112677,-0.112788
mobley_7573149,16,-0.119959,-0.119825,-0.120043,-0.119345,-0.119626
mobley_7578802,0,-0.825087,-0.825484,-0.825183,-0.825318,-0.825347
mobley_7578802,1,-0.978208,-0.978169,-0.977989,-0.977954,-0.978138
mobley_7578802,2,-0.978208,-0.978169,-0.977989,-0.977954,-0.978138
mobley_7578802,3,-0.978208,-0.978169,-0.977989,-0.977954,-0.978138
mobley_7578802,4,-0.136720,-0.136739,-0.136434,-0.136365,-0.136697
mobley_7599023,0,-0.080783,-0.077143,-0.076102,-0.078781,-0.076860
mobley_7599023,1,-0.042737,-0.038754,-0.037157,-0.040661,-0.038398
mobley_7599023,2,-0.189906,-0.189073,-0.190602,-0.194661,-0.192077
mobley_7599023,3,-0.519357,-0.519555,-0.518198,-0.518096,-0.518737
mobley_7599023,4,-0.189906,-0.189072,-0.190602,-0.194661,-0.192076
mobley_7599023,5,-0.042738,-0.038754,-0.037158,-0.040661,-0.038398
mobley_7599023,6,-0.974446,-0.974106,-0.973741,-0.973731,-0.973946
mobley_7599023,7,-0.110028,-0.110426,-0.109862,-0.109799,-0.109866
mobley_7599023,8,-0.110524,-0.110931,-0.110402,-0.110290,-0.110382
mobley_7599023,9,-0.113288,-0.113541,-0.112901,-0.113038,-0.113039
mobley_7599023,10,-0.113288,-0.113541,-0.112901,-0.113038,-0.113039
mobley_7599023,11,-0.110523,-0.110931,-0.110402,-0.110290,-0.110382
mobley_7608435,0,0.969488,0.978823,0.984287,0.969550,0.979484
mobley_7608435,1,1.052978,1.067431,1.076000,1.071772,1.077745
mobley_7608435,2,0.469198,0.479499,0.469666,0.475922,0.481212
mobley_7608435,3,0.548085,0.558651,0.550798,0.558547,0.564612
mobley_7608435,4,1.214415,1.226119,1.238566,1.231855,1.255142
mobley_7608435,5,0.949926,0.962380,0.979022,0.975675,0.991197
mobley_7608435,6,0.011808,0.013679,0.032048,0.022590,0.030174
mobley_7608435,7,0.429218,0.428926,0.357670,0.402021,0.354211
mobley_7608435,8,-1.844071,-1.844483,-1.844743,-1.844714,-1.844631
mobley_7608435,9,-1.904836,-1.903350,-1.906918,-1.904183,-1.906364
mobley_7608435,10,0.717907,0.709988,0.716234,0.697752,0.703878
mobley_7608435,11,-0.149075,-0.148536,-0.150091,-0.148311,-0.148814
mobley_7608435,12,-0.155577,-0.155050,-0.156705,-0.154863,-0.155362
mobley_7608435,13,-0.149037,-0.148499,-0.150024,-0.148256,-0.148754
mobley_7608435,14,-0.350388,-0.348285,-0.357165,-0.351931,-0.353735
mobley_7608435,15,-0.329169,-0.326943,-0.335513,-0.330199,-0.332378
mobley_7608435,16,-0.472765,-0.470467,-0.483009,-0.476042,-0.478688
mobley_7608435,17,-0.456309,-0.454053,-0.466233,-0.459336,-0.462034
mobley_7608435,18,-0.520773,-0.518182,-0.532487,-0.524359,-0.527667
mobley_7608435,19,-0.506549,-0.503992,-0.518037,-0.509963,-0.513335
mobley_7608435,20,-0.447708,-0.444783,-0.455704,-0.448749,-0.451343
mobley_7608435,21,-0.468799,-0.466083,-0.477137,-0.470461,-0.472432
mobley_7608435,22,-0.447485,-0.444460,-0.458643,-0.450323,-0.454581
mobley_7608435,23,-0.447538,-0.444495,-0.458776,-0.450422,-0.454710
mobley_7608435,24,-0.321129,-0.319164,-0.328947,-0.322891,-0.325703
mobley_7608435,25,-0.321455,-0.319487,-0.329268,-0.323209,-0.326016
mobley_7608435,26,-0.118466,-0.118382,-0.118415,-0.117986,-0.118047
mobley_7608435,27,-0.117034,-0.116874,-0.116750,-0.116383,-0.116413
mobley_7608435,28,-0.117034,-0.116874,-0.116751,-0.116383,-0.116413
mobley_7608462,0,-0.092741,-0.089056,-0.087881,-0.091026,-0.088117
mobley_7608462,1,-0.086709,-0.083390,-0.082997,-0.085951,-0.083378
mobley_7608462,2,-0.106257,-0.105548,-0.106257,-0.110013,-0.106904
mobley_7608462,3,-0.344710,-0.346625,-0.344225,-0.344767,-0.343894
mobley_7608462,4,-0.106256,-0.105548,-0.106256,-0.110013,-0.106904
mobley_7608462,5,-0.086707,-0.083388,-0.082995,-0.085950,-0.083377
mobley_7608462,6,-0.054524,-0.053934,-0.053231,-0.053605,-0.053647
mobley_7608462,7,-0.110821,-0.111229,-0.110714,-0.110592,-0.110687
mobley_7608462,8,-0.111567,-0.111996,-0.111528,-0.111339,-0.111462
mobley_7608462,9,-0.112256,-0.112595,-0.112020,-0.112003,-0.112056
mobley_7608462,10,-0.112256,-0.112595,-0.112020,-0.112003,-0.112056
mobley_7608462,11,-0.111567,-0.111996,-0.111528,-0.111339,-0.111462
mobley_7610437,0,1.090425,1.099392,1.119357,1.097560,1.111058
mobley_7610437,1,0.560197,0.561400,0.574235,0.566204,0.575739
mobley_7610437,2,-0.175034,-0.176891,-0.177229,-0.176876,-0.176704
mobley_7610437,3,0.242552,0.233818,0.283965,0.260349,0.287562
mobley_7610437,4,0.544780,0.568353,0.557271,0.540149,0.555269
mobley_7610437,5,0.811723,0.838804,0.828327,0.813426,0.826640
mobley_7610437,6,-2.036832,-2.032443,-2.052543,-2.045955,-2.053389
mobley_7610437,7,-0.167922,-0.167080,-0.169142,-0.167169,-0.167611
mobley_7610437,8,-0.178010,-0.177025,-0.179316,-0.177117,-0.177628
mobley_7610437,9,-0.168730,-0.167811,-0.170177,-0.168003,-0.168614
mobley_7610437,10,-0.510584,-0.507095,-0.522270,-0.515188,-0.517600
mobley_7610437,11,-0.494136,-0.490296,-0.506172,-0.498363,-0.501644
mobley_7610437,12,-0.691722,-0.687978,-0.706842,-0.701790,-0.702900
mobley_7610437,13,-0.925775,-0.922089,-0.955125,-0.943115,-0.949180
mobley_7610437,14,-0.193784,-0.192272,-0.193525,-0.191640,-0.191343
mobley_7610437,15,-0.177908,-0.177022,-0.178011,-0.176603,-0.176342
mobley_7610437,16,-0.193509,-0.192690,-0.194069,-0.192442,-0.192051
mobley_7610437,17,-0.200502,-0.199476,-0.201729,-0.199615,-0.199622
mobley_7610437,18,-0.203115,-0.202040,-0.204212,-0.202004,-0.202039
mobley_7610437,19,-0.206282,-0.205244,-0.207949,-0.205500,-0.205746
mobley_7610437,20,-0.142701,-0.142293,-0.142545,-0.141437,-0.142779
mobley_766666,0,-0.498059,-0.500516,-0.497676,-0.502402,-0.500038
mobley_766666,1,-0.628108,-0.630061,-0.628030,-0.629669,-0.629127
mobley_766666,2,-0.091618,-0.091542,-0.091582,-0.091498,-0.091760
mobley_766666,3,-0.088331,-0.088230,-0.088161,-0.088081,-0.088308
mobley_766666,4,-0.074647,-0.074526,-0.074313,-0.074268,-0.074494
mobley_766666,5,-0.126827,-0.126962,-0.126407,-0.126545,-0.126704
mobley_7676709,0,0.366994,0.372377,0.357668,0.354930,0.350379
mobley_7676709,1,-0.268616,-0.268523,-0.254822,-0.263650,-0.252100
mobley_7676709,2,-0.480815,-0.481263,-0.481560,-0.484628,-0.479783
mobley_7676709,3,0.029418,0.021195,0.004032,-0.006546,0.018328
mobley_7676709,4,-1.853072,-1.852950,-1.854851,-1.853769,-1.854718
mobley_7676709,5,-0.284836,-0.299689,-0.284740,-0.297425,-0.274955
mobley_7676709,6,0.887392,0.889253,0.881299,0.875205,0.890964
mobley_7676709,7,0.312854,0.314510,0.321588,0.311169,0.323489
mobley_7676709,8,0.482126,0.471078,0.527281,0.502792,0.532058
mobley_7676709,9,1.279534,1.311203,1.301237,1.284933,1.293808
mobley_7676709,10,1.563268,1.597878,1.596514,1.580513,1.589948
mobley_7676709,11,-0.129415,-0.129394,-0.129615,-0.128519,-0.128736
mobley_7676709,12,-0.127473,-0.127444,-0.127823,-0.126712,-0.126987
mobley_7676709,13,-0.126144,-0.126109,-0.126452,-0.125387,-0.125660
mobley_7676709,14,-0.130701,-0.131240,-0.131232,-0.130415,-0.130548
mobley_7676709,15,-0.713984,-0.713680,-0.729041,-0.720896,-0.723083
mobley_7676709,16,-0.482501,-0.480329,-0.486798,-0.480780,-0.480808
mobley_7676709,17,-0.475810,-0.473708,-0.481470,-0.474919,-0.475869
mobley_7676709,18,-0.337133,-0.336580,-0.342406,-0.337081,-0.338760
mobley_7676709,19,-0.341121,-0.340889,-0.347504,-0.342061,-0.343774
mobley_7676709,20,-0.912498,-0.909441,-0.940547,-0.927425,-0.934496
mobley_7676709,21,-0.201694,-0.200152,-0.201161,-0.199133,-0.198611
mobley_7676709,22,-0.188083,-0.187236,-0.188038,-0.186554,-0.186061
mobley_7676709,23,-0.188165,-0.187217,-0.188056,-0.186458,-0.186039
mobley_7676709,24,-0.213125,-0.211806,-0.213975,-0.211509,-0.211439
mobley_7676709,25,-0.207345,-0.206366,-0.208197,-0.206133,-0.205847
mobley_7676709,26,-0.203018,-0.201972,-0.204131,-0.201869,-0.201923
mobley_7688753,0,-0.270099,-0.270643,-0.274583,-0.274104,-0.273423
mobley_7688753,1,-0.180175,-0.177330,-0.182152,-0.182895,-0.180799
mobley_7688753,2,-0.306356,-0.308655,-0.297346,-0.303788,-0.294841
mobley_7688753,3,-0.312985,-0.312200,-0.313663,-0.314608,-0.313763
mobley_7688753,4,-0.402681,-0.404859,-0.394678,-0.400643,-0.397265
mobley_7688753,5,-0.476932,-0.478393,-0.474762,-0.477846,-0.473971
mobley_7688753,6,-1.863842,-1.864201,-1.863717,-1.863660,-1.863927
mobley_7688753,7,-0.202549,-0.198844,-0.210827,-0.205668,-0.215478
mobley_7688753,8,-1.827863,-1.827752,-1.826644,-1.827324,-1.826966
mobley_7688753,9,-0.115517,-0.116020,-0.115727,-0.115332,-0.115535
mobley_7688753,10,-0.119201,-0.119846,-0.119816,-0.119093,-0.119399
mobley_7688753,11,-0.139841,-0.140737,-0.141860,-0.140238,-0.140901
mobley_7688753,12,-0.120074,-0.120597,-0.120471,-0.119938,-0.120212
mobley_7688753,13,-0.162336,-0.162456,-0.162581,-0.161958,-0.162523
mobley_7688753,14,-0.114695,-0.114850,-0.114169,-0.114279,-0.114308
mobley_7690440,0,-0.465907,-0.472091,-0.473299,-0.478447,-0.477685
mobley_7690440,1,-0.356957,-0.356804,-0.355761,-0.355841,-0.355824
mobley_7690440,2,-0.356957,-0.356804,-0.355761,-0.355841,-0.355824
mobley_7690440,3,-0.465907,-0.472090,-0.473299,-0.478447,-0.477684
mobley_7690440,4,-0.117045,-0.117318,-0.116826,-0.116986,-0.117092
mobley_7690440,5,-0.117881,-0.118160,-0.117663,-0.117816,-0.117922
mobley_7690440,6,-0.117066,-0.117342,-0.116849,-0.116985,-0.117104
mobley_7690440,7,-0.117881,-0.118160,-0.117663,-0.117816,-0.117922
mobley_7690440,8,-0.117065,-0.117342,-0.116849,-0.116985,-0.117104
mobley_7690440,9,-0.117045,-0.117318,-0.116826,-0.116986,-0.117092
mobley_7708038,0,0.587049,0.587735,0.594219,0.578478,0.588302
mobley_7708038,1,0.763482,0.760201,0.783497,0.770633,0.783095
mobley_7708038,2,-0.134145,-0.128348,-0.129492,-0.134291,-0.132277
mobley_7708038,3,-0.926697,-0.926323,-0.925261,-0.925154,-0.925583
mobley_7708038,4,-0.126934,-0.126677,-0.127207,-0.126112,-0.126343
mobley_7708038,5,-0.125816,-0.125610,-0.126180,-0.125109,-0.125349
mobley_7708038,6,-0.124299,-0.124081,-0.124565,-0.123535,-0.123762
mobley_7708038,7,-0.183852,-0.182914,-0.187409,-0.184187,-0.185934
mobley_7708038,8,-0.185950,-0.185064,-0.189616,-0.186369,-0.188098
mobley_7708038,9,-0.102171,-0.102516,-0.101839,-0.101950,-0.101952
mobley_7708038,10,-0.102589,-0.102927,-0.102268,-0.102363,-0.102355
mobley_7732703,0,-0.782608,-0.781973,-0.785884,-0.784133,-0.784438
mobley_7732703,1,0.433222,0.433112,0.433430,0.433421,0.433345
mobley_7732703,2,0.433222,0.433112,0.433430,0.433421,0.433345
mobley_7732703,3,0.433222,0.433112,0.433430,0.433421,0.433345
mobley_7732703,4,-0.970305,-0.970057,-0.969984,-0.969809,-0.970118
mobley_7735340,0,-0.317699,-0.318212,-0.319201,-0.319170,-0.320827
mobley_7735340,1,-0.280583,-0.278692,-0.269191,-0.276955,-0.271958
mobley_7735340,2,-2.553908,-2.555629,-2.553119,-2.553251,-2.553061
mobley_7735340,3,-0.418856,-0.420131,-0.422694,-0.423878,-0.424692
mobley_7735340,4,-2.597895,-2.599271,-2.600385,-2.597579,-2.598668
mobley_7735340,5,-0.117602,-0.117932,-0.117219,-0.117296,-0.117321
mobley_7735340,6,-0.121113,-0.121355,-0.120690,-0.120901,-0.120886
mobley_7735340,7,-0.126148,-0.126420,-0.125745,-0.125899,-0.125939
mobley_7735340,8,-0.148608,-0.148579,-0.148942,-0.148211,-0.149096
mobley_7754849,0,0.707290,0.705224,0.727976,0.705448,0.718947
mobley_7754849,1,0.341423,0.333629,0.340381,0.337316,0.337940
mobley_7754849,2,-1.795821,-1.795904,-1.793664,-1.794073,-1.793994
mobley_7754849,3,0.592831,0.592620,0.593159,0.593703,0.593614
mobley_7754849,4,-0.379415,-0.379784,-0.378009,-0.378602,-0.376754
mobley_7754849,5,-1.784186,-1.784195,-1.782462,-1.782716,-1.783004
mobley_7754849,6,0.491275,0.482784,0.494621,0.488375,0.491462
mobley_7754849,7,0.685534,0.685539,0.703795,0.683029,0.694130
mobley_7754849,8,-0.390880,-0.391014,-0.390506,-0.390443,-0.390381
mobley_7754849,9,-0.669143,-0.672891,-0.676700,-0.677752,-0.679395
mobley_7754849,10,-0.390097,-0.390199,-0.389768,-0.389642,-0.389693
mobley_7754849,11,0.591929,0.591694,0.592178,0.592466,0.592221
mobley_7754849,12,-0.386282,-0.386683,-0.384816,-0.385310,-0.383389
mobley_7754849,13,-1.801676,-1.801944,-1.799686,-1.800138,-1.799899
mobley_7754849,14,0.365630,0.357993,0.372866,0.366534,0.372023
mobley_7754849,15,0.589343,0.588460,0.612668,0.590432,0.605091
mobley_7754849,16,-1.793226,-1.793292,-1.790668,-1.791497,-1.791050
mobley_7754849,17,0.297769,0.292066,0.299723,0.295181,0.296124
mobley_7754849,18,0.479074,0.477521,0.498897,0.478648,0.492879
mobley_7754849,19,-0.132615,-0.132234,-0.133091,-0.131776,-0.132044
mobley_7754849,20,-0.131905,-0.131448,-0.132412,-0.131013,-0.131368
mobley_7754849,21,-0.132166,-0.131736,-0.132681,-0.131271,-0.131597
mobley_7754849,22,-0.157335,-0.156409,-0.157278,-0.155874,-0.155472
mobley_7754849,23,-0.157488,-0.156483,-0.157360,-0.155948,-0.155505
mobley_7754849,24,-0.175550,-0.174327,-0.175679,-0.173896,-0.173323
mobley_7754849,25,-0.185296,-0.183924,-0.185642,-0.183729,-0.183200
mobley_7754849,26,-0.131778,-0.131340,-0.132148,-0.130821,-0.131081
mobley_7754849,27,-0.132429,-0.132034,-0.132758,-0.131510,-0.131711
mobley_7754849,28,-0.129904,-0.129456,-0.130272,-0.128970,-0.129251
mobley_7754849,29,-0.122822,-0.122987,-0.122910,-0.122842,-0.123280
mobley_7754849,30,-0.122732,-0.122893,-0.122804,-0.122722,-0.123173
mobley_7754849,31,-0.157424,-0.156589,-0.158075,-0.156496,-0.156463
mobley_7754849,32,-0.159472,-0.158604,-0.160082,-0.158435,-0.158370
mobley_7754849,33,-0.125352,-0.125054,-0.125830,-0.124660,-0.124993
mobley_7754849,34,-0.126001,-0.125742,-0.126488,-0.125377,-0.125679
mobley_7754849,35,-0.126362,-0.126038,-0.126851,-0.125654,-0.125995
mobley_7754849,36,-0.150872,-0.150059,-0.151194,-0.149669,-0.149557
mobley_7754849,37,-0.154337,-0.153458,-0.154661,-0.153076,-0.152965
mobley_7754849,38,-0.124414,-0.124163,-0.124819,-0.123773,-0.124057
mobley_7754849,39,-0.124296,-0.123992,-0.124735,-0.123601,-0.123938
mobley_7754849,40,-0.124683,-0.124382,-0.125119,-0.123989,-0.124321
mobley_7758918,0,0.460234,0.455602,0.465519,0.449449,0.460974
mobley_7758918,1,0.139677,0.129476,0.149862,0.139371,0.149418
mobley_7758918,2,-0.239044,-0.235497,-0.244513,-0.239161,-0.246026
mobley_7758918,3,-1.825220,-1.825394,-1.824177,-1.824506,-1.824364
mobley_7758918,4,-1.839615,-1.840144,-1.837833,-1.838779,-1.838136
mobley_7758918,5,-0.129539,-0.129215,-0.130169,-0.128903,-0.129355
mobley_7758918,6,-0.129539,-0.129215,-0.130169,-0.128903,-0.129354
mobley_7758918,7,-0.130968,-0.130662,-0.131585,-0.130312,-0.130715
mobley_7758918,8,-0.188606,-0.187820,-0.192680,-0.189556,-0.191212
mobley_7758918,9,-0.188605,-0.187819,-0.192679,-0.189555,-0.191211
mobley_7758918,10,-0.151979,-0.152081,-0.151597,-0.151253,-0.151589
mobley_7768165,0,0.072429,0.065023,0.075224,0.066158,0.071543
mobley_7768165,1,-0.237214,-0.240041,-0.233406,-0.239236,-0.236141
mobley_7768165,2,-0.940997,-0.940742,-0.940065,-0.939896,-0.940341
mobley_7768165,3,-0.029942,-0.029943,-0.029100,-0.029032,-0.029269
mobley_7768165,4,-0.105352,-0.105721,-0.105011,-0.105158,-0.105107
mobley_7768165,5,-0.105352,-0.105721,-0.105011,-0.105158,-0.105107
mobley_7768165,6,-0.109161,-0.109476,-0.108816,-0.108952,-0.108976
mobley_7768165,7,-0.109161,-0.109476,-0.108816,-0.108952,-0.108976
mobley_7769613,0,0.353614,0.353592,0.347795,0.336586,0.342126
mobley_7769613,1,0.093229,0.094261,0.136360,0.127537,0.142045
mobley_7769613,2,0.353617,0.353594,0.347794,0.336586,0.342126
mobley_7769613,3,0.353616,0.353596,0.347795,0.336587,0.342125
mobley_7769613,4,-0.844607,-0.842971,-0.836834,-0.837538,-0.836938
mobley_7769613,5,-0.133047,-0.132783,-0.133230,-0.132182,-0.132264
mobley_7769613,6,-0.136258,-0.135978,-0.136492,-0.135395,-0.135481
mobley_7769613,7,-0.136258,-0.135978,-0.136492,-0.135395,-0.135481
mobley_7769613,8,-0.133047,-0.132783,-0.133230,-0.132182,-0.132265
mobley_7769613,9,-0.136258,-0.135979,-0.136492,-0.135395,-0.135481
mobley_7769613,10,-0.136258,-0.135979,-0.136492,-0.135395,-0.135481
mobley_7769613,11,-0.136258,-0.135979,-0.136492,-0.135395,-0.135481
mobley_7769613,12,-0.136258,-0.135979,-0.136492,-0.135395,-0.135481
mobley_7769613,13,-0.133047,-0.132783,-0.133230,-0.132182,-0.132264
mobley_7774695,0,0.334234,0.323159,0.334474,0.319371,0.323357
mobley_7774695,1,-2.734497,-2.737040,-2.741073,-2.736515,-2.740429
mobley_7774695,2,-0.357089,-0.358451,-0.350973,-0.354245,-0.351979
mobley_7774695,3,-0.333121,-0.331619,-0.332527,-0.334957,-0.332605
mobley_7774695,4,-0.220084,-0.218145,-0.219442,-0.219340,-0.218722
mobley_7774695,5,-0.172177,-0.168697,-0.164248,-0.169209,-0.162887
mobley_7774695,6,-0.224950,-0.222089,-0.225143,-0.224374,-0.224480
mobley_7774695,7,-0.247065,-0.244314,-0.238561,-0.242800,-0.237904
mobley_7774695,8,-0.124983,-0.124557,-0.124995,-0.123894,-0.124234
mobley_7774695,9,-0.120616,-0.120301,-0.120441,-0.119651,-0.119898
mobley_7774695,10,-0.128548,-0.128097,-0.128589,-0.127453,-0.127816
mobley_7774695,11,-0.135862,-0.135582,-0.136187,-0.135182,-0.136293
mobley_7774695,12,-0.123125,-0.123645,-0.123554,-0.122763,-0.123129
mobley_7774695,13,-0.114991,-0.115515,-0.115213,-0.114796,-0.115004
mobley_7774695,14,-0.112375,-0.112807,-0.112364,-0.112135,-0.112276
mobley_7774695,15,-0.114114,-0.114598,-0.114221,-0.113892,-0.114062
mobley_7774695,16,-0.133210,-0.134024,-0.134704,-0.133247,-0.133820
mobley_778352,0,0.348058,0.342883,0.342431,0.331676,0.335198
mobley_778352,1,-0.155327,-0.141346,-0.163260,-0.152168,-0.159175
mobley_778352,2,-0.117031,-0.113546,-0.091079,-0.100054,-0.086301
mobley_778352,3,0.364294,0.363360,0.358514,0.349801,0.351704
mobley_778352,4,0.287861,0.286625,0.274870,0.267955,0.265886
mobley_778352,5,-0.114864,-0.114850,-0.114765,-0.114094,-0.114261
mobley_778352,6,-0.113273,-0.113282,-0.113115,-0.112573,-0.112717
mobley_778352,7,-0.114864,-0.114850,-0.114765,-0.114094,-0.114261
mobley_778352,8,-0.111609,-0.112152,-0.112275,-0.111608,-0.111832
mobley_778352,9,-0.127435,-0.127409,-0.127902,-0.126786,-0.127075
mobley_778352,10,-0.127435,-0.127410,-0.127902,-0.126787,-0.127075
mobley_778352,11,-0.129157,-0.129079,-0.129470,-0.128357,-0.128597
mobley_778352,12,-0.124271,-0.124183,-0.124235,-0.123326,-0.123421
mobley_778352,13,-0.122693,-0.122635,-0.122600,-0.121806,-0.121889
mobley_778352,14,-0.124271,-0.124183,-0.124235,-0.123326,-0.123421
mobley_7794077,0,-0.436376,-0.438661,-0.430707,-0.436251,-0.432019
mobley_7794077,1,-0.281831,-0.283074,-0.249023,-0.264819,-0.246999
mobley_7794077,2,-0.522765,-0.524270,-0.514125,-0.519867,-0.515010
mobley_7794077,3,-1.868023,-1.868367,-1.867193,-1.867155,-1.867208
mobley_7794077,4,-2.705813,-2.708686,-2.706017,-2.704348,-2.706074
mobley_7794077,5,-0.513270,-0.515741,-0.507465,-0.511998,-0.508263
mobley_7794077,6,-1.844848,-1.844696,-1.840971,-1.845363,-1.843521
mobley_7794077,7,-2.686951,-2.690038,-2.688509,-2.687120,-2.688485
mobley_7794077,8,-0.493661,-0.493309,-0.502682,-0.498557,-0.499392
mobley_7794077,9,0.452778,0.452364,0.452986,0.452656,0.453008
mobley_7794077,10,0.452387,0.451962,0.452482,0.452221,0.452531
mobley_7794077,11,0.452386,0.451961,0.452481,0.452220,0.452530
mobley_7794077,12,-0.135381,-0.135964,-0.135828,-0.134930,-0.135221
mobley_7794077,13,-0.198380,-0.198832,-0.198641,-0.198503,-0.198380
mobley_7794077,14,-0.200460,-0.200974,-0.201090,-0.200454,-0.200787
mobley_7814642,0,-0.036019,-0.033830,-0.032314,-0.037672,-0.033656
mobley_7814642,1,0.024499,0.026822,0.029829,0.023106,0.027987
mobley_7814642,2,-0.364349,-0.366950,-0.364485,-0.366113,-0.364532
mobley_7814642,3,-0.342466,-0.344885,-0.342024,-0.344119,-0.342332
mobley_7814642,4,-0.002631,-0.002577,-0.000501,-0.008259,-0.003004
mobley_7814642,5,-0.294502,-0.295209,-0.291715,-0.292793,-0.291776
mobley_7814642,6,-0.051686,-0.051021,-0.050257,-0.050682,-0.050677
mobley_7814642,7,-0.062292,-0.061867,-0.061490,-0.061721,-0.061834
mobley_7814642,8,-0.063463,-0.063024,-0.062669,-0.062877,-0.063018
mobley_7814642,9,-0.112217,-0.112565,-0.111976,-0.111967,-0.112013
mobley_7814642,10,-0.112745,-0.113107,-0.112562,-0.112489,-0.112562
mobley_7814642,11,-0.114244,-0.114551,-0.113965,-0.114021,-0.114048
mobley_7829570,0,0.798813,0.807366,0.812677,0.796050,0.807575
mobley_7829570,1,0.670206,0.686488,0.690135,0.693299,0.694512
mobley_7829570,2,0.955770,0.969655,1.003451,0.986119,1.005734
mobley_7829570,3,-0.055582,-0.053569,-0.070119,-0.069333,-0.075421
mobley_7829570,4,-3.587503,-3.591555,-3.608817,-3.592808,-3.601178
mobley_7829570,5,0.378729,0.381554,0.348701,0.356086,0.343546
mobley_7829570,6,1.671477,1.683329,1.729265,1.689308,1.700690
mobley_7829570,7,-0.978551,-0.994083,-1.005783,-0.995678,-0.996663
mobley_7829570,8,0.172338,0.172805,0.209537,0.194407,0.214361
mobley_7829570,9,0.780849,0.811963,0.796487,0.794126,0.785524
mobley_7829570,10,-0.162181,-0.160353,-0.128882,-0.146165,-0.126092
mobley_7829570,11,0.610015,0.634828,0.624110,0.618625,0.615102
mobley_7829570,12,-0.195927,-0.199314,-0.189563,-0.194990,-0.184778
mobley_7829570,13,1.924376,1.899145,1.924744,1.854797,1.881328
mobley_7829570,14,-1.789964,-1.790195,-1.788159,-1.789422,-1.788880
mobley_7829570,15,-1.788385,-1.788333,-1.785665,-1.787155,-1.786446
mobley_7829570,16,-0.375401,-0.370453,-0.386672,-0.381227,-0.383895
mobley_7829570,17,0.453455,0.453088,0.453569,0.453313,0.453598
mobley_7829570,18,0.453375,0.453009,0.453483,0.453230,0.453513
mobley_7829570,19,0.453157,0.452789,0.453192,0.452991,0.453246
mobley_7829570,20,2.643206,2.604555,2.670999,2.559738,2.622055
mobley_7829570,21,-1.788333,-1.788538,-1.786387,-1.787693,-1.787035
mobley_7829570,22,-1.785194,-1.785235,-1.782968,-1.784252,-1.783710
mobley_7829570,23,-0.146415,-0.145925,-0.146738,-0.145395,-0.145451
mobley_7829570,24,-0.148495,-0.147891,-0.148963,-0.147493,-0.147737
mobley_7829570,25,-0.155010,-0.154106,-0.155210,-0.153491,-0.153688
mobley_7829570,26,-0.360072,-0.357917,-0.368821,-0.362558,-0.365552
mobley_7829570,27,-0.366771,-0.364749,-0.375443,-0.369399,-0.372148
mobley_7829570,28,-0.524711,-0.520818,-0.532970,-0.523672,-0.526247
mobley_7829570,29,-0.526148,-0.522492,-0.533912,-0.525352,-0.526813
mobley_7829570,30,-0.396735,-0.392114,-0.395122,-0.389187,-0.388048
mobley_7829570,31,-0.437113,-0.432836,-0.436672,-0.430677,-0.429216
mobley_7829570,32,-0.305733,-0.302692,-0.307399,-0.302176,-0.302527
mobley_7829570,33,-0.322346,-0.319332,-0.324377,-0.319091,-0.319557
mobley_7829570,34,-0.161005,-0.160009,-0.160972,-0.158912,-0.159053
mobley_7829570,35,-0.159793,-0.158803,-0.160093,-0.158034,-0.158397
mobley_7829570,36,-0.163282,-0.162405,-0.163651,-0.161623,-0.161885
mobley_7829570,37,-0.130211,-0.130856,-0.130414,-0.129690,-0.129864
mobley_7829570,38,-0.131461,-0.132158,-0.131786,-0.130959,-0.131155
mobley_7859387,0,1.029136,1.041500,1.049224,1.034832,1.044289
mobley_7859387,1,0.816979,0.831692,0.832578,0.838243,0.840374
mobley_7859387,2,0.826927,0.840914,0.832319,0.836855,0.848319
mobley_7859387,3,0.841266,0.856537,0.849910,0.854363,0.866131
mobley_7859387,4,0.843743,0.856939,0.851247,0.856986,0.863994
mobley_7859387,5,0.646398,0.650990,0.652382,0.649039,0.656879
mobley_7859387,6,0.127961,0.131128,0.124002,0.123113,0.123681
mobley_7859387,7,-1.820816,-1.820651,-1.819656,-1.820218,-1.820080
mobley_7859387,8,-0.154165,-0.153666,-0.155239,-0.153452,-0.153925
mobley_7859387,9,-0.148073,-0.147563,-0.149057,-0.147326,-0.147798
mobley_7859387,10,-0.148072,-0.147562,-0.149056,-0.147325,-0.147797
mobley_7859387,11,-0.383736,-0.381484,-0.393783,-0.386821,-0.390376
mobley_7859387,12,-0.383603,-0.381349,-0.393644,-0.386683,-0.390237
mobley_7859387,13,-0.481017,-0.478484,-0.492263,-0.484456,-0.487904
mobley_7859387,14,-0.481257,-0.478723,-0.492502,-0.484696,-0.488142
mobley_7859387,15,-0.507171,-0.504561,-0.519420,-0.510822,-0.514814
mobley_7859387,16,-0.507355,-0.504755,-0.519647,-0.511042,-0.515039
mobley_7859387,17,-0.437412,-0.435081,-0.447896,-0.440178,-0.443733
mobley_7859387,18,-0.429356,-0.426923,-0.439529,-0.431899,-0.435429
mobley_7859387,19,-0.246872,-0.245843,-0.252598,-0.248151,-0.250276
mobley_7859387,20,-0.238923,-0.237932,-0.244380,-0.240038,-0.242128
mobley_7859387,21,-0.109393,-0.109633,-0.108964,-0.109031,-0.109031
mobley_7860938,0,0.896936,0.905170,0.911902,0.895589,0.907353
mobley_7860938,1,0.647988,0.656908,0.670404,0.664810,0.676353
mobley_7860938,2,0.197997,0.202526,0.205384,0.205790,0.205493
mobley_7860938,3,-0.013236,-0.019104,-0.001422,-0.010319,-0.002085
mobley_7860938,4,-2.920102,-2.917778,-2.944105,-2.930818,-2.944992
mobley_7860938,5,-0.014176,-0.019599,-0.002202,-0.010995,-0.002782
mobley_7860938,6,0.433834,0.438337,0.459939,0.451282,0.465922
mobley_7860938,7,0.535072,0.545782,0.554625,0.548985,0.559552
mobley_7860938,8,0.811309,0.817133,0.825934,0.808388,0.821662
mobley_7860938,9,-0.150283,-0.149737,-0.151298,-0.149500,-0.150005
mobley_7860938,10,-0.150617,-0.150060,-0.151675,-0.149853,-0.150373
mobley_7860938,11,-0.156837,-0.156303,-0.157996,-0.156121,-0.156627
mobley_7860938,12,-0.360803,-0.358273,-0.369639,-0.363299,-0.366441
mobley_7860938,13,-0.376730,-0.374396,-0.385435,-0.379370,-0.382077
mobley_7860938,14,-0.459052,-0.456509,-0.469430,-0.461914,-0.464860
mobley_7860938,15,-0.462180,-0.459125,-0.473169,-0.465132,-0.468559
mobley_7860938,16,-0.420423,-0.416601,-0.428858,-0.420463,-0.423750
mobley_7860938,17,-0.356596,-0.352775,-0.362882,-0.355407,-0.358601
mobley_7860938,18,-0.156272,-0.157497,-0.154336,-0.156212,-0.154498
mobley_7860938,19,-0.382663,-0.378880,-0.389723,-0.382039,-0.385147
mobley_7860938,20,-0.409612,-0.405743,-0.417815,-0.409397,-0.412844
mobley_7860938,21,-0.480243,-0.477562,-0.491343,-0.483516,-0.486515
mobley_7860938,22,-0.458136,-0.455007,-0.469034,-0.461016,-0.464479
mobley_7860938,23,-0.323092,-0.320979,-0.330073,-0.324528,-0.327060
mobley_7860938,24,-0.328976,-0.327038,-0.335554,-0.330325,-0.332426
mobley_7860938,25,-0.153289,-0.152774,-0.154387,-0.152581,-0.153087
mobley_7860938,26,-0.147287,-0.146741,-0.148280,-0.146530,-0.147052
mobley_7860938,27,-0.147438,-0.146905,-0.148418,-0.146675,-0.147183
mobley_7869158,0,0.578016,0.583322,0.601442,0.576344,0.596855
mobley_7869158,1,0.405160,0.418318,0.431294,0.429149,0.428463
mobley_7869158,2,0.007789,0.000595,0.020213,0.015702,0.021385
mobley_7869158,3,0.530677,0.541440,0.549277,0.536576,0.541883
mobley_7869158,4,-1.948465,-1.945614,-1.958342,-1.952998,-1.957974
mobley_7869158,5,3.849355,3.802934,3.813608,3.790582,3.793142
mobley_7869158,6,-1.782138,-1.782799,-1.781243,-1.781865,-1.781770
mobley_7869158,7,-1.767820,-1.768668,-1.766129,-1.767044,-1.766690
mobley_7869158,8,-0.152521,-0.151854,-0.153392,-0.151656,-0.152111
mobley_7869158,9,-0.160956,-0.160170,-0.161804,-0.159879,-0.160361
mobley_7869158,10,-0.162006,-0.161215,-0.163276,-0.161170,-0.161869
mobley_7869158,11,-0.406545,-0.404015,-0.416412,-0.410294,-0.412639
mobley_7869158,12,-0.417671,-0.414801,-0.428263,-0.421383,-0.424332
mobley_7869158,13,-0.595356,-0.590707,-0.613201,-0.606219,-0.609106
mobley_7869158,14,-0.184293,-0.183174,-0.185628,-0.183455,-0.183794
mobley_7869158,15,-0.180839,-0.179893,-0.181938,-0.180051,-0.180110
mobley_7869158,16,-0.182875,-0.181886,-0.184395,-0.182219,-0.182565
mobley_7893124,0,0.844450,0.880120,0.838289,0.832839,0.841409
mobley_7893124,1,0.335145,0.309815,0.401819,0.356436,0.410214
mobley_7893124,2,0.727533,0.767597,0.717488,0.713670,0.720455
mobley_7893124,3,0.727538,0.767599,0.717491,0.713672,0.720455
mobley_7893124,4,-0.583695,-0.588033,-0.594649,-0.591826,-0.591133
mobley_7893124,5,0.425888,0.433875,0.401991,0.416824,0.401176
mobley_7893124,6,-0.108413,-0.102502,-0.105331,-0.104650,-0.105135
mobley_7893124,7,-0.202237,-0.198519,-0.196818,-0.201110,-0.194655
mobley_7893124,8,-0.046287,-0.039098,-0.041870,-0.041522,-0.041848
mobley_7893124,9,0.236269,0.242099,0.210853,0.226252,0.207464
mobley_7893124,10,-0.291118,-0.289486,-0.294151,-0.290664,-0.290755
mobley_7893124,11,-0.293684,-0.291919,-0.296259,-0.292569,-0.292651
mobley_7893124,12,-0.291119,-0.289486,-0.294151,-0.290665,-0.290756
mobley_7893124,13,-0.229893,-0.229128,-0.230871,-0.228831,-0.228177
mobley_7893124,14,-0.225339,-0.224426,-0.226122,-0.224032,-0.223545
mobley_7893124,15,-0.222613,-0.221667,-0.223055,-0.220944,-0.220345
mobley_7893124,16,-0.225341,-0.224427,-0.226123,-0.224034,-0.223547
mobley_7893124,17,-0.222615,-0.221669,-0.223056,-0.220946,-0.220346
mobley_7893124,18,-0.229895,-0.229130,-0.230872,-0.228832,-0.228178
mobley_7893124,19,-0.130892,-0.130855,-0.131036,-0.130020,-0.130590
mobley_7893124,20,-0.115211,-0.115752,-0.115428,-0.115007,-0.115209
mobley_7893124,21,-0.112693,-0.113123,-0.112673,-0.112442,-0.112584
mobley_7893124,22,-0.116081,-0.116661,-0.116375,-0.115885,-0.116104
mobley_7893124,23,-0.135935,-0.136202,-0.136623,-0.135369,-0.135916
mobley_7912193,0,0.929571,0.939990,0.946868,0.932428,0.942429
mobley_7912193,1,0.827258,0.839429,0.856655,0.853768,0.859989
mobley_7912193,2,0.253556,0.267219,0.276811,0.273324,0.275482
mobley_7912193,3,0.781932,0.812599,0.812810,0.794821,0.798830
mobley_7912193,4,-2.042044,-2.039741,-2.049249,-2.044379,-2.048045
mobley_7912193,5,1.880312,1.870171,1.803132,1.831632,1.786706
mobley_7912193,6,-1.859511,-1.860414,-1.859422,-1.859649,-1.859181
mobley_7912193,7,-0.441000,-0.443358,-0.426671,-0.435710,-0.426195
mobley_7912193,8,-0.159720,-0.156216,-0.160021,-0.159682,-0.158870
mobley_7912193,9,-0.375974,-0.378265,-0.373390,-0.375539,-0.372599
mobley_7912193,10,-0.359021,-0.361497,-0.347909,-0.355404,-0.350390
mobley_7912193,11,-0.495348,-0.496806,-0.492927,-0.495601,-0.493214
mobley_7912193,12,-0.367065,-0.366477,-0.364077,-0.367454,-0.360712
mobley_7912193,13,-1.864384,-1.864764,-1.864137,-1.864224,-1.864360
mobley_7912193,14,-0.146754,-0.146253,-0.147733,-0.146021,-0.146507
mobley_7912193,15,-0.152136,-0.151646,-0.153191,-0.151430,-0.151910
mobley_7912193,16,-0.146754,-0.146253,-0.147733,-0.146021,-0.146507
mobley_7912193,17,-0.354759,-0.352254,-0.364074,-0.357419,-0.360918
mobley_7912193,18,-0.354759,-0.352254,-0.364075,-0.357419,-0.360918
mobley_7912193,19,-0.425655,-0.422512,-0.436743,-0.429156,-0.432733
mobley_7912193,20,-0.425654,-0.422511,-0.436742,-0.429156,-0.432732
mobley_7912193,21,-0.294072,-0.291257,-0.298826,-0.294677,-0.296140
mobley_7912193,22,-0.294072,-0.291257,-0.298826,-0.294677,-0.296140
mobley_7912193,23,-0.126917,-0.127427,-0.127516,-0.126655,-0.127053
mobley_7912193,24,-0.131929,-0.132720,-0.133639,-0.132274,-0.132892
mobley_7912193,25,-0.121837,-0.122420,-0.122346,-0.121725,-0.122011
mobley_7912193,26,-0.163105,-0.163206,-0.164373,-0.162770,-0.163835
mobley_7912193,27,-0.161511,-0.161621,-0.161769,-0.161125,-0.161704
mobley_7913234,0,0.967237,0.977655,0.985955,0.971531,0.981257
mobley_7913234,1,0.724299,0.733695,0.750896,0.747840,0.756244
mobley_7913234,2,0.355663,0.373611,0.376441,0.375739,0.374976
mobley_7913234,3,0.864793,0.886377,0.884750,0.870365,0.873766
mobley_7913234,4,-2.332397,-2.330621,-2.354306,-2.346293,-2.348123
mobley_7913234,5,0.439952,0.447349,0.436280,0.425628,0.424698
mobley_7913234,6,-0.082199,-0.086890,-0.071251,-0.075520,-0.071179
mobley_7913234,7,0.635840,0.645380,0.669979,0.643037,0.666643
mobley_7913234,8,-1.935618,-1.933347,-1.944843,-1.940030,-1.945461
mobley_7913234,9,-0.146825,-0.146314,-0.147800,-0.146082,-0.146570
mobley_7913234,10,-0.146855,-0.146343,-0.147830,-0.146112,-0.146600
mobley_7913234,11,-0.152213,-0.151720,-0.153267,-0.151505,-0.151984
mobley_7913234,12,-0.357593,-0.355072,-0.366973,-0.360280,-0.363787
mobley_7913234,13,-0.357071,-0.354545,-0.366437,-0.359744,-0.363253
mobley_7913234,14,-0.444988,-0.441730,-0.456201,-0.448448,-0.451921
mobley_7913234,15,-0.444282,-0.440998,-0.455458,-0.447706,-0.451205
mobley_7913234,16,-0.367680,-0.363525,-0.374300,-0.368796,-0.370672
mobley_7913234,17,-0.368742,-0.364455,-0.375456,-0.369788,-0.371824
mobley_7913234,18,-0.456966,-0.451764,-0.467375,-0.461841,-0.463479
mobley_7913234,19,-0.448996,-0.443700,-0.459307,-0.453278,-0.455509
mobley_7913234,20,-0.546568,-0.542435,-0.564729,-0.557360,-0.561705
mobley_7913234,21,-0.152193,-0.151501,-0.153139,-0.151626,-0.151932
mobley_7913234,22,-0.152389,-0.151761,-0.153337,-0.151805,-0.152119
mobley_7913234,23,-0.150716,-0.149956,-0.151634,-0.150016,-0.150462
mobley_7913234,24,-0.157311,-0.156806,-0.155840,-0.155190,-0.155923
mobley_7943327,0,0.655078,0.650110,0.675990,0.652843,0.671057
mobley_7943327,1,-0.058202,-0.070472,-0.042643,-0.054766,-0.042261
mobley_7943327,2,1.030818,1.031377,1.061710,1.018824,1.064611
mobley_7943327,3,-1.847916,-1.848472,-1.848661,-1.848632,-1.848554
mobley_7943327,4,-1.983816,-1.978621,-1.990072,-1.983766,-1.989528
mobley_7943327,5,0.847607,0.856093,0.823240,0.828430,0.811652
mobley_7943327,6,0.552738,0.554144,0.593500,0.564976,0.583842
mobley_7943327,7,-0.132103,-0.131687,-0.132775,-0.131429,-0.131939
mobley_7943327,8,-0.132103,-0.131687,-0.132775,-0.131429,-0.131939
mobley_7943327,9,-0.131414,-0.131070,-0.132010,-0.130734,-0.131145
mobley_7943327,10,-0.224643,-0.223310,-0.229887,-0.225689,-0.227853
mobley_7943327,11,-0.224643,-0.223310,-0.229887,-0.225689,-0.227853
mobley_7943327,12,-0.205984,-0.204202,-0.209124,-0.206309,-0.207482
mobley_7943327,13,-0.205984,-0.204202,-0.209124,-0.206309,-0.207482
mobley_7943327,14,-0.128535,-0.128197,-0.129076,-0.127945,-0.128295
mobley_7943327,15,-0.134951,-0.134413,-0.135763,-0.134301,-0.134897
mobley_7943327,16,-0.134951,-0.134413,-0.135763,-0.134301,-0.134897
mobley_7977115,0,0.904764,0.913412,0.920904,0.905600,0.916645
mobley_7977115,1,0.698749,0.717527,0.714132,0.717736,0.718239
mobley_7977115,2,0.528835,0.537322,0.539767,0.535108,0.547019
mobley_7977115,3,-0.066260,-0.068862,-0.064462,-0.065386,-0.063378
mobley_7977115,4,0.457269,0.462246,0.474851,0.470324,0.479529
mobley_7977115,5,0.901496,0.913561,0.927055,0.907053,0.918308
mobley_7977115,6,-1.974650,-1.970135,-1.988503,-1.981759,-1.989222
mobley_7977115,7,-0.149489,-0.148921,-0.150526,-0.148732,-0.149244
mobley_7977115,8,-0.150054,-0.149495,-0.151087,-0.149299,-0.149795
mobley_7977115,9,-0.156335,-0.155802,-0.157475,-0.155632,-0.156127
mobley_7977115,10,-0.374273,-0.372000,-0.383047,-0.376728,-0.379647
mobley_7977115,11,-0.372203,-0.369971,-0.380387,-0.374515,-0.377045
mobley_7977115,12,-0.628441,-0.624692,-0.644452,-0.635616,-0.639229
mobley_7977115,13,-0.603416,-0.599427,-0.619153,-0.609968,-0.614111
mobley_7977115,14,-0.689857,-0.686237,-0.709089,-0.701830,-0.705284
mobley_7977115,15,-0.512926,-0.509528,-0.527610,-0.519507,-0.523441
mobley_7977115,16,-0.488830,-0.485192,-0.503099,-0.494697,-0.499077
mobley_7977115,17,-0.153887,-0.153262,-0.154436,-0.152880,-0.153129
mobley_7977115,18,-0.148031,-0.147503,-0.148640,-0.147209,-0.147426
mobley_7977115,19,-0.150370,-0.149811,-0.151152,-0.149555,-0.149900
mobley_7977115,20,-0.113750,-0.113670,-0.113542,-0.112836,-0.113716
mobley_7983227,0,1.105698,1.114071,1.123366,1.106194,1.114893
mobley_7983227,1,0.270981,0.277991,0.273768,0.273249,0.279589
mobley_7983227,2,0.244812,0.237516,0.280279,0.260648,0.283212
mobley_7983227,3,0.578410,0.602901,0.580800,0.571146,0.578880
mobley_7983227,4,-0.086317,-0.085798,-0.085214,-0.084658,-0.086789
mobley_7983227,5,-1.841861,-1.841083,-1.844226,-1.842960,-1.844720
mobley_7983227,6,-0.170577,-0.169489,-0.171078,-0.168942,-0.169274
mobley_7983227,7,-0.159273,-0.158490,-0.159747,-0.157982,-0.158198
mobley_7983227,8,-0.156452,-0.155647,-0.157131,-0.155262,-0.155683
mobley_7983227,9,-0.427219,-0.425058,-0.436133,-0.430151,-0.432178
mobley_7983227,10,-0.421991,-0.419193,-0.429787,-0.423925,-0.425836
mobley_7983227,11,-0.846165,-0.842971,-0.872383,-0.861872,-0.866931
mobley_7983227,12,-0.205434,-0.204431,-0.207192,-0.204701,-0.205025
mobley_7983227,13,-0.202411,-0.201510,-0.203783,-0.201614,-0.201654
mobley_7983227,14,-0.200523,-0.199372,-0.201647,-0.199378,-0.199497
mobley_7983227,15,-0.256446,-0.254614,-0.258861,-0.256963,-0.256726
mobley_7983227,16,-0.273834,-0.271510,-0.276127,-0.273983,-0.273690
mobley_7983227,17,-0.135123,-0.135161,-0.134654,-0.134357,-0.134815
mobley_7988076,0,-0.237198,-0.238048,-0.243301,-0.242574,-0.241894
mobley_7988076,1,-0.483407,-0.485177,-0.481767,-0.484308,-0.481656
mobley_7988076,2,-0.383872,-0.386388,-0.374283,-0.381112,-0.376687
mobley_7988076,3,-0.384620,-0.387741,-0.382230,-0.384981,-0.381374
mobley_7988076,4,-0.215434,-0.213175,-0.220165,-0.219121,-0.219578
mobley_7988076,5,-0.246280,-0.247355,-0.232057,-0.240086,-0.228342
mobley_7988076,6,-0.235814,-0.233420,-0.244028,-0.239646,-0.248482
mobley_7988076,7,-1.827950,-1.827836,-1.826739,-1.827405,-1.827060
mobley_7988076,8,-1.863945,-1.864321,-1.863690,-1.863772,-1.863917
mobley_7988076,9,-0.120702,-0.121354,-0.121366,-0.120593,-0.120908
mobley_7988076,10,-0.121247,-0.121819,-0.121720,-0.121125,-0.121402
mobley_7988076,11,-0.132101,-0.132903,-0.133843,-0.132466,-0.133090
mobley_7988076,12,-0.118813,-0.119405,-0.119244,-0.118644,-0.118892
mobley_7988076,13,-0.114634,-0.114787,-0.114104,-0.114215,-0.114241
mobley_7988076,14,-0.161982,-0.162097,-0.162235,-0.161612,-0.162172
mobley_8006582,0,0.383989,0.407926,0.400068,0.396504,0.398140
mobley_8006582,1,0.410870,0.436379,0.426148,0.421801,0.422692
mobley_8006582,2,0.410873,0.436383,0.426150,0.421801,0.422696
mobley_8006582,3,0.383992,0.407929,0.400071,0.396504,0.398145
mobley_8006582,4,0.365796,0.389044,0.382594,0.378876,0.381030
mobley_8006582,5,-0.387363,-0.386388,-0.396348,-0.390846,-0.392677
mobley_8006582,6,-0.377173,-0.376102,-0.384876,-0.380176,-0.381392
mobley_8006582,7,-0.412948,-0.412310,-0.421928,-0.416426,-0.417963
mobley_8006582,8,-0.381826,-0.380807,-0.389095,-0.384540,-0.385538
mobley_8006582,9,-0.412949,-0.412312,-0.421930,-0.416426,-0.417965
mobley_8006582,10,-0.381825,-0.380806,-0.389093,-0.384538,-0.385538
mobley_8006582,11,-0.387368,-0.386393,-0.396355,-0.390851,-0.392684
mobley_8006582,12,-0.377176,-0.376104,-0.384879,-0.380178,-0.381396
mobley_8006582,13,-0.359242,-0.358185,-0.367337,-0.362420,-0.364055
mobley_8006582,14,-0.359243,-0.358186,-0.367337,-0.362420,-0.364056
mobley_8011706,0,0.137777,0.127381,0.134104,0.120965,0.127156
mobley_8011706,1,-2.687143,-2.688109,-2.687145,-2.686630,-2.686605
mobley_8011706,2,0.387476,0.375628,0.384451,0.366729,0.374589
mobley_8011706,3,-0.232879,-0.241813,-0.266704,-0.266851,-0.263145
mobley_8011706,4,-1.823529,-1.823493,-1.822551,-1.823027,-1.822875
mobley_8011706,5,-0.126589,-0.126258,-0.126537,-0.125565,-0.125751
mobley_8011706,6,-0.125365,-0.125052,-0.125336,-0.124410,-0.124598
mobley_8011706,7,-0.125645,-0.125366,-0.125513,-0.124666,-0.124824
mobley_8011706,8,-0.132906,-0.132417,-0.132976,-0.131748,-0.132013
mobley_8011706,9,-0.134656,-0.134169,-0.134914,-0.133546,-0.133858
mobley_8011706,10,-0.132974,-0.132493,-0.133219,-0.131901,-0.132219
mobley_8011706,11,-0.117010,-0.117186,-0.116540,-0.116554,-0.116639
mobley_8048190,0,0.263617,0.254164,0.269922,0.253736,0.263264
mobley_8048190,1,-0.193044,-0.191479,-0.185415,-0.185665,-0.185122
mobley_8048190,2,-1.820457,-1.820353,-1.819150,-1.819638,-1.819525
mobley_8048190,3,-2.564465,-2.564289,-2.568739,-2.565134,-2.568506
mobley_8048190,4,-0.114855,-0.114885,-0.114979,-0.114394,-0.114591
mobley_8048190,5,-0.115068,-0.115092,-0.115200,-0.114604,-0.114804
mobley_8048190,6,-0.113982,-0.114010,-0.113983,-0.113433,-0.113606
mobley_8048190,7,-0.131493,-0.131429,-0.131278,-0.130995,-0.131486
mobley_8048190,8,-0.141831,-0.141704,-0.141548,-0.141307,-0.141704
mobley_8052240,0,-0.162492,-0.158803,-0.160398,-0.161409,-0.159108
mobley_8052240,1,-0.167227,-0.163551,-0.165120,-0.166012,-0.163909
mobley_8052240,2,0.023385,0.028149,0.015754,0.020277,0.014122
mobley_8052240,3,-0.398114,-0.394243,-0.369859,-0.389477,-0.367938
mobley_8052240,4,-0.393640,-0.391894,-0.366354,-0.386801,-0.364194
mobley_8052240,5,0.045176,0.050573,0.038025,0.042738,0.036233
mobley_8052240,6,-0.072210,-0.076340,-0.096333,-0.086029,-0.097674
mobley_8052240,7,-1.850765,-1.850983,-1.851256,-1.850887,-1.851144
mobley_8052240,8,-0.361870,-0.356556,-0.335204,-0.353594,-0.332362
mobley_8052240,9,0.124736,0.132777,0.125555,0.125783,0.123575
mobley_8052240,10,-0.239707,-0.236667,-0.239768,-0.238869,-0.238088
mobley_8052240,11,-0.258382,-0.253373,-0.248693,-0.254647,-0.247878
mobley_8052240,12,-0.394537,-0.393797,-0.385946,-0.394390,-0.390104
mobley_8052240,13,-0.326182,-0.311174,-0.266046,-0.300278,-0.262698
mobley_8052240,14,0.073653,0.074420,0.043473,0.060099,0.036747
mobley_8052240,15,-1.884880,-1.885743,-1.886004,-1.885462,-1.885511
mobley_8052240,16,-2.314070,-2.320864,-2.330303,-2.334278,-2.339113
mobley_8052240,17,-0.113909,-0.114394,-0.114029,-0.113697,-0.113887
mobley_8052240,18,-0.113976,-0.114464,-0.114102,-0.113765,-0.113957
mobley_8052240,19,-0.125330,-0.125907,-0.125985,-0.125114,-0.125548
mobley_8052240,20,-0.123235,-0.123811,-0.123813,-0.123014,-0.123412
mobley_8052240,21,-0.125570,-0.126175,-0.126277,-0.125344,-0.125811
mobley_8052240,22,-0.117161,-0.117729,-0.117499,-0.116965,-0.117229
mobley_8052240,23,-0.128094,-0.128882,-0.129242,-0.128079,-0.128580
mobley_8052240,24,-0.151006,-0.150977,-0.150900,-0.150264,-0.150823
mobley_8052240,25,-0.142665,-0.142531,-0.142781,-0.142348,-0.142975
mobley_8057732,0,-0.205271,-0.205151,-0.206470,-0.207971,-0.205787
mobley_8057732,1,-0.458882,-0.459945,-0.457303,-0.459618,-0.456960
mobley_8057732,2,-0.356695,-0.357239,-0.347779,-0.353067,-0.349710
mobley_8057732,3,-0.322074,-0.325769,-0.324975,-0.326523,-0.324214
mobley_8057732,4,-0.429307,-0.431687,-0.433357,-0.431611,-0.432771
mobley_8057732,5,-0.168029,-0.167915,-0.167229,-0.171700,-0.166734
mobley_8057732,6,-0.051505,-0.050854,-0.050171,-0.050598,-0.050676
mobley_8057732,7,-1.861498,-1.861853,-1.861142,-1.861246,-1.861358
mobley_8057732,8,-0.114041,-0.114505,-0.114153,-0.113837,-0.114013
mobley_8057732,9,-0.117980,-0.118478,-0.118246,-0.117823,-0.118042
mobley_8057732,10,-0.123534,-0.124061,-0.124334,-0.123476,-0.123867
mobley_8057732,11,-0.113084,-0.113439,-0.112912,-0.112836,-0.112916
mobley_8057732,12,-0.160996,-0.161107,-0.161199,-0.160561,-0.161134
mobley_8117218,0,-0.210205,-0.217226,-0.223062,-0.227775,-0.220181
mobley_8117218,1,1.738457,1.738184,1.648998,1.648877,1.616344
mobley_8117218,2,0.420368,0.405810,0.424245,0.376626,0.444595
mobley_8117218,3,0.420497,0.405942,0.424384,0.376771,0.444735
mobley_8117218,4,1.738647,1.738380,1.649189,1.649077,1.616530
mobley_8117218,5,0.468100,0.474779,0.453551,0.433833,0.445691
mobley_8117218,6,0.468323,0.475010,0.453777,0.434048,0.445913
mobley_8117218,7,-2.183783,-2.176849,-2.210025,-2.196217,-2.208588
mobley_8117218,8,1.176956,1.166458,1.201435,1.164085,1.203670
mobley_8117218,9,-0.439617,-0.441920,-0.434867,-0.439804,-0.435401
mobley_8117218,10,-0.439629,-0.441932,-0.434878,-0.439815,-0.435414
mobley_8117218,11,1.177183,1.166683,1.201665,1.164320,1.203898
mobley_8117218,12,-0.373025,-0.374227,-0.364870,-0.372059,-0.366790
mobley_8117218,13,-0.030779,-0.030769,-0.030261,-0.029611,-0.031216
mobley_8117218,14,-0.066545,-0.066378,-0.066744,-0.066228,-0.067242
mobley_8117218,15,0.477891,0.487460,0.477870,0.484578,0.466143
mobley_8117218,16,-0.026301,-0.025305,-0.025402,-0.025480,-0.026403
mobley_8117218,17,-0.026299,-0.025302,-0.025400,-0.025478,-0.026401
mobley_8117218,18,0.477874,0.487445,0.477856,0.484563,0.466129
mobley_8117218,19,-0.776920,-0.777033,-0.788162,-0.782758,-0.778251
mobley_8117218,20,-0.826719,-0.826173,-0.834017,-0.828614,-0.823827
mobley_8117218,21,-0.998316,-1.000216,-1.013672,-1.009079,-1.003409
mobley_8117218,22,-1.054113,-1.053535,-1.071861,-1.060252,-1.060748
mobley_8117218,23,-1.054155,-1.053579,-1.071907,-1.060296,-1.060792
mobley_8117218,24,-0.998415,-1.000317,-1.013774,-1.009180,-1.003510
mobley_8117218,25,-0.602797,-0.604330,-0.616289,-0.613127,-0.611266
mobley_8117218,26,-0.602824,-0.604356,-0.616315,-0.613154,-0.611292
mobley_8118832,0,-0.364946,-0.359120,-0.369190,-0.368646,-0.373035
mobley_8118832,1,0.068553,0.074467,0.087234,0.080084,0.086330
mobley_8118832,2,0.118289,0.110671,0.117819,0.111390,0.113954
mobley_8118832,3,-1.803397,-1.803928,-1.801205,-1.802378,-1.801620
mobley_8118832,4,-0.114726,-0.114906,-0.114184,-0.114405,-0.114380
mobley_8118832,5,-0.114599,-0.114796,-0.114066,-0.114316,-0.114279
mobley_8118832,6,-0.109843,-0.110204,-0.110256,-0.109880,-0.110115
mobley_8118832,7,-0.129389,-0.129231,-0.130238,-0.129204,-0.129615
mobley_8118832,8,-0.134439,-0.134260,-0.135541,-0.134378,-0.134851
mobley_8118832,9,-0.125794,-0.125860,-0.125302,-0.125014,-0.125439
mobley_8124669,0,1.397871,1.403054,1.427182,1.400272,1.408614
mobley_8124669,1,0.128006,0.119347,0.137443,0.130222,0.136982
mobley_8124669,2,-0.204695,-0.192461,-0.145289,-0.175500,-0.140645
mobley_8124669,3,-0.080931,-0.070725,-0.102185,-0.094340,-0.097650
mobley_8124669,4,-0.127151,-0.119717,-0.113801,-0.119294,-0.111389
mobley_8124669,5,-0.129183,-0.121282,-0.149662,-0.143569,-0.145458
mobley_8124669,6,-0.188182,-0.172655,-0.128258,-0.157375,-0.124418
mobley_8124669,7,-1.135175,-1.153514,-1.169740,-1.158304,-1.159620
mobley_8124669,8,-3.201886,-3.206984,-3.221411,-3.210399,-3.217638
mobley_8124669,9,0.092892,0.065961,0.064236,0.063544,0.057281
mobley_8124669,10,-1.970704,-1.969716,-1.972323,-1.969321,-1.971928
mobley_8124669,11,0.987477,0.992511,0.994354,0.977708,0.978274
mobley_8124669,12,1.410896,1.411059,1.301280,1.338316,1.286544
mobley_8124669,13,-1.901087,-1.902660,-1.901460,-1.901657,-1.900943
mobley_8124669,14,0.248770,0.238606,0.277161,0.247377,0.263118
mobley_8124669,15,-0.013547,-0.012899,-0.013549,-0.012821,-0.014558
mobley_8124669,16,0.084213,0.079329,0.091917,0.084873,0.090528
mobley_8124669,17,1.309463,1.310782,1.337015,1.307408,1.320843
mobley_8124669,18,-0.138843,-0.138397,-0.138661,-0.137310,-0.137365
mobley_8124669,19,-0.149248,-0.148730,-0.149452,-0.147954,-0.148117
mobley_8124669,20,-0.138852,-0.138433,-0.138766,-0.137455,-0.137562
mobley_8124669,21,-0.325740,-0.323983,-0.328981,-0.323080,-0.324237
mobley_8124669,22,-0.335836,-0.333741,-0.339971,-0.333532,-0.335722
mobley_8124669,23,-0.133745,-0.134485,-0.134561,-0.133345,-0.133677
mobley_8124669,24,-0.123745,-0.124486,-0.124429,-0.123532,-0.123877
mobley_8124669,25,-0.131033,-0.131676,-0.131690,-0.130586,-0.130915
mobley_8124669,26,-0.319119,-0.315603,-0.318629,-0.314555,-0.314014
mobley_8124669,27,-0.377208,-0.372631,-0.371929,-0.372479,-0.366364
mobley_8124669,28,-0.129077,-0.128581,-0.129089,-0.128235,-0.128336
mobley_8124669,29,-0.129417,-0.128916,-0.129417,-0.128562,-0.128666
mobley_8124669,30,-0.130303,-0.129974,-0.130621,-0.129759,-0.129900
mobley_8124669,31,-0.090210,-0.093656,-0.084101,-0.090445,-0.085213
mobley_8124669,32,-0.111685,-0.111685,-0.111160,-0.110946,-0.110906
mobley_8124669,33,-0.332432,-0.330797,-0.335802,-0.330173,-0.331087
mobley_8124669,34,-0.391073,-0.389095,-0.395095,-0.388454,-0.390781
mobley_8124669,35,-0.146940,-0.146437,-0.146949,-0.145331,-0.145464
mobley_8124669,36,-0.152637,-0.152128,-0.152992,-0.151337,-0.151580
mobley_8124669,37,-0.144133,-0.143644,-0.144180,-0.142666,-0.142860
mobley_8127829,0,0.607426,0.611438,0.613968,0.598610,0.606693
mobley_8127829,1,0.275316,0.268386,0.281353,0.277790,0.284704
mobley_8127829,2,-0.283265,-0.286901,-0.270782,-0.279316,-0.268662
mobley_8127829,3,-0.217989,-0.211693,-0.232934,-0.226495,-0.231245
mobley_8127829,4,-0.146792,-0.142526,-0.146910,-0.146479,-0.146513
mobley_8127829,5,-0.180800,-0.177055,-0.175998,-0.179563,-0.174352
mobley_8127829,6,-0.146791,-0.142525,-0.146910,-0.146478,-0.146513
mobley_8127829,7,-0.217988,-0.211692,-0.232933,-0.226493,-0.231243
mobley_8127829,8,-0.125797,-0.125480,-0.125644,-0.124600,-0.124701
mobley_8127829,9,-0.127746,-0.127516,-0.127762,-0.126747,-0.126865
mobley_8127829,10,-0.127746,-0.127516,-0.127762,-0.126747,-0.126865
mobley_8127829,11,-0.242660,-0.242167,-0.247558,-0.242990,-0.245090
mobley_8127829,12,-0.242660,-0.242167,-0.247558,-0.242990,-0.245090
mobley_8127829,13,-0.120127,-0.120744,-0.120633,-0.119884,-0.120130
mobley_8127829,14,-0.114110,-0.114614,-0.114259,-0.113906,-0.114087
mobley_8127829,15,-0.112383,-0.112811,-0.112376,-0.112150,-0.112296
mobley_8127829,16,-0.114110,-0.114614,-0.114259,-0.113906,-0.114087
mobley_8127829,17,-0.120127,-0.120744,-0.120633,-0.119884,-0.120130
mobley_819018,0,0.347829,0.348205,0.342074,0.334447,0.335709
mobley_819018,1,-0.144174,-0.142616,-0.120001,-0.130382,-0.115966
mobley_819018,2,-0.194345,-0.180938,-0.209017,-0.193508,-0.206400
mobley_819018,3,0.684099,0.676822,0.690125,0.679267,0.690059
mobley_819018,4,0.378479,0.372132,0.382419,0.375156,0.387810
mobley_819018,5,-0.285069,-0.285890,-0.270070,-0.278353,-0.266678
mobley_819018,6,-0.148935,-0.131486,-0.155232,-0.142223,-0.150816
mobley_819018,7,0.041921,0.033222,0.038285,0.033812,0.035475
mobley_819018,8,-1.807946,-1.808361,-1.806031,-1.806984,-1.806485
mobley_819018,9,0.339949,0.342547,0.321195,0.316968,0.306970
mobley_819018,10,0.370663,0.371647,0.358720,0.351441,0.348260
mobley_819018,11,-0.126491,-0.126473,-0.126908,-0.125837,-0.126100
mobley_819018,12,-0.128660,-0.128589,-0.128899,-0.127829,-0.128035
mobley_819018,13,-0.127188,-0.127171,-0.127604,-0.126525,-0.126783
mobley_819018,14,-0.133348,-0.134058,-0.134955,-0.133638,-0.133936
mobley_819018,15,-0.273346,-0.272075,-0.275485,-0.271203,-0.271792
mobley_819018,16,-0.231524,-0.230091,-0.232593,-0.228828,-0.229684
mobley_819018,17,-0.300943,-0.299738,-0.304419,-0.299454,-0.300779
mobley_819018,18,-0.309240,-0.308473,-0.313961,-0.308939,-0.310242
mobley_819018,19,-0.143761,-0.144333,-0.146029,-0.144353,-0.144767
mobley_819018,20,-0.144165,-0.143699,-0.144968,-0.143603,-0.144061
mobley_819018,21,-0.154643,-0.154119,-0.155849,-0.154228,-0.154700
mobley_819018,22,-0.129279,-0.129262,-0.128873,-0.128478,-0.129052
mobley_819018,23,-0.135431,-0.135013,-0.134935,-0.133799,-0.133793
mobley_819018,24,-0.134057,-0.133757,-0.133611,-0.132556,-0.132456
mobley_819018,25,-0.137502,-0.137228,-0.137310,-0.136206,-0.136155
mobley_819018,26,-0.128442,-0.128197,-0.128315,-0.127345,-0.127519
mobley_819018,27,-0.130303,-0.130173,-0.130277,-0.129238,-0.129294
mobley_819018,28,-0.127955,-0.127743,-0.127814,-0.126759,-0.126856
mobley_8191186,0,0.102370,0.095593,0.108655,0.098912,0.104850
mobley_8191186,1,-0.299546,-0.296312,-0.308861,-0.304310,-0.303732
mobley_8191186,2,0.462399,0.461954,0.462495,0.462212,0.462479
mobley_8191186,3,0.462399,0.461954,0.462495,0.462212,0.462479
mobley_8191186,4,0.463371,0.462904,0.463438,0.463193,0.463428
mobley_8191186,5,-0.032918,-0.032773,-0.032092,-0.031932,-0.032202
mobley_8191186,6,-0.105265,-0.105601,-0.104976,-0.105053,-0.105001
mobley_8191186,7,-0.105265,-0.105601,-0.104976,-0.105053,-0.105001
mobley_8207196,0,0.828521,0.830330,0.866445,0.834073,0.855303
mobley_8207196,1,0.163377,0.147313,0.173031,0.163573,0.174389
mobley_8207196,2,-2.725584,-2.727648,-2.730249,-2.725394,-2.730682
mobley_8207196,3,-0.389764,-0.392719,-0.388662,-0.390880,-0.388604
mobley_8207196,4,0.232666,0.216680,0.248713,0.210150,0.228768
mobley_8207196,5,-0.348470,-0.351313,-0.346587,-0.349386,-0.346949
mobley_8207196,6,-1.811800,-1.829157,-1.818739,-1.835825,-1.817224
mobley_8207196,7,-0.572673,-0.577095,-0.574200,-0.576306,-0.574329
mobley_8207196,8,-1.349523,-1.376425,-1.352386,-1.382192,-1.357415
mobley_8207196,9,-0.057863,-0.057921,-0.057566,-0.058116,-0.058100
mobley_8207196,10,-2.746857,-2.749022,-2.752181,-2.746379,-2.752083
mobley_8207196,11,0.160277,0.143744,0.168967,0.159960,0.170439
mobley_8207196,12,0.825814,0.827540,0.863089,0.831115,0.852172
mobley_8207196,13,-0.147258,-0.146580,-0.148409,-0.146412,-0.147144
mobley_8207196,14,-0.143464,-0.142954,-0.144429,-0.142663,-0.143219
mobley_8207196,15,-0.139477,-0.138858,-0.140388,-0.138619,-0.139273
mobley_8207196,16,-0.217491,-0.215448,-0.221023,-0.216385,-0.218650
mobley_8207196,17,-0.246117,-0.243937,-0.250774,-0.245301,-0.247920
mobley_8207196,18,-0.150193,-0.149757,-0.150336,-0.149094,-0.150403
mobley_8207196,19,-0.159083,-0.158476,-0.159003,-0.157656,-0.159115
mobley_8207196,20,-0.215792,-0.213800,-0.219288,-0.214714,-0.216936
mobley_8207196,21,-0.240930,-0.238853,-0.245487,-0.240142,-0.242658
mobley_8207196,22,-0.139466,-0.138845,-0.140374,-0.138605,-0.139261
mobley_8207196,23,-0.143210,-0.142701,-0.144170,-0.142409,-0.142965
mobley_8207196,24,-0.147089,-0.146412,-0.148233,-0.146241,-0.146972
mobley_820789,0,0.599686,0.605049,0.609430,0.593322,0.603879
mobley_820789,1,0.519278,0.520631,0.531089,0.529745,0.533213
mobley_820789,2,-0.110596,-0.117597,-0.105828,-0.112495,-0.105081
mobley_820789,3,-0.283249,-0.281870,-0.292701,-0.288417,-0.294914
mobley_820789,4,-1.826352,-1.826551,-1.825376,-1.825742,-1.825571
mobley_820789,5,-1.843090,-1.843583,-1.841440,-1.842343,-1.841770
mobley_820789,6,-0.138781,-0.138350,-0.139226,-0.137897,-0.138172
mobley_820789,7,-0.141464,-0.140908,-0.141713,-0.140321,-0.140497
mobley_820789,8,-0.138503,-0.138080,-0.138803,-0.137535,-0.137684
mobley_820789,9,-0.304796,-0.302984,-0.312313,-0.306864,-0.309595
mobley_820789,10,-0.292982,-0.291199,-0.300280,-0.294839,-0.297689
mobley_820789,11,-0.241162,-0.240105,-0.246147,-0.242526,-0.244028
mobley_820789,12,-0.224950,-0.224057,-0.229292,-0.225929,-0.227342
mobley_820789,13,-0.153372,-0.153464,-0.152999,-0.152645,-0.152981
mobley_8208692,0,0.173409,0.180855,0.170382,0.167197,0.165215
mobley_8208692,1,-0.339149,-0.344481,-0.329860,-0.337533,-0.328476
mobley_8208692,2,-0.364638,-0.366090,-0.371268,-0.370036,-0.372231
mobley_8208692,3,-0.371303,-0.374175,-0.370047,-0.373633,-0.371105
mobley_8208692,4,-0.390026,-0.392610,-0.389260,-0.392645,-0.389842
mobley_8208692,5,-0.299859,-0.301179,-0.298026,-0.299860,-0.298649
mobley_8208692,6,-0.059613,-0.059155,-0.058752,-0.059013,-0.059112
mobley_8208692,7,-0.071833,-0.071533,-0.071421,-0.071531,-0.071711
mobley_8208692,8,-0.071806,-0.071534,-0.071405,-0.071529,-0.071694
mobley_8208692,9,-0.070750,-0.070287,-0.070553,-0.070490,-0.071006
mobley_8208692,10,-0.345885,-0.353012,-0.338841,-0.346649,-0.337491
mobley_8208692,11,-0.226122,-0.224752,-0.226564,-0.226808,-0.228121
mobley_8208692,12,0.069832,0.071302,0.075296,0.066939,0.072274
mobley_8208692,13,-0.297186,-0.298141,-0.293974,-0.296918,-0.294262
mobley_8208692,14,-0.405421,-0.408495,-0.405456,-0.408125,-0.406042
mobley_8208692,15,-0.326609,-0.328174,-0.331869,-0.332046,-0.333225
mobley_8208692,16,-0.071678,-0.071224,-0.071494,-0.071414,-0.071933
mobley_8208692,17,-0.072242,-0.071952,-0.071856,-0.071967,-0.072158
mobley_8208692,18,-0.059639,-0.059183,-0.058747,-0.059010,-0.059079
mobley_8208692,19,-0.058429,-0.057659,-0.057688,-0.057734,-0.058264
mobley_8208692,20,-0.116402,-0.116741,-0.116281,-0.116058,-0.116185
mobley_8208692,21,-0.114162,-0.114490,-0.113913,-0.113930,-0.113968
mobley_8221999,0,0.563103,0.567806,0.567394,0.553815,0.562111
mobley_8221999,1,0.702821,0.702594,0.719958,0.713831,0.721204
mobley_8221999,2,0.418983,0.425583,0.423189,0.411516,0.420008
mobley_8221999,3,-0.605235,-0.604543,-0.602888,-0.605550,-0.604796
mobley_8221999,4,-2.475242,-2.475059,-2.474097,-2.474198,-2.474185
mobley_8221999,5,-0.129437,-0.129211,-0.129796,-0.128641,-0.128865
mobley_8221999,6,-0.130030,-0.129790,-0.130411,-0.129272,-0.129502
mobley_8221999,7,-0.133491,-0.133188,-0.133865,-0.132604,-0.132851
mobley_8221999,8,-0.252689,-0.251467,-0.259071,-0.254072,-0.256748
mobley_8221999,9,-0.245955,-0.244696,-0.252140,-0.247293,-0.249877
mobley_8221999,10,-0.123117,-0.123217,-0.123830,-0.122628,-0.123123
mobley_8221999,11,-0.126150,-0.126213,-0.126943,-0.125637,-0.126188
mobley_8260524,0,-0.024651,-0.030473,-0.022927,-0.038357,-0.027756
mobley_8260524,1,-0.524586,-0.521602,-0.517448,-0.521555,-0.519183
mobley_8260524,2,-0.722635,-0.721058,-0.717819,-0.721467,-0.719395
mobley_8260524,3,-0.110779,-0.111067,-0.110351,-0.110597,-0.110446
mobley_8260524,4,-0.110779,-0.111067,-0.110351,-0.110597,-0.110446
mobley_8260524,5,-0.110779,-0.111067,-0.110351,-0.110597,-0.110446
mobley_8260524,6,-0.149054,-0.148975,-0.148563,-0.148669,-0.148840
mobley_8311303,0,-0.009298,-0.002631,-0.014026,-0.013075,-0.015292
mobley_8311303,1,-0.023969,-0.021214,-0.020580,-0.024777,-0.021613
mobley_8311303,2,-0.400453,-0.402765,-0.400401,-0.401697,-0.399542
mobley_8311303,3,-0.374969,-0.377625,-0.375765,-0.376697,-0.375534
mobley_8311303,4,-0.030735,-0.027358,-0.042696,-0.041225,-0.045051
mobley_8311303,5,-0.397704,-0.402174,-0.389844,-0.396452,-0.388800
mobley_8311303,6,-0.270908,-0.279342,-0.261101,-0.270478,-0.259588
mobley_8311303,7,-0.310697,-0.310265,-0.313787,-0.314416,-0.314888
mobley_8311303,8,-0.316575,-0.317959,-0.313936,-0.316081,-0.314462
mobley_8311303,9,0.106044,0.108017,0.114045,0.103213,0.111122
mobley_8311303,10,-0.316559,-0.317942,-0.313920,-0.316065,-0.314447
mobley_8311303,11,-0.310701,-0.310267,-0.313790,-0.314418,-0.314891
mobley_8311303,12,-0.074501,-0.074010,-0.074355,-0.074218,-0.074808
mobley_8311303,13,-0.060243,-0.059800,-0.059391,-0.059651,-0.059740
mobley_8311303,14,-0.060245,-0.059802,-0.059393,-0.059653,-0.059742
mobley_8311303,15,-0.074502,-0.074011,-0.074356,-0.074219,-0.074809
mobley_8311303,16,-0.062313,-0.061908,-0.061558,-0.061792,-0.061921
mobley_8311303,17,-0.063559,-0.063141,-0.062787,-0.062997,-0.063130
mobley_8311303,18,-0.116207,-0.116629,-0.116200,-0.115864,-0.116019
mobley_8311303,19,-0.113275,-0.113654,-0.113129,-0.113010,-0.113100
mobley_8311303,20,-0.116813,-0.117145,-0.116699,-0.116466,-0.116600
mobley_8311303,21,-0.113956,-0.114278,-0.113703,-0.113712,-0.113752
mobley_8311321,0,-0.556781,-0.558128,-0.562484,-0.562040,-0.561324
mobley_8311321,1,0.448407,0.448052,0.448570,0.448411,0.448462
mobley_8311321,2,0.448407,0.448052,0.448570,0.448411,0.448462
mobley_8311321,3,-0.060561,-0.060225,-0.060197,-0.059799,-0.060226
mobley_8311321,4,-0.121466,-0.121600,-0.121195,-0.121192,-0.121330
mobley_8320545,0,0.762739,0.766487,0.792123,0.768544,0.781490
mobley_8320545,1,0.838813,0.828730,0.858940,0.845474,0.855295
mobley_8320545,2,-1.782192,-1.797334,-1.822760,-1.834783,-1.818198
mobley_8320545,3,-1.762500,-1.762654,-1.761037,-1.761762,-1.761637
mobley_8320545,4,-1.762500,-1.762654,-1.761037,-1.761762,-1.761637
mobley_8320545,5,-0.121945,-0.121730,-0.122104,-0.121189,-0.121402
mobley_8320545,6,-0.121612,-0.121438,-0.121794,-0.120915,-0.121119
mobley_8320545,7,-0.121612,-0.121438,-0.121794,-0.120915,-0.121119
mobley_8320545,8,-0.171975,-0.170843,-0.175364,-0.172432,-0.173760
mobley_8320545,9,-0.171975,-0.170844,-0.175364,-0.172432,-0.173760
mobley_8337722,0,1.744159,1.776731,1.746628,1.745766,1.744845
mobley_8337722,1,0.159274,0.160282,0.157259,0.149098,0.168201
mobley_8337722,2,1.271226,1.278372,1.289226,1.272340,1.298776
mobley_8337722,3,2.049941,2.026201,2.005701,2.024028,2.018031
mobley_8337722,4,-0.871663,-0.885685,-0.883757,-0.895865,-0.874363
mobley_8337722,5,-0.304103,-0.313157,-0.349804,-0.347933,-0.351741
mobley_8337722,6,0.901940,0.911386,0.917295,0.900294,0.938408
mobley_8337722,7,-2.048307,-2.043282,-2.060508,-2.054049,-2.060916
mobley_8337722,8,0.351848,0.335450,0.402066,0.371889,0.410159
mobley_8337722,9,1.781826,1.812867,1.815585,1.801711,1.809446
mobley_8337722,10,1.659036,1.694765,1.686996,1.673043,1.676677
mobley_8337722,11,-0.214590,-0.213516,-0.216501,-0.213793,-0.214168
mobley_8337722,12,-0.218023,-0.217099,-0.219895,-0.217262,-0.217522
mobley_8337722,13,-0.218197,-0.217274,-0.220019,-0.217403,-0.217661
mobley_8337722,14,-1.087385,-1.084752,-1.116114,-1.103181,-1.107877
mobley_8337722,15,-0.671163,-0.667751,-0.680018,-0.673014,-0.673268
mobley_8337722,16,-0.636681,-0.634581,-0.646760,-0.639960,-0.640558
mobley_8337722,17,-0.739931,-0.735893,-0.750713,-0.741931,-0.742837
mobley_8337722,18,-0.770100,-0.765561,-0.779033,-0.770625,-0.770344
mobley_8337722,19,-1.129886,-1.127653,-1.147087,-1.139654,-1.137662
mobley_8337722,20,-0.836014,-0.831539,-0.845176,-0.841622,-0.838111
mobley_8337722,21,-0.825939,-0.822203,-0.842298,-0.833425,-0.834685
mobley_8337722,22,-0.867840,-0.862151,-0.883096,-0.873726,-0.874880
mobley_8337722,23,-0.154296,-0.153221,-0.153987,-0.152537,-0.154505
mobley_8337722,24,-0.994388,-0.989853,-1.021210,-1.007822,-1.014161
mobley_8337722,25,-0.222932,-0.221184,-0.223273,-0.220700,-0.220477
mobley_8337722,26,-0.222849,-0.221567,-0.224119,-0.221624,-0.221562
mobley_8337722,27,-0.218837,-0.217512,-0.219380,-0.217272,-0.216813
mobley_8337722,28,-0.219042,-0.217475,-0.219282,-0.217137,-0.216768
mobley_8337722,29,-0.228065,-0.225707,-0.227288,-0.224731,-0.224184
mobley_8337722,30,-0.205241,-0.203853,-0.204972,-0.203276,-0.202715
mobley_8337977,0,0.945604,0.980329,0.961500,0.951980,0.962396
mobley_8337977,1,0.527122,0.519761,0.572783,0.553531,0.579906
mobley_8337977,2,0.772899,0.803028,0.779768,0.768344,0.779126
mobley_8337977,3,0.079065,0.076470,0.074054,0.069566,0.078076
mobley_8337977,4,-0.014086,-0.010186,-0.020678,-0.013420,-0.013170
mobley_8337977,5,-1.844188,-1.843810,-1.846516,-1.845223,-1.846272
mobley_8337977,6,0.296494,0.291998,0.299490,0.286823,0.294303
mobley_8337977,7,-0.191724,-0.190988,-0.193343,-0.191114,-0.191364
mobley_8337977,8,-0.193911,-0.193201,-0.195466,-0.193286,-0.193474
mobley_8337977,9,-0.193846,-0.193036,-0.195416,-0.193193,-0.193422
mobley_8337977,10,-0.803392,-0.800336,-0.831303,-0.818196,-0.826283
mobley_8337977,11,-0.179635,-0.178946,-0.180248,-0.178552,-0.178451
mobley_8337977,12,-0.184010,-0.183107,-0.184347,-0.182547,-0.182318
mobley_8337977,13,-0.180730,-0.180063,-0.181234,-0.179581,-0.179313
mobley_8337977,14,-0.315044,-0.314131,-0.320338,-0.316179,-0.317234
mobley_8337977,15,-0.332383,-0.331279,-0.338056,-0.333662,-0.334768
mobley_8337977,16,-0.115937,-0.115907,-0.116009,-0.115357,-0.115536
mobley_8337977,17,-0.117602,-0.117568,-0.117733,-0.117018,-0.117209
mobley_8337977,18,-0.118698,-0.118712,-0.118824,-0.118118,-0.118297
mobley_8426916,0,0.983460,0.983513,1.022523,0.989723,1.010860
mobley_8426916,1,0.317287,0.302066,0.324898,0.314815,0.324818
mobley_8426916,2,-2.831238,-2.829410,-2.847656,-2.837402,-2.848512
mobley_8426916,3,0.317294,0.302069,0.324903,0.314824,0.324821
mobley_8426916,4,0.983464,0.983513,1.022525,0.989723,1.010863
mobley_8426916,5,-0.151516,-0.150731,-0.152746,-0.150640,-0.151391
mobley_8426916,6,-0.148858,-0.148306,-0.149920,-0.148051,-0.148595
mobley_8426916,7,-0.143924,-0.143204,-0.144907,-0.143014,-0.143679
mobley_8426916,8,-0.254486,-0.251724,-0.259483,-0.253831,-0.256589
mobley_8426916,9,-0.295972,-0.293038,-0.302713,-0.296088,-0.299213
mobley_8426916,10,-0.114947,-0.114999,-0.115265,-0.114724,-0.115154
mobley_8426916,11,-0.254487,-0.251724,-0.259484,-0.253832,-0.256589
mobley_8426916,12,-0.295972,-0.293038,-0.302713,-0.296089,-0.299213
mobley_8426916,13,-0.143924,-0.143204,-0.144907,-0.143013,-0.143679
mobley_8426916,14,-0.148857,-0.148305,-0.149919,-0.148051,-0.148595
mobley_8426916,15,-0.151515,-0.150730,-0.152746,-0.150639,-0.151391
mobley_8427539,0,0.454103,0.453197,0.459870,0.445328,0.455647
mobley_8427539,1,0.391939,0.381241,0.410532,0.398222,0.409580
mobley_8427539,2,-0.333242,-0.334593,-0.330105,-0.331307,-0.329541
mobley_8427539,3,-1.825722,-1.825772,-1.825246,-1.825360,-1.825446
mobley_8427539,4,-2.546242,-2.546929,-2.552340,-2.548265,-2.553243
mobley_8427539,5,-0.134044,-0.133725,-0.134714,-0.133333,-0.133757
mobley_8427539,6,-0.133259,-0.132907,-0.133974,-0.132580,-0.133067
mobley_8427539,7,-0.133013,-0.132667,-0.133722,-0.132336,-0.132819
mobley_8427539,8,-0.227779,-0.226567,-0.233660,-0.229044,-0.231500
mobley_8427539,9,-0.231184,-0.229967,-0.237215,-0.232525,-0.235009
mobley_8427539,10,-0.145228,-0.145067,-0.144918,-0.144651,-0.145054
mobley_8427539,11,-0.131007,-0.130838,-0.130688,-0.130368,-0.130909
mobley_8436428,0,1.349661,1.383008,1.368970,1.352642,1.363377
mobley_8436428,1,0.502842,0.494791,0.543179,0.521027,0.548802
mobley_8436428,2,1.326676,1.366124,1.340086,1.333456,1.341806
mobley_8436428,3,0.362507,0.373011,0.344664,0.356623,0.349960
mobley_8436428,4,0.502842,0.494791,0.543179,0.521026,0.548799
mobley_8436428,5,1.326676,1.366121,1.340084,1.333454,1.341804
mobley_8436428,6,1.349658,1.383007,1.368970,1.352641,1.363375
mobley_8436428,7,-0.201967,-0.201020,-0.202313,-0.200542,-0.199977
mobley_8436428,8,-0.197036,-0.195965,-0.197432,-0.195521,-0.195269
mobley_8436428,9,-0.209934,-0.208364,-0.209843,-0.207635,-0.207258
mobley_8436428,10,-0.877001,-0.873476,-0.902145,-0.890081,-0.895844
mobley_8436428,11,-0.208544,-0.207635,-0.210373,-0.207886,-0.208124
mobley_8436428,12,-0.209433,-0.208468,-0.211159,-0.208716,-0.208903
mobley_8436428,13,-0.212659,-0.211827,-0.214485,-0.212055,-0.212214
mobley_8436428,14,-0.634962,-0.632305,-0.644112,-0.637674,-0.637996
mobley_8436428,15,-0.634962,-0.632305,-0.644112,-0.637675,-0.637996
mobley_8436428,16,-0.877002,-0.873478,-0.902146,-0.890083,-0.895844
mobley_8436428,17,-0.208544,-0.207636,-0.210373,-0.207886,-0.208124
mobley_8436428,18,-0.209433,-0.208468,-0.211159,-0.208716,-0.208903
mobley_8436428,19,-0.212659,-0.211827,-0.214485,-0.212055,-0.212214
mobley_8436428,20,-0.209934,-0.208365,-0.209843,-0.207636,-0.207259
mobley_8436428,21,-0.201967,-0.201020,-0.202313,-0.200543,-0.199978
mobley_8436428,22,-0.197036,-0.195966,-0.197433,-0.195522,-0.195269
mobley_8449031,0,1.720168,1.717382,1.773337,1.729383,1.749998
mobley_8449031,1,0.054725,0.045996,0.062824,0.054494,0.063504
mobley_8449031,2,-3.714720,-3.712486,-3.750466,-3.730905,-3.747336
mobley_8449031,3,-0.049866,-0.054014,-0.044068,-0.048740,-0.046235
mobley_8449031,4,1.240342,1.230137,1.262710,1.222822,1.248503
mobley_8449031,5,0.054724,0.045995,0.062825,0.054493,0.063504
mobley_8449031,6,1.720164,1.717380,1.773336,1.729379,1.749991
mobley_8449031,7,-0.178312,-0.176974,-0.178722,-0.176252,-0.176557
mobley_8449031,8,-0.174767,-0.173542,-0.175568,-0.173172,-0.173600
mobley_8449031,9,-0.163360,-0.162235,-0.163986,-0.161759,-0.162282
mobley_8449031,10,-0.372850,-0.368394,-0.378344,-0.370950,-0.373458
mobley_8449031,11,-0.419740,-0.414596,-0.426746,-0.418254,-0.421020
mobley_8449031,12,-0.346972,-0.343243,-0.349198,-0.344104,-0.344513
mobley_8449031,13,-0.346972,-0.343243,-0.349198,-0.344103,-0.344513
mobley_8449031,14,-0.192777,-0.190715,-0.192116,-0.189562,-0.189501
mobley_8449031,15,-0.170030,-0.168787,-0.169987,-0.168027,-0.168138
mobley_8449031,16,-0.170030,-0.168787,-0.169987,-0.168027,-0.168138
mobley_8449031,17,-0.372849,-0.368393,-0.378345,-0.370949,-0.373457
mobley_8449031,18,-0.419739,-0.414595,-0.426746,-0.418253,-0.421019
mobley_8449031,19,-0.163360,-0.162235,-0.163986,-0.161759,-0.162282
mobley_8449031,20,-0.174767,-0.173542,-0.175568,-0.173172,-0.173599
mobley_8449031,21,-0.178311,-0.176974,-0.178722,-0.176252,-0.176556
mobley_8467917,0,0.967943,0.979563,0.986356,0.971246,0.981613
mobley_8467917,1,0.709616,0.716821,0.725044,0.725523,0.730821
mobley_8467917,2,0.727973,0.737258,0.733347,0.734339,0.742858
mobley_8467917,3,0.575458,0.572105,0.580450,0.572620,0.586007
mobley_8467917,4,0.039931,0.054341,0.028592,0.043779,0.035657
mobley_8467917,5,0.025717,0.040564,0.022684,0.035390,0.025429
mobley_8467917,6,0.310615,0.305692,0.309922,0.298371,0.304491
mobley_8467917,7,-0.147733,-0.147231,-0.148742,-0.147004,-0.147491
mobley_8467917,8,-0.147554,-0.147052,-0.148559,-0.146823,-0.147310
mobley_8467917,9,-0.153671,-0.153173,-0.154765,-0.152968,-0.153455
mobley_8467917,10,-0.368283,-0.366126,-0.378169,-0.371421,-0.374967
mobley_8467917,11,-0.366737,-0.364557,-0.376557,-0.369823,-0.373364
mobley_8467917,12,-0.378681,-0.376718,-0.386702,-0.380435,-0.383013
mobley_8467917,13,-0.375784,-0.373738,-0.383460,-0.377217,-0.379755
mobley_8467917,14,-0.286188,-0.285070,-0.292228,-0.286525,-0.289297
mobley_8467917,15,-0.302039,-0.301152,-0.308907,-0.303090,-0.305739
mobley_8467917,16,-0.118643,-0.119142,-0.119702,-0.118771,-0.119109
mobley_8467917,17,-0.107993,-0.108358,-0.108227,-0.107799,-0.107989
mobley_8467917,18,-0.111811,-0.111912,-0.111796,-0.111283,-0.111444
mobley_8467917,19,-0.111957,-0.112057,-0.111942,-0.111426,-0.111588
mobley_8467917,20,-0.111020,-0.111104,-0.110933,-0.110434,-0.110577
mobley_8492526,0,0.941294,0.952765,0.960098,0.944692,0.955433
mobley_8492526,1,0.646272,0.653448,0.658079,0.659852,0.663006
mobley_8492526,2,0.702731,0.709975,0.703429,0.705366,0.710251
mobley_8492526,3,0.535847,0.535443,0.540284,0.532239,0.542413
mobley_8492526,4,0.030882,0.033194,0.031066,0.028393,0.031219
mobley_8492526,5,-1.822718,-1.822683,-1.821536,-1.822123,-1.821837
mobley_8492526,6,-0.153071,-0.152581,-0.154147,-0.152368,-0.152849
mobley_8492526,7,-0.147362,-0.146866,-0.148366,-0.146638,-0.147125
mobley_8492526,8,-0.147362,-0.146866,-0.148366,-0.146638,-0.147125
mobley_8492526,9,-0.363938,-0.361886,-0.373718,-0.367054,-0.370561
mobley_8492526,10,-0.363939,-0.361887,-0.373719,-0.367055,-0.370561
mobley_8492526,11,-0.377799,-0.375807,-0.386751,-0.380476,-0.383418
mobley_8492526,12,-0.377800,-0.375808,-0.386753,-0.380477,-0.383419
mobley_8492526,13,-0.241330,-0.240379,-0.247054,-0.242631,-0.244838
mobley_8492526,14,-0.241330,-0.240379,-0.247054,-0.242631,-0.244838
mobley_8492526,15,-0.109775,-0.110053,-0.109336,-0.109434,-0.109448
mobley_8514745,0,1.032332,1.044698,1.053568,1.038720,1.048364
mobley_8514745,1,0.741441,0.746667,0.764811,0.760960,0.770665
mobley_8514745,2,0.780862,0.799339,0.806303,0.798595,0.816687
mobley_8514745,3,0.329851,0.337906,0.363442,0.352984,0.364739
mobley_8514745,4,0.406887,0.416747,0.409179,0.403934,0.403258
mobley_8514745,5,-2.013047,-2.007932,-2.022471,-2.015402,-2.021934
mobley_8514745,6,1.159199,1.156004,1.177434,1.141108,1.169774
mobley_8514745,7,-1.837271,-1.837637,-1.836833,-1.836989,-1.836913
mobley_8514745,8,0.015839,0.005842,0.027601,0.008154,0.022481
mobley_8514745,9,-0.148090,-0.147582,-0.149082,-0.147347,-0.147823
mobley_8514745,10,-0.148026,-0.147518,-0.149021,-0.147287,-0.147765
mobley_8514745,11,-0.154159,-0.153663,-0.155241,-0.153450,-0.153924
mobley_8514745,12,-0.381113,-0.378728,-0.391278,-0.384211,-0.387923
mobley_8514745,13,-0.382005,-0.379729,-0.392131,-0.385153,-0.388780
mobley_8514745,14,-0.425181,-0.422588,-0.434032,-0.427601,-0.430251
mobley_8514745,15,-0.454726,-0.452174,-0.465417,-0.457929,-0.461434
mobley_8514745,16,-0.434556,-0.431768,-0.445147,-0.438126,-0.441121
mobley_8514745,17,-0.445735,-0.442548,-0.457376,-0.449356,-0.453219
mobley_8514745,18,-0.305174,-0.302576,-0.310312,-0.306459,-0.307569
mobley_8514745,19,-0.287219,-0.284432,-0.291493,-0.287638,-0.288923
mobley_8514745,20,-0.120241,-0.120101,-0.120324,-0.119604,-0.119881
mobley_8514745,21,-0.113618,-0.113667,-0.113570,-0.113124,-0.113244
mobley_8514745,22,-0.119982,-0.119843,-0.120057,-0.119345,-0.119621
mobley_8522124,0,1.026556,1.038901,1.046608,1.032235,1.041725
mobley_8522124,1,0.798303,0.812818,0.813434,0.818720,0.821103
mobley_8522124,2,0.795544,0.809004,0.799236,0.802827,0.814031
mobley_8522124,3,0.788767,0.800591,0.797667,0.798836,0.811735
mobley_8522124,4,0.840352,0.849867,0.847103,0.853745,0.856770
mobley_8522124,5,0.764947,0.774627,0.773479,0.758380,0.766776
mobley_8522124,6,-0.348498,-0.334537,-0.352990,-0.350506,-0.353784
mobley_8522124,7,-0.680483,-0.679208,-0.674971,-0.679159,-0.677015
mobley_8522124,8,-0.154173,-0.153674,-0.155247,-0.153460,-0.153933
mobley_8522124,9,-0.148080,-0.147570,-0.149064,-0.147333,-0.147804
mobley_8522124,10,-0.148080,-0.147570,-0.149064,-0.147333,-0.147804
mobley_8522124,11,-0.384057,-0.381815,-0.394118,-0.387157,-0.390708
mobley_8522124,12,-0.384057,-0.381816,-0.394118,-0.387157,-0.390708
mobley_8522124,13,-0.484210,-0.481705,-0.495621,-0.487786,-0.491246
mobley_8522124,14,-0.484210,-0.481704,-0.495621,-0.487785,-0.491245
mobley_8522124,15,-0.505279,-0.502733,-0.518028,-0.509443,-0.513504
mobley_8522124,16,-0.505278,-0.502732,-0.518027,-0.509442,-0.513503
mobley_8522124,17,-0.367311,-0.365402,-0.376209,-0.369253,-0.372570
mobley_8522124,18,-0.367310,-0.365402,-0.376208,-0.369252,-0.372569
mobley_8522124,19,-0.138702,-0.138685,-0.139909,-0.138089,-0.138853
mobley_8522124,20,-0.138702,-0.138685,-0.139909,-0.138089,-0.138853
mobley_8522124,21,-0.148718,-0.148638,-0.148232,-0.148341,-0.148516
mobley_8525830,0,0.969200,0.981236,0.987178,0.972386,0.982423
mobley_8525830,1,0.747923,0.756420,0.763647,0.763158,0.768082
mobley_8525830,2,0.724892,0.732371,0.723772,0.725094,0.729101
mobley_8525830,3,0.909124,0.912336,0.919420,0.915777,0.927301
mobley_8525830,4,0.008488,0.022146,0.018350,0.010232,0.009271
mobley_8525830,5,-1.398900,-1.399123,-1.398787,-1.398779,-1.398986
mobley_8525830,6,-0.148277,-0.147773,-0.149300,-0.147549,-0.148036
mobley_8525830,7,-0.148340,-0.147833,-0.149362,-0.147612,-0.148101
mobley_8525830,8,-0.154507,-0.154005,-0.155619,-0.153806,-0.154292
mobley_8525830,9,-0.374904,-0.372735,-0.385091,-0.378200,-0.381837
mobley_8525830,10,-0.378181,-0.375990,-0.388437,-0.381541,-0.385184
mobley_8525830,11,-0.379548,-0.377956,-0.387825,-0.381418,-0.383711
mobley_8525830,12,-0.389591,-0.388000,-0.398204,-0.391845,-0.394110
mobley_8525830,13,-0.246948,-0.246175,-0.252323,-0.247528,-0.249474
mobley_8525830,14,-0.235733,-0.234947,-0.240719,-0.236042,-0.237987
mobley_8525830,15,-0.103504,-0.103751,-0.103086,-0.103287,-0.103273
mobley_8525830,16,-0.103952,-0.104186,-0.103519,-0.103746,-0.103761
mobley_852937,0,-0.475799,-0.477951,-0.474511,-0.477086,-0.474441
mobley_852937,1,-0.296970,-0.299825,-0.300134,-0.301840,-0.298489
mobley_852937,2,-0.405233,-0.404211,-0.406899,-0.406294,-0.404141
mobley_852937,3,-0.311839,-0.313516,-0.316806,-0.316668,-0.315317
mobley_852937,4,-0.349865,-0.353387,-0.348110,-0.350781,-0.347312
mobley_852937,5,-0.370094,-0.371938,-0.359822,-0.366406,-0.362462
mobley_852937,6,-1.861820,-1.862196,-1.861483,-1.861608,-1.861708
mobley_852937,7,0.467279,0.466784,0.467479,0.466945,0.467415
mobley_852937,8,-0.119104,-0.119631,-0.119429,-0.118958,-0.119191
mobley_852937,9,-0.114706,-0.115112,-0.114669,-0.114473,-0.114599
mobley_852937,10,-0.114574,-0.115012,-0.114578,-0.114351,-0.114479
mobley_852937,11,-0.127960,-0.128702,-0.129411,-0.128246,-0.128782
mobley_852937,12,-0.161810,-0.161934,-0.162056,-0.161444,-0.161996
mobley_8558116,0,0.925812,0.923291,0.931032,0.908826,0.921238
mobley_8558116,1,-3.289311,-3.285228,-3.315598,-3.298705,-3.313533
mobley_8558116,2,-0.049525,-0.053541,-0.039412,-0.045099,-0.040913
mobley_8558116,3,0.037103,0.041263,0.058644,0.040779,0.056391
mobley_8558116,4,-2.127231,-2.120431,-2.134123,-2.126337,-2.131978
mobley_8558116,5,-0.083912,-0.084730,-0.071790,-0.085688,-0.072900
mobley_8558116,6,-0.039075,-0.044857,-0.031435,-0.037347,-0.032537
mobley_8558116,7,-0.172351,-0.170862,-0.172656,-0.170202,-0.170439
mobley_8558116,8,-0.159360,-0.157960,-0.159333,-0.157442,-0.157737
mobley_8558116,9,-0.174931,-0.173546,-0.175325,-0.172888,-0.173073
mobley_8558116,10,-0.463279,-0.459200,-0.472610,-0.465453,-0.467146
mobley_8558116,11,-0.349535,-0.345840,-0.355624,-0.349262,-0.351878
mobley_8558116,12,-0.284593,-0.282369,-0.289121,-0.285509,-0.286417
mobley_8558116,13,-0.286635,-0.284486,-0.290736,-0.287617,-0.287871
mobley_8558116,14,-0.292384,-0.289875,-0.295643,-0.292753,-0.292539
mobley_8558116,15,-0.270666,-0.268589,-0.274313,-0.271350,-0.271713
mobley_8558116,16,-0.374104,-0.370373,-0.379801,-0.374165,-0.375605
mobley_8558116,17,-0.438446,-0.435044,-0.448289,-0.441159,-0.443328
mobley_8573194,0,0.666298,0.674268,0.675011,0.661935,0.670947
mobley_8573194,1,0.737904,0.740754,0.751416,0.749008,0.752910
mobley_8573194,2,0.411964,0.410761,0.415281,0.407234,0.416046
mobley_8573194,3,-0.083284,-0.081466,-0.086674,-0.088377,-0.086845
mobley_8573194,4,-1.822307,-1.822260,-1.821100,-1.821691,-1.821403
mobley_8573194,5,-0.141362,-0.140956,-0.142303,-0.140711,-0.141190
mobley_8573194,6,-0.145390,-0.144964,-0.146367,-0.144734,-0.145213
mobley_8573194,7,-0.141362,-0.140956,-0.142303,-0.140710,-0.141189
mobley_8573194,8,-0.294687,-0.292981,-0.302421,-0.296920,-0.299932
mobley_8573194,9,-0.294687,-0.292981,-0.302421,-0.296920,-0.299932
mobley_8573194,10,-0.215179,-0.214438,-0.219938,-0.216285,-0.218057
mobley_8573194,11,-0.215178,-0.214437,-0.219937,-0.216284,-0.218057
mobley_8573194,12,-0.109796,-0.110071,-0.109355,-0.109455,-0.109471
mobley_8578590,0,-0.187493,-0.196530,-0.192933,-0.200096,-0.199295
mobley_8578590,1,-0.222658,-0.222084,-0.219264,-0.218656,-0.219514
mobley_8578590,2,-1.821006,-1.821286,-1.820379,-1.820869,-1.820657
mobley_8578590,3,-0.187494,-0.196530,-0.192932,-0.200095,-0.199295
mobley_8578590,4,-0.112176,-0.112528,-0.111975,-0.112144,-0.112182
mobley_8578590,5,-0.112385,-0.112720,-0.112175,-0.112305,-0.112360
mobley_8578590,6,-0.111924,-0.112256,-0.111695,-0.111813,-0.111881
mobley_8578590,7,-0.111924,-0.112256,-0.111695,-0.111813,-0.111881
mobley_8578590,8,-0.112176,-0.112528,-0.111975,-0.112144,-0.112182
mobley_8578590,9,-0.112385,-0.112720,-0.112175,-0.112305,-0.112360
mobley_859464,0,1.318473,1.342645,1.369040,1.343132,1.365336
mobley_859464,1,0.273284,0.262682,0.320257,0.300448,0.323421
mobley_859464,2,0.217773,0.231443,0.239023,0.220768,0.236779
mobley_859464,3,0.216144,0.240593,0.227312,0.218027,0.223047
mobley_859464,4,-2.049770,-2.043185,-2.060851,-2.052469,-2.060227
mobley_859464,5,1.885870,1.885944,1.927042,1.873430,1.915753
mobley_859464,6,-1.839401,-1.839814,-1.839029,-1.839196,-1.839085
mobley_859464,7,0.008078,-0.002109,0.020938,0.000936,0.015808
mobley_859464,8,-0.183047,-0.182337,-0.184323,-0.182371,-0.182503
mobley_859464,9,-0.188405,-0.187432,-0.189850,-0.187647,-0.187948
mobley_859464,10,-0.183877,-0.182970,-0.185335,-0.183162,-0.183502
mobley_859464,11,-0.818391,-0.813968,-0.848444,-0.834745,-0.843094
mobley_859464,12,-0.181412,-0.180403,-0.182089,-0.180218,-0.180340
mobley_859464,13,-0.197006,-0.196053,-0.198661,-0.196356,-0.196800
mobley_859464,14,-0.177235,-0.176480,-0.178222,-0.176499,-0.176593
mobley_859464,15,-0.340543,-0.337445,-0.345211,-0.341566,-0.342109
mobley_859464,16,-0.330416,-0.327435,-0.334767,-0.331201,-0.331781
mobley_859464,17,-0.120884,-0.120728,-0.120972,-0.120235,-0.120520
mobley_859464,18,-0.113732,-0.113779,-0.113682,-0.113237,-0.113357
mobley_859464,19,-0.120687,-0.120533,-0.120771,-0.120039,-0.120324
mobley_8614858,0,0.838413,0.848989,0.853125,0.837226,0.847579
mobley_8614858,1,0.621428,0.637230,0.630940,0.638344,0.639132
mobley_8614858,2,0.469324,0.479299,0.468886,0.477691,0.480792
mobley_8614858,3,1.164284,1.175144,1.176994,1.171373,1.192594
mobley_8614858,4,0.903969,0.916636,0.914411,0.916335,0.931398
mobley_8614858,5,0.835453,0.851201,0.851592,0.858081,0.859598
mobley_8614858,6,1.022683,1.035240,1.041360,1.027566,1.036203
mobley_8614858,7,-0.149261,-0.148426,-0.149467,-0.147875,-0.148110
mobley_8614858,8,-0.141155,-0.140729,-0.141427,-0.140206,-0.140268
mobley_8614858,9,-0.139322,-0.138857,-0.139621,-0.138387,-0.138571
mobley_8614858,10,-0.375562,-0.373498,-0.384691,-0.378427,-0.381386
mobley_8614858,11,-0.358320,-0.356339,-0.367043,-0.360878,-0.363839
mobley_8614858,12,-0.463061,-0.460555,-0.472911,-0.465837,-0.468599
mobley_8614858,13,-0.456414,-0.454144,-0.466359,-0.459380,-0.462112
mobley_8614858,14,-0.470694,-0.467839,-0.478889,-0.471770,-0.474148
mobley_8614858,15,-0.488726,-0.486045,-0.497084,-0.490219,-0.492055
mobley_8614858,16,-0.487116,-0.484520,-0.498523,-0.490597,-0.494111
mobley_8614858,17,-0.486653,-0.484069,-0.497963,-0.490064,-0.493553
mobley_8614858,18,-0.385118,-0.382853,-0.395230,-0.388237,-0.391812
mobley_8614858,19,-0.385680,-0.383417,-0.395788,-0.388795,-0.392361
mobley_8614858,20,-0.148165,-0.147656,-0.149148,-0.147417,-0.147887
mobley_8614858,21,-0.154266,-0.153767,-0.155341,-0.153553,-0.154024
mobley_8614858,22,-0.148151,-0.147641,-0.149135,-0.147405,-0.147874
mobley_8668219,0,1.719609,1.733604,1.751479,1.731172,1.735679
mobley_8668219,1,0.725897,0.745091,0.729986,0.733561,0.746632
mobley_8668219,2,0.121580,0.109827,0.151995,0.124164,0.163773
mobley_8668219,3,1.514465,1.546813,1.511421,1.502815,1.503085
mobley_8668219,4,0.470076,0.460146,0.507508,0.482150,0.513078
mobley_8668219,5,1.461042,1.493614,1.468166,1.458228,1.463689
mobley_8668219,6,1.650312,1.682266,1.666812,1.652444,1.653834
mobley_8668219,7,-0.184774,-0.183400,-0.185201,-0.182792,-0.183079
mobley_8668219,8,-0.168860,-0.167972,-0.169271,-0.167418,-0.167495
mobley_8668219,9,-0.164781,-0.163872,-0.165356,-0.163430,-0.163734
mobley_8668219,10,-0.497765,-0.494979,-0.507155,-0.500390,-0.502210
mobley_8668219,11,-0.530038,-0.526415,-0.539208,-0.531943,-0.533807
mobley_8668219,12,-0.992991,-0.990520,-1.016318,-1.006634,-1.009051
mobley_8668219,13,-0.221906,-0.220650,-0.222134,-0.220104,-0.219447
mobley_8668219,14,-0.236891,-0.234804,-0.236180,-0.233720,-0.232995
mobley_8668219,15,-0.209759,-0.208699,-0.209510,-0.207772,-0.207015
mobley_8668219,16,-0.868568,-0.865186,-0.888750,-0.879179,-0.882151
mobley_8668219,17,-0.211175,-0.210025,-0.212225,-0.209849,-0.209831
mobley_8668219,18,-0.233149,-0.231626,-0.234096,-0.231413,-0.231249
mobley_8668219,19,-0.217982,-0.216856,-0.218841,-0.216644,-0.216299
mobley_8668219,20,-0.201213,-0.200029,-0.200539,-0.198928,-0.198089
mobley_8668219,21,-0.222272,-0.220214,-0.220922,-0.218745,-0.217818
mobley_8668219,22,-0.204649,-0.203485,-0.204066,-0.202418,-0.201530
mobley_8685905,0,-0.407338,-0.407219,-0.405948,-0.406979,-0.405445
mobley_8685905,1,-0.318671,-0.315058,-0.327037,-0.322993,-0.322107
mobley_8685905,2,0.458590,0.458241,0.458717,0.458545,0.458723
mobley_8685905,3,0.458118,0.457814,0.458255,0.458076,0.458270
mobley_8685905,4,0.457733,0.457377,0.457808,0.457663,0.457845
mobley_8685905,5,0.454788,0.454341,0.455090,0.454823,0.454974
mobley_8685905,6,-0.954177,-0.953729,-0.953598,-0.953257,-0.953722
mobley_8685905,7,-0.115022,-0.115155,-0.114755,-0.114719,-0.114858
mobley_8691603,0,0.309523,0.308912,0.304626,0.296854,0.298068
mobley_8691603,1,-0.260663,-0.263144,-0.246759,-0.255286,-0.244448
mobley_8691603,2,-0.308239,-0.303763,-0.313605,-0.312443,-0.311349
mobley_8691603,3,-0.270522,-0.271218,-0.275279,-0.274926,-0.274050
mobley_8691603,4,-0.479795,-0.480895,-0.476543,-0.480387,-0.475853
mobley_8691603,5,-0.389514,-0.392046,-0.381844,-0.388226,-0.384881
mobley_8691603,6,-0.355493,-0.353223,-0.357212,-0.356476,-0.356972
mobley_8691603,7,-1.864981,-1.865335,-1.864951,-1.864821,-1.865166
mobley_8691603,8,-0.119264,-0.119319,-0.119353,-0.118508,-0.118728
mobley_8691603,9,-0.121072,-0.121101,-0.121334,-0.120429,-0.120704
mobley_8691603,10,-0.118758,-0.118825,-0.118836,-0.118011,-0.118225
mobley_8691603,11,-0.119164,-0.119824,-0.119795,-0.119067,-0.119362
mobley_8691603,12,-0.116786,-0.117323,-0.117096,-0.116619,-0.116854
mobley_8691603,13,-0.120408,-0.120936,-0.120819,-0.120269,-0.120549
mobley_8691603,14,-0.146261,-0.147302,-0.148689,-0.146845,-0.147511
mobley_8691603,15,-0.162493,-0.162604,-0.162724,-0.162100,-0.162669
mobley_8705848,0,0.803833,0.812460,0.829141,0.794881,0.822833
mobley_8705848,1,0.002699,0.000170,0.009067,0.006186,0.008222
mobley_8705848,2,1.606520,1.625720,1.669742,1.631476,1.656920
mobley_8705848,3,-3.294837,-3.290954,-3.339092,-3.315981,-3.336993
mobley_8705848,4,0.001639,-0.000981,0.007596,0.004992,0.006882
mobley_8705848,5,1.163332,1.183053,1.203110,1.166122,1.186289
mobley_8705848,6,1.366717,1.381587,1.418534,1.382585,1.408815
mobley_8705848,7,-0.215743,-0.214209,-0.217297,-0.214519,-0.214749
mobley_8705848,8,-0.218020,-0.216326,-0.219609,-0.216645,-0.217116
mobley_8705848,9,-0.232583,-0.230596,-0.233728,-0.230576,-0.230758
mobley_8705848,10,-0.689724,-0.684341,-0.707921,-0.695687,-0.701278
mobley_8705848,11,-0.198168,-0.197259,-0.199816,-0.197243,-0.197567
mobley_8705848,12,-0.215245,-0.213791,-0.217328,-0.214203,-0.214824
mobley_8705848,13,-0.196216,-0.194898,-0.197867,-0.195040,-0.195663
mobley_8705848,14,-0.171972,-0.171134,-0.173172,-0.171322,-0.172615
mobley_8705848,15,-0.618115,-0.612348,-0.633987,-0.622233,-0.628103
mobley_8705848,16,-0.197639,-0.196236,-0.198448,-0.196007,-0.196246
mobley_8705848,17,-0.203606,-0.202287,-0.204594,-0.202117,-0.202175
mobley_8705848,18,-0.203655,-0.202044,-0.203972,-0.201387,-0.201381
mobley_8705848,19,-0.208356,-0.206820,-0.210388,-0.207309,-0.208011
mobley_8705848,20,-0.209036,-0.207999,-0.211039,-0.208210,-0.208618
mobley_8705848,21,-0.215116,-0.213588,-0.217458,-0.214100,-0.214926
mobley_8713762,0,0.788447,0.795197,0.808542,0.789743,0.804418
mobley_8713762,1,0.787744,0.805453,0.836897,0.826227,0.831903
mobley_8713762,2,-0.051490,-0.055001,-0.041425,-0.047511,-0.043165
mobley_8713762,3,-3.049101,-3.047171,-3.065785,-3.053984,-3.063389
mobley_8713762,4,-0.108124,-0.111676,-0.099671,-0.105585,-0.101547
mobley_8713762,5,0.776757,0.789349,0.824331,0.812536,0.820249
mobley_8713762,6,0.835067,0.841697,0.857208,0.837648,0.852307
mobley_8713762,7,-0.517549,-0.525953,-0.565796,-0.559048,-0.564066
mobley_8713762,8,-1.844030,-1.844564,-1.843156,-1.843995,-1.843508
mobley_8713762,9,-0.269416,-0.269546,-0.267531,-0.267208,-0.268206
mobley_8713762,10,-0.205626,-0.206922,-0.207072,-0.211930,-0.208521
mobley_8713762,11,0.743077,0.740289,0.764128,0.752428,0.765214
mobley_8713762,12,0.561748,0.563851,0.570968,0.554337,0.565428
mobley_8713762,13,-0.148973,-0.148394,-0.149987,-0.148194,-0.148732
mobley_8713762,14,-0.151338,-0.150833,-0.152302,-0.150563,-0.151008
mobley_8713762,15,-0.149569,-0.148965,-0.150573,-0.148770,-0.149314
mobley_8713762,16,-0.341579,-0.338957,-0.347507,-0.341675,-0.343512
mobley_8713762,17,-0.339027,-0.336375,-0.344845,-0.339058,-0.340945
mobley_8713762,18,-0.367629,-0.364044,-0.371683,-0.365510,-0.366890
mobley_8713762,19,-0.380035,-0.376022,-0.384359,-0.377880,-0.379187
mobley_8713762,20,-0.297242,-0.294489,-0.298598,-0.293871,-0.294478
mobley_8713762,21,-0.319210,-0.316138,-0.321190,-0.316171,-0.316544
mobley_8713762,22,-0.342169,-0.339378,-0.348348,-0.342202,-0.344299
mobley_8713762,23,-0.339818,-0.337001,-0.345930,-0.339791,-0.341986
mobley_8713762,24,-0.147894,-0.147312,-0.148886,-0.147114,-0.147658
mobley_8713762,25,-0.147643,-0.147056,-0.148605,-0.146851,-0.147383
mobley_8713762,26,-0.149246,-0.148757,-0.150164,-0.148476,-0.148910
mobley_8713762,27,-0.106230,-0.106448,-0.105889,-0.105867,-0.105820
mobley_8713762,28,-0.105333,-0.105554,-0.105005,-0.104966,-0.104928
mobley_8713762,29,-0.208872,-0.207420,-0.212682,-0.208795,-0.210757
mobley_8713762,30,-0.212767,-0.211385,-0.216898,-0.212948,-0.214959
mobley_8713762,31,-0.125770,-0.125510,-0.125904,-0.124881,-0.125070
mobley_8713762,32,-0.126066,-0.125845,-0.126369,-0.125340,-0.125564
mobley_8713762,33,-0.124137,-0.123905,-0.124304,-0.123315,-0.123512
mobley_8723116,0,-0.283820,-0.282152,-0.280538,-0.282005,-0.280129
mobley_8723116,1,-0.219067,-0.219419,-0.224267,-0.224487,-0.223689
mobley_8723116,2,-0.370375,-0.371804,-0.367878,-0.369423,-0.366951
mobley_8723116,3,-0.219068,-0.219419,-0.224267,-0.224489,-0.223689
mobley_8723116,4,-0.283819,-0.282152,-0.280538,-0.282005,-0.280128
mobley_8723116,5,-0.369926,-0.370823,-0.363259,-0.366549,-0.362055
mobley_8723116,6,-2.552209,-2.555385,-2.561999,-2.558966,-2.563196
mobley_8723116,7,-0.054263,-0.053685,-0.052996,-0.053383,-0.053418
mobley_8723116,8,-0.123720,-0.124429,-0.124653,-0.123678,-0.124093
mobley_8723116,9,-0.114085,-0.114468,-0.113973,-0.113821,-0.113923
mobley_8723116,10,-0.114085,-0.114468,-0.113973,-0.113821,-0.113923
mobley_8723116,11,-0.123720,-0.124429,-0.124653,-0.123678,-0.124093
mobley_8723116,12,-0.134663,-0.134498,-0.134541,-0.134211,-0.134730
mobley_8723116,13,-0.134663,-0.134498,-0.134541,-0.134211,-0.134730
mobley_8739734,0,0.465639,0.481780,0.454381,0.447741,0.451910
mobley_8739734,1,0.262222,0.254213,0.292828,0.277278,0.296866
mobley_8739734,2,0.573624,0.588875,0.568958,0.561468,0.569377
mobley_8739734,3,-0.277219,-0.272948,-0.286855,-0.280659,-0.281804
mobley_8739734,4,-1.845700,-1.845265,-1.848620,-1.847073,-1.848294
mobley_8739734,5,0.337867,0.334046,0.335968,0.323905,0.327725
mobley_8739734,6,-0.157689,-0.157142,-0.157811,-0.156394,-0.156279
mobley_8739734,7,-0.158091,-0.157491,-0.158083,-0.156605,-0.156448
mobley_8739734,8,-0.159532,-0.159083,-0.159796,-0.158366,-0.158214
mobley_8739734,9,-0.521037,-0.519414,-0.538728,-0.529944,-0.535185
mobley_8739734,10,-0.169297,-0.168675,-0.170423,-0.168505,-0.168855
mobley_8739734,11,-0.168364,-0.167838,-0.169490,-0.167598,-0.167886
mobley_8739734,12,-0.164129,-0.163602,-0.165283,-0.163404,-0.163774
mobley_8739734,13,-0.119130,-0.119013,-0.119081,-0.118361,-0.118461
mobley_8739734,14,-0.121443,-0.121293,-0.121399,-0.120580,-0.120708
mobley_8739734,15,-0.119461,-0.119344,-0.119478,-0.118742,-0.118882
mobley_8746821,0,0.229320,0.227920,0.213135,0.210741,0.205326
mobley_8746821,1,-0.254871,-0.258318,-0.240854,-0.249559,-0.238501
mobley_8746821,2,-0.204835,-0.194445,-0.208129,-0.202270,-0.207113
mobley_8746821,3,-0.331760,-0.330371,-0.329937,-0.330061,-0.328092
mobley_8746821,4,-0.381205,-0.383060,-0.388907,-0.389105,-0.389504
mobley_8746821,5,-2.614835,-2.616158,-2.617099,-2.615267,-2.617268
mobley_8746821,6,-0.383014,-0.385202,-0.381101,-0.381929,-0.379680
mobley_8746821,7,0.281073,0.280265,0.276455,0.265072,0.266193
mobley_8746821,8,-0.125415,-0.125406,-0.125520,-0.124541,-0.124749
mobley_8746821,9,-0.125415,-0.125406,-0.125521,-0.124541,-0.124749
mobley_8746821,10,-0.124653,-0.124534,-0.124473,-0.123439,-0.123630
mobley_8746821,11,-0.121350,-0.122164,-0.122195,-0.121342,-0.121632
mobley_8746821,12,-0.115385,-0.115933,-0.115699,-0.115221,-0.115471
mobley_8746821,13,-0.119878,-0.120160,-0.119589,-0.119635,-0.119681
mobley_8746821,14,-0.118661,-0.118609,-0.118527,-0.117762,-0.117936
mobley_8746821,15,-0.119502,-0.119407,-0.119306,-0.118483,-0.118672
mobley_8746821,16,-0.118661,-0.118610,-0.118527,-0.117762,-0.117936
mobley_8754702,0,0.873291,0.878661,0.902397,0.879204,0.896236
mobley_8754702,1,0.327748,0.329019,0.352114,0.346406,0.351659
mobley_8754702,2,0.076589,0.087547,0.096485,0.083006,0.089545
mobley_8754702,3,-1.893176,-1.891478,-1.895197,-1.892660,-1.894920
mobley_8754702,4,1.732136,1.716397,1.756583,1.712791,1.751500
mobley_8754702,5,-1.817603,-1.817889,-1.815939,-1.816693,-1.816200
mobley_8754702,6,-0.140125,-0.139619,-0.140972,-0.139422,-0.139911
mobley_8754702,7,-0.141771,-0.141336,-0.142587,-0.141094,-0.141502
mobley_8754702,8,-0.140125,-0.139619,-0.140972,-0.139422,-0.139911
mobley_8754702,9,-0.316891,-0.314466,-0.325975,-0.319691,-0.323151
mobley_8754702,10,-0.316892,-0.314466,-0.325975,-0.319692,-0.323152
mobley_8754702,11,-0.224278,-0.222541,-0.227889,-0.225197,-0.226113
mobley_8754702,12,-0.224278,-0.222541,-0.227889,-0.225197,-0.226113
mobley_8754702,13,-0.121520,-0.121693,-0.121000,-0.120997,-0.121119
mobley_8764620,0,-0.196888,-0.196141,-0.193397,-0.195234,-0.192626
mobley_8764620,1,-0.114956,-0.110239,-0.111308,-0.112067,-0.113078
mobley_8764620,2,-0.120994,-0.119942,-0.112649,-0.118618,-0.111572
mobley_8764620,3,-0.249807,-0.250517,-0.256670,-0.259157,-0.260200
mobley_8764620,4,-2.584131,-2.585267,-2.584023,-2.583482,-2.584035
mobley_8764620,5,-0.228443,-0.229818,-0.232983,-0.236132,-0.235622
mobley_8764620,6,-0.674810,-0.673498,-0.672776,-0.675537,-0.674461
mobley_8764620,7,-2.478744,-2.478074,-2.477479,-2.477505,-2.477505
mobley_8764620,8,-0.111269,-0.111715,-0.111253,-0.111059,-0.111183
mobley_8764620,9,-0.111432,-0.111845,-0.111277,-0.111216,-0.111252
mobley_8764620,10,-0.119087,-0.119348,-0.118771,-0.118910,-0.118914
mobley_8764620,11,-0.117552,-0.117819,-0.117212,-0.117335,-0.117357
mobley_8765203,0,0.351724,0.347620,0.341448,0.333595,0.333660
mobley_8765203,1,-0.047678,-0.042679,-0.021069,-0.028517,-0.016359
mobley_8765203,2,-0.218595,-0.206470,-0.224715,-0.220165,-0.231848
mobley_8765203,3,0.036388,0.044215,0.036423,0.036105,0.035021
mobley_8765203,4,-0.220807,-0.214310,-0.225871,-0.225429,-0.231985
mobley_8765203,5,-0.120876,-0.120891,-0.121044,-0.120201,-0.120394
mobley_8765203,6,-0.120094,-0.120051,-0.120096,-0.119217,-0.119398
mobley_8765203,7,-0.120876,-0.120891,-0.121044,-0.120201,-0.120394
mobley_8765203,8,-0.110010,-0.110262,-0.109520,-0.109724,-0.109651
mobley_8765203,9,-0.110027,-0.110287,-0.109545,-0.109749,-0.109689
mobley_8765203,10,-0.107716,-0.108094,-0.107687,-0.107495,-0.107591
mobley_8765203,11,-0.113828,-0.114013,-0.113301,-0.113564,-0.113518
mobley_8765203,12,-0.113073,-0.113199,-0.112539,-0.112701,-0.112716
mobley_8772587,0,0.773503,0.785590,0.785113,0.769321,0.778877
mobley_8772587,1,0.917044,0.921634,0.938540,0.934712,0.941998
mobley_8772587,2,0.805085,0.810855,0.816842,0.810038,0.820506
mobley_8772587,3,-0.109254,-0.098540,-0.105126,-0.113863,-0.114433
mobley_8772587,4,-1.399952,-1.400221,-1.399814,-1.399839,-1.399946
mobley_8772587,5,-0.152958,-0.152477,-0.154101,-0.152284,-0.152794
mobley_8772587,6,-0.147137,-0.146676,-0.148197,-0.146460,-0.146966
mobley_8772587,7,-0.147137,-0.146676,-0.148197,-0.146461,-0.146966
mobley_8772587,8,-0.338501,-0.336700,-0.348323,-0.341767,-0.345318
mobley_8772587,9,-0.338501,-0.336701,-0.348323,-0.341767,-0.345318
mobley_8772587,10,-0.222790,-0.222249,-0.227224,-0.223236,-0.224733
mobley_8772587,11,-0.222790,-0.222249,-0.227224,-0.223236,-0.224733
mobley_8772587,12,-0.103904,-0.104136,-0.103490,-0.103680,-0.103670
mobley_8772587,13,-0.103904,-0.104136,-0.103490,-0.103680,-0.103670
mobley_8785107,0,1.487636,1.500306,1.547134,1.519494,1.533825
mobley_8785107,1,-0.144723,-0.149079,-0.140018,-0.144398,-0.139670
mobley_8785107,2,-0.060680,-0.065496,-0.056072,-0.061241,-0.056232
mobley_8785107,3,-0.060681,-0.065495,-0.056071,-0.061242,-0.056232
mobley_8785107,4,-0.144722,-0.149079,-0.140018,-0.144398,-0.139670
mobley_8785107,5,-2.869994,-2.858214,-2.903951,-2.884491,-2.899012
mobley_8785107,6,1.487638,1.500305,1.547137,1.519498,1.533828
mobley_8785107,7,-0.162999,-0.162104,-0.163689,-0.161951,-0.162110
mobley_8785107,8,-0.165788,-0.164771,-0.166742,-0.164793,-0.165240
mobley_8785107,9,-0.174590,-0.173441,-0.175756,-0.173512,-0.173993
mobley_8785107,10,-0.682345,-0.678563,-0.701259,-0.693373,-0.696072
mobley_8785107,11,-0.592690,-0.591097,-0.606186,-0.600085,-0.600936
mobley_8785107,12,-0.586371,-0.583984,-0.600170,-0.592294,-0.594994
mobley_8785107,13,-0.586370,-0.583985,-0.600171,-0.592294,-0.594994
mobley_8785107,14,-0.592689,-0.591097,-0.606187,-0.600084,-0.600936
mobley_8785107,15,-0.682346,-0.678563,-0.701261,-0.693374,-0.696073
mobley_8785107,16,-0.174590,-0.173441,-0.175756,-0.173512,-0.173992
mobley_8785107,17,-0.162999,-0.162104,-0.163689,-0.161951,-0.162110
mobley_8785107,18,-0.165788,-0.164771,-0.166743,-0.164793,-0.165240
mobley_8789465,0,-0.177320,-0.173723,-0.179355,-0.177602,-0.179938
mobley_8789465,1,-0.074422,-0.069139,-0.066908,-0.071009,-0.068124
mobley_8789465,2,-0.285560,-0.285239,-0.286919,-0.291439,-0.289084
mobley_8789465,3,-0.652643,-0.652021,-0.649497,-0.652129,-0.651657
mobley_8789465,4,-0.423129,-0.424122,-0.422300,-0.421586,-0.420606
mobley_8789465,5,-0.112340,-0.114029,-0.104356,-0.107656,-0.103504
mobley_8789465,6,-1.857651,-1.858114,-1.856598,-1.857392,-1.856842
mobley_8789465,7,-1.399475,-1.399631,-1.399086,-1.399322,-1.399214
mobley_8789465,8,-0.111430,-0.111896,-0.111418,-0.111229,-0.111329
mobley_8789465,9,-0.110842,-0.111273,-0.110775,-0.110619,-0.110725
mobley_8789465,10,-0.114355,-0.114577,-0.113951,-0.114109,-0.114115
mobley_8789465,11,-0.123126,-0.123817,-0.124416,-0.123313,-0.123841
mobley_8789465,12,-0.154045,-0.154183,-0.154091,-0.153517,-0.154016
mobley_8789864,0,1.120964,1.116686,1.146617,1.098644,1.133678
mobley_8789864,1,-2.197974,-2.193457,-2.211209,-2.205896,-2.210755
mobley_8789864,2,-0.847735,-0.869416,-0.852396,-0.857480,-0.847852
mobley_8789864,3,1.003649,1.030747,1.072755,1.045120,1.042189
mobley_8789864,4,-0.549222,-0.540012,-0.549016,-0.554858,-0.551263
mobley_8789864,5,-2.404919,-2.404922,-2.402486,-2.402398,-2.402758
mobley_8789864,6,-2.093208,-2.092173,-2.109011,-2.110282,-2.110578
mobley_8789864,7,2.003001,1.996107,2.032645,1.981543,2.011474
mobley_8789864,8,-2.172061,-2.170248,-2.189077,-2.186947,-2.188903
mobley_8789864,9,1.524529,1.518749,1.547526,1.502616,1.530950
mobley_8789864,10,-0.187390,-0.186728,-0.187778,-0.186708,-0.187115
mobley_8789864,11,-0.133587,-0.132291,-0.120071,-0.124807,-0.118783
mobley_8789864,12,-0.147171,-0.146343,-0.147007,-0.146018,-0.146142
mobley_8789864,13,-0.242960,-0.241013,-0.245960,-0.242218,-0.243703
mobley_8789864,14,-0.235433,-0.233941,-0.238762,-0.235433,-0.236722
mobley_8789864,15,-0.196064,-0.194631,-0.193975,-0.193546,-0.192837
mobley_8789864,16,-0.149145,-0.148106,-0.148791,-0.147710,-0.147760
mobley_8789864,17,-0.158380,-0.157579,-0.158711,-0.157632,-0.158209
mobley_8789864,18,-0.144552,-0.143751,-0.144347,-0.143327,-0.143410
mobley_8789864,19,-0.194479,-0.193461,-0.193608,-0.192816,-0.192588
mobley_8789864,20,-0.154151,-0.153334,-0.154798,-0.153416,-0.154300
mobley_8798016,0,-0.267044,-0.266560,-0.274147,-0.270851,-0.273075
mobley_8798016,1,-0.248557,-0.250199,-0.260179,-0.259798,-0.262672
mobley_8798016,2,-2.581845,-2.583096,-2.582087,-2.581398,-2.582059
mobley_8798016,3,-0.220109,-0.221236,-0.232004,-0.231974,-0.234982
mobley_8798016,4,-0.262965,-0.262547,-0.267840,-0.265654,-0.266937
mobley_8798016,5,-0.117439,-0.117498,-0.097460,-0.105310,-0.092442
mobley_8798016,6,-0.281518,-0.279237,-0.290958,-0.286392,-0.295322
mobley_8798016,7,-1.826732,-1.826612,-1.825479,-1.826162,-1.825804
mobley_8798016,8,-0.115825,-0.116389,-0.116180,-0.115661,-0.115898
mobley_8798016,9,-0.118240,-0.118522,-0.117930,-0.118023,-0.118052
mobley_8798016,10,-0.118055,-0.118338,-0.117742,-0.117838,-0.117866
mobley_8798016,11,-0.117684,-0.118342,-0.118314,-0.117594,-0.117895
mobley_8798016,12,-0.114255,-0.114404,-0.113716,-0.113832,-0.113853
mobley_8809190,0,0.994905,1.006290,1.015159,0.999448,1.010471
mobley_8809190,1,0.738402,0.743957,0.759098,0.757352,0.765484
mobley_8809190,2,0.936478,0.947599,0.950558,0.944803,0.960172
mobley_8809190,3,0.224244,0.218707,0.222554,0.221091,0.226307
mobley_8809190,4,-0.318105,-0.322735,-0.306656,-0.314708,-0.303987
mobley_8809190,5,-0.132776,-0.122645,-0.149132,-0.139849,-0.147425
mobley_8809190,6,-0.143853,-0.139628,-0.144270,-0.143649,-0.143951
mobley_8809190,7,-0.178257,-0.174343,-0.173105,-0.176857,-0.171444
mobley_8809190,8,-0.143853,-0.139628,-0.144270,-0.143649,-0.143952
mobley_8809190,9,-0.132776,-0.122643,-0.149133,-0.139849,-0.147424
mobley_8809190,10,-0.147537,-0.147031,-0.148541,-0.146803,-0.147294
mobley_8809190,11,-0.153617,-0.153118,-0.154715,-0.152914,-0.153403
mobley_8809190,12,-0.147537,-0.147031,-0.148541,-0.146803,-0.147294
mobley_8809190,13,-0.361254,-0.359037,-0.370798,-0.364157,-0.367643
mobley_8809190,14,-0.361254,-0.359038,-0.370798,-0.364157,-0.367643
mobley_8809190,15,-0.365822,-0.363795,-0.371083,-0.365569,-0.366932
mobley_8809190,16,-0.365822,-0.363795,-0.371083,-0.365569,-0.366932
mobley_8809190,17,-0.342373,-0.341492,-0.348989,-0.342618,-0.345229
mobley_8809190,18,-0.342373,-0.341492,-0.348989,-0.342618,-0.345229
mobley_8809190,19,-0.120855,-0.121416,-0.121322,-0.120584,-0.120852
mobley_8809190,20,-0.114216,-0.114720,-0.114368,-0.114013,-0.114196
mobley_8809190,21,-0.112470,-0.112898,-0.112470,-0.112236,-0.112386
mobley_8809190,22,-0.114216,-0.114720,-0.114368,-0.114013,-0.114196
mobley_8809190,23,-0.120855,-0.121416,-0.121322,-0.120584,-0.120852
mobley_8809274,0,-0.136651,-0.133324,-0.131936,-0.135811,-0.131229
mobley_8809274,1,-0.151002,-0.148103,-0.151420,-0.151464,-0.150938
mobley_8809274,2,-0.120847,-0.116038,-0.124857,-0.124711,-0.125398
mobley_8809274,3,-0.139794,-0.141506,-0.121896,-0.131089,-0.118144
mobley_8809274,4,-0.120880,-0.116073,-0.124890,-0.124745,-0.125433
mobley_8809274,5,-0.150977,-0.148079,-0.151394,-0.151440,-0.150913
mobley_8809274,6,-0.412078,-0.410179,-0.422449,-0.417730,-0.418703
mobley_8809274,7,0.453185,0.452815,0.453209,0.453023,0.453255
mobley_8809274,8,0.453273,0.452895,0.453362,0.453128,0.453384
mobley_8809274,9,0.453273,0.452895,0.453362,0.453128,0.453384
mobley_8809274,10,-0.111840,-0.112263,-0.111796,-0.111605,-0.111736
mobley_8809274,11,-0.112923,-0.113395,-0.112975,-0.112707,-0.112863
mobley_8809274,12,-0.114574,-0.115030,-0.114611,-0.114294,-0.114449
mobley_8809274,13,-0.114574,-0.115030,-0.114611,-0.114294,-0.114449
mobley_8809274,14,-0.112924,-0.113395,-0.112975,-0.112707,-0.112863
mobley_8823527,0,-0.066207,-0.063151,-0.061624,-0.067012,-0.061819
mobley_8823527,1,-0.042078,-0.039834,-0.037771,-0.042490,-0.038792
mobley_8823527,2,-0.300616,-0.299234,-0.302275,-0.301919,-0.302216
mobley_8823527,3,-0.358120,-0.365201,-0.350802,-0.358222,-0.349522
mobley_8823527,4,0.047058,0.053387,0.039411,0.039004,0.036893
mobley_8823527,5,-0.319909,-0.320480,-0.317454,-0.317795,-0.317372
mobley_8823527,6,-0.051706,-0.051071,-0.050346,-0.050779,-0.050796
mobley_8823527,7,-0.355560,-0.361326,-0.345292,-0.353637,-0.344120
mobley_8823527,8,0.007209,0.014973,-0.005847,-0.001919,-0.008662
mobley_8823527,9,-0.331983,-0.334246,-0.330837,-0.332564,-0.331049
mobley_8823527,10,-0.441141,-0.444184,-0.442441,-0.444498,-0.442348
mobley_8823527,11,-0.329396,-0.331597,-0.328271,-0.329930,-0.328538
mobley_8823527,12,0.037938,0.046488,0.026212,0.029508,0.023496
mobley_8823527,13,-0.060582,-0.060176,-0.059770,-0.060031,-0.060119
mobley_8823527,14,-0.072897,-0.072604,-0.072532,-0.072628,-0.072836
mobley_8823527,15,-0.060840,-0.060443,-0.060040,-0.060297,-0.060386
mobley_8823527,16,-0.065811,-0.065169,-0.065265,-0.065218,-0.065804
mobley_8823527,17,-0.112658,-0.113011,-0.112449,-0.112387,-0.112457
mobley_8823527,18,-0.113471,-0.113847,-0.113326,-0.113208,-0.113301
mobley_8823527,19,-0.117881,-0.118188,-0.117769,-0.117521,-0.117686
mobley_8823527,20,-0.116820,-0.117145,-0.116705,-0.116481,-0.116623
mobley_8823527,21,-0.117185,-0.117517,-0.117096,-0.116845,-0.117000
mobley_8827942,0,-0.227601,-0.227492,-0.221824,-0.226690,-0.220102
mobley_8827942,1,-0.228675,-0.228604,-0.222938,-0.227791,-0.221200
mobley_8827942,2,-0.249715,-0.242428,-0.241234,-0.245975,-0.242008
mobley_8827942,3,0.698674,0.689985,0.724303,0.693124,0.709722
mobley_8827942,4,0.742750,0.734516,0.769503,0.737282,0.754144
mobley_8827942,5,-0.262885,-0.256023,-0.254972,-0.259458,-0.255621
mobley_8827942,6,-2.132877,-2.133081,-2.143286,-2.133852,-2.140502
mobley_8827942,7,1.008950,1.009880,1.034308,1.006551,1.019941
mobley_8827942,8,-0.398159,-0.391468,-0.391592,-0.392473,-0.392659
mobley_8827942,9,-0.110903,-0.115170,-0.110224,-0.117870,-0.110322
mobley_8827942,10,-0.446743,-0.450418,-0.446434,-0.447821,-0.445551
mobley_8827942,11,-0.371139,-0.366466,-0.366459,-0.370241,-0.367287
mobley_8827942,12,0.822283,0.818773,0.836152,0.812696,0.824308
mobley_8827942,13,-2.135672,-2.135688,-2.146274,-2.136577,-2.143484
mobley_8827942,14,-0.076454,-0.076235,-0.076193,-0.076209,-0.076469
mobley_8827942,15,-0.061475,-0.061114,-0.060727,-0.060975,-0.061061
mobley_8827942,16,-0.064724,-0.064244,-0.063891,-0.064088,-0.064301
mobley_8827942,17,-0.114600,-0.115045,-0.114689,-0.114392,-0.114565
mobley_8827942,18,-0.114600,-0.115045,-0.114689,-0.114392,-0.114565
mobley_8827942,19,-0.134879,-0.135458,-0.135679,-0.134655,-0.135163
mobley_8827942,20,-0.134777,-0.135357,-0.135574,-0.134554,-0.135060
mobley_8827942,21,-0.116258,-0.116577,-0.116053,-0.116012,-0.116078
mobley_8861672,0,0.274294,0.274049,0.268387,0.260584,0.261401
mobley_8861672,1,-0.148150,-0.147832,-0.123976,-0.133239,-0.118497
mobley_8861672,2,-0.414397,-0.414010,-0.415062,-0.415475,-0.414226
mobley_8861672,3,-0.317832,-0.320326,-0.329832,-0.328743,-0.331108
mobley_8861672,4,-2.604258,-2.605686,-2.606128,-2.604501,-2.606204
mobley_8861672,5,-0.253402,-0.256440,-0.251252,-0.250003,-0.246017
mobley_8861672,6,-0.418399,-0.418287,-0.424558,-0.422810,-0.423395
mobley_8861672,7,0.285492,0.283530,0.288986,0.273254,0.280667
mobley_8861672,8,-0.120479,-0.120519,-0.120698,-0.119825,-0.120081
mobley_8861672,9,-0.118458,-0.118523,-0.118499,-0.117691,-0.117891
mobley_8861672,10,-0.118312,-0.118386,-0.118357,-0.117553,-0.117751
mobley_8861672,11,-0.119938,-0.120635,-0.120692,-0.119874,-0.120219
mobley_8861672,12,-0.120201,-0.120505,-0.119956,-0.119956,-0.120014
mobley_8861672,13,-0.128876,-0.129786,-0.130091,-0.128825,-0.129239
mobley_8861672,14,-0.115314,-0.115345,-0.115278,-0.114572,-0.114763
mobley_8861672,15,-0.115638,-0.115727,-0.115591,-0.114970,-0.115133
mobley_8861672,16,-0.115312,-0.115343,-0.115278,-0.114571,-0.114763
mobley_8882696,0,-0.031724,-0.033968,-0.019948,-0.026626,-0.019800
mobley_8882696,1,-0.031725,-0.033968,-0.019948,-0.026626,-0.019800
mobley_8882696,2,-0.167274,-0.172662,-0.155826,-0.162417,-0.157505
mobley_8882696,3,-2.140552,-2.134635,-2.150476,-2.143113,-2.148788
mobley_8882696,4,-0.167274,-0.172662,-0.155827,-0.162416,-0.157505
mobley_8882696,5,-0.417916,-0.416021,-0.429958,-0.423218,-0.426547
mobley_8882696,6,-0.408972,-0.407307,-0.419791,-0.414216,-0.416490
mobley_8882696,7,-0.417916,-0.416021,-0.429958,-0.423218,-0.426547
mobley_8882696,8,-0.408971,-0.407307,-0.419791,-0.414216,-0.416489
mobley_8882696,9,-0.222750,-0.221754,-0.226373,-0.224144,-0.224511
mobley_8882696,10,-0.211798,-0.210959,-0.214911,-0.213076,-0.213251
mobley_8882696,11,-0.222750,-0.221754,-0.226373,-0.224145,-0.224511
mobley_8882696,12,-0.211797,-0.210959,-0.214910,-0.213077,-0.213251
mobley_8883511,0,0.458462,0.456732,0.447326,0.441881,0.438669
mobley_8883511,1,-0.269252,-0.273212,-0.256618,-0.265743,-0.254481
mobley_8883511,2,-0.220657,-0.214027,-0.232412,-0.226530,-0.230573
mobley_8883511,3,-0.147581,-0.143429,-0.147868,-0.147818,-0.146842
mobley_8883511,4,-0.208994,-0.205713,-0.209158,-0.209805,-0.207946
mobley_8883511,5,-0.031033,-0.026432,-0.038455,-0.036087,-0.038418
mobley_8883511,6,-0.382274,-0.386385,-0.376012,-0.382010,-0.374524
mobley_8883511,7,-0.149606,-0.147690,-0.166255,-0.157538,-0.172788
mobley_8883511,8,-1.829294,-1.829128,-1.828039,-1.828721,-1.828400
mobley_8883511,9,-0.132300,-0.132215,-0.132816,-0.131490,-0.131880
mobley_8883511,10,-0.131194,-0.131062,-0.131452,-0.130112,-0.130466
mobley_8883511,11,-0.132300,-0.132215,-0.132816,-0.131490,-0.131880
mobley_8883511,12,-0.120574,-0.121288,-0.121321,-0.120472,-0.120804
mobley_8883511,13,-0.114488,-0.114994,-0.114671,-0.114289,-0.114498
mobley_8883511,14,-0.113959,-0.114441,-0.114091,-0.113748,-0.113945
mobley_8883511,15,-0.119754,-0.120373,-0.120289,-0.119591,-0.119907
mobley_8883511,16,-0.114834,-0.114895,-0.114354,-0.114286,-0.114441
mobley_8885088,0,0.341927,0.350899,0.350303,0.349255,0.351518
mobley_8885088,1,0.021953,0.026773,0.023610,0.017716,0.023880
mobley_8885088,2,-0.131555,-0.113970,-0.118118,-0.121169,-0.118748
mobley_8885088,3,-0.131555,-0.113970,-0.118118,-0.121170,-0.118749
mobley_8885088,4,0.021953,0.026771,0.023608,0.017715,0.023877
mobley_8885088,5,-0.309973,-0.308987,-0.318283,-0.312416,-0.315262
mobley_8885088,6,-0.304701,-0.303786,-0.312105,-0.306862,-0.309186
mobley_8885088,7,-0.215468,-0.215481,-0.219600,-0.216165,-0.217471
mobley_8885088,8,-0.208099,-0.208084,-0.211576,-0.208503,-0.209594
mobley_8885088,9,-0.118787,-0.119490,-0.119439,-0.119039,-0.119101
mobley_8885088,10,-0.118787,-0.119490,-0.119438,-0.119039,-0.119101
mobley_8885088,11,-0.215468,-0.215481,-0.219600,-0.216165,-0.217471
mobley_8885088,12,-0.208099,-0.208084,-0.211575,-0.208503,-0.209594
mobley_8899867,0,0.275542,0.283493,0.290742,0.282459,0.284899
mobley_8899867,1,0.188915,0.195249,0.200837,0.192959,0.198278
mobley_8899867,2,0.126175,0.126183,0.130560,0.125241,0.126830
mobley_8899867,3,-0.090729,-0.094134,-0.080880,-0.085537,-0.080833
mobley_8899867,4,0.227256,0.227960,0.236271,0.229611,0.232850
mobley_8899867,5,-1.948353,-1.945119,-1.959036,-1.953683,-1.959435
mobley_8899867,6,-0.362277,-0.360846,-0.368466,-0.364242,-0.364981
mobley_8899867,7,-0.371081,-0.369851,-0.378911,-0.374051,-0.375354
mobley_8899867,8,-0.365506,-0.364185,-0.373534,-0.368498,-0.370056
mobley_8899867,9,-0.355897,-0.354398,-0.362470,-0.357960,-0.359063
mobley_8899867,10,-0.399952,-0.398608,-0.407557,-0.403293,-0.403805
mobley_8899867,11,-0.430989,-0.429914,-0.439993,-0.435212,-0.435911
mobley_8899867,12,-0.574200,-0.572084,-0.588672,-0.584265,-0.585327
mobley_8899867,13,-0.543949,-0.542356,-0.557256,-0.550913,-0.552379
mobley_8899867,14,-0.481925,-0.479777,-0.492688,-0.487141,-0.488456
mobley_8899867,15,-0.137848,-0.137539,-0.137458,-0.136608,-0.137662
mobley_8916409,0,0.575756,0.577170,0.617845,0.588757,0.607875
mobley_8916409,1,0.887296,0.896010,0.860557,0.865387,0.848066
mobley_8916409,2,-2.014696,-2.014135,-2.021867,-2.017772,-2.020621
mobley_8916409,3,1.419884,1.421741,1.361289,1.389644,1.347902
mobley_8916409,4,-1.906678,-1.908473,-1.908622,-1.908828,-1.908152
mobley_8916409,5,-0.210181,-0.216789,-0.204137,-0.211143,-0.205321
mobley_8916409,6,-0.298604,-0.302300,-0.282235,-0.292700,-0.283938
mobley_8916409,7,1.109610,1.098264,1.071719,1.088537,1.072060
mobley_8916409,8,-1.873066,-1.873630,-1.871581,-1.871785,-1.871055
mobley_8916409,9,-1.962698,-1.961479,-1.964955,-1.962280,-1.963939
mobley_8916409,10,0.646742,0.653342,0.647018,0.634114,0.632304
mobley_8916409,11,0.249326,0.244800,0.269726,0.245232,0.262570
mobley_8916409,12,-0.360771,-0.360605,-0.359643,-0.359171,-0.360524
mobley_8916409,13,0.582611,0.582300,0.582449,0.582838,0.582601
mobley_8916409,14,-0.376985,-0.377296,-0.375381,-0.376029,-0.374152
mobley_8916409,15,-1.796831,-1.797149,-1.794867,-1.795854,-1.795353
mobley_8916409,16,0.199658,0.189760,0.196430,0.185615,0.186981
mobley_8916409,17,-1.793359,-1.793747,-1.791546,-1.792589,-1.792064
mobley_8916409,18,0.317981,0.308082,0.308927,0.298176,0.294996
mobley_8916409,19,-0.128567,-0.128226,-0.129107,-0.127973,-0.128325
mobley_8916409,20,-0.135300,-0.134752,-0.136113,-0.134643,-0.135241
mobley_8916409,21,-0.135142,-0.134595,-0.135951,-0.134484,-0.135082
mobley_8916409,22,-0.207402,-0.205606,-0.210516,-0.207700,-0.208855
mobley_8916409,23,-0.209375,-0.207510,-0.212490,-0.209615,-0.210819
mobley_8916409,24,-0.273476,-0.271231,-0.277513,-0.272648,-0.274292
mobley_8916409,25,-0.288859,-0.286853,-0.293005,-0.288118,-0.289801
mobley_8916409,26,-0.131422,-0.130863,-0.131002,-0.130310,-0.130186
mobley_8916409,27,-0.225729,-0.223995,-0.229696,-0.226512,-0.227655
mobley_8916409,28,-0.211606,-0.209982,-0.214186,-0.211532,-0.212342
mobley_8916409,29,-0.136432,-0.135890,-0.136960,-0.135675,-0.136125
mobley_8916409,30,-0.133178,-0.132678,-0.133535,-0.132359,-0.132633
mobley_8916409,31,-0.137355,-0.136812,-0.137901,-0.136587,-0.136999
mobley_8916409,32,-0.111846,-0.112056,-0.111475,-0.111448,-0.111354
mobley_8916409,33,-0.111865,-0.112040,-0.111502,-0.111442,-0.111357
mobley_8916409,34,-0.111348,-0.111584,-0.110977,-0.110947,-0.110835
mobley_8916409,35,-0.111755,-0.111879,-0.111299,-0.111198,-0.111083
mobley_8916409,36,-0.113655,-0.113742,-0.113204,-0.113067,-0.112938
mobley_8916409,37,-0.112603,-0.112705,-0.112137,-0.112005,-0.111884
mobley_8966374,0,0.205243,0.200173,0.201991,0.190790,0.195648
mobley_8966374,1,-0.081372,-0.083112,-0.070519,-0.071431,-0.064415
mobley_8966374,2,-0.202925,-0.200947,-0.201529,-0.207005,-0.205406
mobley_8966374,3,-2.585699,-2.587043,-2.586199,-2.585463,-2.586171
mobley_8966374,4,-0.227027,-0.228069,-0.223427,-0.229925,-0.225661
mobley_8966374,5,-0.245424,-0.246506,-0.243909,-0.248902,-0.246636
mobley_8966374,6,-2.603349,-2.604750,-2.604615,-2.603538,-2.604777
mobley_8966374,7,-0.114458,-0.114566,-0.114392,-0.113812,-0.113959
mobley_8966374,8,-0.114107,-0.114182,-0.114065,-0.113412,-0.113581
mobley_8966374,9,-0.114107,-0.114182,-0.114065,-0.113412,-0.113581
mobley_8966374,10,-0.116801,-0.117093,-0.116576,-0.116553,-0.116618
mobley_8966374,11,-0.118272,-0.118543,-0.117913,-0.118060,-0.118069
mobley_8966374,12,-0.118727,-0.119006,-0.118379,-0.118501,-0.118511
mobley_8983100,0,-0.549148,-0.552668,-0.549139,-0.554036,-0.551080
mobley_8983100,1,-0.948716,-0.948525,-0.948052,-0.947849,-0.948297
mobley_8983100,2,-0.121551,-0.121725,-0.121109,-0.121255,-0.121319
mobley_8983100,3,-0.121551,-0.121725,-0.121109,-0.121254,-0.121319
mobley_8983100,4,-0.121551,-0.121725,-0.121109,-0.121255,-0.121319
mobley_900088,0,0.541182,0.538739,0.535300,0.526240,0.526589
mobley_900088,1,-0.189981,-0.189799,-0.172050,-0.180275,-0.168480
mobley_900088,2,-0.222479,-0.204095,-0.237239,-0.224844,-0.246963
mobley_900088,3,-0.189980,-0.189799,-0.172050,-0.180275,-0.168480
mobley_900088,4,-0.222479,-0.204095,-0.237238,-0.224843,-0.246964
mobley_900088,5,0.541179,0.538736,0.535297,0.526236,0.526587
mobley_900088,6,-0.132997,-0.132842,-0.133572,-0.132215,-0.132616
mobley_900088,7,-0.133850,-0.133647,-0.134227,-0.132806,-0.133188
mobley_900088,8,-0.132997,-0.132842,-0.133572,-0.132215,-0.132616
mobley_900088,9,-0.108579,-0.108828,-0.108123,-0.108269,-0.108235
mobley_900088,10,-0.109026,-0.109225,-0.108586,-0.108684,-0.108689
mobley_900088,11,-0.109026,-0.109225,-0.108586,-0.108684,-0.108689
mobley_900088,12,-0.108579,-0.108828,-0.108123,-0.108269,-0.108235
mobley_900088,13,-0.133850,-0.133647,-0.134227,-0.132805,-0.133188
mobley_900088,14,-0.132997,-0.132842,-0.133572,-0.132215,-0.132616
mobley_900088,15,-0.132997,-0.132842,-0.133572,-0.132215,-0.132616
mobley_9007496,0,0.402034,0.389718,0.402831,0.383997,0.391439
mobley_9007496,1,-2.339734,-2.324467,-2.328245,-2.332536,-2.339583
mobley_9007496,2,-0.210211,-0.212509,-0.244664,-0.237659,-0.251924
mobley_9007496,3,-1.877963,-1.878943,-1.876701,-1.877056,-1.876485
mobley_9007496,4,-1.921163,-1.926404,-1.921472,-1.925911,-1.923987
mobley_9007496,5,-0.468431,-0.466651,-0.493798,-0.484632,-0.494701
mobley_9007496,6,-0.518985,-0.520768,-0.516896,-0.519968,-0.516984
mobley_9007496,7,-0.187253,-0.183474,-0.185189,-0.186179,-0.183741
mobley_9007496,8,-0.097136,-0.091026,-0.095500,-0.096514,-0.094211
mobley_9007496,9,-0.218331,-0.213077,-0.182208,-0.205627,-0.181755
mobley_9007496,10,-0.352712,-0.345220,-0.296581,-0.330773,-0.293802
mobley_9007496,11,-0.304886,-0.301027,-0.318636,-0.314540,-0.318535
mobley_9007496,12,-0.197550,-0.194325,-0.192362,-0.194911,-0.191159
mobley_9007496,13,-0.175100,-0.171607,-0.172476,-0.174357,-0.170638
mobley_9007496,14,0.023555,0.032271,0.018721,0.025129,0.018755
mobley_9007496,15,-0.117329,-0.117189,-0.117108,-0.116575,-0.116726
mobley_9007496,16,-0.119251,-0.119090,-0.118918,-0.118375,-0.118506
mobley_9007496,17,-0.117114,-0.117012,-0.116923,-0.116385,-0.116533
mobley_9007496,18,-0.109008,-0.106683,-0.111755,-0.112956,-0.111697
mobley_9007496,19,-0.138578,-0.139169,-0.139446,-0.138363,-0.138899
mobley_9007496,20,-0.117128,-0.117674,-0.117427,-0.116922,-0.117167
mobley_9007496,21,-0.123891,-0.124630,-0.124781,-0.123761,-0.124208
mobley_9007496,22,-0.154619,-0.155102,-0.155713,-0.154161,-0.155012
mobley_9007496,23,-0.113835,-0.114314,-0.113932,-0.113600,-0.113787
mobley_9007496,24,-0.113818,-0.114294,-0.113907,-0.113581,-0.113763
mobley_9007496,25,-0.121914,-0.122614,-0.122652,-0.121733,-0.122129
mobley_9015240,0,0.839475,0.850050,0.854225,0.838313,0.848688
mobley_9015240,1,0.631002,0.647025,0.640871,0.648367,0.649122
mobley_9015240,2,0.477772,0.487473,0.477461,0.486318,0.489837
mobley_9015240,3,1.189070,1.201466,1.202345,1.198817,1.219865
mobley_9015240,4,1.045844,1.062578,1.063390,1.065219,1.083185
mobley_9015240,5,0.924842,0.938639,0.934319,0.941202,0.951668
mobley_9015240,6,1.092900,1.105961,1.110289,1.106063,1.114411
mobley_9015240,7,0.177344,0.184678,0.183399,0.177611,0.181108
mobley_9015240,8,-0.916301,-0.915636,-0.914408,-0.914240,-0.914697
mobley_9015240,9,-0.139334,-0.138869,-0.139631,-0.138398,-0.138582
mobley_9015240,10,-0.149285,-0.148448,-0.149491,-0.147898,-0.148133
mobley_9015240,11,-0.141167,-0.140740,-0.141438,-0.140218,-0.140279
mobley_9015240,12,-0.375647,-0.373581,-0.384777,-0.378511,-0.381471
mobley_9015240,13,-0.358350,-0.356361,-0.367067,-0.360899,-0.363862
mobley_9015240,14,-0.462943,-0.460413,-0.472758,-0.465681,-0.468443
mobley_9015240,15,-0.456392,-0.454095,-0.466306,-0.459320,-0.462052
mobley_9015240,16,-0.474314,-0.471403,-0.482483,-0.475314,-0.477690
mobley_9015240,17,-0.492240,-0.489507,-0.500575,-0.493663,-0.495491
mobley_9015240,18,-0.545249,-0.542401,-0.558619,-0.549355,-0.553674
mobley_9015240,19,-0.544790,-0.541955,-0.558058,-0.548822,-0.553114
mobley_9015240,20,-0.481790,-0.479286,-0.493791,-0.485653,-0.489588
mobley_9015240,21,-0.481084,-0.478576,-0.493089,-0.484950,-0.488897
mobley_9015240,22,-0.276130,-0.274640,-0.281718,-0.276877,-0.279104
mobley_9015240,23,-0.276148,-0.274658,-0.281731,-0.276891,-0.279116
mobley_9015240,24,-0.102455,-0.102781,-0.102146,-0.102222,-0.102189
mobley_9015240,25,-0.102455,-0.102781,-0.102146,-0.102222,-0.102189
mobley_9028462,0,0.353384,0.346464,0.350919,0.338460,0.341064
mobley_9028462,1,-1.858228,-1.858244,-1.857634,-1.857184,-1.857548
mobley_9028462,2,0.528015,0.526994,0.569822,0.541271,0.571783
mobley_9028462,3,-1.829705,-1.830071,-1.828430,-1.828984,-1.828685
mobley_9028462,4,-0.465947,-0.466071,-0.469272,-0.468041,-0.466330
mobley_9028462,5,0.453540,0.453061,0.453521,0.453369,0.453536
mobley_9028462,6,0.446002,0.445544,0.446019,0.445883,0.446030
mobley_9028462,7,0.446002,0.445544,0.446019,0.445883,0.446030
mobley_9028462,8,-0.115228,-0.115190,-0.114990,-0.114678,-0.114696
mobley_9028462,9,-0.117075,-0.117067,-0.117054,-0.116663,-0.116720
mobley_9028462,10,-0.115228,-0.115190,-0.114990,-0.114678,-0.114695
mobley_902954,0,0.938793,0.948960,0.956215,0.941747,0.951784
mobley_902954,1,0.751651,0.762145,0.775830,0.773747,0.779555
mobley_902954,2,0.381321,0.395779,0.399491,0.399228,0.399917
mobley_902954,3,0.178308,0.188529,0.212894,0.196519,0.202542
mobley_902954,4,-1.824958,-1.824780,-1.825326,-1.824104,-1.825292
mobley_902954,5,2.625768,2.591482,2.621434,2.583450,2.605847
mobley_902954,6,-1.778009,-1.778616,-1.777158,-1.777692,-1.777671
mobley_902954,7,-1.765588,-1.766300,-1.763801,-1.764700,-1.764380
mobley_902954,8,-0.152342,-0.151852,-0.153400,-0.151635,-0.152114
mobley_902954,9,-0.146955,-0.146453,-0.147935,-0.146222,-0.146706
mobley_902954,10,-0.146955,-0.146453,-0.147935,-0.146222,-0.146706
mobley_902954,11,-0.355819,-0.353387,-0.365263,-0.358629,-0.362120
mobley_902954,12,-0.355818,-0.353387,-0.365262,-0.358628,-0.362119
mobley_902954,13,-0.410971,-0.408086,-0.421769,-0.414633,-0.417930
mobley_902954,14,-0.410971,-0.408085,-0.421768,-0.414633,-0.417930
mobley_902954,15,-0.285908,-0.283181,-0.292125,-0.287877,-0.289351
mobley_902954,16,-0.285908,-0.283181,-0.292125,-0.287877,-0.289351
mobley_9029594,0,-0.197660,-0.201682,-0.201821,-0.209018,-0.203657
mobley_9029594,1,0.469409,0.468827,0.469793,0.469206,0.469598
mobley_9029594,2,-0.113702,-0.113951,-0.113337,-0.113508,-0.113407
mobley_9029594,3,-0.113702,-0.113951,-0.113337,-0.113508,-0.113407
mobley_9029594,4,-0.113702,-0.113951,-0.113337,-0.113508,-0.113408
mobley_9055303,0,0.003107,-0.006416,0.003702,-0.011785,-0.002270
mobley_9055303,1,-0.110355,-0.110665,-0.109931,-0.110172,-0.110005
mobley_9055303,2,-0.110355,-0.110665,-0.109931,-0.110172,-0.110005
mobley_9055303,3,-0.110355,-0.110665,-0.109931,-0.110172,-0.110005
mobley_9055303,4,-0.110355,-0.110665,-0.109931,-0.110172,-0.110005
mobley_9073553,0,-0.399664,-0.406263,-0.406091,-0.411581,-0.410603
mobley_9073553,1,-0.300744,-0.300370,-0.298440,-0.298288,-0.298746
mobley_9073553,2,-0.399664,-0.406263,-0.406090,-0.411580,-0.410603
mobley_9073553,3,-0.114545,-0.114858,-0.114339,-0.114514,-0.114592
mobley_9073553,4,-0.115367,-0.115661,-0.115136,-0.115267,-0.115363
mobley_9073553,5,-0.115367,-0.115661,-0.115136,-0.115267,-0.115363
mobley_9073553,6,-0.115367,-0.115661,-0.115136,-0.115267,-0.115363
mobley_9073553,7,-0.114545,-0.114858,-0.114339,-0.114514,-0.114592
mobley_9073553,8,-0.115367,-0.115661,-0.115136,-0.115267,-0.115363
mobley_9100956,0,1.547492,1.577655,1.555375,1.547480,1.554725
mobley_9100956,1,0.181730,0.176977,0.211033,0.189111,0.220726
mobley_9100956,2,0.761218,0.775728,0.773197,0.765234,0.779581
mobley_9100956,3,1.052036,1.064406,1.078411,1.067523,1.073783
mobley_9100956,4,0.944504,0.959163,0.976514,0.964410,0.973913
mobley_9100956,5,1.052037,1.064403,1.078409,1.067522,1.073781
mobley_9100956,6,0.761218,0.775728,0.773196,0.765234,0.779581
mobley_9100956,7,-0.214377,-0.213494,-0.216200,-0.213595,-0.213881
mobley_9100956,8,-0.208755,-0.207756,-0.210589,-0.207941,-0.208340
mobley_9100956,9,-0.214378,-0.213494,-0.216201,-0.213595,-0.213882
mobley_9100956,10,-0.994526,-0.992261,-1.020934,-1.009064,-1.013457
mobley_9100956,11,-0.532109,-0.530522,-0.540092,-0.534561,-0.534820
mobley_9100956,12,-0.560531,-0.557413,-0.567606,-0.561662,-0.561882
mobley_9100956,13,-0.470540,-0.468803,-0.479298,-0.473058,-0.474622
mobley_9100956,14,-0.496915,-0.493976,-0.504593,-0.498134,-0.499593
mobley_9100956,15,-0.457506,-0.454495,-0.464216,-0.458307,-0.459701
mobley_9100956,16,-0.428387,-0.426998,-0.435985,-0.430688,-0.431822
mobley_9100956,17,-0.470539,-0.468801,-0.479296,-0.473056,-0.474621
mobley_9100956,18,-0.496913,-0.493973,-0.504591,-0.498132,-0.499590
mobley_9100956,19,-0.532108,-0.530521,-0.540091,-0.534559,-0.534819
mobley_9100956,20,-0.560533,-0.557415,-0.567607,-0.561663,-0.561883
mobley_9112978,0,0.657320,0.658658,0.666443,0.648770,0.659592
mobley_9112978,1,0.578641,0.573213,0.589619,0.579307,0.587783
mobley_9112978,2,-0.098357,-0.087391,-0.102930,-0.096116,-0.099402
mobley_9112978,3,0.040467,0.053442,0.041834,0.048055,0.043136
mobley_9112978,4,0.360111,0.354712,0.356187,0.343649,0.348662
mobley_9112978,5,-0.129937,-0.129676,-0.130265,-0.129031,-0.129317
mobley_9112978,6,-0.130033,-0.129763,-0.130358,-0.129111,-0.129396
mobley_9112978,7,-0.128800,-0.128577,-0.129206,-0.128021,-0.128320
mobley_9112978,8,-0.207043,-0.206217,-0.210336,-0.206711,-0.208191
mobley_9112978,9,-0.189897,-0.189207,-0.192754,-0.189517,-0.190918
mobley_9112978,10,-0.112330,-0.112807,-0.112881,-0.112370,-0.112543
mobley_9112978,11,-0.107532,-0.107932,-0.107687,-0.107361,-0.107504
mobley_9112978,12,-0.112738,-0.112729,-0.112576,-0.111991,-0.112129
mobley_9112978,13,-0.111425,-0.111466,-0.111219,-0.110796,-0.110896
mobley_9112978,14,-0.113741,-0.113752,-0.113597,-0.113013,-0.113140
mobley_9114381,0,0.572328,0.564589,0.572385,0.554085,0.560539
mobley_9114381,1,-1.863635,-1.863164,-1.863168,-1.862139,-1.862883
mobley_9114381,2,0.795372,0.802544,0.847116,0.816998,0.851091
mobley_9114381,3,-1.828513,-1.828857,-1.827633,-1.827964,-1.827801
mobley_9114381,4,0.031615,0.023482,0.037773,0.021642,0.033277
mobley_9114381,5,-0.622615,-0.621996,-0.619532,-0.622688,-0.621301
mobley_9114381,6,-2.481565,-2.481204,-2.480364,-2.480445,-2.480352
mobley_9114381,7,-0.117851,-0.117794,-0.117805,-0.117390,-0.117445
mobley_9114381,8,-0.116100,-0.115992,-0.115823,-0.115481,-0.115499
mobley_9114381,9,-0.116100,-0.115992,-0.115823,-0.115481,-0.115499
mobley_9114381,10,-0.115636,-0.115709,-0.115783,-0.115127,-0.115474
mobley_9114381,11,-0.115636,-0.115709,-0.115783,-0.115127,-0.115474
mobley_9121449,0,0.471855,0.467578,0.476730,0.462517,0.470743
mobley_9121449,1,0.392458,0.391858,0.400280,0.386655,0.394932
mobley_9121449,2,-0.486494,-0.482915,-0.480303,-0.483783,-0.482173
mobley_9121449,3,-0.689163,-0.687816,-0.684127,-0.688060,-0.686095
mobley_9121449,4,-0.117618,-0.117545,-0.117926,-0.116986,-0.117319
mobley_9121449,5,-0.116743,-0.116674,-0.117023,-0.116164,-0.116466
mobley_9121449,6,-0.116743,-0.116674,-0.117023,-0.116164,-0.116466
mobley_9121449,7,-0.113628,-0.113745,-0.114122,-0.113198,-0.113678
mobley_9121449,8,-0.113628,-0.113745,-0.114122,-0.113198,-0.113678
mobley_9121449,9,-0.148822,-0.148742,-0.148335,-0.148444,-0.148617
mobley_9139060,0,2.090306,2.124127,2.126627,2.111201,2.120782
mobley_9139060,1,0.468923,0.464341,0.496652,0.476730,0.505092
mobley_9139060,2,1.051816,1.060679,1.064385,1.049866,1.072040
mobley_9139060,3,1.051817,1.060679,1.064386,1.049868,1.072041
mobley_9139060,4,0.468923,0.464342,0.496653,0.476732,0.505094
mobley_9139060,5,1.195722,1.205634,1.206773,1.202894,1.199971
mobley_9139060,6,1.195723,1.205634,1.206775,1.202892,1.199971
mobley_9139060,7,2.090306,2.124132,2.126624,2.111204,2.120777
mobley_9139060,8,-0.218706,-0.217441,-0.219421,-0.216964,-0.216688
mobley_9139060,9,-0.212647,-0.211533,-0.213872,-0.211485,-0.211380
mobley_9139060,10,-0.220934,-0.219856,-0.221770,-0.219404,-0.219038
mobley_9139060,11,-1.050480,-1.046831,-1.078760,-1.065726,-1.070640
mobley_9139060,12,-0.541166,-0.539474,-0.549133,-0.543083,-0.543902
mobley_9139060,13,-0.618443,-0.615581,-0.626498,-0.620231,-0.620188
mobley_9139060,14,-0.541165,-0.539474,-0.549133,-0.543083,-0.543902
mobley_9139060,15,-0.618442,-0.615581,-0.626498,-0.620231,-0.620187
mobley_9139060,16,-1.050480,-1.046831,-1.078761,-1.065727,-1.070640
mobley_9139060,17,-0.531484,-0.529578,-0.537590,-0.532606,-0.531855
mobley_9139060,18,-0.536247,-0.532907,-0.539266,-0.534389,-0.533148
mobley_9139060,19,-0.531484,-0.529579,-0.537590,-0.532606,-0.531854
mobley_9139060,20,-0.536247,-0.532907,-0.539267,-0.534390,-0.533148
mobley_9139060,21,-0.220934,-0.219856,-0.221770,-0.219404,-0.219038
mobley_9139060,22,-0.218706,-0.217442,-0.219421,-0.216964,-0.216688
mobley_9139060,23,-0.212647,-0.211533,-0.213872,-0.211485,-0.211380
mobley_9185328,0,0.681829,0.690496,0.693416,0.678735,0.689130
mobley_9185328,1,0.540908,0.543431,0.561771,0.558204,0.563644
mobley_9185328,2,0.333014,0.325441,0.336372,0.326861,0.335344
mobley_9185328,3,-2.530449,-2.534441,-2.540306,-2.537594,-2.540289
mobley_9185328,4,-0.145480,-0.144973,-0.146468,-0.144772,-0.145272
mobley_9185328,5,-0.144820,-0.144334,-0.145787,-0.144121,-0.144609
mobley_9185328,6,-0.148472,-0.147994,-0.149448,-0.147766,-0.148217
mobley_9185328,7,-0.323308,-0.321012,-0.332127,-0.325776,-0.329131
mobley_9185328,8,-0.335768,-0.333400,-0.345122,-0.338497,-0.341967
mobley_9185328,9,-0.210580,-0.208976,-0.214151,-0.210371,-0.212077
mobley_9185328,10,-0.231613,-0.229872,-0.235998,-0.231719,-0.233631
mobley_9185328,11,-0.109364,-0.109382,-0.109217,-0.108982,-0.109447
mobley_9185328,12,-0.117684,-0.117732,-0.117524,-0.117354,-0.117771
mobley_9197172,0,1.031790,1.044133,1.052033,1.037622,1.047107
mobley_9197172,1,0.809175,0.823852,0.824404,0.830018,0.832190
mobley_9197172,2,0.833319,0.848112,0.838031,0.843367,0.853985
mobley_9197172,3,0.894685,0.909278,0.907672,0.909864,0.925046
mobley_9197172,4,0.912783,0.926314,0.924682,0.928387,0.938970
mobley_9197172,5,0.677953,0.678411,0.681522,0.676279,0.686315
mobley_9197172,6,0.092208,0.106137,0.094004,0.099880,0.098582
mobley_9197172,7,-0.246423,-0.236303,-0.249683,-0.247378,-0.254707
mobley_9197172,8,-0.148088,-0.147576,-0.149071,-0.147340,-0.147811
mobley_9197172,9,-0.154178,-0.153679,-0.155252,-0.153465,-0.153938
mobley_9197172,10,-0.148087,-0.147576,-0.149070,-0.147339,-0.147811
mobley_9197172,11,-0.383958,-0.381706,-0.394007,-0.387044,-0.390597
mobley_9197172,12,-0.383872,-0.381619,-0.393917,-0.386954,-0.390506
mobley_9197172,13,-0.483281,-0.480731,-0.494596,-0.486754,-0.490214
mobley_9197172,14,-0.483735,-0.481190,-0.495056,-0.487214,-0.490671
mobley_9197172,15,-0.514164,-0.511392,-0.526765,-0.517991,-0.522128
mobley_9197172,16,-0.516110,-0.513373,-0.528804,-0.520015,-0.524156
mobley_9197172,17,-0.424427,-0.422112,-0.433506,-0.426095,-0.429247
mobley_9197172,18,-0.427367,-0.425098,-0.436724,-0.429291,-0.432474
mobley_9197172,19,-0.276214,-0.275359,-0.281988,-0.276943,-0.279118
mobley_9197172,20,-0.262783,-0.261785,-0.267988,-0.263078,-0.265317
mobley_9197172,21,-0.111636,-0.112030,-0.112142,-0.111670,-0.111887
mobley_9197172,22,-0.113994,-0.114203,-0.113458,-0.113721,-0.113672
mobley_9197172,23,-0.113253,-0.113437,-0.112717,-0.112948,-0.112913
mobley_9201263,0,0.202411,0.191174,0.194949,0.185598,0.183463
mobley_9201263,1,-1.785190,-1.786133,-1.782968,-1.784207,-1.783361
mobley_9201263,2,-0.135506,-0.135801,-0.133459,-0.132111,-0.133383
mobley_9201263,3,-1.825326,-1.825882,-1.825098,-1.825310,-1.825421
mobley_9201263,4,-1.825326,-1.825882,-1.825098,-1.825310,-1.825421
mobley_9201263,5,-0.000051,-0.012685,-0.002089,-0.012501,-0.009895
mobley_9201263,6,-0.110326,-0.110560,-0.109933,-0.109945,-0.109852
mobley_9201263,7,-0.110646,-0.110822,-0.110263,-0.110253,-0.110175
mobley_9201263,8,-0.110326,-0.110560,-0.109933,-0.109945,-0.109852
mobley_9201263,9,-0.112771,-0.113159,-0.112564,-0.112715,-0.112707
mobley_9201263,10,-0.112013,-0.112373,-0.111784,-0.111911,-0.111914
mobley_9201263,11,-0.112013,-0.112373,-0.111784,-0.111911,-0.111914
mobley_9209581,0,0.309221,0.303049,0.311830,0.295764,0.303527
mobley_9209581,1,-2.934558,-2.931963,-2.947082,-2.937018,-2.946914
mobley_9209581,2,0.309224,0.303050,0.311836,0.295766,0.303530
mobley_9209581,3,0.309225,0.303055,0.311834,0.295768,0.303530
mobley_9209581,4,-0.153845,-0.152884,-0.154550,-0.152583,-0.152974
mobley_9209581,5,-0.136106,-0.135356,-0.136245,-0.134828,-0.135069
mobley_9209581,6,-0.153845,-0.152884,-0.154550,-0.152583,-0.152974
mobley_9209581,7,-0.153845,-0.152884,-0.154550,-0.152583,-0.152974
mobley_9209581,8,-0.153845,-0.152884,-0.154550,-0.152583,-0.152974
mobley_9209581,9,-0.136106,-0.135356,-0.136245,-0.134828,-0.135069
mobley_9209581,10,-0.136106,-0.135357,-0.136245,-0.134829,-0.135069
mobley_9209581,11,-0.153845,-0.152884,-0.154550,-0.152583,-0.152974
mobley_9209581,12,-0.153845,-0.152884,-0.154550,-0.152583,-0.152974
mobley_9246215,0,-0.287004,-0.280056,-0.289095,-0.289069,-0.293800
mobley_9246215,1,0.013360,0.021510,0.020374,0.018863,0.019640
mobley_9246215,2,0.336675,0.327350,0.339684,0.327307,0.336677
mobley_9246215,3,0.013361,0.021511,0.020375,0.018863,0.019641
mobley_9246215,4,-0.287004,-0.280056,-0.289096,-0.289070,-0.293799
mobley_9246215,5,-0.114263,-0.114439,-0.113734,-0.113964,-0.113934
mobley_9246215,6,-0.114579,-0.114774,-0.114040,-0.114303,-0.114258
mobley_9246215,7,-0.107350,-0.107695,-0.107279,-0.107181,-0.107249
mobley_9246215,8,-0.145617,-0.145681,-0.147321,-0.145277,-0.146165
mobley_9246215,9,-0.145617,-0.145681,-0.147321,-0.145277,-0.146165
mobley_9246215,10,-0.107350,-0.107695,-0.107279,-0.107181,-0.107249
mobley_9246215,11,-0.114263,-0.114439,-0.113734,-0.113964,-0.113934
mobley_9246215,12,-0.114579,-0.114774,-0.114040,-0.114303,-0.114258
mobley_9246351,0,-0.762961,-0.764185,-0.763119,-0.764240,-0.763598
mobley_9246351,1,-0.967563,-0.967463,-0.967193,-0.967067,-0.967383
mobley_9246351,2,-0.967563,-0.967463,-0.967193,-0.967067,-0.967383
mobley_9246351,3,-0.131218,-0.131279,-0.130852,-0.130858,-0.131100
mobley_9246351,4,-0.131218,-0.131279,-0.130852,-0.130858,-0.131100
mobley_9257453,0,-0.443667,-0.444592,-0.442649,-0.444577,-0.442286
mobley_9257453,1,-0.147903,-0.148948,-0.150958,-0.154003,-0.151244
mobley_9257453,2,-0.426023,-0.429127,-0.427302,-0.428688,-0.426735
mobley_9257453,3,-0.455137,-0.458733,-0.461339,-0.460220,-0.460824
mobley_9257453,4,-0.239003,-0.242140,-0.241091,-0.242903,-0.240961
mobley_9257453,5,-0.313696,-0.312605,-0.301415,-0.307867,-0.303995
mobley_9257453,6,-1.861207,-1.861573,-1.860867,-1.860975,-1.861074
mobley_9257453,7,-0.061857,-0.061411,-0.061111,-0.061339,-0.061514
mobley_9257453,8,-0.063538,-0.063149,-0.062799,-0.063016,-0.063147
mobley_9257453,9,-0.118307,-0.118820,-0.118612,-0.118151,-0.118387
mobley_9257453,10,-0.114285,-0.114654,-0.114175,-0.114029,-0.114135
mobley_9257453,11,-0.124465,-0.124995,-0.125390,-0.124427,-0.124882
mobley_9257453,12,-0.160770,-0.160875,-0.160982,-0.160334,-0.160914
mobley_9281946,0,0.607966,0.607989,0.634218,0.610222,0.625522
mobley_9281946,1,0.258389,0.251907,0.262007,0.255959,0.257112
mobley_9281946,2,-1.862207,-1.862633,-1.861643,-1.860611,-1.860150
mobley_9281946,3,0.578865,0.578548,0.578487,0.578762,0.578407
mobley_9281946,4,-0.403988,-0.404918,-0.402470,-0.402441,-0.399993
mobley_9281946,5,-1.859349,-1.859490,-1.858384,-1.857692,-1.857487
mobley_9281946,6,0.226369,0.220097,0.229720,0.223906,0.225090
mobley_9281946,7,0.593203,0.593098,0.620088,0.595349,0.611265
mobley_9281946,8,-1.895911,-1.896275,-1.896687,-1.896687,-1.897087
mobley_9281946,9,-0.094813,-0.090106,-0.084767,-0.097270,-0.096645
mobley_9281946,10,-0.485744,-0.488005,-0.483835,-0.486752,-0.483314
mobley_9281946,11,-0.037087,-0.026849,-0.023398,-0.026910,-0.024436
mobley_9281946,12,-0.198022,-0.202958,-0.183429,-0.189768,-0.181801
mobley_9281946,13,-0.023312,-0.013261,-0.013100,-0.014789,-0.014046
mobley_9281946,14,-0.465716,-0.467807,-0.460692,-0.464259,-0.458893
mobley_9281946,15,-0.888279,-0.905791,-0.909181,-0.931865,-0.918886
mobley_9281946,16,-1.777574,-1.777900,-1.776101,-1.777011,-1.776650
mobley_9281946,17,-1.777384,-1.777705,-1.775915,-1.776823,-1.776468
mobley_9281946,18,-0.127255,-0.126921,-0.127781,-0.126552,-0.126907
mobley_9281946,19,-0.128538,-0.128174,-0.129077,-0.127809,-0.128172
mobley_9281946,20,-0.127131,-0.126852,-0.127619,-0.126478,-0.126783
mobley_9281946,21,-0.166546,-0.165521,-0.167108,-0.165338,-0.165185
mobley_9281946,22,-0.171919,-0.170846,-0.172483,-0.170573,-0.170348
mobley_9281946,23,-0.173367,-0.172291,-0.173935,-0.171978,-0.171800
mobley_9281946,24,-0.166802,-0.165776,-0.167352,-0.165557,-0.165426
mobley_9281946,25,-0.126518,-0.126247,-0.126992,-0.125876,-0.126177
mobley_9281946,26,-0.128570,-0.128201,-0.129095,-0.127836,-0.128198
mobley_9281946,27,-0.127076,-0.126741,-0.127605,-0.126380,-0.126738
mobley_9281946,28,-0.136251,-0.136812,-0.136611,-0.135663,-0.135700
mobley_9281946,29,-0.122168,-0.122762,-0.122665,-0.121990,-0.122240
mobley_9281946,30,-0.122023,-0.122586,-0.122454,-0.121821,-0.122060
mobley_9281946,31,-0.125270,-0.125889,-0.125749,-0.124999,-0.125186
mobley_929676,0,1.019005,1.031365,1.038774,1.024453,1.034002
mobley_929676,1,0.780391,0.794497,0.794584,0.799577,0.801891
mobley_929676,2,0.753468,0.764578,0.754700,0.757372,0.767838
mobley_929676,3,0.872341,0.882190,0.880237,0.882762,0.894305
mobley_929676,4,1.073791,1.086928,1.092321,1.087308,1.096475
mobley_929676,5,0.160943,0.168234,0.166455,0.160852,0.164233
mobley_929676,6,-0.916316,-0.915650,-0.914422,-0.914254,-0.914711
mobley_929676,7,-0.148071,-0.147562,-0.149056,-0.147326,-0.147797
mobley_929676,8,-0.154169,-0.153670,-0.155244,-0.153457,-0.153929
mobley_929676,9,-0.148072,-0.147563,-0.149056,-0.147326,-0.147797
mobley_929676,10,-0.384346,-0.382120,-0.394437,-0.387472,-0.391028
mobley_929676,11,-0.384345,-0.382119,-0.394436,-0.387471,-0.391027
mobley_929676,12,-0.484925,-0.482506,-0.496474,-0.488658,-0.492115
mobley_929676,13,-0.484923,-0.482504,-0.496473,-0.488656,-0.492113
mobley_929676,14,-0.476274,-0.473848,-0.488226,-0.480173,-0.484097
mobley_929676,15,-0.476275,-0.473849,-0.488227,-0.480174,-0.484099
mobley_929676,16,-0.275790,-0.274316,-0.281395,-0.276557,-0.278789
mobley_929676,17,-0.275790,-0.274315,-0.281395,-0.276557,-0.278788
mobley_929676,18,-0.102437,-0.102764,-0.102129,-0.102204,-0.102171
mobley_929676,19,-0.102437,-0.102763,-0.102129,-0.102204,-0.102171
mobley_9407874,0,1.031988,1.044346,1.052245,1.037836,1.047314
mobley_9407874,1,0.816138,0.830710,0.831958,0.837585,0.839926
mobley_9407874,2,0.843163,0.857734,0.848725,0.853748,0.865011
mobley_9407874,3,0.841183,0.857647,0.854457,0.858718,0.871475
mobley_9407874,4,1.072077,1.089258,1.093882,1.096287,1.108886
mobley_9407874,5,0.436795,0.430696,0.434725,0.427347,0.440885
mobley_9407874,6,-0.042480,-0.036212,-0.047627,-0.036943,-0.039504
mobley_9407874,7,-1.845656,-1.845271,-1.847951,-1.846568,-1.847658
mobley_9407874,8,0.267082,0.262578,0.267896,0.256397,0.262318
mobley_9407874,9,-0.148076,-0.147565,-0.149059,-0.147329,-0.147800
mobley_9407874,10,-0.154172,-0.153672,-0.155246,-0.153459,-0.153931
mobley_9407874,11,-0.148076,-0.147565,-0.149059,-0.147329,-0.147800
mobley_9407874,12,-0.383721,-0.381462,-0.393757,-0.386795,-0.390347
mobley_9407874,13,-0.383721,-0.381462,-0.393757,-0.386795,-0.390346
mobley_9407874,14,-0.482593,-0.480032,-0.493859,-0.486024,-0.489483
mobley_9407874,15,-0.482593,-0.480031,-0.493859,-0.486024,-0.489483
mobley_9407874,16,-0.513762,-0.511021,-0.526322,-0.517539,-0.521682
mobley_9407874,17,-0.513763,-0.511021,-0.526322,-0.517539,-0.521682
mobley_9407874,18,-0.464420,-0.461774,-0.476106,-0.467590,-0.471916
mobley_9407874,19,-0.464420,-0.461774,-0.476106,-0.467590,-0.471916
mobley_9407874,20,-0.287605,-0.286435,-0.293682,-0.288715,-0.290882
mobley_9407874,21,-0.287605,-0.286435,-0.293682,-0.288716,-0.290882
mobley_9407874,22,-0.116985,-0.117023,-0.117076,-0.116441,-0.116606
mobley_9407874,23,-0.115429,-0.115424,-0.115506,-0.114879,-0.115050
mobley_9407874,24,-0.115429,-0.115424,-0.115506,-0.114879,-0.115050
mobley_9414831,0,0.544587,0.546714,0.542346,0.532185,0.531812
mobley_9414831,1,-0.312208,-0.318332,-0.298441,-0.307695,-0.296109
mobley_9414831,2,-0.181137,-0.173152,-0.187998,-0.185550,-0.184795
mobley_9414831,3,-0.176941,-0.172213,-0.177160,-0.176571,-0.175644
mobley_9414831,4,-0.024918,-0.016777,-0.029372,-0.026704,-0.028156
mobley_9414831,5,-0.366523,-0.369855,-0.346991,-0.364126,-0.346746
mobley_9414831,6,-0.549401,-0.553391,-0.554332,-0.553926,-0.553605
mobley_9414831,7,0.033487,0.034034,0.007581,0.018687,0.006212
mobley_9414831,8,-0.145417,-0.140699,-0.140027,-0.142362,-0.138932
mobley_9414831,9,-0.170602,-0.166316,-0.167597,-0.169431,-0.165957
mobley_9414831,10,0.040102,0.048933,0.036879,0.041152,0.036960
mobley_9414831,11,-0.130525,-0.130446,-0.130940,-0.129710,-0.130086
mobley_9414831,12,-0.130524,-0.130445,-0.130939,-0.129709,-0.130085
mobley_9414831,13,-0.128919,-0.128784,-0.129061,-0.127804,-0.128146
mobley_9414831,14,-0.122941,-0.123683,-0.123784,-0.122812,-0.123206
mobley_9414831,15,-0.117113,-0.117692,-0.117456,-0.116905,-0.117176
mobley_9414831,16,-0.124922,-0.125675,-0.125863,-0.124766,-0.125261
mobley_9414831,17,-0.121169,-0.121561,-0.121408,-0.120654,-0.121062
mobley_9414831,18,-0.114647,-0.115158,-0.114823,-0.114421,-0.114636
mobley_9414831,19,-0.113922,-0.114404,-0.114019,-0.113680,-0.113866
mobley_9414831,20,-0.123148,-0.123890,-0.123980,-0.122985,-0.123408
mobley_9434451,0,0.431803,0.428175,0.430508,0.418103,0.424435
mobley_9434451,1,0.029044,0.033837,0.045748,0.045525,0.045525
mobley_9434451,2,0.431802,0.428176,0.430509,0.418102,0.424434
mobley_9434451,3,-0.906644,-0.905965,-0.903679,-0.903745,-0.903932
mobley_9434451,4,-0.117982,-0.117890,-0.118045,-0.117322,-0.117502
mobley_9434451,5,-0.116299,-0.116253,-0.116363,-0.115691,-0.115855
mobley_9434451,6,-0.114921,-0.114849,-0.114914,-0.114249,-0.114403
mobley_9434451,7,-0.101904,-0.102164,-0.102127,-0.101872,-0.101970
mobley_9434451,8,-0.117982,-0.117890,-0.118045,-0.117322,-0.117502
mobley_9434451,9,-0.114921,-0.114849,-0.114914,-0.114249,-0.114403
mobley_9434451,10,-0.116299,-0.116253,-0.116363,-0.115691,-0.115855
mobley_9460824,0,0.575131,0.574968,0.597363,0.576063,0.590020
mobley_9460824,1,0.410728,0.402734,0.420138,0.413533,0.420041
mobley_9460824,2,-1.800212,-1.800421,-1.798299,-1.798676,-1.798543
mobley_9460824,3,0.591883,0.591624,0.592193,0.592463,0.592282
mobley_9460824,4,-0.386580,-0.387005,-0.385200,-0.385656,-0.383800
mobley_9460824,5,-1.796926,-1.796959,-1.794388,-1.795152,-1.794674
mobley_9460824,6,0.329859,0.324393,0.331823,0.327265,0.327966
mobley_9460824,7,0.485817,0.484682,0.505642,0.485372,0.499538
mobley_9460824,8,-0.393460,-0.393526,-0.393408,-0.393145,-0.393486
mobley_9460824,9,-0.651622,-0.655301,-0.659292,-0.659937,-0.662123
mobley_9460824,10,-0.321151,-0.320940,-0.319709,-0.319507,-0.320039
mobley_9460824,11,-0.076984,-0.082432,-0.078057,-0.086026,-0.084013
mobley_9460824,12,0.571716,0.564022,0.572477,0.557827,0.565466
mobley_9460824,13,-0.125294,-0.124993,-0.125762,-0.124595,-0.124929
mobley_9460824,14,-0.126119,-0.125857,-0.126600,-0.125488,-0.125790
mobley_9460824,15,-0.124853,-0.124552,-0.125322,-0.124160,-0.124499
mobley_9460824,16,-0.162677,-0.161701,-0.163666,-0.161866,-0.161960
mobley_9460824,17,-0.169372,-0.168369,-0.170375,-0.168441,-0.168442
mobley_9460824,18,-0.158181,-0.157246,-0.158590,-0.156880,-0.156790
mobley_9460824,19,-0.155576,-0.154705,-0.155998,-0.154338,-0.154241
mobley_9460824,20,-0.124687,-0.124436,-0.125104,-0.124047,-0.124334
mobley_9460824,21,-0.124995,-0.124695,-0.125446,-0.124307,-0.124639
mobley_9460824,22,-0.124627,-0.124319,-0.125079,-0.123934,-0.124275
mobley_9460824,23,-0.122292,-0.122526,-0.122356,-0.122346,-0.122726
mobley_9460824,24,-0.120720,-0.120834,-0.120737,-0.120584,-0.121020
mobley_9460824,25,-0.101171,-0.101543,-0.100927,-0.101046,-0.101049
mobley_9460824,26,-0.103361,-0.103733,-0.103122,-0.103225,-0.103229
mobley_9460824,27,-0.114835,-0.114723,-0.114718,-0.114103,-0.114238
mobley_9460824,28,-0.113015,-0.112841,-0.112791,-0.112151,-0.112277
mobley_9460824,29,-0.113944,-0.113838,-0.113816,-0.113223,-0.113346
mobley_9478823,0,0.338202,0.337721,0.325240,0.320906,0.316029
mobley_9478823,1,-0.312327,-0.315784,-0.302303,-0.309864,-0.300452
mobley_9478823,2,-0.208341,-0.201715,-0.221571,-0.215512,-0.219443
mobley_9478823,3,-0.178406,-0.173888,-0.178047,-0.178752,-0.176908
mobley_9478823,4,-0.178404,-0.173885,-0.178044,-0.178751,-0.176905
mobley_9478823,5,-0.208341,-0.201714,-0.221571,-0.215511,-0.219441
mobley_9478823,6,-0.312329,-0.315785,-0.302303,-0.309864,-0.300452
mobley_9478823,7,0.338201,0.337722,0.325244,0.320907,0.316030
mobley_9478823,8,-0.125501,-0.125457,-0.125606,-0.124635,-0.124862
mobley_9478823,9,-0.125502,-0.125457,-0.125606,-0.124636,-0.124862
mobley_9478823,10,-0.124860,-0.124718,-0.124696,-0.123661,-0.123872
mobley_9478823,11,-0.122804,-0.123573,-0.123659,-0.122724,-0.123073
mobley_9478823,12,-0.114931,-0.115443,-0.115137,-0.114731,-0.114951
mobley_9478823,13,-0.114931,-0.115443,-0.115137,-0.114731,-0.114951
mobley_9478823,14,-0.122804,-0.123573,-0.123660,-0.122724,-0.123073
mobley_9478823,15,-0.125501,-0.125457,-0.125606,-0.124635,-0.124862
mobley_9478823,16,-0.125501,-0.125457,-0.125606,-0.124635,-0.124862
mobley_9478823,17,-0.124860,-0.124718,-0.124696,-0.123661,-0.123872
mobley_9507933,0,0.209164,0.205755,0.199749,0.194023,0.194295
mobley_9507933,1,-0.115184,-0.113957,-0.089288,-0.098391,-0.082399
mobley_9507933,2,-0.303456,-0.296444,-0.305458,-0.301210,-0.304742
mobley_9507933,3,-0.391544,-0.392435,-0.391337,-0.392314,-0.389935
mobley_9507933,4,-0.279567,-0.281968,-0.277803,-0.276884,-0.272584
mobley_9507933,5,-2.613010,-2.614442,-2.615424,-2.613418,-2.615426
mobley_9507933,6,-0.437472,-0.438826,-0.447083,-0.445552,-0.447369
mobley_9507933,7,0.249865,0.245562,0.249252,0.236541,0.242086
mobley_9507933,8,-0.118395,-0.118476,-0.118467,-0.117641,-0.117853
mobley_9507933,9,-0.118532,-0.118617,-0.118618,-0.117789,-0.118005
mobley_9507933,10,-0.120477,-0.120540,-0.120723,-0.119836,-0.120099
mobley_9507933,11,-0.120411,-0.121191,-0.121154,-0.120372,-0.120645
mobley_9507933,12,-0.122126,-0.122900,-0.123045,-0.122085,-0.122463
mobley_9507933,13,-0.120295,-0.120616,-0.120218,-0.119998,-0.120137
mobley_9507933,14,-0.115500,-0.115588,-0.115451,-0.114840,-0.115004
mobley_9507933,15,-0.114976,-0.115016,-0.114941,-0.114253,-0.114442
mobley_9507933,16,-0.114952,-0.114992,-0.114915,-0.114228,-0.114416
mobley_9510785,0,-0.138000,-0.133852,-0.131942,-0.135396,-0.130851
mobley_9510785,1,-0.126579,-0.122755,-0.123281,-0.124907,-0.123100
mobley_9510785,2,-0.073873,-0.068311,-0.079513,-0.078687,-0.079570
mobley_9510785,3,-0.404364,-0.409353,-0.398855,-0.404139,-0.397842
mobley_9510785,4,-0.073962,-0.068402,-0.079605,-0.078777,-0.079663
mobley_9510785,5,-0.126573,-0.122751,-0.123276,-0.124901,-0.123093
mobley_9510785,6,-0.316499,-0.323923,-0.306325,-0.315107,-0.304808
mobley_9510785,7,0.163634,0.174977,0.158065,0.158012,0.153485
mobley_9510785,8,-0.307488,-0.308939,-0.305914,-0.307494,-0.306585
mobley_9510785,9,-0.388774,-0.391312,-0.388180,-0.391487,-0.388786
mobley_9510785,10,-0.376975,-0.379914,-0.375720,-0.379231,-0.376831
mobley_9510785,11,-0.397521,-0.396966,-0.407309,-0.403717,-0.407764
mobley_9510785,12,-0.073913,-0.073417,-0.073749,-0.073626,-0.074209
mobley_9510785,13,-0.071912,-0.071652,-0.071520,-0.071645,-0.071807
mobley_9510785,14,-0.071886,-0.071587,-0.071476,-0.071586,-0.071766
mobley_9510785,15,-0.059705,-0.059256,-0.058854,-0.059117,-0.059210
mobley_9510785,16,-0.111456,-0.111878,-0.111406,-0.111214,-0.111340
mobley_9510785,17,-0.112505,-0.112964,-0.112528,-0.112278,-0.112421
mobley_9510785,18,-0.116897,-0.117312,-0.116921,-0.116560,-0.116737
mobley_9510785,19,-0.116895,-0.117311,-0.116920,-0.116558,-0.116735
mobley_9510785,20,-0.112505,-0.112964,-0.112528,-0.112278,-0.112421
mobley_9510785,21,-0.117026,-0.117353,-0.116919,-0.116680,-0.116832
mobley_951560,0,-0.073002,-0.079226,-0.064784,-0.076085,-0.065120
mobley_951560,1,-0.073001,-0.079225,-0.064782,-0.076083,-0.065119
mobley_951560,2,-2.775055,-2.774054,-2.786445,-2.778728,-2.785678
mobley_951560,3,-0.073005,-0.079228,-0.064785,-0.076086,-0.065123
mobley_951560,4,-0.073004,-0.079227,-0.064784,-0.076086,-0.065122
mobley_951560,5,-2.775056,-2.774055,-2.786446,-2.778728,-2.785678
mobley_951560,6,-0.309470,-0.306518,-0.314254,-0.309056,-0.310543
mobley_951560,7,-0.298846,-0.296488,-0.303970,-0.298829,-0.300382
mobley_951560,8,-0.298846,-0.296488,-0.303970,-0.298829,-0.300382
mobley_951560,9,-0.309470,-0.306519,-0.314256,-0.309057,-0.310543
mobley_951560,10,-0.121648,-0.121807,-0.121975,-0.121524,-0.121850
mobley_951560,11,-0.298845,-0.296487,-0.303969,-0.298828,-0.300381
mobley_951560,12,-0.309468,-0.306516,-0.314253,-0.309055,-0.310541
mobley_951560,13,-0.309467,-0.306516,-0.314253,-0.309054,-0.310540
mobley_951560,14,-0.298845,-0.296487,-0.303969,-0.298828,-0.300381
mobley_951560,15,-0.121648,-0.121807,-0.121975,-0.121524,-0.121850
mobley_9534740,0,0.706680,0.712828,0.765595,0.738510,0.751846
mobley_9534740,1,0.151302,0.186267,0.185769,0.149355,0.175309
mobley_9534740,2,-0.759783,-0.760255,-0.757126,-0.774679,-0.759634
mobley_9534740,3,-0.847117,-0.861214,-0.855552,-0.868897,-0.854589
mobley_9534740,4,-0.833966,-0.850296,-0.838805,-0.852991,-0.837728
mobley_9534740,5,-0.710572,-0.725972,-0.720059,-0.729821,-0.719388
mobley_9534740,6,-2.869250,-2.848913,-2.912984,-2.890591,-2.911463
mobley_9534740,7,-2.011785,-2.007806,-2.017880,-2.017710,-2.021687
mobley_9534740,8,-1.990840,-1.981656,-1.962650,-1.993084,-1.979308
mobley_9534740,9,-2.137086,-2.131832,-2.155216,-2.143868,-2.155589
mobley_9534740,10,-2.151797,-2.146848,-2.168036,-2.157037,-2.167603
mobley_9534740,11,-1.881538,-1.882067,-1.883987,-1.883042,-1.884035
mobley_9534740,12,-0.279194,-0.276510,-0.283643,-0.280528,-0.281442
mobley_9534740,13,-0.302366,-0.299756,-0.307228,-0.304061,-0.304698
mobley_9534740,14,-1.064685,-1.056893,-1.090797,-1.083122,-1.083912
mobley_9534740,15,-1.149558,-1.143542,-1.178025,-1.172600,-1.172008
mobley_9534740,16,-1.197563,-1.190727,-1.231881,-1.223817,-1.225872
mobley_9534740,17,-1.049824,-1.043545,-1.080563,-1.073789,-1.075465
mobley_9534740,18,-0.774601,-0.768227,-0.792495,-0.788786,-0.788289
mobley_9534740,19,0.087349,0.099708,0.094426,0.091314,0.092094
mobley_9534740,20,-0.181185,-0.181851,-0.181176,-0.182857,-0.181023
mobley_9534740,21,-0.178490,-0.178088,-0.177877,-0.176650,-0.178078
mobley_9534740,22,-0.163884,-0.166756,-0.162092,-0.168902,-0.161106
mobley_9534740,23,-0.123984,-0.123713,-0.123174,-0.122797,-0.123238
mobley_9557440,0,-0.403472,-0.408067,-0.411683,-0.412176,-0.412273
mobley_9557440,1,-0.562722,-0.565342,-0.559662,-0.562210,-0.560168
mobley_9557440,2,-0.484102,-0.489705,-0.491682,-0.490855,-0.491423
mobley_9557440,3,-1.868981,-1.869228,-1.869109,-1.868510,-1.869078
mobley_9557440,4,-2.684369,-2.687483,-2.685394,-2.683526,-2.684285
mobley_9557440,5,-0.506315,-0.508945,-0.500701,-0.505037,-0.501397
mobley_9557440,6,-1.873070,-1.873073,-1.872180,-1.872058,-1.872396
mobley_9557440,7,-2.668888,-2.671769,-2.670607,-2.668868,-2.669623
mobley_9557440,8,-0.067992,-0.067362,-0.067054,-0.067342,-0.067649
mobley_9557440,9,-0.124502,-0.124844,-0.124413,-0.124102,-0.124270
mobley_9557440,10,-0.196001,-0.196483,-0.196791,-0.196007,-0.196555
mobley_9557440,11,-0.194321,-0.194728,-0.195309,-0.194352,-0.195120
mobley_9565165,0,-0.187088,-0.184703,-0.185019,-0.187069,-0.182974
mobley_9565165,1,-0.198594,-0.196007,-0.193138,-0.196934,-0.191416
mobley_9565165,2,0.002455,0.011573,-0.023402,-0.008123,-0.027190
mobley_9565165,3,-0.446817,-0.442889,-0.426719,-0.439804,-0.428862
mobley_9565165,4,0.163906,0.179509,0.237074,0.198564,0.241912
mobley_9565165,5,-0.134906,-0.120744,-0.140815,-0.132986,-0.142925
mobley_9565165,6,-0.367557,-0.372464,-0.364917,-0.370261,-0.365145
mobley_9565165,7,0.163924,0.179526,0.237094,0.198584,0.241932
mobley_9565165,8,-0.446830,-0.442903,-0.426733,-0.439817,-0.428875
mobley_9565165,9,0.002435,0.011553,-0.023421,-0.008143,-0.027210
mobley_9565165,10,-0.198582,-0.195994,-0.193126,-0.196921,-0.191403
mobley_9565165,11,-0.187095,-0.184709,-0.185025,-0.187076,-0.182979
mobley_9565165,12,-0.134898,-0.120735,-0.140807,-0.132978,-0.142919
mobley_9565165,13,-0.114156,-0.114623,-0.114262,-0.113943,-0.114133
mobley_9565165,14,-0.113731,-0.114178,-0.113790,-0.113510,-0.113688
mobley_9565165,15,-0.119952,-0.120428,-0.120130,-0.119607,-0.119885
mobley_9565165,16,-0.117946,-0.118480,-0.118130,-0.117673,-0.117872
mobley_9565165,17,-0.173509,-0.174270,-0.175444,-0.172914,-0.173743
mobley_9565165,18,-0.173509,-0.174269,-0.175444,-0.172914,-0.173742
mobley_9565165,19,-0.119952,-0.120428,-0.120130,-0.119607,-0.119885
mobley_9565165,20,-0.113731,-0.114178,-0.113790,-0.113510,-0.113688
mobley_9565165,21,-0.114156,-0.114623,-0.114262,-0.113943,-0.114133
mobley_9565165,22,-0.117946,-0.118480,-0.118130,-0.117673,-0.117872
mobley_9571888,0,0.454660,0.454977,0.476323,0.459634,0.474097
mobley_9571888,1,0.386624,0.374038,0.404552,0.378799,0.411310
mobley_9571888,2,0.386629,0.374045,0.404559,0.378804,0.411314
mobley_9571888,3,0.454649,0.454967,0.476312,0.459622,0.474084
mobley_9571888,4,-1.839568,-1.839230,-1.838405,-1.838283,-1.838386
mobley_9571888,5,-0.241537,-0.242252,-0.241566,-0.240279,-0.242237
mobley_9571888,6,-1.830146,-1.830928,-1.829313,-1.829992,-1.829572
mobley_9571888,7,-1.839568,-1.839230,-1.838405,-1.838284,-1.838386
mobley_9571888,8,0.171520,0.162936,0.160468,0.140641,0.164804
mobley_9571888,9,-0.471298,-0.473806,-0.469086,-0.473098,-0.470529
mobley_9571888,10,-0.471298,-0.473806,-0.469086,-0.473099,-0.470529
mobley_9571888,11,0.171524,0.162939,0.160474,0.140647,0.164808
mobley_9571888,12,-0.314974,-0.317101,-0.309235,-0.315884,-0.309368
mobley_9571888,13,-0.025706,-0.025183,-0.024394,-0.023920,-0.025415
mobley_9571888,14,-0.054844,-0.054242,-0.053691,-0.052779,-0.054039
mobley_9571888,15,0.565438,0.579432,0.572295,0.578404,0.560136
mobley_9571888,16,-0.022792,-0.021721,-0.023037,-0.022763,-0.024536
mobley_9571888,17,-0.022791,-0.021720,-0.023036,-0.022762,-0.024535
mobley_9571888,18,0.565438,0.579434,0.572296,0.578405,0.560137
mobley_9571888,19,-0.230494,-0.227620,-0.227641,-0.226337,-0.224608
mobley_9571888,20,-0.205396,-0.203319,-0.203814,-0.202807,-0.201743
mobley_9571888,21,-0.830427,-0.827717,-0.844099,-0.835407,-0.835385
mobley_9571888,22,-0.830429,-0.827721,-0.844101,-0.835409,-0.835386
mobley_9571888,23,-0.230496,-0.227621,-0.227643,-0.226338,-0.224610
mobley_9571888,24,-0.205398,-0.203320,-0.203815,-0.202808,-0.201744
mobley_9617923,0,1.039049,1.051385,1.059520,1.045058,1.054511
mobley_9617923,1,0.829861,0.844752,0.846063,0.852047,0.854240
mobley_9617923,2,0.856313,0.871909,0.862596,0.868754,0.879678
mobley_9617923,3,1.036357,1.056372,1.052684,1.058301,1.073098
mobley_9617923,4,1.064433,1.085925,1.081369,1.089152,1.102792
mobley_9617923,5,0.886814,0.906310,0.902195,0.909401,0.921012
mobley_9617923,6,1.091412,1.108364,1.114014,1.116459,1.129452
mobley_9617923,7,0.447325,0.441229,0.445638,0.438200,0.451888
mobley_9617923,8,-0.042213,-0.035944,-0.047354,-0.036665,-0.039226
mobley_9617923,9,-1.845665,-1.845281,-1.847961,-1.846578,-1.847668
mobley_9617923,10,0.267097,0.262593,0.267912,0.256414,0.262333
mobley_9617923,11,-0.148090,-0.147577,-0.149072,-0.147341,-0.147813
mobley_9617923,12,-0.154178,-0.153678,-0.155252,-0.153465,-0.153937
mobley_9617923,13,-0.148090,-0.147577,-0.149072,-0.147341,-0.147813
mobley_9617923,14,-0.383587,-0.381314,-0.393607,-0.386641,-0.390196
mobley_9617923,15,-0.383587,-0.381314,-0.393607,-0.386642,-0.390196
mobley_9617923,16,-0.481754,-0.479158,-0.492878,-0.485058,-0.488490
mobley_9617923,17,-0.481753,-0.479157,-0.492877,-0.485057,-0.488490
mobley_9617923,18,-0.533169,-0.530240,-0.545850,-0.536762,-0.540958
mobley_9617923,19,-0.533170,-0.530240,-0.545851,-0.536763,-0.540958
mobley_9617923,20,-0.536341,-0.533362,-0.549108,-0.539947,-0.544183
mobley_9617923,21,-0.536341,-0.533362,-0.549108,-0.539947,-0.544183
mobley_9617923,22,-0.515788,-0.512938,-0.528250,-0.519410,-0.523568
mobley_9617923,23,-0.515788,-0.512938,-0.528251,-0.519410,-0.523568
mobley_9617923,24,-0.464086,-0.461397,-0.475721,-0.467195,-0.471527
mobley_9617923,25,-0.464086,-0.461396,-0.475720,-0.467195,-0.471527
mobley_9617923,26,-0.287572,-0.286393,-0.293640,-0.288671,-0.290839
mobley_9617923,27,-0.287572,-0.286393,-0.293640,-0.288671,-0.290839
mobley_9617923,28,-0.115429,-0.115424,-0.115506,-0.114880,-0.115051
mobley_9617923,29,-0.115429,-0.115425,-0.115507,-0.114880,-0.115051
mobley_9617923,30,-0.116985,-0.117023,-0.117076,-0.116441,-0.116607
mobley_9624458,0,0.786417,0.780939,0.804079,0.790095,0.803548
mobley_9624458,1,0.110069,0.110459,0.108224,0.101785,0.104381
mobley_9624458,2,-0.016790,-0.016686,-0.016017,-0.015689,-0.016307
mobley_9624458,3,0.110069,0.110459,0.108225,0.101784,0.104379
mobley_9624458,4,-0.016790,-0.016686,-0.016017,-0.015689,-0.016307
mobley_9624458,5,-0.185739,-0.184515,-0.188647,-0.185545,-0.187076
mobley_9624458,6,-0.185739,-0.184515,-0.188647,-0.185545,-0.187076
mobley_9624458,7,-0.103189,-0.103454,-0.102919,-0.102889,-0.102827
mobley_9624458,8,-0.101406,-0.101651,-0.101076,-0.101042,-0.100976
mobley_9624458,9,-0.101406,-0.101651,-0.101076,-0.101042,-0.100976
mobley_9624458,10,-0.103189,-0.103454,-0.102919,-0.102889,-0.102827
mobley_9626434,0,0.425854,0.420971,0.448801,0.420222,0.439944
mobley_9626434,1,0.324471,0.331074,0.319132,0.313150,0.313216
mobley_9626434,2,-2.077183,-2.068405,-2.088631,-2.078429,-2.087534
mobley_9626434,3,0.057457,0.054689,0.056038,0.050093,0.051179
mobley_9626434,4,0.031720,0.030649,0.056083,0.039965,0.047384
mobley_9626434,5,-1.826498,-1.826738,-1.826960,-1.826507,-1.827292
mobley_9626434,6,-0.144939,-0.144095,-0.145796,-0.144146,-0.144779
mobley_9626434,7,-0.149726,-0.148821,-0.150485,-0.148788,-0.149224
mobley_9626434,8,-0.150179,-0.149385,-0.151201,-0.149495,-0.150045
mobley_9626434,9,-0.237087,-0.234835,-0.240461,-0.237427,-0.238326
mobley_9626434,10,-0.255408,-0.253185,-0.260507,-0.256910,-0.258081
mobley_9626434,11,-0.322528,-0.318907,-0.328735,-0.325057,-0.325831
mobley_9626434,12,-0.302899,-0.299207,-0.308960,-0.304839,-0.306337
mobley_9626434,13,-0.205854,-0.204334,-0.209395,-0.206804,-0.207892
mobley_9626434,14,-0.199182,-0.197907,-0.202469,-0.200324,-0.201048
mobley_9626434,15,-0.126148,-0.125939,-0.125111,-0.124720,-0.125292
mobley_9653690,0,0.160670,0.165580,0.143602,0.143356,0.137540
mobley_9653690,1,-0.286674,-0.286157,-0.272890,-0.282195,-0.270327
mobley_9653690,2,0.159094,0.170860,0.168316,0.160976,0.176416
mobley_9653690,3,0.502052,0.504889,0.509903,0.491691,0.515080
mobley_9653690,4,-0.136809,-0.148845,-0.139535,-0.152595,-0.132792
mobley_9653690,5,0.756644,0.762824,0.772562,0.762105,0.782855
mobley_9653690,6,-0.153505,-0.159732,-0.157815,-0.160872,-0.159783
mobley_9653690,7,-1.884413,-1.882440,-1.890342,-1.886699,-1.890982
mobley_9653690,8,-0.177253,-0.178745,-0.149364,-0.162511,-0.146502
mobley_9653690,9,-0.148265,-0.113835,-0.166424,-0.143706,-0.179382
mobley_9653690,10,0.564221,0.572444,0.558587,0.552566,0.548379
mobley_9653690,11,-0.133229,-0.133094,-0.133457,-0.132336,-0.132533
mobley_9653690,12,-0.135592,-0.135404,-0.135587,-0.134421,-0.134570
mobley_9653690,13,-0.134395,-0.134233,-0.134745,-0.133519,-0.133807
mobley_9653690,14,-0.151793,-0.152515,-0.152847,-0.151538,-0.151521
mobley_9653690,15,-0.323756,-0.322875,-0.326416,-0.321881,-0.321997
mobley_9653690,16,-0.321385,-0.319765,-0.323259,-0.318452,-0.318827
mobley_9653690,17,-0.647641,-0.647162,-0.661314,-0.652415,-0.655804
mobley_9653690,18,-0.586216,-0.583851,-0.598185,-0.590189,-0.592641
mobley_9653690,19,-0.598255,-0.595265,-0.608994,-0.601004,-0.603142
mobley_9653690,20,-0.514388,-0.512654,-0.524761,-0.519297,-0.520709
mobley_9653690,21,-0.138518,-0.137981,-0.138547,-0.137467,-0.138794
mobley_9653690,22,-0.114419,-0.114408,-0.114004,-0.113981,-0.114117
mobley_9653690,23,-0.108603,-0.108844,-0.108130,-0.108259,-0.108225
mobley_9653690,24,-0.136605,-0.136320,-0.136552,-0.135288,-0.135387
mobley_9653690,25,-0.133196,-0.132999,-0.133411,-0.132263,-0.132457
mobley_9653690,26,-0.133208,-0.133045,-0.133328,-0.132223,-0.132317
mobley_967099,0,1.061161,1.084799,1.108876,1.086070,1.097325
mobley_967099,1,0.991077,0.982256,1.038046,1.027933,1.044579
mobley_967099,2,1.061160,1.084800,1.108875,1.086070,1.097324
mobley_967099,3,-1.714387,-1.743048,-1.807815,-1.817835,-1.784676
mobley_967099,4,-1.758943,-1.759206,-1.757332,-1.758101,-1.757924
mobley_967099,5,-1.763477,-1.763648,-1.762026,-1.762810,-1.762703
mobley_967099,6,-0.148647,-0.148156,-0.149131,-0.147751,-0.147852
mobley_967099,7,-0.141460,-0.141088,-0.141843,-0.140614,-0.140692
mobley_967099,8,-0.145611,-0.145179,-0.146003,-0.144716,-0.144774
mobley_967099,9,-0.460158,-0.456476,-0.478304,-0.468939,-0.474349
mobley_967099,10,-0.148646,-0.148156,-0.149131,-0.147751,-0.147852
mobley_967099,11,-0.145611,-0.145179,-0.146003,-0.144716,-0.144774
mobley_967099,12,-0.141460,-0.141088,-0.141842,-0.140614,-0.140692
mobley_9671033,0,0.476153,0.482181,0.481055,0.469368,0.479188
mobley_9671033,1,0.886758,0.907700,0.918315,0.918808,0.912919
mobley_9671033,2,0.788597,0.782372,0.805774,0.789904,0.801662
mobley_9671033,3,-1.418316,-1.448314,-1.477824,-1.494281,-1.471099
mobley_9671033,4,-1.763071,-1.763248,-1.761539,-1.762307,-1.762141
mobley_9671033,5,-1.763071,-1.763248,-1.761539,-1.762307,-1.762141
mobley_9671033,6,-0.142185,-0.141788,-0.142998,-0.141486,-0.141896
mobley_9671033,7,-0.139891,-0.139495,-0.140702,-0.139214,-0.139641
mobley_9671033,8,-0.139891,-0.139495,-0.140702,-0.139214,-0.139641
mobley_9671033,9,-0.276824,-0.275017,-0.282997,-0.278113,-0.280362
mobley_9671033,10,-0.276824,-0.275017,-0.282997,-0.278113,-0.280362
mobley_9671033,11,-0.222393,-0.220739,-0.227156,-0.223378,-0.224729
mobley_9671033,12,-0.222393,-0.220739,-0.227156,-0.223378,-0.224729
mobley_9705941,0,0.082653,0.076216,0.077508,0.065514,0.071690
mobley_9705941,1,-0.269114,-0.268199,-0.262442,-0.263421,-0.263654
mobley_9705941,2,-0.166959,-0.165657,-0.165040,-0.170401,-0.168316
mobley_9705941,3,-0.054183,-0.051872,-0.046176,-0.055080,-0.050622
mobley_9705941,4,-0.553964,-0.554372,-0.554861,-0.556168,-0.556901
mobley_9705941,5,-0.330228,-0.329800,-0.328451,-0.328656,-0.329019
mobley_9705941,6,-0.108794,-0.109034,-0.108465,-0.108477,-0.108432
mobley_9705941,7,-0.108794,-0.109034,-0.108465,-0.108477,-0.108432
mobley_9705941,8,-0.106733,-0.106948,-0.106332,-0.106338,-0.106285
mobley_9705941,9,-0.112209,-0.112468,-0.111848,-0.111957,-0.111967
mobley_9705941,10,-0.113140,-0.113410,-0.112709,-0.112894,-0.112856
mobley_9705941,11,-0.126941,-0.127081,-0.126686,-0.126802,-0.127050
mobley_9717937,0,-0.136769,-0.132687,-0.130868,-0.134295,-0.129820
mobley_9717937,1,-0.129105,-0.125313,-0.126120,-0.127506,-0.125963
mobley_9717937,2,-0.017630,-0.010887,-0.021234,-0.021104,-0.021506
mobley_9717937,3,-0.412657,-0.417436,-0.407610,-0.412589,-0.406786
mobley_9717937,4,-0.054339,-0.048465,-0.059212,-0.058508,-0.059593
mobley_9717937,5,-0.131740,-0.128107,-0.128652,-0.130228,-0.128425
mobley_9717937,6,-0.398425,-0.404660,-0.393658,-0.399369,-0.392598
mobley_9717937,7,0.074408,0.082843,0.074504,0.072739,0.072962
mobley_9717937,8,-0.094955,-0.089965,-0.090000,-0.091875,-0.090332
mobley_9717937,9,-0.096535,-0.091398,-0.090130,-0.093678,-0.089691
mobley_9717937,10,-0.092284,-0.090996,-0.090471,-0.094112,-0.091065
mobley_9717937,11,-0.338049,-0.337827,-0.341458,-0.340572,-0.341116
mobley_9717937,12,-0.066289,-0.065695,-0.065782,-0.065748,-0.066316
mobley_9717937,13,-0.111450,-0.111872,-0.111395,-0.111208,-0.111332
mobley_9717937,14,-0.112559,-0.113021,-0.112589,-0.112334,-0.112479
mobley_9717937,15,-0.117677,-0.118094,-0.117745,-0.117339,-0.117545
mobley_9717937,16,-0.117020,-0.117423,-0.117038,-0.116671,-0.116852
mobley_9717937,17,-0.112426,-0.112881,-0.112438,-0.112197,-0.112338
mobley_9717937,18,-0.117877,-0.118274,-0.117934,-0.117518,-0.117738
mobley_9717937,19,-0.111960,-0.112408,-0.111938,-0.111734,-0.111860
mobley_9717937,20,-0.111718,-0.112152,-0.111692,-0.111474,-0.111613
mobley_9717937,21,-0.113070,-0.113433,-0.112900,-0.112811,-0.112893
mobley_9729792,0,0.097701,0.090962,0.093503,0.085518,0.092224
mobley_9729792,1,-0.035458,-0.028197,-0.031254,-0.031987,-0.031142
mobley_9729792,2,-0.170738,-0.165701,-0.172269,-0.173009,-0.173279
mobley_9729792,3,-0.123978,-0.120638,-0.124076,-0.126605,-0.126167
mobley_9729792,4,-0.123979,-0.120638,-0.124077,-0.126606,-0.126167
mobley_9729792,5,-0.170739,-0.165703,-0.172271,-0.173010,-0.173280
mobley_9729792,6,-0.035458,-0.028197,-0.031253,-0.031987,-0.031142
mobley_9729792,7,-0.136694,-0.136864,-0.137540,-0.135940,-0.136505
mobley_9729792,8,-0.131789,-0.131763,-0.132407,-0.130742,-0.131405
mobley_9729792,9,-0.105485,-0.105835,-0.105355,-0.105171,-0.105278
mobley_9729792,10,-0.106717,-0.106988,-0.106362,-0.106382,-0.106421
mobley_9729792,11,-0.106982,-0.107257,-0.106619,-0.106643,-0.106677
mobley_9729792,12,-0.106982,-0.107257,-0.106619,-0.106643,-0.106677
mobley_9729792,13,-0.106717,-0.106988,-0.106362,-0.106382,-0.106421
mobley_9729792,14,-0.105485,-0.105835,-0.105355,-0.105171,-0.105278
mobley_9733743,0,0.786474,0.793885,0.799148,0.783191,0.794921
mobley_9733743,1,0.538688,0.547512,0.548956,0.547498,0.550952
mobley_9733743,2,0.331403,0.332981,0.342538,0.340091,0.346823
mobley_9733743,3,0.277143,0.274071,0.281852,0.275022,0.282286
mobley_9733743,4,-2.544025,-2.544895,-2.550946,-2.548331,-2.551441
mobley_9733743,5,-0.146793,-0.146279,-0.147778,-0.146051,-0.146553
mobley_9733743,6,-0.152631,-0.152124,-0.153714,-0.151926,-0.152425
mobley_9733743,7,-0.146621,-0.146103,-0.147616,-0.145886,-0.146395
mobley_9733743,8,-0.326344,-0.324345,-0.333257,-0.327765,-0.330076
mobley_9733743,9,-0.325542,-0.323643,-0.331980,-0.326793,-0.328806
mobley_9733743,10,-0.398622,-0.396134,-0.408156,-0.401398,-0.404321
mobley_9733743,11,-0.412843,-0.410404,-0.422354,-0.415636,-0.418370
mobley_9733743,12,-0.242599,-0.240771,-0.247051,-0.242535,-0.244557
mobley_9733743,13,-0.234283,-0.232527,-0.238267,-0.234097,-0.235907
mobley_9733743,14,-0.118004,-0.118019,-0.117810,-0.117663,-0.118068
mobley_9733743,15,-0.114415,-0.114253,-0.114319,-0.113946,-0.114576
mobley_9740891,0,-0.045574,-0.040945,-0.040500,-0.043349,-0.041155
mobley_9740891,1,-0.075341,-0.074506,-0.073307,-0.077789,-0.074153
mobley_9740891,2,-0.325232,-0.326533,-0.324228,-0.325379,-0.324867
mobley_9740891,3,-0.148448,-0.149589,-0.146812,-0.154614,-0.147980
mobley_9740891,4,-0.325232,-0.326532,-0.324228,-0.325378,-0.324867
mobley_9740891,5,-0.075342,-0.074508,-0.073308,-0.077791,-0.074156
mobley_9740891,6,-0.057779,-0.057226,-0.056693,-0.057013,-0.057094
mobley_9740891,7,-0.702129,-0.700846,-0.700438,-0.703417,-0.702314
mobley_9740891,8,-2.479823,-2.479006,-2.478743,-2.478741,-2.478780
mobley_9740891,9,-0.057779,-0.057226,-0.056693,-0.057013,-0.057093
mobley_9740891,10,-0.111747,-0.112204,-0.111761,-0.111519,-0.111669
mobley_9740891,11,-0.112094,-0.112446,-0.111872,-0.111846,-0.111902
mobley_9740891,12,-0.112094,-0.112446,-0.111872,-0.111846,-0.111902
mobley_9741965,0,0.670139,0.681378,0.695722,0.682006,0.688904
mobley_9741965,1,-0.019809,-0.021179,-0.008498,-0.012996,-0.008997
mobley_9741965,2,0.335711,0.359381,0.367458,0.365063,0.362159
mobley_9741965,3,0.024276,0.031674,0.053990,0.039407,0.044374
mobley_9741965,4,-1.830548,-1.830618,-1.830580,-1.829528,-1.830595
mobley_9741965,5,2.693353,2.659316,2.690079,2.652617,2.674123
mobley_9741965,6,-1.765914,-1.766633,-1.764119,-1.765024,-1.764691
mobley_9741965,7,-1.778214,-1.778829,-1.777364,-1.777901,-1.777876
mobley_9741965,8,-1.964729,-1.961896,-1.975276,-1.969725,-1.975091
mobley_9741965,9,3.969101,3.922360,3.936996,3.914344,3.915803
mobley_9741965,10,-1.769559,-1.770429,-1.767881,-1.768820,-1.768430
mobley_9741965,11,-1.782871,-1.783545,-1.781983,-1.782616,-1.782507
mobley_9741965,12,-0.186341,-0.185183,-0.187704,-0.185509,-0.185842
mobley_9741965,13,-0.184079,-0.183085,-0.185624,-0.183439,-0.183778
mobley_9741965,14,-0.182999,-0.182009,-0.184129,-0.182211,-0.182269
mobley_9741965,15,-0.633169,-0.627966,-0.652338,-0.644533,-0.647932
mobley_9741965,16,-0.509092,-0.505449,-0.522081,-0.514067,-0.517058
mobley_9741965,17,-0.494272,-0.490769,-0.506472,-0.499175,-0.501621
mobley_9741965,18,-0.318292,-0.315375,-0.325376,-0.320531,-0.322173
mobley_9741965,19,-0.298351,-0.295402,-0.304354,-0.300121,-0.301428
mobley_9794857,0,0.527682,0.549973,0.539911,0.544607,0.528751
mobley_9794857,1,-0.177098,-0.178666,-0.166349,-0.168444,-0.163206
mobley_9794857,2,0.142770,0.150132,0.149209,0.147700,0.143951
mobley_9794857,3,0.142773,0.150132,0.149210,0.147701,0.143952
mobley_9794857,4,-2.335250,-2.323998,-2.358814,-2.343892,-2.356027
mobley_9794857,5,0.873436,0.859168,0.849495,0.835883,0.836097
mobley_9794857,6,-0.239390,-0.237813,-0.241447,-0.238761,-0.238758
mobley_9794857,7,-0.222524,-0.221441,-0.224120,-0.222136,-0.221695
mobley_9794857,8,-0.239390,-0.237812,-0.241447,-0.238761,-0.238758
mobley_9794857,9,-0.256678,-0.254849,-0.258246,-0.255897,-0.255304
mobley_9794857,10,-0.240713,-0.238916,-0.242602,-0.240051,-0.240015
mobley_9794857,11,-0.259117,-0.257272,-0.261416,-0.258759,-0.258513
mobley_9794857,12,-0.259118,-0.257272,-0.261416,-0.258760,-0.258514
mobley_9794857,13,-0.240714,-0.238916,-0.242603,-0.240051,-0.240015
mobley_9794857,14,-0.256679,-0.254850,-0.258247,-0.255897,-0.255305
mobley_9794857,15,-0.135083,-0.134239,-0.134632,-0.133763,-0.133746
mobley_9794857,16,-0.127276,-0.126665,-0.126746,-0.126229,-0.126266
mobley_9794857,17,-0.127276,-0.126665,-0.126746,-0.126229,-0.126266
mobley_9821936,0,0.683393,0.683774,0.701815,0.677148,0.687890
mobley_9821936,1,0.683413,0.683792,0.701837,0.677171,0.687906
mobley_9821936,2,-0.350370,-0.344789,-0.349418,-0.351074,-0.351080
mobley_9821936,3,-0.466699,-0.471343,-0.468208,-0.470378,-0.468011
mobley_9821936,4,-0.466701,-0.471344,-0.468209,-0.470378,-0.468013
mobley_9821936,5,-0.350375,-0.344793,-0.349423,-0.351079,-0.351084
mobley_9821936,6,-0.073495,-0.073259,-0.073162,-0.073196,-0.073423
mobley_9821936,7,-0.071335,-0.071080,-0.070978,-0.071096,-0.071269
mobley_9821936,8,-0.071334,-0.071080,-0.070977,-0.071095,-0.071268
mobley_9821936,9,-0.073494,-0.073258,-0.073161,-0.073196,-0.073423
mobley_9821936,10,-2.119646,-2.119806,-2.128734,-2.119952,-2.126052
mobley_9821936,11,0.683416,0.683795,0.701836,0.677170,0.687911
mobley_9821936,12,0.683393,0.683772,0.701816,0.677150,0.687889
mobley_9821936,13,-0.350381,-0.344800,-0.349428,-0.351085,-0.351090
mobley_9821936,14,-0.466696,-0.471339,-0.468203,-0.470374,-0.468008
mobley_9821936,15,-0.466697,-0.471340,-0.468205,-0.470375,-0.468009
mobley_9821936,16,-0.350375,-0.344794,-0.349421,-0.351079,-0.351084
mobley_9821936,17,-0.073495,-0.073259,-0.073162,-0.073197,-0.073424
mobley_9821936,18,-0.071334,-0.071079,-0.070977,-0.071095,-0.071268
mobley_9821936,19,-0.071334,-0.071080,-0.070977,-0.071095,-0.071268
mobley_9821936,20,-0.073495,-0.073259,-0.073162,-0.073197,-0.073424
mobley_9821936,21,-2.119645,-2.119804,-2.128732,-2.119951,-2.126051
mobley_9838013,0,1.290301,1.296247,1.314677,1.295652,1.302586
mobley_9838013,1,0.067151,0.072422,0.062418,0.066671,0.066461
mobley_9838013,2,-0.101524,-0.107378,-0.078368,-0.093936,-0.071135
mobley_9838013,3,0.131879,0.142404,0.127207,0.126078,0.123990
mobley_9838013,4,0.131877,0.142401,0.127208,0.126077,0.123987
mobley_9838013,5,-2.088257,-2.081684,-2.107849,-2.098770,-2.107874
mobley_9838013,6,-0.147497,-0.146765,-0.147317,-0.146036,-0.146017
mobley_9838013,7,-0.163131,-0.161851,-0.162704,-0.160932,-0.160914
mobley_9838013,8,-0.147497,-0.146765,-0.147317,-0.146036,-0.146017
mobley_9838013,9,-0.436972,-0.434379,-0.445467,-0.440209,-0.441449
mobley_9838013,10,-0.436972,-0.434379,-0.445467,-0.440209,-0.441450
mobley_9838013,11,-0.252939,-0.250659,-0.254542,-0.251734,-0.251554
mobley_9838013,12,-0.248390,-0.246803,-0.250454,-0.248119,-0.247713
mobley_9838013,13,-0.253499,-0.251696,-0.255494,-0.252990,-0.252601
mobley_9838013,14,-0.252940,-0.250659,-0.254543,-0.251735,-0.251554
mobley_9838013,15,-0.253499,-0.251697,-0.255495,-0.252990,-0.252601
mobley_9838013,16,-0.248390,-0.246803,-0.250455,-0.248119,-0.247713
mobley_9838013,17,-0.121431,-0.121555,-0.121322,-0.120681,-0.121341
mobley_9883303,0,1.135867,1.145538,1.155436,1.138366,1.149248
mobley_9883303,1,1.764578,1.777452,1.797905,1.791069,1.792059
mobley_9883303,2,0.332276,0.338173,0.323117,0.330044,0.329183
mobley_9883303,3,0.306148,0.298946,0.346858,0.322134,0.354635
mobley_9883303,4,1.416669,1.454355,1.423501,1.415811,1.420256
mobley_9883303,5,0.534862,0.553107,0.537744,0.541062,0.550524
mobley_9883303,6,1.504739,1.515251,1.529516,1.511330,1.516388
mobley_9883303,7,-0.155179,-0.154576,-0.156214,-0.154294,-0.154796
mobley_9883303,8,-0.154825,-0.154222,-0.155873,-0.153957,-0.154469
mobley_9883303,9,-0.163354,-0.162773,-0.164551,-0.162554,-0.163041
mobley_9883303,10,-0.365535,-0.362781,-0.369613,-0.364507,-0.365304
mobley_9883303,11,-0.366053,-0.363323,-0.369927,-0.365003,-0.365607
mobley_9883303,12,-0.539455,-0.536137,-0.545145,-0.539508,-0.539370
mobley_9883303,13,-0.502475,-0.499962,-0.508317,-0.503280,-0.503063
mobley_9883303,14,-0.984113,-0.981376,-1.011733,-0.999694,-1.004921
mobley_9883303,15,-0.213918,-0.212779,-0.215201,-0.212826,-0.212854
mobley_9883303,16,-0.221867,-0.220346,-0.222668,-0.220122,-0.219993
mobley_9883303,17,-0.214951,-0.214052,-0.215827,-0.213782,-0.213357
mobley_9883303,18,-0.435680,-0.433347,-0.443044,-0.437580,-0.438798
mobley_9883303,19,-0.462742,-0.459262,-0.469814,-0.463633,-0.465041
mobley_9883303,20,-0.176967,-0.175738,-0.177231,-0.175030,-0.175241
mobley_9883303,21,-0.163894,-0.163048,-0.164176,-0.162400,-0.162462
mobley_9883303,22,-0.161366,-0.160494,-0.161875,-0.160010,-0.160318
mobley_9897248,0,0.349430,0.349838,0.343729,0.336112,0.337343
mobley_9897248,1,-0.153687,-0.152407,-0.130052,-0.140404,-0.126128
mobley_9897248,2,-0.179530,-0.165304,-0.194789,-0.178789,-0.192239
mobley_9897248,3,0.854593,0.846243,0.864033,0.851911,0.862483
mobley_9897248,4,0.210870,0.203757,0.207472,0.201970,0.210173
mobley_9897248,5,-0.294195,-0.294747,-0.279028,-0.286843,-0.275837
mobley_9897248,6,-0.214038,-0.200284,-0.219627,-0.208682,-0.216824
mobley_9897248,7,0.070352,0.061833,0.066877,0.062493,0.063210
mobley_9897248,8,-1.809563,-1.809951,-1.807741,-1.808643,-1.808207
mobley_9897248,9,0.463449,0.469764,0.453229,0.448107,0.443101
mobley_9897248,10,0.371652,0.372592,0.359342,0.352138,0.348634
mobley_9897248,11,-0.126571,-0.126552,-0.126989,-0.125917,-0.126180
mobley_9897248,12,-0.127148,-0.127130,-0.127564,-0.126485,-0.126744
mobley_9897248,13,-0.128637,-0.128565,-0.128874,-0.127805,-0.128011
mobley_9897248,14,-0.135468,-0.136214,-0.137151,-0.135778,-0.136069
mobley_9897248,15,-0.299585,-0.298064,-0.301849,-0.296944,-0.297544
mobley_9897248,16,-0.256784,-0.255209,-0.257899,-0.253603,-0.254349
mobley_9897248,17,-0.290618,-0.289226,-0.292012,-0.287819,-0.288167
mobley_9897248,18,-0.308736,-0.307372,-0.310751,-0.306256,-0.306557
mobley_9897248,19,-0.147065,-0.147690,-0.149414,-0.147719,-0.148061
mobley_9897248,20,-0.151185,-0.150511,-0.151988,-0.150434,-0.150988
mobley_9897248,21,-0.161867,-0.161160,-0.163048,-0.161231,-0.161706
mobley_9897248,22,-0.128761,-0.128743,-0.128356,-0.127968,-0.128548
mobley_9897248,23,-0.137109,-0.136936,-0.137311,-0.136025,-0.136144
mobley_9897248,24,-0.136534,-0.136350,-0.136813,-0.135554,-0.135737
mobley_9897248,25,-0.139431,-0.139107,-0.139349,-0.138002,-0.138088
mobley_9897248,26,-0.130558,-0.130417,-0.130502,-0.129455,-0.129504
mobley_9897248,27,-0.128768,-0.128512,-0.128625,-0.127650,-0.127823
mobley_9897248,28,-0.128610,-0.128389,-0.128460,-0.127393,-0.127484
mobley_9913368,0,-0.463672,-0.465250,-0.461598,-0.466248,-0.463960
mobley_9913368,1,-0.463672,-0.465250,-0.461598,-0.466247,-0.463960
mobley_9913368,2,-0.072179,-0.072032,-0.071702,-0.071663,-0.071859
mobley_9913368,3,-0.072179,-0.072032,-0.071702,-0.071663,-0.071859
mobley_9913368,4,-0.126648,-0.126781,-0.126191,-0.126342,-0.126477
mobley_9913368,5,-0.126649,-0.126781,-0.126191,-0.126342,-0.126477
mobley_9942801,0,0.625515,0.629602,0.632897,0.617112,0.625457
mobley_9942801,1,0.281680,0.274737,0.288598,0.284965,0.291780
mobley_9942801,2,-0.312127,-0.315742,-0.299791,-0.308384,-0.296988
mobley_9942801,3,-0.251306,-0.247238,-0.267196,-0.261403,-0.265050
mobley_9942801,4,-0.281921,-0.277746,-0.290506,-0.287126,-0.288712
mobley_9942801,5,-0.224928,-0.225343,-0.205879,-0.215350,-0.201519
mobley_9942801,6,-0.281924,-0.277750,-0.290510,-0.287129,-0.288716
mobley_9942801,7,-0.251304,-0.247238,-0.267194,-0.261404,-0.265049
mobley_9942801,8,0.300569,0.298128,0.293469,0.286277,0.286937
mobley_9942801,9,-0.127951,-0.127719,-0.127968,-0.126950,-0.127070
mobley_9942801,10,-0.127951,-0.127719,-0.127968,-0.126950,-0.127070
mobley_9942801,11,-0.125901,-0.125577,-0.125748,-0.124696,-0.124801
mobley_9942801,12,-0.243238,-0.242725,-0.248141,-0.243558,-0.245674
mobley_9942801,13,-0.243238,-0.242725,-0.248141,-0.243558,-0.245674
mobley_9942801,14,-0.126299,-0.127045,-0.127076,-0.126068,-0.126379
mobley_9942801,15,-0.122599,-0.123355,-0.123370,-0.122485,-0.122811
mobley_9942801,16,-0.122599,-0.123355,-0.123370,-0.122485,-0.122811
mobley_9942801,17,-0.126299,-0.127044,-0.127076,-0.126068,-0.126379
mobley_9942801,18,-0.118765,-0.118830,-0.118851,-0.118020,-0.118243
mobley_9942801,19,-0.118766,-0.118830,-0.118851,-0.118021,-0.118243
mobley_9942801,20,-0.120856,-0.120889,-0.121111,-0.120214,-0.120491
mobley_994483,0,0.452229,0.444796,0.456569,0.440844,0.450772
mobley_994483,1,-0.193123,-0.194582,-0.186603,-0.193564,-0.190071
mobley_994483,2,-0.935726,-0.935426,-0.934556,-0.934425,-0.934835
mobley_994483,3,-0.106797,-0.106898,-0.106610,-0.106302,-0.106388
mobley_994483,4,-0.108526,-0.108645,-0.108392,-0.108084,-0.108171
mobley_994483,5,-0.108526,-0.108645,-0.108392,-0.108084,-0.108171
mobley_994483,6,-0.105155,-0.105482,-0.104765,-0.104909,-0.104905
mobley_994483,7,-0.105155,-0.105482,-0.104765,-0.104909,-0.104905
mobley_9974966,0,0.573919,0.570776,0.573900,0.559170,0.566499
mobley_9974966,1,0.225949,0.225395,0.242334,0.240200,0.240264
mobley_9974966,2,0.509128,0.506663,0.510246,0.496522,0.505485
mobley_9974966,3,-0.248221,-0.248939,-0.247118,-0.246984,-0.247714
mobley_9974966,4,0.225950,0.225394,0.242334,0.240200,0.240262
mobley_9974966,5,0.509127,0.506666,0.510245,0.496523,0.505485
mobley_9974966,6,0.573917,0.570776,0.573898,0.559168,0.566500
mobley_9974966,7,-0.134061,-0.133566,-0.133976,-0.132794,-0.132905
mobley_9974966,8,-0.134444,-0.133967,-0.134305,-0.133221,-0.133288
mobley_9974966,9,-0.132634,-0.132065,-0.132369,-0.131177,-0.131255
mobley_9974966,10,-0.123596,-0.123102,-0.123604,-0.122822,-0.122689
mobley_9974966,11,-0.128256,-0.127926,-0.128347,-0.127255,-0.127471
mobley_9974966,12,-0.130217,-0.129831,-0.130259,-0.129150,-0.129355
mobley_9974966,13,-0.127250,-0.126878,-0.127206,-0.126115,-0.126296
mobley_9974966,14,-0.123596,-0.123102,-0.123604,-0.122822,-0.122689
mobley_9974966,15,-0.130217,-0.129831,-0.130259,-0.129150,-0.129355
mobley_9974966,16,-0.127250,-0.126878,-0.127206,-0.126115,-0.126296
mobley_9974966,17,-0.128256,-0.127926,-0.128347,-0.127255,-0.127472
mobley_9974966,18,-0.132634,-0.132065,-0.132369,-0.131176,-0.131255
mobley_9974966,19,-0.134061,-0.133566,-0.133976,-0.132794,-0.132905
mobley_9974966,20,-0.134444,-0.133967,-0.134305,-0.133221,-0.133288
mobley_9979854,0,0.450785,0.452086,0.460978,0.441911,0.455022
mobley_9979854,1,0.348589,0.342703,0.375646,0.367016,0.377510
mobley_9979854,2,-0.423955,-0.422242,-0.426364,-0.425431,-0.425217
mobley_9979854,3,0.453211,0.452814,0.453175,0.452940,0.453219
mobley_9979854,4,0.456170,0.455764,0.456155,0.455915,0.456218
mobley_9979854,5,0.458150,0.457683,0.458176,0.457852,0.458232
mobley_9979854,6,-1.842139,-1.841232,-1.844396,-1.842938,-1.845231
mobley_9979854,7,-0.161686,-0.161071,-0.163194,-0.161438,-0.161932
mobley_9979854,8,-0.163462,-0.162622,-0.164814,-0.162918,-0.163498
mobley_9979854,9,-0.159647,-0.158947,-0.161163,-0.159292,-0.159930
mobley_9979854,10,-0.327096,-0.325878,-0.337440,-0.333523,-0.336654
mobley_9979854,11,-0.122317,-0.122401,-0.121784,-0.121413,-0.121920
