{
  "element_to_idx": {
    "1": 0,
    "6": 1,
    "7": 2,
    "8": 3,
    "9": 4,
    "15": 5,
    "16": 6,
    "17": 7,
    "3": 8,
    "5": 9,
    "11": 10,
    "12": 11,
    "14": 12,
    "19": 13,
    "20": 14,
    "35": 15,
    "53": 16
  },
  "reference_energies": {
    "1": -16.401147842407227,
    "6": -1036.16943359375,
    "7": -1488.8309326171875,
    "8": -2045.8328857421875,
    "9": -2715.7978515625,
    "15": 0.0,
    "16": -10831.798828125,
    "17": -12519.265625,
    "3": 0.0,
    "5": 0.0,
    "11": 0.0,
    "12": 0.0,
    "14": 0.0,
    "19": 0.0,
    "20": 0.0,
    "35": 0.0,
    "53": 0.0
  }
}